seed,strength,clip_norm,partition,environment,requested_epsilon,achieved_epsilon,reference_auc,auc,gap,gap_se,auc_se,clusters,gap_upper,auc_lower,bounds_supported,alpha,family,method,clipping_gap,noise_gap,pr_auc,total_interaction,clipping_interaction,noise_interaction
100,0.9,1.0,validation,source,2.0,1.9909995955023065,0.9620748976644263,0.9619512674410494,0.00012363022337691376,0.0001534242344560776,0.002825467625899821,4000,0.0005545364185586408,0.9540156795034463,True,0.05,20,paired cluster influence sandwich; asymptotic Bonferroni bounds,,,,,,
100,0.9,1.0,validation,proxy_0.5,2.0,1.9909995955023065,0.8443865503317516,0.8403146282930454,0.0040719220387062105,0.0005219696164384891,0.0060585143445354254,4000,0.005537922128049103,0.8232987287259854,True,0.05,20,paired cluster influence sandwich; asymptotic Bonferroni bounds,,,,,,
100,0.9,1.0,validation,generic_0.5,2.0,1.9909995955023065,0.9584027425158712,0.9588120098074143,-0.0004092672915431139,0.0001971430494356933,0.0030335235429746464,4000,0.00014442725117384716,0.9502920775259753,True,0.05,20,paired cluster influence sandwich; asymptotic Bonferroni bounds,,,,,,
100,0.9,1.0,validation,proxy_0.75,2.0,1.9909995955023065,0.9120239080101133,0.9105803470196615,0.001443560990451842,0.00030203194253644686,0.004445745082685292,4000,0.0022918457196742324,0.8980940595363356,True,0.05,20,paired cluster influence sandwich; asymptotic Bonferroni bounds,,,,,,
100,0.9,1.0,validation,generic_0.75,2.0,1.9909995955023065,0.9611286076836746,0.9612696136411764,-0.00014100595750177192,0.0001558021176273917,0.002882585711201099,4000,0.00029657874315577,0.953173604262329,True,0.05,20,paired cluster influence sandwich; asymptotic Bonferroni bounds,,,,,,
100,0.9,5.0,validation,source,2.0,1.9909995955023065,0.9620748976644263,0.96087109680384,0.001203800860586357,0.00042848478321107344,0.0029167646788317075,4000,0.0024072401234989495,0.9526790926237204,True,0.05,20,paired cluster influence sandwich; asymptotic Bonferroni bounds,,,,,,
100,0.9,5.0,validation,proxy_0.5,2.0,1.9909995955023065,0.8443865503317516,0.8379035264239915,0.0064830239077601215,0.0008484296564063863,0.006131136813619602,4000,0.008865917304083884,0.8206836599155373,True,0.05,20,paired cluster influence sandwich; asymptotic Bonferroni bounds,,,,,,
100,0.9,5.0,validation,generic_0.5,2.0,1.9909995955023065,0.9584027425158712,0.958357990625104,4.475189076724728e-05,0.0005283707270503471,0.003054063189089034,4000,0.001528730093075617,0.9497803708421506,True,0.05,20,paired cluster influence sandwich; asymptotic Bonferroni bounds,,,,,,
100,0.9,5.0,validation,proxy_0.75,2.0,1.9909995955023065,0.9120239080101133,0.9085988883030308,0.0034250197070825328,0.0006212164235455886,0.004548564637634045,4000,0.005169763661018071,0.8958238225613657,True,0.05,20,paired cluster influence sandwich; asymptotic Bonferroni bounds,,,,,,
100,0.9,5.0,validation,generic_0.75,2.0,1.9909995955023065,0.9611286076836746,0.9604319532500247,0.000696654433649857,0.00047305643102786424,0.0029401003408128052,4000,0.002025277304235666,0.952174408698451,True,0.05,20,paired cluster influence sandwich; asymptotic Bonferroni bounds,,,,,,
100,0.9,1.0,test,source,2.0,,0.9599746210345367,0.9598847319893734,8.988904516327167e-05,0.0001836826131408706,0.002852611442000618,4000,0.000605778703861414,0.9518729081261998,True,0.05,20,paired cluster influence sandwich; asymptotic Bonferroni bounds,8.638849820274963e-05,3.500546960522044e-06,0.9591939451852461,0.0,0.0,0.0
100,0.9,1.0,test,proxy_0,2.0,,0.6788743241131427,0.6687276136896391,0.01014671042350368,0.0009640934514951691,0.008505041173975351,4000,0.012854456318121996,0.644840416565049,True,0.05,20,paired cluster influence sandwich; asymptotic Bonferroni bounds,0.01017759024847642,-3.0879824972740444e-05,0.6936609696459628,0.010056821378340408,0.01009120175027367,-3.438037193326249e-05
100,0.9,1.0,test,proxy_0.25,2.0,,0.7716868260665729,0.7652869510861071,0.006399874980465792,0.0007161218529784365,0.007323180932755578,4000,0.008411169637059089,0.744719118086657,True,0.05,20,paired cluster influence sandwich; asymptotic Bonferroni bounds,0.006453133302078418,-5.325832161262589e-05,0.7752669629773232,0.00630998593530252,0.006366744803875668,-5.6758868573147936e-05
100,0.9,5.0,test,source,2.0,,0.9599746210345367,0.9593482731676826,0.0006263478668541156,0.0005528630261345024,0.0028871639562301024,4000,0.002179114963218383,0.951239405362961,True,0.05,20,paired cluster influence sandwich; asymptotic Bonferroni bounds,0.0,0.0006263478668541156,0.9591593289149316,0.0,0.0,0.0
100,0.9,5.0,test,proxy_0,2.0,,0.6788743241131427,0.6668822003438037,0.011992123769339003,0.0011457520069519138,0.008523902101129256,4000,0.015210074568883757,0.6429420305556296,True,0.05,20,paired cluster influence sandwich; asymptotic Bonferroni bounds,2.220446049250313e-16,0.01199212376933878,0.692474010331417,0.011365775902484887,2.220446049250313e-16,0.011365775902484665
100,0.9,5.0,test,proxy_0.25,2.0,,0.7716868260665729,0.7633277699640568,0.008359056102516083,0.000969668640396002,0.0073583926382153,4000,0.01108246043235615,0.7426610416233375,True,0.05,20,paired cluster influence sandwich; asymptotic Bonferroni bounds,-1.1102230246251565e-16,0.008359056102516194,0.7743598265087872,0.007732708235661967,-1.1102230246251565e-16,0.007732708235662078
101,0.9,1.0,validation,source,2.0,1.9909995955023065,0.9602460458788367,0.9603933772425823,-0.00014733136374567302,0.0002330535714535101,0.0028717267250294915,4000,0.0005072212113710977,0.952327866333754,True,0.05,20,paired cluster influence sandwich; asymptotic Bonferroni bounds,,,,,,
101,0.9,1.0,validation,proxy_0.5,2.0,1.9909995955023065,0.8400326580354002,0.8393165125440525,0.0007161454913476861,0.00039164664247139704,0.006068459499299721,4000,0.0018161214186276846,0.8222726810872545,True,0.05,20,paired cluster influence sandwich; asymptotic Bonferroni bounds,,,,,,
101,0.9,1.0,validation,generic_0.5,2.0,1.9909995955023065,0.9569006984106974,0.9569454731375402,-4.4774726842833346e-05,0.0002463158859006432,0.0030689417228283718,4000,0.0006470262887043429,0.9483260656123423,True,0.05,20,paired cluster influence sandwich; asymptotic Bonferroni bounds,,,,,,
101,0.9,1.0,validation,proxy_0.75,2.0,1.9909995955023065,0.9065411373430978,0.9064100649583733,0.00013107238472453986,0.0003326767167569035,0.004561202523295344,4000,0.0010654258051700264,0.8935995045424492,True,0.05,20,paired cluster influence sandwich; asymptotic Bonferroni bounds,,,,,,
101,0.9,1.0,validation,generic_0.75,2.0,1.9909995955023065,0.9594808733122868,0.9595271488679623,-4.627555567549013e-05,0.00023710435469515164,0.002916768795322258,4000,0.000619654019954595,0.9513351331262972,True,0.05,20,paired cluster influence sandwich; asymptotic Bonferroni bounds,,,,,,
101,0.9,5.0,validation,source,2.0,1.9909995955023065,0.9602460458788367,0.9603217126658198,-7.566678698311957e-05,0.0005493954924579619,0.0028864762682761494,4000,0.001467361419377754,0.9522147762965117,True,0.05,20,paired cluster influence sandwich; asymptotic Bonferroni bounds,,,,,,
101,0.9,5.0,validation,proxy_0.5,2.0,1.9909995955023065,0.8400326580354002,0.8391175276546473,0.0009151303807528599,0.0008672930988692574,0.006087666422656995,4000,0.0033510035051392845,0.822019751771831,True,0.05,20,paired cluster influence sandwich; asymptotic Bonferroni bounds,,,,,,
101,0.9,5.0,validation,generic_0.5,2.0,1.9909995955023065,0.9569006984106974,0.9567100931489416,0.00019060526175573855,0.0005734984693236085,0.003090420827380242,4000,0.0018013289146055584,0.948030359566057,True,0.05,20,paired cluster influence sandwich; asymptotic Bonferroni bounds,,,,,,
101,0.9,5.0,validation,proxy_0.75,2.0,1.9909995955023065,0.9065411373430978,0.9065912900399246,-5.0152696826732956e-05,0.0007586442699964892,0.00457272322759973,4000,0.0020805701126404533,0.89374837265722,True,0.05,20,paired cluster influence sandwich; asymptotic Bonferroni bounds,,,,,,
101,0.9,5.0,validation,generic_0.75,2.0,1.9909995955023065,0.9594808733122868,0.9592292343446669,0.0002516389676199271,0.0005640557145365088,0.002948871774518599,4000,0.0018358417676737826,0.9509470544078306,True,0.05,20,paired cluster influence sandwich; asymptotic Bonferroni bounds,,,,,,
101,0.9,1.0,test,source,2.0,,0.9651891297282432,0.964700867521688,0.00048826220655517893,0.0002459664713637073,0.0026974408070559916,4000,0.001179081858961219,0.9571248547814767,True,0.05,20,paired cluster influence sandwich; asymptotic Bonferroni bounds,0.0005615140378509853,-7.325183129580637e-05,0.9645575796296089,0.0,0.0,0.0
101,0.9,1.0,test,proxy_0,2.0,,0.6744947373684342,0.6719482987074678,0.002546438660966488,0.0005094186071335406,0.008455524772799481,4000,0.003977188076356473,0.6482001729890701,True,0.05,20,paired cluster influence sandwich; asymptotic Bonferroni bounds,0.002676691917298024,-0.00013025325633153617,0.7041081707420334,0.002058176454411309,0.002115177879447039,-5.70014250357298e-05
101,0.9,1.0,test,proxy_0.25,2.0,,0.757331058276457,0.7551011275281883,0.002229930748268716,0.0004741295325291813,0.007458653891533367,4000,0.003561567523969422,0.7341528061565856,True,0.05,20,paired cluster influence sandwich; asymptotic Bonferroni bounds,0.0021989299732494416,3.100077501927423e-05,0.7705990373614569,0.001741668541713537,0.0016374159353984563,0.0001042526063150806
101,0.9,5.0,test,source,2.0,,0.9651891297282432,0.9639973499337484,0.0011917797944948072,0.0004970450777647508,0.002737035490935027,4000,0.002587777004796873,0.9563101318507812,True,0.05,20,paired cluster influence sandwich; asymptotic Bonferroni bounds,0.0,0.0011917797944948072,0.9643366227064726,0.0,0.0,0.0
101,0.9,5.0,test,proxy_0,2.0,,0.6744947373684342,0.6728764469111728,0.0016182904572614731,0.0010187524146182524,0.00842709860176949,4000,0.004479551120361094,0.6492081587311245,True,0.05,20,paired cluster influence sandwich; asymptotic Bonferroni bounds,0.0,0.0016182904572614731,0.7021153001847249,0.00042651066276666594,0.0,0.00042651066276666594
101,0.9,5.0,test,proxy_0.25,2.0,,0.757331058276457,0.7546622415560389,0.002668816720418077,0.0009637108706871158,0.007466363368217104,4000,0.005375488101346087,0.7336922674039846,True,0.05,20,paired cluster influence sandwich; asymptotic Bonferroni bounds,0.0,0.002668816720418077,0.7678807239051447,0.0014770369259232696,0.0,0.0014770369259232696
102,0.9,1.0,validation,source,2.0,1.9909995955023065,0.9606936664767292,0.9604552651929875,0.0002384012837416405,0.00024093362259772468,0.0028876839887538395,4000,0.0009150857135059442,0.9523449368286812,True,0.05,20,paired cluster influence sandwich; asymptotic Bonferroni bounds,,,,,,
102,0.9,1.0,validation,proxy_0.5,2.0,1.9909995955023065,0.839640945414232,0.8360709268196819,0.003570018594550084,0.0005750826985629173,0.006139469495353549,4000,0.005185191702182757,0.8188276572015797,True,0.05,20,paired cluster influence sandwich; asymptotic Bonferroni bounds,,,,,,
102,0.9,1.0,validation,generic_0.5,2.0,1.9909995955023065,0.9572955418334871,0.9574645604677917,-0.0001690186343046296,0.00027641387282210104,0.003048892832476389,4000,0.0006073153696125663,0.9489014621110237,True,0.05,20,paired cluster influence sandwich; asymptotic Bonferroni bounds,,,,,,
102,0.9,1.0,validation,proxy_0.75,2.0,1.9909995955023065,0.904529349360767,0.903077689315247,0.001451660045519998,0.00040658977808846503,0.004652207782008592,4000,0.002593605155410966,0.8900115321879384,True,0.05,20,paired cluster influence sandwich; asymptotic Bonferroni bounds,,,,,,
102,0.9,1.0,validation,generic_0.75,2.0,1.9909995955023065,0.9597675643739721,0.9596230484410907,0.00014451593288145048,0.00025814718102056797,0.0029305759423615624,4000,0.0008695462383271429,0.9513922540461176,True,0.05,20,paired cluster influence sandwich; asymptotic Bonferroni bounds,,,,,,
102,0.9,5.0,validation,source,2.0,1.9909995955023065,0.9606936664767292,0.9601081019182365,0.0005855645584926794,0.0004188156443222854,0.00293057603062392,4000,0.001761847147858733,0.9518773072753703,True,0.05,20,paired cluster influence sandwich; asymptotic Bonferroni bounds,,,,,,
102,0.9,5.0,validation,proxy_0.5,2.0,1.9909995955023065,0.839640945414232,0.840147001206883,-0.0005060557926510612,0.0007299580299863016,0.0060735422629111056,4000,0.0015440990506099877,0.8230888943369695,True,0.05,20,paired cluster influence sandwich; asymptotic Bonferroni bounds,,,,,,
102,0.9,5.0,validation,generic_0.5,2.0,1.9909995955023065,0.9572955418334871,0.9568472424084755,0.00044829942501156683,0.00041192505248541624,0.0030667211735206927,4000,0.0016052291479839765,0.9482340715020021,True,0.05,20,paired cluster influence sandwich; asymptotic Bonferroni bounds,,,,,,
102,0.9,5.0,validation,proxy_0.75,2.0,1.9909995955023065,0.904529349360767,0.9045047216455615,2.462771520550522e-05,0.0006102905677735889,0.004640296366328493,4000,0.0017386853896461008,0.8914720188341773,True,0.05,20,paired cluster influence sandwich; asymptotic Bonferroni bounds,,,,,,
102,0.9,5.0,validation,generic_0.75,2.0,1.9909995955023065,0.9597675643739721,0.959270884615029,0.0004966797589431859,0.0004161295075660665,0.002959529546882603,4000,0.0016654180840444475,0.9509587713358184,True,0.05,20,paired cluster influence sandwich; asymptotic Bonferroni bounds,,,,,,
102,0.9,1.0,test,source,2.0,,0.9605962537265859,0.9605532534578342,4.300026875170282e-05,0.00025011661750096246,0.0028661986321369395,4000,0.0007454759915809896,0.9525032687107193,True,0.05,20,paired cluster influence sandwich; asymptotic Bonferroni bounds,-0.0003197519984499131,0.0003627522672016159,0.9606511493630908,0.0,0.0,0.0
102,0.9,1.0,test,proxy_0,2.0,,0.6736934605841286,0.662324639528997,0.011368821055131595,0.0010954503479583611,0.008545378543901968,4000,0.01444549497905703,0.6383241511589897,True,0.05,20,paired cluster influence sandwich; asymptotic Bonferroni bounds,0.010532565828536344,0.0008362552265952505,0.6861038063475395,0.011325820786379892,0.010852317826986257,0.0004735029593936346
102,0.9,1.0,test,proxy_0.25,2.0,,0.7646277789236183,0.7573724835780224,0.00725529534559588,0.0008497830314846027,0.007435308153506921,4000,0.00964198982137541,0.736489730877382,True,0.05,20,paired cluster influence sandwich; asymptotic Bonferroni bounds,0.006440540253376592,0.0008147550922192881,0.7669417751073433,0.007212295076844177,0.006760292251826505,0.0004520028250176722
102,0.9,5.0,test,source,2.0,,0.9605962537265859,0.9598537490859318,0.0007425046406540625,0.00041367376679457557,0.0029054158845987182,4000,0.0019043457899867936,0.9516936190472096,True,0.05,20,paired cluster influence sandwich; asymptotic Bonferroni bounds,1.1102230246251565e-16,0.0007425046406539515,0.9598683790087593,0.0,0.0,0.0
102,0.9,5.0,test,proxy_0,2.0,,0.6736934605841286,0.6768479802998769,-0.0031545197157483162,0.0008855682078338966,0.00834794387901881,4000,-0.0006673192525069693,0.6534020055016231,True,0.05,20,paired cluster influence sandwich; asymptotic Bonferroni bounds,0.0,-0.0031545197157483162,0.6935875786940723,-0.0038970243564023788,-1.1102230246251565e-16,-0.0038970243564022677
102,0.9,5.0,test,proxy_0.25,2.0,,0.7646277789236183,0.7662182888643054,-0.0015905099406871015,0.000785861092127623,0.007296894206193338,4000,0.0006166538385593552,0.7457242845749472,True,0.05,20,paired cluster influence sandwich; asymptotic Bonferroni bounds,0.0,-0.0015905099406871015,0.772371054397751,-0.002333014581341164,-1.1102230246251565e-16,-0.002333014581341053
103,0.9,1.0,validation,source,2.0,1.9909995955023065,0.9649487412371853,0.9649757412439353,-2.7000006749933192e-05,0.00032105816001407826,0.002685529017143452,4000,0.0008747216192642302,0.9574331838707147,True,0.05,20,paired cluster influence sandwich; asymptotic Bonferroni bounds,,,,,,
103,0.9,1.0,validation,proxy_0.5,2.0,1.9909995955023065,0.8551119637779909,0.8456847114211778,0.009427252356813076,0.000973152115485182,0.005948026435620582,4000,0.012160440349592773,0.8289791273959413,True,0.05,20,paired cluster influence sandwich; asymptotic Bonferroni bounds,,,,,,
103,0.9,1.0,validation,generic_0.5,2.0,1.9909995955023065,0.9604782401195601,0.9614936153734038,-0.0010153752538437644,0.0003893074915071263,0.002916185377375363,4000,7.803095095697266e-05,0.9533032382151645,True,0.05,20,paired cluster influence sandwich; asymptotic Bonferroni bounds,,,,,,
103,0.9,1.0,validation,proxy_0.75,2.0,1.9909995955023065,0.9157214789303698,0.9118824779706195,0.003839000959750316,0.00059585087258125,0.004443537034611266,4000,0.0055125034107154705,0.8994023919951435,True,0.05,20,paired cluster influence sandwich; asymptotic Bonferroni bounds,,,,,,
103,0.9,1.0,validation,generic_0.75,2.0,1.9909995955023065,0.9633832408458102,0.9637637409409352,-0.0003805000951250248,0.00033810812787419777,0.0027753675881498313,4000,0.0005691079472993057,0.9559688636069851,True,0.05,20,paired cluster influence sandwich; asymptotic Bonferroni bounds,,,,,,
103,0.9,5.0,validation,source,2.0,1.9909995955023065,0.9649487412371853,0.9638069909517477,0.001141750285437615,0.0004485845117884943,0.0027523731305567137,4000,0.0024016415006521846,0.9560766956850756,True,0.05,20,paired cluster influence sandwich; asymptotic Bonferroni bounds,,,,,,
103,0.9,5.0,validation,proxy_0.5,2.0,1.9909995955023065,0.8551119637779909,0.8554105888526472,-0.00029862507465627797,0.0008354951922841755,0.0057649211461470225,4000,0.002047940679288326,0.8392192730190325,True,0.05,20,paired cluster influence sandwich; asymptotic Bonferroni bounds,,,,,,
103,0.9,5.0,validation,generic_0.5,2.0,1.9909995955023065,0.9604782401195601,0.9593759898439975,0.001102250275562544,0.00044609670440099385,0.0029886393296195274,4000,0.002355154252942795,0.950982119039542,True,0.05,20,paired cluster influence sandwich; asymptotic Bonferroni bounds,,,,,,
103,0.9,5.0,validation,proxy_0.75,2.0,1.9909995955023065,0.9157214789303698,0.9147818536954634,0.0009396252349064271,0.0006662090541837188,0.004406966778238412,4000,0.0028107351658222426,0.9024044786775249,True,0.05,20,paired cluster influence sandwich; asymptotic Bonferroni bounds,,,,,,
103,0.9,5.0,validation,generic_0.75,2.0,1.9909995955023065,0.9633832408458102,0.9622572405643102,0.0011260002815000059,0.0004443891513399595,0.0028423294740276698,4000,0.002374108437703702,0.9542742945620163,True,0.05,20,paired cluster influence sandwich; asymptotic Bonferroni bounds,,,,,,
103,0.9,1.0,test,source,2.0,,0.9571641536193457,0.9566651524965931,0.0004990011227525848,0.00032171147964296084,0.003094760380986003,4000,0.001402557657550992,0.9479732308748392,True,0.05,20,paired cluster influence sandwich; asymptotic Bonferroni bounds,0.00048662609490868203,1.2375027843902764e-05,0.9526111504656983,0.0,0.0,0.0
103,0.9,1.0,test,proxy_0,2.0,,0.6940828116863264,0.6695676315271709,0.024515180159155436,0.0018110362313982717,0.008497722743114125,4000,0.029601643419504914,0.6457009888945637,True,0.05,20,paired cluster influence sandwich; asymptotic Bonferroni bounds,0.02467955552899992,-0.00016437536984448275,0.6979815028693362,0.02401617903640285,0.024192929434091237,-0.00017675039768838552
103,0.9,1.0,test,proxy_0.25,2.0,,0.7742817421339199,0.7586355819300592,0.01564616020386067,0.0013467654935816393,0.007423139001502338,4000,0.01942867602803082,0.7377870074217199,True,0.05,20,paired cluster influence sandwich; asymptotic Bonferroni bounds,0.0157307853942672,-8.462519040652872e-05,0.7703168459337444,0.015147159081108086,0.015244159299358517,-9.700021825043148e-05
103,0.9,5.0,test,source,2.0,,0.9571641536193457,0.9566754025196555,0.0004887510996901545,0.000458043548970664,0.0031144949446974056,4000,0.0017752088983177122,0.9479280545450011,True,0.05,20,paired cluster influence sandwich; asymptotic Bonferroni bounds,1.1102230246251565e-16,0.0004887510996900435,0.9522102783139934,0.0,0.0,0.0
103,0.9,5.0,test,proxy_0,2.0,,0.6940828116863264,0.7008168268378604,-0.006734015151534045,0.0011880356577076393,0.008085080767233587,4000,-0.0033973067963127867,0.6781091274740877,True,0.05,20,paired cluster influence sandwich; asymptotic Bonferroni bounds,1.1102230246251565e-16,-0.006734015151534156,0.7177222467241547,-0.0072227662512242,0.0,-0.0072227662512242
103,0.9,5.0,test,proxy_0.25,2.0,,0.7742817421339199,0.7786045018601292,-0.004322759726209324,0.0010176467219314,0.007109643528449048,4000,-0.001464604503592564,0.7586364084699065,True,0.05,20,paired cluster influence sandwich; asymptotic Bonferroni bounds,1.1102230246251565e-16,-0.004322759726209435,0.7839536032474872,-0.004811510825899479,0.0,-0.004811510825899479
104,0.9,1.0,validation,source,2.0,1.9909995955023065,0.9602396176361141,0.959177773598646,0.0010618440374681182,0.000239836645679017,0.0030538789972835646,4000,0.0017354475057929316,0.9506006711354652,True,0.05,20,paired cluster influence sandwich; asymptotic Bonferroni bounds,,,,,,
104,0.9,1.0,validation,proxy_0.5,2.0,1.9909995955023065,0.8384752909942823,0.8355187080614118,0.0029565829328704885,0.00036168578450140957,0.0061701464598779045,4000,0.003972411011161719,0.8181892793426317,True,0.05,20,paired cluster influence sandwich; asymptotic Bonferroni bounds,,,,,,
104,0.9,1.0,validation,generic_0.5,2.0,1.9909995955023065,0.9568597725663115,0.9558707021074828,0.000989070458828678,0.0002568670173594267,0.0032330148816765592,4000,0.0017105053058750637,0.9467904798950789,True,0.05,20,paired cluster influence sandwich; asymptotic Bonferroni bounds,,,,,,
104,0.9,1.0,validation,proxy_0.75,2.0,1.9909995955023065,0.9098205318523201,0.9077231022851404,0.0020974295671797316,0.0003174408258677841,0.004629722002366334,4000,0.002988991574674653,0.8947200985558963,True,0.05,20,paired cluster influence sandwich; asymptotic Bonferroni bounds,,,,,,
104,0.9,1.0,validation,generic_0.75,2.0,1.9909995955023065,0.9591472637134432,0.9580976736462614,0.0010495900671817493,0.00023960228673436856,0.0031135297873873943,4000,0.0017225353166697324,0.9493530364054469,True,0.05,20,paired cluster influence sandwich; asymptotic Bonferroni bounds,,,,,,
104,0.9,5.0,validation,source,2.0,1.9909995955023065,0.9602396176361141,0.9598709982034178,0.00036861943269628217,0.000461107134569904,0.002987935819183123,4000,0.0016636815956790679,0.9514791032732854,True,0.05,20,paired cluster influence sandwich; asymptotic Bonferroni bounds,,,,,,
104,0.9,5.0,validation,proxy_0.5,2.0,1.9909995955023065,0.8384752909942823,0.8374534599210144,0.0010218310732679203,0.0006262112159920217,0.006105976488358739,4000,0.002780603365141367,0.8203042585201041,True,0.05,20,paired cluster influence sandwich; asymptotic Bonferroni bounds,,,,,,
104,0.9,5.0,validation,generic_0.5,2.0,1.9909995955023065,0.9568597725663115,0.9571491163136856,-0.0002893437473741045,0.00045740846984026367,0.0031276186738383133,4000,0.0009953303726013137,0.9483649091282894,True,0.05,20,paired cluster influence sandwich; asymptotic Bonferroni bounds,,,,,,
104,0.9,5.0,validation,proxy_0.75,2.0,1.9909995955023065,0.9098205318523201,0.909113177669565,0.0007073541827551377,0.000574552168436535,0.004554418341103491,4000,0.0023210372473121575,0.8963216712586752,True,0.05,20,paired cluster influence sandwich; asymptotic Bonferroni bounds,,,,,,
104,0.9,5.0,validation,generic_0.75,2.0,1.9909995955023065,0.9591472637134432,0.9591305082846842,1.6755428759007707e-05,0.0004600774321978315,0.0030231894692581596,4000,0.0013089255771073884,0.9506396002079394,True,0.05,20,paired cluster influence sandwich; asymptotic Bonferroni bounds,,,,,,
104,0.9,1.0,test,source,2.0,,0.9563768282281351,0.9557485711370816,0.000628257091053519,0.0001981376712074917,0.0031040255872040574,4000,0.001184745121284692,0.9470306273241584,True,0.05,20,paired cluster influence sandwich; asymptotic Bonferroni bounds,0.0004069605634584583,0.0002212965275950607,0.9526027092800647,0.0,0.0,0.0
104,0.9,1.0,test,proxy_0,2.0,,0.6638285699568334,0.659764965584014,0.004063604372819385,0.00046900511250430165,0.008567340932969283,4000,0.005380848739502948,0.6357027938069253,True,0.05,20,paired cluster influence sandwich; asymptotic Bonferroni bounds,0.0029653734697718814,0.0010982309030475035,0.685696439212326,0.003435347281765866,0.002558412906313423,0.0008769343754524428
104,0.9,1.0,test,proxy_0.25,2.0,,0.7542248257696181,0.750844365027747,0.0033804607418711496,0.00041676140784036264,0.007521317177050052,4000,0.004550973817512289,0.7297200480056834,True,0.05,20,paired cluster influence sandwich; asymptotic Bonferroni bounds,0.002286355706287213,0.0010941050355839366,0.7610991079313275,0.0027522036508176306,0.0018793951428287548,0.0008728085079888759
104,0.9,5.0,test,source,2.0,,0.9563768282281351,0.9555659077321007,0.000810920496034373,0.0003880639402788274,0.0031304115576518596,4000,0.0019008340718498682,0.9467738564734266,True,0.05,20,paired cluster influence sandwich; asymptotic Bonferroni bounds,1.1102230246251565e-16,0.000810920496034262,0.9520269745739252,0.0,0.0,0.0
104,0.9,5.0,test,proxy_0,2.0,,0.6638285699568334,0.6604543605293013,0.003374209427532082,0.000700028019172212,0.008558054108749106,4000,0.005340303058903302,0.6364182716595462,True,0.05,20,paired cluster influence sandwich; asymptotic Bonferroni bounds,0.0,0.003374209427532082,0.6882052924476467,0.002563288931497709,-1.1102230246251565e-16,0.0025632889314978202
104,0.9,5.0,test,proxy_0.25,2.0,,0.7542248257696181,0.7510971681796097,0.003127657590008437,0.00065769020381648,0.007517818663683313,4000,0.0049748415393993444,0.7299826770568832,True,0.05,20,paired cluster influence sandwich; asymptotic Bonferroni bounds,1.1102230246251565e-16,0.003127657590008326,0.762975409628328,0.002316737093974064,0.0,0.002316737093974064
105,0.9,1.0,validation,source,2.0,1.9909995955023065,0.9605600121643912,0.9603774462580992,0.00018256590629206482,0.0003458860822308977,0.0029265794239582976,4000,0.001154019055064977,0.9521578764558069,True,0.05,20,paired cluster influence sandwich; asymptotic Bonferroni bounds,,,,,,
105,0.9,1.0,validation,proxy_0.5,2.0,1.9909995955023065,0.8384761899045556,0.8373887973558455,0.0010873925487101532,0.0004917516933578568,0.006112886293402333,4000,0.002468522797853863,0.8202201891264682,True,0.05,20,paired cluster influence sandwich; asymptotic Bonferroni bounds,,,,,,
105,0.9,1.0,validation,generic_0.5,2.0,1.9909995955023065,0.9563830042645395,0.9562241969350935,0.00015880732944595355,0.0003268234675459452,0.003127446142096219,4000,0.0010767213564938701,0.9474404743211002,True,0.05,20,paired cluster influence sandwich; asymptotic Bonferroni bounds,,,,,,
105,0.9,1.0,validation,proxy_0.75,2.0,1.9909995955023065,0.9083644195554595,0.9077536990853698,0.0006107204700896984,0.0004127513727635374,0.004519123466363893,4000,0.0017699709902184964,0.8950613216043872,True,0.05,20,paired cluster influence sandwich; asymptotic Bonferroni bounds,,,,,,
105,0.9,1.0,validation,generic_0.75,2.0,1.9909995955023065,0.9590021997941257,0.9588188836169858,0.0001833161771399583,0.0003416212205889458,0.003004359062760473,4000,0.001142791066352865,0.9503808624837308,True,0.05,20,paired cluster influence sandwich; asymptotic Bonferroni bounds,,,,,,
105,0.9,5.0,validation,source,2.0,1.9909995955023065,0.9605600121643912,0.9599260332980206,0.0006339788663706214,0.0004376789410668751,0.0029767313240164433,4000,0.0018632407745360266,0.9515656072319717,True,0.05,20,paired cluster influence sandwich; asymptotic Bonferroni bounds,,,,,,
105,0.9,5.0,validation,proxy_0.5,2.0,1.9909995955023065,0.8384761899045556,0.8386806387105744,-0.00020444880601877546,0.0006148262918048265,0.006080278600891418,4000,0.0015223478701292359,0.821603612210533,True,0.05,20,paired cluster influence sandwich; asymptotic Bonferroni bounds,,,,,,
105,0.9,5.0,validation,generic_0.5,2.0,1.9909995955023065,0.9563830042645395,0.9555306965814659,0.0008523076830735388,0.0004372519129419584,0.0031816417847629025,4000,0.0020803702431359808,0.946594760477474,True,0.05,20,paired cluster influence sandwich; asymptotic Bonferroni bounds,,,,,,
105,0.9,5.0,validation,proxy_0.75,2.0,1.9909995955023065,0.9083644195554595,0.908050806341089,0.0003136132143705117,0.0005239197487002967,0.004520190284869289,4000,0.0017850904310786858,0.8953554326013684,True,0.05,20,paired cluster influence sandwich; asymptotic Bonferroni bounds,,,,,,
105,0.9,5.0,validation,generic_0.75,2.0,1.9909995955023065,0.9590021997941257,0.9582994461000421,0.0007027536940835688,0.0004286306257909484,0.0030578513160928553,4000,0.0019066025694111242,0.9497111870109852,True,0.05,20,paired cluster influence sandwich; asymptotic Bonferroni bounds,,,,,,
105,0.9,1.0,test,source,2.0,,0.9585247801554413,0.9581898421246114,0.0003349380308298455,0.00033018639127524354,0.003106102837867632,4000,0.0012622971411399707,0.9494660641604993,True,0.05,20,paired cluster influence sandwich; asymptotic Bonferroni bounds,0.0004962091275435565,-0.00016127109671371098,0.9561319493585658,0.0,0.0,0.0
105,0.9,1.0,test,proxy_0,2.0,,0.6625858067411319,0.6611097004063832,0.0014761063347487058,0.0005090869640049058,0.00859888074237134,4000,0.0029059242996463687,0.6369589461487342,True,0.05,20,paired cluster influence sandwich; asymptotic Bonferroni bounds,0.0018037821578071878,-0.000327675823058482,0.6797448888135291,0.0011411683039188603,0.0013075730302636313,-0.000166404726344771
105,0.9,1.0,test,proxy_0.25,2.0,,0.7504582703524625,0.7493853417594977,0.001072928592964817,0.0004933143383325972,0.007583101407591085,4000,0.0024584476754820313,0.7280874979944194,True,0.05,20,paired cluster influence sandwich; asymptotic Bonferroni bounds,0.0014133758848624556,-0.00034044729189763867,0.7567356448259496,0.0007379905621349714,0.0009171667573188991,-0.0001791761951839277
105,0.9,5.0,test,source,2.0,,0.9585247801554413,0.9583720233712871,0.00015275678415416216,0.00046476877688976363,0.003076504795401204,4000,0.001458103009271987,0.9497313742551646,True,0.05,20,paired cluster influence sandwich; asymptotic Bonferroni bounds,-1.2521047887403824e-07,0.0001528819946330362,0.9562184266712374,0.0,0.0,0.0
105,0.9,5.0,test,proxy_0,2.0,,0.6625858067411319,0.6640382482953846,-0.0014524415542527258,0.0007498684457267274,0.008554171406770956,4000,0.0006536335386456084,0.6400130643543219,True,0.05,20,paired cluster influence sandwich; asymptotic Bonferroni bounds,-1.2521047887403824e-07,-0.0014523163437738518,0.6824681501576331,-0.001605198338406888,0.0,-0.001605198338406888
105,0.9,5.0,test,proxy_0.25,2.0,,0.7504582703524625,0.7516830792562297,-0.0012248089037671939,0.000709208554185142,0.007535926893539742,4000,0.0007670691118388823,0.7305177294901046,True,0.05,20,paired cluster influence sandwich; asymptotic Bonferroni bounds,-1.2521047876301594e-07,-0.0012246836932884309,0.7606826443528751,-0.001377565687921356,1.1102230246251565e-16,-0.001377565687921467
106,0.9,1.0,validation,source,2.0,1.9909995955023065,0.9608235649128386,0.960686810776026,0.00013675413681257798,0.0003280069791935548,0.0029646294679791063,4000,0.0010579921661136762,0.9523603738953114,True,0.05,20,paired cluster influence sandwich; asymptotic Bonferroni bounds,,,,,,
106,0.9,1.0,validation,proxy_0.5,2.0,1.9909995955023065,0.8501134659323444,0.8498857090426984,0.00022775688964593588,0.00045679115948239497,0.005858228252789749,4000,0.0015106972362152263,0.8334323315442538,True,0.05,20,paired cluster influence sandwich; asymptotic Bonferroni bounds,,,,,,
106,0.9,1.0,validation,generic_0.5,2.0,1.9909995955023065,0.9577194710139982,0.958067231533754,-0.0003477605197557132,0.0003046184118268042,0.003061693662957049,4000,0.0005077885484077414,0.9494681808570858,True,0.05,20,paired cluster influence sandwich; asymptotic Bonferroni bounds,,,,,,
106,0.9,1.0,validation,proxy_0.75,2.0,1.9909995955023065,0.915755451602411,0.9158762052552091,-0.00012075365279806682,0.0003888156468284197,0.004307379821536195,4000,0.0009712711605955487,0.9037785294435559,True,0.05,20,paired cluster influence sandwich; asymptotic Bonferroni bounds,,,,,,
106,0.9,1.0,validation,generic_0.75,2.0,1.9909995955023065,0.9600435413171249,0.9600522915818204,-8.750264695489562e-06,0.0003198553395736382,0.0029793129142703686,4000,0.0008895931285296082,0.9516846148800568,True,0.05,20,paired cluster influence sandwich; asymptotic Bonferroni bounds,,,,,,
106,0.9,5.0,validation,source,2.0,1.9909995955023065,0.9608235649128386,0.9591390139551721,0.0016845509576665085,0.0006388246680200975,0.003076561351975981,4000,0.003478749299673394,0.9504982059946628,True,0.05,20,paired cluster influence sandwich; asymptotic Bonferroni bounds,,,,,,
106,0.9,5.0,validation,proxy_0.5,2.0,1.9909995955023065,0.8501134659323444,0.8472803802315021,0.002833085700842286,0.0008587515420151274,0.005943766180214077,4000,0.005244969070428955,0.830586761528786,True,0.05,20,paired cluster influence sandwich; asymptotic Bonferroni bounds,,,,,,
106,0.9,5.0,validation,generic_0.5,2.0,1.9909995955023065,0.9577194710139982,0.9570930770655812,0.0006263939484170145,0.000597554370855833,0.0030949909312644715,4000,0.0023046808323148255,0.9484005079219827,True,0.05,20,paired cluster influence sandwich; asymptotic Bonferroni bounds,,,,,,
106,0.9,5.0,validation,proxy_0.75,2.0,1.9909995955023065,0.915755451602411,0.9139433967877528,0.0018120548146581816,0.0007800872530563619,0.004401585367121239,4000,0.004003002231251052,0.9015811359621545,True,0.05,20,paired cluster influence sandwich; asymptotic Bonferroni bounds,,,,,,
106,0.9,5.0,validation,generic_0.75,2.0,1.9909995955023065,0.9600435413171249,0.9587735028984626,0.0012700384186622449,0.0006275833320613663,0.0030555049399250134,4000,0.0030326644258035903,0.9501918338245394,True,0.05,20,paired cluster influence sandwich; asymptotic Bonferroni bounds,,,,,,
106,0.9,1.0,test,source,2.0,,0.9600755,0.960348,-0.00027250000000000885,0.0003199008876112625,0.0030046079508372734,4000,0.0006259713191141133,0.9519092798414927,True,0.05,20,paired cluster influence sandwich; asymptotic Bonferroni bounds,-0.00029550000000022614,2.300000000021729e-05,0.9581080834216047,0.0,0.0,0.0
106,0.9,1.0,test,proxy_0,2.0,,0.6694015,0.6674603750000001,0.001941124999999877,0.0005450948629245846,0.008529498702188602,4000,0.0034720744893595957,0.6435044866385706,True,0.05,20,paired cluster influence sandwich; asymptotic Bonferroni bounds,0.0014241249999998873,0.0005169999999999897,0.6909048789138807,0.002213624999999886,0.0017196250000001134,0.0004939999999997724
106,0.9,1.0,test,proxy_0.25,2.0,,0.7573445000000001,0.755886625,0.0014578750000000529,0.000528670625145608,0.0074764633344153505,4000,0.0029426954939296207,0.7348882841559341,True,0.05,20,paired cluster influence sandwich; asymptotic Bonferroni bounds,0.0009535000000000515,0.0005043750000000014,0.7628558035112961,0.0017303750000000617,0.0012490000000002777,0.00048137499999978406
106,0.9,5.0,test,source,2.0,,0.9600755,0.9594674999999999,0.0006080000000000529,0.000612260301398978,0.003078442751001357,4000,0.002327589854053909,0.9508214079557961,True,0.05,20,paired cluster influence sandwich; asymptotic Bonferroni bounds,0.0,0.0006080000000000529,0.957833334434785,0.0,0.0,0.0
106,0.9,5.0,test,proxy_0,2.0,,0.6694015,0.665600375,0.003801124999999961,0.0009087165655106566,0.008535913756711984,4000,0.006353339773181071,0.6416264693628361,True,0.05,20,paired cluster influence sandwich; asymptotic Bonferroni bounds,0.0,0.003801124999999961,0.6865802191477478,0.003193124999999908,0.0,0.003193124999999908
106,0.9,5.0,test,proxy_0.25,2.0,,0.7573445000000001,0.753551875,0.003792625000000105,0.0009209574868214647,0.007521902782581149,4000,0.006379219536236635,0.7324259132504773,True,0.05,20,paired cluster influence sandwich; asymptotic Bonferroni bounds,2.220446049250313e-16,0.003792624999999883,0.7581394660224257,0.003184625000000052,2.220446049250313e-16,0.00318462499999983
107,0.9,1.0,validation,source,2.0,1.9909995955023065,0.9616183693000957,0.9617880026121279,-0.00016963331203223575,0.00024525917617783394,0.0028017342194777877,4000,0.0005191998362305993,0.953919072148139,True,0.05,20,paired cluster influence sandwich; asymptotic Bonferroni bounds,,,,,,
107,0.9,1.0,validation,proxy_0.5,2.0,1.9909995955023065,0.8439303525872768,0.8425660357357512,0.0013643168515256043,0.0004620828173996581,0.005984333924611725,4000,0.002662119310246961,0.8257584787595448,True,0.05,20,paired cluster influence sandwich; asymptotic Bonferroni bounds,,,,,,
107,0.9,1.0,validation,generic_0.5,2.0,1.9909995955023065,0.9573201586877756,0.9579606900738137,-0.0006405313860380346,0.0002801705801622806,0.0029994135972731795,4000,0.00014635367894266934,0.9495365587391559,True,0.05,20,paired cluster influence sandwich; asymptotic Bonferroni bounds,,,,,,
107,0.9,1.0,validation,proxy_0.75,2.0,1.9909995955023065,0.9091590487933909,0.908590520935526,0.0005685278578649866,0.00035834590587976593,0.00446499637596247,4000,0.0015749755772166826,0.8960501644091455,True,0.05,20,paired cluster influence sandwich; asymptotic Bonferroni bounds,,,,,,
107,0.9,1.0,validation,generic_0.75,2.0,1.9909995955023065,0.9601152956494867,0.9604693129963369,-0.00035401734685014397,0.00025735112002487335,0.0028765194223553912,4000,0.0003687771474409192,0.9523903413524644,True,0.05,20,paired cluster influence sandwich; asymptotic Bonferroni bounds,,,,,,
107,0.9,5.0,validation,source,2.0,1.9909995955023065,0.9616183693000957,0.9613166045136211,0.0003017647864745898,0.0004368504882537456,0.0028991625517259946,4000,0.001528699908061207,0.9531740375403752,True,0.05,20,paired cluster influence sandwich; asymptotic Bonferroni bounds,,,,,,
107,0.9,5.0,validation,proxy_0.5,2.0,1.9909995955023065,0.8439303525872768,0.8471762616368202,-0.0032459090495434717,0.0008652216255440645,0.005923824491728036,4000,-0.0008158538501552969,0.8305386510161485,True,0.05,20,paired cluster influence sandwich; asymptotic Bonferroni bounds,,,,,,
107,0.9,5.0,validation,generic_0.5,2.0,1.9909995955023065,0.9573201586877756,0.9567773820917225,0.0005427765960531739,0.0004203074831200114,0.00308300371737661,4000,0.0017232491530761078,0.9481184801503464,True,0.05,20,paired cluster influence sandwich; asymptotic Bonferroni bounds,,,,,,
107,0.9,5.0,validation,proxy_0.75,2.0,1.9909995955023065,0.9091590487933909,0.9097568280845763,-0.0005977792911853186,0.0006707902065706028,0.004496575706090661,4000,0.0012861972311889998,0.8971277780800099,True,0.05,20,paired cluster influence sandwich; asymptotic Bonferroni bounds,,,,,,
107,0.9,5.0,validation,generic_0.75,2.0,1.9909995955023065,0.9601152956494867,0.959746277567601,0.00036901808188571916,0.0004090293999025081,0.002963370290048771,4000,0.0015178150959579174,0.9514233772049139,True,0.05,20,paired cluster influence sandwich; asymptotic Bonferroni bounds,,,,,,
107,0.9,1.0,test,source,2.0,,0.9582877604166666,0.957993664863782,0.0002940955528846212,0.0002639663012343529,0.0030582201663844296,4000,0.0010354693972732764,0.9494043698244641,True,0.05,20,paired cluster influence sandwich; asymptotic Bonferroni bounds,0.00012307191506388815,0.00017102363782073304,0.9509063441495827,0.0,0.0,0.0
107,0.9,1.0,test,proxy_0,2.0,,0.6567292668269231,0.6512528796073719,0.0054763872195512375,0.0007152627164386961,0.00867728992527576,4000,0.007485268911473122,0.6268819058857481,True,0.05,20,paired cluster influence sandwich; asymptotic Bonferroni bounds,0.00488731971153844,0.0005890675080127972,0.6609098449443624,0.005182291666666616,0.004764247796474552,0.0004180438701920641
107,0.9,1.0,test,proxy_0.25,2.0,,0.7465394631410257,0.7423939553285256,0.0041455078125001155,0.0006189426294831608,0.007649750038364837,4000,0.005883865604878184,0.7209089227011232,True,0.05,20,paired cluster influence sandwich; asymptotic Bonferroni bounds,0.003564453125000089,0.0005810546875000266,0.7360914242793899,0.0038514122596154943,0.0034413812099362007,0.0004100310496792936
107,0.9,5.0,test,source,2.0,,0.9582877604166666,0.957725360576923,0.0005623998397435992,0.0005150240851250369,0.0031133532924799714,4000,0.0020088927600762927,0.9489812190384289,True,0.05,20,paired cluster influence sandwich; asymptotic Bonferroni bounds,0.0,0.0005623998397435992,0.9483602428851836,0.0,0.0,0.0
107,0.9,5.0,test,proxy_0,2.0,,0.6567292668269231,0.6701923076923078,-0.013463040865384635,0.0015353643142212822,0.008409767539572555,4000,-0.00915082775769403,0.6465726954081908,True,0.05,20,paired cluster influence sandwich; asymptotic Bonferroni bounds,0.0,-0.013463040865384635,0.6611803341571253,-0.014025440705128234,0.0,-0.014025440705128234
107,0.9,5.0,test,proxy_0.25,2.0,,0.7465394631410257,0.755122821514423,-0.008583358373397298,0.0012843438206239426,0.007451922016174872,4000,-0.004976159608402565,0.7341934072392609,True,0.05,20,paired cluster influence sandwich; asymptotic Bonferroni bounds,1.1102230246251565e-16,-0.00858335837339741,0.7356314505897725,-0.009145758213140898,1.1102230246251565e-16,-0.009145758213141009
108,0.9,1.0,validation,source,2.0,1.9909995955023065,0.9583077334329573,0.9577348457967025,0.0005728876362547375,0.00027130035597830324,0.003034911828224916,4000,0.0013348598537503142,0.9492110143873511,True,0.05,20,paired cluster influence sandwich; asymptotic Bonferroni bounds,,,,,,
108,0.9,1.0,validation,proxy_0.5,2.0,1.9909995955023065,0.8442322017864792,0.8391721110996917,0.005060090686787477,0.0006333402910364481,0.0060998716233412,4000,0.006838885647266374,0.8220400557785135,True,0.05,20,paired cluster influence sandwich; asymptotic Bonferroni bounds,,,,,,
108,0.9,1.0,validation,generic_0.5,2.0,1.9909995955023065,0.9533522928883664,0.9534298115122157,-7.751862384930419e-05,0.00031706116914036875,0.0032709289458321745,4000,0.0008129770825070407,0.9442431041334552,True,0.05,20,paired cluster influence sandwich; asymptotic Bonferroni bounds,,,,,,
108,0.9,1.0,validation,proxy_0.75,2.0,1.9909995955023065,0.9093897308828446,0.906894506405164,0.00249522447768058,0.0004428898120219252,0.004576723251950181,4000,0.003739121600320309,0.8940403545830008,True,0.05,20,paired cluster influence sandwich; asymptotic Bonferroni bounds,,,,,,
108,0.9,1.0,validation,generic_0.75,2.0,1.9909995955023065,0.9564774186998426,0.9562851225006808,0.00019229619916183438,0.0002758351026805587,0.0031256383705612237,4000,0.0009670046734457168,0.9475064771807451,True,0.05,20,paired cluster influence sandwich; asymptotic Bonferroni bounds,,,,,,
108,0.9,5.0,validation,source,2.0,1.9909995955023065,0.9583077334329573,0.9576068150373127,0.0007009183956445675,0.0004315696417250483,0.003077342472730183,4000,0.001913021769866846,0.948963813226703,True,0.05,20,paired cluster influence sandwich; asymptotic Bonferroni bounds,,,,,,
108,0.9,5.0,validation,proxy_0.5,2.0,1.9909995955023065,0.8442322017864792,0.841783988603262,0.002448213183217196,0.0006268823965366835,0.006059922446661046,4000,0.004208870547913758,0.8247641342507568,True,0.05,20,paired cluster influence sandwich; asymptotic Bonferroni bounds,,,,,,
108,0.9,5.0,validation,generic_0.5,2.0,1.9909995955023065,0.9533522928883664,0.952932191959118,0.0004201009292483793,0.00042632152619344755,0.003298028752228108,4000,0.0016174644841480228,0.9436693722601258,True,0.05,20,paired cluster influence sandwich; asymptotic Bonferroni bounds,,,,,,
108,0.9,5.0,validation,proxy_0.75,2.0,1.9909995955023065,0.9093897308828446,0.9080916690234828,0.0012980618593617654,0.0005245779606160308,0.004569668203335304,4000,0.0027713877252956483,0.8952573319598304,True,0.05,20,paired cluster influence sandwich; asymptotic Bonferroni bounds,,,,,,
108,0.9,5.0,validation,generic_0.75,2.0,1.9909995955023065,0.9564774186998426,0.9559771735159373,0.0005002451839053457,0.00041788455997562586,0.0031618016032076597,4000,0.0016739127365098688,0.9470969604023581,True,0.05,20,paired cluster influence sandwich; asymptotic Bonferroni bounds,,,,,,
108,0.9,1.0,test,source,2.0,,0.9607698108829331,0.9603702325655828,0.0003995783173502687,0.00027553670182122884,0.002867493171583987,4000,0.0011734487051389593,0.9523166119843404,True,0.05,20,paired cluster influence sandwich; asymptotic Bonferroni bounds,0.0004798440494336864,-8.02657320834177e-05,0.9589155440599151,0.0,0.0,0.0
108,0.9,1.0,test,proxy_0,2.0,,0.6859168146956804,0.6713889672375786,0.014527847458101872,0.0012458986895522634,0.008483980251707823,4000,0.018027069506040848,0.6475609216669362,True,0.05,20,paired cluster influence sandwich; asymptotic Bonferroni bounds,0.01470213161779721,-0.00017428415969533706,0.692999102416989,0.014128269140751604,0.014222287568363523,-9.401842761191936e-05
108,0.9,1.0,test,proxy_0.25,2.0,,0.771785269912903,0.7629951720537225,0.008790097859180501,0.0009169775431147504,0.0073613178434959285,4000,0.011365514354309134,0.7423202280026099,True,0.05,20,paired cluster influence sandwich; asymptotic Bonferroni bounds,0.008993512728494912,-0.0002034148693144111,0.7688852902231943,0.008390519541830233,0.008513668679061226,-0.0001231491372309934
108,0.9,5.0,test,source,2.0,,0.9607698108829331,0.9597668643054038,0.0010029465775293067,0.0004749447542687846,0.002954831181635807,4000,0.0023368729791113955,0.9514679468208422,True,0.05,20,paired cluster influence sandwich; asymptotic Bonferroni bounds,-1.1102230246251565e-16,0.0010029465775294177,0.9551206009491459,0.0,0.0,0.0
108,0.9,5.0,test,proxy_0,2.0,,0.6859168146956804,0.6820066733079683,0.003910141387712174,0.0008171463150013632,0.008318077359420004,4000,0.006205172617636998,0.6586445814006363,True,0.05,20,paired cluster influence sandwich; asymptotic Bonferroni bounds,0.0,0.003910141387712174,0.690674226633286,0.002907194810182867,1.1102230246251565e-16,0.002907194810182756
108,0.9,5.0,test,proxy_0.25,2.0,,0.771785269912903,0.7689239590959829,0.002861310816920093,0.0007297275940101382,0.0072589607808402744,4000,0.004910818459365224,0.7485364943507002,True,0.05,20,paired cluster influence sandwich; asymptotic Bonferroni bounds,1.1102230246251565e-16,0.002861310816919982,0.7672156227935983,0.0018583642393907862,2.220446049250313e-16,0.0018583642393905642
109,0.9,1.0,validation,source,2.0,1.9909995955023065,0.9645304261347644,0.9641583947860569,0.0003720313487074467,0.00026079807379568735,0.00274365456932659,4000,0.0011045069324275335,0.9564525864073947,True,0.05,20,paired cluster influence sandwich; asymptotic Bonferroni bounds,,,,,,
109,0.9,1.0,validation,proxy_0.5,2.0,1.9909995955023065,0.8473212867230843,0.8431980435204124,0.004123243202671878,0.0006132143510037143,0.005995648286999446,4000,0.0058455125935449916,0.8263587091078402,True,0.05,20,paired cluster influence sandwich; asymptotic Bonferroni bounds,,,,,,
109,0.9,1.0,validation,generic_0.5,2.0,1.9909995955023065,0.9591923892443662,0.9595213880497127,-0.00032899880534642545,0.0002970123973645632,0.0029736173357677673,4000,0.0005051880656123905,0.9511697079085356,True,0.05,20,paired cluster influence sandwich; asymptotic Bonferroni bounds,,,,,,
109,0.9,1.0,validation,proxy_0.75,2.0,1.9909995955023065,0.9088628275133069,0.9068920871409003,0.001970740372406632,0.0004388535555969399,0.004537225556182003,4000,0.003203301294445235,0.8941488682613862,True,0.05,20,paired cluster influence sandwich; asymptotic Bonferroni bounds,,,,,,
109,0.9,1.0,validation,generic_0.75,2.0,1.9909995955023065,0.9626717705264607,0.9625721952226372,9.95753038235403e-05,0.00026720495742682,0.0028245287254578966,4000,0.0008500452145692823,0.9546392442740242,True,0.05,20,paired cluster influence sandwich; asymptotic Bonferroni bounds,,,,,,
109,0.9,5.0,validation,source,2.0,1.9909995955023065,0.9645304261347644,0.963378054653832,0.0011523714809323904,0.0004196891073399218,0.0028283722758492323,4000,0.002331107272212053,0.9554343087373902,True,0.05,20,paired cluster influence sandwich; asymptotic Bonferroni bounds,,,,,,
109,0.9,5.0,validation,proxy_0.5,2.0,1.9909995955023065,0.8473212867230843,0.8433202609473415,0.004001025775742795,0.0007033389563879778,0.006009732859194452,4000,0.005976418481430331,0.8264413687071755,True,0.05,20,paired cluster influence sandwich; asymptotic Bonferroni bounds,,,,,,
109,0.9,5.0,validation,generic_0.5,2.0,1.9909995955023065,0.9591923892443662,0.9585656652843713,0.0006267239599949681,0.00042115134755200875,0.003053314070834975,4000,0.0018095665885579707,0.9499901494695279,True,0.05,20,paired cluster influence sandwich; asymptotic Bonferroni bounds,,,,,,
109,0.9,5.0,validation,proxy_0.75,2.0,1.9909995955023065,0.9088628275133069,0.9067044452367103,0.002158382276596593,0.0005978730667892954,0.00457318361273465,4000,0.003837564247588011,0.8938602348196457,True,0.05,20,paired cluster influence sandwich; asymptotic Bonferroni bounds,,,,,,
109,0.9,5.0,validation,generic_0.75,2.0,1.9909995955023065,0.9626717705264607,0.9616920295973829,0.0009797409290778214,0.00042044423381716286,0.0029121001394625556,4000,0.0021605975631196622,0.9535131262087971,True,0.05,20,paired cluster influence sandwich; asymptotic Bonferroni bounds,,,,,,
109,0.9,1.0,test,source,2.0,,0.9566737921611558,0.9557509043175395,0.0009228878436162713,0.0002674892691801579,0.0031357196018369886,4000,0.001674156270296022,0.94694394492436,True,0.05,20,paired cluster influence sandwich; asymptotic Bonferroni bounds,0.0008394777905414985,8.341005307477278e-05,0.9555331320454354,0.0,0.0,0.0
109,0.9,1.0,test,proxy_0,2.0,,0.6954455109759876,0.6831259586841371,0.012319552291850555,0.0010545883123797013,0.008364114508754248,4000,0.015281461398203305,0.6596345671721698,True,0.05,20,paired cluster influence sandwich; asymptotic Bonferroni bounds,0.01229279104543679,2.676124641376454e-05,0.711670832705801,0.011396664448234284,0.011453313254895292,-5.6648806661008244e-05
109,0.9,1.0,test,proxy_0.25,2.0,,0.7767846937675558,0.7684920837982163,0.008292609969339448,0.0008209706323229019,0.007282974056885626,4000,0.010598382149232406,0.7480371755395198,True,0.05,20,paired cluster influence sandwich; asymptotic Bonferroni bounds,0.00838777496242793,-9.516499308848125e-05,0.7846396705861023,0.007369722125723177,0.007548297171886431,-0.00017857504616325404
109,0.9,5.0,test,source,2.0,,0.9566737921611558,0.9547704922993889,0.0019032998617668495,0.0003944259283018401,0.003220642709214479,4000,0.0030110816711277624,0.9457250184810745,True,0.05,20,paired cluster influence sandwich; asymptotic Bonferroni bounds,1.1102230246251565e-16,0.0019032998617667385,0.9526252682907148,0.0,0.0,0.0
109,0.9,5.0,test,proxy_0,2.0,,0.6954455109759876,0.6857723208178237,0.009673190158163925,0.0008841625616283184,0.008309154192613005,4000,0.012156442733639269,0.6624352904522449,True,0.05,20,paired cluster influence sandwich; asymptotic Bonferroni bounds,0.0,0.009673190158163925,0.708370346115808,0.007769890296397075,-1.1102230246251565e-16,0.007769890296397186
109,0.9,5.0,test,proxy_0.25,2.0,,0.7767846937675558,0.7695657850211551,0.007218908746400632,0.0007608483548196938,0.007266319058745738,4000,0.00935582193256021,0.7491576538697694,True,0.05,20,paired cluster influence sandwich; asymptotic Bonferroni bounds,0.0,0.007218908746400632,0.7802500621137636,0.005315608884633782,-1.1102230246251565e-16,0.005315608884633893
110,0.9,1.0,validation,source,2.0,1.9909995955023065,0.9596249159946236,0.9595134088581668,0.00011150713645680099,0.0002404504511826999,0.0029490266241321114,4000,0.0007868345344796264,0.951230794011826,True,0.05,20,paired cluster influence sandwich; asymptotic Bonferroni bounds,,,,,,
110,0.9,1.0,validation,proxy_0.5,2.0,1.9909995955023065,0.8451895921338966,0.8407660590277779,0.004423533106118649,0.0006150686197402148,0.006060900499250129,4000,0.006151010382753243,0.8237434577238452,True,0.05,20,paired cluster influence sandwich; asymptotic Bonferroni bounds,,,,,,
110,0.9,1.0,validation,generic_0.5,2.0,1.9909995955023065,0.9549681179595494,0.9553111399129544,-0.000343021953404965,0.00029756311907578985,0.0031964341386356778,4000,0.0004927116705686531,0.9463336581108679,True,0.05,20,paired cluster influence sandwich; asymptotic Bonferroni bounds,,,,,,
110,0.9,1.0,validation,proxy_0.75,2.0,1.9909995955023065,0.9111240619399642,0.9090971822196621,0.0020268797203021327,0.00042390159687126294,0.00453148167615529,4000,0.0032174466792107446,0.8963700955600458,True,0.05,20,paired cluster influence sandwich; asymptotic Bonferroni bounds,,,,,,
110,0.9,1.0,validation,generic_0.75,2.0,1.9909995955023065,0.9578608030913979,0.9580380644361238,-0.00017726134472595412,0.0002585378970888251,0.003039329569316646,4000,0.0005488663230430108,0.9495018253910955,True,0.05,20,paired cluster influence sandwich; asymptotic Bonferroni bounds,,,,,,
110,0.9,5.0,validation,source,2.0,1.9909995955023065,0.9596249159946236,0.9588233646953406,0.0008015512992830542,0.0005449408656006698,0.0029765973909929955,4000,0.0023320682728726824,0.9504633147926126,True,0.05,20,paired cluster influence sandwich; asymptotic Bonferroni bounds,,,,,,
110,0.9,5.0,validation,proxy_0.5,2.0,1.9909995955023065,0.8451895921338966,0.8482905405945981,-0.0031009484607015247,0.0010762570165509919,0.005948879969418333,4000,-7.818078854219526e-05,0.8315825593405107,True,0.05,20,paired cluster influence sandwich; asymptotic Bonferroni bounds,,,,,,
110,0.9,5.0,validation,generic_0.5,2.0,1.9909995955023065,0.9549681179595494,0.9535277757776498,0.0014403421818995898,0.0005259164263323104,0.0032508151618040088,4000,0.0029174272529631446,0.9443975598272286,True,0.05,20,paired cluster influence sandwich; asymptotic Bonferroni bounds,,,,,,
110,0.9,5.0,validation,proxy_0.75,2.0,1.9909995955023065,0.9111240619399642,0.9115013360855094,-0.00037727414554522554,0.0008318344666554361,0.004520049638287716,4000,0.0019590101208763894,0.8988063573647604,True,0.05,20,paired cluster influence sandwich; asymptotic Bonferroni bounds,,,,,,
110,0.9,5.0,validation,generic_0.75,2.0,1.9909995955023065,0.9578608030913979,0.9570680023521505,0.0007928007392473679,0.0005173892973463696,0.003067939032266691,4000,0.0022459365775174068,0.9484514109764118,True,0.05,20,paired cluster influence sandwich; asymptotic Bonferroni bounds,,,,,,
110,0.9,1.0,test,source,2.0,,0.9647367664431125,0.963858467038771,0.000878299404341476,0.0002612158899155756,0.0027042640531594253,4000,0.001611948463393833,0.9562632905789058,True,0.05,20,paired cluster influence sandwich; asymptotic Bonferroni bounds,0.000569407029145319,0.000308892375196157,0.9619045992100377,0.0,0.0,0.0
110,0.9,1.0,test,proxy_0,2.0,,0.6878524416998457,0.6740301641967361,0.013822277503109603,0.0011547599513931322,0.008443569416152543,4000,0.01706552795025785,0.6503156162065443,True,0.05,20,paired cluster influence sandwich; asymptotic Bonferroni bounds,0.013339375339862958,0.0004829021632466457,0.6890695402864557,0.012943978098768127,0.012769968310717639,0.00017400978805048872
110,0.9,1.0,test,proxy_0.25,2.0,,0.7788306842259877,0.7694291553899907,0.009401528835996986,0.0008910745451915432,0.007259497444520553,4000,0.011904194358513892,0.7490401833749772,True,0.05,20,paired cluster influence sandwich; asymptotic Bonferroni bounds,0.008924752017300919,0.00047677681869606747,0.7747986196907328,0.00852322943165551,0.0083553449881556,0.0001678844434999105
110,0.9,5.0,test,source,2.0,,0.9647367664431125,0.9623746335731385,0.0023621328699739985,0.0005914194157724673,0.002819292239561905,4000,0.004023189163398564,0.9544563897809377,True,0.05,20,paired cluster influence sandwich; asymptotic Bonferroni bounds,0.0,0.0023621328699739985,0.960038911407037,0.0,0.0,0.0
110,0.9,5.0,test,proxy_0,2.0,,0.6878524416998457,0.6946818258527042,-0.0068293841528584975,0.0014981697838520867,0.008164619902238383,4000,-0.002621635334136202,0.6717507334496606,True,0.05,20,paired cluster influence sandwich; asymptotic Bonferroni bounds,1.1102230246251565e-16,-0.0068293841528586086,0.6936617019434971,-0.009191517022832496,1.1102230246251565e-16,-0.009191517022832607
110,0.9,5.0,test,proxy_0.25,2.0,,0.7788306842259877,0.7806656624435124,-0.001834978217524763,0.0012305692380759343,0.007091748445881691,4000,0.0016211896438751306,0.7607478290527541,True,0.05,20,paired cluster influence sandwich; asymptotic Bonferroni bounds,0.0,-0.001834978217524763,0.7772773148106497,-0.004197111087498762,0.0,-0.004197111087498762
111,0.9,1.0,validation,source,2.0,1.9909995955023065,0.9618884964438681,0.9614824671082486,0.0004060293356195066,0.000194995258020933,0.0029141372299875206,4000,0.000953691606903865,0.9532978423619486,True,0.05,20,paired cluster influence sandwich; asymptotic Bonferroni bounds,,,,,,
111,0.9,1.0,validation,proxy_0.5,2.0,1.9909995955023065,0.8488742061613952,0.8464339048496253,0.0024403013117698658,0.00035109188848604097,0.0059449684743465864,4000,0.003426375450337576,0.8297369093923048,True,0.05,20,paired cluster influence sandwich; asymptotic Bonferroni bounds,,,,,,
111,0.9,1.0,validation,generic_0.5,2.0,1.9909995955023065,0.9589879118766331,0.9589262824239052,6.16294527279182e-05,0.00023119892584345277,0.002978278595716889,4000,0.0007109730835988626,0.9505615107017498,True,0.05,20,paired cluster influence sandwich; asymptotic Bonferroni bounds,,,,,,
111,0.9,1.0,validation,proxy_0.75,2.0,1.9909995955023065,0.9142389287626032,0.9131299736405954,0.0011089551220077043,0.0002623002391401332,0.004434166878252702,4000,0.0018456496764490972,0.9006762046184942,True,0.05,20,paired cluster influence sandwich; asymptotic Bonferroni bounds,,,,,,
111,0.9,1.0,validation,generic_0.75,2.0,1.9909995955023065,0.9613073294545531,0.9610153083560287,0.000292021098524442,0.00020075529901899094,0.0028964463445202327,4000,0.0008558609792937899,0.9528803701026947,True,0.05,20,paired cluster influence sandwich; asymptotic Bonferroni bounds,,,,,,
111,0.9,5.0,validation,source,2.0,1.9909995955023065,0.9618884964438681,0.9617504864726476,0.00013800997122048742,0.00039971221175389224,0.0028832340467816286,4000,0.0012606387980493483,0.9536526561831782,True,0.05,20,paired cluster influence sandwich; asymptotic Bonferroni bounds,,,,,,
111,0.9,5.0,validation,proxy_0.5,2.0,1.9909995955023065,0.8488742061613952,0.8465136606119791,0.0023605455494161154,0.0006191030912293413,0.005945962259505115,4000,0.004099354013493893,0.8298138740168504,True,0.05,20,paired cluster influence sandwich; asymptotic Bonferroni bounds,,,,,,
111,0.9,5.0,validation,generic_0.5,2.0,1.9909995955023065,0.9589879118766331,0.9590080383307694,-2.0126454136293326e-05,0.00039719427841093414,0.002982883708191259,4000,0.0010954305233176508,0.9506303327230271,True,0.05,20,paired cluster influence sandwich; asymptotic Bonferroni bounds,,,,,,
111,0.9,5.0,validation,proxy_0.75,2.0,1.9909995955023065,0.9142389287626032,0.9134169943778438,0.0008219343847593041,0.0005202698470776043,0.004422374501016099,4000,0.002283160514169583,0.9009963453411555,True,0.05,20,paired cluster influence sandwich; asymptotic Bonferroni bounds,,,,,,
111,0.9,5.0,validation,generic_0.75,2.0,1.9909995955023065,0.9613073294545531,0.9611950713439046,0.00011225811064852209,0.00039229147747125694,0.0028820953682830493,4000,0.0012140451168450603,0.9531004391386303,True,0.05,20,paired cluster influence sandwich; asymptotic Bonferroni bounds,,,,,,
111,0.9,1.0,test,source,2.0,,0.9582187128629676,0.9578384646625506,0.00038024820041693275,0.00016930142084250368,0.0029700019648949516,4000,0.0008557469464444949,0.9494969386258572,True,0.05,20,paired cluster influence sandwich; asymptotic Bonferroni bounds,9.828184331717171e-05,0.00028196635709976103,0.9603404171690185,0.0,0.0,0.0
111,0.9,1.0,test,proxy_0,2.0,,0.6674492535581529,0.6625487908082218,0.004900462749931056,0.0005249290643573551,0.008568278613205398,4000,0.006374774723293303,0.6384839854692043,True,0.05,20,paired cluster influence sandwich; asymptotic Bonferroni bounds,0.00442580896210365,0.00047465378782740597,0.6896822580540797,0.004520214549514123,0.004327527118786478,0.00019268743072764494
111,0.9,1.0,test,proxy_0.25,2.0,,0.7641879719028966,0.7607571103037384,0.003430861599158175,0.0004226739409599938,0.007389997570590845,4000,0.004617980572553984,0.7400016165785464,True,0.05,20,paired cluster influence sandwich; asymptotic Bonferroni bounds,0.00297596421240498,0.0004548973867531947,0.777800250208695,0.003050613398741242,0.0028776823690878084,0.00017293102965343365
111,0.9,5.0,test,source,2.0,,0.9582187128629676,0.9572886615263345,0.0009300513366330421,0.0003087298194032063,0.003009174278743615,4000,0.0017971476743779261,0.9488371164122975,True,0.05,20,paired cluster influence sandwich; asymptotic Bonferroni bounds,0.0,0.0009300513366330421,0.9592305101363812,0.0,0.0,0.0
111,0.9,5.0,test,proxy_0,2.0,,0.6674492535581529,0.6626206891032695,0.004828564454883333,0.000703283225089021,0.008563652541110273,4000,0.006803800634047722,0.6385688765168781,True,0.05,20,paired cluster influence sandwich; asymptotic Bonferroni bounds,1.1102230246251565e-16,0.004828564454883222,0.6905536615858654,0.003898513118250291,1.1102230246251565e-16,0.0038985131182501798
111,0.9,5.0,test,proxy_0.25,2.0,,0.7641879719028966,0.7603618572417463,0.0038261146611502372,0.0006445353946629488,0.007397150512955461,4000,0.005636352108700768,0.739586273814366,True,0.05,20,paired cluster influence sandwich; asymptotic Bonferroni bounds,0.0,0.0038261146611502372,0.7763489201602742,0.002896063324517195,0.0,0.002896063324517195
112,0.9,1.0,validation,source,2.0,1.9909995955023065,0.9601812511328195,0.9597181232382703,0.0004631278945491646,0.00017549004015718475,0.0030004910030935186,4000,0.0009560079520218934,0.9512909659094184,True,0.05,20,paired cluster influence sandwich; asymptotic Bonferroni bounds,,,,,,
112,0.9,1.0,validation,proxy_0.5,2.0,1.9909995955023065,0.8452437827736423,0.8428837680235501,0.0023600147500921764,0.00034444875760099563,0.006037838723329136,4000,0.0033274310393056595,0.8259259378566642,True,0.05,20,paired cluster influence sandwich; asymptotic Bonferroni bounds,,,,,,
112,0.9,1.0,validation,generic_0.5,2.0,1.9909995955023065,0.9568059800373752,0.9564586028662679,0.00034737717110722155,0.0001989579147610105,0.003199461633104268,4000,0.0009061689314500171,0.9474726180651147,True,0.05,20,paired cluster influence sandwich; asymptotic Bonferroni bounds,,,,,,
112,0.9,1.0,validation,proxy_0.75,2.0,1.9909995955023065,0.9061321633260208,0.9048560303501897,0.001276132975831068,0.000256646651190885,0.004641694967023654,4000,0.0019969489040503876,0.891819399439009,True,0.05,20,paired cluster influence sandwich; asymptotic Bonferroni bounds,,,,,,
112,0.9,1.0,validation,generic_0.75,2.0,1.9909995955023065,0.9593218707616923,0.9588694929343308,0.00045237782736151644,0.0001840958532529987,0.0030596475999768538,4000,0.0009694281092496318,0.9502761888153497,True,0.05,20,paired cluster influence sandwich; asymptotic Bonferroni bounds,,,,,,
112,0.9,5.0,validation,source,2.0,1.9909995955023065,0.9601812511328195,0.9586552415952599,0.0015260095375595473,0.0004339186084470367,0.003082848969699752,4000,0.002744710202727216,0.9499967742770897,True,0.05,20,paired cluster influence sandwich; asymptotic Bonferroni bounds,,,,,,
112,0.9,5.0,validation,proxy_0.5,2.0,1.9909995955023065,0.8452437827736423,0.8426322664516653,0.002611516321976981,0.0006372859514012459,0.0060582632532629205,4000,0.004401393035617638,0.8256170720977372,True,0.05,20,paired cluster influence sandwich; asymptotic Bonferroni bounds,,,,,,
112,0.9,5.0,validation,generic_0.5,2.0,1.9909995955023065,0.9568059800373752,0.9557132232076451,0.0010927568297300905,0.0004319319827923395,0.0032436321736729642,4000,0.002305877872453164,0.9466031813457345,True,0.05,20,paired cluster influence sandwich; asymptotic Bonferroni bounds,,,,,,
112,0.9,5.0,validation,proxy_0.75,2.0,1.9909995955023065,0.9061321633260208,0.9036626478915494,0.002469515434471381,0.000551475170292336,0.004702109630898885,4000,0.004018384608955647,0.8904563367923857,True,0.05,20,paired cluster influence sandwich; asymptotic Bonferroni bounds,,,,,,
112,0.9,5.0,validation,generic_0.75,2.0,1.9909995955023065,0.9593218707616923,0.9579359870999193,0.0013858836617729464,0.0004383051715084192,0.0031317333270363713,4000,0.0026169043962269716,0.9491402235293123,True,0.05,20,paired cluster influence sandwich; asymptotic Bonferroni bounds,,,,,,
112,0.9,1.0,test,source,2.0,,0.9582587434888913,0.9575652674166296,0.0006934760722616673,0.00017459101114641494,0.003045491144646944,4000,0.0011838311233573905,0.949011723015695,True,0.05,20,paired cluster influence sandwich; asymptotic Bonferroni bounds,0.00035117778375304276,0.00034229828850862454,0.9571183299622038,0.0,0.0,0.0
112,0.9,1.0,test,proxy_0,2.0,,0.6722328178640437,0.6668495926062569,0.005383225257786783,0.0006000251859518943,0.008527500533789482,4000,0.007068451655092081,0.6428993162861405,True,0.05,20,paired cluster influence sandwich; asymptotic Bonferroni bounds,0.0044257405311438625,0.000957484726642921,0.6958203758630728,0.004689749185525116,0.00407456274739082,0.0006151864381342964
112,0.9,1.0,test,proxy_0.25,2.0,,0.75962318423702,0.7560560033516968,0.0035671808853232623,0.0004722758582197311,0.0074639226578806376,4000,0.004893611444766002,0.73509288416104,True,0.05,20,paired cluster influence sandwich; asymptotic Bonferroni bounds,0.002637085024293606,0.0009300958610296561,0.7697293156138105,0.002873704813061595,0.0022859072405405634,0.0005877975725210316
112,0.9,5.0,test,source,2.0,,0.9582587434888913,0.9561555537490855,0.002103189739805833,0.0004682291538407788,0.003130404767658023,4000,0.003418254754599505,0.9473635215607389,True,0.05,20,paired cluster influence sandwich; asymptotic Bonferroni bounds,1.1102230246251565e-16,0.002103189739805722,0.9559922923192419,0.0,0.0,0.0
112,0.9,5.0,test,proxy_0,2.0,,0.6722328178640437,0.6707334338008617,0.0014993840631819522,0.0008069682908091578,0.00845224978732692,4000,0.0037658293679778076,0.6469945061829744,True,0.05,20,paired cluster influence sandwich; asymptotic Bonferroni bounds,0.0,0.0014993840631819522,0.6959492955936478,-0.0006038056766238808,-1.1102230246251565e-16,-0.0006038056766237698
112,0.9,5.0,test,proxy_0.25,2.0,,0.75962318423702,0.7577147180760259,0.00190846616099416,0.0007444943076306059,0.007432129837823685,4000,0.003999447488506662,0.7368408919698247,True,0.05,20,paired cluster influence sandwich; asymptotic Bonferroni bounds,0.0,0.00190846616099416,0.7681131273567646,-0.00019472357881167301,-1.1102230246251565e-16,-0.000194723578811562
113,0.9,1.0,validation,source,2.0,1.9909995955023065,0.9593457859664447,0.9581893710505331,0.0011564149159115633,0.00033548311089216413,0.0031070690515982574,4000,0.0020986503546268015,0.9494628793855258,True,0.05,20,paired cluster influence sandwich; asymptotic Bonferroni bounds,,,,,,
113,0.9,1.0,validation,proxy_0.5,2.0,1.9909995955023065,0.8505603885253589,0.8455779745471012,0.004982413978257716,0.0005590607048278082,0.0059964260846203975,4000,0.0065525878301724285,0.8287364556177566,True,0.05,20,paired cluster influence sandwich; asymptotic Bonferroni bounds,,,,,,
113,0.9,1.0,validation,generic_0.5,2.0,1.9909995955023065,0.9553539944462031,0.9549864711350823,0.0003675233111207765,0.0003458946444526661,0.0032980026740336435,4000,0.001339000507687817,0.9457237246791185,True,0.05,20,paired cluster influence sandwich; asymptotic Bonferroni bounds,,,,,,
113,0.9,1.0,validation,proxy_0.75,2.0,1.9909995955023065,0.913591325097472,0.9110890360596091,0.0025022890378628704,0.0004378798344497384,0.004564420721493084,4000,0.0037321151737303316,0.8982694370355039,True,0.05,20,paired cluster influence sandwich; asymptotic Bonferroni bounds,,,,,,
113,0.9,1.0,validation,generic_0.75,2.0,1.9909995955023065,0.9579405571427998,0.9570880533260673,0.0008525038167325194,0.0003297253779540585,0.003183010948546685,4000,0.0017785681283632561,0.9481482717985753,True,0.05,20,paired cluster influence sandwich; asymptotic Bonferroni bounds,,,,,,
113,0.9,5.0,validation,source,2.0,1.9909995955023065,0.9593457859664447,0.9566014449488898,0.002744341017554941,0.0006275018329375296,0.003208077438500279,4000,0.004506738126846559,0.9475912618590191,True,0.05,20,paired cluster influence sandwich; asymptotic Bonferroni bounds,,,,,,
113,0.9,5.0,validation,proxy_0.5,2.0,1.9909995955023065,0.8505603885253589,0.8451250505892395,0.005435337936119389,0.0008673570093094549,0.006026681025994846,4000,0.00787139055890589,0.8281985578503834,True,0.05,20,paired cluster influence sandwich; asymptotic Bonferroni bounds,,,,,,
113,0.9,5.0,validation,generic_0.5,2.0,1.9909995955023065,0.9553539944462031,0.9535776109056375,0.0017763835405655293,0.0006028191834815236,0.0033523681704148993,4000,0.003469457139123667,0.9441621739097609,True,0.05,20,paired cluster influence sandwich; asymptotic Bonferroni bounds,,,,,,
113,0.9,5.0,validation,proxy_0.75,2.0,1.9909995955023065,0.913591325097472,0.9097039677991978,0.0038873572982741633,0.0008000213142425374,0.004639630404314591,4000,0.006134291374932224,0.8966731354039089,True,0.05,20,paired cluster influence sandwich; asymptotic Bonferroni bounds,,,,,,
113,0.9,5.0,validation,generic_0.75,2.0,1.9909995955023065,0.9579405571427998,0.955617208756246,0.002323348386553792,0.0006147388968431944,0.0032600377977997277,4000,0.004049899605844688,0.9464610901770742,True,0.05,20,paired cluster influence sandwich; asymptotic Bonferroni bounds,,,,,,
113,0.9,1.0,test,source,2.0,,0.9569378056222875,0.955215857869995,0.0017219477522925075,0.00031695025742985427,0.003045389186763034,4000,0.0026121319528209217,0.9466625998272357,True,0.05,20,paired cluster influence sandwich; asymptotic Bonferroni bounds,0.0007480316043351198,0.0009739161479573877,0.9500983636626739,0.0,0.0,0.0
113,0.9,1.0,test,proxy_0,2.0,,0.6795882126019825,0.6684811183272494,0.01110709427473311,0.0008922386727312985,0.00851609161938746,4000,0.013613029357438081,0.6445628850016024,True,0.05,20,paired cluster influence sandwich; asymptotic Bonferroni bounds,0.008765370336896838,0.002341723937836271,0.6831154137454265,0.009385146522440602,0.008017338732561718,0.0013678077898788832
113,0.9,1.0,test,proxy_0.25,2.0,,0.7658951090683581,0.7572948707082875,0.008600238360070622,0.0007387460885479458,0.007460772475510975,4000,0.010675075281044215,0.736340599097049,True,0.05,20,paired cluster influence sandwich; asymptotic Bonferroni bounds,0.006182761221661615,0.0024174771384090077,0.7577698368472303,0.006878290607778115,0.005434729617326495,0.00144356099045162
113,0.9,5.0,test,source,2.0,,0.9569378056222875,0.9537532960767592,0.0031845095455282912,0.0006314572748721948,0.0031084279088930545,4000,0.0049580158804280496,0.9450229879349822,True,0.05,20,paired cluster influence sandwich; asymptotic Bonferroni bounds,-2.220446049250313e-16,0.0031845095455285133,0.9497345326437693,0.0,0.0,0.0
113,0.9,5.0,test,proxy_0,2.0,,0.6795882126019825,0.6702450678541167,0.009343144747865795,0.0009746965098307474,0.008466652294725938,4000,0.012080670315433901,0.6464656894581213,True,0.05,20,paired cluster influence sandwich; asymptotic Bonferroni bounds,-1.250052814594227e-07,0.009343269753147254,0.68242133009811,0.0061586352023375035,-1.2500528123737809e-07,0.006158760207618741
113,0.9,5.0,test,proxy_0.25,2.0,,0.7658951090683581,0.7570721112967024,0.008822997771655738,0.0009322543772919811,0.007452490124147556,4000,0.011441320672757785,0.7361411014375973,True,0.05,20,paired cluster influence sandwich; asymptotic Bonferroni bounds,-1.250052814594227e-07,0.008823122776937198,0.756563165440514,0.005638488226127447,-1.2500528123737809e-07,0.0056386132314086845
114,0.9,1.0,validation,source,2.0,1.9909995955023065,0.9621155397599644,0.961135787555522,0.0009797522044424634,0.0003133670240862717,0.0028065443551269433,4000,0.001859872561719481,0.9532533473793403,True,0.05,20,paired cluster influence sandwich; asymptotic Bonferroni bounds,,,,,,
114,0.9,1.0,validation,proxy_0.5,2.0,1.9909995955023065,0.8432207722467375,0.8397703894833763,0.0034503827633611817,0.0005425664920473502,0.006070004261959798,4000,0.00497423108856271,0.8227222194173445,True,0.05,20,paired cluster influence sandwich; asymptotic Bonferroni bounds,,,,,,
114,0.9,1.0,validation,generic_0.5,2.0,1.9909995955023065,0.9577549049485361,0.9571635286179394,0.0005913763305966935,0.0003247071974884593,0.003033115409999834,4000,0.0015033466168680554,0.9486447426158214,True,0.05,20,paired cluster influence sandwich; asymptotic Bonferroni bounds,,,,,,
114,0.9,1.0,validation,proxy_0.75,2.0,1.9909995955023065,0.9085816693087561,0.9063541642968698,0.0022275050118862882,0.0004580898664441123,0.004584371147791486,4000,0.00351409289743476,0.8934785326497635,True,0.05,20,paired cluster influence sandwich; asymptotic Bonferroni bounds,,,,,,
114,0.9,1.0,validation,generic_0.75,2.0,1.9909995955023065,0.9607054115871762,0.959877534724453,0.0008278768627231203,0.0003113799178729397,0.0028829611954646304,4000,0.0017024162478620369,0.951780470763219,True,0.05,20,paired cluster influence sandwich; asymptotic Bonferroni bounds,,,,,,
114,0.9,5.0,validation,source,2.0,1.9909995955023065,0.9621155397599644,0.9610434123476779,0.001072127412286572,0.000435445772108918,0.0028268032027101695,4000,0.0022951172582690842,0.9531040733187054,True,0.05,20,paired cluster influence sandwich; asymptotic Bonferroni bounds,,,,,,
114,0.9,5.0,validation,proxy_0.5,2.0,1.9909995955023065,0.8432207722467375,0.8412836428881965,0.0019371293585410676,0.0007147674209815512,0.00604156349780191,4000,0.003944619967224468,0.8243153513466674,True,0.05,20,paired cluster influence sandwich; asymptotic Bonferroni bounds,,,,,,
114,0.9,5.0,validation,generic_0.5,2.0,1.9909995955023065,0.9577549049485361,0.9571346535529706,0.0006202513955655409,0.00042861030347266074,0.0030201830029023963,4000,0.0018240431937769442,0.9486521894158869,True,0.05,20,paired cluster influence sandwich; asymptotic Bonferroni bounds,,,,,,
114,0.9,5.0,validation,proxy_0.75,2.0,1.9909995955023065,0.9085816693087561,0.9067875402719657,0.0017941290367903262,0.000599313659194733,0.004587128513765831,4000,0.003477357045191906,0.8939041643067279,True,0.05,20,paired cluster influence sandwich; asymptotic Bonferroni bounds,,,,,,
114,0.9,5.0,validation,generic_0.75,2.0,1.9909995955023065,0.9607054115871762,0.9598304096184217,0.0008750019687544519,0.00042287809622017615,0.002885444492325704,4000,0.0020626943311373627,0.9517263710875853,True,0.05,20,paired cluster influence sandwich; asymptotic Bonferroni bounds,,,,,,
114,0.9,1.0,test,source,2.0,,0.958052489889636,0.9576794764611526,0.00037301342848339303,0.0003449071166440297,0.003015427141514137,4000,0.001341717061589848,0.949210369601965,True,0.05,20,paired cluster influence sandwich; asymptotic Bonferroni bounds,0.00015838070170526297,0.00021463272677813006,0.9546866121436133,0.0,0.0,0.0
114,0.9,1.0,test,proxy_0,2.0,,0.6652603243716774,0.6602961456612438,0.004964178710433531,0.0007108224135394624,0.008571339143550473,4000,0.006960589399749168,0.6362227445388358,True,0.05,20,paired cluster influence sandwich; asymptotic Bonferroni bounds,0.004119648307339019,0.0008445304030945122,0.679633139783423,0.004591165281950138,0.003961267605633756,0.0006298976763163822
114,0.9,1.0,test,proxy_0.25,2.0,,0.7506778994043786,0.7471440221847986,0.003533877219579984,0.0006278650558414614,0.007580290606156791,4000,0.005297294474092407,0.7258540728162983,True,0.05,20,paired cluster influence sandwich; asymptotic Bonferroni bounds,0.0027380985715486084,0.0007957786480313755,0.7509818565769768,0.003160863791096591,0.0025797178698433454,0.0005811459212532455
114,0.9,5.0,test,source,2.0,,0.958052489889636,0.9570257029253054,0.0010267869643305616,0.0004959160030313201,0.0030613605195134934,4000,0.002419613063502868,0.9484275879129033,True,0.05,20,paired cluster influence sandwich; asymptotic Bonferroni bounds,0.0,0.0010267869643305616,0.9544329583093458,0.0,0.0,0.0
114,0.9,5.0,test,proxy_0,2.0,,0.6652603243716774,0.6631363729094247,0.002123951462252638,0.0009342608375302077,0.008516476357541963,4000,0.004747909693067118,0.6392170590109797,True,0.05,20,paired cluster influence sandwich; asymptotic Bonferroni bounds,0.0,0.002123951462252638,0.6820159934689216,0.0010971644979220763,0.0,0.0010971644979220763
114,0.9,5.0,test,proxy_0.25,2.0,,0.7506778994043786,0.7485734486441513,0.00210445076022725,0.0008549886168004958,0.0075542311277660805,4000,0.004505765605273198,0.727356689738172,True,0.05,20,paired cluster influence sandwich; asymptotic Bonferroni bounds,-1.1102230246251565e-16,0.002104450760227361,0.7527264261331378,0.0010776637958966884,-1.1102230246251565e-16,0.0010776637958967994
115,0.9,1.0,validation,source,2.0,1.9909995955023065,0.9615261618349026,0.9611771156735478,0.0003490461613547824,0.00020448641288141282,0.002874706260837751,4000,0.0009233652215311247,0.9531032364619992,True,0.05,20,paired cluster influence sandwich; asymptotic Bonferroni bounds,,,,,,
115,0.9,1.0,validation,proxy_0.5,2.0,1.9909995955023065,0.8440033694456092,0.843136754835827,0.0008666146097822125,0.0003435266146806327,0.006002547110351947,4000,0.0018314409750593886,0.8262780444378859,True,0.05,20,paired cluster influence sandwich; asymptotic Bonferroni bounds,,,,,,
115,0.9,1.0,validation,generic_0.5,2.0,1.9909995955023065,0.9580864569339295,0.9578180464366411,0.00026841049728831834,0.00022345720059632,0.003056381128890277,4000,0.0008960107746257679,0.9492339165047275,True,0.05,20,paired cluster influence sandwich; asymptotic Bonferroni bounds,,,,,,
115,0.9,1.0,validation,proxy_0.75,2.0,1.9909995955023065,0.9074335080814437,0.9070179531243007,0.00041555495714307167,0.00028168982129522124,0.00455494243397344,4000,0.0012067069517811397,0.8942249747499671,True,0.05,20,paired cluster influence sandwich; asymptotic Bonferroni bounds,,,,,,
115,0.9,1.0,validation,generic_0.75,2.0,1.9909995955023065,0.9605722856847818,0.9601692323809824,0.0004030533037994166,0.00021099667326397064,0.002932497614605637,4000,0.0009956570341977467,0.951933040791244,True,0.05,20,paired cluster influence sandwich; asymptotic Bonferroni bounds,,,,,,
115,0.9,5.0,validation,source,2.0,1.9909995955023065,0.9615261618349026,0.9607710619729459,0.000755099861956654,0.00042468627118852993,0.00292061216206605,4000,0.0019478706514772226,0.9525682517792431,True,0.05,20,paired cluster influence sandwich; asymptotic Bonferroni bounds,,,,,,
115,0.9,5.0,validation,proxy_0.5,2.0,1.9909995955023065,0.8440033694456092,0.8425928078988445,0.001410561546764666,0.0006609631474375234,0.00602625518234948,4000,0.0032669378619365596,0.8256675111813707,True,0.05,20,paired cluster influence sandwich; asymptotic Bonferroni bounds,,,,,,
115,0.9,5.0,validation,generic_0.5,2.0,1.9909995955023065,0.9580864569339295,0.9576253959586155,0.00046106097531395385,0.0004052791561340673,0.00306919913335344,4000,0.0015993250818634789,0.9490052654720789,True,0.05,20,paired cluster influence sandwich; asymptotic Bonferroni bounds,,,,,,
115,0.9,5.0,validation,proxy_0.75,2.0,1.9909995955023065,0.9074335080814437,0.906506885535612,0.0009266225458317567,0.0005409268697458885,0.004587610574712865,4000,0.0024458658396967247,0.893622155657485,True,0.05,20,paired cluster influence sandwich; asymptotic Bonferroni bounds,,,,,,
115,0.9,5.0,validation,generic_0.75,2.0,1.9909995955023065,0.9605722856847818,0.9598734432628716,0.0006988424219102063,0.00040482432958500883,0.0029689107932763564,4000,0.0018358291059037885,0.9515349818828938,True,0.05,20,paired cluster influence sandwich; asymptotic Bonferroni bounds,,,,,,
115,0.9,1.0,test,source,2.0,,0.9572459572459573,0.9563472063472063,0.0008987508987510218,0.00021869796629941988,0.00306619525203474,4000,0.0015129844250655572,0.9477355125400143,True,0.05,20,paired cluster influence sandwich; asymptotic Bonferroni bounds,0.0007693757693757464,0.0001293751293752754,0.9516778501434071,0.0,0.0,0.0
115,0.9,1.0,test,proxy_0,2.0,,0.6532131532131532,0.6496718996718996,0.003541253541253564,0.0004374650128430811,0.00867520225207311,4000,0.004769914612156956,0.6253067893741328,True,0.05,20,paired cluster influence sandwich; asymptotic Bonferroni bounds,0.003823628823628744,-0.00028237528237518017,0.6738811979322308,0.002642502642502542,0.0030542530542529978,-0.00041175041175045557
115,0.9,1.0,test,proxy_0.25,2.0,,0.7501245001245002,0.7471864971864972,0.002938002938002948,0.000403505175959599,0.007591750736498731,4000,0.004071284656665592,0.7258643609788092,True,0.05,20,paired cluster influence sandwich; asymptotic Bonferroni bounds,0.0031193781193781245,-0.00018137518137517628,0.7529941110795639,0.0020392520392519264,0.002350002350002378,-0.0003107503107504517
115,0.9,5.0,test,source,2.0,,0.9572459572459573,0.9569654569654571,0.0002805002805001955,0.00042760922311256354,0.003019466133523705,4000,0.0014814804516530057,0.9484850062225253,True,0.05,20,paired cluster influence sandwich; asymptotic Bonferroni bounds,0.0,0.0002805002805001955,0.9539563817226347,0.0,0.0,0.0
115,0.9,5.0,test,proxy_0,2.0,,0.6532131532131532,0.6528131528131529,0.0004000004000003221,0.0007196437536294171,0.00863189965095248,4000,0.002421186641288191,0.6285696618876874,True,0.05,20,paired cluster influence sandwich; asymptotic Bonferroni bounds,-1.1102230246251565e-16,0.00040000040000043313,0.6744855666923448,0.00011950011950012662,-1.1102230246251565e-16,0.00011950011950023764
115,0.9,5.0,test,proxy_0.25,2.0,,0.7501245001245002,0.7495487495487495,0.0005757505757506554,0.0007010048831049917,0.007551941984698472,4000,0.00254458782009786,0.7283384199134325,True,0.05,20,paired cluster influence sandwich; asymptotic Bonferroni bounds,0.0,0.0005757505757506554,0.7533205830545714,0.00029525029525045987,0.0,0.00029525029525045987
116,0.9,1.0,validation,source,2.0,1.9909995955023065,0.9594218847969631,0.9591821326391937,0.00023975215776939063,0.0002721093304826136,0.0029126205254322688,4000,0.001003996455206492,0.9510017676983373,True,0.05,20,paired cluster influence sandwich; asymptotic Bonferroni bounds,,,,,,
116,0.9,1.0,validation,proxy_0.5,2.0,1.9909995955023065,0.8407219414974735,0.8377070393633543,0.003014902134119146,0.0005977950097813635,0.0060893960505893855,4000,0.00469386487476267,0.8206044056600375,True,0.05,20,paired cluster influence sandwich; asymptotic Bonferroni bounds,,,,,,
116,0.9,1.0,validation,generic_0.5,2.0,1.9909995955023065,0.9561316051844467,0.9562926066334597,-0.0001610014490129874,0.0002922763630572618,0.0031106329286460324,4000,0.0006598838302458966,0.9475561054891534,True,0.05,20,paired cluster influence sandwich; asymptotic Bonferroni bounds,,,,,,
116,0.9,1.0,validation,proxy_0.75,2.0,1.9909995955023065,0.9066972852755676,0.9053917735259618,0.0013055117496058033,0.0004391148964618616,0.0045647071013736286,4000,0.0025388066717073575,0.8925713701773955,True,0.05,20,paired cluster influence sandwich; asymptotic Bonferroni bounds,,,,,,
116,0.9,1.0,validation,generic_0.75,2.0,1.9909995955023065,0.958629127662149,0.9585531269781428,7.600068400626103e-05,0.0002776411934067826,0.002965969904932389,4000,0.0008557817316404308,0.9502229253558964,True,0.05,20,paired cluster influence sandwich; asymptotic Bonferroni bounds,,,,,,
116,0.9,5.0,validation,source,2.0,1.9909995955023065,0.9594218847969631,0.9587753789784108,0.0006465058185523009,0.0004901592052671887,0.002965955253914775,4000,0.0020231634171629653,0.9504452185049066,True,0.05,20,paired cluster influence sandwich; asymptotic Bonferroni bounds,,,,,,
116,0.9,5.0,validation,proxy_0.5,2.0,1.9909995955023065,0.8407219414974735,0.8393155538399846,0.0014063876574889056,0.0008312225418791559,0.0060724563364263524,4000,0.0037409532764098885,0.8222604968953416,True,0.05,20,paired cluster influence sandwich; asymptotic Bonferroni bounds,,,,,,
116,0.9,5.0,validation,generic_0.5,2.0,1.9909995955023065,0.9561316051844467,0.9562668564017076,-0.00013525121726087885,0.0004909526997878818,0.0031008498573086205,4000,0.0012436349843212892,0.9475578319207989,True,0.05,20,paired cluster influence sandwich; asymptotic Bonferroni bounds,,,,,,
116,0.9,5.0,validation,proxy_0.75,2.0,1.9909995955023065,0.9066972852755676,0.9052441471973248,0.001453138078242766,0.0006785705771120947,0.004620013510809337,4000,0.0033589664930447965,0.8922684106672465,True,0.05,20,paired cluster influence sandwich; asymptotic Bonferroni bounds,,,,,,
116,0.9,5.0,validation,generic_0.75,2.0,1.9909995955023065,0.958629127662149,0.9584258758328824,0.00020325182926661522,0.0004727928668149904,0.0029813601275071543,4000,0.0015311344553104967,0.9500524493428295,True,0.05,20,paired cluster influence sandwich; asymptotic Bonferroni bounds,,,,,,
116,0.9,1.0,test,source,2.0,,0.956039939235078,0.955595028197284,0.00044491103779398244,0.0003257444374771434,0.0030427033793591724,4000,0.0013597945087952452,0.9470493134937729,True,0.05,20,paired cluster influence sandwich; asymptotic Bonferroni bounds,0.00034052758273428463,0.00010438345505969782,0.9547709932059095,0.0,0.0,0.0
116,0.9,1.0,test,proxy_0,2.0,,0.6840746600474639,0.6764464171597899,0.007628242887673942,0.0008774767630161571,0.008419667088080892,4000,0.010092717777525295,0.6527990010753355,True,0.05,20,paired cluster influence sandwich; asymptotic Bonferroni bounds,0.007300341327647564,0.00032790156002637794,0.7047199165995751,0.007183331849879959,0.006959813744913279,0.00022351810496668012
116,0.9,1.0,test,proxy_0.25,2.0,,0.7723020564665738,0.7668822424616394,0.005419814004934409,0.0007234136873000835,0.00729990169968182,4000,0.0074515884546619265,0.7463797913478225,True,0.05,20,paired cluster influence sandwich; asymptotic Bonferroni bounds,0.004959651731790138,0.00046016227314427116,0.7790418348852769,0.004974902967140427,0.004619124149055853,0.00035577881808457335
116,0.9,5.0,test,source,2.0,,0.956039939235078,0.9540707797331585,0.0019691595019195596,0.0005651869758505872,0.003167434698813029,4000,0.003556539554317766,0.9451747455480061,True,0.05,20,paired cluster influence sandwich; asymptotic Bonferroni bounds,0.0,0.0019691595019195596,0.9511200693118835,0.0,0.0,0.0
116,0.9,5.0,test,proxy_0,2.0,,0.6840746600474639,0.6797810622660435,0.004293597781420355,0.000989131529843457,0.008356369981863409,4000,0.0070716654417882115,0.656311421976286,True,0.05,20,paired cluster influence sandwich; asymptotic Bonferroni bounds,1.1102230246251565e-16,0.004293597781420244,0.7011172253787669,0.0023244382795007956,1.1102230246251565e-16,0.0023244382795006846
116,0.9,5.0,test,proxy_0.25,2.0,,0.7723020564665738,0.7682084748864657,0.0040935815801080855,0.0009083722343260434,0.00727838091090309,4000,0.006644829267214625,0.7477664669043537,True,0.05,20,paired cluster influence sandwich; asymptotic Bonferroni bounds,0.0,0.0040935815801080855,0.7755287145385032,0.002124422078188526,0.0,0.002124422078188526
117,0.9,1.0,validation,source,2.0,1.9909995955023065,0.9581289378937894,0.9572473497349735,0.0008815881588158936,0.0002274664214152651,0.002997325737081297,4000,0.0015204487047468917,0.9488290823493493,True,0.05,20,paired cluster influence sandwich; asymptotic Bonferroni bounds,,,,,,
117,0.9,1.0,validation,proxy_0.5,2.0,1.9909995955023065,0.8389047654765476,0.8321067106710671,0.006798054805480458,0.0006488127208881052,0.006204002578681531,4000,0.008620305520529226,0.8146821939018952,True,0.05,20,paired cluster influence sandwich; asymptotic Bonferroni bounds,,,,,,
117,0.9,1.0,validation,generic_0.5,2.0,1.9909995955023065,0.9526397639763976,0.9529307930793081,-0.00029102910291045614,0.00030096667842156074,0.0031958110499267947,4000,0.0005542637332238797,0.9439550612796626,True,0.05,20,paired cluster influence sandwich; asymptotic Bonferroni bounds,,,,,,
117,0.9,1.0,validation,proxy_0.75,2.0,1.9909995955023065,0.909240299029903,0.90627400240024,0.002966296629662968,0.00037956410731633777,0.004551379215945022,4000,0.004032337636098981,0.8934910316542884,True,0.05,20,paired cluster influence sandwich; asymptotic Bonferroni bounds,,,,,,
117,0.9,1.0,validation,generic_0.75,2.0,1.9909995955023065,0.95619699469947,0.9558755875587559,0.0003214071407140473,0.00024005268578826394,0.003051854695422679,4000,0.0009956173777270817,0.9473041705351399,True,0.05,20,paired cluster influence sandwich; asymptotic Bonferroni bounds,,,,,,
117,0.9,5.0,validation,source,2.0,1.9909995955023065,0.9581289378937894,0.9567366736673667,0.0013922642264226903,0.0006235537934176826,0.0030845803858211736,4000,0.003143572900474884,0.9480733435064012,True,0.05,20,paired cluster influence sandwich; asymptotic Bonferroni bounds,,,,,,
117,0.9,5.0,validation,proxy_0.5,2.0,1.9909995955023065,0.8389047654765476,0.8362266226622663,0.002678142814281248,0.0008919192358602228,0.006148332511826591,4000,0.005183180728900592,0.8189584604402038,True,0.05,20,paired cluster influence sandwich; asymptotic Bonferroni bounds,,,,,,
117,0.9,5.0,validation,generic_0.5,2.0,1.9909995955023065,0.9526397639763976,0.9512736273627362,0.0013661366136613617,0.0006007770015431457,0.003302223661837688,4000,0.003053474554798395,0.9419990258709562,True,0.05,20,paired cluster influence sandwich; asymptotic Bonferroni bounds,,,,,,
117,0.9,5.0,validation,proxy_0.75,2.0,1.9909995955023065,0.909240299029903,0.9071142114211421,0.0021260876087608738,0.0007732726486461938,0.004579094077454464,4000,0.004297895576697118,0.8942534009156157,True,0.05,20,paired cluster influence sandwich; asymptotic Bonferroni bounds,,,,,,
117,0.9,5.0,validation,generic_0.75,2.0,1.9909995955023065,0.95619699469947,0.9546953445344535,0.001501650165016466,0.0006195779763972827,0.0031614504023958277,4000,0.0032417923881420973,0.9458161178009342,True,0.05,20,paired cluster influence sandwich; asymptotic Bonferroni bounds,,,,,,
117,0.9,1.0,test,source,2.0,,0.9605343374529288,0.9597084254036188,0.0008259120493100403,0.0002196130710711892,0.002982506255005228,4000,0.001442715732267649,0.9513317799081646,True,0.05,20,paired cluster influence sandwich; asymptotic Bonferroni bounds,0.000425026373399251,0.0004008856759107893,0.961109677654729,0.0,0.0,0.0
117,0.9,1.0,test,proxy_0,2.0,,0.6723036654584644,0.6577886020384756,0.014515063419988872,0.001123283279258387,0.008609752282371978,4000,0.017669908713449034,0.6336073140522142,True,0.05,20,paired cluster influence sandwich; asymptotic Bonferroni bounds,0.013322162736319365,0.0011929006836695066,0.6919568274727597,0.013689151370678831,0.012897136362920114,0.0007920150077587174
117,0.9,1.0,test,proxy_0.25,2.0,,0.7595178764991936,0.7499220117881652,0.009595864711028357,0.0008302036634990243,0.00755221492195222,4000,0.01192756871550041,0.7287109155832515,True,0.05,20,paired cluster influence sandwich; asymptotic Bonferroni bounds,0.008479013478514319,0.0011168512325140378,0.7681616283108629,0.008769952661718317,0.008053987105115068,0.0007159655566032486
117,0.9,5.0,test,source,2.0,,0.9605343374529288,0.9580433426835799,0.0024909947693488865,0.0006281591804490472,0.003140354797228523,4000,0.004255238100106783,0.9492233649141499,True,0.05,20,paired cluster influence sandwich; asymptotic Bonferroni bounds,1.1102230246251565e-16,0.0024909947693487755,0.9591230882653471,0.0,0.0,0.0
117,0.9,5.0,test,proxy_0,2.0,,0.6723036654584644,0.6665756908429705,0.005727974615493903,0.0011236615402440279,0.008464529678670712,4000,0.008883882290022389,0.642802274011075,True,0.05,20,paired cluster influence sandwich; asymptotic Bonferroni bounds,0.0,0.005727974615493903,0.6939032534549155,0.003236979846145016,-1.1102230246251565e-16,0.003236979846145127
117,0.9,5.0,test,proxy_0.25,2.0,,0.7595178764991936,0.7536307984266769,0.005887078072516649,0.0010517430185211017,0.007501072372604278,4000,0.008840995907118038,0.7325633408159498,True,0.05,20,paired cluster influence sandwich; asymptotic Bonferroni bounds,-1.1102230246251565e-16,0.00588707807251676,0.7676114924417128,0.003396083303167763,-2.220446049250313e-16,0.003396083303167985
118,0.9,1.0,validation,source,2.0,1.9909995955023065,0.9597930671856573,0.959271259656377,0.000521807529280216,0.00026832930955926753,0.0028440860076894186,4000,0.0012754352872927541,0.9512833802663457,True,0.05,20,paired cluster influence sandwich; asymptotic Bonferroni bounds,,,,,,
118,0.9,1.0,validation,proxy_0.5,2.0,1.9909995955023065,0.847508437805268,0.8424392539277455,0.005069183877522421,0.0006202161514895866,0.005999728269605257,4000,0.006811118474596401,0.825588460505537,True,0.05,20,paired cluster influence sandwich; asymptotic Bonferroni bounds,,,,,,
118,0.9,1.0,validation,generic_0.5,2.0,1.9909995955023065,0.9563959426526776,0.9563515627597943,4.437989288330613e-05,0.0003091848687137814,0.0030183350434607,4000,0.0009127542788305172,0.9478742887882323,True,0.05,20,paired cluster influence sandwich; asymptotic Bonferroni bounds,,,,,,
118,0.9,1.0,validation,proxy_0.75,2.0,1.9909995955023065,0.9104921317575262,0.9081561242126945,0.002336007544831653,0.0004143525830258175,0.004479724721962079,4000,0.0034997552125215986,0.8955744017602693,True,0.05,20,paired cluster influence sandwich; asymptotic Bonferroni bounds,,,,,,
118,0.9,1.0,validation,generic_0.75,2.0,1.9909995955023065,0.9590182317600515,0.9586871952632777,0.00033103649677379554,0.00027999742528595455,0.0028784852353181682,4000,0.0011174352402212725,0.9506027024513366,True,0.05,20,paired cluster influence sandwich; asymptotic Bonferroni bounds,,,,,,
118,0.9,5.0,validation,source,2.0,1.9909995955023065,0.9597930671856573,0.9596643029894046,0.0001287641962526287,0.0004125787794537284,0.002818852083570383,4000,0.0012875299720598579,0.951747295416138,True,0.05,20,paired cluster influence sandwich; asymptotic Bonferroni bounds,,,,,,
118,0.9,5.0,validation,proxy_0.5,2.0,1.9909995955023065,0.847508437805268,0.8484600427197099,-0.0009516049144419059,0.0007687604927588196,0.005890266818723935,4000,0.0012075302451053098,0.8319166819367162,True,0.05,20,paired cluster influence sandwich; asymptotic Bonferroni bounds,,,,,,
118,0.9,5.0,validation,generic_0.5,2.0,1.9909995955023065,0.9563959426526776,0.9560944094086374,0.0003015332440401419,0.0004052583730645173,0.0030046230791055417,4000,0.0014397389794108518,0.9476556467609852,True,0.05,20,paired cluster influence sandwich; asymptotic Bonferroni bounds,,,,,,
118,0.9,5.0,validation,proxy_0.75,2.0,1.9909995955023065,0.9104921317575262,0.9105081335217209,-1.6001764194695234e-05,0.0005948008510826483,0.004439724450938777,4000,0.0016545516039842524,0.8980387555411712,True,0.05,20,paired cluster influence sandwich; asymptotic Bonferroni bounds,,,,,,
118,0.9,5.0,validation,generic_0.75,2.0,1.9909995955023065,0.9590182317600515,0.9588594642559343,0.00015876750411725205,0.0003931442252671275,0.002856789038883988,4000,0.0012629495316053801,0.9508359072243704,True,0.05,20,paired cluster influence sandwich; asymptotic Bonferroni bounds,,,,,,
118,0.9,1.0,test,source,2.0,,0.9642728033648539,0.9632605371685946,0.0010122661962592705,0.0002527642922475868,0.002776611993056145,4000,0.0017221781592313963,0.9554621648080254,True,0.05,20,paired cluster influence sandwich; asymptotic Bonferroni bounds,0.0010005160082562359,1.1750188003034623e-05,0.961674790409079,0.0,0.0,0.0
118,0.9,1.0,test,proxy_0,2.0,,0.6858560986975792,0.6710992375878013,0.014756861109777919,0.001199117737926258,0.008493067314951728,4000,0.018124694515344927,0.6472456701570586,True,0.05,20,paired cluster influence sandwich; asymptotic Bonferroni bounds,0.014765986255780184,-9.12514600226455e-06,0.7075766706807747,0.013744594913518648,0.013765470247523948,-2.0875334005299173e-05
118,0.9,1.0,test,proxy_0.25,2.0,,0.7733494985919774,0.7635112161794589,0.009838282412518495,0.0009059611833472161,0.0073393881999850846,4000,0.01238275843928494,0.7428978635664947,True,0.05,20,paired cluster influence sandwich; asymptotic Bonferroni bounds,0.009933408934542864,-9.512652202436911e-05,0.7830840849059651,0.008826016216259225,0.008932892926286629,-0.00010687671002740373
118,0.9,5.0,test,source,2.0,,0.9642728033648539,0.963465165442647,0.0008076379222068386,0.00035958401228674414,0.0027725065072149325,4000,0.0018175629782579974,0.9556783237199166,True,0.05,20,paired cluster influence sandwich; asymptotic Bonferroni bounds,-1.250019999732288e-07,0.0008077629242068118,0.9620236623125705,0.0,0.0,0.0
118,0.9,5.0,test,proxy_0,2.0,,0.6858560986975792,0.6907523020368327,-0.0048962033392534465,0.0010913699463332774,0.008204120421222824,4000,-0.0018309896018188325,0.6677102687618751,True,0.05,20,paired cluster influence sandwich; asymptotic Bonferroni bounds,-1.250019999732288e-07,-0.004896078337253473,0.7185863372407051,-0.005703841261460285,0.0,-0.005703841261460285
118,0.9,5.0,test,proxy_0.25,2.0,,0.7733494985919774,0.7768046788748619,-0.0034551802828844957,0.000908273235849593,0.007103715464230598,4000,-0.0009042106421828619,0.7568532350029258,True,0.05,20,paired cluster influence sandwich; asymptotic Bonferroni bounds,-1.250020000842511e-07,-0.0034550552808844115,0.7917253718903784,-0.004262818205091334,-1.1102230246251565e-16,-0.004262818205091223
119,0.9,1.0,validation,source,2.0,1.9909995955023065,0.9573887728814645,0.9570246245759728,0.0003641483054916961,0.0002105240479141887,0.003059159637160331,4000,0.0009554246237511098,0.9484326909458288,True,0.05,20,paired cluster influence sandwich; asymptotic Bonferroni bounds,,,,,,
119,0.9,1.0,validation,proxy_0.5,2.0,1.9909995955023065,0.8299593673995136,0.8269144225230415,0.003044944876472111,0.0004837808018309833,0.006329538449636716,4000,0.004403688137326597,0.8091373266147011,True,0.05,20,paired cluster influence sandwich; asymptotic Bonferroni bounds,,,,,,
119,0.9,1.0,validation,generic_0.5,2.0,1.9909995955023065,0.9530572456637225,0.9530399945596519,1.725110407058139e-05,0.00024295604074588768,0.003264978813486644,4000,0.0006996156828177427,0.9438699986795601,True,0.05,20,paired cluster influence sandwich; asymptotic Bonferroni bounds,,,,,,
119,0.9,1.0,validation,proxy_0.75,2.0,1.9909995955023065,0.8963118639592934,0.8949229000656043,0.0013889638936891435,0.00033672026635318944,0.004902385291923953,4000,0.0023346739982839193,0.8811540961934717,True,0.05,20,paired cluster influence sandwich; asymptotic Bonferroni bounds,,,,,,
119,0.9,1.0,validation,generic_0.75,2.0,1.9909995955023065,0.9559106782834101,0.9556211597542243,0.0002895185291857949,0.00022092774826282135,0.003144471661459891,4000,0.0009100146049948121,0.9467896193896912,True,0.05,20,paired cluster influence sandwich; asymptotic Bonferroni bounds,,,,,,
119,0.9,5.0,validation,source,2.0,1.9909995955023065,0.9573887728814645,0.9559410552275345,0.0014477176539300363,0.00044992010623792674,0.003115064158307913,4000,0.002711360010054978,0.9471921085636507,True,0.05,20,paired cluster influence sandwich; asymptotic Bonferroni bounds,,,,,,
119,0.9,5.0,validation,proxy_0.5,2.0,1.9909995955023065,0.8299593673995136,0.8282916356646827,0.001667731734830924,0.0007212364748511043,0.006316830490356053,4000,0.003693391281421932,0.8105502312388617,True,0.05,20,paired cluster influence sandwich; asymptotic Bonferroni bounds,,,,,,
119,0.9,5.0,validation,generic_0.5,2.0,1.9909995955023065,0.9530572456637225,0.951826666906682,0.001230578757040468,0.00044849336548054703,0.0033075225721674083,4000,0.0024902139793937946,0.9425371829336767,True,0.05,20,paired cluster influence sandwich; asymptotic Bonferroni bounds,,,,,,
119,0.9,5.0,validation,proxy_0.75,2.0,1.9909995955023065,0.8963118639592934,0.8946876350086407,0.0016242289506527285,0.0006147279657408943,0.004929549808335288,4000,0.0033507494689287683,0.8808425370721952,True,0.05,20,paired cluster influence sandwich; asymptotic Bonferroni bounds,,,,,,
119,0.9,5.0,validation,generic_0.75,2.0,1.9909995955023065,0.9559106782834101,0.9546023445500512,0.001308333733358924,0.00045070322773000396,0.00318809953535387,4000,0.0025741755588422266,0.9456482712544582,True,0.05,20,paired cluster influence sandwich; asymptotic Bonferroni bounds,,,,,,
119,0.9,1.0,test,source,2.0,,0.9641191484127553,0.9642275256073936,-0.00010837719463829831,0.00019672020734244267,0.002722152041315909,4000,0.0004441297568339597,0.9565821090733752,True,0.05,20,paired cluster influence sandwich; asymptotic Bonferroni bounds,-2.2125448040477558e-05,-8.625174659782076e-05,0.9614870292683664,0.0,0.0,0.0
119,0.9,1.0,test,proxy_0,2.0,,0.6861487695125827,0.6772482142763392,0.008900555236243557,0.0008982320829849893,0.008426953065956155,4000,0.011423323367636939,0.6535803348471235,True,0.05,20,paired cluster influence sandwich; asymptotic Bonferroni bounds,0.008920055631126633,-1.950039488307631e-05,0.6973111153472279,0.009008932430881855,0.00894218107916711,6.675135171474444e-05
119,0.9,1.0,test,proxy_0.25,2.0,,0.7717800035450717,0.765807132594435,0.0059728709506366995,0.0006984016398750039,0.007320143505811978,4000,0.00793439674487732,0.7452478304903292,True,0.05,20,paired cluster influence sandwich; asymptotic Bonferroni bounds,0.0059669958316656,5.875118971099269e-06,0.7673879913851097,0.006081248145274998,0.005989121279706078,9.212686556892002e-05
119,0.9,5.0,test,source,2.0,,0.9641191484127553,0.962779996294925,0.0013391521178303112,0.0003822242350177139,0.0027982897291359498,4000,0.0024126643396878075,0.9549207400015962,True,0.05,20,paired cluster influence sandwich; asymptotic Bonferroni bounds,1.250025312149461e-07,0.0013390271152990962,0.9599826860996465,0.0,0.0,0.0
119,0.9,5.0,test,proxy_0,2.0,,0.6861487695125827,0.6857666367743948,0.0003821327381879902,0.0008673854020482656,0.008280192593963792,4000,0.002818265104615352,0.662510947745304,True,0.05,20,paired cluster influence sandwich; asymptotic Bonferroni bounds,1.250025314369907e-07,0.0003820077356565532,0.6968019503854942,-0.000957019379642321,2.220446049250313e-16,-0.000957019379642543
119,0.9,5.0,test,proxy_0.25,2.0,,0.7717800035450717,0.7703159738984715,0.0014640296466001956,0.0007809455875113532,0.007240725077945502,4000,0.003657387775135053,0.749979725816441,True,0.05,20,paired cluster influence sandwich; asymptotic Bonferroni bounds,1.250025312149461e-07,0.0014639046440689807,0.7659880599492731,0.00012487752876988445,0.0,0.00012487752876988445
