seed,strength,policy,bound_rule,uncertainty_bounds,safety_margin,selected_candidate,n_search_candidates,environment,abstained,failed,auc,gap
300,1.0,standard_c1_source,point,False,0.0,,2,state_CO,True,,,
300,1.0,standard_c1_source,point,False,0.0,,2,state_UT,True,,,
300,1.0,standard_c1_source,point,False,0.01,,2,state_CO,True,,,
300,1.0,standard_c1_source,point,False,0.01,,2,state_UT,True,,,
300,1.0,standard_c1_source,sandwich,True,0.0,,2,state_CO,True,,,
300,1.0,standard_c1_source,sandwich,True,0.0,,2,state_UT,True,,,
300,1.0,standard_c1_source,sandwich,True,0.01,,2,state_CO,True,,,
300,1.0,standard_c1_source,sandwich,True,0.01,,2,state_UT,True,,,
300,1.0,standard_c1_source,concentration,True,0.0,,2,state_CO,True,,,
300,1.0,standard_c1_source,concentration,True,0.0,,2,state_UT,True,,,
300,1.0,standard_c1_source,concentration,True,0.01,,2,state_CO,True,,,
300,1.0,standard_c1_source,concentration,True,0.01,,2,state_UT,True,,,
300,1.0,standard_c1_shift,point,False,0.0,,2,state_CO,True,,,
300,1.0,standard_c1_shift,point,False,0.0,,2,state_UT,True,,,
300,1.0,standard_c1_shift,point,False,0.01,,2,state_CO,True,,,
300,1.0,standard_c1_shift,point,False,0.01,,2,state_UT,True,,,
300,1.0,standard_c1_shift,sandwich,True,0.0,,2,state_CO,True,,,
300,1.0,standard_c1_shift,sandwich,True,0.0,,2,state_UT,True,,,
300,1.0,standard_c1_shift,sandwich,True,0.01,,2,state_CO,True,,,
300,1.0,standard_c1_shift,sandwich,True,0.01,,2,state_UT,True,,,
300,1.0,standard_c1_shift,concentration,True,0.0,,2,state_CO,True,,,
300,1.0,standard_c1_shift,concentration,True,0.0,,2,state_UT,True,,,
300,1.0,standard_c1_shift,concentration,True,0.01,,2,state_CO,True,,,
300,1.0,standard_c1_shift,concentration,True,0.01,,2,state_UT,True,,,
300,1.0,standard_c5_source,point,False,0.0,standard_c5:E2,2,state_CO,False,False,0.8274601964635714,0.009649214367123515
300,1.0,standard_c5_source,point,False,0.0,standard_c5:E2,2,state_UT,False,False,0.856584268349696,0.012101449275362386
300,1.0,standard_c5_source,point,False,0.01,standard_c5:E2,2,state_CO,False,False,0.8274601964635714,0.009649214367123515
300,1.0,standard_c5_source,point,False,0.01,standard_c5:E2,2,state_UT,False,False,0.856584268349696,0.012101449275362386
300,1.0,standard_c5_source,sandwich,True,0.0,standard_c5:E2,2,state_CO,False,False,0.8274601964635714,0.009649214367123515
300,1.0,standard_c5_source,sandwich,True,0.0,standard_c5:E2,2,state_UT,False,False,0.856584268349696,0.012101449275362386
300,1.0,standard_c5_source,sandwich,True,0.01,standard_c5:E2,2,state_CO,False,False,0.8274601964635714,0.009649214367123515
300,1.0,standard_c5_source,sandwich,True,0.01,standard_c5:E2,2,state_UT,False,False,0.856584268349696,0.012101449275362386
300,1.0,standard_c5_source,concentration,True,0.0,,2,state_CO,True,,,
300,1.0,standard_c5_source,concentration,True,0.0,,2,state_UT,True,,,
300,1.0,standard_c5_source,concentration,True,0.01,,2,state_CO,True,,,
300,1.0,standard_c5_source,concentration,True,0.01,,2,state_UT,True,,,
300,1.0,standard_c5_shift,point,False,0.0,standard_c5:E2,2,state_CO,False,False,0.8274601964635714,0.009649214367123515
300,1.0,standard_c5_shift,point,False,0.0,standard_c5:E2,2,state_UT,False,False,0.856584268349696,0.012101449275362386
300,1.0,standard_c5_shift,point,False,0.01,standard_c5:E2,2,state_CO,False,False,0.8274601964635714,0.009649214367123515
300,1.0,standard_c5_shift,point,False,0.01,standard_c5:E2,2,state_UT,False,False,0.856584268349696,0.012101449275362386
300,1.0,standard_c5_shift,sandwich,True,0.0,standard_c5:E2,2,state_CO,False,False,0.8274601964635714,0.009649214367123515
300,1.0,standard_c5_shift,sandwich,True,0.0,standard_c5:E2,2,state_UT,False,False,0.856584268349696,0.012101449275362386
300,1.0,standard_c5_shift,sandwich,True,0.01,standard_c5:E8,2,state_CO,False,False,0.8360076375556026,0.0011017732750923104
300,1.0,standard_c5_shift,sandwich,True,0.01,standard_c5:E8,2,state_UT,False,False,0.8660022206638616,0.0026834969611968518
300,1.0,standard_c5_shift,concentration,True,0.0,,2,state_CO,True,,,
300,1.0,standard_c5_shift,concentration,True,0.0,,2,state_UT,True,,,
300,1.0,standard_c5_shift,concentration,True,0.01,,2,state_CO,True,,,
300,1.0,standard_c5_shift,concentration,True,0.01,,2,state_UT,True,,,
300,1.0,auto_s_source,point,False,0.0,,2,state_CO,True,,,
300,1.0,auto_s_source,point,False,0.0,,2,state_UT,True,,,
300,1.0,auto_s_source,point,False,0.01,,2,state_CO,True,,,
300,1.0,auto_s_source,point,False,0.01,,2,state_UT,True,,,
300,1.0,auto_s_source,sandwich,True,0.0,,2,state_CO,True,,,
300,1.0,auto_s_source,sandwich,True,0.0,,2,state_UT,True,,,
300,1.0,auto_s_source,sandwich,True,0.01,,2,state_CO,True,,,
300,1.0,auto_s_source,sandwich,True,0.01,,2,state_UT,True,,,
300,1.0,auto_s_source,concentration,True,0.0,,2,state_CO,True,,,
300,1.0,auto_s_source,concentration,True,0.0,,2,state_UT,True,,,
300,1.0,auto_s_source,concentration,True,0.01,,2,state_CO,True,,,
300,1.0,auto_s_source,concentration,True,0.01,,2,state_UT,True,,,
300,1.0,auto_s_shift,point,False,0.0,,2,state_CO,True,,,
300,1.0,auto_s_shift,point,False,0.0,,2,state_UT,True,,,
300,1.0,auto_s_shift,point,False,0.01,,2,state_CO,True,,,
300,1.0,auto_s_shift,point,False,0.01,,2,state_UT,True,,,
300,1.0,auto_s_shift,sandwich,True,0.0,,2,state_CO,True,,,
300,1.0,auto_s_shift,sandwich,True,0.0,,2,state_UT,True,,,
300,1.0,auto_s_shift,sandwich,True,0.01,,2,state_CO,True,,,
300,1.0,auto_s_shift,sandwich,True,0.01,,2,state_UT,True,,,
300,1.0,auto_s_shift,concentration,True,0.0,,2,state_CO,True,,,
300,1.0,auto_s_shift,concentration,True,0.0,,2,state_UT,True,,,
300,1.0,auto_s_shift,concentration,True,0.01,,2,state_CO,True,,,
300,1.0,auto_s_shift,concentration,True,0.01,,2,state_UT,True,,,
300,1.0,standard_joint_source,point,False,0.0,standard_c5:E2,4,state_CO,False,False,0.8274601964635714,0.009649214367123515
300,1.0,standard_joint_source,point,False,0.0,standard_c5:E2,4,state_UT,False,False,0.856584268349696,0.012101449275362386
300,1.0,standard_joint_source,point,False,0.01,standard_c5:E2,4,state_CO,False,False,0.8274601964635714,0.009649214367123515
300,1.0,standard_joint_source,point,False,0.01,standard_c5:E2,4,state_UT,False,False,0.856584268349696,0.012101449275362386
300,1.0,standard_joint_source,sandwich,True,0.0,standard_c5:E2,4,state_CO,False,False,0.8274601964635714,0.009649214367123515
300,1.0,standard_joint_source,sandwich,True,0.0,standard_c5:E2,4,state_UT,False,False,0.856584268349696,0.012101449275362386
300,1.0,standard_joint_source,sandwich,True,0.01,standard_c5:E2,4,state_CO,False,False,0.8274601964635714,0.009649214367123515
300,1.0,standard_joint_source,sandwich,True,0.01,standard_c5:E2,4,state_UT,False,False,0.856584268349696,0.012101449275362386
300,1.0,standard_joint_source,concentration,True,0.0,,4,state_CO,True,,,
300,1.0,standard_joint_source,concentration,True,0.0,,4,state_UT,True,,,
300,1.0,standard_joint_source,concentration,True,0.01,,4,state_CO,True,,,
300,1.0,standard_joint_source,concentration,True,0.01,,4,state_UT,True,,,
300,1.0,standard_joint_shift,point,False,0.0,standard_c5:E2,4,state_CO,False,False,0.8274601964635714,0.009649214367123515
300,1.0,standard_joint_shift,point,False,0.0,standard_c5:E2,4,state_UT,False,False,0.856584268349696,0.012101449275362386
300,1.0,standard_joint_shift,point,False,0.01,standard_c5:E2,4,state_CO,False,False,0.8274601964635714,0.009649214367123515
300,1.0,standard_joint_shift,point,False,0.01,standard_c5:E2,4,state_UT,False,False,0.856584268349696,0.012101449275362386
300,1.0,standard_joint_shift,sandwich,True,0.0,standard_c5:E2,4,state_CO,False,False,0.8274601964635714,0.009649214367123515
300,1.0,standard_joint_shift,sandwich,True,0.0,standard_c5:E2,4,state_UT,False,False,0.856584268349696,0.012101449275362386
300,1.0,standard_joint_shift,sandwich,True,0.01,standard_c5:E8,4,state_CO,False,False,0.8360076375556026,0.0011017732750923104
300,1.0,standard_joint_shift,sandwich,True,0.01,standard_c5:E8,4,state_UT,False,False,0.8660022206638616,0.0026834969611968518
300,1.0,standard_joint_shift,concentration,True,0.0,,4,state_CO,True,,,
300,1.0,standard_joint_shift,concentration,True,0.0,,4,state_UT,True,,,
300,1.0,standard_joint_shift,concentration,True,0.01,,4,state_CO,True,,,
300,1.0,standard_joint_shift,concentration,True,0.01,,4,state_UT,True,,,
300,1.0,combined_source,point,False,0.0,standard_c5:E2,6,state_CO,False,False,0.8274601964635714,0.009649214367123515
300,1.0,combined_source,point,False,0.0,standard_c5:E2,6,state_UT,False,False,0.856584268349696,0.012101449275362386
300,1.0,combined_source,point,False,0.01,standard_c5:E2,6,state_CO,False,False,0.8274601964635714,0.009649214367123515
300,1.0,combined_source,point,False,0.01,standard_c5:E2,6,state_UT,False,False,0.856584268349696,0.012101449275362386
300,1.0,combined_source,sandwich,True,0.0,standard_c5:E2,6,state_CO,False,False,0.8274601964635714,0.009649214367123515
300,1.0,combined_source,sandwich,True,0.0,standard_c5:E2,6,state_UT,False,False,0.856584268349696,0.012101449275362386
300,1.0,combined_source,sandwich,True,0.01,standard_c5:E2,6,state_CO,False,False,0.8274601964635714,0.009649214367123515
300,1.0,combined_source,sandwich,True,0.01,standard_c5:E2,6,state_UT,False,False,0.856584268349696,0.012101449275362386
300,1.0,combined_source,concentration,True,0.0,,6,state_CO,True,,,
300,1.0,combined_source,concentration,True,0.0,,6,state_UT,True,,,
300,1.0,combined_source,concentration,True,0.01,,6,state_CO,True,,,
300,1.0,combined_source,concentration,True,0.01,,6,state_UT,True,,,
300,1.0,combined_shift,point,False,0.0,standard_c5:E2,6,state_CO,False,False,0.8274601964635714,0.009649214367123515
300,1.0,combined_shift,point,False,0.0,standard_c5:E2,6,state_UT,False,False,0.856584268349696,0.012101449275362386
300,1.0,combined_shift,point,False,0.01,standard_c5:E2,6,state_CO,False,False,0.8274601964635714,0.009649214367123515
300,1.0,combined_shift,point,False,0.01,standard_c5:E2,6,state_UT,False,False,0.856584268349696,0.012101449275362386
300,1.0,combined_shift,sandwich,True,0.0,standard_c5:E2,6,state_CO,False,False,0.8274601964635714,0.009649214367123515
300,1.0,combined_shift,sandwich,True,0.0,standard_c5:E2,6,state_UT,False,False,0.856584268349696,0.012101449275362386
300,1.0,combined_shift,sandwich,True,0.01,standard_c5:E8,6,state_CO,False,False,0.8360076375556026,0.0011017732750923104
300,1.0,combined_shift,sandwich,True,0.01,standard_c5:E8,6,state_UT,False,False,0.8660022206638616,0.0026834969611968518
300,1.0,combined_shift,concentration,True,0.0,,6,state_CO,True,,,
300,1.0,combined_shift,concentration,True,0.0,,6,state_UT,True,,,
300,1.0,combined_shift,concentration,True,0.01,,6,state_CO,True,,,
300,1.0,combined_shift,concentration,True,0.01,,6,state_UT,True,,,
301,1.0,standard_c1_source,point,False,0.0,,2,state_CO,True,,,
301,1.0,standard_c1_source,point,False,0.0,,2,state_UT,True,,,
301,1.0,standard_c1_source,point,False,0.01,,2,state_CO,True,,,
301,1.0,standard_c1_source,point,False,0.01,,2,state_UT,True,,,
301,1.0,standard_c1_source,sandwich,True,0.0,,2,state_CO,True,,,
301,1.0,standard_c1_source,sandwich,True,0.0,,2,state_UT,True,,,
301,1.0,standard_c1_source,sandwich,True,0.01,,2,state_CO,True,,,
301,1.0,standard_c1_source,sandwich,True,0.01,,2,state_UT,True,,,
301,1.0,standard_c1_source,concentration,True,0.0,,2,state_CO,True,,,
301,1.0,standard_c1_source,concentration,True,0.0,,2,state_UT,True,,,
301,1.0,standard_c1_source,concentration,True,0.01,,2,state_CO,True,,,
301,1.0,standard_c1_source,concentration,True,0.01,,2,state_UT,True,,,
301,1.0,standard_c1_shift,point,False,0.0,,2,state_CO,True,,,
301,1.0,standard_c1_shift,point,False,0.0,,2,state_UT,True,,,
301,1.0,standard_c1_shift,point,False,0.01,,2,state_CO,True,,,
301,1.0,standard_c1_shift,point,False,0.01,,2,state_UT,True,,,
301,1.0,standard_c1_shift,sandwich,True,0.0,,2,state_CO,True,,,
301,1.0,standard_c1_shift,sandwich,True,0.0,,2,state_UT,True,,,
301,1.0,standard_c1_shift,sandwich,True,0.01,,2,state_CO,True,,,
301,1.0,standard_c1_shift,sandwich,True,0.01,,2,state_UT,True,,,
301,1.0,standard_c1_shift,concentration,True,0.0,,2,state_CO,True,,,
301,1.0,standard_c1_shift,concentration,True,0.0,,2,state_UT,True,,,
301,1.0,standard_c1_shift,concentration,True,0.01,,2,state_CO,True,,,
301,1.0,standard_c1_shift,concentration,True,0.01,,2,state_UT,True,,,
301,1.0,standard_c5_source,point,False,0.0,standard_c5:E2,2,state_CO,False,False,0.825366286508983,0.011307966840944261
301,1.0,standard_c5_source,point,False,0.0,standard_c5:E2,2,state_UT,False,False,0.8503896628306078,0.00937152086758386
301,1.0,standard_c5_source,point,False,0.01,standard_c5:E2,2,state_CO,False,False,0.825366286508983,0.011307966840944261
301,1.0,standard_c5_source,point,False,0.01,standard_c5:E2,2,state_UT,False,False,0.8503896628306078,0.00937152086758386
301,1.0,standard_c5_source,sandwich,True,0.0,standard_c5:E2,2,state_CO,False,False,0.825366286508983,0.011307966840944261
301,1.0,standard_c5_source,sandwich,True,0.0,standard_c5:E2,2,state_UT,False,False,0.8503896628306078,0.00937152086758386
301,1.0,standard_c5_source,sandwich,True,0.01,standard_c5:E2,2,state_CO,False,False,0.825366286508983,0.011307966840944261
301,1.0,standard_c5_source,sandwich,True,0.01,standard_c5:E2,2,state_UT,False,False,0.8503896628306078,0.00937152086758386
301,1.0,standard_c5_source,concentration,True,0.0,,2,state_CO,True,,,
301,1.0,standard_c5_source,concentration,True,0.0,,2,state_UT,True,,,
301,1.0,standard_c5_source,concentration,True,0.01,,2,state_CO,True,,,
301,1.0,standard_c5_source,concentration,True,0.01,,2,state_UT,True,,,
301,1.0,standard_c5_shift,point,False,0.0,standard_c5:E2,2,state_CO,False,False,0.825366286508983,0.011307966840944261
301,1.0,standard_c5_shift,point,False,0.0,standard_c5:E2,2,state_UT,False,False,0.8503896628306078,0.00937152086758386
301,1.0,standard_c5_shift,point,False,0.01,standard_c5:E2,2,state_CO,False,False,0.825366286508983,0.011307966840944261
301,1.0,standard_c5_shift,point,False,0.01,standard_c5:E2,2,state_UT,False,False,0.8503896628306078,0.00937152086758386
301,1.0,standard_c5_shift,sandwich,True,0.0,standard_c5:E2,2,state_CO,False,False,0.825366286508983,0.011307966840944261
301,1.0,standard_c5_shift,sandwich,True,0.0,standard_c5:E2,2,state_UT,False,False,0.8503896628306078,0.00937152086758386
301,1.0,standard_c5_shift,sandwich,True,0.01,standard_c5:E8,2,state_CO,False,False,0.8376007139923352,-0.000926460642407867
301,1.0,standard_c5_shift,sandwich,True,0.01,standard_c5:E8,2,state_UT,False,False,0.8601580571659313,-0.0003968734677396446
301,1.0,standard_c5_shift,concentration,True,0.0,,2,state_CO,True,,,
301,1.0,standard_c5_shift,concentration,True,0.0,,2,state_UT,True,,,
301,1.0,standard_c5_shift,concentration,True,0.01,,2,state_CO,True,,,
301,1.0,standard_c5_shift,concentration,True,0.01,,2,state_UT,True,,,
301,1.0,auto_s_source,point,False,0.0,,2,state_CO,True,,,
301,1.0,auto_s_source,point,False,0.0,,2,state_UT,True,,,
301,1.0,auto_s_source,point,False,0.01,,2,state_CO,True,,,
301,1.0,auto_s_source,point,False,0.01,,2,state_UT,True,,,
301,1.0,auto_s_source,sandwich,True,0.0,,2,state_CO,True,,,
301,1.0,auto_s_source,sandwich,True,0.0,,2,state_UT,True,,,
301,1.0,auto_s_source,sandwich,True,0.01,,2,state_CO,True,,,
301,1.0,auto_s_source,sandwich,True,0.01,,2,state_UT,True,,,
301,1.0,auto_s_source,concentration,True,0.0,,2,state_CO,True,,,
301,1.0,auto_s_source,concentration,True,0.0,,2,state_UT,True,,,
301,1.0,auto_s_source,concentration,True,0.01,,2,state_CO,True,,,
301,1.0,auto_s_source,concentration,True,0.01,,2,state_UT,True,,,
301,1.0,auto_s_shift,point,False,0.0,,2,state_CO,True,,,
301,1.0,auto_s_shift,point,False,0.0,,2,state_UT,True,,,
301,1.0,auto_s_shift,point,False,0.01,,2,state_CO,True,,,
301,1.0,auto_s_shift,point,False,0.01,,2,state_UT,True,,,
301,1.0,auto_s_shift,sandwich,True,0.0,,2,state_CO,True,,,
301,1.0,auto_s_shift,sandwich,True,0.0,,2,state_UT,True,,,
301,1.0,auto_s_shift,sandwich,True,0.01,,2,state_CO,True,,,
301,1.0,auto_s_shift,sandwich,True,0.01,,2,state_UT,True,,,
301,1.0,auto_s_shift,concentration,True,0.0,,2,state_CO,True,,,
301,1.0,auto_s_shift,concentration,True,0.0,,2,state_UT,True,,,
301,1.0,auto_s_shift,concentration,True,0.01,,2,state_CO,True,,,
301,1.0,auto_s_shift,concentration,True,0.01,,2,state_UT,True,,,
301,1.0,standard_joint_source,point,False,0.0,standard_c5:E2,4,state_CO,False,False,0.825366286508983,0.011307966840944261
301,1.0,standard_joint_source,point,False,0.0,standard_c5:E2,4,state_UT,False,False,0.8503896628306078,0.00937152086758386
301,1.0,standard_joint_source,point,False,0.01,standard_c5:E2,4,state_CO,False,False,0.825366286508983,0.011307966840944261
301,1.0,standard_joint_source,point,False,0.01,standard_c5:E2,4,state_UT,False,False,0.8503896628306078,0.00937152086758386
301,1.0,standard_joint_source,sandwich,True,0.0,standard_c5:E2,4,state_CO,False,False,0.825366286508983,0.011307966840944261
301,1.0,standard_joint_source,sandwich,True,0.0,standard_c5:E2,4,state_UT,False,False,0.8503896628306078,0.00937152086758386
301,1.0,standard_joint_source,sandwich,True,0.01,standard_c5:E2,4,state_CO,False,False,0.825366286508983,0.011307966840944261
301,1.0,standard_joint_source,sandwich,True,0.01,standard_c5:E2,4,state_UT,False,False,0.8503896628306078,0.00937152086758386
301,1.0,standard_joint_source,concentration,True,0.0,,4,state_CO,True,,,
301,1.0,standard_joint_source,concentration,True,0.0,,4,state_UT,True,,,
301,1.0,standard_joint_source,concentration,True,0.01,,4,state_CO,True,,,
301,1.0,standard_joint_source,concentration,True,0.01,,4,state_UT,True,,,
301,1.0,standard_joint_shift,point,False,0.0,standard_c5:E2,4,state_CO,False,False,0.825366286508983,0.011307966840944261
301,1.0,standard_joint_shift,point,False,0.0,standard_c5:E2,4,state_UT,False,False,0.8503896628306078,0.00937152086758386
301,1.0,standard_joint_shift,point,False,0.01,standard_c5:E2,4,state_CO,False,False,0.825366286508983,0.011307966840944261
301,1.0,standard_joint_shift,point,False,0.01,standard_c5:E2,4,state_UT,False,False,0.8503896628306078,0.00937152086758386
301,1.0,standard_joint_shift,sandwich,True,0.0,standard_c5:E2,4,state_CO,False,False,0.825366286508983,0.011307966840944261
301,1.0,standard_joint_shift,sandwich,True,0.0,standard_c5:E2,4,state_UT,False,False,0.8503896628306078,0.00937152086758386
301,1.0,standard_joint_shift,sandwich,True,0.01,standard_c5:E8,4,state_CO,False,False,0.8376007139923352,-0.000926460642407867
301,1.0,standard_joint_shift,sandwich,True,0.01,standard_c5:E8,4,state_UT,False,False,0.8601580571659313,-0.0003968734677396446
301,1.0,standard_joint_shift,concentration,True,0.0,,4,state_CO,True,,,
301,1.0,standard_joint_shift,concentration,True,0.0,,4,state_UT,True,,,
301,1.0,standard_joint_shift,concentration,True,0.01,,4,state_CO,True,,,
301,1.0,standard_joint_shift,concentration,True,0.01,,4,state_UT,True,,,
301,1.0,combined_source,point,False,0.0,standard_c5:E2,6,state_CO,False,False,0.825366286508983,0.011307966840944261
301,1.0,combined_source,point,False,0.0,standard_c5:E2,6,state_UT,False,False,0.8503896628306078,0.00937152086758386
301,1.0,combined_source,point,False,0.01,standard_c5:E2,6,state_CO,False,False,0.825366286508983,0.011307966840944261
301,1.0,combined_source,point,False,0.01,standard_c5:E2,6,state_UT,False,False,0.8503896628306078,0.00937152086758386
301,1.0,combined_source,sandwich,True,0.0,standard_c5:E2,6,state_CO,False,False,0.825366286508983,0.011307966840944261
301,1.0,combined_source,sandwich,True,0.0,standard_c5:E2,6,state_UT,False,False,0.8503896628306078,0.00937152086758386
301,1.0,combined_source,sandwich,True,0.01,standard_c5:E2,6,state_CO,False,False,0.825366286508983,0.011307966840944261
301,1.0,combined_source,sandwich,True,0.01,standard_c5:E2,6,state_UT,False,False,0.8503896628306078,0.00937152086758386
301,1.0,combined_source,concentration,True,0.0,,6,state_CO,True,,,
301,1.0,combined_source,concentration,True,0.0,,6,state_UT,True,,,
301,1.0,combined_source,concentration,True,0.01,,6,state_CO,True,,,
301,1.0,combined_source,concentration,True,0.01,,6,state_UT,True,,,
301,1.0,combined_shift,point,False,0.0,standard_c5:E2,6,state_CO,False,False,0.825366286508983,0.011307966840944261
301,1.0,combined_shift,point,False,0.0,standard_c5:E2,6,state_UT,False,False,0.8503896628306078,0.00937152086758386
301,1.0,combined_shift,point,False,0.01,standard_c5:E2,6,state_CO,False,False,0.825366286508983,0.011307966840944261
301,1.0,combined_shift,point,False,0.01,standard_c5:E2,6,state_UT,False,False,0.8503896628306078,0.00937152086758386
301,1.0,combined_shift,sandwich,True,0.0,standard_c5:E2,6,state_CO,False,False,0.825366286508983,0.011307966840944261
301,1.0,combined_shift,sandwich,True,0.0,standard_c5:E2,6,state_UT,False,False,0.8503896628306078,0.00937152086758386
301,1.0,combined_shift,sandwich,True,0.01,standard_c5:E8,6,state_CO,False,False,0.8376007139923352,-0.000926460642407867
301,1.0,combined_shift,sandwich,True,0.01,standard_c5:E8,6,state_UT,False,False,0.8601580571659313,-0.0003968734677396446
301,1.0,combined_shift,concentration,True,0.0,,6,state_CO,True,,,
301,1.0,combined_shift,concentration,True,0.0,,6,state_UT,True,,,
301,1.0,combined_shift,concentration,True,0.01,,6,state_CO,True,,,
301,1.0,combined_shift,concentration,True,0.01,,6,state_UT,True,,,
302,1.0,standard_c1_source,point,False,0.0,standard_c1:E2,2,state_CO,False,False,0.8022432586239364,0.019562188992614193
302,1.0,standard_c1_source,point,False,0.0,standard_c1:E2,2,state_UT,False,False,0.8530788670542581,0.015082466776223491
302,1.0,standard_c1_source,point,False,0.01,,2,state_CO,True,,,
302,1.0,standard_c1_source,point,False,0.01,,2,state_UT,True,,,
302,1.0,standard_c1_source,sandwich,True,0.0,,2,state_CO,True,,,
302,1.0,standard_c1_source,sandwich,True,0.0,,2,state_UT,True,,,
302,1.0,standard_c1_source,sandwich,True,0.01,,2,state_CO,True,,,
302,1.0,standard_c1_source,sandwich,True,0.01,,2,state_UT,True,,,
302,1.0,standard_c1_source,concentration,True,0.0,,2,state_CO,True,,,
302,1.0,standard_c1_source,concentration,True,0.0,,2,state_UT,True,,,
302,1.0,standard_c1_source,concentration,True,0.01,,2,state_CO,True,,,
302,1.0,standard_c1_source,concentration,True,0.01,,2,state_UT,True,,,
302,1.0,standard_c1_shift,point,False,0.0,,2,state_CO,True,,,
302,1.0,standard_c1_shift,point,False,0.0,,2,state_UT,True,,,
302,1.0,standard_c1_shift,point,False,0.01,,2,state_CO,True,,,
302,1.0,standard_c1_shift,point,False,0.01,,2,state_UT,True,,,
302,1.0,standard_c1_shift,sandwich,True,0.0,,2,state_CO,True,,,
302,1.0,standard_c1_shift,sandwich,True,0.0,,2,state_UT,True,,,
302,1.0,standard_c1_shift,sandwich,True,0.01,,2,state_CO,True,,,
302,1.0,standard_c1_shift,sandwich,True,0.01,,2,state_UT,True,,,
302,1.0,standard_c1_shift,concentration,True,0.0,,2,state_CO,True,,,
302,1.0,standard_c1_shift,concentration,True,0.0,,2,state_UT,True,,,
302,1.0,standard_c1_shift,concentration,True,0.01,,2,state_CO,True,,,
302,1.0,standard_c1_shift,concentration,True,0.01,,2,state_UT,True,,,
302,1.0,standard_c5_source,point,False,0.0,standard_c5:E2,2,state_CO,False,False,0.8146528629585588,0.007152584657991845
302,1.0,standard_c5_source,point,False,0.0,standard_c5:E2,2,state_UT,False,False,0.8611253043882543,0.007036029442227254
302,1.0,standard_c5_source,point,False,0.01,standard_c5:E2,2,state_CO,False,False,0.8146528629585588,0.007152584657991845
302,1.0,standard_c5_source,point,False,0.01,standard_c5:E2,2,state_UT,False,False,0.8611253043882543,0.007036029442227254
302,1.0,standard_c5_source,sandwich,True,0.0,standard_c5:E2,2,state_CO,False,False,0.8146528629585588,0.007152584657991845
302,1.0,standard_c5_source,sandwich,True,0.0,standard_c5:E2,2,state_UT,False,False,0.8611253043882543,0.007036029442227254
302,1.0,standard_c5_source,sandwich,True,0.01,standard_c5:E2,2,state_CO,False,False,0.8146528629585588,0.007152584657991845
302,1.0,standard_c5_source,sandwich,True,0.01,standard_c5:E2,2,state_UT,False,False,0.8611253043882543,0.007036029442227254
302,1.0,standard_c5_source,concentration,True,0.0,,2,state_CO,True,,,
302,1.0,standard_c5_source,concentration,True,0.0,,2,state_UT,True,,,
302,1.0,standard_c5_source,concentration,True,0.01,,2,state_CO,True,,,
302,1.0,standard_c5_source,concentration,True,0.01,,2,state_UT,True,,,
302,1.0,standard_c5_shift,point,False,0.0,standard_c5:E2,2,state_CO,False,False,0.8146528629585588,0.007152584657991845
302,1.0,standard_c5_shift,point,False,0.0,standard_c5:E2,2,state_UT,False,False,0.8611253043882543,0.007036029442227254
302,1.0,standard_c5_shift,point,False,0.01,standard_c5:E2,2,state_CO,False,False,0.8146528629585588,0.007152584657991845
302,1.0,standard_c5_shift,point,False,0.01,standard_c5:E2,2,state_UT,False,False,0.8611253043882543,0.007036029442227254
302,1.0,standard_c5_shift,sandwich,True,0.0,standard_c5:E2,2,state_CO,False,False,0.8146528629585588,0.007152584657991845
302,1.0,standard_c5_shift,sandwich,True,0.0,standard_c5:E2,2,state_UT,False,False,0.8611253043882543,0.007036029442227254
302,1.0,standard_c5_shift,sandwich,True,0.01,standard_c5:E8,2,state_CO,False,False,0.821921969722979,-0.00011652210642842942
302,1.0,standard_c5_shift,sandwich,True,0.01,standard_c5:E8,2,state_UT,False,False,0.8688276506520469,-0.0006663168215653714
302,1.0,standard_c5_shift,concentration,True,0.0,,2,state_CO,True,,,
302,1.0,standard_c5_shift,concentration,True,0.0,,2,state_UT,True,,,
302,1.0,standard_c5_shift,concentration,True,0.01,,2,state_CO,True,,,
302,1.0,standard_c5_shift,concentration,True,0.01,,2,state_UT,True,,,
302,1.0,auto_s_source,point,False,0.0,,2,state_CO,True,,,
302,1.0,auto_s_source,point,False,0.0,,2,state_UT,True,,,
302,1.0,auto_s_source,point,False,0.01,,2,state_CO,True,,,
302,1.0,auto_s_source,point,False,0.01,,2,state_UT,True,,,
302,1.0,auto_s_source,sandwich,True,0.0,,2,state_CO,True,,,
302,1.0,auto_s_source,sandwich,True,0.0,,2,state_UT,True,,,
302,1.0,auto_s_source,sandwich,True,0.01,,2,state_CO,True,,,
302,1.0,auto_s_source,sandwich,True,0.01,,2,state_UT,True,,,
302,1.0,auto_s_source,concentration,True,0.0,,2,state_CO,True,,,
302,1.0,auto_s_source,concentration,True,0.0,,2,state_UT,True,,,
302,1.0,auto_s_source,concentration,True,0.01,,2,state_CO,True,,,
302,1.0,auto_s_source,concentration,True,0.01,,2,state_UT,True,,,
302,1.0,auto_s_shift,point,False,0.0,,2,state_CO,True,,,
302,1.0,auto_s_shift,point,False,0.0,,2,state_UT,True,,,
302,1.0,auto_s_shift,point,False,0.01,,2,state_CO,True,,,
302,1.0,auto_s_shift,point,False,0.01,,2,state_UT,True,,,
302,1.0,auto_s_shift,sandwich,True,0.0,,2,state_CO,True,,,
302,1.0,auto_s_shift,sandwich,True,0.0,,2,state_UT,True,,,
302,1.0,auto_s_shift,sandwich,True,0.01,,2,state_CO,True,,,
302,1.0,auto_s_shift,sandwich,True,0.01,,2,state_UT,True,,,
302,1.0,auto_s_shift,concentration,True,0.0,,2,state_CO,True,,,
302,1.0,auto_s_shift,concentration,True,0.0,,2,state_UT,True,,,
302,1.0,auto_s_shift,concentration,True,0.01,,2,state_CO,True,,,
302,1.0,auto_s_shift,concentration,True,0.01,,2,state_UT,True,,,
302,1.0,standard_joint_source,point,False,0.0,standard_c5:E2,4,state_CO,False,False,0.8146528629585588,0.007152584657991845
302,1.0,standard_joint_source,point,False,0.0,standard_c5:E2,4,state_UT,False,False,0.8611253043882543,0.007036029442227254
302,1.0,standard_joint_source,point,False,0.01,standard_c5:E2,4,state_CO,False,False,0.8146528629585588,0.007152584657991845
302,1.0,standard_joint_source,point,False,0.01,standard_c5:E2,4,state_UT,False,False,0.8611253043882543,0.007036029442227254
302,1.0,standard_joint_source,sandwich,True,0.0,standard_c5:E2,4,state_CO,False,False,0.8146528629585588,0.007152584657991845
302,1.0,standard_joint_source,sandwich,True,0.0,standard_c5:E2,4,state_UT,False,False,0.8611253043882543,0.007036029442227254
302,1.0,standard_joint_source,sandwich,True,0.01,standard_c5:E2,4,state_CO,False,False,0.8146528629585588,0.007152584657991845
302,1.0,standard_joint_source,sandwich,True,0.01,standard_c5:E2,4,state_UT,False,False,0.8611253043882543,0.007036029442227254
302,1.0,standard_joint_source,concentration,True,0.0,,4,state_CO,True,,,
302,1.0,standard_joint_source,concentration,True,0.0,,4,state_UT,True,,,
302,1.0,standard_joint_source,concentration,True,0.01,,4,state_CO,True,,,
302,1.0,standard_joint_source,concentration,True,0.01,,4,state_UT,True,,,
302,1.0,standard_joint_shift,point,False,0.0,standard_c5:E2,4,state_CO,False,False,0.8146528629585588,0.007152584657991845
302,1.0,standard_joint_shift,point,False,0.0,standard_c5:E2,4,state_UT,False,False,0.8611253043882543,0.007036029442227254
302,1.0,standard_joint_shift,point,False,0.01,standard_c5:E2,4,state_CO,False,False,0.8146528629585588,0.007152584657991845
302,1.0,standard_joint_shift,point,False,0.01,standard_c5:E2,4,state_UT,False,False,0.8611253043882543,0.007036029442227254
302,1.0,standard_joint_shift,sandwich,True,0.0,standard_c5:E2,4,state_CO,False,False,0.8146528629585588,0.007152584657991845
302,1.0,standard_joint_shift,sandwich,True,0.0,standard_c5:E2,4,state_UT,False,False,0.8611253043882543,0.007036029442227254
302,1.0,standard_joint_shift,sandwich,True,0.01,standard_c5:E8,4,state_CO,False,False,0.821921969722979,-0.00011652210642842942
302,1.0,standard_joint_shift,sandwich,True,0.01,standard_c5:E8,4,state_UT,False,False,0.8688276506520469,-0.0006663168215653714
302,1.0,standard_joint_shift,concentration,True,0.0,,4,state_CO,True,,,
302,1.0,standard_joint_shift,concentration,True,0.0,,4,state_UT,True,,,
302,1.0,standard_joint_shift,concentration,True,0.01,,4,state_CO,True,,,
302,1.0,standard_joint_shift,concentration,True,0.01,,4,state_UT,True,,,
302,1.0,combined_source,point,False,0.0,standard_c5:E2,6,state_CO,False,False,0.8146528629585588,0.007152584657991845
302,1.0,combined_source,point,False,0.0,standard_c5:E2,6,state_UT,False,False,0.8611253043882543,0.007036029442227254
302,1.0,combined_source,point,False,0.01,standard_c5:E2,6,state_CO,False,False,0.8146528629585588,0.007152584657991845
302,1.0,combined_source,point,False,0.01,standard_c5:E2,6,state_UT,False,False,0.8611253043882543,0.007036029442227254
302,1.0,combined_source,sandwich,True,0.0,standard_c5:E2,6,state_CO,False,False,0.8146528629585588,0.007152584657991845
302,1.0,combined_source,sandwich,True,0.0,standard_c5:E2,6,state_UT,False,False,0.8611253043882543,0.007036029442227254
302,1.0,combined_source,sandwich,True,0.01,standard_c5:E2,6,state_CO,False,False,0.8146528629585588,0.007152584657991845
302,1.0,combined_source,sandwich,True,0.01,standard_c5:E2,6,state_UT,False,False,0.8611253043882543,0.007036029442227254
302,1.0,combined_source,concentration,True,0.0,,6,state_CO,True,,,
302,1.0,combined_source,concentration,True,0.0,,6,state_UT,True,,,
302,1.0,combined_source,concentration,True,0.01,,6,state_CO,True,,,
302,1.0,combined_source,concentration,True,0.01,,6,state_UT,True,,,
302,1.0,combined_shift,point,False,0.0,standard_c5:E2,6,state_CO,False,False,0.8146528629585588,0.007152584657991845
302,1.0,combined_shift,point,False,0.0,standard_c5:E2,6,state_UT,False,False,0.8611253043882543,0.007036029442227254
302,1.0,combined_shift,point,False,0.01,standard_c5:E2,6,state_CO,False,False,0.8146528629585588,0.007152584657991845
302,1.0,combined_shift,point,False,0.01,standard_c5:E2,6,state_UT,False,False,0.8611253043882543,0.007036029442227254
302,1.0,combined_shift,sandwich,True,0.0,standard_c5:E2,6,state_CO,False,False,0.8146528629585588,0.007152584657991845
302,1.0,combined_shift,sandwich,True,0.0,standard_c5:E2,6,state_UT,False,False,0.8611253043882543,0.007036029442227254
302,1.0,combined_shift,sandwich,True,0.01,standard_c5:E8,6,state_CO,False,False,0.821921969722979,-0.00011652210642842942
302,1.0,combined_shift,sandwich,True,0.01,standard_c5:E8,6,state_UT,False,False,0.8688276506520469,-0.0006663168215653714
302,1.0,combined_shift,concentration,True,0.0,,6,state_CO,True,,,
302,1.0,combined_shift,concentration,True,0.0,,6,state_UT,True,,,
302,1.0,combined_shift,concentration,True,0.01,,6,state_CO,True,,,
302,1.0,combined_shift,concentration,True,0.01,,6,state_UT,True,,,
303,1.0,standard_c1_source,point,False,0.0,,2,state_CO,True,,,
303,1.0,standard_c1_source,point,False,0.0,,2,state_UT,True,,,
303,1.0,standard_c1_source,point,False,0.01,,2,state_CO,True,,,
303,1.0,standard_c1_source,point,False,0.01,,2,state_UT,True,,,
303,1.0,standard_c1_source,sandwich,True,0.0,,2,state_CO,True,,,
303,1.0,standard_c1_source,sandwich,True,0.0,,2,state_UT,True,,,
303,1.0,standard_c1_source,sandwich,True,0.01,,2,state_CO,True,,,
303,1.0,standard_c1_source,sandwich,True,0.01,,2,state_UT,True,,,
303,1.0,standard_c1_source,concentration,True,0.0,,2,state_CO,True,,,
303,1.0,standard_c1_source,concentration,True,0.0,,2,state_UT,True,,,
303,1.0,standard_c1_source,concentration,True,0.01,,2,state_CO,True,,,
303,1.0,standard_c1_source,concentration,True,0.01,,2,state_UT,True,,,
303,1.0,standard_c1_shift,point,False,0.0,,2,state_CO,True,,,
303,1.0,standard_c1_shift,point,False,0.0,,2,state_UT,True,,,
303,1.0,standard_c1_shift,point,False,0.01,,2,state_CO,True,,,
303,1.0,standard_c1_shift,point,False,0.01,,2,state_UT,True,,,
303,1.0,standard_c1_shift,sandwich,True,0.0,,2,state_CO,True,,,
303,1.0,standard_c1_shift,sandwich,True,0.0,,2,state_UT,True,,,
303,1.0,standard_c1_shift,sandwich,True,0.01,,2,state_CO,True,,,
303,1.0,standard_c1_shift,sandwich,True,0.01,,2,state_UT,True,,,
303,1.0,standard_c1_shift,concentration,True,0.0,,2,state_CO,True,,,
303,1.0,standard_c1_shift,concentration,True,0.0,,2,state_UT,True,,,
303,1.0,standard_c1_shift,concentration,True,0.01,,2,state_CO,True,,,
303,1.0,standard_c1_shift,concentration,True,0.01,,2,state_UT,True,,,
303,1.0,standard_c5_source,point,False,0.0,standard_c5:E2,2,state_CO,False,False,0.8310292892923584,0.0007965577105543131
303,1.0,standard_c5_source,point,False,0.0,standard_c5:E2,2,state_UT,False,False,0.8488326325123716,0.012216024485826149
303,1.0,standard_c5_source,point,False,0.01,standard_c5:E2,2,state_CO,False,False,0.8310292892923584,0.0007965577105543131
303,1.0,standard_c5_source,point,False,0.01,standard_c5:E2,2,state_UT,False,False,0.8488326325123716,0.012216024485826149
303,1.0,standard_c5_source,sandwich,True,0.0,standard_c5:E2,2,state_CO,False,False,0.8310292892923584,0.0007965577105543131
303,1.0,standard_c5_source,sandwich,True,0.0,standard_c5:E2,2,state_UT,False,False,0.8488326325123716,0.012216024485826149
303,1.0,standard_c5_source,sandwich,True,0.01,standard_c5:E2,2,state_CO,False,False,0.8310292892923584,0.0007965577105543131
303,1.0,standard_c5_source,sandwich,True,0.01,standard_c5:E2,2,state_UT,False,False,0.8488326325123716,0.012216024485826149
303,1.0,standard_c5_source,concentration,True,0.0,,2,state_CO,True,,,
303,1.0,standard_c5_source,concentration,True,0.0,,2,state_UT,True,,,
303,1.0,standard_c5_source,concentration,True,0.01,,2,state_CO,True,,,
303,1.0,standard_c5_source,concentration,True,0.01,,2,state_UT,True,,,
303,1.0,standard_c5_shift,point,False,0.0,standard_c5:E2,2,state_CO,False,False,0.8310292892923584,0.0007965577105543131
303,1.0,standard_c5_shift,point,False,0.0,standard_c5:E2,2,state_UT,False,False,0.8488326325123716,0.012216024485826149
303,1.0,standard_c5_shift,point,False,0.01,standard_c5:E2,2,state_CO,False,False,0.8310292892923584,0.0007965577105543131
303,1.0,standard_c5_shift,point,False,0.01,standard_c5:E2,2,state_UT,False,False,0.8488326325123716,0.012216024485826149
303,1.0,standard_c5_shift,sandwich,True,0.0,standard_c5:E2,2,state_CO,False,False,0.8310292892923584,0.0007965577105543131
303,1.0,standard_c5_shift,sandwich,True,0.0,standard_c5:E2,2,state_UT,False,False,0.8488326325123716,0.012216024485826149
303,1.0,standard_c5_shift,sandwich,True,0.01,standard_c5:E8,2,state_CO,False,False,0.83322318946265,-0.0013973424597372164
303,1.0,standard_c5_shift,sandwich,True,0.01,standard_c5:E8,2,state_UT,False,False,0.8586607168397267,0.0023879401584711024
303,1.0,standard_c5_shift,concentration,True,0.0,,2,state_CO,True,,,
303,1.0,standard_c5_shift,concentration,True,0.0,,2,state_UT,True,,,
303,1.0,standard_c5_shift,concentration,True,0.01,,2,state_CO,True,,,
303,1.0,standard_c5_shift,concentration,True,0.01,,2,state_UT,True,,,
303,1.0,auto_s_source,point,False,0.0,,2,state_CO,True,,,
303,1.0,auto_s_source,point,False,0.0,,2,state_UT,True,,,
303,1.0,auto_s_source,point,False,0.01,,2,state_CO,True,,,
303,1.0,auto_s_source,point,False,0.01,,2,state_UT,True,,,
303,1.0,auto_s_source,sandwich,True,0.0,,2,state_CO,True,,,
303,1.0,auto_s_source,sandwich,True,0.0,,2,state_UT,True,,,
303,1.0,auto_s_source,sandwich,True,0.01,,2,state_CO,True,,,
303,1.0,auto_s_source,sandwich,True,0.01,,2,state_UT,True,,,
303,1.0,auto_s_source,concentration,True,0.0,,2,state_CO,True,,,
303,1.0,auto_s_source,concentration,True,0.0,,2,state_UT,True,,,
303,1.0,auto_s_source,concentration,True,0.01,,2,state_CO,True,,,
303,1.0,auto_s_source,concentration,True,0.01,,2,state_UT,True,,,
303,1.0,auto_s_shift,point,False,0.0,,2,state_CO,True,,,
303,1.0,auto_s_shift,point,False,0.0,,2,state_UT,True,,,
303,1.0,auto_s_shift,point,False,0.01,,2,state_CO,True,,,
303,1.0,auto_s_shift,point,False,0.01,,2,state_UT,True,,,
303,1.0,auto_s_shift,sandwich,True,0.0,,2,state_CO,True,,,
303,1.0,auto_s_shift,sandwich,True,0.0,,2,state_UT,True,,,
303,1.0,auto_s_shift,sandwich,True,0.01,,2,state_CO,True,,,
303,1.0,auto_s_shift,sandwich,True,0.01,,2,state_UT,True,,,
303,1.0,auto_s_shift,concentration,True,0.0,,2,state_CO,True,,,
303,1.0,auto_s_shift,concentration,True,0.0,,2,state_UT,True,,,
303,1.0,auto_s_shift,concentration,True,0.01,,2,state_CO,True,,,
303,1.0,auto_s_shift,concentration,True,0.01,,2,state_UT,True,,,
303,1.0,standard_joint_source,point,False,0.0,standard_c5:E2,4,state_CO,False,False,0.8310292892923584,0.0007965577105543131
303,1.0,standard_joint_source,point,False,0.0,standard_c5:E2,4,state_UT,False,False,0.8488326325123716,0.012216024485826149
303,1.0,standard_joint_source,point,False,0.01,standard_c5:E2,4,state_CO,False,False,0.8310292892923584,0.0007965577105543131
303,1.0,standard_joint_source,point,False,0.01,standard_c5:E2,4,state_UT,False,False,0.8488326325123716,0.012216024485826149
303,1.0,standard_joint_source,sandwich,True,0.0,standard_c5:E2,4,state_CO,False,False,0.8310292892923584,0.0007965577105543131
303,1.0,standard_joint_source,sandwich,True,0.0,standard_c5:E2,4,state_UT,False,False,0.8488326325123716,0.012216024485826149
303,1.0,standard_joint_source,sandwich,True,0.01,standard_c5:E2,4,state_CO,False,False,0.8310292892923584,0.0007965577105543131
303,1.0,standard_joint_source,sandwich,True,0.01,standard_c5:E2,4,state_UT,False,False,0.8488326325123716,0.012216024485826149
303,1.0,standard_joint_source,concentration,True,0.0,,4,state_CO,True,,,
303,1.0,standard_joint_source,concentration,True,0.0,,4,state_UT,True,,,
303,1.0,standard_joint_source,concentration,True,0.01,,4,state_CO,True,,,
303,1.0,standard_joint_source,concentration,True,0.01,,4,state_UT,True,,,
303,1.0,standard_joint_shift,point,False,0.0,standard_c5:E2,4,state_CO,False,False,0.8310292892923584,0.0007965577105543131
303,1.0,standard_joint_shift,point,False,0.0,standard_c5:E2,4,state_UT,False,False,0.8488326325123716,0.012216024485826149
303,1.0,standard_joint_shift,point,False,0.01,standard_c5:E2,4,state_CO,False,False,0.8310292892923584,0.0007965577105543131
303,1.0,standard_joint_shift,point,False,0.01,standard_c5:E2,4,state_UT,False,False,0.8488326325123716,0.012216024485826149
303,1.0,standard_joint_shift,sandwich,True,0.0,standard_c5:E2,4,state_CO,False,False,0.8310292892923584,0.0007965577105543131
303,1.0,standard_joint_shift,sandwich,True,0.0,standard_c5:E2,4,state_UT,False,False,0.8488326325123716,0.012216024485826149
303,1.0,standard_joint_shift,sandwich,True,0.01,standard_c5:E8,4,state_CO,False,False,0.83322318946265,-0.0013973424597372164
303,1.0,standard_joint_shift,sandwich,True,0.01,standard_c5:E8,4,state_UT,False,False,0.8586607168397267,0.0023879401584711024
303,1.0,standard_joint_shift,concentration,True,0.0,,4,state_CO,True,,,
303,1.0,standard_joint_shift,concentration,True,0.0,,4,state_UT,True,,,
303,1.0,standard_joint_shift,concentration,True,0.01,,4,state_CO,True,,,
303,1.0,standard_joint_shift,concentration,True,0.01,,4,state_UT,True,,,
303,1.0,combined_source,point,False,0.0,standard_c5:E2,6,state_CO,False,False,0.8310292892923584,0.0007965577105543131
303,1.0,combined_source,point,False,0.0,standard_c5:E2,6,state_UT,False,False,0.8488326325123716,0.012216024485826149
303,1.0,combined_source,point,False,0.01,standard_c5:E2,6,state_CO,False,False,0.8310292892923584,0.0007965577105543131
303,1.0,combined_source,point,False,0.01,standard_c5:E2,6,state_UT,False,False,0.8488326325123716,0.012216024485826149
303,1.0,combined_source,sandwich,True,0.0,standard_c5:E2,6,state_CO,False,False,0.8310292892923584,0.0007965577105543131
303,1.0,combined_source,sandwich,True,0.0,standard_c5:E2,6,state_UT,False,False,0.8488326325123716,0.012216024485826149
303,1.0,combined_source,sandwich,True,0.01,standard_c5:E2,6,state_CO,False,False,0.8310292892923584,0.0007965577105543131
303,1.0,combined_source,sandwich,True,0.01,standard_c5:E2,6,state_UT,False,False,0.8488326325123716,0.012216024485826149
303,1.0,combined_source,concentration,True,0.0,,6,state_CO,True,,,
303,1.0,combined_source,concentration,True,0.0,,6,state_UT,True,,,
303,1.0,combined_source,concentration,True,0.01,,6,state_CO,True,,,
303,1.0,combined_source,concentration,True,0.01,,6,state_UT,True,,,
303,1.0,combined_shift,point,False,0.0,standard_c5:E2,6,state_CO,False,False,0.8310292892923584,0.0007965577105543131
303,1.0,combined_shift,point,False,0.0,standard_c5:E2,6,state_UT,False,False,0.8488326325123716,0.012216024485826149
303,1.0,combined_shift,point,False,0.01,standard_c5:E2,6,state_CO,False,False,0.8310292892923584,0.0007965577105543131
303,1.0,combined_shift,point,False,0.01,standard_c5:E2,6,state_UT,False,False,0.8488326325123716,0.012216024485826149
303,1.0,combined_shift,sandwich,True,0.0,standard_c5:E2,6,state_CO,False,False,0.8310292892923584,0.0007965577105543131
303,1.0,combined_shift,sandwich,True,0.0,standard_c5:E2,6,state_UT,False,False,0.8488326325123716,0.012216024485826149
303,1.0,combined_shift,sandwich,True,0.01,standard_c5:E8,6,state_CO,False,False,0.83322318946265,-0.0013973424597372164
303,1.0,combined_shift,sandwich,True,0.01,standard_c5:E8,6,state_UT,False,False,0.8586607168397267,0.0023879401584711024
303,1.0,combined_shift,concentration,True,0.0,,6,state_CO,True,,,
303,1.0,combined_shift,concentration,True,0.0,,6,state_UT,True,,,
303,1.0,combined_shift,concentration,True,0.01,,6,state_CO,True,,,
303,1.0,combined_shift,concentration,True,0.01,,6,state_UT,True,,,
304,1.0,standard_c1_source,point,False,0.0,,2,state_CO,True,,,
304,1.0,standard_c1_source,point,False,0.0,,2,state_UT,True,,,
304,1.0,standard_c1_source,point,False,0.01,,2,state_CO,True,,,
304,1.0,standard_c1_source,point,False,0.01,,2,state_UT,True,,,
304,1.0,standard_c1_source,sandwich,True,0.0,,2,state_CO,True,,,
304,1.0,standard_c1_source,sandwich,True,0.0,,2,state_UT,True,,,
304,1.0,standard_c1_source,sandwich,True,0.01,,2,state_CO,True,,,
304,1.0,standard_c1_source,sandwich,True,0.01,,2,state_UT,True,,,
304,1.0,standard_c1_source,concentration,True,0.0,,2,state_CO,True,,,
304,1.0,standard_c1_source,concentration,True,0.0,,2,state_UT,True,,,
304,1.0,standard_c1_source,concentration,True,0.01,,2,state_CO,True,,,
304,1.0,standard_c1_source,concentration,True,0.01,,2,state_UT,True,,,
304,1.0,standard_c1_shift,point,False,0.0,,2,state_CO,True,,,
304,1.0,standard_c1_shift,point,False,0.0,,2,state_UT,True,,,
304,1.0,standard_c1_shift,point,False,0.01,,2,state_CO,True,,,
304,1.0,standard_c1_shift,point,False,0.01,,2,state_UT,True,,,
304,1.0,standard_c1_shift,sandwich,True,0.0,,2,state_CO,True,,,
304,1.0,standard_c1_shift,sandwich,True,0.0,,2,state_UT,True,,,
304,1.0,standard_c1_shift,sandwich,True,0.01,,2,state_CO,True,,,
304,1.0,standard_c1_shift,sandwich,True,0.01,,2,state_UT,True,,,
304,1.0,standard_c1_shift,concentration,True,0.0,,2,state_CO,True,,,
304,1.0,standard_c1_shift,concentration,True,0.0,,2,state_UT,True,,,
304,1.0,standard_c1_shift,concentration,True,0.01,,2,state_CO,True,,,
304,1.0,standard_c1_shift,concentration,True,0.01,,2,state_UT,True,,,
304,1.0,standard_c5_source,point,False,0.0,standard_c5:E2,2,state_CO,False,False,0.832772278903648,0.007177511838213246
304,1.0,standard_c5_source,point,False,0.0,standard_c5:E2,2,state_UT,False,False,0.8589880897737975,0.0034759409804033803
304,1.0,standard_c5_source,point,False,0.01,standard_c5:E2,2,state_CO,False,False,0.832772278903648,0.007177511838213246
304,1.0,standard_c5_source,point,False,0.01,standard_c5:E2,2,state_UT,False,False,0.8589880897737975,0.0034759409804033803
304,1.0,standard_c5_source,sandwich,True,0.0,standard_c5:E2,2,state_CO,False,False,0.832772278903648,0.007177511838213246
304,1.0,standard_c5_source,sandwich,True,0.0,standard_c5:E2,2,state_UT,False,False,0.8589880897737975,0.0034759409804033803
304,1.0,standard_c5_source,sandwich,True,0.01,standard_c5:E2,2,state_CO,False,False,0.832772278903648,0.007177511838213246
304,1.0,standard_c5_source,sandwich,True,0.01,standard_c5:E2,2,state_UT,False,False,0.8589880897737975,0.0034759409804033803
304,1.0,standard_c5_source,concentration,True,0.0,,2,state_CO,True,,,
304,1.0,standard_c5_source,concentration,True,0.0,,2,state_UT,True,,,
304,1.0,standard_c5_source,concentration,True,0.01,,2,state_CO,True,,,
304,1.0,standard_c5_source,concentration,True,0.01,,2,state_UT,True,,,
304,1.0,standard_c5_shift,point,False,0.0,standard_c5:E2,2,state_CO,False,False,0.832772278903648,0.007177511838213246
304,1.0,standard_c5_shift,point,False,0.0,standard_c5:E2,2,state_UT,False,False,0.8589880897737975,0.0034759409804033803
304,1.0,standard_c5_shift,point,False,0.01,standard_c5:E2,2,state_CO,False,False,0.832772278903648,0.007177511838213246
304,1.0,standard_c5_shift,point,False,0.01,standard_c5:E2,2,state_UT,False,False,0.8589880897737975,0.0034759409804033803
304,1.0,standard_c5_shift,sandwich,True,0.0,standard_c5:E2,2,state_CO,False,False,0.832772278903648,0.007177511838213246
304,1.0,standard_c5_shift,sandwich,True,0.0,standard_c5:E2,2,state_UT,False,False,0.8589880897737975,0.0034759409804033803
304,1.0,standard_c5_shift,sandwich,True,0.01,standard_c5:E8,2,state_CO,False,False,0.8397588347558937,0.0001909559859675225
304,1.0,standard_c5_shift,sandwich,True,0.01,standard_c5:E8,2,state_UT,False,False,0.8636018999241799,-0.0011378691699790444
304,1.0,standard_c5_shift,concentration,True,0.0,,2,state_CO,True,,,
304,1.0,standard_c5_shift,concentration,True,0.0,,2,state_UT,True,,,
304,1.0,standard_c5_shift,concentration,True,0.01,,2,state_CO,True,,,
304,1.0,standard_c5_shift,concentration,True,0.01,,2,state_UT,True,,,
304,1.0,auto_s_source,point,False,0.0,,2,state_CO,True,,,
304,1.0,auto_s_source,point,False,0.0,,2,state_UT,True,,,
304,1.0,auto_s_source,point,False,0.01,,2,state_CO,True,,,
304,1.0,auto_s_source,point,False,0.01,,2,state_UT,True,,,
304,1.0,auto_s_source,sandwich,True,0.0,,2,state_CO,True,,,
304,1.0,auto_s_source,sandwich,True,0.0,,2,state_UT,True,,,
304,1.0,auto_s_source,sandwich,True,0.01,,2,state_CO,True,,,
304,1.0,auto_s_source,sandwich,True,0.01,,2,state_UT,True,,,
304,1.0,auto_s_source,concentration,True,0.0,,2,state_CO,True,,,
304,1.0,auto_s_source,concentration,True,0.0,,2,state_UT,True,,,
304,1.0,auto_s_source,concentration,True,0.01,,2,state_CO,True,,,
304,1.0,auto_s_source,concentration,True,0.01,,2,state_UT,True,,,
304,1.0,auto_s_shift,point,False,0.0,,2,state_CO,True,,,
304,1.0,auto_s_shift,point,False,0.0,,2,state_UT,True,,,
304,1.0,auto_s_shift,point,False,0.01,,2,state_CO,True,,,
304,1.0,auto_s_shift,point,False,0.01,,2,state_UT,True,,,
304,1.0,auto_s_shift,sandwich,True,0.0,,2,state_CO,True,,,
304,1.0,auto_s_shift,sandwich,True,0.0,,2,state_UT,True,,,
304,1.0,auto_s_shift,sandwich,True,0.01,,2,state_CO,True,,,
304,1.0,auto_s_shift,sandwich,True,0.01,,2,state_UT,True,,,
304,1.0,auto_s_shift,concentration,True,0.0,,2,state_CO,True,,,
304,1.0,auto_s_shift,concentration,True,0.0,,2,state_UT,True,,,
304,1.0,auto_s_shift,concentration,True,0.01,,2,state_CO,True,,,
304,1.0,auto_s_shift,concentration,True,0.01,,2,state_UT,True,,,
304,1.0,standard_joint_source,point,False,0.0,standard_c5:E2,4,state_CO,False,False,0.832772278903648,0.007177511838213246
304,1.0,standard_joint_source,point,False,0.0,standard_c5:E2,4,state_UT,False,False,0.8589880897737975,0.0034759409804033803
304,1.0,standard_joint_source,point,False,0.01,standard_c5:E2,4,state_CO,False,False,0.832772278903648,0.007177511838213246
304,1.0,standard_joint_source,point,False,0.01,standard_c5:E2,4,state_UT,False,False,0.8589880897737975,0.0034759409804033803
304,1.0,standard_joint_source,sandwich,True,0.0,standard_c5:E2,4,state_CO,False,False,0.832772278903648,0.007177511838213246
304,1.0,standard_joint_source,sandwich,True,0.0,standard_c5:E2,4,state_UT,False,False,0.8589880897737975,0.0034759409804033803
304,1.0,standard_joint_source,sandwich,True,0.01,standard_c5:E2,4,state_CO,False,False,0.832772278903648,0.007177511838213246
304,1.0,standard_joint_source,sandwich,True,0.01,standard_c5:E2,4,state_UT,False,False,0.8589880897737975,0.0034759409804033803
304,1.0,standard_joint_source,concentration,True,0.0,,4,state_CO,True,,,
304,1.0,standard_joint_source,concentration,True,0.0,,4,state_UT,True,,,
304,1.0,standard_joint_source,concentration,True,0.01,,4,state_CO,True,,,
304,1.0,standard_joint_source,concentration,True,0.01,,4,state_UT,True,,,
304,1.0,standard_joint_shift,point,False,0.0,standard_c5:E2,4,state_CO,False,False,0.832772278903648,0.007177511838213246
304,1.0,standard_joint_shift,point,False,0.0,standard_c5:E2,4,state_UT,False,False,0.8589880897737975,0.0034759409804033803
304,1.0,standard_joint_shift,point,False,0.01,standard_c5:E2,4,state_CO,False,False,0.832772278903648,0.007177511838213246
304,1.0,standard_joint_shift,point,False,0.01,standard_c5:E2,4,state_UT,False,False,0.8589880897737975,0.0034759409804033803
304,1.0,standard_joint_shift,sandwich,True,0.0,standard_c5:E2,4,state_CO,False,False,0.832772278903648,0.007177511838213246
304,1.0,standard_joint_shift,sandwich,True,0.0,standard_c5:E2,4,state_UT,False,False,0.8589880897737975,0.0034759409804033803
304,1.0,standard_joint_shift,sandwich,True,0.01,standard_c5:E8,4,state_CO,False,False,0.8397588347558937,0.0001909559859675225
304,1.0,standard_joint_shift,sandwich,True,0.01,standard_c5:E8,4,state_UT,False,False,0.8636018999241799,-0.0011378691699790444
304,1.0,standard_joint_shift,concentration,True,0.0,,4,state_CO,True,,,
304,1.0,standard_joint_shift,concentration,True,0.0,,4,state_UT,True,,,
304,1.0,standard_joint_shift,concentration,True,0.01,,4,state_CO,True,,,
304,1.0,standard_joint_shift,concentration,True,0.01,,4,state_UT,True,,,
304,1.0,combined_source,point,False,0.0,standard_c5:E2,6,state_CO,False,False,0.832772278903648,0.007177511838213246
304,1.0,combined_source,point,False,0.0,standard_c5:E2,6,state_UT,False,False,0.8589880897737975,0.0034759409804033803
304,1.0,combined_source,point,False,0.01,standard_c5:E2,6,state_CO,False,False,0.832772278903648,0.007177511838213246
304,1.0,combined_source,point,False,0.01,standard_c5:E2,6,state_UT,False,False,0.8589880897737975,0.0034759409804033803
304,1.0,combined_source,sandwich,True,0.0,standard_c5:E2,6,state_CO,False,False,0.832772278903648,0.007177511838213246
304,1.0,combined_source,sandwich,True,0.0,standard_c5:E2,6,state_UT,False,False,0.8589880897737975,0.0034759409804033803
304,1.0,combined_source,sandwich,True,0.01,standard_c5:E2,6,state_CO,False,False,0.832772278903648,0.007177511838213246
304,1.0,combined_source,sandwich,True,0.01,standard_c5:E2,6,state_UT,False,False,0.8589880897737975,0.0034759409804033803
304,1.0,combined_source,concentration,True,0.0,,6,state_CO,True,,,
304,1.0,combined_source,concentration,True,0.0,,6,state_UT,True,,,
304,1.0,combined_source,concentration,True,0.01,,6,state_CO,True,,,
304,1.0,combined_source,concentration,True,0.01,,6,state_UT,True,,,
304,1.0,combined_shift,point,False,0.0,standard_c5:E2,6,state_CO,False,False,0.832772278903648,0.007177511838213246
304,1.0,combined_shift,point,False,0.0,standard_c5:E2,6,state_UT,False,False,0.8589880897737975,0.0034759409804033803
304,1.0,combined_shift,point,False,0.01,standard_c5:E2,6,state_CO,False,False,0.832772278903648,0.007177511838213246
304,1.0,combined_shift,point,False,0.01,standard_c5:E2,6,state_UT,False,False,0.8589880897737975,0.0034759409804033803
304,1.0,combined_shift,sandwich,True,0.0,standard_c5:E2,6,state_CO,False,False,0.832772278903648,0.007177511838213246
304,1.0,combined_shift,sandwich,True,0.0,standard_c5:E2,6,state_UT,False,False,0.8589880897737975,0.0034759409804033803
304,1.0,combined_shift,sandwich,True,0.01,standard_c5:E8,6,state_CO,False,False,0.8397588347558937,0.0001909559859675225
304,1.0,combined_shift,sandwich,True,0.01,standard_c5:E8,6,state_UT,False,False,0.8636018999241799,-0.0011378691699790444
304,1.0,combined_shift,concentration,True,0.0,,6,state_CO,True,,,
304,1.0,combined_shift,concentration,True,0.0,,6,state_UT,True,,,
304,1.0,combined_shift,concentration,True,0.01,,6,state_CO,True,,,
304,1.0,combined_shift,concentration,True,0.01,,6,state_UT,True,,,
305,1.0,standard_c1_source,point,False,0.0,,2,state_CO,True,,,
305,1.0,standard_c1_source,point,False,0.0,,2,state_UT,True,,,
305,1.0,standard_c1_source,point,False,0.01,,2,state_CO,True,,,
305,1.0,standard_c1_source,point,False,0.01,,2,state_UT,True,,,
305,1.0,standard_c1_source,sandwich,True,0.0,,2,state_CO,True,,,
305,1.0,standard_c1_source,sandwich,True,0.0,,2,state_UT,True,,,
305,1.0,standard_c1_source,sandwich,True,0.01,,2,state_CO,True,,,
305,1.0,standard_c1_source,sandwich,True,0.01,,2,state_UT,True,,,
305,1.0,standard_c1_source,concentration,True,0.0,,2,state_CO,True,,,
305,1.0,standard_c1_source,concentration,True,0.0,,2,state_UT,True,,,
305,1.0,standard_c1_source,concentration,True,0.01,,2,state_CO,True,,,
305,1.0,standard_c1_source,concentration,True,0.01,,2,state_UT,True,,,
305,1.0,standard_c1_shift,point,False,0.0,,2,state_CO,True,,,
305,1.0,standard_c1_shift,point,False,0.0,,2,state_UT,True,,,
305,1.0,standard_c1_shift,point,False,0.01,,2,state_CO,True,,,
305,1.0,standard_c1_shift,point,False,0.01,,2,state_UT,True,,,
305,1.0,standard_c1_shift,sandwich,True,0.0,,2,state_CO,True,,,
305,1.0,standard_c1_shift,sandwich,True,0.0,,2,state_UT,True,,,
305,1.0,standard_c1_shift,sandwich,True,0.01,,2,state_CO,True,,,
305,1.0,standard_c1_shift,sandwich,True,0.01,,2,state_UT,True,,,
305,1.0,standard_c1_shift,concentration,True,0.0,,2,state_CO,True,,,
305,1.0,standard_c1_shift,concentration,True,0.0,,2,state_UT,True,,,
305,1.0,standard_c1_shift,concentration,True,0.01,,2,state_CO,True,,,
305,1.0,standard_c1_shift,concentration,True,0.01,,2,state_UT,True,,,
305,1.0,standard_c5_source,point,False,0.0,standard_c5:E2,2,state_CO,False,False,0.8203058249987435,0.0061996364611082155
305,1.0,standard_c5_source,point,False,0.0,standard_c5:E2,2,state_UT,False,False,0.850461455534299,-2.8794180350510956e-05
305,1.0,standard_c5_source,point,False,0.01,standard_c5:E2,2,state_CO,False,False,0.8203058249987435,0.0061996364611082155
305,1.0,standard_c5_source,point,False,0.01,standard_c5:E2,2,state_UT,False,False,0.850461455534299,-2.8794180350510956e-05
305,1.0,standard_c5_source,sandwich,True,0.0,standard_c5:E2,2,state_CO,False,False,0.8203058249987435,0.0061996364611082155
305,1.0,standard_c5_source,sandwich,True,0.0,standard_c5:E2,2,state_UT,False,False,0.850461455534299,-2.8794180350510956e-05
305,1.0,standard_c5_source,sandwich,True,0.01,standard_c5:E8,2,state_CO,False,False,0.8274352498701647,-0.0009297884103129928
305,1.0,standard_c5_source,sandwich,True,0.01,standard_c5:E8,2,state_UT,False,False,0.851385172839947,-0.0009525114859985084
305,1.0,standard_c5_source,concentration,True,0.0,,2,state_CO,True,,,
305,1.0,standard_c5_source,concentration,True,0.0,,2,state_UT,True,,,
305,1.0,standard_c5_source,concentration,True,0.01,,2,state_CO,True,,,
305,1.0,standard_c5_source,concentration,True,0.01,,2,state_UT,True,,,
305,1.0,standard_c5_shift,point,False,0.0,standard_c5:E2,2,state_CO,False,False,0.8203058249987435,0.0061996364611082155
305,1.0,standard_c5_shift,point,False,0.0,standard_c5:E2,2,state_UT,False,False,0.850461455534299,-2.8794180350510956e-05
305,1.0,standard_c5_shift,point,False,0.01,standard_c5:E8,2,state_CO,False,False,0.8274352498701647,-0.0009297884103129928
305,1.0,standard_c5_shift,point,False,0.01,standard_c5:E8,2,state_UT,False,False,0.851385172839947,-0.0009525114859985084
305,1.0,standard_c5_shift,sandwich,True,0.0,standard_c5:E8,2,state_CO,False,False,0.8274352498701647,-0.0009297884103129928
305,1.0,standard_c5_shift,sandwich,True,0.0,standard_c5:E8,2,state_UT,False,False,0.851385172839947,-0.0009525114859985084
305,1.0,standard_c5_shift,sandwich,True,0.01,standard_c5:E8,2,state_CO,False,False,0.8274352498701647,-0.0009297884103129928
305,1.0,standard_c5_shift,sandwich,True,0.01,standard_c5:E8,2,state_UT,False,False,0.851385172839947,-0.0009525114859985084
305,1.0,standard_c5_shift,concentration,True,0.0,,2,state_CO,True,,,
305,1.0,standard_c5_shift,concentration,True,0.0,,2,state_UT,True,,,
305,1.0,standard_c5_shift,concentration,True,0.01,,2,state_CO,True,,,
305,1.0,standard_c5_shift,concentration,True,0.01,,2,state_UT,True,,,
305,1.0,auto_s_source,point,False,0.0,,2,state_CO,True,,,
305,1.0,auto_s_source,point,False,0.0,,2,state_UT,True,,,
305,1.0,auto_s_source,point,False,0.01,,2,state_CO,True,,,
305,1.0,auto_s_source,point,False,0.01,,2,state_UT,True,,,
305,1.0,auto_s_source,sandwich,True,0.0,,2,state_CO,True,,,
305,1.0,auto_s_source,sandwich,True,0.0,,2,state_UT,True,,,
305,1.0,auto_s_source,sandwich,True,0.01,,2,state_CO,True,,,
305,1.0,auto_s_source,sandwich,True,0.01,,2,state_UT,True,,,
305,1.0,auto_s_source,concentration,True,0.0,,2,state_CO,True,,,
305,1.0,auto_s_source,concentration,True,0.0,,2,state_UT,True,,,
305,1.0,auto_s_source,concentration,True,0.01,,2,state_CO,True,,,
305,1.0,auto_s_source,concentration,True,0.01,,2,state_UT,True,,,
305,1.0,auto_s_shift,point,False,0.0,,2,state_CO,True,,,
305,1.0,auto_s_shift,point,False,0.0,,2,state_UT,True,,,
305,1.0,auto_s_shift,point,False,0.01,,2,state_CO,True,,,
305,1.0,auto_s_shift,point,False,0.01,,2,state_UT,True,,,
305,1.0,auto_s_shift,sandwich,True,0.0,,2,state_CO,True,,,
305,1.0,auto_s_shift,sandwich,True,0.0,,2,state_UT,True,,,
305,1.0,auto_s_shift,sandwich,True,0.01,,2,state_CO,True,,,
305,1.0,auto_s_shift,sandwich,True,0.01,,2,state_UT,True,,,
305,1.0,auto_s_shift,concentration,True,0.0,,2,state_CO,True,,,
305,1.0,auto_s_shift,concentration,True,0.0,,2,state_UT,True,,,
305,1.0,auto_s_shift,concentration,True,0.01,,2,state_CO,True,,,
305,1.0,auto_s_shift,concentration,True,0.01,,2,state_UT,True,,,
305,1.0,standard_joint_source,point,False,0.0,standard_c5:E2,4,state_CO,False,False,0.8203058249987435,0.0061996364611082155
305,1.0,standard_joint_source,point,False,0.0,standard_c5:E2,4,state_UT,False,False,0.850461455534299,-2.8794180350510956e-05
305,1.0,standard_joint_source,point,False,0.01,standard_c5:E2,4,state_CO,False,False,0.8203058249987435,0.0061996364611082155
305,1.0,standard_joint_source,point,False,0.01,standard_c5:E2,4,state_UT,False,False,0.850461455534299,-2.8794180350510956e-05
305,1.0,standard_joint_source,sandwich,True,0.0,standard_c5:E2,4,state_CO,False,False,0.8203058249987435,0.0061996364611082155
305,1.0,standard_joint_source,sandwich,True,0.0,standard_c5:E2,4,state_UT,False,False,0.850461455534299,-2.8794180350510956e-05
305,1.0,standard_joint_source,sandwich,True,0.01,standard_c5:E8,4,state_CO,False,False,0.8274352498701647,-0.0009297884103129928
305,1.0,standard_joint_source,sandwich,True,0.01,standard_c5:E8,4,state_UT,False,False,0.851385172839947,-0.0009525114859985084
305,1.0,standard_joint_source,concentration,True,0.0,,4,state_CO,True,,,
305,1.0,standard_joint_source,concentration,True,0.0,,4,state_UT,True,,,
305,1.0,standard_joint_source,concentration,True,0.01,,4,state_CO,True,,,
305,1.0,standard_joint_source,concentration,True,0.01,,4,state_UT,True,,,
305,1.0,standard_joint_shift,point,False,0.0,standard_c5:E2,4,state_CO,False,False,0.8203058249987435,0.0061996364611082155
305,1.0,standard_joint_shift,point,False,0.0,standard_c5:E2,4,state_UT,False,False,0.850461455534299,-2.8794180350510956e-05
305,1.0,standard_joint_shift,point,False,0.01,standard_c5:E8,4,state_CO,False,False,0.8274352498701647,-0.0009297884103129928
305,1.0,standard_joint_shift,point,False,0.01,standard_c5:E8,4,state_UT,False,False,0.851385172839947,-0.0009525114859985084
305,1.0,standard_joint_shift,sandwich,True,0.0,standard_c5:E8,4,state_CO,False,False,0.8274352498701647,-0.0009297884103129928
305,1.0,standard_joint_shift,sandwich,True,0.0,standard_c5:E8,4,state_UT,False,False,0.851385172839947,-0.0009525114859985084
305,1.0,standard_joint_shift,sandwich,True,0.01,standard_c5:E8,4,state_CO,False,False,0.8274352498701647,-0.0009297884103129928
305,1.0,standard_joint_shift,sandwich,True,0.01,standard_c5:E8,4,state_UT,False,False,0.851385172839947,-0.0009525114859985084
305,1.0,standard_joint_shift,concentration,True,0.0,,4,state_CO,True,,,
305,1.0,standard_joint_shift,concentration,True,0.0,,4,state_UT,True,,,
305,1.0,standard_joint_shift,concentration,True,0.01,,4,state_CO,True,,,
305,1.0,standard_joint_shift,concentration,True,0.01,,4,state_UT,True,,,
305,1.0,combined_source,point,False,0.0,standard_c5:E2,6,state_CO,False,False,0.8203058249987435,0.0061996364611082155
305,1.0,combined_source,point,False,0.0,standard_c5:E2,6,state_UT,False,False,0.850461455534299,-2.8794180350510956e-05
305,1.0,combined_source,point,False,0.01,standard_c5:E2,6,state_CO,False,False,0.8203058249987435,0.0061996364611082155
305,1.0,combined_source,point,False,0.01,standard_c5:E2,6,state_UT,False,False,0.850461455534299,-2.8794180350510956e-05
305,1.0,combined_source,sandwich,True,0.0,standard_c5:E2,6,state_CO,False,False,0.8203058249987435,0.0061996364611082155
305,1.0,combined_source,sandwich,True,0.0,standard_c5:E2,6,state_UT,False,False,0.850461455534299,-2.8794180350510956e-05
305,1.0,combined_source,sandwich,True,0.01,standard_c5:E8,6,state_CO,False,False,0.8274352498701647,-0.0009297884103129928
305,1.0,combined_source,sandwich,True,0.01,standard_c5:E8,6,state_UT,False,False,0.851385172839947,-0.0009525114859985084
305,1.0,combined_source,concentration,True,0.0,,6,state_CO,True,,,
305,1.0,combined_source,concentration,True,0.0,,6,state_UT,True,,,
305,1.0,combined_source,concentration,True,0.01,,6,state_CO,True,,,
305,1.0,combined_source,concentration,True,0.01,,6,state_UT,True,,,
305,1.0,combined_shift,point,False,0.0,standard_c5:E2,6,state_CO,False,False,0.8203058249987435,0.0061996364611082155
305,1.0,combined_shift,point,False,0.0,standard_c5:E2,6,state_UT,False,False,0.850461455534299,-2.8794180350510956e-05
305,1.0,combined_shift,point,False,0.01,standard_c5:E8,6,state_CO,False,False,0.8274352498701647,-0.0009297884103129928
305,1.0,combined_shift,point,False,0.01,standard_c5:E8,6,state_UT,False,False,0.851385172839947,-0.0009525114859985084
305,1.0,combined_shift,sandwich,True,0.0,standard_c5:E8,6,state_CO,False,False,0.8274352498701647,-0.0009297884103129928
305,1.0,combined_shift,sandwich,True,0.0,standard_c5:E8,6,state_UT,False,False,0.851385172839947,-0.0009525114859985084
305,1.0,combined_shift,sandwich,True,0.01,standard_c5:E8,6,state_CO,False,False,0.8274352498701647,-0.0009297884103129928
305,1.0,combined_shift,sandwich,True,0.01,standard_c5:E8,6,state_UT,False,False,0.851385172839947,-0.0009525114859985084
305,1.0,combined_shift,concentration,True,0.0,,6,state_CO,True,,,
305,1.0,combined_shift,concentration,True,0.0,,6,state_UT,True,,,
305,1.0,combined_shift,concentration,True,0.01,,6,state_CO,True,,,
305,1.0,combined_shift,concentration,True,0.01,,6,state_UT,True,,,
306,1.0,standard_c1_source,point,False,0.0,standard_c1:E8,2,state_CO,False,False,0.8043849646288671,0.029582937387815478
306,1.0,standard_c1_source,point,False,0.0,standard_c1:E8,2,state_UT,False,False,0.8366596742192058,0.018815829602288447
306,1.0,standard_c1_source,point,False,0.01,,2,state_CO,True,,,
306,1.0,standard_c1_source,point,False,0.01,,2,state_UT,True,,,
306,1.0,standard_c1_source,sandwich,True,0.0,,2,state_CO,True,,,
306,1.0,standard_c1_source,sandwich,True,0.0,,2,state_UT,True,,,
306,1.0,standard_c1_source,sandwich,True,0.01,,2,state_CO,True,,,
306,1.0,standard_c1_source,sandwich,True,0.01,,2,state_UT,True,,,
306,1.0,standard_c1_source,concentration,True,0.0,,2,state_CO,True,,,
306,1.0,standard_c1_source,concentration,True,0.0,,2,state_UT,True,,,
306,1.0,standard_c1_source,concentration,True,0.01,,2,state_CO,True,,,
306,1.0,standard_c1_source,concentration,True,0.01,,2,state_UT,True,,,
306,1.0,standard_c1_shift,point,False,0.0,standard_c1:E8,2,state_CO,False,False,0.8043849646288671,0.029582937387815478
306,1.0,standard_c1_shift,point,False,0.0,standard_c1:E8,2,state_UT,False,False,0.8366596742192058,0.018815829602288447
306,1.0,standard_c1_shift,point,False,0.01,,2,state_CO,True,,,
306,1.0,standard_c1_shift,point,False,0.01,,2,state_UT,True,,,
306,1.0,standard_c1_shift,sandwich,True,0.0,,2,state_CO,True,,,
306,1.0,standard_c1_shift,sandwich,True,0.0,,2,state_UT,True,,,
306,1.0,standard_c1_shift,sandwich,True,0.01,,2,state_CO,True,,,
306,1.0,standard_c1_shift,sandwich,True,0.01,,2,state_UT,True,,,
306,1.0,standard_c1_shift,concentration,True,0.0,,2,state_CO,True,,,
306,1.0,standard_c1_shift,concentration,True,0.0,,2,state_UT,True,,,
306,1.0,standard_c1_shift,concentration,True,0.01,,2,state_CO,True,,,
306,1.0,standard_c1_shift,concentration,True,0.01,,2,state_UT,True,,,
306,1.0,standard_c5_source,point,False,0.0,standard_c5:E2,2,state_CO,False,False,0.8234199134199134,0.010547988596769198
306,1.0,standard_c5_source,point,False,0.0,standard_c5:E2,2,state_UT,False,False,0.8454019729602175,0.010073530861276825
306,1.0,standard_c5_source,point,False,0.01,standard_c5:E2,2,state_CO,False,False,0.8234199134199134,0.010547988596769198
306,1.0,standard_c5_source,point,False,0.01,standard_c5:E2,2,state_UT,False,False,0.8454019729602175,0.010073530861276825
306,1.0,standard_c5_source,sandwich,True,0.0,standard_c5:E2,2,state_CO,False,False,0.8234199134199134,0.010547988596769198
306,1.0,standard_c5_source,sandwich,True,0.0,standard_c5:E2,2,state_UT,False,False,0.8454019729602175,0.010073530861276825
306,1.0,standard_c5_source,sandwich,True,0.01,standard_c5:E2,2,state_CO,False,False,0.8234199134199134,0.010547988596769198
306,1.0,standard_c5_source,sandwich,True,0.01,standard_c5:E2,2,state_UT,False,False,0.8454019729602175,0.010073530861276825
306,1.0,standard_c5_source,concentration,True,0.0,,2,state_CO,True,,,
306,1.0,standard_c5_source,concentration,True,0.0,,2,state_UT,True,,,
306,1.0,standard_c5_source,concentration,True,0.01,,2,state_CO,True,,,
306,1.0,standard_c5_source,concentration,True,0.01,,2,state_UT,True,,,
306,1.0,standard_c5_shift,point,False,0.0,standard_c5:E2,2,state_CO,False,False,0.8234199134199134,0.010547988596769198
306,1.0,standard_c5_shift,point,False,0.0,standard_c5:E2,2,state_UT,False,False,0.8454019729602175,0.010073530861276825
306,1.0,standard_c5_shift,point,False,0.01,standard_c5:E2,2,state_CO,False,False,0.8234199134199134,0.010547988596769198
306,1.0,standard_c5_shift,point,False,0.01,standard_c5:E2,2,state_UT,False,False,0.8454019729602175,0.010073530861276825
306,1.0,standard_c5_shift,sandwich,True,0.0,standard_c5:E2,2,state_CO,False,False,0.8234199134199134,0.010547988596769198
306,1.0,standard_c5_shift,sandwich,True,0.0,standard_c5:E2,2,state_UT,False,False,0.8454019729602175,0.010073530861276825
306,1.0,standard_c5_shift,sandwich,True,0.01,standard_c5:E2,2,state_CO,False,False,0.8234199134199134,0.010547988596769198
306,1.0,standard_c5_shift,sandwich,True,0.01,standard_c5:E2,2,state_UT,False,False,0.8454019729602175,0.010073530861276825
306,1.0,standard_c5_shift,concentration,True,0.0,,2,state_CO,True,,,
306,1.0,standard_c5_shift,concentration,True,0.0,,2,state_UT,True,,,
306,1.0,standard_c5_shift,concentration,True,0.01,,2,state_CO,True,,,
306,1.0,standard_c5_shift,concentration,True,0.01,,2,state_UT,True,,,
306,1.0,auto_s_source,point,False,0.0,,2,state_CO,True,,,
306,1.0,auto_s_source,point,False,0.0,,2,state_UT,True,,,
306,1.0,auto_s_source,point,False,0.01,,2,state_CO,True,,,
306,1.0,auto_s_source,point,False,0.01,,2,state_UT,True,,,
306,1.0,auto_s_source,sandwich,True,0.0,,2,state_CO,True,,,
306,1.0,auto_s_source,sandwich,True,0.0,,2,state_UT,True,,,
306,1.0,auto_s_source,sandwich,True,0.01,,2,state_CO,True,,,
306,1.0,auto_s_source,sandwich,True,0.01,,2,state_UT,True,,,
306,1.0,auto_s_source,concentration,True,0.0,,2,state_CO,True,,,
306,1.0,auto_s_source,concentration,True,0.0,,2,state_UT,True,,,
306,1.0,auto_s_source,concentration,True,0.01,,2,state_CO,True,,,
306,1.0,auto_s_source,concentration,True,0.01,,2,state_UT,True,,,
306,1.0,auto_s_shift,point,False,0.0,,2,state_CO,True,,,
306,1.0,auto_s_shift,point,False,0.0,,2,state_UT,True,,,
306,1.0,auto_s_shift,point,False,0.01,,2,state_CO,True,,,
306,1.0,auto_s_shift,point,False,0.01,,2,state_UT,True,,,
306,1.0,auto_s_shift,sandwich,True,0.0,,2,state_CO,True,,,
306,1.0,auto_s_shift,sandwich,True,0.0,,2,state_UT,True,,,
306,1.0,auto_s_shift,sandwich,True,0.01,,2,state_CO,True,,,
306,1.0,auto_s_shift,sandwich,True,0.01,,2,state_UT,True,,,
306,1.0,auto_s_shift,concentration,True,0.0,,2,state_CO,True,,,
306,1.0,auto_s_shift,concentration,True,0.0,,2,state_UT,True,,,
306,1.0,auto_s_shift,concentration,True,0.01,,2,state_CO,True,,,
306,1.0,auto_s_shift,concentration,True,0.01,,2,state_UT,True,,,
306,1.0,standard_joint_source,point,False,0.0,standard_c5:E2,4,state_CO,False,False,0.8234199134199134,0.010547988596769198
306,1.0,standard_joint_source,point,False,0.0,standard_c5:E2,4,state_UT,False,False,0.8454019729602175,0.010073530861276825
306,1.0,standard_joint_source,point,False,0.01,standard_c5:E2,4,state_CO,False,False,0.8234199134199134,0.010547988596769198
306,1.0,standard_joint_source,point,False,0.01,standard_c5:E2,4,state_UT,False,False,0.8454019729602175,0.010073530861276825
306,1.0,standard_joint_source,sandwich,True,0.0,standard_c5:E2,4,state_CO,False,False,0.8234199134199134,0.010547988596769198
306,1.0,standard_joint_source,sandwich,True,0.0,standard_c5:E2,4,state_UT,False,False,0.8454019729602175,0.010073530861276825
306,1.0,standard_joint_source,sandwich,True,0.01,standard_c5:E2,4,state_CO,False,False,0.8234199134199134,0.010547988596769198
306,1.0,standard_joint_source,sandwich,True,0.01,standard_c5:E2,4,state_UT,False,False,0.8454019729602175,0.010073530861276825
306,1.0,standard_joint_source,concentration,True,0.0,,4,state_CO,True,,,
306,1.0,standard_joint_source,concentration,True,0.0,,4,state_UT,True,,,
306,1.0,standard_joint_source,concentration,True,0.01,,4,state_CO,True,,,
306,1.0,standard_joint_source,concentration,True,0.01,,4,state_UT,True,,,
306,1.0,standard_joint_shift,point,False,0.0,standard_c5:E2,4,state_CO,False,False,0.8234199134199134,0.010547988596769198
306,1.0,standard_joint_shift,point,False,0.0,standard_c5:E2,4,state_UT,False,False,0.8454019729602175,0.010073530861276825
306,1.0,standard_joint_shift,point,False,0.01,standard_c5:E2,4,state_CO,False,False,0.8234199134199134,0.010547988596769198
306,1.0,standard_joint_shift,point,False,0.01,standard_c5:E2,4,state_UT,False,False,0.8454019729602175,0.010073530861276825
306,1.0,standard_joint_shift,sandwich,True,0.0,standard_c5:E2,4,state_CO,False,False,0.8234199134199134,0.010547988596769198
306,1.0,standard_joint_shift,sandwich,True,0.0,standard_c5:E2,4,state_UT,False,False,0.8454019729602175,0.010073530861276825
306,1.0,standard_joint_shift,sandwich,True,0.01,standard_c5:E2,4,state_CO,False,False,0.8234199134199134,0.010547988596769198
306,1.0,standard_joint_shift,sandwich,True,0.01,standard_c5:E2,4,state_UT,False,False,0.8454019729602175,0.010073530861276825
306,1.0,standard_joint_shift,concentration,True,0.0,,4,state_CO,True,,,
306,1.0,standard_joint_shift,concentration,True,0.0,,4,state_UT,True,,,
306,1.0,standard_joint_shift,concentration,True,0.01,,4,state_CO,True,,,
306,1.0,standard_joint_shift,concentration,True,0.01,,4,state_UT,True,,,
306,1.0,combined_source,point,False,0.0,standard_c5:E2,6,state_CO,False,False,0.8234199134199134,0.010547988596769198
306,1.0,combined_source,point,False,0.0,standard_c5:E2,6,state_UT,False,False,0.8454019729602175,0.010073530861276825
306,1.0,combined_source,point,False,0.01,standard_c5:E2,6,state_CO,False,False,0.8234199134199134,0.010547988596769198
306,1.0,combined_source,point,False,0.01,standard_c5:E2,6,state_UT,False,False,0.8454019729602175,0.010073530861276825
306,1.0,combined_source,sandwich,True,0.0,standard_c5:E2,6,state_CO,False,False,0.8234199134199134,0.010547988596769198
306,1.0,combined_source,sandwich,True,0.0,standard_c5:E2,6,state_UT,False,False,0.8454019729602175,0.010073530861276825
306,1.0,combined_source,sandwich,True,0.01,standard_c5:E2,6,state_CO,False,False,0.8234199134199134,0.010547988596769198
306,1.0,combined_source,sandwich,True,0.01,standard_c5:E2,6,state_UT,False,False,0.8454019729602175,0.010073530861276825
306,1.0,combined_source,concentration,True,0.0,,6,state_CO,True,,,
306,1.0,combined_source,concentration,True,0.0,,6,state_UT,True,,,
306,1.0,combined_source,concentration,True,0.01,,6,state_CO,True,,,
306,1.0,combined_source,concentration,True,0.01,,6,state_UT,True,,,
306,1.0,combined_shift,point,False,0.0,standard_c5:E2,6,state_CO,False,False,0.8234199134199134,0.010547988596769198
306,1.0,combined_shift,point,False,0.0,standard_c5:E2,6,state_UT,False,False,0.8454019729602175,0.010073530861276825
306,1.0,combined_shift,point,False,0.01,standard_c5:E2,6,state_CO,False,False,0.8234199134199134,0.010547988596769198
306,1.0,combined_shift,point,False,0.01,standard_c5:E2,6,state_UT,False,False,0.8454019729602175,0.010073530861276825
306,1.0,combined_shift,sandwich,True,0.0,standard_c5:E2,6,state_CO,False,False,0.8234199134199134,0.010547988596769198
306,1.0,combined_shift,sandwich,True,0.0,standard_c5:E2,6,state_UT,False,False,0.8454019729602175,0.010073530861276825
306,1.0,combined_shift,sandwich,True,0.01,standard_c5:E2,6,state_CO,False,False,0.8234199134199134,0.010547988596769198
306,1.0,combined_shift,sandwich,True,0.01,standard_c5:E2,6,state_UT,False,False,0.8454019729602175,0.010073530861276825
306,1.0,combined_shift,concentration,True,0.0,,6,state_CO,True,,,
306,1.0,combined_shift,concentration,True,0.0,,6,state_UT,True,,,
306,1.0,combined_shift,concentration,True,0.01,,6,state_CO,True,,,
306,1.0,combined_shift,concentration,True,0.01,,6,state_UT,True,,,
307,1.0,standard_c1_source,point,False,0.0,,2,state_CO,True,,,
307,1.0,standard_c1_source,point,False,0.0,,2,state_UT,True,,,
307,1.0,standard_c1_source,point,False,0.01,,2,state_CO,True,,,
307,1.0,standard_c1_source,point,False,0.01,,2,state_UT,True,,,
307,1.0,standard_c1_source,sandwich,True,0.0,,2,state_CO,True,,,
307,1.0,standard_c1_source,sandwich,True,0.0,,2,state_UT,True,,,
307,1.0,standard_c1_source,sandwich,True,0.01,,2,state_CO,True,,,
307,1.0,standard_c1_source,sandwich,True,0.01,,2,state_UT,True,,,
307,1.0,standard_c1_source,concentration,True,0.0,,2,state_CO,True,,,
307,1.0,standard_c1_source,concentration,True,0.0,,2,state_UT,True,,,
307,1.0,standard_c1_source,concentration,True,0.01,,2,state_CO,True,,,
307,1.0,standard_c1_source,concentration,True,0.01,,2,state_UT,True,,,
307,1.0,standard_c1_shift,point,False,0.0,,2,state_CO,True,,,
307,1.0,standard_c1_shift,point,False,0.0,,2,state_UT,True,,,
307,1.0,standard_c1_shift,point,False,0.01,,2,state_CO,True,,,
307,1.0,standard_c1_shift,point,False,0.01,,2,state_UT,True,,,
307,1.0,standard_c1_shift,sandwich,True,0.0,,2,state_CO,True,,,
307,1.0,standard_c1_shift,sandwich,True,0.0,,2,state_UT,True,,,
307,1.0,standard_c1_shift,sandwich,True,0.01,,2,state_CO,True,,,
307,1.0,standard_c1_shift,sandwich,True,0.01,,2,state_UT,True,,,
307,1.0,standard_c1_shift,concentration,True,0.0,,2,state_CO,True,,,
307,1.0,standard_c1_shift,concentration,True,0.0,,2,state_UT,True,,,
307,1.0,standard_c1_shift,concentration,True,0.01,,2,state_CO,True,,,
307,1.0,standard_c1_shift,concentration,True,0.01,,2,state_UT,True,,,
307,1.0,standard_c5_source,point,False,0.0,standard_c5:E2,2,state_CO,False,False,0.814762344017437,0.016899794419416025
307,1.0,standard_c5_source,point,False,0.0,standard_c5:E2,2,state_UT,False,False,0.8540443005892174,0.019293729741293175
307,1.0,standard_c5_source,point,False,0.01,standard_c5:E2,2,state_CO,False,False,0.814762344017437,0.016899794419416025
307,1.0,standard_c5_source,point,False,0.01,standard_c5:E2,2,state_UT,False,False,0.8540443005892174,0.019293729741293175
307,1.0,standard_c5_source,sandwich,True,0.0,standard_c5:E2,2,state_CO,False,False,0.814762344017437,0.016899794419416025
307,1.0,standard_c5_source,sandwich,True,0.0,standard_c5:E2,2,state_UT,False,False,0.8540443005892174,0.019293729741293175
307,1.0,standard_c5_source,sandwich,True,0.01,standard_c5:E8,2,state_CO,False,False,0.8307313064913723,0.0009308319454807146
307,1.0,standard_c5_source,sandwich,True,0.01,standard_c5:E8,2,state_UT,False,False,0.8703803172565815,0.0029577130739291135
307,1.0,standard_c5_source,concentration,True,0.0,,2,state_CO,True,,,
307,1.0,standard_c5_source,concentration,True,0.0,,2,state_UT,True,,,
307,1.0,standard_c5_source,concentration,True,0.01,,2,state_CO,True,,,
307,1.0,standard_c5_source,concentration,True,0.01,,2,state_UT,True,,,
307,1.0,standard_c5_shift,point,False,0.0,standard_c5:E2,2,state_CO,False,False,0.814762344017437,0.016899794419416025
307,1.0,standard_c5_shift,point,False,0.0,standard_c5:E2,2,state_UT,False,False,0.8540443005892174,0.019293729741293175
307,1.0,standard_c5_shift,point,False,0.01,standard_c5:E2,2,state_CO,False,False,0.814762344017437,0.016899794419416025
307,1.0,standard_c5_shift,point,False,0.01,standard_c5:E2,2,state_UT,False,False,0.8540443005892174,0.019293729741293175
307,1.0,standard_c5_shift,sandwich,True,0.0,standard_c5:E2,2,state_CO,False,False,0.814762344017437,0.016899794419416025
307,1.0,standard_c5_shift,sandwich,True,0.0,standard_c5:E2,2,state_UT,False,False,0.8540443005892174,0.019293729741293175
307,1.0,standard_c5_shift,sandwich,True,0.01,standard_c5:E8,2,state_CO,False,False,0.8307313064913723,0.0009308319454807146
307,1.0,standard_c5_shift,sandwich,True,0.01,standard_c5:E8,2,state_UT,False,False,0.8703803172565815,0.0029577130739291135
307,1.0,standard_c5_shift,concentration,True,0.0,,2,state_CO,True,,,
307,1.0,standard_c5_shift,concentration,True,0.0,,2,state_UT,True,,,
307,1.0,standard_c5_shift,concentration,True,0.01,,2,state_CO,True,,,
307,1.0,standard_c5_shift,concentration,True,0.01,,2,state_UT,True,,,
307,1.0,auto_s_source,point,False,0.0,,2,state_CO,True,,,
307,1.0,auto_s_source,point,False,0.0,,2,state_UT,True,,,
307,1.0,auto_s_source,point,False,0.01,,2,state_CO,True,,,
307,1.0,auto_s_source,point,False,0.01,,2,state_UT,True,,,
307,1.0,auto_s_source,sandwich,True,0.0,,2,state_CO,True,,,
307,1.0,auto_s_source,sandwich,True,0.0,,2,state_UT,True,,,
307,1.0,auto_s_source,sandwich,True,0.01,,2,state_CO,True,,,
307,1.0,auto_s_source,sandwich,True,0.01,,2,state_UT,True,,,
307,1.0,auto_s_source,concentration,True,0.0,,2,state_CO,True,,,
307,1.0,auto_s_source,concentration,True,0.0,,2,state_UT,True,,,
307,1.0,auto_s_source,concentration,True,0.01,,2,state_CO,True,,,
307,1.0,auto_s_source,concentration,True,0.01,,2,state_UT,True,,,
307,1.0,auto_s_shift,point,False,0.0,,2,state_CO,True,,,
307,1.0,auto_s_shift,point,False,0.0,,2,state_UT,True,,,
307,1.0,auto_s_shift,point,False,0.01,,2,state_CO,True,,,
307,1.0,auto_s_shift,point,False,0.01,,2,state_UT,True,,,
307,1.0,auto_s_shift,sandwich,True,0.0,,2,state_CO,True,,,
307,1.0,auto_s_shift,sandwich,True,0.0,,2,state_UT,True,,,
307,1.0,auto_s_shift,sandwich,True,0.01,,2,state_CO,True,,,
307,1.0,auto_s_shift,sandwich,True,0.01,,2,state_UT,True,,,
307,1.0,auto_s_shift,concentration,True,0.0,,2,state_CO,True,,,
307,1.0,auto_s_shift,concentration,True,0.0,,2,state_UT,True,,,
307,1.0,auto_s_shift,concentration,True,0.01,,2,state_CO,True,,,
307,1.0,auto_s_shift,concentration,True,0.01,,2,state_UT,True,,,
307,1.0,standard_joint_source,point,False,0.0,standard_c5:E2,4,state_CO,False,False,0.814762344017437,0.016899794419416025
307,1.0,standard_joint_source,point,False,0.0,standard_c5:E2,4,state_UT,False,False,0.8540443005892174,0.019293729741293175
307,1.0,standard_joint_source,point,False,0.01,standard_c5:E2,4,state_CO,False,False,0.814762344017437,0.016899794419416025
307,1.0,standard_joint_source,point,False,0.01,standard_c5:E2,4,state_UT,False,False,0.8540443005892174,0.019293729741293175
307,1.0,standard_joint_source,sandwich,True,0.0,standard_c5:E2,4,state_CO,False,False,0.814762344017437,0.016899794419416025
307,1.0,standard_joint_source,sandwich,True,0.0,standard_c5:E2,4,state_UT,False,False,0.8540443005892174,0.019293729741293175
307,1.0,standard_joint_source,sandwich,True,0.01,standard_c5:E8,4,state_CO,False,False,0.8307313064913723,0.0009308319454807146
307,1.0,standard_joint_source,sandwich,True,0.01,standard_c5:E8,4,state_UT,False,False,0.8703803172565815,0.0029577130739291135
307,1.0,standard_joint_source,concentration,True,0.0,,4,state_CO,True,,,
307,1.0,standard_joint_source,concentration,True,0.0,,4,state_UT,True,,,
307,1.0,standard_joint_source,concentration,True,0.01,,4,state_CO,True,,,
307,1.0,standard_joint_source,concentration,True,0.01,,4,state_UT,True,,,
307,1.0,standard_joint_shift,point,False,0.0,standard_c5:E2,4,state_CO,False,False,0.814762344017437,0.016899794419416025
307,1.0,standard_joint_shift,point,False,0.0,standard_c5:E2,4,state_UT,False,False,0.8540443005892174,0.019293729741293175
307,1.0,standard_joint_shift,point,False,0.01,standard_c5:E2,4,state_CO,False,False,0.814762344017437,0.016899794419416025
307,1.0,standard_joint_shift,point,False,0.01,standard_c5:E2,4,state_UT,False,False,0.8540443005892174,0.019293729741293175
307,1.0,standard_joint_shift,sandwich,True,0.0,standard_c5:E2,4,state_CO,False,False,0.814762344017437,0.016899794419416025
307,1.0,standard_joint_shift,sandwich,True,0.0,standard_c5:E2,4,state_UT,False,False,0.8540443005892174,0.019293729741293175
307,1.0,standard_joint_shift,sandwich,True,0.01,standard_c5:E8,4,state_CO,False,False,0.8307313064913723,0.0009308319454807146
307,1.0,standard_joint_shift,sandwich,True,0.01,standard_c5:E8,4,state_UT,False,False,0.8703803172565815,0.0029577130739291135
307,1.0,standard_joint_shift,concentration,True,0.0,,4,state_CO,True,,,
307,1.0,standard_joint_shift,concentration,True,0.0,,4,state_UT,True,,,
307,1.0,standard_joint_shift,concentration,True,0.01,,4,state_CO,True,,,
307,1.0,standard_joint_shift,concentration,True,0.01,,4,state_UT,True,,,
307,1.0,combined_source,point,False,0.0,standard_c5:E2,6,state_CO,False,False,0.814762344017437,0.016899794419416025
307,1.0,combined_source,point,False,0.0,standard_c5:E2,6,state_UT,False,False,0.8540443005892174,0.019293729741293175
307,1.0,combined_source,point,False,0.01,standard_c5:E2,6,state_CO,False,False,0.814762344017437,0.016899794419416025
307,1.0,combined_source,point,False,0.01,standard_c5:E2,6,state_UT,False,False,0.8540443005892174,0.019293729741293175
307,1.0,combined_source,sandwich,True,0.0,standard_c5:E2,6,state_CO,False,False,0.814762344017437,0.016899794419416025
307,1.0,combined_source,sandwich,True,0.0,standard_c5:E2,6,state_UT,False,False,0.8540443005892174,0.019293729741293175
307,1.0,combined_source,sandwich,True,0.01,standard_c5:E8,6,state_CO,False,False,0.8307313064913723,0.0009308319454807146
307,1.0,combined_source,sandwich,True,0.01,standard_c5:E8,6,state_UT,False,False,0.8703803172565815,0.0029577130739291135
307,1.0,combined_source,concentration,True,0.0,,6,state_CO,True,,,
307,1.0,combined_source,concentration,True,0.0,,6,state_UT,True,,,
307,1.0,combined_source,concentration,True,0.01,,6,state_CO,True,,,
307,1.0,combined_source,concentration,True,0.01,,6,state_UT,True,,,
307,1.0,combined_shift,point,False,0.0,standard_c5:E2,6,state_CO,False,False,0.814762344017437,0.016899794419416025
307,1.0,combined_shift,point,False,0.0,standard_c5:E2,6,state_UT,False,False,0.8540443005892174,0.019293729741293175
307,1.0,combined_shift,point,False,0.01,standard_c5:E2,6,state_CO,False,False,0.814762344017437,0.016899794419416025
307,1.0,combined_shift,point,False,0.01,standard_c5:E2,6,state_UT,False,False,0.8540443005892174,0.019293729741293175
307,1.0,combined_shift,sandwich,True,0.0,standard_c5:E2,6,state_CO,False,False,0.814762344017437,0.016899794419416025
307,1.0,combined_shift,sandwich,True,0.0,standard_c5:E2,6,state_UT,False,False,0.8540443005892174,0.019293729741293175
307,1.0,combined_shift,sandwich,True,0.01,standard_c5:E8,6,state_CO,False,False,0.8307313064913723,0.0009308319454807146
307,1.0,combined_shift,sandwich,True,0.01,standard_c5:E8,6,state_UT,False,False,0.8703803172565815,0.0029577130739291135
307,1.0,combined_shift,concentration,True,0.0,,6,state_CO,True,,,
307,1.0,combined_shift,concentration,True,0.0,,6,state_UT,True,,,
307,1.0,combined_shift,concentration,True,0.01,,6,state_CO,True,,,
307,1.0,combined_shift,concentration,True,0.01,,6,state_UT,True,,,
308,1.0,standard_c1_source,point,False,0.0,standard_c1:E2,2,state_CO,False,True,0.803885528249493,0.031975570256329244
308,1.0,standard_c1_source,point,False,0.0,standard_c1:E2,2,state_UT,False,False,0.8390819791797051,0.019507766959626416
308,1.0,standard_c1_source,point,False,0.01,,2,state_CO,True,,,
308,1.0,standard_c1_source,point,False,0.01,,2,state_UT,True,,,
308,1.0,standard_c1_source,sandwich,True,0.0,,2,state_CO,True,,,
308,1.0,standard_c1_source,sandwich,True,0.0,,2,state_UT,True,,,
308,1.0,standard_c1_source,sandwich,True,0.01,,2,state_CO,True,,,
308,1.0,standard_c1_source,sandwich,True,0.01,,2,state_UT,True,,,
308,1.0,standard_c1_source,concentration,True,0.0,,2,state_CO,True,,,
308,1.0,standard_c1_source,concentration,True,0.0,,2,state_UT,True,,,
308,1.0,standard_c1_source,concentration,True,0.01,,2,state_CO,True,,,
308,1.0,standard_c1_source,concentration,True,0.01,,2,state_UT,True,,,
308,1.0,standard_c1_shift,point,False,0.0,standard_c1:E2,2,state_CO,False,True,0.803885528249493,0.031975570256329244
308,1.0,standard_c1_shift,point,False,0.0,standard_c1:E2,2,state_UT,False,False,0.8390819791797051,0.019507766959626416
308,1.0,standard_c1_shift,point,False,0.01,,2,state_CO,True,,,
308,1.0,standard_c1_shift,point,False,0.01,,2,state_UT,True,,,
308,1.0,standard_c1_shift,sandwich,True,0.0,,2,state_CO,True,,,
308,1.0,standard_c1_shift,sandwich,True,0.0,,2,state_UT,True,,,
308,1.0,standard_c1_shift,sandwich,True,0.01,,2,state_CO,True,,,
308,1.0,standard_c1_shift,sandwich,True,0.01,,2,state_UT,True,,,
308,1.0,standard_c1_shift,concentration,True,0.0,,2,state_CO,True,,,
308,1.0,standard_c1_shift,concentration,True,0.0,,2,state_UT,True,,,
308,1.0,standard_c1_shift,concentration,True,0.01,,2,state_CO,True,,,
308,1.0,standard_c1_shift,concentration,True,0.01,,2,state_UT,True,,,
308,1.0,standard_c5_source,point,False,0.0,standard_c5:E2,2,state_CO,False,False,0.8264553557675094,0.00940574273831285
308,1.0,standard_c5_source,point,False,0.0,standard_c5:E2,2,state_UT,False,False,0.8534718233491919,0.005117922790139562
308,1.0,standard_c5_source,point,False,0.01,standard_c5:E2,2,state_CO,False,False,0.8264553557675094,0.00940574273831285
308,1.0,standard_c5_source,point,False,0.01,standard_c5:E2,2,state_UT,False,False,0.8534718233491919,0.005117922790139562
308,1.0,standard_c5_source,sandwich,True,0.0,standard_c5:E2,2,state_CO,False,False,0.8264553557675094,0.00940574273831285
308,1.0,standard_c5_source,sandwich,True,0.0,standard_c5:E2,2,state_UT,False,False,0.8534718233491919,0.005117922790139562
308,1.0,standard_c5_source,sandwich,True,0.01,standard_c5:E8,2,state_CO,False,False,0.8359911989641922,-0.00013010045836991946
308,1.0,standard_c5_source,sandwich,True,0.01,standard_c5:E8,2,state_UT,False,False,0.8591512553825924,-0.000561509243260927
308,1.0,standard_c5_source,concentration,True,0.0,,2,state_CO,True,,,
308,1.0,standard_c5_source,concentration,True,0.0,,2,state_UT,True,,,
308,1.0,standard_c5_source,concentration,True,0.01,,2,state_CO,True,,,
308,1.0,standard_c5_source,concentration,True,0.01,,2,state_UT,True,,,
308,1.0,standard_c5_shift,point,False,0.0,standard_c5:E2,2,state_CO,False,False,0.8264553557675094,0.00940574273831285
308,1.0,standard_c5_shift,point,False,0.0,standard_c5:E2,2,state_UT,False,False,0.8534718233491919,0.005117922790139562
308,1.0,standard_c5_shift,point,False,0.01,standard_c5:E2,2,state_CO,False,False,0.8264553557675094,0.00940574273831285
308,1.0,standard_c5_shift,point,False,0.01,standard_c5:E2,2,state_UT,False,False,0.8534718233491919,0.005117922790139562
308,1.0,standard_c5_shift,sandwich,True,0.0,standard_c5:E2,2,state_CO,False,False,0.8264553557675094,0.00940574273831285
308,1.0,standard_c5_shift,sandwich,True,0.0,standard_c5:E2,2,state_UT,False,False,0.8534718233491919,0.005117922790139562
308,1.0,standard_c5_shift,sandwich,True,0.01,standard_c5:E8,2,state_CO,False,False,0.8359911989641922,-0.00013010045836991946
308,1.0,standard_c5_shift,sandwich,True,0.01,standard_c5:E8,2,state_UT,False,False,0.8591512553825924,-0.000561509243260927
308,1.0,standard_c5_shift,concentration,True,0.0,,2,state_CO,True,,,
308,1.0,standard_c5_shift,concentration,True,0.0,,2,state_UT,True,,,
308,1.0,standard_c5_shift,concentration,True,0.01,,2,state_CO,True,,,
308,1.0,standard_c5_shift,concentration,True,0.01,,2,state_UT,True,,,
308,1.0,auto_s_source,point,False,0.0,,2,state_CO,True,,,
308,1.0,auto_s_source,point,False,0.0,,2,state_UT,True,,,
308,1.0,auto_s_source,point,False,0.01,,2,state_CO,True,,,
308,1.0,auto_s_source,point,False,0.01,,2,state_UT,True,,,
308,1.0,auto_s_source,sandwich,True,0.0,,2,state_CO,True,,,
308,1.0,auto_s_source,sandwich,True,0.0,,2,state_UT,True,,,
308,1.0,auto_s_source,sandwich,True,0.01,,2,state_CO,True,,,
308,1.0,auto_s_source,sandwich,True,0.01,,2,state_UT,True,,,
308,1.0,auto_s_source,concentration,True,0.0,,2,state_CO,True,,,
308,1.0,auto_s_source,concentration,True,0.0,,2,state_UT,True,,,
308,1.0,auto_s_source,concentration,True,0.01,,2,state_CO,True,,,
308,1.0,auto_s_source,concentration,True,0.01,,2,state_UT,True,,,
308,1.0,auto_s_shift,point,False,0.0,,2,state_CO,True,,,
308,1.0,auto_s_shift,point,False,0.0,,2,state_UT,True,,,
308,1.0,auto_s_shift,point,False,0.01,,2,state_CO,True,,,
308,1.0,auto_s_shift,point,False,0.01,,2,state_UT,True,,,
308,1.0,auto_s_shift,sandwich,True,0.0,,2,state_CO,True,,,
308,1.0,auto_s_shift,sandwich,True,0.0,,2,state_UT,True,,,
308,1.0,auto_s_shift,sandwich,True,0.01,,2,state_CO,True,,,
308,1.0,auto_s_shift,sandwich,True,0.01,,2,state_UT,True,,,
308,1.0,auto_s_shift,concentration,True,0.0,,2,state_CO,True,,,
308,1.0,auto_s_shift,concentration,True,0.0,,2,state_UT,True,,,
308,1.0,auto_s_shift,concentration,True,0.01,,2,state_CO,True,,,
308,1.0,auto_s_shift,concentration,True,0.01,,2,state_UT,True,,,
308,1.0,standard_joint_source,point,False,0.0,standard_c5:E2,4,state_CO,False,False,0.8264553557675094,0.00940574273831285
308,1.0,standard_joint_source,point,False,0.0,standard_c5:E2,4,state_UT,False,False,0.8534718233491919,0.005117922790139562
308,1.0,standard_joint_source,point,False,0.01,standard_c5:E2,4,state_CO,False,False,0.8264553557675094,0.00940574273831285
308,1.0,standard_joint_source,point,False,0.01,standard_c5:E2,4,state_UT,False,False,0.8534718233491919,0.005117922790139562
308,1.0,standard_joint_source,sandwich,True,0.0,standard_c5:E2,4,state_CO,False,False,0.8264553557675094,0.00940574273831285
308,1.0,standard_joint_source,sandwich,True,0.0,standard_c5:E2,4,state_UT,False,False,0.8534718233491919,0.005117922790139562
308,1.0,standard_joint_source,sandwich,True,0.01,standard_c5:E8,4,state_CO,False,False,0.8359911989641922,-0.00013010045836991946
308,1.0,standard_joint_source,sandwich,True,0.01,standard_c5:E8,4,state_UT,False,False,0.8591512553825924,-0.000561509243260927
308,1.0,standard_joint_source,concentration,True,0.0,,4,state_CO,True,,,
308,1.0,standard_joint_source,concentration,True,0.0,,4,state_UT,True,,,
308,1.0,standard_joint_source,concentration,True,0.01,,4,state_CO,True,,,
308,1.0,standard_joint_source,concentration,True,0.01,,4,state_UT,True,,,
308,1.0,standard_joint_shift,point,False,0.0,standard_c5:E2,4,state_CO,False,False,0.8264553557675094,0.00940574273831285
308,1.0,standard_joint_shift,point,False,0.0,standard_c5:E2,4,state_UT,False,False,0.8534718233491919,0.005117922790139562
308,1.0,standard_joint_shift,point,False,0.01,standard_c5:E2,4,state_CO,False,False,0.8264553557675094,0.00940574273831285
308,1.0,standard_joint_shift,point,False,0.01,standard_c5:E2,4,state_UT,False,False,0.8534718233491919,0.005117922790139562
308,1.0,standard_joint_shift,sandwich,True,0.0,standard_c5:E2,4,state_CO,False,False,0.8264553557675094,0.00940574273831285
308,1.0,standard_joint_shift,sandwich,True,0.0,standard_c5:E2,4,state_UT,False,False,0.8534718233491919,0.005117922790139562
308,1.0,standard_joint_shift,sandwich,True,0.01,standard_c5:E8,4,state_CO,False,False,0.8359911989641922,-0.00013010045836991946
308,1.0,standard_joint_shift,sandwich,True,0.01,standard_c5:E8,4,state_UT,False,False,0.8591512553825924,-0.000561509243260927
308,1.0,standard_joint_shift,concentration,True,0.0,,4,state_CO,True,,,
308,1.0,standard_joint_shift,concentration,True,0.0,,4,state_UT,True,,,
308,1.0,standard_joint_shift,concentration,True,0.01,,4,state_CO,True,,,
308,1.0,standard_joint_shift,concentration,True,0.01,,4,state_UT,True,,,
308,1.0,combined_source,point,False,0.0,standard_c5:E2,6,state_CO,False,False,0.8264553557675094,0.00940574273831285
308,1.0,combined_source,point,False,0.0,standard_c5:E2,6,state_UT,False,False,0.8534718233491919,0.005117922790139562
308,1.0,combined_source,point,False,0.01,standard_c5:E2,6,state_CO,False,False,0.8264553557675094,0.00940574273831285
308,1.0,combined_source,point,False,0.01,standard_c5:E2,6,state_UT,False,False,0.8534718233491919,0.005117922790139562
308,1.0,combined_source,sandwich,True,0.0,standard_c5:E2,6,state_CO,False,False,0.8264553557675094,0.00940574273831285
308,1.0,combined_source,sandwich,True,0.0,standard_c5:E2,6,state_UT,False,False,0.8534718233491919,0.005117922790139562
308,1.0,combined_source,sandwich,True,0.01,standard_c5:E8,6,state_CO,False,False,0.8359911989641922,-0.00013010045836991946
308,1.0,combined_source,sandwich,True,0.01,standard_c5:E8,6,state_UT,False,False,0.8591512553825924,-0.000561509243260927
308,1.0,combined_source,concentration,True,0.0,,6,state_CO,True,,,
308,1.0,combined_source,concentration,True,0.0,,6,state_UT,True,,,
308,1.0,combined_source,concentration,True,0.01,,6,state_CO,True,,,
308,1.0,combined_source,concentration,True,0.01,,6,state_UT,True,,,
308,1.0,combined_shift,point,False,0.0,standard_c5:E2,6,state_CO,False,False,0.8264553557675094,0.00940574273831285
308,1.0,combined_shift,point,False,0.0,standard_c5:E2,6,state_UT,False,False,0.8534718233491919,0.005117922790139562
308,1.0,combined_shift,point,False,0.01,standard_c5:E2,6,state_CO,False,False,0.8264553557675094,0.00940574273831285
308,1.0,combined_shift,point,False,0.01,standard_c5:E2,6,state_UT,False,False,0.8534718233491919,0.005117922790139562
308,1.0,combined_shift,sandwich,True,0.0,standard_c5:E2,6,state_CO,False,False,0.8264553557675094,0.00940574273831285
308,1.0,combined_shift,sandwich,True,0.0,standard_c5:E2,6,state_UT,False,False,0.8534718233491919,0.005117922790139562
308,1.0,combined_shift,sandwich,True,0.01,standard_c5:E8,6,state_CO,False,False,0.8359911989641922,-0.00013010045836991946
308,1.0,combined_shift,sandwich,True,0.01,standard_c5:E8,6,state_UT,False,False,0.8591512553825924,-0.000561509243260927
308,1.0,combined_shift,concentration,True,0.0,,6,state_CO,True,,,
308,1.0,combined_shift,concentration,True,0.0,,6,state_UT,True,,,
308,1.0,combined_shift,concentration,True,0.01,,6,state_CO,True,,,
308,1.0,combined_shift,concentration,True,0.01,,6,state_UT,True,,,
309,1.0,standard_c1_source,point,False,0.0,,2,state_CO,True,,,
309,1.0,standard_c1_source,point,False,0.0,,2,state_UT,True,,,
309,1.0,standard_c1_source,point,False,0.01,,2,state_CO,True,,,
309,1.0,standard_c1_source,point,False,0.01,,2,state_UT,True,,,
309,1.0,standard_c1_source,sandwich,True,0.0,,2,state_CO,True,,,
309,1.0,standard_c1_source,sandwich,True,0.0,,2,state_UT,True,,,
309,1.0,standard_c1_source,sandwich,True,0.01,,2,state_CO,True,,,
309,1.0,standard_c1_source,sandwich,True,0.01,,2,state_UT,True,,,
309,1.0,standard_c1_source,concentration,True,0.0,,2,state_CO,True,,,
309,1.0,standard_c1_source,concentration,True,0.0,,2,state_UT,True,,,
309,1.0,standard_c1_source,concentration,True,0.01,,2,state_CO,True,,,
309,1.0,standard_c1_source,concentration,True,0.01,,2,state_UT,True,,,
309,1.0,standard_c1_shift,point,False,0.0,,2,state_CO,True,,,
309,1.0,standard_c1_shift,point,False,0.0,,2,state_UT,True,,,
309,1.0,standard_c1_shift,point,False,0.01,,2,state_CO,True,,,
309,1.0,standard_c1_shift,point,False,0.01,,2,state_UT,True,,,
309,1.0,standard_c1_shift,sandwich,True,0.0,,2,state_CO,True,,,
309,1.0,standard_c1_shift,sandwich,True,0.0,,2,state_UT,True,,,
309,1.0,standard_c1_shift,sandwich,True,0.01,,2,state_CO,True,,,
309,1.0,standard_c1_shift,sandwich,True,0.01,,2,state_UT,True,,,
309,1.0,standard_c1_shift,concentration,True,0.0,,2,state_CO,True,,,
309,1.0,standard_c1_shift,concentration,True,0.0,,2,state_UT,True,,,
309,1.0,standard_c1_shift,concentration,True,0.01,,2,state_CO,True,,,
309,1.0,standard_c1_shift,concentration,True,0.01,,2,state_UT,True,,,
309,1.0,standard_c5_source,point,False,0.0,standard_c5:E2,2,state_CO,False,False,0.8303602032914252,0.0071790987300633935
309,1.0,standard_c5_source,point,False,0.0,standard_c5:E2,2,state_UT,False,False,0.8666670227958276,0.005782350476204012
309,1.0,standard_c5_source,point,False,0.01,standard_c5:E2,2,state_CO,False,False,0.8303602032914252,0.0071790987300633935
309,1.0,standard_c5_source,point,False,0.01,standard_c5:E2,2,state_UT,False,False,0.8666670227958276,0.005782350476204012
309,1.0,standard_c5_source,sandwich,True,0.0,standard_c5:E2,2,state_CO,False,False,0.8303602032914252,0.0071790987300633935
309,1.0,standard_c5_source,sandwich,True,0.0,standard_c5:E2,2,state_UT,False,False,0.8666670227958276,0.005782350476204012
309,1.0,standard_c5_source,sandwich,True,0.01,standard_c5:E8,2,state_CO,False,False,0.8368886763629285,0.0006506256585601111
309,1.0,standard_c5_source,sandwich,True,0.01,standard_c5:E8,2,state_UT,False,False,0.8721882118873541,0.0002611613846775773
309,1.0,standard_c5_source,concentration,True,0.0,,2,state_CO,True,,,
309,1.0,standard_c5_source,concentration,True,0.0,,2,state_UT,True,,,
309,1.0,standard_c5_source,concentration,True,0.01,,2,state_CO,True,,,
309,1.0,standard_c5_source,concentration,True,0.01,,2,state_UT,True,,,
309,1.0,standard_c5_shift,point,False,0.0,standard_c5:E2,2,state_CO,False,False,0.8303602032914252,0.0071790987300633935
309,1.0,standard_c5_shift,point,False,0.0,standard_c5:E2,2,state_UT,False,False,0.8666670227958276,0.005782350476204012
309,1.0,standard_c5_shift,point,False,0.01,standard_c5:E2,2,state_CO,False,False,0.8303602032914252,0.0071790987300633935
309,1.0,standard_c5_shift,point,False,0.01,standard_c5:E2,2,state_UT,False,False,0.8666670227958276,0.005782350476204012
309,1.0,standard_c5_shift,sandwich,True,0.0,standard_c5:E2,2,state_CO,False,False,0.8303602032914252,0.0071790987300633935
309,1.0,standard_c5_shift,sandwich,True,0.0,standard_c5:E2,2,state_UT,False,False,0.8666670227958276,0.005782350476204012
309,1.0,standard_c5_shift,sandwich,True,0.01,standard_c5:E8,2,state_CO,False,False,0.8368886763629285,0.0006506256585601111
309,1.0,standard_c5_shift,sandwich,True,0.01,standard_c5:E8,2,state_UT,False,False,0.8721882118873541,0.0002611613846775773
309,1.0,standard_c5_shift,concentration,True,0.0,,2,state_CO,True,,,
309,1.0,standard_c5_shift,concentration,True,0.0,,2,state_UT,True,,,
309,1.0,standard_c5_shift,concentration,True,0.01,,2,state_CO,True,,,
309,1.0,standard_c5_shift,concentration,True,0.01,,2,state_UT,True,,,
309,1.0,auto_s_source,point,False,0.0,,2,state_CO,True,,,
309,1.0,auto_s_source,point,False,0.0,,2,state_UT,True,,,
309,1.0,auto_s_source,point,False,0.01,,2,state_CO,True,,,
309,1.0,auto_s_source,point,False,0.01,,2,state_UT,True,,,
309,1.0,auto_s_source,sandwich,True,0.0,,2,state_CO,True,,,
309,1.0,auto_s_source,sandwich,True,0.0,,2,state_UT,True,,,
309,1.0,auto_s_source,sandwich,True,0.01,,2,state_CO,True,,,
309,1.0,auto_s_source,sandwich,True,0.01,,2,state_UT,True,,,
309,1.0,auto_s_source,concentration,True,0.0,,2,state_CO,True,,,
309,1.0,auto_s_source,concentration,True,0.0,,2,state_UT,True,,,
309,1.0,auto_s_source,concentration,True,0.01,,2,state_CO,True,,,
309,1.0,auto_s_source,concentration,True,0.01,,2,state_UT,True,,,
309,1.0,auto_s_shift,point,False,0.0,,2,state_CO,True,,,
309,1.0,auto_s_shift,point,False,0.0,,2,state_UT,True,,,
309,1.0,auto_s_shift,point,False,0.01,,2,state_CO,True,,,
309,1.0,auto_s_shift,point,False,0.01,,2,state_UT,True,,,
309,1.0,auto_s_shift,sandwich,True,0.0,,2,state_CO,True,,,
309,1.0,auto_s_shift,sandwich,True,0.0,,2,state_UT,True,,,
309,1.0,auto_s_shift,sandwich,True,0.01,,2,state_CO,True,,,
309,1.0,auto_s_shift,sandwich,True,0.01,,2,state_UT,True,,,
309,1.0,auto_s_shift,concentration,True,0.0,,2,state_CO,True,,,
309,1.0,auto_s_shift,concentration,True,0.0,,2,state_UT,True,,,
309,1.0,auto_s_shift,concentration,True,0.01,,2,state_CO,True,,,
309,1.0,auto_s_shift,concentration,True,0.01,,2,state_UT,True,,,
309,1.0,standard_joint_source,point,False,0.0,standard_c5:E2,4,state_CO,False,False,0.8303602032914252,0.0071790987300633935
309,1.0,standard_joint_source,point,False,0.0,standard_c5:E2,4,state_UT,False,False,0.8666670227958276,0.005782350476204012
309,1.0,standard_joint_source,point,False,0.01,standard_c5:E2,4,state_CO,False,False,0.8303602032914252,0.0071790987300633935
309,1.0,standard_joint_source,point,False,0.01,standard_c5:E2,4,state_UT,False,False,0.8666670227958276,0.005782350476204012
309,1.0,standard_joint_source,sandwich,True,0.0,standard_c5:E2,4,state_CO,False,False,0.8303602032914252,0.0071790987300633935
309,1.0,standard_joint_source,sandwich,True,0.0,standard_c5:E2,4,state_UT,False,False,0.8666670227958276,0.005782350476204012
309,1.0,standard_joint_source,sandwich,True,0.01,standard_c5:E8,4,state_CO,False,False,0.8368886763629285,0.0006506256585601111
309,1.0,standard_joint_source,sandwich,True,0.01,standard_c5:E8,4,state_UT,False,False,0.8721882118873541,0.0002611613846775773
309,1.0,standard_joint_source,concentration,True,0.0,,4,state_CO,True,,,
309,1.0,standard_joint_source,concentration,True,0.0,,4,state_UT,True,,,
309,1.0,standard_joint_source,concentration,True,0.01,,4,state_CO,True,,,
309,1.0,standard_joint_source,concentration,True,0.01,,4,state_UT,True,,,
309,1.0,standard_joint_shift,point,False,0.0,standard_c5:E2,4,state_CO,False,False,0.8303602032914252,0.0071790987300633935
309,1.0,standard_joint_shift,point,False,0.0,standard_c5:E2,4,state_UT,False,False,0.8666670227958276,0.005782350476204012
309,1.0,standard_joint_shift,point,False,0.01,standard_c5:E2,4,state_CO,False,False,0.8303602032914252,0.0071790987300633935
309,1.0,standard_joint_shift,point,False,0.01,standard_c5:E2,4,state_UT,False,False,0.8666670227958276,0.005782350476204012
309,1.0,standard_joint_shift,sandwich,True,0.0,standard_c5:E2,4,state_CO,False,False,0.8303602032914252,0.0071790987300633935
309,1.0,standard_joint_shift,sandwich,True,0.0,standard_c5:E2,4,state_UT,False,False,0.8666670227958276,0.005782350476204012
309,1.0,standard_joint_shift,sandwich,True,0.01,standard_c5:E8,4,state_CO,False,False,0.8368886763629285,0.0006506256585601111
309,1.0,standard_joint_shift,sandwich,True,0.01,standard_c5:E8,4,state_UT,False,False,0.8721882118873541,0.0002611613846775773
309,1.0,standard_joint_shift,concentration,True,0.0,,4,state_CO,True,,,
309,1.0,standard_joint_shift,concentration,True,0.0,,4,state_UT,True,,,
309,1.0,standard_joint_shift,concentration,True,0.01,,4,state_CO,True,,,
309,1.0,standard_joint_shift,concentration,True,0.01,,4,state_UT,True,,,
309,1.0,combined_source,point,False,0.0,standard_c5:E2,6,state_CO,False,False,0.8303602032914252,0.0071790987300633935
309,1.0,combined_source,point,False,0.0,standard_c5:E2,6,state_UT,False,False,0.8666670227958276,0.005782350476204012
309,1.0,combined_source,point,False,0.01,standard_c5:E2,6,state_CO,False,False,0.8303602032914252,0.0071790987300633935
309,1.0,combined_source,point,False,0.01,standard_c5:E2,6,state_UT,False,False,0.8666670227958276,0.005782350476204012
309,1.0,combined_source,sandwich,True,0.0,standard_c5:E2,6,state_CO,False,False,0.8303602032914252,0.0071790987300633935
309,1.0,combined_source,sandwich,True,0.0,standard_c5:E2,6,state_UT,False,False,0.8666670227958276,0.005782350476204012
309,1.0,combined_source,sandwich,True,0.01,standard_c5:E8,6,state_CO,False,False,0.8368886763629285,0.0006506256585601111
309,1.0,combined_source,sandwich,True,0.01,standard_c5:E8,6,state_UT,False,False,0.8721882118873541,0.0002611613846775773
309,1.0,combined_source,concentration,True,0.0,,6,state_CO,True,,,
309,1.0,combined_source,concentration,True,0.0,,6,state_UT,True,,,
309,1.0,combined_source,concentration,True,0.01,,6,state_CO,True,,,
309,1.0,combined_source,concentration,True,0.01,,6,state_UT,True,,,
309,1.0,combined_shift,point,False,0.0,standard_c5:E2,6,state_CO,False,False,0.8303602032914252,0.0071790987300633935
309,1.0,combined_shift,point,False,0.0,standard_c5:E2,6,state_UT,False,False,0.8666670227958276,0.005782350476204012
309,1.0,combined_shift,point,False,0.01,standard_c5:E2,6,state_CO,False,False,0.8303602032914252,0.0071790987300633935
309,1.0,combined_shift,point,False,0.01,standard_c5:E2,6,state_UT,False,False,0.8666670227958276,0.005782350476204012
309,1.0,combined_shift,sandwich,True,0.0,standard_c5:E2,6,state_CO,False,False,0.8303602032914252,0.0071790987300633935
309,1.0,combined_shift,sandwich,True,0.0,standard_c5:E2,6,state_UT,False,False,0.8666670227958276,0.005782350476204012
309,1.0,combined_shift,sandwich,True,0.01,standard_c5:E8,6,state_CO,False,False,0.8368886763629285,0.0006506256585601111
309,1.0,combined_shift,sandwich,True,0.01,standard_c5:E8,6,state_UT,False,False,0.8721882118873541,0.0002611613846775773
309,1.0,combined_shift,concentration,True,0.0,,6,state_CO,True,,,
309,1.0,combined_shift,concentration,True,0.0,,6,state_UT,True,,,
309,1.0,combined_shift,concentration,True,0.01,,6,state_CO,True,,,
309,1.0,combined_shift,concentration,True,0.01,,6,state_UT,True,,,
310,1.0,standard_c1_source,point,False,0.0,standard_c1:E2,2,state_CO,False,False,0.8320832274586201,0.02205226498689239
310,1.0,standard_c1_source,point,False,0.0,standard_c1:E2,2,state_UT,False,False,0.8479867706919946,0.014241293532338273
310,1.0,standard_c1_source,point,False,0.01,,2,state_CO,True,,,
310,1.0,standard_c1_source,point,False,0.01,,2,state_UT,True,,,
310,1.0,standard_c1_source,sandwich,True,0.0,,2,state_CO,True,,,
310,1.0,standard_c1_source,sandwich,True,0.0,,2,state_UT,True,,,
310,1.0,standard_c1_source,sandwich,True,0.01,,2,state_CO,True,,,
310,1.0,standard_c1_source,sandwich,True,0.01,,2,state_UT,True,,,
310,1.0,standard_c1_source,concentration,True,0.0,,2,state_CO,True,,,
310,1.0,standard_c1_source,concentration,True,0.0,,2,state_UT,True,,,
310,1.0,standard_c1_source,concentration,True,0.01,,2,state_CO,True,,,
310,1.0,standard_c1_source,concentration,True,0.01,,2,state_UT,True,,,
310,1.0,standard_c1_shift,point,False,0.0,standard_c1:E2,2,state_CO,False,False,0.8320832274586201,0.02205226498689239
310,1.0,standard_c1_shift,point,False,0.0,standard_c1:E2,2,state_UT,False,False,0.8479867706919946,0.014241293532338273
310,1.0,standard_c1_shift,point,False,0.01,,2,state_CO,True,,,
310,1.0,standard_c1_shift,point,False,0.01,,2,state_UT,True,,,
310,1.0,standard_c1_shift,sandwich,True,0.0,,2,state_CO,True,,,
310,1.0,standard_c1_shift,sandwich,True,0.0,,2,state_UT,True,,,
310,1.0,standard_c1_shift,sandwich,True,0.01,,2,state_CO,True,,,
310,1.0,standard_c1_shift,sandwich,True,0.01,,2,state_UT,True,,,
310,1.0,standard_c1_shift,concentration,True,0.0,,2,state_CO,True,,,
310,1.0,standard_c1_shift,concentration,True,0.0,,2,state_UT,True,,,
310,1.0,standard_c1_shift,concentration,True,0.01,,2,state_CO,True,,,
310,1.0,standard_c1_shift,concentration,True,0.01,,2,state_UT,True,,,
310,1.0,standard_c5_source,point,False,0.0,standard_c5:E2,2,state_CO,False,False,0.8523369294137209,0.0017985630317916002
310,1.0,standard_c5_source,point,False,0.0,standard_c5:E2,2,state_UT,False,False,0.8567848258706467,0.005443238353686097
310,1.0,standard_c5_source,point,False,0.01,standard_c5:E2,2,state_CO,False,False,0.8523369294137209,0.0017985630317916002
310,1.0,standard_c5_source,point,False,0.01,standard_c5:E2,2,state_UT,False,False,0.8567848258706467,0.005443238353686097
310,1.0,standard_c5_source,sandwich,True,0.0,standard_c5:E2,2,state_CO,False,False,0.8523369294137209,0.0017985630317916002
310,1.0,standard_c5_source,sandwich,True,0.0,standard_c5:E2,2,state_UT,False,False,0.8567848258706467,0.005443238353686097
310,1.0,standard_c5_source,sandwich,True,0.01,standard_c5:E2,2,state_CO,False,False,0.8523369294137209,0.0017985630317916002
310,1.0,standard_c5_source,sandwich,True,0.01,standard_c5:E2,2,state_UT,False,False,0.8567848258706467,0.005443238353686097
310,1.0,standard_c5_source,concentration,True,0.0,,2,state_CO,True,,,
310,1.0,standard_c5_source,concentration,True,0.0,,2,state_UT,True,,,
310,1.0,standard_c5_source,concentration,True,0.01,,2,state_CO,True,,,
310,1.0,standard_c5_source,concentration,True,0.01,,2,state_UT,True,,,
310,1.0,standard_c5_shift,point,False,0.0,standard_c5:E2,2,state_CO,False,False,0.8523369294137209,0.0017985630317916002
310,1.0,standard_c5_shift,point,False,0.0,standard_c5:E2,2,state_UT,False,False,0.8567848258706467,0.005443238353686097
310,1.0,standard_c5_shift,point,False,0.01,standard_c5:E2,2,state_CO,False,False,0.8523369294137209,0.0017985630317916002
310,1.0,standard_c5_shift,point,False,0.01,standard_c5:E2,2,state_UT,False,False,0.8567848258706467,0.005443238353686097
310,1.0,standard_c5_shift,sandwich,True,0.0,standard_c5:E2,2,state_CO,False,False,0.8523369294137209,0.0017985630317916002
310,1.0,standard_c5_shift,sandwich,True,0.0,standard_c5:E2,2,state_UT,False,False,0.8567848258706467,0.005443238353686097
310,1.0,standard_c5_shift,sandwich,True,0.01,standard_c5:E8,2,state_CO,False,False,0.8554363136150176,-0.0013008211695051397
310,1.0,standard_c5_shift,sandwich,True,0.01,standard_c5:E8,2,state_UT,False,False,0.8633644278606967,-0.001136363636363824
310,1.0,standard_c5_shift,concentration,True,0.0,,2,state_CO,True,,,
310,1.0,standard_c5_shift,concentration,True,0.0,,2,state_UT,True,,,
310,1.0,standard_c5_shift,concentration,True,0.01,,2,state_CO,True,,,
310,1.0,standard_c5_shift,concentration,True,0.01,,2,state_UT,True,,,
310,1.0,auto_s_source,point,False,0.0,,2,state_CO,True,,,
310,1.0,auto_s_source,point,False,0.0,,2,state_UT,True,,,
310,1.0,auto_s_source,point,False,0.01,,2,state_CO,True,,,
310,1.0,auto_s_source,point,False,0.01,,2,state_UT,True,,,
310,1.0,auto_s_source,sandwich,True,0.0,,2,state_CO,True,,,
310,1.0,auto_s_source,sandwich,True,0.0,,2,state_UT,True,,,
310,1.0,auto_s_source,sandwich,True,0.01,,2,state_CO,True,,,
310,1.0,auto_s_source,sandwich,True,0.01,,2,state_UT,True,,,
310,1.0,auto_s_source,concentration,True,0.0,,2,state_CO,True,,,
310,1.0,auto_s_source,concentration,True,0.0,,2,state_UT,True,,,
310,1.0,auto_s_source,concentration,True,0.01,,2,state_CO,True,,,
310,1.0,auto_s_source,concentration,True,0.01,,2,state_UT,True,,,
310,1.0,auto_s_shift,point,False,0.0,,2,state_CO,True,,,
310,1.0,auto_s_shift,point,False,0.0,,2,state_UT,True,,,
310,1.0,auto_s_shift,point,False,0.01,,2,state_CO,True,,,
310,1.0,auto_s_shift,point,False,0.01,,2,state_UT,True,,,
310,1.0,auto_s_shift,sandwich,True,0.0,,2,state_CO,True,,,
310,1.0,auto_s_shift,sandwich,True,0.0,,2,state_UT,True,,,
310,1.0,auto_s_shift,sandwich,True,0.01,,2,state_CO,True,,,
310,1.0,auto_s_shift,sandwich,True,0.01,,2,state_UT,True,,,
310,1.0,auto_s_shift,concentration,True,0.0,,2,state_CO,True,,,
310,1.0,auto_s_shift,concentration,True,0.0,,2,state_UT,True,,,
310,1.0,auto_s_shift,concentration,True,0.01,,2,state_CO,True,,,
310,1.0,auto_s_shift,concentration,True,0.01,,2,state_UT,True,,,
310,1.0,standard_joint_source,point,False,0.0,standard_c5:E2,4,state_CO,False,False,0.8523369294137209,0.0017985630317916002
310,1.0,standard_joint_source,point,False,0.0,standard_c5:E2,4,state_UT,False,False,0.8567848258706467,0.005443238353686097
310,1.0,standard_joint_source,point,False,0.01,standard_c5:E2,4,state_CO,False,False,0.8523369294137209,0.0017985630317916002
310,1.0,standard_joint_source,point,False,0.01,standard_c5:E2,4,state_UT,False,False,0.8567848258706467,0.005443238353686097
310,1.0,standard_joint_source,sandwich,True,0.0,standard_c5:E2,4,state_CO,False,False,0.8523369294137209,0.0017985630317916002
310,1.0,standard_joint_source,sandwich,True,0.0,standard_c5:E2,4,state_UT,False,False,0.8567848258706467,0.005443238353686097
310,1.0,standard_joint_source,sandwich,True,0.01,standard_c5:E2,4,state_CO,False,False,0.8523369294137209,0.0017985630317916002
310,1.0,standard_joint_source,sandwich,True,0.01,standard_c5:E2,4,state_UT,False,False,0.8567848258706467,0.005443238353686097
310,1.0,standard_joint_source,concentration,True,0.0,,4,state_CO,True,,,
310,1.0,standard_joint_source,concentration,True,0.0,,4,state_UT,True,,,
310,1.0,standard_joint_source,concentration,True,0.01,,4,state_CO,True,,,
310,1.0,standard_joint_source,concentration,True,0.01,,4,state_UT,True,,,
310,1.0,standard_joint_shift,point,False,0.0,standard_c5:E2,4,state_CO,False,False,0.8523369294137209,0.0017985630317916002
310,1.0,standard_joint_shift,point,False,0.0,standard_c5:E2,4,state_UT,False,False,0.8567848258706467,0.005443238353686097
310,1.0,standard_joint_shift,point,False,0.01,standard_c5:E2,4,state_CO,False,False,0.8523369294137209,0.0017985630317916002
310,1.0,standard_joint_shift,point,False,0.01,standard_c5:E2,4,state_UT,False,False,0.8567848258706467,0.005443238353686097
310,1.0,standard_joint_shift,sandwich,True,0.0,standard_c5:E2,4,state_CO,False,False,0.8523369294137209,0.0017985630317916002
310,1.0,standard_joint_shift,sandwich,True,0.0,standard_c5:E2,4,state_UT,False,False,0.8567848258706467,0.005443238353686097
310,1.0,standard_joint_shift,sandwich,True,0.01,standard_c5:E8,4,state_CO,False,False,0.8554363136150176,-0.0013008211695051397
310,1.0,standard_joint_shift,sandwich,True,0.01,standard_c5:E8,4,state_UT,False,False,0.8633644278606967,-0.001136363636363824
310,1.0,standard_joint_shift,concentration,True,0.0,,4,state_CO,True,,,
310,1.0,standard_joint_shift,concentration,True,0.0,,4,state_UT,True,,,
310,1.0,standard_joint_shift,concentration,True,0.01,,4,state_CO,True,,,
310,1.0,standard_joint_shift,concentration,True,0.01,,4,state_UT,True,,,
310,1.0,combined_source,point,False,0.0,standard_c5:E2,6,state_CO,False,False,0.8523369294137209,0.0017985630317916002
310,1.0,combined_source,point,False,0.0,standard_c5:E2,6,state_UT,False,False,0.8567848258706467,0.005443238353686097
310,1.0,combined_source,point,False,0.01,standard_c5:E2,6,state_CO,False,False,0.8523369294137209,0.0017985630317916002
310,1.0,combined_source,point,False,0.01,standard_c5:E2,6,state_UT,False,False,0.8567848258706467,0.005443238353686097
310,1.0,combined_source,sandwich,True,0.0,standard_c5:E2,6,state_CO,False,False,0.8523369294137209,0.0017985630317916002
310,1.0,combined_source,sandwich,True,0.0,standard_c5:E2,6,state_UT,False,False,0.8567848258706467,0.005443238353686097
310,1.0,combined_source,sandwich,True,0.01,standard_c5:E2,6,state_CO,False,False,0.8523369294137209,0.0017985630317916002
310,1.0,combined_source,sandwich,True,0.01,standard_c5:E2,6,state_UT,False,False,0.8567848258706467,0.005443238353686097
310,1.0,combined_source,concentration,True,0.0,,6,state_CO,True,,,
310,1.0,combined_source,concentration,True,0.0,,6,state_UT,True,,,
310,1.0,combined_source,concentration,True,0.01,,6,state_CO,True,,,
310,1.0,combined_source,concentration,True,0.01,,6,state_UT,True,,,
310,1.0,combined_shift,point,False,0.0,standard_c5:E2,6,state_CO,False,False,0.8523369294137209,0.0017985630317916002
310,1.0,combined_shift,point,False,0.0,standard_c5:E2,6,state_UT,False,False,0.8567848258706467,0.005443238353686097
310,1.0,combined_shift,point,False,0.01,standard_c5:E2,6,state_CO,False,False,0.8523369294137209,0.0017985630317916002
310,1.0,combined_shift,point,False,0.01,standard_c5:E2,6,state_UT,False,False,0.8567848258706467,0.005443238353686097
310,1.0,combined_shift,sandwich,True,0.0,standard_c5:E2,6,state_CO,False,False,0.8523369294137209,0.0017985630317916002
310,1.0,combined_shift,sandwich,True,0.0,standard_c5:E2,6,state_UT,False,False,0.8567848258706467,0.005443238353686097
310,1.0,combined_shift,sandwich,True,0.01,standard_c5:E8,6,state_CO,False,False,0.8554363136150176,-0.0013008211695051397
310,1.0,combined_shift,sandwich,True,0.01,standard_c5:E8,6,state_UT,False,False,0.8633644278606967,-0.001136363636363824
310,1.0,combined_shift,concentration,True,0.0,,6,state_CO,True,,,
310,1.0,combined_shift,concentration,True,0.0,,6,state_UT,True,,,
310,1.0,combined_shift,concentration,True,0.01,,6,state_CO,True,,,
310,1.0,combined_shift,concentration,True,0.01,,6,state_UT,True,,,
311,1.0,standard_c1_source,point,False,0.0,standard_c1:E2,2,state_CO,False,False,0.823029146454914,0.018218610871154173
311,1.0,standard_c1_source,point,False,0.0,standard_c1:E2,2,state_UT,False,False,0.85409546946769,0.02192490075184228
311,1.0,standard_c1_source,point,False,0.01,,2,state_CO,True,,,
311,1.0,standard_c1_source,point,False,0.01,,2,state_UT,True,,,
311,1.0,standard_c1_source,sandwich,True,0.0,,2,state_CO,True,,,
311,1.0,standard_c1_source,sandwich,True,0.0,,2,state_UT,True,,,
311,1.0,standard_c1_source,sandwich,True,0.01,,2,state_CO,True,,,
311,1.0,standard_c1_source,sandwich,True,0.01,,2,state_UT,True,,,
311,1.0,standard_c1_source,concentration,True,0.0,,2,state_CO,True,,,
311,1.0,standard_c1_source,concentration,True,0.0,,2,state_UT,True,,,
311,1.0,standard_c1_source,concentration,True,0.01,,2,state_CO,True,,,
311,1.0,standard_c1_source,concentration,True,0.01,,2,state_UT,True,,,
311,1.0,standard_c1_shift,point,False,0.0,standard_c1:E2,2,state_CO,False,False,0.823029146454914,0.018218610871154173
311,1.0,standard_c1_shift,point,False,0.0,standard_c1:E2,2,state_UT,False,False,0.85409546946769,0.02192490075184228
311,1.0,standard_c1_shift,point,False,0.01,,2,state_CO,True,,,
311,1.0,standard_c1_shift,point,False,0.01,,2,state_UT,True,,,
311,1.0,standard_c1_shift,sandwich,True,0.0,,2,state_CO,True,,,
311,1.0,standard_c1_shift,sandwich,True,0.0,,2,state_UT,True,,,
311,1.0,standard_c1_shift,sandwich,True,0.01,,2,state_CO,True,,,
311,1.0,standard_c1_shift,sandwich,True,0.01,,2,state_UT,True,,,
311,1.0,standard_c1_shift,concentration,True,0.0,,2,state_CO,True,,,
311,1.0,standard_c1_shift,concentration,True,0.0,,2,state_UT,True,,,
311,1.0,standard_c1_shift,concentration,True,0.01,,2,state_CO,True,,,
311,1.0,standard_c1_shift,concentration,True,0.01,,2,state_UT,True,,,
311,1.0,standard_c5_source,point,False,0.0,standard_c5:E2,2,state_CO,False,False,0.8284728221144263,0.012774935211641858
311,1.0,standard_c5_source,point,False,0.0,standard_c5:E2,2,state_UT,False,False,0.8675363201628108,0.008484050056721482
311,1.0,standard_c5_source,point,False,0.01,standard_c5:E2,2,state_CO,False,False,0.8284728221144263,0.012774935211641858
311,1.0,standard_c5_source,point,False,0.01,standard_c5:E2,2,state_UT,False,False,0.8675363201628108,0.008484050056721482
311,1.0,standard_c5_source,sandwich,True,0.0,standard_c5:E2,2,state_CO,False,False,0.8284728221144263,0.012774935211641858
311,1.0,standard_c5_source,sandwich,True,0.0,standard_c5:E2,2,state_UT,False,False,0.8675363201628108,0.008484050056721482
311,1.0,standard_c5_source,sandwich,True,0.01,standard_c5:E2,2,state_CO,False,False,0.8284728221144263,0.012774935211641858
311,1.0,standard_c5_source,sandwich,True,0.01,standard_c5:E2,2,state_UT,False,False,0.8675363201628108,0.008484050056721482
311,1.0,standard_c5_source,concentration,True,0.0,,2,state_CO,True,,,
311,1.0,standard_c5_source,concentration,True,0.0,,2,state_UT,True,,,
311,1.0,standard_c5_source,concentration,True,0.01,,2,state_CO,True,,,
311,1.0,standard_c5_source,concentration,True,0.01,,2,state_UT,True,,,
311,1.0,standard_c5_shift,point,False,0.0,standard_c5:E2,2,state_CO,False,False,0.8284728221144263,0.012774935211641858
311,1.0,standard_c5_shift,point,False,0.0,standard_c5:E2,2,state_UT,False,False,0.8675363201628108,0.008484050056721482
311,1.0,standard_c5_shift,point,False,0.01,standard_c5:E2,2,state_CO,False,False,0.8284728221144263,0.012774935211641858
311,1.0,standard_c5_shift,point,False,0.01,standard_c5:E2,2,state_UT,False,False,0.8675363201628108,0.008484050056721482
311,1.0,standard_c5_shift,sandwich,True,0.0,standard_c5:E2,2,state_CO,False,False,0.8284728221144263,0.012774935211641858
311,1.0,standard_c5_shift,sandwich,True,0.0,standard_c5:E2,2,state_UT,False,False,0.8675363201628108,0.008484050056721482
311,1.0,standard_c5_shift,sandwich,True,0.01,standard_c5:E8,2,state_CO,False,False,0.8405708020466477,0.0006769552794204658
311,1.0,standard_c5_shift,sandwich,True,0.01,standard_c5:E8,2,state_UT,False,False,0.8745919994711486,0.001428370748383645
311,1.0,standard_c5_shift,concentration,True,0.0,,2,state_CO,True,,,
311,1.0,standard_c5_shift,concentration,True,0.0,,2,state_UT,True,,,
311,1.0,standard_c5_shift,concentration,True,0.01,,2,state_CO,True,,,
311,1.0,standard_c5_shift,concentration,True,0.01,,2,state_UT,True,,,
311,1.0,auto_s_source,point,False,0.0,,2,state_CO,True,,,
311,1.0,auto_s_source,point,False,0.0,,2,state_UT,True,,,
311,1.0,auto_s_source,point,False,0.01,,2,state_CO,True,,,
311,1.0,auto_s_source,point,False,0.01,,2,state_UT,True,,,
311,1.0,auto_s_source,sandwich,True,0.0,,2,state_CO,True,,,
311,1.0,auto_s_source,sandwich,True,0.0,,2,state_UT,True,,,
311,1.0,auto_s_source,sandwich,True,0.01,,2,state_CO,True,,,
311,1.0,auto_s_source,sandwich,True,0.01,,2,state_UT,True,,,
311,1.0,auto_s_source,concentration,True,0.0,,2,state_CO,True,,,
311,1.0,auto_s_source,concentration,True,0.0,,2,state_UT,True,,,
311,1.0,auto_s_source,concentration,True,0.01,,2,state_CO,True,,,
311,1.0,auto_s_source,concentration,True,0.01,,2,state_UT,True,,,
311,1.0,auto_s_shift,point,False,0.0,,2,state_CO,True,,,
311,1.0,auto_s_shift,point,False,0.0,,2,state_UT,True,,,
311,1.0,auto_s_shift,point,False,0.01,,2,state_CO,True,,,
311,1.0,auto_s_shift,point,False,0.01,,2,state_UT,True,,,
311,1.0,auto_s_shift,sandwich,True,0.0,,2,state_CO,True,,,
311,1.0,auto_s_shift,sandwich,True,0.0,,2,state_UT,True,,,
311,1.0,auto_s_shift,sandwich,True,0.01,,2,state_CO,True,,,
311,1.0,auto_s_shift,sandwich,True,0.01,,2,state_UT,True,,,
311,1.0,auto_s_shift,concentration,True,0.0,,2,state_CO,True,,,
311,1.0,auto_s_shift,concentration,True,0.0,,2,state_UT,True,,,
311,1.0,auto_s_shift,concentration,True,0.01,,2,state_CO,True,,,
311,1.0,auto_s_shift,concentration,True,0.01,,2,state_UT,True,,,
311,1.0,standard_joint_source,point,False,0.0,standard_c5:E2,4,state_CO,False,False,0.8284728221144263,0.012774935211641858
311,1.0,standard_joint_source,point,False,0.0,standard_c5:E2,4,state_UT,False,False,0.8675363201628108,0.008484050056721482
311,1.0,standard_joint_source,point,False,0.01,standard_c5:E2,4,state_CO,False,False,0.8284728221144263,0.012774935211641858
311,1.0,standard_joint_source,point,False,0.01,standard_c5:E2,4,state_UT,False,False,0.8675363201628108,0.008484050056721482
311,1.0,standard_joint_source,sandwich,True,0.0,standard_c5:E2,4,state_CO,False,False,0.8284728221144263,0.012774935211641858
311,1.0,standard_joint_source,sandwich,True,0.0,standard_c5:E2,4,state_UT,False,False,0.8675363201628108,0.008484050056721482
311,1.0,standard_joint_source,sandwich,True,0.01,standard_c5:E2,4,state_CO,False,False,0.8284728221144263,0.012774935211641858
311,1.0,standard_joint_source,sandwich,True,0.01,standard_c5:E2,4,state_UT,False,False,0.8675363201628108,0.008484050056721482
311,1.0,standard_joint_source,concentration,True,0.0,,4,state_CO,True,,,
311,1.0,standard_joint_source,concentration,True,0.0,,4,state_UT,True,,,
311,1.0,standard_joint_source,concentration,True,0.01,,4,state_CO,True,,,
311,1.0,standard_joint_source,concentration,True,0.01,,4,state_UT,True,,,
311,1.0,standard_joint_shift,point,False,0.0,standard_c5:E2,4,state_CO,False,False,0.8284728221144263,0.012774935211641858
311,1.0,standard_joint_shift,point,False,0.0,standard_c5:E2,4,state_UT,False,False,0.8675363201628108,0.008484050056721482
311,1.0,standard_joint_shift,point,False,0.01,standard_c5:E2,4,state_CO,False,False,0.8284728221144263,0.012774935211641858
311,1.0,standard_joint_shift,point,False,0.01,standard_c5:E2,4,state_UT,False,False,0.8675363201628108,0.008484050056721482
311,1.0,standard_joint_shift,sandwich,True,0.0,standard_c5:E2,4,state_CO,False,False,0.8284728221144263,0.012774935211641858
311,1.0,standard_joint_shift,sandwich,True,0.0,standard_c5:E2,4,state_UT,False,False,0.8675363201628108,0.008484050056721482
311,1.0,standard_joint_shift,sandwich,True,0.01,standard_c5:E8,4,state_CO,False,False,0.8405708020466477,0.0006769552794204658
311,1.0,standard_joint_shift,sandwich,True,0.01,standard_c5:E8,4,state_UT,False,False,0.8745919994711486,0.001428370748383645
311,1.0,standard_joint_shift,concentration,True,0.0,,4,state_CO,True,,,
311,1.0,standard_joint_shift,concentration,True,0.0,,4,state_UT,True,,,
311,1.0,standard_joint_shift,concentration,True,0.01,,4,state_CO,True,,,
311,1.0,standard_joint_shift,concentration,True,0.01,,4,state_UT,True,,,
311,1.0,combined_source,point,False,0.0,standard_c5:E2,6,state_CO,False,False,0.8284728221144263,0.012774935211641858
311,1.0,combined_source,point,False,0.0,standard_c5:E2,6,state_UT,False,False,0.8675363201628108,0.008484050056721482
311,1.0,combined_source,point,False,0.01,standard_c5:E2,6,state_CO,False,False,0.8284728221144263,0.012774935211641858
311,1.0,combined_source,point,False,0.01,standard_c5:E2,6,state_UT,False,False,0.8675363201628108,0.008484050056721482
311,1.0,combined_source,sandwich,True,0.0,standard_c5:E2,6,state_CO,False,False,0.8284728221144263,0.012774935211641858
311,1.0,combined_source,sandwich,True,0.0,standard_c5:E2,6,state_UT,False,False,0.8675363201628108,0.008484050056721482
311,1.0,combined_source,sandwich,True,0.01,standard_c5:E2,6,state_CO,False,False,0.8284728221144263,0.012774935211641858
311,1.0,combined_source,sandwich,True,0.01,standard_c5:E2,6,state_UT,False,False,0.8675363201628108,0.008484050056721482
311,1.0,combined_source,concentration,True,0.0,,6,state_CO,True,,,
311,1.0,combined_source,concentration,True,0.0,,6,state_UT,True,,,
311,1.0,combined_source,concentration,True,0.01,,6,state_CO,True,,,
311,1.0,combined_source,concentration,True,0.01,,6,state_UT,True,,,
311,1.0,combined_shift,point,False,0.0,standard_c5:E2,6,state_CO,False,False,0.8284728221144263,0.012774935211641858
311,1.0,combined_shift,point,False,0.0,standard_c5:E2,6,state_UT,False,False,0.8675363201628108,0.008484050056721482
311,1.0,combined_shift,point,False,0.01,standard_c5:E2,6,state_CO,False,False,0.8284728221144263,0.012774935211641858
311,1.0,combined_shift,point,False,0.01,standard_c5:E2,6,state_UT,False,False,0.8675363201628108,0.008484050056721482
311,1.0,combined_shift,sandwich,True,0.0,standard_c5:E2,6,state_CO,False,False,0.8284728221144263,0.012774935211641858
311,1.0,combined_shift,sandwich,True,0.0,standard_c5:E2,6,state_UT,False,False,0.8675363201628108,0.008484050056721482
311,1.0,combined_shift,sandwich,True,0.01,standard_c5:E8,6,state_CO,False,False,0.8405708020466477,0.0006769552794204658
311,1.0,combined_shift,sandwich,True,0.01,standard_c5:E8,6,state_UT,False,False,0.8745919994711486,0.001428370748383645
311,1.0,combined_shift,concentration,True,0.0,,6,state_CO,True,,,
311,1.0,combined_shift,concentration,True,0.0,,6,state_UT,True,,,
311,1.0,combined_shift,concentration,True,0.01,,6,state_CO,True,,,
311,1.0,combined_shift,concentration,True,0.01,,6,state_UT,True,,,
312,1.0,standard_c1_source,point,False,0.0,standard_c1:E8,2,state_CO,False,True,0.8134896308992114,0.03060636199483724
312,1.0,standard_c1_source,point,False,0.0,standard_c1:E8,2,state_UT,False,False,0.8350090105552219,0.02474841957721896
312,1.0,standard_c1_source,point,False,0.01,,2,state_CO,True,,,
312,1.0,standard_c1_source,point,False,0.01,,2,state_UT,True,,,
312,1.0,standard_c1_source,sandwich,True,0.0,,2,state_CO,True,,,
312,1.0,standard_c1_source,sandwich,True,0.0,,2,state_UT,True,,,
312,1.0,standard_c1_source,sandwich,True,0.01,,2,state_CO,True,,,
312,1.0,standard_c1_source,sandwich,True,0.01,,2,state_UT,True,,,
312,1.0,standard_c1_source,concentration,True,0.0,,2,state_CO,True,,,
312,1.0,standard_c1_source,concentration,True,0.0,,2,state_UT,True,,,
312,1.0,standard_c1_source,concentration,True,0.01,,2,state_CO,True,,,
312,1.0,standard_c1_source,concentration,True,0.01,,2,state_UT,True,,,
312,1.0,standard_c1_shift,point,False,0.0,,2,state_CO,True,,,
312,1.0,standard_c1_shift,point,False,0.0,,2,state_UT,True,,,
312,1.0,standard_c1_shift,point,False,0.01,,2,state_CO,True,,,
312,1.0,standard_c1_shift,point,False,0.01,,2,state_UT,True,,,
312,1.0,standard_c1_shift,sandwich,True,0.0,,2,state_CO,True,,,
312,1.0,standard_c1_shift,sandwich,True,0.0,,2,state_UT,True,,,
312,1.0,standard_c1_shift,sandwich,True,0.01,,2,state_CO,True,,,
312,1.0,standard_c1_shift,sandwich,True,0.01,,2,state_UT,True,,,
312,1.0,standard_c1_shift,concentration,True,0.0,,2,state_CO,True,,,
312,1.0,standard_c1_shift,concentration,True,0.0,,2,state_UT,True,,,
312,1.0,standard_c1_shift,concentration,True,0.01,,2,state_CO,True,,,
312,1.0,standard_c1_shift,concentration,True,0.01,,2,state_UT,True,,,
312,1.0,standard_c5_source,point,False,0.0,standard_c5:E2,2,state_CO,False,False,0.8195019578897327,0.024594035004316006
312,1.0,standard_c5_source,point,False,0.0,standard_c5:E2,2,state_UT,False,False,0.8505008724505849,0.00925655768185596
312,1.0,standard_c5_source,point,False,0.01,standard_c5:E2,2,state_CO,False,False,0.8195019578897327,0.024594035004316006
312,1.0,standard_c5_source,point,False,0.01,standard_c5:E2,2,state_UT,False,False,0.8505008724505849,0.00925655768185596
312,1.0,standard_c5_source,sandwich,True,0.0,standard_c5:E2,2,state_CO,False,False,0.8195019578897327,0.024594035004316006
312,1.0,standard_c5_source,sandwich,True,0.0,standard_c5:E2,2,state_UT,False,False,0.8505008724505849,0.00925655768185596
312,1.0,standard_c5_source,sandwich,True,0.01,standard_c5:E8,2,state_CO,False,False,0.8387347320047207,0.005361260889327979
312,1.0,standard_c5_source,sandwich,True,0.01,standard_c5:E8,2,state_UT,False,False,0.8577848336622901,0.0019725964701508003
312,1.0,standard_c5_source,concentration,True,0.0,,2,state_CO,True,,,
312,1.0,standard_c5_source,concentration,True,0.0,,2,state_UT,True,,,
312,1.0,standard_c5_source,concentration,True,0.01,,2,state_CO,True,,,
312,1.0,standard_c5_source,concentration,True,0.01,,2,state_UT,True,,,
312,1.0,standard_c5_shift,point,False,0.0,standard_c5:E2,2,state_CO,False,False,0.8195019578897327,0.024594035004316006
312,1.0,standard_c5_shift,point,False,0.0,standard_c5:E2,2,state_UT,False,False,0.8505008724505849,0.00925655768185596
312,1.0,standard_c5_shift,point,False,0.01,standard_c5:E8,2,state_CO,False,False,0.8387347320047207,0.005361260889327979
312,1.0,standard_c5_shift,point,False,0.01,standard_c5:E8,2,state_UT,False,False,0.8577848336622901,0.0019725964701508003
312,1.0,standard_c5_shift,sandwich,True,0.0,standard_c5:E8,2,state_CO,False,False,0.8387347320047207,0.005361260889327979
312,1.0,standard_c5_shift,sandwich,True,0.0,standard_c5:E8,2,state_UT,False,False,0.8577848336622901,0.0019725964701508003
312,1.0,standard_c5_shift,sandwich,True,0.01,standard_c5:E8,2,state_CO,False,False,0.8387347320047207,0.005361260889327979
312,1.0,standard_c5_shift,sandwich,True,0.01,standard_c5:E8,2,state_UT,False,False,0.8577848336622901,0.0019725964701508003
312,1.0,standard_c5_shift,concentration,True,0.0,,2,state_CO,True,,,
312,1.0,standard_c5_shift,concentration,True,0.0,,2,state_UT,True,,,
312,1.0,standard_c5_shift,concentration,True,0.01,,2,state_CO,True,,,
312,1.0,standard_c5_shift,concentration,True,0.01,,2,state_UT,True,,,
312,1.0,auto_s_source,point,False,0.0,,2,state_CO,True,,,
312,1.0,auto_s_source,point,False,0.0,,2,state_UT,True,,,
312,1.0,auto_s_source,point,False,0.01,,2,state_CO,True,,,
312,1.0,auto_s_source,point,False,0.01,,2,state_UT,True,,,
312,1.0,auto_s_source,sandwich,True,0.0,,2,state_CO,True,,,
312,1.0,auto_s_source,sandwich,True,0.0,,2,state_UT,True,,,
312,1.0,auto_s_source,sandwich,True,0.01,,2,state_CO,True,,,
312,1.0,auto_s_source,sandwich,True,0.01,,2,state_UT,True,,,
312,1.0,auto_s_source,concentration,True,0.0,,2,state_CO,True,,,
312,1.0,auto_s_source,concentration,True,0.0,,2,state_UT,True,,,
312,1.0,auto_s_source,concentration,True,0.01,,2,state_CO,True,,,
312,1.0,auto_s_source,concentration,True,0.01,,2,state_UT,True,,,
312,1.0,auto_s_shift,point,False,0.0,,2,state_CO,True,,,
312,1.0,auto_s_shift,point,False,0.0,,2,state_UT,True,,,
312,1.0,auto_s_shift,point,False,0.01,,2,state_CO,True,,,
312,1.0,auto_s_shift,point,False,0.01,,2,state_UT,True,,,
312,1.0,auto_s_shift,sandwich,True,0.0,,2,state_CO,True,,,
312,1.0,auto_s_shift,sandwich,True,0.0,,2,state_UT,True,,,
312,1.0,auto_s_shift,sandwich,True,0.01,,2,state_CO,True,,,
312,1.0,auto_s_shift,sandwich,True,0.01,,2,state_UT,True,,,
312,1.0,auto_s_shift,concentration,True,0.0,,2,state_CO,True,,,
312,1.0,auto_s_shift,concentration,True,0.0,,2,state_UT,True,,,
312,1.0,auto_s_shift,concentration,True,0.01,,2,state_CO,True,,,
312,1.0,auto_s_shift,concentration,True,0.01,,2,state_UT,True,,,
312,1.0,standard_joint_source,point,False,0.0,standard_c5:E2,4,state_CO,False,False,0.8195019578897327,0.024594035004316006
312,1.0,standard_joint_source,point,False,0.0,standard_c5:E2,4,state_UT,False,False,0.8505008724505849,0.00925655768185596
312,1.0,standard_joint_source,point,False,0.01,standard_c5:E2,4,state_CO,False,False,0.8195019578897327,0.024594035004316006
312,1.0,standard_joint_source,point,False,0.01,standard_c5:E2,4,state_UT,False,False,0.8505008724505849,0.00925655768185596
312,1.0,standard_joint_source,sandwich,True,0.0,standard_c5:E2,4,state_CO,False,False,0.8195019578897327,0.024594035004316006
312,1.0,standard_joint_source,sandwich,True,0.0,standard_c5:E2,4,state_UT,False,False,0.8505008724505849,0.00925655768185596
312,1.0,standard_joint_source,sandwich,True,0.01,standard_c5:E8,4,state_CO,False,False,0.8387347320047207,0.005361260889327979
312,1.0,standard_joint_source,sandwich,True,0.01,standard_c5:E8,4,state_UT,False,False,0.8577848336622901,0.0019725964701508003
312,1.0,standard_joint_source,concentration,True,0.0,,4,state_CO,True,,,
312,1.0,standard_joint_source,concentration,True,0.0,,4,state_UT,True,,,
312,1.0,standard_joint_source,concentration,True,0.01,,4,state_CO,True,,,
312,1.0,standard_joint_source,concentration,True,0.01,,4,state_UT,True,,,
312,1.0,standard_joint_shift,point,False,0.0,standard_c5:E2,4,state_CO,False,False,0.8195019578897327,0.024594035004316006
312,1.0,standard_joint_shift,point,False,0.0,standard_c5:E2,4,state_UT,False,False,0.8505008724505849,0.00925655768185596
312,1.0,standard_joint_shift,point,False,0.01,standard_c5:E8,4,state_CO,False,False,0.8387347320047207,0.005361260889327979
312,1.0,standard_joint_shift,point,False,0.01,standard_c5:E8,4,state_UT,False,False,0.8577848336622901,0.0019725964701508003
312,1.0,standard_joint_shift,sandwich,True,0.0,standard_c5:E8,4,state_CO,False,False,0.8387347320047207,0.005361260889327979
312,1.0,standard_joint_shift,sandwich,True,0.0,standard_c5:E8,4,state_UT,False,False,0.8577848336622901,0.0019725964701508003
312,1.0,standard_joint_shift,sandwich,True,0.01,standard_c5:E8,4,state_CO,False,False,0.8387347320047207,0.005361260889327979
312,1.0,standard_joint_shift,sandwich,True,0.01,standard_c5:E8,4,state_UT,False,False,0.8577848336622901,0.0019725964701508003
312,1.0,standard_joint_shift,concentration,True,0.0,,4,state_CO,True,,,
312,1.0,standard_joint_shift,concentration,True,0.0,,4,state_UT,True,,,
312,1.0,standard_joint_shift,concentration,True,0.01,,4,state_CO,True,,,
312,1.0,standard_joint_shift,concentration,True,0.01,,4,state_UT,True,,,
312,1.0,combined_source,point,False,0.0,standard_c5:E2,6,state_CO,False,False,0.8195019578897327,0.024594035004316006
312,1.0,combined_source,point,False,0.0,standard_c5:E2,6,state_UT,False,False,0.8505008724505849,0.00925655768185596
312,1.0,combined_source,point,False,0.01,standard_c5:E2,6,state_CO,False,False,0.8195019578897327,0.024594035004316006
312,1.0,combined_source,point,False,0.01,standard_c5:E2,6,state_UT,False,False,0.8505008724505849,0.00925655768185596
312,1.0,combined_source,sandwich,True,0.0,standard_c5:E2,6,state_CO,False,False,0.8195019578897327,0.024594035004316006
312,1.0,combined_source,sandwich,True,0.0,standard_c5:E2,6,state_UT,False,False,0.8505008724505849,0.00925655768185596
312,1.0,combined_source,sandwich,True,0.01,standard_c5:E8,6,state_CO,False,False,0.8387347320047207,0.005361260889327979
312,1.0,combined_source,sandwich,True,0.01,standard_c5:E8,6,state_UT,False,False,0.8577848336622901,0.0019725964701508003
312,1.0,combined_source,concentration,True,0.0,,6,state_CO,True,,,
312,1.0,combined_source,concentration,True,0.0,,6,state_UT,True,,,
312,1.0,combined_source,concentration,True,0.01,,6,state_CO,True,,,
312,1.0,combined_source,concentration,True,0.01,,6,state_UT,True,,,
312,1.0,combined_shift,point,False,0.0,standard_c5:E2,6,state_CO,False,False,0.8195019578897327,0.024594035004316006
312,1.0,combined_shift,point,False,0.0,standard_c5:E2,6,state_UT,False,False,0.8505008724505849,0.00925655768185596
312,1.0,combined_shift,point,False,0.01,standard_c5:E8,6,state_CO,False,False,0.8387347320047207,0.005361260889327979
312,1.0,combined_shift,point,False,0.01,standard_c5:E8,6,state_UT,False,False,0.8577848336622901,0.0019725964701508003
312,1.0,combined_shift,sandwich,True,0.0,standard_c5:E8,6,state_CO,False,False,0.8387347320047207,0.005361260889327979
312,1.0,combined_shift,sandwich,True,0.0,standard_c5:E8,6,state_UT,False,False,0.8577848336622901,0.0019725964701508003
312,1.0,combined_shift,sandwich,True,0.01,standard_c5:E8,6,state_CO,False,False,0.8387347320047207,0.005361260889327979
312,1.0,combined_shift,sandwich,True,0.01,standard_c5:E8,6,state_UT,False,False,0.8577848336622901,0.0019725964701508003
312,1.0,combined_shift,concentration,True,0.0,,6,state_CO,True,,,
312,1.0,combined_shift,concentration,True,0.0,,6,state_UT,True,,,
312,1.0,combined_shift,concentration,True,0.01,,6,state_CO,True,,,
312,1.0,combined_shift,concentration,True,0.01,,6,state_UT,True,,,
313,1.0,standard_c1_source,point,False,0.0,,2,state_CO,True,,,
313,1.0,standard_c1_source,point,False,0.0,,2,state_UT,True,,,
313,1.0,standard_c1_source,point,False,0.01,,2,state_CO,True,,,
313,1.0,standard_c1_source,point,False,0.01,,2,state_UT,True,,,
313,1.0,standard_c1_source,sandwich,True,0.0,,2,state_CO,True,,,
313,1.0,standard_c1_source,sandwich,True,0.0,,2,state_UT,True,,,
313,1.0,standard_c1_source,sandwich,True,0.01,,2,state_CO,True,,,
313,1.0,standard_c1_source,sandwich,True,0.01,,2,state_UT,True,,,
313,1.0,standard_c1_source,concentration,True,0.0,,2,state_CO,True,,,
313,1.0,standard_c1_source,concentration,True,0.0,,2,state_UT,True,,,
313,1.0,standard_c1_source,concentration,True,0.01,,2,state_CO,True,,,
313,1.0,standard_c1_source,concentration,True,0.01,,2,state_UT,True,,,
313,1.0,standard_c1_shift,point,False,0.0,,2,state_CO,True,,,
313,1.0,standard_c1_shift,point,False,0.0,,2,state_UT,True,,,
313,1.0,standard_c1_shift,point,False,0.01,,2,state_CO,True,,,
313,1.0,standard_c1_shift,point,False,0.01,,2,state_UT,True,,,
313,1.0,standard_c1_shift,sandwich,True,0.0,,2,state_CO,True,,,
313,1.0,standard_c1_shift,sandwich,True,0.0,,2,state_UT,True,,,
313,1.0,standard_c1_shift,sandwich,True,0.01,,2,state_CO,True,,,
313,1.0,standard_c1_shift,sandwich,True,0.01,,2,state_UT,True,,,
313,1.0,standard_c1_shift,concentration,True,0.0,,2,state_CO,True,,,
313,1.0,standard_c1_shift,concentration,True,0.0,,2,state_UT,True,,,
313,1.0,standard_c1_shift,concentration,True,0.01,,2,state_CO,True,,,
313,1.0,standard_c1_shift,concentration,True,0.01,,2,state_UT,True,,,
313,1.0,standard_c5_source,point,False,0.0,standard_c5:E2,2,state_CO,False,False,0.814528208213599,0.014688929186003064
313,1.0,standard_c5_source,point,False,0.0,standard_c5:E2,2,state_UT,False,False,0.8588417517616129,0.016533173426992898
313,1.0,standard_c5_source,point,False,0.01,standard_c5:E2,2,state_CO,False,False,0.814528208213599,0.014688929186003064
313,1.0,standard_c5_source,point,False,0.01,standard_c5:E2,2,state_UT,False,False,0.8588417517616129,0.016533173426992898
313,1.0,standard_c5_source,sandwich,True,0.0,standard_c5:E2,2,state_CO,False,False,0.814528208213599,0.014688929186003064
313,1.0,standard_c5_source,sandwich,True,0.0,standard_c5:E2,2,state_UT,False,False,0.8588417517616129,0.016533173426992898
313,1.0,standard_c5_source,sandwich,True,0.01,standard_c5:E8,2,state_CO,False,False,0.8281148103113865,0.00110232708821556
313,1.0,standard_c5_source,sandwich,True,0.01,standard_c5:E8,2,state_UT,False,False,0.874121219347587,0.001253705841018804
313,1.0,standard_c5_source,concentration,True,0.0,,2,state_CO,True,,,
313,1.0,standard_c5_source,concentration,True,0.0,,2,state_UT,True,,,
313,1.0,standard_c5_source,concentration,True,0.01,,2,state_CO,True,,,
313,1.0,standard_c5_source,concentration,True,0.01,,2,state_UT,True,,,
313,1.0,standard_c5_shift,point,False,0.0,standard_c5:E2,2,state_CO,False,False,0.814528208213599,0.014688929186003064
313,1.0,standard_c5_shift,point,False,0.0,standard_c5:E2,2,state_UT,False,False,0.8588417517616129,0.016533173426992898
313,1.0,standard_c5_shift,point,False,0.01,standard_c5:E8,2,state_CO,False,False,0.8281148103113865,0.00110232708821556
313,1.0,standard_c5_shift,point,False,0.01,standard_c5:E8,2,state_UT,False,False,0.874121219347587,0.001253705841018804
313,1.0,standard_c5_shift,sandwich,True,0.0,standard_c5:E8,2,state_CO,False,False,0.8281148103113865,0.00110232708821556
313,1.0,standard_c5_shift,sandwich,True,0.0,standard_c5:E8,2,state_UT,False,False,0.874121219347587,0.001253705841018804
313,1.0,standard_c5_shift,sandwich,True,0.01,standard_c5:E8,2,state_CO,False,False,0.8281148103113865,0.00110232708821556
313,1.0,standard_c5_shift,sandwich,True,0.01,standard_c5:E8,2,state_UT,False,False,0.874121219347587,0.001253705841018804
313,1.0,standard_c5_shift,concentration,True,0.0,,2,state_CO,True,,,
313,1.0,standard_c5_shift,concentration,True,0.0,,2,state_UT,True,,,
313,1.0,standard_c5_shift,concentration,True,0.01,,2,state_CO,True,,,
313,1.0,standard_c5_shift,concentration,True,0.01,,2,state_UT,True,,,
313,1.0,auto_s_source,point,False,0.0,,2,state_CO,True,,,
313,1.0,auto_s_source,point,False,0.0,,2,state_UT,True,,,
313,1.0,auto_s_source,point,False,0.01,,2,state_CO,True,,,
313,1.0,auto_s_source,point,False,0.01,,2,state_UT,True,,,
313,1.0,auto_s_source,sandwich,True,0.0,,2,state_CO,True,,,
313,1.0,auto_s_source,sandwich,True,0.0,,2,state_UT,True,,,
313,1.0,auto_s_source,sandwich,True,0.01,,2,state_CO,True,,,
313,1.0,auto_s_source,sandwich,True,0.01,,2,state_UT,True,,,
313,1.0,auto_s_source,concentration,True,0.0,,2,state_CO,True,,,
313,1.0,auto_s_source,concentration,True,0.0,,2,state_UT,True,,,
313,1.0,auto_s_source,concentration,True,0.01,,2,state_CO,True,,,
313,1.0,auto_s_source,concentration,True,0.01,,2,state_UT,True,,,
313,1.0,auto_s_shift,point,False,0.0,,2,state_CO,True,,,
313,1.0,auto_s_shift,point,False,0.0,,2,state_UT,True,,,
313,1.0,auto_s_shift,point,False,0.01,,2,state_CO,True,,,
313,1.0,auto_s_shift,point,False,0.01,,2,state_UT,True,,,
313,1.0,auto_s_shift,sandwich,True,0.0,,2,state_CO,True,,,
313,1.0,auto_s_shift,sandwich,True,0.0,,2,state_UT,True,,,
313,1.0,auto_s_shift,sandwich,True,0.01,,2,state_CO,True,,,
313,1.0,auto_s_shift,sandwich,True,0.01,,2,state_UT,True,,,
313,1.0,auto_s_shift,concentration,True,0.0,,2,state_CO,True,,,
313,1.0,auto_s_shift,concentration,True,0.0,,2,state_UT,True,,,
313,1.0,auto_s_shift,concentration,True,0.01,,2,state_CO,True,,,
313,1.0,auto_s_shift,concentration,True,0.01,,2,state_UT,True,,,
313,1.0,standard_joint_source,point,False,0.0,standard_c5:E2,4,state_CO,False,False,0.814528208213599,0.014688929186003064
313,1.0,standard_joint_source,point,False,0.0,standard_c5:E2,4,state_UT,False,False,0.8588417517616129,0.016533173426992898
313,1.0,standard_joint_source,point,False,0.01,standard_c5:E2,4,state_CO,False,False,0.814528208213599,0.014688929186003064
313,1.0,standard_joint_source,point,False,0.01,standard_c5:E2,4,state_UT,False,False,0.8588417517616129,0.016533173426992898
313,1.0,standard_joint_source,sandwich,True,0.0,standard_c5:E2,4,state_CO,False,False,0.814528208213599,0.014688929186003064
313,1.0,standard_joint_source,sandwich,True,0.0,standard_c5:E2,4,state_UT,False,False,0.8588417517616129,0.016533173426992898
313,1.0,standard_joint_source,sandwich,True,0.01,standard_c5:E8,4,state_CO,False,False,0.8281148103113865,0.00110232708821556
313,1.0,standard_joint_source,sandwich,True,0.01,standard_c5:E8,4,state_UT,False,False,0.874121219347587,0.001253705841018804
313,1.0,standard_joint_source,concentration,True,0.0,,4,state_CO,True,,,
313,1.0,standard_joint_source,concentration,True,0.0,,4,state_UT,True,,,
313,1.0,standard_joint_source,concentration,True,0.01,,4,state_CO,True,,,
313,1.0,standard_joint_source,concentration,True,0.01,,4,state_UT,True,,,
313,1.0,standard_joint_shift,point,False,0.0,standard_c5:E2,4,state_CO,False,False,0.814528208213599,0.014688929186003064
313,1.0,standard_joint_shift,point,False,0.0,standard_c5:E2,4,state_UT,False,False,0.8588417517616129,0.016533173426992898
313,1.0,standard_joint_shift,point,False,0.01,standard_c5:E8,4,state_CO,False,False,0.8281148103113865,0.00110232708821556
313,1.0,standard_joint_shift,point,False,0.01,standard_c5:E8,4,state_UT,False,False,0.874121219347587,0.001253705841018804
313,1.0,standard_joint_shift,sandwich,True,0.0,standard_c5:E8,4,state_CO,False,False,0.8281148103113865,0.00110232708821556
313,1.0,standard_joint_shift,sandwich,True,0.0,standard_c5:E8,4,state_UT,False,False,0.874121219347587,0.001253705841018804
313,1.0,standard_joint_shift,sandwich,True,0.01,standard_c5:E8,4,state_CO,False,False,0.8281148103113865,0.00110232708821556
313,1.0,standard_joint_shift,sandwich,True,0.01,standard_c5:E8,4,state_UT,False,False,0.874121219347587,0.001253705841018804
313,1.0,standard_joint_shift,concentration,True,0.0,,4,state_CO,True,,,
313,1.0,standard_joint_shift,concentration,True,0.0,,4,state_UT,True,,,
313,1.0,standard_joint_shift,concentration,True,0.01,,4,state_CO,True,,,
313,1.0,standard_joint_shift,concentration,True,0.01,,4,state_UT,True,,,
313,1.0,combined_source,point,False,0.0,standard_c5:E2,6,state_CO,False,False,0.814528208213599,0.014688929186003064
313,1.0,combined_source,point,False,0.0,standard_c5:E2,6,state_UT,False,False,0.8588417517616129,0.016533173426992898
313,1.0,combined_source,point,False,0.01,standard_c5:E2,6,state_CO,False,False,0.814528208213599,0.014688929186003064
313,1.0,combined_source,point,False,0.01,standard_c5:E2,6,state_UT,False,False,0.8588417517616129,0.016533173426992898
313,1.0,combined_source,sandwich,True,0.0,standard_c5:E2,6,state_CO,False,False,0.814528208213599,0.014688929186003064
313,1.0,combined_source,sandwich,True,0.0,standard_c5:E2,6,state_UT,False,False,0.8588417517616129,0.016533173426992898
313,1.0,combined_source,sandwich,True,0.01,standard_c5:E8,6,state_CO,False,False,0.8281148103113865,0.00110232708821556
313,1.0,combined_source,sandwich,True,0.01,standard_c5:E8,6,state_UT,False,False,0.874121219347587,0.001253705841018804
313,1.0,combined_source,concentration,True,0.0,,6,state_CO,True,,,
313,1.0,combined_source,concentration,True,0.0,,6,state_UT,True,,,
313,1.0,combined_source,concentration,True,0.01,,6,state_CO,True,,,
313,1.0,combined_source,concentration,True,0.01,,6,state_UT,True,,,
313,1.0,combined_shift,point,False,0.0,standard_c5:E2,6,state_CO,False,False,0.814528208213599,0.014688929186003064
313,1.0,combined_shift,point,False,0.0,standard_c5:E2,6,state_UT,False,False,0.8588417517616129,0.016533173426992898
313,1.0,combined_shift,point,False,0.01,standard_c5:E8,6,state_CO,False,False,0.8281148103113865,0.00110232708821556
313,1.0,combined_shift,point,False,0.01,standard_c5:E8,6,state_UT,False,False,0.874121219347587,0.001253705841018804
313,1.0,combined_shift,sandwich,True,0.0,standard_c5:E8,6,state_CO,False,False,0.8281148103113865,0.00110232708821556
313,1.0,combined_shift,sandwich,True,0.0,standard_c5:E8,6,state_UT,False,False,0.874121219347587,0.001253705841018804
313,1.0,combined_shift,sandwich,True,0.01,standard_c5:E8,6,state_CO,False,False,0.8281148103113865,0.00110232708821556
313,1.0,combined_shift,sandwich,True,0.01,standard_c5:E8,6,state_UT,False,False,0.874121219347587,0.001253705841018804
313,1.0,combined_shift,concentration,True,0.0,,6,state_CO,True,,,
313,1.0,combined_shift,concentration,True,0.0,,6,state_UT,True,,,
313,1.0,combined_shift,concentration,True,0.01,,6,state_CO,True,,,
313,1.0,combined_shift,concentration,True,0.01,,6,state_UT,True,,,
314,1.0,standard_c1_source,point,False,0.0,standard_c1:E2,2,state_CO,False,False,0.8218494894886087,0.021483693699450468
314,1.0,standard_c1_source,point,False,0.0,standard_c1:E2,2,state_UT,False,False,0.8512357214112092,0.014714147218748974
314,1.0,standard_c1_source,point,False,0.01,,2,state_CO,True,,,
314,1.0,standard_c1_source,point,False,0.01,,2,state_UT,True,,,
314,1.0,standard_c1_source,sandwich,True,0.0,,2,state_CO,True,,,
314,1.0,standard_c1_source,sandwich,True,0.0,,2,state_UT,True,,,
314,1.0,standard_c1_source,sandwich,True,0.01,,2,state_CO,True,,,
314,1.0,standard_c1_source,sandwich,True,0.01,,2,state_UT,True,,,
314,1.0,standard_c1_source,concentration,True,0.0,,2,state_CO,True,,,
314,1.0,standard_c1_source,concentration,True,0.0,,2,state_UT,True,,,
314,1.0,standard_c1_source,concentration,True,0.01,,2,state_CO,True,,,
314,1.0,standard_c1_source,concentration,True,0.01,,2,state_UT,True,,,
314,1.0,standard_c1_shift,point,False,0.0,standard_c1:E8,2,state_CO,False,False,0.8232887890713795,0.020044394116679687
314,1.0,standard_c1_shift,point,False,0.0,standard_c1:E8,2,state_UT,False,False,0.8503517251392149,0.015598143490743288
314,1.0,standard_c1_shift,point,False,0.01,,2,state_CO,True,,,
314,1.0,standard_c1_shift,point,False,0.01,,2,state_UT,True,,,
314,1.0,standard_c1_shift,sandwich,True,0.0,,2,state_CO,True,,,
314,1.0,standard_c1_shift,sandwich,True,0.0,,2,state_UT,True,,,
314,1.0,standard_c1_shift,sandwich,True,0.01,,2,state_CO,True,,,
314,1.0,standard_c1_shift,sandwich,True,0.01,,2,state_UT,True,,,
314,1.0,standard_c1_shift,concentration,True,0.0,,2,state_CO,True,,,
314,1.0,standard_c1_shift,concentration,True,0.0,,2,state_UT,True,,,
314,1.0,standard_c1_shift,concentration,True,0.01,,2,state_CO,True,,,
314,1.0,standard_c1_shift,concentration,True,0.01,,2,state_UT,True,,,
314,1.0,standard_c5_source,point,False,0.0,standard_c5:E2,2,state_CO,False,False,0.8318826855612274,0.011450497626831813
314,1.0,standard_c5_source,point,False,0.0,standard_c5:E2,2,state_UT,False,False,0.8593181403060148,0.00663172832394332
314,1.0,standard_c5_source,point,False,0.01,standard_c5:E2,2,state_CO,False,False,0.8318826855612274,0.011450497626831813
314,1.0,standard_c5_source,point,False,0.01,standard_c5:E2,2,state_UT,False,False,0.8593181403060148,0.00663172832394332
314,1.0,standard_c5_source,sandwich,True,0.0,standard_c5:E2,2,state_CO,False,False,0.8318826855612274,0.011450497626831813
314,1.0,standard_c5_source,sandwich,True,0.0,standard_c5:E2,2,state_UT,False,False,0.8593181403060148,0.00663172832394332
314,1.0,standard_c5_source,sandwich,True,0.01,standard_c5:E2,2,state_CO,False,False,0.8318826855612274,0.011450497626831813
314,1.0,standard_c5_source,sandwich,True,0.01,standard_c5:E2,2,state_UT,False,False,0.8593181403060148,0.00663172832394332
314,1.0,standard_c5_source,concentration,True,0.0,,2,state_CO,True,,,
314,1.0,standard_c5_source,concentration,True,0.0,,2,state_UT,True,,,
314,1.0,standard_c5_source,concentration,True,0.01,,2,state_CO,True,,,
314,1.0,standard_c5_source,concentration,True,0.01,,2,state_UT,True,,,
314,1.0,standard_c5_shift,point,False,0.0,standard_c5:E2,2,state_CO,False,False,0.8318826855612274,0.011450497626831813
314,1.0,standard_c5_shift,point,False,0.0,standard_c5:E2,2,state_UT,False,False,0.8593181403060148,0.00663172832394332
314,1.0,standard_c5_shift,point,False,0.01,standard_c5:E8,2,state_CO,False,False,0.8417042815496248,0.0016289016384343213
314,1.0,standard_c5_shift,point,False,0.01,standard_c5:E8,2,state_UT,False,False,0.8665856434322005,-0.000635774802242306
314,1.0,standard_c5_shift,sandwich,True,0.0,standard_c5:E8,2,state_CO,False,False,0.8417042815496248,0.0016289016384343213
314,1.0,standard_c5_shift,sandwich,True,0.0,standard_c5:E8,2,state_UT,False,False,0.8665856434322005,-0.000635774802242306
314,1.0,standard_c5_shift,sandwich,True,0.01,standard_c5:E8,2,state_CO,False,False,0.8417042815496248,0.0016289016384343213
314,1.0,standard_c5_shift,sandwich,True,0.01,standard_c5:E8,2,state_UT,False,False,0.8665856434322005,-0.000635774802242306
314,1.0,standard_c5_shift,concentration,True,0.0,,2,state_CO,True,,,
314,1.0,standard_c5_shift,concentration,True,0.0,,2,state_UT,True,,,
314,1.0,standard_c5_shift,concentration,True,0.01,,2,state_CO,True,,,
314,1.0,standard_c5_shift,concentration,True,0.01,,2,state_UT,True,,,
314,1.0,auto_s_source,point,False,0.0,,2,state_CO,True,,,
314,1.0,auto_s_source,point,False,0.0,,2,state_UT,True,,,
314,1.0,auto_s_source,point,False,0.01,,2,state_CO,True,,,
314,1.0,auto_s_source,point,False,0.01,,2,state_UT,True,,,
314,1.0,auto_s_source,sandwich,True,0.0,,2,state_CO,True,,,
314,1.0,auto_s_source,sandwich,True,0.0,,2,state_UT,True,,,
314,1.0,auto_s_source,sandwich,True,0.01,,2,state_CO,True,,,
314,1.0,auto_s_source,sandwich,True,0.01,,2,state_UT,True,,,
314,1.0,auto_s_source,concentration,True,0.0,,2,state_CO,True,,,
314,1.0,auto_s_source,concentration,True,0.0,,2,state_UT,True,,,
314,1.0,auto_s_source,concentration,True,0.01,,2,state_CO,True,,,
314,1.0,auto_s_source,concentration,True,0.01,,2,state_UT,True,,,
314,1.0,auto_s_shift,point,False,0.0,,2,state_CO,True,,,
314,1.0,auto_s_shift,point,False,0.0,,2,state_UT,True,,,
314,1.0,auto_s_shift,point,False,0.01,,2,state_CO,True,,,
314,1.0,auto_s_shift,point,False,0.01,,2,state_UT,True,,,
314,1.0,auto_s_shift,sandwich,True,0.0,,2,state_CO,True,,,
314,1.0,auto_s_shift,sandwich,True,0.0,,2,state_UT,True,,,
314,1.0,auto_s_shift,sandwich,True,0.01,,2,state_CO,True,,,
314,1.0,auto_s_shift,sandwich,True,0.01,,2,state_UT,True,,,
314,1.0,auto_s_shift,concentration,True,0.0,,2,state_CO,True,,,
314,1.0,auto_s_shift,concentration,True,0.0,,2,state_UT,True,,,
314,1.0,auto_s_shift,concentration,True,0.01,,2,state_CO,True,,,
314,1.0,auto_s_shift,concentration,True,0.01,,2,state_UT,True,,,
314,1.0,standard_joint_source,point,False,0.0,standard_c5:E2,4,state_CO,False,False,0.8318826855612274,0.011450497626831813
314,1.0,standard_joint_source,point,False,0.0,standard_c5:E2,4,state_UT,False,False,0.8593181403060148,0.00663172832394332
314,1.0,standard_joint_source,point,False,0.01,standard_c5:E2,4,state_CO,False,False,0.8318826855612274,0.011450497626831813
314,1.0,standard_joint_source,point,False,0.01,standard_c5:E2,4,state_UT,False,False,0.8593181403060148,0.00663172832394332
314,1.0,standard_joint_source,sandwich,True,0.0,standard_c5:E2,4,state_CO,False,False,0.8318826855612274,0.011450497626831813
314,1.0,standard_joint_source,sandwich,True,0.0,standard_c5:E2,4,state_UT,False,False,0.8593181403060148,0.00663172832394332
314,1.0,standard_joint_source,sandwich,True,0.01,standard_c5:E2,4,state_CO,False,False,0.8318826855612274,0.011450497626831813
314,1.0,standard_joint_source,sandwich,True,0.01,standard_c5:E2,4,state_UT,False,False,0.8593181403060148,0.00663172832394332
314,1.0,standard_joint_source,concentration,True,0.0,,4,state_CO,True,,,
314,1.0,standard_joint_source,concentration,True,0.0,,4,state_UT,True,,,
314,1.0,standard_joint_source,concentration,True,0.01,,4,state_CO,True,,,
314,1.0,standard_joint_source,concentration,True,0.01,,4,state_UT,True,,,
314,1.0,standard_joint_shift,point,False,0.0,standard_c5:E2,4,state_CO,False,False,0.8318826855612274,0.011450497626831813
314,1.0,standard_joint_shift,point,False,0.0,standard_c5:E2,4,state_UT,False,False,0.8593181403060148,0.00663172832394332
314,1.0,standard_joint_shift,point,False,0.01,standard_c5:E8,4,state_CO,False,False,0.8417042815496248,0.0016289016384343213
314,1.0,standard_joint_shift,point,False,0.01,standard_c5:E8,4,state_UT,False,False,0.8665856434322005,-0.000635774802242306
314,1.0,standard_joint_shift,sandwich,True,0.0,standard_c5:E8,4,state_CO,False,False,0.8417042815496248,0.0016289016384343213
314,1.0,standard_joint_shift,sandwich,True,0.0,standard_c5:E8,4,state_UT,False,False,0.8665856434322005,-0.000635774802242306
314,1.0,standard_joint_shift,sandwich,True,0.01,standard_c5:E8,4,state_CO,False,False,0.8417042815496248,0.0016289016384343213
314,1.0,standard_joint_shift,sandwich,True,0.01,standard_c5:E8,4,state_UT,False,False,0.8665856434322005,-0.000635774802242306
314,1.0,standard_joint_shift,concentration,True,0.0,,4,state_CO,True,,,
314,1.0,standard_joint_shift,concentration,True,0.0,,4,state_UT,True,,,
314,1.0,standard_joint_shift,concentration,True,0.01,,4,state_CO,True,,,
314,1.0,standard_joint_shift,concentration,True,0.01,,4,state_UT,True,,,
314,1.0,combined_source,point,False,0.0,standard_c5:E2,6,state_CO,False,False,0.8318826855612274,0.011450497626831813
314,1.0,combined_source,point,False,0.0,standard_c5:E2,6,state_UT,False,False,0.8593181403060148,0.00663172832394332
314,1.0,combined_source,point,False,0.01,standard_c5:E2,6,state_CO,False,False,0.8318826855612274,0.011450497626831813
314,1.0,combined_source,point,False,0.01,standard_c5:E2,6,state_UT,False,False,0.8593181403060148,0.00663172832394332
314,1.0,combined_source,sandwich,True,0.0,standard_c5:E2,6,state_CO,False,False,0.8318826855612274,0.011450497626831813
314,1.0,combined_source,sandwich,True,0.0,standard_c5:E2,6,state_UT,False,False,0.8593181403060148,0.00663172832394332
314,1.0,combined_source,sandwich,True,0.01,standard_c5:E2,6,state_CO,False,False,0.8318826855612274,0.011450497626831813
314,1.0,combined_source,sandwich,True,0.01,standard_c5:E2,6,state_UT,False,False,0.8593181403060148,0.00663172832394332
314,1.0,combined_source,concentration,True,0.0,,6,state_CO,True,,,
314,1.0,combined_source,concentration,True,0.0,,6,state_UT,True,,,
314,1.0,combined_source,concentration,True,0.01,,6,state_CO,True,,,
314,1.0,combined_source,concentration,True,0.01,,6,state_UT,True,,,
314,1.0,combined_shift,point,False,0.0,standard_c5:E2,6,state_CO,False,False,0.8318826855612274,0.011450497626831813
314,1.0,combined_shift,point,False,0.0,standard_c5:E2,6,state_UT,False,False,0.8593181403060148,0.00663172832394332
314,1.0,combined_shift,point,False,0.01,standard_c5:E8,6,state_CO,False,False,0.8417042815496248,0.0016289016384343213
314,1.0,combined_shift,point,False,0.01,standard_c5:E8,6,state_UT,False,False,0.8665856434322005,-0.000635774802242306
314,1.0,combined_shift,sandwich,True,0.0,standard_c5:E8,6,state_CO,False,False,0.8417042815496248,0.0016289016384343213
314,1.0,combined_shift,sandwich,True,0.0,standard_c5:E8,6,state_UT,False,False,0.8665856434322005,-0.000635774802242306
314,1.0,combined_shift,sandwich,True,0.01,standard_c5:E8,6,state_CO,False,False,0.8417042815496248,0.0016289016384343213
314,1.0,combined_shift,sandwich,True,0.01,standard_c5:E8,6,state_UT,False,False,0.8665856434322005,-0.000635774802242306
314,1.0,combined_shift,concentration,True,0.0,,6,state_CO,True,,,
314,1.0,combined_shift,concentration,True,0.0,,6,state_UT,True,,,
314,1.0,combined_shift,concentration,True,0.01,,6,state_CO,True,,,
314,1.0,combined_shift,concentration,True,0.01,,6,state_UT,True,,,
315,1.0,standard_c1_source,point,False,0.0,,2,state_CO,True,,,
315,1.0,standard_c1_source,point,False,0.0,,2,state_UT,True,,,
315,1.0,standard_c1_source,point,False,0.01,,2,state_CO,True,,,
315,1.0,standard_c1_source,point,False,0.01,,2,state_UT,True,,,
315,1.0,standard_c1_source,sandwich,True,0.0,,2,state_CO,True,,,
315,1.0,standard_c1_source,sandwich,True,0.0,,2,state_UT,True,,,
315,1.0,standard_c1_source,sandwich,True,0.01,,2,state_CO,True,,,
315,1.0,standard_c1_source,sandwich,True,0.01,,2,state_UT,True,,,
315,1.0,standard_c1_source,concentration,True,0.0,,2,state_CO,True,,,
315,1.0,standard_c1_source,concentration,True,0.0,,2,state_UT,True,,,
315,1.0,standard_c1_source,concentration,True,0.01,,2,state_CO,True,,,
315,1.0,standard_c1_source,concentration,True,0.01,,2,state_UT,True,,,
315,1.0,standard_c1_shift,point,False,0.0,,2,state_CO,True,,,
315,1.0,standard_c1_shift,point,False,0.0,,2,state_UT,True,,,
315,1.0,standard_c1_shift,point,False,0.01,,2,state_CO,True,,,
315,1.0,standard_c1_shift,point,False,0.01,,2,state_UT,True,,,
315,1.0,standard_c1_shift,sandwich,True,0.0,,2,state_CO,True,,,
315,1.0,standard_c1_shift,sandwich,True,0.0,,2,state_UT,True,,,
315,1.0,standard_c1_shift,sandwich,True,0.01,,2,state_CO,True,,,
315,1.0,standard_c1_shift,sandwich,True,0.01,,2,state_UT,True,,,
315,1.0,standard_c1_shift,concentration,True,0.0,,2,state_CO,True,,,
315,1.0,standard_c1_shift,concentration,True,0.0,,2,state_UT,True,,,
315,1.0,standard_c1_shift,concentration,True,0.01,,2,state_CO,True,,,
315,1.0,standard_c1_shift,concentration,True,0.01,,2,state_UT,True,,,
315,1.0,standard_c5_source,point,False,0.0,standard_c5:E2,2,state_CO,False,False,0.817746331324396,0.006626780079801109
315,1.0,standard_c5_source,point,False,0.0,standard_c5:E2,2,state_UT,False,False,0.8585822814399252,0.0055937353903694476
315,1.0,standard_c5_source,point,False,0.01,standard_c5:E2,2,state_CO,False,False,0.817746331324396,0.006626780079801109
315,1.0,standard_c5_source,point,False,0.01,standard_c5:E2,2,state_UT,False,False,0.8585822814399252,0.0055937353903694476
315,1.0,standard_c5_source,sandwich,True,0.0,standard_c5:E2,2,state_CO,False,False,0.817746331324396,0.006626780079801109
315,1.0,standard_c5_source,sandwich,True,0.0,standard_c5:E2,2,state_UT,False,False,0.8585822814399252,0.0055937353903694476
315,1.0,standard_c5_source,sandwich,True,0.01,standard_c5:E2,2,state_CO,False,False,0.817746331324396,0.006626780079801109
315,1.0,standard_c5_source,sandwich,True,0.01,standard_c5:E2,2,state_UT,False,False,0.8585822814399252,0.0055937353903694476
315,1.0,standard_c5_source,concentration,True,0.0,,2,state_CO,True,,,
315,1.0,standard_c5_source,concentration,True,0.0,,2,state_UT,True,,,
315,1.0,standard_c5_source,concentration,True,0.01,,2,state_CO,True,,,
315,1.0,standard_c5_source,concentration,True,0.01,,2,state_UT,True,,,
315,1.0,standard_c5_shift,point,False,0.0,standard_c5:E2,2,state_CO,False,False,0.817746331324396,0.006626780079801109
315,1.0,standard_c5_shift,point,False,0.0,standard_c5:E2,2,state_UT,False,False,0.8585822814399252,0.0055937353903694476
315,1.0,standard_c5_shift,point,False,0.01,standard_c5:E2,2,state_CO,False,False,0.817746331324396,0.006626780079801109
315,1.0,standard_c5_shift,point,False,0.01,standard_c5:E2,2,state_UT,False,False,0.8585822814399252,0.0055937353903694476
315,1.0,standard_c5_shift,sandwich,True,0.0,standard_c5:E2,2,state_CO,False,False,0.817746331324396,0.006626780079801109
315,1.0,standard_c5_shift,sandwich,True,0.0,standard_c5:E2,2,state_UT,False,False,0.8585822814399252,0.0055937353903694476
315,1.0,standard_c5_shift,sandwich,True,0.01,standard_c5:E2,2,state_CO,False,False,0.817746331324396,0.006626780079801109
315,1.0,standard_c5_shift,sandwich,True,0.01,standard_c5:E2,2,state_UT,False,False,0.8585822814399252,0.0055937353903694476
315,1.0,standard_c5_shift,concentration,True,0.0,,2,state_CO,True,,,
315,1.0,standard_c5_shift,concentration,True,0.0,,2,state_UT,True,,,
315,1.0,standard_c5_shift,concentration,True,0.01,,2,state_CO,True,,,
315,1.0,standard_c5_shift,concentration,True,0.01,,2,state_UT,True,,,
315,1.0,auto_s_source,point,False,0.0,,2,state_CO,True,,,
315,1.0,auto_s_source,point,False,0.0,,2,state_UT,True,,,
315,1.0,auto_s_source,point,False,0.01,,2,state_CO,True,,,
315,1.0,auto_s_source,point,False,0.01,,2,state_UT,True,,,
315,1.0,auto_s_source,sandwich,True,0.0,,2,state_CO,True,,,
315,1.0,auto_s_source,sandwich,True,0.0,,2,state_UT,True,,,
315,1.0,auto_s_source,sandwich,True,0.01,,2,state_CO,True,,,
315,1.0,auto_s_source,sandwich,True,0.01,,2,state_UT,True,,,
315,1.0,auto_s_source,concentration,True,0.0,,2,state_CO,True,,,
315,1.0,auto_s_source,concentration,True,0.0,,2,state_UT,True,,,
315,1.0,auto_s_source,concentration,True,0.01,,2,state_CO,True,,,
315,1.0,auto_s_source,concentration,True,0.01,,2,state_UT,True,,,
315,1.0,auto_s_shift,point,False,0.0,,2,state_CO,True,,,
315,1.0,auto_s_shift,point,False,0.0,,2,state_UT,True,,,
315,1.0,auto_s_shift,point,False,0.01,,2,state_CO,True,,,
315,1.0,auto_s_shift,point,False,0.01,,2,state_UT,True,,,
315,1.0,auto_s_shift,sandwich,True,0.0,,2,state_CO,True,,,
315,1.0,auto_s_shift,sandwich,True,0.0,,2,state_UT,True,,,
315,1.0,auto_s_shift,sandwich,True,0.01,,2,state_CO,True,,,
315,1.0,auto_s_shift,sandwich,True,0.01,,2,state_UT,True,,,
315,1.0,auto_s_shift,concentration,True,0.0,,2,state_CO,True,,,
315,1.0,auto_s_shift,concentration,True,0.0,,2,state_UT,True,,,
315,1.0,auto_s_shift,concentration,True,0.01,,2,state_CO,True,,,
315,1.0,auto_s_shift,concentration,True,0.01,,2,state_UT,True,,,
315,1.0,standard_joint_source,point,False,0.0,standard_c5:E2,4,state_CO,False,False,0.817746331324396,0.006626780079801109
315,1.0,standard_joint_source,point,False,0.0,standard_c5:E2,4,state_UT,False,False,0.8585822814399252,0.0055937353903694476
315,1.0,standard_joint_source,point,False,0.01,standard_c5:E2,4,state_CO,False,False,0.817746331324396,0.006626780079801109
315,1.0,standard_joint_source,point,False,0.01,standard_c5:E2,4,state_UT,False,False,0.8585822814399252,0.0055937353903694476
315,1.0,standard_joint_source,sandwich,True,0.0,standard_c5:E2,4,state_CO,False,False,0.817746331324396,0.006626780079801109
315,1.0,standard_joint_source,sandwich,True,0.0,standard_c5:E2,4,state_UT,False,False,0.8585822814399252,0.0055937353903694476
315,1.0,standard_joint_source,sandwich,True,0.01,standard_c5:E2,4,state_CO,False,False,0.817746331324396,0.006626780079801109
315,1.0,standard_joint_source,sandwich,True,0.01,standard_c5:E2,4,state_UT,False,False,0.8585822814399252,0.0055937353903694476
315,1.0,standard_joint_source,concentration,True,0.0,,4,state_CO,True,,,
315,1.0,standard_joint_source,concentration,True,0.0,,4,state_UT,True,,,
315,1.0,standard_joint_source,concentration,True,0.01,,4,state_CO,True,,,
315,1.0,standard_joint_source,concentration,True,0.01,,4,state_UT,True,,,
315,1.0,standard_joint_shift,point,False,0.0,standard_c5:E2,4,state_CO,False,False,0.817746331324396,0.006626780079801109
315,1.0,standard_joint_shift,point,False,0.0,standard_c5:E2,4,state_UT,False,False,0.8585822814399252,0.0055937353903694476
315,1.0,standard_joint_shift,point,False,0.01,standard_c5:E2,4,state_CO,False,False,0.817746331324396,0.006626780079801109
315,1.0,standard_joint_shift,point,False,0.01,standard_c5:E2,4,state_UT,False,False,0.8585822814399252,0.0055937353903694476
315,1.0,standard_joint_shift,sandwich,True,0.0,standard_c5:E2,4,state_CO,False,False,0.817746331324396,0.006626780079801109
315,1.0,standard_joint_shift,sandwich,True,0.0,standard_c5:E2,4,state_UT,False,False,0.8585822814399252,0.0055937353903694476
315,1.0,standard_joint_shift,sandwich,True,0.01,standard_c5:E2,4,state_CO,False,False,0.817746331324396,0.006626780079801109
315,1.0,standard_joint_shift,sandwich,True,0.01,standard_c5:E2,4,state_UT,False,False,0.8585822814399252,0.0055937353903694476
315,1.0,standard_joint_shift,concentration,True,0.0,,4,state_CO,True,,,
315,1.0,standard_joint_shift,concentration,True,0.0,,4,state_UT,True,,,
315,1.0,standard_joint_shift,concentration,True,0.01,,4,state_CO,True,,,
315,1.0,standard_joint_shift,concentration,True,0.01,,4,state_UT,True,,,
315,1.0,combined_source,point,False,0.0,standard_c5:E2,6,state_CO,False,False,0.817746331324396,0.006626780079801109
315,1.0,combined_source,point,False,0.0,standard_c5:E2,6,state_UT,False,False,0.8585822814399252,0.0055937353903694476
315,1.0,combined_source,point,False,0.01,standard_c5:E2,6,state_CO,False,False,0.817746331324396,0.006626780079801109
315,1.0,combined_source,point,False,0.01,standard_c5:E2,6,state_UT,False,False,0.8585822814399252,0.0055937353903694476
315,1.0,combined_source,sandwich,True,0.0,standard_c5:E2,6,state_CO,False,False,0.817746331324396,0.006626780079801109
315,1.0,combined_source,sandwich,True,0.0,standard_c5:E2,6,state_UT,False,False,0.8585822814399252,0.0055937353903694476
315,1.0,combined_source,sandwich,True,0.01,standard_c5:E2,6,state_CO,False,False,0.817746331324396,0.006626780079801109
315,1.0,combined_source,sandwich,True,0.01,standard_c5:E2,6,state_UT,False,False,0.8585822814399252,0.0055937353903694476
315,1.0,combined_source,concentration,True,0.0,,6,state_CO,True,,,
315,1.0,combined_source,concentration,True,0.0,,6,state_UT,True,,,
315,1.0,combined_source,concentration,True,0.01,,6,state_CO,True,,,
315,1.0,combined_source,concentration,True,0.01,,6,state_UT,True,,,
315,1.0,combined_shift,point,False,0.0,standard_c5:E2,6,state_CO,False,False,0.817746331324396,0.006626780079801109
315,1.0,combined_shift,point,False,0.0,standard_c5:E2,6,state_UT,False,False,0.8585822814399252,0.0055937353903694476
315,1.0,combined_shift,point,False,0.01,standard_c5:E2,6,state_CO,False,False,0.817746331324396,0.006626780079801109
315,1.0,combined_shift,point,False,0.01,standard_c5:E2,6,state_UT,False,False,0.8585822814399252,0.0055937353903694476
315,1.0,combined_shift,sandwich,True,0.0,standard_c5:E2,6,state_CO,False,False,0.817746331324396,0.006626780079801109
315,1.0,combined_shift,sandwich,True,0.0,standard_c5:E2,6,state_UT,False,False,0.8585822814399252,0.0055937353903694476
315,1.0,combined_shift,sandwich,True,0.01,standard_c5:E2,6,state_CO,False,False,0.817746331324396,0.006626780079801109
315,1.0,combined_shift,sandwich,True,0.01,standard_c5:E2,6,state_UT,False,False,0.8585822814399252,0.0055937353903694476
315,1.0,combined_shift,concentration,True,0.0,,6,state_CO,True,,,
315,1.0,combined_shift,concentration,True,0.0,,6,state_UT,True,,,
315,1.0,combined_shift,concentration,True,0.01,,6,state_CO,True,,,
315,1.0,combined_shift,concentration,True,0.01,,6,state_UT,True,,,
316,1.0,standard_c1_source,point,False,0.0,standard_c1:E2,2,state_CO,False,False,0.8070442624837634,0.0269991696673737
316,1.0,standard_c1_source,point,False,0.0,standard_c1:E2,2,state_UT,False,False,0.8399056373227096,0.013031640199930083
316,1.0,standard_c1_source,point,False,0.01,,2,state_CO,True,,,
316,1.0,standard_c1_source,point,False,0.01,,2,state_UT,True,,,
316,1.0,standard_c1_source,sandwich,True,0.0,,2,state_CO,True,,,
316,1.0,standard_c1_source,sandwich,True,0.0,,2,state_UT,True,,,
316,1.0,standard_c1_source,sandwich,True,0.01,,2,state_CO,True,,,
316,1.0,standard_c1_source,sandwich,True,0.01,,2,state_UT,True,,,
316,1.0,standard_c1_source,concentration,True,0.0,,2,state_CO,True,,,
316,1.0,standard_c1_source,concentration,True,0.0,,2,state_UT,True,,,
316,1.0,standard_c1_source,concentration,True,0.01,,2,state_CO,True,,,
316,1.0,standard_c1_source,concentration,True,0.01,,2,state_UT,True,,,
316,1.0,standard_c1_shift,point,False,0.0,standard_c1:E2,2,state_CO,False,False,0.8070442624837634,0.0269991696673737
316,1.0,standard_c1_shift,point,False,0.0,standard_c1:E2,2,state_UT,False,False,0.8399056373227096,0.013031640199930083
316,1.0,standard_c1_shift,point,False,0.01,,2,state_CO,True,,,
316,1.0,standard_c1_shift,point,False,0.01,,2,state_UT,True,,,
316,1.0,standard_c1_shift,sandwich,True,0.0,,2,state_CO,True,,,
316,1.0,standard_c1_shift,sandwich,True,0.0,,2,state_UT,True,,,
316,1.0,standard_c1_shift,sandwich,True,0.01,,2,state_CO,True,,,
316,1.0,standard_c1_shift,sandwich,True,0.01,,2,state_UT,True,,,
316,1.0,standard_c1_shift,concentration,True,0.0,,2,state_CO,True,,,
316,1.0,standard_c1_shift,concentration,True,0.0,,2,state_UT,True,,,
316,1.0,standard_c1_shift,concentration,True,0.01,,2,state_CO,True,,,
316,1.0,standard_c1_shift,concentration,True,0.01,,2,state_UT,True,,,
316,1.0,standard_c5_source,point,False,0.0,standard_c5:E2,2,state_CO,False,False,0.8196277068021506,0.014415725348986497
316,1.0,standard_c5_source,point,False,0.0,standard_c5:E2,2,state_UT,False,False,0.8374779828104539,0.015459294712185767
316,1.0,standard_c5_source,point,False,0.01,standard_c5:E2,2,state_CO,False,False,0.8196277068021506,0.014415725348986497
316,1.0,standard_c5_source,point,False,0.01,standard_c5:E2,2,state_UT,False,False,0.8374779828104539,0.015459294712185767
316,1.0,standard_c5_source,sandwich,True,0.0,standard_c5:E2,2,state_CO,False,False,0.8196277068021506,0.014415725348986497
316,1.0,standard_c5_source,sandwich,True,0.0,standard_c5:E2,2,state_UT,False,False,0.8374779828104539,0.015459294712185767
316,1.0,standard_c5_source,sandwich,True,0.01,standard_c5:E2,2,state_CO,False,False,0.8196277068021506,0.014415725348986497
316,1.0,standard_c5_source,sandwich,True,0.01,standard_c5:E2,2,state_UT,False,False,0.8374779828104539,0.015459294712185767
316,1.0,standard_c5_source,concentration,True,0.0,,2,state_CO,True,,,
316,1.0,standard_c5_source,concentration,True,0.0,,2,state_UT,True,,,
316,1.0,standard_c5_source,concentration,True,0.01,,2,state_CO,True,,,
316,1.0,standard_c5_source,concentration,True,0.01,,2,state_UT,True,,,
316,1.0,standard_c5_shift,point,False,0.0,standard_c5:E2,2,state_CO,False,False,0.8196277068021506,0.014415725348986497
316,1.0,standard_c5_shift,point,False,0.0,standard_c5:E2,2,state_UT,False,False,0.8374779828104539,0.015459294712185767
316,1.0,standard_c5_shift,point,False,0.01,standard_c5:E2,2,state_CO,False,False,0.8196277068021506,0.014415725348986497
316,1.0,standard_c5_shift,point,False,0.01,standard_c5:E2,2,state_UT,False,False,0.8374779828104539,0.015459294712185767
316,1.0,standard_c5_shift,sandwich,True,0.0,standard_c5:E2,2,state_CO,False,False,0.8196277068021506,0.014415725348986497
316,1.0,standard_c5_shift,sandwich,True,0.0,standard_c5:E2,2,state_UT,False,False,0.8374779828104539,0.015459294712185767
316,1.0,standard_c5_shift,sandwich,True,0.01,standard_c5:E8,2,state_CO,False,False,0.8314198687910029,0.00262356336013414
316,1.0,standard_c5_shift,sandwich,True,0.01,standard_c5:E8,2,state_UT,False,False,0.8501926215902174,0.0027446559324223463
316,1.0,standard_c5_shift,concentration,True,0.0,,2,state_CO,True,,,
316,1.0,standard_c5_shift,concentration,True,0.0,,2,state_UT,True,,,
316,1.0,standard_c5_shift,concentration,True,0.01,,2,state_CO,True,,,
316,1.0,standard_c5_shift,concentration,True,0.01,,2,state_UT,True,,,
316,1.0,auto_s_source,point,False,0.0,,2,state_CO,True,,,
316,1.0,auto_s_source,point,False,0.0,,2,state_UT,True,,,
316,1.0,auto_s_source,point,False,0.01,,2,state_CO,True,,,
316,1.0,auto_s_source,point,False,0.01,,2,state_UT,True,,,
316,1.0,auto_s_source,sandwich,True,0.0,,2,state_CO,True,,,
316,1.0,auto_s_source,sandwich,True,0.0,,2,state_UT,True,,,
316,1.0,auto_s_source,sandwich,True,0.01,,2,state_CO,True,,,
316,1.0,auto_s_source,sandwich,True,0.01,,2,state_UT,True,,,
316,1.0,auto_s_source,concentration,True,0.0,,2,state_CO,True,,,
316,1.0,auto_s_source,concentration,True,0.0,,2,state_UT,True,,,
316,1.0,auto_s_source,concentration,True,0.01,,2,state_CO,True,,,
316,1.0,auto_s_source,concentration,True,0.01,,2,state_UT,True,,,
316,1.0,auto_s_shift,point,False,0.0,,2,state_CO,True,,,
316,1.0,auto_s_shift,point,False,0.0,,2,state_UT,True,,,
316,1.0,auto_s_shift,point,False,0.01,,2,state_CO,True,,,
316,1.0,auto_s_shift,point,False,0.01,,2,state_UT,True,,,
316,1.0,auto_s_shift,sandwich,True,0.0,,2,state_CO,True,,,
316,1.0,auto_s_shift,sandwich,True,0.0,,2,state_UT,True,,,
316,1.0,auto_s_shift,sandwich,True,0.01,,2,state_CO,True,,,
316,1.0,auto_s_shift,sandwich,True,0.01,,2,state_UT,True,,,
316,1.0,auto_s_shift,concentration,True,0.0,,2,state_CO,True,,,
316,1.0,auto_s_shift,concentration,True,0.0,,2,state_UT,True,,,
316,1.0,auto_s_shift,concentration,True,0.01,,2,state_CO,True,,,
316,1.0,auto_s_shift,concentration,True,0.01,,2,state_UT,True,,,
316,1.0,standard_joint_source,point,False,0.0,standard_c5:E2,4,state_CO,False,False,0.8196277068021506,0.014415725348986497
316,1.0,standard_joint_source,point,False,0.0,standard_c5:E2,4,state_UT,False,False,0.8374779828104539,0.015459294712185767
316,1.0,standard_joint_source,point,False,0.01,standard_c5:E2,4,state_CO,False,False,0.8196277068021506,0.014415725348986497
316,1.0,standard_joint_source,point,False,0.01,standard_c5:E2,4,state_UT,False,False,0.8374779828104539,0.015459294712185767
316,1.0,standard_joint_source,sandwich,True,0.0,standard_c5:E2,4,state_CO,False,False,0.8196277068021506,0.014415725348986497
316,1.0,standard_joint_source,sandwich,True,0.0,standard_c5:E2,4,state_UT,False,False,0.8374779828104539,0.015459294712185767
316,1.0,standard_joint_source,sandwich,True,0.01,standard_c5:E2,4,state_CO,False,False,0.8196277068021506,0.014415725348986497
316,1.0,standard_joint_source,sandwich,True,0.01,standard_c5:E2,4,state_UT,False,False,0.8374779828104539,0.015459294712185767
316,1.0,standard_joint_source,concentration,True,0.0,,4,state_CO,True,,,
316,1.0,standard_joint_source,concentration,True,0.0,,4,state_UT,True,,,
316,1.0,standard_joint_source,concentration,True,0.01,,4,state_CO,True,,,
316,1.0,standard_joint_source,concentration,True,0.01,,4,state_UT,True,,,
316,1.0,standard_joint_shift,point,False,0.0,standard_c5:E2,4,state_CO,False,False,0.8196277068021506,0.014415725348986497
316,1.0,standard_joint_shift,point,False,0.0,standard_c5:E2,4,state_UT,False,False,0.8374779828104539,0.015459294712185767
316,1.0,standard_joint_shift,point,False,0.01,standard_c5:E2,4,state_CO,False,False,0.8196277068021506,0.014415725348986497
316,1.0,standard_joint_shift,point,False,0.01,standard_c5:E2,4,state_UT,False,False,0.8374779828104539,0.015459294712185767
316,1.0,standard_joint_shift,sandwich,True,0.0,standard_c5:E2,4,state_CO,False,False,0.8196277068021506,0.014415725348986497
316,1.0,standard_joint_shift,sandwich,True,0.0,standard_c5:E2,4,state_UT,False,False,0.8374779828104539,0.015459294712185767
316,1.0,standard_joint_shift,sandwich,True,0.01,standard_c5:E8,4,state_CO,False,False,0.8314198687910029,0.00262356336013414
316,1.0,standard_joint_shift,sandwich,True,0.01,standard_c5:E8,4,state_UT,False,False,0.8501926215902174,0.0027446559324223463
316,1.0,standard_joint_shift,concentration,True,0.0,,4,state_CO,True,,,
316,1.0,standard_joint_shift,concentration,True,0.0,,4,state_UT,True,,,
316,1.0,standard_joint_shift,concentration,True,0.01,,4,state_CO,True,,,
316,1.0,standard_joint_shift,concentration,True,0.01,,4,state_UT,True,,,
316,1.0,combined_source,point,False,0.0,standard_c5:E2,6,state_CO,False,False,0.8196277068021506,0.014415725348986497
316,1.0,combined_source,point,False,0.0,standard_c5:E2,6,state_UT,False,False,0.8374779828104539,0.015459294712185767
316,1.0,combined_source,point,False,0.01,standard_c5:E2,6,state_CO,False,False,0.8196277068021506,0.014415725348986497
316,1.0,combined_source,point,False,0.01,standard_c5:E2,6,state_UT,False,False,0.8374779828104539,0.015459294712185767
316,1.0,combined_source,sandwich,True,0.0,standard_c5:E2,6,state_CO,False,False,0.8196277068021506,0.014415725348986497
316,1.0,combined_source,sandwich,True,0.0,standard_c5:E2,6,state_UT,False,False,0.8374779828104539,0.015459294712185767
316,1.0,combined_source,sandwich,True,0.01,standard_c5:E2,6,state_CO,False,False,0.8196277068021506,0.014415725348986497
316,1.0,combined_source,sandwich,True,0.01,standard_c5:E2,6,state_UT,False,False,0.8374779828104539,0.015459294712185767
316,1.0,combined_source,concentration,True,0.0,,6,state_CO,True,,,
316,1.0,combined_source,concentration,True,0.0,,6,state_UT,True,,,
316,1.0,combined_source,concentration,True,0.01,,6,state_CO,True,,,
316,1.0,combined_source,concentration,True,0.01,,6,state_UT,True,,,
316,1.0,combined_shift,point,False,0.0,standard_c5:E2,6,state_CO,False,False,0.8196277068021506,0.014415725348986497
316,1.0,combined_shift,point,False,0.0,standard_c5:E2,6,state_UT,False,False,0.8374779828104539,0.015459294712185767
316,1.0,combined_shift,point,False,0.01,standard_c5:E2,6,state_CO,False,False,0.8196277068021506,0.014415725348986497
316,1.0,combined_shift,point,False,0.01,standard_c5:E2,6,state_UT,False,False,0.8374779828104539,0.015459294712185767
316,1.0,combined_shift,sandwich,True,0.0,standard_c5:E2,6,state_CO,False,False,0.8196277068021506,0.014415725348986497
316,1.0,combined_shift,sandwich,True,0.0,standard_c5:E2,6,state_UT,False,False,0.8374779828104539,0.015459294712185767
316,1.0,combined_shift,sandwich,True,0.01,standard_c5:E8,6,state_CO,False,False,0.8314198687910029,0.00262356336013414
316,1.0,combined_shift,sandwich,True,0.01,standard_c5:E8,6,state_UT,False,False,0.8501926215902174,0.0027446559324223463
316,1.0,combined_shift,concentration,True,0.0,,6,state_CO,True,,,
316,1.0,combined_shift,concentration,True,0.0,,6,state_UT,True,,,
316,1.0,combined_shift,concentration,True,0.01,,6,state_CO,True,,,
316,1.0,combined_shift,concentration,True,0.01,,6,state_UT,True,,,
317,1.0,standard_c1_source,point,False,0.0,standard_c1:E2,2,state_CO,False,False,0.8250522976940828,0.015590840858928812
317,1.0,standard_c1_source,point,False,0.0,standard_c1:E2,2,state_UT,False,False,0.8604697367405678,0.008451091932907384
317,1.0,standard_c1_source,point,False,0.01,,2,state_CO,True,,,
317,1.0,standard_c1_source,point,False,0.01,,2,state_UT,True,,,
317,1.0,standard_c1_source,sandwich,True,0.0,,2,state_CO,True,,,
317,1.0,standard_c1_source,sandwich,True,0.0,,2,state_UT,True,,,
317,1.0,standard_c1_source,sandwich,True,0.01,,2,state_CO,True,,,
317,1.0,standard_c1_source,sandwich,True,0.01,,2,state_UT,True,,,
317,1.0,standard_c1_source,concentration,True,0.0,,2,state_CO,True,,,
317,1.0,standard_c1_source,concentration,True,0.0,,2,state_UT,True,,,
317,1.0,standard_c1_source,concentration,True,0.01,,2,state_CO,True,,,
317,1.0,standard_c1_source,concentration,True,0.01,,2,state_UT,True,,,
317,1.0,standard_c1_shift,point,False,0.0,standard_c1:E2,2,state_CO,False,False,0.8250522976940828,0.015590840858928812
317,1.0,standard_c1_shift,point,False,0.0,standard_c1:E2,2,state_UT,False,False,0.8604697367405678,0.008451091932907384
317,1.0,standard_c1_shift,point,False,0.01,,2,state_CO,True,,,
317,1.0,standard_c1_shift,point,False,0.01,,2,state_UT,True,,,
317,1.0,standard_c1_shift,sandwich,True,0.0,,2,state_CO,True,,,
317,1.0,standard_c1_shift,sandwich,True,0.0,,2,state_UT,True,,,
317,1.0,standard_c1_shift,sandwich,True,0.01,,2,state_CO,True,,,
317,1.0,standard_c1_shift,sandwich,True,0.01,,2,state_UT,True,,,
317,1.0,standard_c1_shift,concentration,True,0.0,,2,state_CO,True,,,
317,1.0,standard_c1_shift,concentration,True,0.0,,2,state_UT,True,,,
317,1.0,standard_c1_shift,concentration,True,0.01,,2,state_CO,True,,,
317,1.0,standard_c1_shift,concentration,True,0.01,,2,state_UT,True,,,
317,1.0,standard_c5_source,point,False,0.0,standard_c5:E2,2,state_CO,False,False,0.8238261694832872,0.016816969069724408
317,1.0,standard_c5_source,point,False,0.0,standard_c5:E2,2,state_UT,False,False,0.8600700735173012,0.00885075515617395
317,1.0,standard_c5_source,point,False,0.01,standard_c5:E2,2,state_CO,False,False,0.8238261694832872,0.016816969069724408
317,1.0,standard_c5_source,point,False,0.01,standard_c5:E2,2,state_UT,False,False,0.8600700735173012,0.00885075515617395
317,1.0,standard_c5_source,sandwich,True,0.0,standard_c5:E2,2,state_CO,False,False,0.8238261694832872,0.016816969069724408
317,1.0,standard_c5_source,sandwich,True,0.0,standard_c5:E2,2,state_UT,False,False,0.8600700735173012,0.00885075515617395
317,1.0,standard_c5_source,sandwich,True,0.01,standard_c5:E2,2,state_CO,False,False,0.8238261694832872,0.016816969069724408
317,1.0,standard_c5_source,sandwich,True,0.01,standard_c5:E2,2,state_UT,False,False,0.8600700735173012,0.00885075515617395
317,1.0,standard_c5_source,concentration,True,0.0,,2,state_CO,True,,,
317,1.0,standard_c5_source,concentration,True,0.0,,2,state_UT,True,,,
317,1.0,standard_c5_source,concentration,True,0.01,,2,state_CO,True,,,
317,1.0,standard_c5_source,concentration,True,0.01,,2,state_UT,True,,,
317,1.0,standard_c5_shift,point,False,0.0,standard_c5:E2,2,state_CO,False,False,0.8238261694832872,0.016816969069724408
317,1.0,standard_c5_shift,point,False,0.0,standard_c5:E2,2,state_UT,False,False,0.8600700735173012,0.00885075515617395
317,1.0,standard_c5_shift,point,False,0.01,standard_c5:E2,2,state_CO,False,False,0.8238261694832872,0.016816969069724408
317,1.0,standard_c5_shift,point,False,0.01,standard_c5:E2,2,state_UT,False,False,0.8600700735173012,0.00885075515617395
317,1.0,standard_c5_shift,sandwich,True,0.0,standard_c5:E2,2,state_CO,False,False,0.8238261694832872,0.016816969069724408
317,1.0,standard_c5_shift,sandwich,True,0.0,standard_c5:E2,2,state_UT,False,False,0.8600700735173012,0.00885075515617395
317,1.0,standard_c5_shift,sandwich,True,0.01,standard_c5:E2,2,state_CO,False,False,0.8238261694832872,0.016816969069724408
317,1.0,standard_c5_shift,sandwich,True,0.01,standard_c5:E2,2,state_UT,False,False,0.8600700735173012,0.00885075515617395
317,1.0,standard_c5_shift,concentration,True,0.0,,2,state_CO,True,,,
317,1.0,standard_c5_shift,concentration,True,0.0,,2,state_UT,True,,,
317,1.0,standard_c5_shift,concentration,True,0.01,,2,state_CO,True,,,
317,1.0,standard_c5_shift,concentration,True,0.01,,2,state_UT,True,,,
317,1.0,auto_s_source,point,False,0.0,,2,state_CO,True,,,
317,1.0,auto_s_source,point,False,0.0,,2,state_UT,True,,,
317,1.0,auto_s_source,point,False,0.01,,2,state_CO,True,,,
317,1.0,auto_s_source,point,False,0.01,,2,state_UT,True,,,
317,1.0,auto_s_source,sandwich,True,0.0,,2,state_CO,True,,,
317,1.0,auto_s_source,sandwich,True,0.0,,2,state_UT,True,,,
317,1.0,auto_s_source,sandwich,True,0.01,,2,state_CO,True,,,
317,1.0,auto_s_source,sandwich,True,0.01,,2,state_UT,True,,,
317,1.0,auto_s_source,concentration,True,0.0,,2,state_CO,True,,,
317,1.0,auto_s_source,concentration,True,0.0,,2,state_UT,True,,,
317,1.0,auto_s_source,concentration,True,0.01,,2,state_CO,True,,,
317,1.0,auto_s_source,concentration,True,0.01,,2,state_UT,True,,,
317,1.0,auto_s_shift,point,False,0.0,,2,state_CO,True,,,
317,1.0,auto_s_shift,point,False,0.0,,2,state_UT,True,,,
317,1.0,auto_s_shift,point,False,0.01,,2,state_CO,True,,,
317,1.0,auto_s_shift,point,False,0.01,,2,state_UT,True,,,
317,1.0,auto_s_shift,sandwich,True,0.0,,2,state_CO,True,,,
317,1.0,auto_s_shift,sandwich,True,0.0,,2,state_UT,True,,,
317,1.0,auto_s_shift,sandwich,True,0.01,,2,state_CO,True,,,
317,1.0,auto_s_shift,sandwich,True,0.01,,2,state_UT,True,,,
317,1.0,auto_s_shift,concentration,True,0.0,,2,state_CO,True,,,
317,1.0,auto_s_shift,concentration,True,0.0,,2,state_UT,True,,,
317,1.0,auto_s_shift,concentration,True,0.01,,2,state_CO,True,,,
317,1.0,auto_s_shift,concentration,True,0.01,,2,state_UT,True,,,
317,1.0,standard_joint_source,point,False,0.0,standard_c5:E2,4,state_CO,False,False,0.8238261694832872,0.016816969069724408
317,1.0,standard_joint_source,point,False,0.0,standard_c5:E2,4,state_UT,False,False,0.8600700735173012,0.00885075515617395
317,1.0,standard_joint_source,point,False,0.01,standard_c5:E2,4,state_CO,False,False,0.8238261694832872,0.016816969069724408
317,1.0,standard_joint_source,point,False,0.01,standard_c5:E2,4,state_UT,False,False,0.8600700735173012,0.00885075515617395
317,1.0,standard_joint_source,sandwich,True,0.0,standard_c5:E2,4,state_CO,False,False,0.8238261694832872,0.016816969069724408
317,1.0,standard_joint_source,sandwich,True,0.0,standard_c5:E2,4,state_UT,False,False,0.8600700735173012,0.00885075515617395
317,1.0,standard_joint_source,sandwich,True,0.01,standard_c5:E2,4,state_CO,False,False,0.8238261694832872,0.016816969069724408
317,1.0,standard_joint_source,sandwich,True,0.01,standard_c5:E2,4,state_UT,False,False,0.8600700735173012,0.00885075515617395
317,1.0,standard_joint_source,concentration,True,0.0,,4,state_CO,True,,,
317,1.0,standard_joint_source,concentration,True,0.0,,4,state_UT,True,,,
317,1.0,standard_joint_source,concentration,True,0.01,,4,state_CO,True,,,
317,1.0,standard_joint_source,concentration,True,0.01,,4,state_UT,True,,,
317,1.0,standard_joint_shift,point,False,0.0,standard_c5:E2,4,state_CO,False,False,0.8238261694832872,0.016816969069724408
317,1.0,standard_joint_shift,point,False,0.0,standard_c5:E2,4,state_UT,False,False,0.8600700735173012,0.00885075515617395
317,1.0,standard_joint_shift,point,False,0.01,standard_c5:E2,4,state_CO,False,False,0.8238261694832872,0.016816969069724408
317,1.0,standard_joint_shift,point,False,0.01,standard_c5:E2,4,state_UT,False,False,0.8600700735173012,0.00885075515617395
317,1.0,standard_joint_shift,sandwich,True,0.0,standard_c5:E2,4,state_CO,False,False,0.8238261694832872,0.016816969069724408
317,1.0,standard_joint_shift,sandwich,True,0.0,standard_c5:E2,4,state_UT,False,False,0.8600700735173012,0.00885075515617395
317,1.0,standard_joint_shift,sandwich,True,0.01,standard_c5:E2,4,state_CO,False,False,0.8238261694832872,0.016816969069724408
317,1.0,standard_joint_shift,sandwich,True,0.01,standard_c5:E2,4,state_UT,False,False,0.8600700735173012,0.00885075515617395
317,1.0,standard_joint_shift,concentration,True,0.0,,4,state_CO,True,,,
317,1.0,standard_joint_shift,concentration,True,0.0,,4,state_UT,True,,,
317,1.0,standard_joint_shift,concentration,True,0.01,,4,state_CO,True,,,
317,1.0,standard_joint_shift,concentration,True,0.01,,4,state_UT,True,,,
317,1.0,combined_source,point,False,0.0,standard_c5:E2,6,state_CO,False,False,0.8238261694832872,0.016816969069724408
317,1.0,combined_source,point,False,0.0,standard_c5:E2,6,state_UT,False,False,0.8600700735173012,0.00885075515617395
317,1.0,combined_source,point,False,0.01,standard_c5:E2,6,state_CO,False,False,0.8238261694832872,0.016816969069724408
317,1.0,combined_source,point,False,0.01,standard_c5:E2,6,state_UT,False,False,0.8600700735173012,0.00885075515617395
317,1.0,combined_source,sandwich,True,0.0,standard_c5:E2,6,state_CO,False,False,0.8238261694832872,0.016816969069724408
317,1.0,combined_source,sandwich,True,0.0,standard_c5:E2,6,state_UT,False,False,0.8600700735173012,0.00885075515617395
317,1.0,combined_source,sandwich,True,0.01,standard_c5:E2,6,state_CO,False,False,0.8238261694832872,0.016816969069724408
317,1.0,combined_source,sandwich,True,0.01,standard_c5:E2,6,state_UT,False,False,0.8600700735173012,0.00885075515617395
317,1.0,combined_source,concentration,True,0.0,,6,state_CO,True,,,
317,1.0,combined_source,concentration,True,0.0,,6,state_UT,True,,,
317,1.0,combined_source,concentration,True,0.01,,6,state_CO,True,,,
317,1.0,combined_source,concentration,True,0.01,,6,state_UT,True,,,
317,1.0,combined_shift,point,False,0.0,standard_c5:E2,6,state_CO,False,False,0.8238261694832872,0.016816969069724408
317,1.0,combined_shift,point,False,0.0,standard_c5:E2,6,state_UT,False,False,0.8600700735173012,0.00885075515617395
317,1.0,combined_shift,point,False,0.01,standard_c5:E2,6,state_CO,False,False,0.8238261694832872,0.016816969069724408
317,1.0,combined_shift,point,False,0.01,standard_c5:E2,6,state_UT,False,False,0.8600700735173012,0.00885075515617395
317,1.0,combined_shift,sandwich,True,0.0,standard_c5:E2,6,state_CO,False,False,0.8238261694832872,0.016816969069724408
317,1.0,combined_shift,sandwich,True,0.0,standard_c5:E2,6,state_UT,False,False,0.8600700735173012,0.00885075515617395
317,1.0,combined_shift,sandwich,True,0.01,standard_c5:E2,6,state_CO,False,False,0.8238261694832872,0.016816969069724408
317,1.0,combined_shift,sandwich,True,0.01,standard_c5:E2,6,state_UT,False,False,0.8600700735173012,0.00885075515617395
317,1.0,combined_shift,concentration,True,0.0,,6,state_CO,True,,,
317,1.0,combined_shift,concentration,True,0.0,,6,state_UT,True,,,
317,1.0,combined_shift,concentration,True,0.01,,6,state_CO,True,,,
317,1.0,combined_shift,concentration,True,0.01,,6,state_UT,True,,,
318,1.0,standard_c1_source,point,False,0.0,,2,state_CO,True,,,
318,1.0,standard_c1_source,point,False,0.0,,2,state_UT,True,,,
318,1.0,standard_c1_source,point,False,0.01,,2,state_CO,True,,,
318,1.0,standard_c1_source,point,False,0.01,,2,state_UT,True,,,
318,1.0,standard_c1_source,sandwich,True,0.0,,2,state_CO,True,,,
318,1.0,standard_c1_source,sandwich,True,0.0,,2,state_UT,True,,,
318,1.0,standard_c1_source,sandwich,True,0.01,,2,state_CO,True,,,
318,1.0,standard_c1_source,sandwich,True,0.01,,2,state_UT,True,,,
318,1.0,standard_c1_source,concentration,True,0.0,,2,state_CO,True,,,
318,1.0,standard_c1_source,concentration,True,0.0,,2,state_UT,True,,,
318,1.0,standard_c1_source,concentration,True,0.01,,2,state_CO,True,,,
318,1.0,standard_c1_source,concentration,True,0.01,,2,state_UT,True,,,
318,1.0,standard_c1_shift,point,False,0.0,,2,state_CO,True,,,
318,1.0,standard_c1_shift,point,False,0.0,,2,state_UT,True,,,
318,1.0,standard_c1_shift,point,False,0.01,,2,state_CO,True,,,
318,1.0,standard_c1_shift,point,False,0.01,,2,state_UT,True,,,
318,1.0,standard_c1_shift,sandwich,True,0.0,,2,state_CO,True,,,
318,1.0,standard_c1_shift,sandwich,True,0.0,,2,state_UT,True,,,
318,1.0,standard_c1_shift,sandwich,True,0.01,,2,state_CO,True,,,
318,1.0,standard_c1_shift,sandwich,True,0.01,,2,state_UT,True,,,
318,1.0,standard_c1_shift,concentration,True,0.0,,2,state_CO,True,,,
318,1.0,standard_c1_shift,concentration,True,0.0,,2,state_UT,True,,,
318,1.0,standard_c1_shift,concentration,True,0.01,,2,state_CO,True,,,
318,1.0,standard_c1_shift,concentration,True,0.01,,2,state_UT,True,,,
318,1.0,standard_c5_source,point,False,0.0,standard_c5:E2,2,state_CO,False,False,0.8229276671477076,0.012314928958805593
318,1.0,standard_c5_source,point,False,0.0,standard_c5:E2,2,state_UT,False,False,0.865420540446607,0.008210393696466367
318,1.0,standard_c5_source,point,False,0.01,standard_c5:E2,2,state_CO,False,False,0.8229276671477076,0.012314928958805593
318,1.0,standard_c5_source,point,False,0.01,standard_c5:E2,2,state_UT,False,False,0.865420540446607,0.008210393696466367
318,1.0,standard_c5_source,sandwich,True,0.0,standard_c5:E2,2,state_CO,False,False,0.8229276671477076,0.012314928958805593
318,1.0,standard_c5_source,sandwich,True,0.0,standard_c5:E2,2,state_UT,False,False,0.865420540446607,0.008210393696466367
318,1.0,standard_c5_source,sandwich,True,0.01,standard_c5:E2,2,state_CO,False,False,0.8229276671477076,0.012314928958805593
318,1.0,standard_c5_source,sandwich,True,0.01,standard_c5:E2,2,state_UT,False,False,0.865420540446607,0.008210393696466367
318,1.0,standard_c5_source,concentration,True,0.0,,2,state_CO,True,,,
318,1.0,standard_c5_source,concentration,True,0.0,,2,state_UT,True,,,
318,1.0,standard_c5_source,concentration,True,0.01,,2,state_CO,True,,,
318,1.0,standard_c5_source,concentration,True,0.01,,2,state_UT,True,,,
318,1.0,standard_c5_shift,point,False,0.0,standard_c5:E2,2,state_CO,False,False,0.8229276671477076,0.012314928958805593
318,1.0,standard_c5_shift,point,False,0.0,standard_c5:E2,2,state_UT,False,False,0.865420540446607,0.008210393696466367
318,1.0,standard_c5_shift,point,False,0.01,standard_c5:E2,2,state_CO,False,False,0.8229276671477076,0.012314928958805593
318,1.0,standard_c5_shift,point,False,0.01,standard_c5:E2,2,state_UT,False,False,0.865420540446607,0.008210393696466367
318,1.0,standard_c5_shift,sandwich,True,0.0,standard_c5:E2,2,state_CO,False,False,0.8229276671477076,0.012314928958805593
318,1.0,standard_c5_shift,sandwich,True,0.0,standard_c5:E2,2,state_UT,False,False,0.865420540446607,0.008210393696466367
318,1.0,standard_c5_shift,sandwich,True,0.01,standard_c5:E2,2,state_CO,False,False,0.8229276671477076,0.012314928958805593
318,1.0,standard_c5_shift,sandwich,True,0.01,standard_c5:E2,2,state_UT,False,False,0.865420540446607,0.008210393696466367
318,1.0,standard_c5_shift,concentration,True,0.0,,2,state_CO,True,,,
318,1.0,standard_c5_shift,concentration,True,0.0,,2,state_UT,True,,,
318,1.0,standard_c5_shift,concentration,True,0.01,,2,state_CO,True,,,
318,1.0,standard_c5_shift,concentration,True,0.01,,2,state_UT,True,,,
318,1.0,auto_s_source,point,False,0.0,,2,state_CO,True,,,
318,1.0,auto_s_source,point,False,0.0,,2,state_UT,True,,,
318,1.0,auto_s_source,point,False,0.01,,2,state_CO,True,,,
318,1.0,auto_s_source,point,False,0.01,,2,state_UT,True,,,
318,1.0,auto_s_source,sandwich,True,0.0,,2,state_CO,True,,,
318,1.0,auto_s_source,sandwich,True,0.0,,2,state_UT,True,,,
318,1.0,auto_s_source,sandwich,True,0.01,,2,state_CO,True,,,
318,1.0,auto_s_source,sandwich,True,0.01,,2,state_UT,True,,,
318,1.0,auto_s_source,concentration,True,0.0,,2,state_CO,True,,,
318,1.0,auto_s_source,concentration,True,0.0,,2,state_UT,True,,,
318,1.0,auto_s_source,concentration,True,0.01,,2,state_CO,True,,,
318,1.0,auto_s_source,concentration,True,0.01,,2,state_UT,True,,,
318,1.0,auto_s_shift,point,False,0.0,,2,state_CO,True,,,
318,1.0,auto_s_shift,point,False,0.0,,2,state_UT,True,,,
318,1.0,auto_s_shift,point,False,0.01,,2,state_CO,True,,,
318,1.0,auto_s_shift,point,False,0.01,,2,state_UT,True,,,
318,1.0,auto_s_shift,sandwich,True,0.0,,2,state_CO,True,,,
318,1.0,auto_s_shift,sandwich,True,0.0,,2,state_UT,True,,,
318,1.0,auto_s_shift,sandwich,True,0.01,,2,state_CO,True,,,
318,1.0,auto_s_shift,sandwich,True,0.01,,2,state_UT,True,,,
318,1.0,auto_s_shift,concentration,True,0.0,,2,state_CO,True,,,
318,1.0,auto_s_shift,concentration,True,0.0,,2,state_UT,True,,,
318,1.0,auto_s_shift,concentration,True,0.01,,2,state_CO,True,,,
318,1.0,auto_s_shift,concentration,True,0.01,,2,state_UT,True,,,
318,1.0,standard_joint_source,point,False,0.0,standard_c5:E2,4,state_CO,False,False,0.8229276671477076,0.012314928958805593
318,1.0,standard_joint_source,point,False,0.0,standard_c5:E2,4,state_UT,False,False,0.865420540446607,0.008210393696466367
318,1.0,standard_joint_source,point,False,0.01,standard_c5:E2,4,state_CO,False,False,0.8229276671477076,0.012314928958805593
318,1.0,standard_joint_source,point,False,0.01,standard_c5:E2,4,state_UT,False,False,0.865420540446607,0.008210393696466367
318,1.0,standard_joint_source,sandwich,True,0.0,standard_c5:E2,4,state_CO,False,False,0.8229276671477076,0.012314928958805593
318,1.0,standard_joint_source,sandwich,True,0.0,standard_c5:E2,4,state_UT,False,False,0.865420540446607,0.008210393696466367
318,1.0,standard_joint_source,sandwich,True,0.01,standard_c5:E2,4,state_CO,False,False,0.8229276671477076,0.012314928958805593
318,1.0,standard_joint_source,sandwich,True,0.01,standard_c5:E2,4,state_UT,False,False,0.865420540446607,0.008210393696466367
318,1.0,standard_joint_source,concentration,True,0.0,,4,state_CO,True,,,
318,1.0,standard_joint_source,concentration,True,0.0,,4,state_UT,True,,,
318,1.0,standard_joint_source,concentration,True,0.01,,4,state_CO,True,,,
318,1.0,standard_joint_source,concentration,True,0.01,,4,state_UT,True,,,
318,1.0,standard_joint_shift,point,False,0.0,standard_c5:E2,4,state_CO,False,False,0.8229276671477076,0.012314928958805593
318,1.0,standard_joint_shift,point,False,0.0,standard_c5:E2,4,state_UT,False,False,0.865420540446607,0.008210393696466367
318,1.0,standard_joint_shift,point,False,0.01,standard_c5:E2,4,state_CO,False,False,0.8229276671477076,0.012314928958805593
318,1.0,standard_joint_shift,point,False,0.01,standard_c5:E2,4,state_UT,False,False,0.865420540446607,0.008210393696466367
318,1.0,standard_joint_shift,sandwich,True,0.0,standard_c5:E2,4,state_CO,False,False,0.8229276671477076,0.012314928958805593
318,1.0,standard_joint_shift,sandwich,True,0.0,standard_c5:E2,4,state_UT,False,False,0.865420540446607,0.008210393696466367
318,1.0,standard_joint_shift,sandwich,True,0.01,standard_c5:E2,4,state_CO,False,False,0.8229276671477076,0.012314928958805593
318,1.0,standard_joint_shift,sandwich,True,0.01,standard_c5:E2,4,state_UT,False,False,0.865420540446607,0.008210393696466367
318,1.0,standard_joint_shift,concentration,True,0.0,,4,state_CO,True,,,
318,1.0,standard_joint_shift,concentration,True,0.0,,4,state_UT,True,,,
318,1.0,standard_joint_shift,concentration,True,0.01,,4,state_CO,True,,,
318,1.0,standard_joint_shift,concentration,True,0.01,,4,state_UT,True,,,
318,1.0,combined_source,point,False,0.0,standard_c5:E2,6,state_CO,False,False,0.8229276671477076,0.012314928958805593
318,1.0,combined_source,point,False,0.0,standard_c5:E2,6,state_UT,False,False,0.865420540446607,0.008210393696466367
318,1.0,combined_source,point,False,0.01,standard_c5:E2,6,state_CO,False,False,0.8229276671477076,0.012314928958805593
318,1.0,combined_source,point,False,0.01,standard_c5:E2,6,state_UT,False,False,0.865420540446607,0.008210393696466367
318,1.0,combined_source,sandwich,True,0.0,standard_c5:E2,6,state_CO,False,False,0.8229276671477076,0.012314928958805593
318,1.0,combined_source,sandwich,True,0.0,standard_c5:E2,6,state_UT,False,False,0.865420540446607,0.008210393696466367
318,1.0,combined_source,sandwich,True,0.01,standard_c5:E2,6,state_CO,False,False,0.8229276671477076,0.012314928958805593
318,1.0,combined_source,sandwich,True,0.01,standard_c5:E2,6,state_UT,False,False,0.865420540446607,0.008210393696466367
318,1.0,combined_source,concentration,True,0.0,,6,state_CO,True,,,
318,1.0,combined_source,concentration,True,0.0,,6,state_UT,True,,,
318,1.0,combined_source,concentration,True,0.01,,6,state_CO,True,,,
318,1.0,combined_source,concentration,True,0.01,,6,state_UT,True,,,
318,1.0,combined_shift,point,False,0.0,standard_c5:E2,6,state_CO,False,False,0.8229276671477076,0.012314928958805593
318,1.0,combined_shift,point,False,0.0,standard_c5:E2,6,state_UT,False,False,0.865420540446607,0.008210393696466367
318,1.0,combined_shift,point,False,0.01,standard_c5:E2,6,state_CO,False,False,0.8229276671477076,0.012314928958805593
318,1.0,combined_shift,point,False,0.01,standard_c5:E2,6,state_UT,False,False,0.865420540446607,0.008210393696466367
318,1.0,combined_shift,sandwich,True,0.0,standard_c5:E2,6,state_CO,False,False,0.8229276671477076,0.012314928958805593
318,1.0,combined_shift,sandwich,True,0.0,standard_c5:E2,6,state_UT,False,False,0.865420540446607,0.008210393696466367
318,1.0,combined_shift,sandwich,True,0.01,standard_c5:E2,6,state_CO,False,False,0.8229276671477076,0.012314928958805593
318,1.0,combined_shift,sandwich,True,0.01,standard_c5:E2,6,state_UT,False,False,0.865420540446607,0.008210393696466367
318,1.0,combined_shift,concentration,True,0.0,,6,state_CO,True,,,
318,1.0,combined_shift,concentration,True,0.0,,6,state_UT,True,,,
318,1.0,combined_shift,concentration,True,0.01,,6,state_CO,True,,,
318,1.0,combined_shift,concentration,True,0.01,,6,state_UT,True,,,
319,1.0,standard_c1_source,point,False,0.0,standard_c1:E2,2,state_CO,False,False,0.8116555599926787,0.01864423700893547
319,1.0,standard_c1_source,point,False,0.0,standard_c1:E2,2,state_UT,False,False,0.8552959521392295,0.011839011667683641
319,1.0,standard_c1_source,point,False,0.01,,2,state_CO,True,,,
319,1.0,standard_c1_source,point,False,0.01,,2,state_UT,True,,,
319,1.0,standard_c1_source,sandwich,True,0.0,,2,state_CO,True,,,
319,1.0,standard_c1_source,sandwich,True,0.0,,2,state_UT,True,,,
319,1.0,standard_c1_source,sandwich,True,0.01,,2,state_CO,True,,,
319,1.0,standard_c1_source,sandwich,True,0.01,,2,state_UT,True,,,
319,1.0,standard_c1_source,concentration,True,0.0,,2,state_CO,True,,,
319,1.0,standard_c1_source,concentration,True,0.0,,2,state_UT,True,,,
319,1.0,standard_c1_source,concentration,True,0.01,,2,state_CO,True,,,
319,1.0,standard_c1_source,concentration,True,0.01,,2,state_UT,True,,,
319,1.0,standard_c1_shift,point,False,0.0,standard_c1:E2,2,state_CO,False,False,0.8116555599926787,0.01864423700893547
319,1.0,standard_c1_shift,point,False,0.0,standard_c1:E2,2,state_UT,False,False,0.8552959521392295,0.011839011667683641
319,1.0,standard_c1_shift,point,False,0.01,,2,state_CO,True,,,
319,1.0,standard_c1_shift,point,False,0.01,,2,state_UT,True,,,
319,1.0,standard_c1_shift,sandwich,True,0.0,,2,state_CO,True,,,
319,1.0,standard_c1_shift,sandwich,True,0.0,,2,state_UT,True,,,
319,1.0,standard_c1_shift,sandwich,True,0.01,,2,state_CO,True,,,
319,1.0,standard_c1_shift,sandwich,True,0.01,,2,state_UT,True,,,
319,1.0,standard_c1_shift,concentration,True,0.0,,2,state_CO,True,,,
319,1.0,standard_c1_shift,concentration,True,0.0,,2,state_UT,True,,,
319,1.0,standard_c1_shift,concentration,True,0.01,,2,state_CO,True,,,
319,1.0,standard_c1_shift,concentration,True,0.01,,2,state_UT,True,,,
319,1.0,standard_c5_source,point,False,0.0,standard_c5:E2,2,state_CO,False,False,0.8216021689212799,0.008697628080334252
319,1.0,standard_c5_source,point,False,0.0,standard_c5:E2,2,state_UT,False,False,0.8600827237482911,0.007052240058622039
319,1.0,standard_c5_source,point,False,0.01,standard_c5:E2,2,state_CO,False,False,0.8216021689212799,0.008697628080334252
319,1.0,standard_c5_source,point,False,0.01,standard_c5:E2,2,state_UT,False,False,0.8600827237482911,0.007052240058622039
319,1.0,standard_c5_source,sandwich,True,0.0,standard_c5:E2,2,state_CO,False,False,0.8216021689212799,0.008697628080334252
319,1.0,standard_c5_source,sandwich,True,0.0,standard_c5:E2,2,state_UT,False,False,0.8600827237482911,0.007052240058622039
319,1.0,standard_c5_source,sandwich,True,0.01,standard_c5:E2,2,state_CO,False,False,0.8216021689212799,0.008697628080334252
319,1.0,standard_c5_source,sandwich,True,0.01,standard_c5:E2,2,state_UT,False,False,0.8600827237482911,0.007052240058622039
319,1.0,standard_c5_source,concentration,True,0.0,,2,state_CO,True,,,
319,1.0,standard_c5_source,concentration,True,0.0,,2,state_UT,True,,,
319,1.0,standard_c5_source,concentration,True,0.01,,2,state_CO,True,,,
319,1.0,standard_c5_source,concentration,True,0.01,,2,state_UT,True,,,
319,1.0,standard_c5_shift,point,False,0.0,standard_c5:E2,2,state_CO,False,False,0.8216021689212799,0.008697628080334252
319,1.0,standard_c5_shift,point,False,0.0,standard_c5:E2,2,state_UT,False,False,0.8600827237482911,0.007052240058622039
319,1.0,standard_c5_shift,point,False,0.01,standard_c5:E2,2,state_CO,False,False,0.8216021689212799,0.008697628080334252
319,1.0,standard_c5_shift,point,False,0.01,standard_c5:E2,2,state_UT,False,False,0.8600827237482911,0.007052240058622039
319,1.0,standard_c5_shift,sandwich,True,0.0,standard_c5:E2,2,state_CO,False,False,0.8216021689212799,0.008697628080334252
319,1.0,standard_c5_shift,sandwich,True,0.0,standard_c5:E2,2,state_UT,False,False,0.8600827237482911,0.007052240058622039
319,1.0,standard_c5_shift,sandwich,True,0.01,standard_c5:E8,2,state_CO,False,False,0.8300252500041597,0.000274546997454439
319,1.0,standard_c5_shift,sandwich,True,0.01,standard_c5:E8,2,state_UT,False,False,0.8681501992848203,-0.0010152354779071615
319,1.0,standard_c5_shift,concentration,True,0.0,,2,state_CO,True,,,
319,1.0,standard_c5_shift,concentration,True,0.0,,2,state_UT,True,,,
319,1.0,standard_c5_shift,concentration,True,0.01,,2,state_CO,True,,,
319,1.0,standard_c5_shift,concentration,True,0.01,,2,state_UT,True,,,
319,1.0,auto_s_source,point,False,0.0,,2,state_CO,True,,,
319,1.0,auto_s_source,point,False,0.0,,2,state_UT,True,,,
319,1.0,auto_s_source,point,False,0.01,,2,state_CO,True,,,
319,1.0,auto_s_source,point,False,0.01,,2,state_UT,True,,,
319,1.0,auto_s_source,sandwich,True,0.0,,2,state_CO,True,,,
319,1.0,auto_s_source,sandwich,True,0.0,,2,state_UT,True,,,
319,1.0,auto_s_source,sandwich,True,0.01,,2,state_CO,True,,,
319,1.0,auto_s_source,sandwich,True,0.01,,2,state_UT,True,,,
319,1.0,auto_s_source,concentration,True,0.0,,2,state_CO,True,,,
319,1.0,auto_s_source,concentration,True,0.0,,2,state_UT,True,,,
319,1.0,auto_s_source,concentration,True,0.01,,2,state_CO,True,,,
319,1.0,auto_s_source,concentration,True,0.01,,2,state_UT,True,,,
319,1.0,auto_s_shift,point,False,0.0,,2,state_CO,True,,,
319,1.0,auto_s_shift,point,False,0.0,,2,state_UT,True,,,
319,1.0,auto_s_shift,point,False,0.01,,2,state_CO,True,,,
319,1.0,auto_s_shift,point,False,0.01,,2,state_UT,True,,,
319,1.0,auto_s_shift,sandwich,True,0.0,,2,state_CO,True,,,
319,1.0,auto_s_shift,sandwich,True,0.0,,2,state_UT,True,,,
319,1.0,auto_s_shift,sandwich,True,0.01,,2,state_CO,True,,,
319,1.0,auto_s_shift,sandwich,True,0.01,,2,state_UT,True,,,
319,1.0,auto_s_shift,concentration,True,0.0,,2,state_CO,True,,,
319,1.0,auto_s_shift,concentration,True,0.0,,2,state_UT,True,,,
319,1.0,auto_s_shift,concentration,True,0.01,,2,state_CO,True,,,
319,1.0,auto_s_shift,concentration,True,0.01,,2,state_UT,True,,,
319,1.0,standard_joint_source,point,False,0.0,standard_c5:E2,4,state_CO,False,False,0.8216021689212799,0.008697628080334252
319,1.0,standard_joint_source,point,False,0.0,standard_c5:E2,4,state_UT,False,False,0.8600827237482911,0.007052240058622039
319,1.0,standard_joint_source,point,False,0.01,standard_c5:E2,4,state_CO,False,False,0.8216021689212799,0.008697628080334252
319,1.0,standard_joint_source,point,False,0.01,standard_c5:E2,4,state_UT,False,False,0.8600827237482911,0.007052240058622039
319,1.0,standard_joint_source,sandwich,True,0.0,standard_c5:E2,4,state_CO,False,False,0.8216021689212799,0.008697628080334252
319,1.0,standard_joint_source,sandwich,True,0.0,standard_c5:E2,4,state_UT,False,False,0.8600827237482911,0.007052240058622039
319,1.0,standard_joint_source,sandwich,True,0.01,standard_c5:E2,4,state_CO,False,False,0.8216021689212799,0.008697628080334252
319,1.0,standard_joint_source,sandwich,True,0.01,standard_c5:E2,4,state_UT,False,False,0.8600827237482911,0.007052240058622039
319,1.0,standard_joint_source,concentration,True,0.0,,4,state_CO,True,,,
319,1.0,standard_joint_source,concentration,True,0.0,,4,state_UT,True,,,
319,1.0,standard_joint_source,concentration,True,0.01,,4,state_CO,True,,,
319,1.0,standard_joint_source,concentration,True,0.01,,4,state_UT,True,,,
319,1.0,standard_joint_shift,point,False,0.0,standard_c5:E2,4,state_CO,False,False,0.8216021689212799,0.008697628080334252
319,1.0,standard_joint_shift,point,False,0.0,standard_c5:E2,4,state_UT,False,False,0.8600827237482911,0.007052240058622039
319,1.0,standard_joint_shift,point,False,0.01,standard_c5:E2,4,state_CO,False,False,0.8216021689212799,0.008697628080334252
319,1.0,standard_joint_shift,point,False,0.01,standard_c5:E2,4,state_UT,False,False,0.8600827237482911,0.007052240058622039
319,1.0,standard_joint_shift,sandwich,True,0.0,standard_c5:E2,4,state_CO,False,False,0.8216021689212799,0.008697628080334252
319,1.0,standard_joint_shift,sandwich,True,0.0,standard_c5:E2,4,state_UT,False,False,0.8600827237482911,0.007052240058622039
319,1.0,standard_joint_shift,sandwich,True,0.01,standard_c5:E8,4,state_CO,False,False,0.8300252500041597,0.000274546997454439
319,1.0,standard_joint_shift,sandwich,True,0.01,standard_c5:E8,4,state_UT,False,False,0.8681501992848203,-0.0010152354779071615
319,1.0,standard_joint_shift,concentration,True,0.0,,4,state_CO,True,,,
319,1.0,standard_joint_shift,concentration,True,0.0,,4,state_UT,True,,,
319,1.0,standard_joint_shift,concentration,True,0.01,,4,state_CO,True,,,
319,1.0,standard_joint_shift,concentration,True,0.01,,4,state_UT,True,,,
319,1.0,combined_source,point,False,0.0,standard_c5:E2,6,state_CO,False,False,0.8216021689212799,0.008697628080334252
319,1.0,combined_source,point,False,0.0,standard_c5:E2,6,state_UT,False,False,0.8600827237482911,0.007052240058622039
319,1.0,combined_source,point,False,0.01,standard_c5:E2,6,state_CO,False,False,0.8216021689212799,0.008697628080334252
319,1.0,combined_source,point,False,0.01,standard_c5:E2,6,state_UT,False,False,0.8600827237482911,0.007052240058622039
319,1.0,combined_source,sandwich,True,0.0,standard_c5:E2,6,state_CO,False,False,0.8216021689212799,0.008697628080334252
319,1.0,combined_source,sandwich,True,0.0,standard_c5:E2,6,state_UT,False,False,0.8600827237482911,0.007052240058622039
319,1.0,combined_source,sandwich,True,0.01,standard_c5:E2,6,state_CO,False,False,0.8216021689212799,0.008697628080334252
319,1.0,combined_source,sandwich,True,0.01,standard_c5:E2,6,state_UT,False,False,0.8600827237482911,0.007052240058622039
319,1.0,combined_source,concentration,True,0.0,,6,state_CO,True,,,
319,1.0,combined_source,concentration,True,0.0,,6,state_UT,True,,,
319,1.0,combined_source,concentration,True,0.01,,6,state_CO,True,,,
319,1.0,combined_source,concentration,True,0.01,,6,state_UT,True,,,
319,1.0,combined_shift,point,False,0.0,standard_c5:E2,6,state_CO,False,False,0.8216021689212799,0.008697628080334252
319,1.0,combined_shift,point,False,0.0,standard_c5:E2,6,state_UT,False,False,0.8600827237482911,0.007052240058622039
319,1.0,combined_shift,point,False,0.01,standard_c5:E2,6,state_CO,False,False,0.8216021689212799,0.008697628080334252
319,1.0,combined_shift,point,False,0.01,standard_c5:E2,6,state_UT,False,False,0.8600827237482911,0.007052240058622039
319,1.0,combined_shift,sandwich,True,0.0,standard_c5:E2,6,state_CO,False,False,0.8216021689212799,0.008697628080334252
319,1.0,combined_shift,sandwich,True,0.0,standard_c5:E2,6,state_UT,False,False,0.8600827237482911,0.007052240058622039
319,1.0,combined_shift,sandwich,True,0.01,standard_c5:E8,6,state_CO,False,False,0.8300252500041597,0.000274546997454439
319,1.0,combined_shift,sandwich,True,0.01,standard_c5:E8,6,state_UT,False,False,0.8681501992848203,-0.0010152354779071615
319,1.0,combined_shift,concentration,True,0.0,,6,state_CO,True,,,
319,1.0,combined_shift,concentration,True,0.0,,6,state_UT,True,,,
319,1.0,combined_shift,concentration,True,0.01,,6,state_CO,True,,,
319,1.0,combined_shift,concentration,True,0.01,,6,state_UT,True,,,
