seed,strength,partition,environment,bound_rule,candidate_id,variant,clip_norm,requested_epsilon,achieved_epsilon,reference_auc,auc,gap,gap_se,auc_se,clusters,gap_upper,auc_lower,bounds_supported,alpha,family,method,auc_radius,gap_radius,within_pair_mass,acs_coverage_certified,clipping_gap,noise_gap
300,1.0,validation,source,sandwich,standard_c1:E2,standard_c1,1.0,2.0,1.9909995955023065,0.8633036750483559,0.8303938104448741,0.032909864603481775,0.004509599419616544,0.009305109509956845,1127,0.046429357206063115,0.802497683210414,True,0.05,36,paired cluster influence sandwich; asymptotic Bonferroni bounds,,,,,,
300,1.0,validation,source,concentration,standard_c1:E2,standard_c1,1.0,2.0,1.9909995955023065,0.8633036750483559,0.8303938104448741,0.032909864603481775,,,1127,0.2715731419215429,0.7110621717858435,,0.05,36,cluster bounded differences plus within-pair bias; assumption-dependent sensitivity,0.11933163865903058,0.23866327731806117,0.00042088974854932303,False,,
300,1.0,validation,source,sandwich,standard_c1:E8,standard_c1,1.0,8.0,7.998197999765249,0.8633036750483559,0.8317080593165699,0.03159561573178604,0.0043877195101979394,0.009268306036198166,1127,0.04474972010794965,0.803922266558619,True,0.05,36,paired cluster influence sandwich; asymptotic Bonferroni bounds,,,,,,
300,1.0,validation,source,concentration,standard_c1:E8,standard_c1,1.0,8.0,7.998197999765249,0.8633036750483559,0.8317080593165699,0.03159561573178604,,,1127,0.2702588930498472,0.7123764206575393,,0.05,36,cluster bounded differences plus within-pair bias; assumption-dependent sensitivity,0.11933163865903058,0.23866327731806117,0.00042088974854932303,False,,
300,1.0,validation,source,sandwich,standard_c5:E2,standard_c5,5.0,2.0,1.9909995955023065,0.8633036750483559,0.8560990328820115,0.0072046421663444216,0.002289246759683241,0.008605293797437555,1127,0.014067658535025021,0.8303009087001992,True,0.05,36,paired cluster influence sandwich; asymptotic Bonferroni bounds,,,,,,
300,1.0,validation,source,concentration,standard_c5:E2,standard_c5,5.0,2.0,1.9909995955023065,0.8633036750483559,0.8560990328820115,0.0072046421663444216,,,1127,0.2458679194844056,0.7367673942229809,,0.05,36,cluster bounded differences plus within-pair bias; assumption-dependent sensitivity,0.11933163865903058,0.23866327731806117,0.00042088974854932303,False,,
300,1.0,validation,source,sandwich,standard_c5:E8,standard_c5,5.0,8.0,7.998197999765249,0.8633036750483559,0.8613395228884589,0.0019641521598969813,0.000832757410295721,0.008354151005710485,1127,0.004460705977795758,0.836294308843227,True,0.05,36,paired cluster influence sandwich; asymptotic Bonferroni bounds,,,,,,
300,1.0,validation,source,concentration,standard_c5:E8,standard_c5,5.0,8.0,7.998197999765249,0.8633036750483559,0.8613395228884589,0.0019641521598969813,,,1127,0.24062742947795815,0.7420078842294283,,0.05,36,cluster bounded differences plus within-pair bias; assumption-dependent sensitivity,0.11933163865903058,0.23866327731806117,0.00042088974854932303,False,,
300,1.0,validation,source,sandwich,auto_s:E2,auto_s,1.0,2.0,1.9909995955023065,0.8633036750483559,0.8147435203094777,0.0485601547388782,0.005720244623869463,0.0097461133479262,1127,0.06570908476156628,0.7855252915820997,True,0.05,36,paired cluster influence sandwich; asymptotic Bonferroni bounds,,,,,,
300,1.0,validation,source,concentration,auto_s:E2,auto_s,1.0,2.0,1.9909995955023065,0.8633036750483559,0.8147435203094777,0.0485601547388782,,,1127,0.28722343205693934,0.6954118816504471,,0.05,36,cluster bounded differences plus within-pair bias; assumption-dependent sensitivity,0.11933163865903058,0.23866327731806117,0.00042088974854932303,False,,
300,1.0,validation,source,sandwich,auto_s:E8,auto_s,1.0,8.0,7.998197999765249,0.8633036750483559,0.8157163120567376,0.047587362991618365,0.005640755653133217,0.009721917920779685,1127,0.06449799012931386,0.78657061968301,True,0.05,36,paired cluster influence sandwich; asymptotic Bonferroni bounds,,,,,,
300,1.0,validation,source,concentration,auto_s:E8,auto_s,1.0,8.0,7.998197999765249,0.8633036750483559,0.8157163120567376,0.047587362991618365,,,1127,0.2862506403096795,0.6963846733977069,,0.05,36,cluster bounded differences plus within-pair bias; assumption-dependent sensitivity,0.11933163865903058,0.23866327731806117,0.00042088974854932303,False,,
300,1.0,validation,state_OR,sandwich,standard_c1:E2,standard_c1,1.0,2.0,1.9909995955023065,0.8414492753623188,0.8147693328908064,0.026679942471512397,0.0047614660940074865,0.009488690873120684,1209,0.040952371524983024,0.7863271126537729,True,0.05,36,paired cluster influence sandwich; asymptotic Bonferroni bounds,,,,,,
300,1.0,validation,state_OR,concentration,standard_c1:E2,standard_c1,1.0,2.0,1.9909995955023065,0.8414492753623188,0.8147693328908064,0.026679942471512397,,,1209,0.26240745607169236,0.6969055760907165,,0.05,36,cluster bounded differences plus within-pair bias; assumption-dependent sensitivity,0.11786375680009,0.23572751360018,0.00043920787697754175,False,,
300,1.0,validation,state_OR,sandwich,standard_c1:E8,standard_c1,1.0,8.0,7.998197999765249,0.8414492753623188,0.8164852306671093,0.02496404469520952,0.004608091368366548,0.009428508535136073,1209,0.038776735120474685,0.7882234061594999,True,0.05,36,paired cluster influence sandwich; asymptotic Bonferroni bounds,,,,,,
300,1.0,validation,state_OR,concentration,standard_c1:E8,standard_c1,1.0,8.0,7.998197999765249,0.8414492753623188,0.8164852306671093,0.02496404469520952,,,1209,0.2606915582953895,0.6986214738670193,,0.05,36,cluster bounded differences plus within-pair bias; assumption-dependent sensitivity,0.11786375680009,0.23572751360018,0.00043920787697754175,False,,
300,1.0,validation,state_OR,sandwich,standard_c5:E2,standard_c5,5.0,2.0,1.9909995955023065,0.8414492753623188,0.8295840247815025,0.011865250580816333,0.0029187141010809576,0.009291147788123294,1209,0.02061405590938301,0.8017339372216662,True,0.05,36,paired cluster influence sandwich; asymptotic Bonferroni bounds,,,,,,
300,1.0,validation,state_OR,concentration,standard_c5:E2,standard_c5,5.0,2.0,1.9909995955023065,0.8414492753623188,0.8295840247815025,0.011865250580816333,,,1209,0.24759276418099632,0.7117202679814125,,0.05,36,cluster bounded differences plus within-pair bias; assumption-dependent sensitivity,0.11786375680009,0.23572751360018,0.00043920787697754175,False,,
300,1.0,validation,state_OR,sandwich,standard_c5:E8,standard_c5,5.0,8.0,7.998197999765249,0.8414492753623188,0.8384954087841576,0.002953866578161213,0.0010917634146196706,0.008972126132183497,1209,0.006226412380376387,0.8116015842452114,True,0.05,36,paired cluster influence sandwich; asymptotic Bonferroni bounds,,,,,,
300,1.0,validation,state_OR,concentration,standard_c5:E8,standard_c5,5.0,8.0,7.998197999765249,0.8414492753623188,0.8384954087841576,0.002953866578161213,,,1209,0.2386813801783412,0.7206316519840676,,0.05,36,cluster bounded differences plus within-pair bias; assumption-dependent sensitivity,0.11786375680009,0.23572751360018,0.00043920787697754175,False,,
300,1.0,validation,state_OR,sandwich,auto_s:E2,auto_s,1.0,2.0,1.9909995955023065,0.8414492753623188,0.8015864586790574,0.039862816683261415,0.006024987352014292,0.00977470904319075,1209,0.05792263330946937,0.7722869029155845,True,0.05,36,paired cluster influence sandwich; asymptotic Bonferroni bounds,,,,,,
300,1.0,validation,state_OR,concentration,auto_s:E2,auto_s,1.0,2.0,1.9909995955023065,0.8414492753623188,0.8015864586790574,0.039862816683261415,,,1209,0.2755903302834414,0.6837227018789674,,0.05,36,cluster bounded differences plus within-pair bias; assumption-dependent sensitivity,0.11786375680009,0.23572751360018,0.00043920787697754175,False,,
300,1.0,validation,state_OR,sandwich,auto_s:E8,auto_s,1.0,8.0,7.998197999765249,0.8414492753623188,0.8027525168713353,0.03869675849098353,0.005941711038558763,0.009740274312934574,1209,0.05650695551428714,0.773556178737654,True,0.05,36,paired cluster influence sandwich; asymptotic Bonferroni bounds,,,,,,
300,1.0,validation,state_OR,concentration,auto_s:E8,auto_s,1.0,8.0,7.998197999765249,0.8414492753623188,0.8027525168713353,0.03869675849098353,,,1209,0.2744242720911635,0.6848887600712453,,0.05,36,cluster bounded differences plus within-pair bias; assumption-dependent sensitivity,0.11786375680009,0.23572751360018,0.00043920787697754175,False,,
300,1.0,validation,state_WA,sandwich,standard_c1:E2,standard_c1,1.0,2.0,1.9909995955023065,0.8587674352841249,0.8267691013535795,0.03199833393054541,0.004456118517670742,0.009446565769661146,1213,0.045355396915107954,0.7984533432621338,True,0.05,36,paired cluster influence sandwich; asymptotic Bonferroni bounds,,,,,,
300,1.0,validation,state_WA,concentration,standard_c1:E2,standard_c1,1.0,2.0,1.9909995955023065,0.8587674352841249,0.8267691013535795,0.03199833393054541,,,1213,0.26053845493453937,0.7124990408515824,,0.05,36,cluster bounded differences plus within-pair bias; assumption-dependent sensitivity,0.11427006050199696,0.22854012100399393,0.00040120422520113807,False,,
300,1.0,validation,state_WA,sandwich,standard_c1:E8,standard_c1,1.0,8.0,7.998197999765249,0.8587674352841249,0.8294121490356295,0.02935528624849537,0.004312284276867231,0.0093693819406324,1213,0.04228121101127798,0.8013277468342119,True,0.05,36,paired cluster influence sandwich; asymptotic Bonferroni bounds,,,,,,
300,1.0,validation,state_WA,concentration,standard_c1:E8,standard_c1,1.0,8.0,7.998197999765249,0.8587674352841249,0.8294121490356295,0.02935528624849537,,,1213,0.25789540725248933,0.7151420885336325,,0.05,36,cluster bounded differences plus within-pair bias; assumption-dependent sensitivity,0.11427006050199696,0.22854012100399393,0.00040120422520113807,False,,
300,1.0,validation,state_WA,sandwich,standard_c5:E2,standard_c5,5.0,2.0,1.9909995955023065,0.8587674352841249,0.8457012447539739,0.013066190530151012,0.0028018758623645596,0.009012883269426168,1213,0.021464717683349635,0.8186854351374105,True,0.05,36,paired cluster influence sandwich; asymptotic Bonferroni bounds,,,,,,
300,1.0,validation,state_WA,concentration,standard_c5:E2,standard_c5,5.0,2.0,1.9909995955023065,0.8587674352841249,0.8457012447539739,0.013066190530151012,,,1213,0.24160631153414494,0.7314311842519768,,0.05,36,cluster bounded differences plus within-pair bias; assumption-dependent sensitivity,0.11427006050199696,0.22854012100399393,0.00040120422520113807,False,,
300,1.0,validation,state_WA,sandwich,standard_c5:E8,standard_c5,5.0,8.0,7.998197999765249,0.8587674352841249,0.8541847234089905,0.004582711875134371,0.0010102230579685217,0.008638693050026252,1213,0.007610820970580102,0.8282905361884456,True,0.05,36,paired cluster influence sandwich; asymptotic Bonferroni bounds,,,,,,
300,1.0,validation,state_WA,concentration,standard_c5:E8,standard_c5,5.0,8.0,7.998197999765249,0.8587674352841249,0.8541847234089905,0.004582711875134371,,,1213,0.2331228328791283,0.7399146629069936,,0.05,36,cluster bounded differences plus within-pair bias; assumption-dependent sensitivity,0.11427006050199696,0.22854012100399393,0.00040120422520113807,False,,
300,1.0,validation,state_WA,sandwich,auto_s:E2,auto_s,1.0,2.0,1.9909995955023065,0.8587674352841249,0.8136697323569676,0.04509770292715731,0.005516299779806089,0.009755315721691239,1213,0.06163262301700998,0.7844285068347538,True,0.05,36,paired cluster influence sandwich; asymptotic Bonferroni bounds,,,,,,
300,1.0,validation,state_WA,concentration,auto_s:E2,auto_s,1.0,2.0,1.9909995955023065,0.8587674352841249,0.8136697323569676,0.04509770292715731,,,1213,0.27363782393115127,0.6993996718549705,,0.05,36,cluster bounded differences plus within-pair bias; assumption-dependent sensitivity,0.11427006050199696,0.22854012100399393,0.00040120422520113807,False,,
300,1.0,validation,state_WA,sandwich,auto_s:E8,auto_s,1.0,8.0,7.998197999765249,0.8587674352841249,0.8157431312917857,0.04302430399233925,0.00542844617827876,0.009701944956808926,1213,0.05929588591370115,0.7866618828135488,True,0.05,36,paired cluster influence sandwich; asymptotic Bonferroni bounds,,,,,,
300,1.0,validation,state_WA,concentration,auto_s:E8,auto_s,1.0,8.0,7.998197999765249,0.8587674352841249,0.8157431312917857,0.04302430399233925,,,1213,0.2715644249963332,0.7014730707897886,,0.05,36,cluster bounded differences plus within-pair bias; assumption-dependent sensitivity,0.11427006050199696,0.22854012100399393,0.00040120422520113807,False,,
300,1.0,test,source,evaluation,standard_c1:E2,standard_c1,1.0,2.0,1.9909995955023065,0.8493555316863588,0.8191282475161118,0.030227284170247004,0.004562395529479247,0.00978582729575403,1137,0.04390478973361157,0.789791530343088,True,0.05,36,paired cluster influence sandwich; asymptotic Bonferroni bounds,,,,,0.02767049459586468,0.0025567895743823232
300,1.0,test,source,evaluation,standard_c1:E8,standard_c1,1.0,8.0,7.998197999765249,0.8493555316863588,0.8208128440520945,0.028542687634264263,0.00441355608541855,0.00974119385559749,1137,0.04177399069040766,0.7916099324910807,True,0.05,36,paired cluster influence sandwich; asymptotic Bonferroni bounds,,,,,0.02767049459586468,0.0008721930383995824
300,1.0,test,source,evaluation,standard_c5:E2,standard_c5,5.0,2.0,1.9909995955023065,0.8493555316863588,0.8423014148093448,0.007054116877013961,0.0023811961585117063,0.009041984481969313,1137,0.014192652651711163,0.8151946477048919,True,0.05,36,paired cluster influence sandwich; asymptotic Bonferroni bounds,,,,,0.00014475362513433065,0.00690936325187963
300,1.0,test,source,evaluation,standard_c5:E8,standard_c5,5.0,8.0,7.998197999765249,0.8493555316863588,0.8480433086063371,0.0013122230800216572,0.0008720124671343435,0.008829227270582,1137,0.003926410143262662,0.821574361682882,True,0.05,36,paired cluster influence sandwich; asymptotic Bonferroni bounds,,,,,0.00014475362513433065,0.0011674694548873266
300,1.0,test,source,evaluation,auto_s:E2,auto_s,1.0,2.0,1.9909995955023065,0.8493555316863588,0.8035966031149301,0.045758928571428714,0.005766667920884014,0.010216535026035485,1137,0.0630466959428319,0.7729686766771583,True,0.05,36,paired cluster influence sandwich; asymptotic Bonferroni bounds,,,,,0.04371192350295372,0.002047005068474994
300,1.0,test,source,evaluation,auto_s:E8,auto_s,1.0,8.0,7.998197999765249,0.8493555316863588,0.8049675667964554,0.044387964889903375,0.005672130888741743,0.010185169050239975,1137,0.06139232176462446,0.7744336717300699,True,0.05,36,paired cluster influence sandwich; asymptotic Bonferroni bounds,,,,,0.04371192350295372,0.0006760413869496551
300,1.0,test,state_CO,evaluation,standard_c1:E2,standard_c1,1.0,2.0,1.9909995955023065,0.8371094108306949,0.8136558735058848,0.023453537324810148,0.004982970904705639,0.009481625713582726,1200,0.038390155222953866,0.7852343910117249,True,0.05,36,paired cluster influence sandwich; asymptotic Bonferroni bounds,,,,,0.022545760492413636,0.0009077768323965119
300,1.0,test,state_CO,evaluation,standard_c1:E8,standard_c1,1.0,8.0,7.998197999765249,0.8371094108306949,0.8142420801479433,0.022867330682751597,0.004843322176122223,0.009463314535452938,1200,0.03738534695975354,0.7858754860077835,True,0.05,36,paired cluster influence sandwich; asymptotic Bonferroni bounds,,,,,0.022545760492413636,0.00032157019033796086
300,1.0,test,state_CO,evaluation,standard_c5:E2,standard_c5,5.0,2.0,1.9909995955023065,0.8371094108306949,0.8274601964635714,0.009649214367123515,0.0030214366641828335,0.0090519015835724,1200,0.018706069367766337,0.8003268260724774,True,0.05,36,paired cluster influence sandwich; asymptotic Bonferroni bounds,,,,,5.482508163145994e-05,0.009594389285492055
300,1.0,test,state_CO,evaluation,standard_c5:E8,standard_c5,5.0,8.0,7.998197999765249,0.8371094108306949,0.8360076375556026,0.0011017732750923104,0.001067264280247462,0.008833452345877697,1200,0.004300932783597492,0.8095290758832401,True,0.05,36,paired cluster influence sandwich; asymptotic Bonferroni bounds,,,,,5.482508163145994e-05,0.0010469481934608504
300,1.0,test,state_CO,evaluation,auto_s:E2,auto_s,1.0,2.0,1.9909995955023065,0.8371094108306949,0.8016671042129913,0.035442306617703645,0.00621960117029225,0.009827922415215034,1200,0.05408576409239479,0.7722075860548493,True,0.05,36,paired cluster influence sandwich; asymptotic Bonferroni bounds,,,,,0.03477702533867666,0.0006652812790269858
300,1.0,test,state_CO,evaluation,auto_s:E8,auto_s,1.0,8.0,7.998197999765249,0.8371094108306949,0.8021489323342517,0.03496047849644324,0.006136808538360526,0.009814013749212246,1200,0.05335576235511386,0.7727311058563402,True,0.05,36,paired cluster influence sandwich; asymptotic Bonferroni bounds,,,,,0.03477702533867666,0.00018345315776657767
300,1.0,test,state_UT,evaluation,standard_c1:E2,standard_c1,1.0,2.0,1.9909995955023065,0.8686857176250584,0.8413353202431042,0.027350397381954217,0.00469120659490645,0.00914098236713139,1111,0.04141478535977952,0.8139303616447375,True,0.05,36,paired cluster influence sandwich; asymptotic Bonferroni bounds,,,,,0.025144927536231876,0.002205469845722341
300,1.0,test,state_UT,evaluation,standard_c1:E8,standard_c1,1.0,8.0,7.998197999765249,0.8686857176250584,0.8428056334735858,0.025880084151472582,0.004565986782507509,0.009097628178876634,1111,0.03956905911167436,0.815530652123448,True,0.05,36,paired cluster influence sandwich; asymptotic Bonferroni bounds,,,,,0.025144927536231876,0.0007351566152407063
300,1.0,test,state_UT,evaluation,standard_c5:E2,standard_c5,5.0,2.0,1.9909995955023065,0.8686857176250584,0.856584268349696,0.012101449275362386,0.0027248875553643193,0.008746823684093404,1111,0.020270749646018084,0.8303610101371308,True,0.05,36,paired cluster influence sandwich; asymptotic Bonferroni bounds,,,,,0.00025946704067314474,0.011841982234689241
300,1.0,test,state_UT,evaluation,standard_c5:E8,standard_c5,5.0,8.0,7.998197999765249,0.8686857176250584,0.8660022206638616,0.0026834969611968518,0.0010780895926263973,0.008461103331886122,1111,0.0059156441708329375,0.8406355612399676,True,0.05,36,paired cluster influence sandwich; asymptotic Bonferroni bounds,,,,,0.00025946704067314474,0.002424029920523707
300,1.0,test,state_UT,evaluation,auto_s:E2,auto_s,1.0,2.0,1.9909995955023065,0.8686857176250584,0.8287792192613371,0.03990649836372129,0.005892375249436597,0.00948151307162697,1111,0.05757202853009506,0.8003533386785096,True,0.05,36,paired cluster influence sandwich; asymptotic Bonferroni bounds,,,,,0.03810074801309016,0.00180575035063113
300,1.0,test,state_UT,evaluation,auto_s:E8,auto_s,1.0,8.0,7.998197999765249,0.8686857176250584,0.8300403225806452,0.03864539504441322,0.0058088147845475795,0.0094416366175353,1111,0.056060408254428123,0.8017339928873765,True,0.05,36,paired cluster influence sandwich; asymptotic Bonferroni bounds,,,,,0.03810074801309016,0.0005446470313230645
301,1.0,validation,source,sandwich,standard_c1:E2,standard_c1,1.0,2.0,1.9909995955023065,0.8512748903584958,0.8180915481930023,0.03318334216549346,0.004568113095576635,0.009505483476936812,1143,0.04687783048782519,0.7895955959804627,True,0.05,36,paired cluster influence sandwich; asymptotic Bonferroni bounds,,,,,,
301,1.0,validation,source,concentration,standard_c1:E2,standard_c1,1.0,2.0,1.9909995955023065,0.8512748903584958,0.8180915481930023,0.03318334216549346,,,1143,0.2723249991037986,0.6985207197238498,,0.05,36,cluster bounded differences plus within-pair bias; assumption-dependent sensitivity,0.1195708284691526,0.2391416569383052,0.0004542253849767546,False,,
301,1.0,validation,source,sandwich,standard_c1:E8,standard_c1,1.0,8.0,7.998197999765249,0.8512748903584958,0.8185675515073957,0.03270733885110011,0.0044936120341904084,0.009485801519455626,1143,0.04617848464801519,0.7901306027238971,True,0.05,36,paired cluster influence sandwich; asymptotic Bonferroni bounds,,,,,,
301,1.0,validation,source,concentration,standard_c1:E8,standard_c1,1.0,8.0,7.998197999765249,0.8512748903584958,0.8185675515073957,0.03270733885110011,,,1143,0.27184899578940525,0.6989967230382431,,0.05,36,cluster bounded differences plus within-pair bias; assumption-dependent sensitivity,0.1195708284691526,0.2391416569383052,0.0004542253849767546,False,,
301,1.0,validation,source,sandwich,standard_c5:E2,standard_c5,5.0,2.0,1.9909995955023065,0.8512748903584958,0.8444812134247452,0.006793676933750548,0.0029555599758768467,0.00897471810906671,1143,0.015653983307248376,0.8175764127402256,True,0.05,36,paired cluster influence sandwich; asymptotic Bonferroni bounds,,,,,,
301,1.0,validation,source,concentration,standard_c5:E2,standard_c5,5.0,2.0,1.9909995955023065,0.8512748903584958,0.8444812134247452,0.006793676933750548,,,1143,0.24593533387205574,0.7249103849555927,,0.05,36,cluster bounded differences plus within-pair bias; assumption-dependent sensitivity,0.1195708284691526,0.2391416569383052,0.0004542253849767546,False,,
301,1.0,validation,source,sandwich,standard_c5:E8,standard_c5,5.0,8.0,7.998197999765249,0.8512748903584958,0.8497685835738412,0.0015063067846545763,0.0009944888802163939,0.008736713816796042,1143,0.004487628847367877,0.8235772825188123,True,0.05,36,paired cluster influence sandwich; asymptotic Bonferroni bounds,,,,,,
301,1.0,validation,source,concentration,standard_c5:E8,standard_c5,5.0,8.0,7.998197999765249,0.8512748903584958,0.8497685835738412,0.0015063067846545763,,,1143,0.24064796372295977,0.7301977551046887,,0.05,36,cluster bounded differences plus within-pair bias; assumption-dependent sensitivity,0.1195708284691526,0.2391416569383052,0.0004542253849767546,False,,
301,1.0,validation,source,sandwich,auto_s:E2,auto_s,1.0,2.0,1.9909995955023065,0.8512748903584958,0.8008159464221455,0.05045894393635031,0.005881791142904962,0.009901744220153752,1143,0.06809163350327502,0.7711320665013717,True,0.05,36,paired cluster influence sandwich; asymptotic Bonferroni bounds,,,,,,
301,1.0,validation,source,concentration,auto_s:E2,auto_s,1.0,2.0,1.9909995955023065,0.8512748903584958,0.8008159464221455,0.05045894393635031,,,1143,0.28960060087465544,0.6812451179529929,,0.05,36,cluster bounded differences plus within-pair bias; assumption-dependent sensitivity,0.1195708284691526,0.2391416569383052,0.0004542253849767546,False,,
301,1.0,validation,source,sandwich,auto_s:E8,auto_s,1.0,8.0,7.998197999765249,0.8512748903584958,0.8011452079740407,0.05012968238445514,0.005850919118577037,0.009896148843115432,1143,0.06766982245275757,0.7714781021181613,True,0.05,36,paired cluster influence sandwich; asymptotic Bonferroni bounds,,,,,,
301,1.0,validation,source,concentration,auto_s:E8,auto_s,1.0,8.0,7.998197999765249,0.8512748903584958,0.8011452079740407,0.05012968238445514,,,1143,0.2892713393227603,0.6815743795048881,,0.05,36,cluster bounded differences plus within-pair bias; assumption-dependent sensitivity,0.1195708284691526,0.2391416569383052,0.0004542253849767546,False,,
301,1.0,validation,state_OR,sandwich,standard_c1:E2,standard_c1,1.0,2.0,1.9909995955023065,0.8371713918158519,0.8091587477727258,0.02801264404312609,0.005209239884026148,0.009895695787309772,1196,0.043627619194645965,0.7794958704113525,True,0.05,36,paired cluster influence sandwich; asymptotic Bonferroni bounds,,,,,,
301,1.0,validation,state_OR,concentration,standard_c1:E2,standard_c1,1.0,2.0,1.9909995955023065,0.8371713918158519,0.8091587477727258,0.02801264404312609,,,1196,0.26219400549432087,0.6920680670471284,,0.05,36,cluster bounded differences plus within-pair bias; assumption-dependent sensitivity,0.11709068072559738,0.23418136145119475,0.00042881506286559764,False,,
301,1.0,validation,state_OR,sandwich,standard_c1:E8,standard_c1,1.0,8.0,7.998197999765249,0.8371713918158519,0.8101560428553191,0.027015348960532815,0.005125283237080059,0.009882835847435408,1196,0.04237865957268522,0.780531713851491,True,0.05,36,paired cluster influence sandwich; asymptotic Bonferroni bounds,,,,,,
301,1.0,validation,state_OR,concentration,standard_c1:E8,standard_c1,1.0,8.0,7.998197999765249,0.8371713918158519,0.8101560428553191,0.027015348960532815,,,1196,0.2611967104117276,0.6930653621297217,,0.05,36,cluster bounded differences plus within-pair bias; assumption-dependent sensitivity,0.11709068072559738,0.23418136145119475,0.00042881506286559764,False,,
301,1.0,validation,state_OR,sandwich,standard_c5:E2,standard_c5,5.0,2.0,1.9909995955023065,0.8371713918158519,0.8193739300082163,0.01779746180763553,0.0035753043551934203,0.009621530753618164,1196,0.028514627825783484,0.7905328769981534,True,0.05,36,paired cluster influence sandwich; asymptotic Bonferroni bounds,,,,,,
301,1.0,validation,state_OR,concentration,standard_c5:E2,standard_c5,5.0,2.0,1.9909995955023065,0.8371713918158519,0.8193739300082163,0.01779746180763553,,,1196,0.2519788232588303,0.702283249282619,,0.05,36,cluster bounded differences plus within-pair bias; assumption-dependent sensitivity,0.11709068072559738,0.23418136145119475,0.00042881506286559764,False,,
301,1.0,validation,state_OR,sandwich,standard_c5:E8,standard_c5,5.0,8.0,7.998197999765249,0.8371713918158519,0.8349072919292205,0.0022640998866313433,0.0011765151072753634,0.009149619962139251,1196,0.00579076684275041,0.8074808167552203,True,0.05,36,paired cluster influence sandwich; asymptotic Bonferroni bounds,,,,,,
301,1.0,validation,state_OR,concentration,standard_c5:E8,standard_c5,5.0,8.0,7.998197999765249,0.8371713918158519,0.8349072919292205,0.0022640998866313433,,,1196,0.2364454613378261,0.7178166112036232,,0.05,36,cluster bounded differences plus within-pair bias; assumption-dependent sensitivity,0.11709068072559738,0.23418136145119475,0.00042881506286559764,False,,
301,1.0,validation,state_OR,sandwich,auto_s:E2,auto_s,1.0,2.0,1.9909995955023065,0.8371713918158519,0.796367947328853,0.04080344448699891,0.006480622426588984,0.010222754484435447,1196,0.06022945680558643,0.7657246940311812,True,0.05,36,paired cluster influence sandwich; asymptotic Bonferroni bounds,,,,,,
301,1.0,validation,state_OR,concentration,auto_s:E2,auto_s,1.0,2.0,1.9909995955023065,0.8371713918158519,0.796367947328853,0.04080344448699891,,,1196,0.2749848059381937,0.6792772666032556,,0.05,36,cluster bounded differences plus within-pair bias; assumption-dependent sensitivity,0.11709068072559738,0.23418136145119475,0.00042881506286559764,False,,
301,1.0,validation,state_OR,sandwich,auto_s:E8,auto_s,1.0,8.0,7.998197999765249,0.8371713918158519,0.7967367501055669,0.04043464171028499,0.006457119310324254,0.010225136776026465,1196,0.05979020218088171,0.7660863557614419,True,0.05,36,paired cluster influence sandwich; asymptotic Bonferroni bounds,,,,,,
301,1.0,validation,state_OR,concentration,auto_s:E8,auto_s,1.0,8.0,7.998197999765249,0.8371713918158519,0.7967367501055669,0.04043464171028499,,,1196,0.27461600316147977,0.6796460693799695,,0.05,36,cluster bounded differences plus within-pair bias; assumption-dependent sensitivity,0.11709068072559738,0.23418136145119475,0.00042881506286559764,False,,
301,1.0,validation,state_WA,sandwich,standard_c1:E2,standard_c1,1.0,2.0,1.9909995955023065,0.8263127846797315,0.7894864491413583,0.03682633553837311,0.005121172283990879,0.010363762312344526,1241,0.05217616199860683,0.7584228675729546,True,0.05,36,paired cluster influence sandwich; asymptotic Bonferroni bounds,,,,,,
301,1.0,validation,state_WA,concentration,standard_c1:E2,standard_c1,1.0,2.0,1.9909995955023065,0.8263127846797315,0.7894864491413583,0.03682633553837311,,,1241,0.26342718416440236,0.6761860248283437,,0.05,36,cluster bounded differences plus within-pair bias; assumption-dependent sensitivity,0.11330042431301464,0.22660084862602928,0.0003795729752315705,False,,
301,1.0,validation,state_WA,sandwich,standard_c1:E8,standard_c1,1.0,8.0,7.998197999765249,0.8263127846797315,0.7901654400357441,0.03614734464398739,0.005075359921763687,0.010346906003955884,1241,0.05135985648738639,0.7591523823306626,True,0.05,36,paired cluster influence sandwich; asymptotic Bonferroni bounds,,,,,,
301,1.0,validation,state_WA,concentration,standard_c1:E8,standard_c1,1.0,8.0,7.998197999765249,0.8263127846797315,0.7901654400357441,0.03614734464398739,,,1241,0.26274819327001664,0.6768650157227294,,0.05,36,cluster bounded differences plus within-pair bias; assumption-dependent sensitivity,0.11330042431301464,0.22660084862602928,0.0003795729752315705,False,,
301,1.0,validation,state_WA,sandwich,standard_c5:E2,standard_c5,5.0,2.0,1.9909995955023065,0.8263127846797315,0.8084925057608214,0.017820278918910026,0.0035862223065820853,0.01005065398142566,1241,0.028569358817264044,0.7783674121550044,True,0.05,36,paired cluster influence sandwich; asymptotic Bonferroni bounds,,,,,,
301,1.0,validation,state_WA,concentration,standard_c5:E2,standard_c5,5.0,2.0,1.9909995955023065,0.8263127846797315,0.8084925057608214,0.017820278918910026,,,1241,0.2444211275449393,0.6951920814478068,,0.05,36,cluster bounded differences plus within-pair bias; assumption-dependent sensitivity,0.11330042431301464,0.22660084862602928,0.0003795729752315705,False,,
301,1.0,validation,state_WA,sandwich,standard_c5:E8,standard_c5,5.0,8.0,7.998197999765249,0.8263127846797315,0.823725586321307,0.0025871983584244695,0.0011779906873808017,0.009581794093260196,1241,0.006118021306832612,0.7950058189803381,True,0.05,36,paired cluster influence sandwich; asymptotic Bonferroni bounds,,,,,,
301,1.0,validation,state_WA,concentration,standard_c5:E8,standard_c5,5.0,8.0,7.998197999765249,0.8263127846797315,0.823725586321307,0.0025871983584244695,,,1241,0.22918804698445375,0.7104251620082923,,0.05,36,cluster bounded differences plus within-pair bias; assumption-dependent sensitivity,0.11330042431301464,0.22660084862602928,0.0003795729752315705,False,,
301,1.0,validation,state_WA,sandwich,auto_s:E2,auto_s,1.0,2.0,1.9909995955023065,0.8263127846797315,0.7746587980258068,0.05165398665392462,0.006458139276737613,0.010710480944038942,1241,0.07101113998849075,0.7425559874426566,True,0.05,36,paired cluster influence sandwich; asymptotic Bonferroni bounds,,,,,,
301,1.0,validation,state_WA,concentration,auto_s:E2,auto_s,1.0,2.0,1.9909995955023065,0.8263127846797315,0.7746587980258068,0.05165398665392462,,,1241,0.27825483527995387,0.6613583737127922,,0.05,36,cluster bounded differences plus within-pair bias; assumption-dependent sensitivity,0.11330042431301464,0.22660084862602928,0.0003795729752315705,False,,
301,1.0,validation,state_WA,sandwich,auto_s:E8,auto_s,1.0,8.0,7.998197999765249,0.8263127846797315,0.77490702013495,0.05140576454478141,0.006439812622373793,0.010710668928576809,1241,0.07070798690876473,0.7428036461007239,True,0.05,36,paired cluster influence sandwich; asymptotic Bonferroni bounds,,,,,,
301,1.0,validation,state_WA,concentration,auto_s:E8,auto_s,1.0,8.0,7.998197999765249,0.8263127846797315,0.77490702013495,0.05140576454478141,,,1241,0.27800661317081066,0.6616065958219354,,0.05,36,cluster bounded differences plus within-pair bias; assumption-dependent sensitivity,0.11330042431301464,0.22660084862602928,0.0003795729752315705,False,,
301,1.0,test,source,evaluation,standard_c1:E2,standard_c1,1.0,2.0,1.9909995955023065,0.8474157437179946,0.8267323363786385,0.02068340733935603,0.004316933011419923,0.009623202573530384,1146,0.03362482309190404,0.7978836456425078,True,0.05,36,paired cluster influence sandwich; asymptotic Bonferroni bounds,,,,,0.02100984195035649,-0.000326434611000459
301,1.0,test,source,evaluation,standard_c1:E8,standard_c1,1.0,8.0,7.998197999765249,0.8474157437179946,0.8266291958012214,0.020786547916773146,0.004277862467770419,0.0096157959716483,1146,0.033610836962071185,0.7978027087717537,True,0.05,36,paired cluster influence sandwich; asymptotic Bonferroni bounds,,,,,0.02100984195035649,-0.00022329403358334332
301,1.0,test,source,evaluation,standard_c5:E2,standard_c5,5.0,2.0,1.9909995955023065,0.8474157437179946,0.8386753772605862,0.008740366457408388,0.002712102417088779,0.009287162741477006,1146,0.016870778685299712,0.8108340756047389,True,0.05,36,paired cluster influence sandwich; asymptotic Bonferroni bounds,,,,,0.00017331870225767432,0.008567047755150714
301,1.0,test,source,evaluation,standard_c5:E8,standard_c5,5.0,8.0,7.998197999765249,0.8474157437179946,0.8469223702342673,0.0004933734837272441,0.0008936517469055574,0.009016735230260628,1146,0.00317238628381043,0.8198917633110739,True,0.05,36,paired cluster influence sandwich; asymptotic Bonferroni bounds,,,,,0.00017331870225767432,0.0003200547814695698
301,1.0,test,source,evaluation,auto_s:E2,auto_s,1.0,2.0,1.9909995955023065,0.8474157437179946,0.812921068749043,0.03449467496895153,0.005693003386765844,0.010044327700890325,1146,0.05156131082220684,0.7828099179880307,True,0.05,36,paired cluster influence sandwich; asymptotic Bonferroni bounds,,,,,0.034730728661596655,-0.00023605369264512177
301,1.0,test,source,evaluation,auto_s:E8,auto_s,1.0,8.0,7.998197999765249,0.8474157437179946,0.8128104850371731,0.03460525868082143,0.0056766000796687624,0.010038690150815705,1146,0.051622720266999045,0.7827162346726109,True,0.05,36,paired cluster influence sandwich; asymptotic Bonferroni bounds,,,,,0.034730728661596655,-0.00012546998077522797
301,1.0,test,state_CO,evaluation,standard_c1:E2,standard_c1,1.0,2.0,1.9909995955023065,0.8366742533499273,0.8145616966170804,0.022112556732846844,0.004983808418599195,0.009748058114959603,1208,0.037051479368031784,0.7853419767178955,True,0.05,36,paired cluster influence sandwich; asymptotic Bonferroni bounds,,,,,0.022390494925569326,-0.0002779381927224822
301,1.0,test,state_CO,evaluation,standard_c1:E8,standard_c1,1.0,8.0,7.998197999765249,0.8366742533499273,0.814544196804946,0.022130056544981236,0.004926708968383059,0.009744563562413742,1208,0.03689782407193466,0.7853349517967968,True,0.05,36,paired cluster influence sandwich; asymptotic Bonferroni bounds,,,,,0.022390494925569326,-0.00026043838058809055
301,1.0,test,state_CO,evaluation,standard_c5:E2,standard_c5,5.0,2.0,1.9909995955023065,0.8366742533499273,0.825366286508983,0.011307966840944261,0.0035967812361138354,0.00954168400398673,1208,0.02208928749152656,0.7967651712227329,True,0.05,36,paired cluster influence sandwich; asymptotic Bonferroni bounds,,,,,-6.485224496843855e-05,0.0113728190859127
301,1.0,test,state_CO,evaluation,standard_c5:E8,standard_c5,5.0,8.0,7.998197999765249,0.8366742533499273,0.8376007139923352,-0.000926460642407867,0.0011760543345857842,0.009163262147144701,1208,0.002598752055091662,0.8101339149494079,True,0.05,36,paired cluster influence sandwich; asymptotic Bonferroni bounds,,,,,-6.485224496843855e-05,-0.0008616083974394284
301,1.0,test,state_CO,evaluation,auto_s:E2,auto_s,1.0,2.0,1.9909995955023065,0.8366742533499273,0.8011089733889621,0.035565279960965146,0.00621868466361866,0.010093917282746823,1208,0.05420573346148752,0.7708525436252968,True,0.05,36,paired cluster influence sandwich; asymptotic Bonferroni bounds,,,,,0.03617519988388351,-0.0006099199229183672
301,1.0,test,state_CO,evaluation,auto_s:E8,auto_s,1.0,8.0,7.998197999765249,0.8366742533499273,0.8007862562651902,0.03588799708473711,0.006196568560512069,0.010102443692533086,1208,0.05446215775745572,0.7705042686619261,True,0.05,36,paired cluster influence sandwich; asymptotic Bonferroni bounds,,,,,0.03617519988388351,-0.0002872027991464021
301,1.0,test,state_UT,evaluation,standard_c1:E2,standard_c1,1.0,2.0,1.9909995955023065,0.8597611836981917,0.8413734821608838,0.018387701537307843,0.004465954168897035,0.009072964143075023,1118,0.03177658716329458,0.8141728270251166,True,0.05,36,paired cluster influence sandwich; asymptotic Bonferroni bounds,,,,,0.01820080182284911,0.00018689971445873255
301,1.0,test,state_UT,evaluation,standard_c1:E8,standard_c1,1.0,8.0,7.998197999765249,0.8597611836981917,0.8415961466355167,0.018165037062674916,0.004377125609093728,0.009084958662240393,1118,0.03128761556087907,0.8143595320520771,True,0.05,36,paired cluster influence sandwich; asymptotic Bonferroni bounds,,,,,0.01820080182284911,-3.5764760174195054e-05
301,1.0,test,state_UT,evaluation,standard_c5:E2,standard_c5,5.0,2.0,1.9909995955023065,0.8597611836981917,0.8503896628306078,0.00937152086758386,0.0028692843362047088,0.008890253284173838,1118,0.017973606413698613,0.8237367730099194,True,0.05,36,paired cluster influence sandwich; asymptotic Bonferroni bounds,,,,,0.00010844798246389953,0.00926307288511996
301,1.0,test,state_UT,evaluation,standard_c5:E8,standard_c5,5.0,8.0,7.998197999765249,0.8597611836981917,0.8601580571659313,-0.0003968734677396446,0.0010025681170781724,0.008702200990824676,1118,0.0026088156513530618,0.8340689462270083,True,0.05,36,paired cluster influence sandwich; asymptotic Bonferroni bounds,,,,,0.00010844798246389953,-0.0005053214502035441
301,1.0,test,state_UT,evaluation,auto_s:E2,auto_s,1.0,2.0,1.9909995955023065,0.8597611836981917,0.8331187447722881,0.026642438925903567,0.005654168703862834,0.009285206377845162,1118,0.04359357976234203,0.8052817895539691,True,0.05,36,paired cluster influence sandwich; asymptotic Bonferroni bounds,,,,,0.026904906117504734,-0.0002624671916011678
301,1.0,test,state_UT,evaluation,auto_s:E8,auto_s,1.0,8.0,7.998197999765249,0.8597611836981917,0.8329612644573274,0.026799919240864223,0.005626045628799997,0.009302031047230555,1118,0.043666747381464976,0.8050738690496163,True,0.05,36,paired cluster influence sandwich; asymptotic Bonferroni bounds,,,,,0.026904906117504734,-0.00010498687664051154
302,1.0,validation,source,sandwich,standard_c1:E2,standard_c1,1.0,2.0,1.9909995955023065,0.8685843967216518,0.8449159663865546,0.023668430335097135,0.0045237647877773715,0.008821108969106466,1175,0.03722916293258617,0.8184732343801151,True,0.05,36,paired cluster influence sandwich; asymptotic Bonferroni bounds,,,,,,
302,1.0,validation,source,concentration,standard_c1:E2,standard_c1,1.0,2.0,1.9909995955023065,0.8685843967216518,0.8449159663865546,0.023668430335097135,,,1175,0.2598974933344666,0.7268014348868699,,0.05,36,cluster bounded differences plus within-pair bias; assumption-dependent sensitivity,0.11811453149968473,0.23622906299936947,0.00039319431476294225,False,,
302,1.0,validation,source,sandwich,standard_c1:E8,standard_c1,1.0,8.0,7.998197999765249,0.8685843967216518,0.8456753812636165,0.022909015458035253,0.004458326900216996,0.00879905835713344,1175,0.036273587172591465,0.8192987496108879,True,0.05,36,paired cluster influence sandwich; asymptotic Bonferroni bounds,,,,,,
302,1.0,validation,source,concentration,standard_c1:E8,standard_c1,1.0,8.0,7.998197999765249,0.8685843967216518,0.8456753812636165,0.022909015458035253,,,1175,0.2591380784574047,0.7275608497639318,,0.05,36,cluster bounded differences plus within-pair bias; assumption-dependent sensitivity,0.11811453149968473,0.23622906299936947,0.00039319431476294225,False,,
302,1.0,validation,source,sandwich,standard_c5:E2,standard_c5,5.0,2.0,1.9909995955023065,0.8685843967216518,0.8594766054569978,0.009107791264653997,0.0025982316887182355,0.008421442696000165,1175,0.016896420163359755,0.8342319391573503,True,0.05,36,paired cluster influence sandwich; asymptotic Bonferroni bounds,,,,,,
302,1.0,validation,source,concentration,standard_c5:E2,standard_c5,5.0,2.0,1.9909995955023065,0.8685843967216518,0.8594766054569978,0.009107791264653997,,,1175,0.24533685426402346,0.741362073957313,,0.05,36,cluster bounded differences plus within-pair bias; assumption-dependent sensitivity,0.11811453149968473,0.23622906299936947,0.00039319431476294225,False,,
302,1.0,validation,source,sandwich,standard_c5:E8,standard_c5,5.0,8.0,7.998197999765249,0.8685843967216518,0.8672471210706506,0.0013372756510011685,0.0009364038315999113,0.008118425701757838,1175,0.004144300896411756,0.8429107982910989,True,0.05,36,paired cluster influence sandwich; asymptotic Bonferroni bounds,,,,,,
302,1.0,validation,source,concentration,standard_c5:E8,standard_c5,5.0,8.0,7.998197999765249,0.8685843967216518,0.8672471210706506,0.0013372756510011685,,,1175,0.23756633865037063,0.7491325895709658,,0.05,36,cluster bounded differences plus within-pair bias; assumption-dependent sensitivity,0.11811453149968473,0.23622906299936947,0.00039319431476294225,False,,
302,1.0,validation,source,sandwich,auto_s:E2,auto_s,1.0,2.0,1.9909995955023065,0.8685843967216518,0.8306722689075631,0.0379121278140887,0.005853816176983533,0.009209318033289234,1175,0.055459909269351196,0.8030658160716215,True,0.05,36,paired cluster influence sandwich; asymptotic Bonferroni bounds,,,,,,
302,1.0,validation,source,concentration,auto_s:E2,auto_s,1.0,2.0,1.9909995955023065,0.8685843967216518,0.8306722689075631,0.0379121278140887,,,1175,0.27414119081345817,0.7125577374078783,,0.05,36,cluster bounded differences plus within-pair bias; assumption-dependent sensitivity,0.11811453149968473,0.23622906299936947,0.00039319431476294225,False,,
302,1.0,validation,source,sandwich,auto_s:E8,auto_s,1.0,8.0,7.998197999765249,0.8685843967216518,0.8312081128747796,0.037376283846872194,0.0058000520786344436,0.0091919337427012,1175,0.054762898531698925,0.803653772322991,True,0.05,36,paired cluster influence sandwich; asymptotic Bonferroni bounds,,,,,,
302,1.0,validation,source,concentration,auto_s:E8,auto_s,1.0,8.0,7.998197999765249,0.8685843967216518,0.8312081128747796,0.037376283846872194,,,1175,0.27360534684624166,0.7130935813750948,,0.05,36,cluster bounded differences plus within-pair bias; assumption-dependent sensitivity,0.11811453149968473,0.23622906299936947,0.00039319431476294225,False,,
302,1.0,validation,state_OR,sandwich,standard_c1:E2,standard_c1,1.0,2.0,1.9909995955023065,0.8359836961531877,0.7961887453412877,0.03979495081189999,0.006098321317624449,0.010305298484928914,1240,0.05807364180646248,0.7653003488790748,True,0.05,36,paired cluster influence sandwich; asymptotic Bonferroni bounds,,,,,,
302,1.0,validation,state_OR,concentration,standard_c1:E2,standard_c1,1.0,2.0,1.9909995955023065,0.8359836961531877,0.7961887453412877,0.03979495081189999,,,1240,0.2708051077723993,0.680683666861038,,0.05,36,cluster bounded differences plus within-pair bias; assumption-dependent sensitivity,0.11550507848024968,0.23101015696049937,0.0003775258012546148,False,,
302,1.0,validation,state_OR,sandwich,standard_c1:E8,standard_c1,1.0,8.0,7.998197999765249,0.8359836961531877,0.7962469106536904,0.03973678549949733,0.006023852235739502,0.010305823981768034,1240,0.057792267964117364,0.7653569391032129,True,0.05,36,paired cluster influence sandwich; asymptotic Bonferroni bounds,,,,,,
302,1.0,validation,state_OR,concentration,standard_c1:E8,standard_c1,1.0,8.0,7.998197999765249,0.8359836961531877,0.7962469106536904,0.03973678549949733,,,1240,0.27074694245999664,0.6807418321734406,,0.05,36,cluster bounded differences plus within-pair bias; assumption-dependent sensitivity,0.11550507848024968,0.23101015696049937,0.0003775258012546148,False,,
302,1.0,validation,state_OR,sandwich,standard_c5:E2,standard_c5,5.0,2.0,1.9909995955023065,0.8359836961531877,0.8259584107041733,0.010025285449014376,0.0031878678575917923,0.009468096383656689,1240,0.01958038241184823,0.797579386528548,True,0.05,36,paired cluster influence sandwich; asymptotic Bonferroni bounds,,,,,,
302,1.0,validation,state_OR,concentration,standard_c5:E2,standard_c5,5.0,2.0,1.9909995955023065,0.8359836961531877,0.8259584107041733,0.010025285449014376,,,1240,0.24103544240951374,0.7104533322239236,,0.05,36,cluster bounded differences plus within-pair bias; assumption-dependent sensitivity,0.11550507848024968,0.23101015696049937,0.0003775258012546148,False,,
302,1.0,validation,state_OR,sandwich,standard_c5:E8,standard_c5,5.0,8.0,7.998197999765249,0.8359836961531877,0.8357554247384755,0.00022827141471215562,0.0010747353388590967,0.009188231892005213,1240,0.003449609572668433,0.8082152472383219,True,0.05,36,paired cluster influence sandwich; asymptotic Bonferroni bounds,,,,,,
302,1.0,validation,state_OR,concentration,standard_c5:E8,standard_c5,5.0,8.0,7.998197999765249,0.8359836961531877,0.8357554247384755,0.00022827141471215562,,,1240,0.23123842837521152,0.7202503462582258,,0.05,36,cluster bounded differences plus within-pair bias; assumption-dependent sensitivity,0.11550507848024968,0.23101015696049937,0.0003775258012546148,False,,
302,1.0,validation,state_OR,sandwich,auto_s:E2,auto_s,1.0,2.0,1.9909995955023065,0.8359836961531877,0.7785893485046028,0.057394347648584865,0.007598112622635762,0.010740561329653186,1240,0.08016841046643994,0.7463963249777031,True,0.05,36,paired cluster influence sandwich; asymptotic Bonferroni bounds,,,,,,
302,1.0,validation,state_OR,concentration,auto_s:E2,auto_s,1.0,2.0,1.9909995955023065,0.8359836961531877,0.7785893485046028,0.057394347648584865,,,1240,0.2884045046090842,0.6630842700243531,,0.05,36,cluster bounded differences plus within-pair bias; assumption-dependent sensitivity,0.11550507848024968,0.23101015696049937,0.0003775258012546148,False,,
302,1.0,validation,state_OR,sandwich,auto_s:E8,auto_s,1.0,8.0,7.998197999765249,0.8359836961531877,0.7787660393592596,0.057217656793928096,0.007546751112543391,0.010731163517047433,1240,0.07983777213622473,0.7466011841927493,True,0.05,36,paired cluster influence sandwich; asymptotic Bonferroni bounds,,,,,,
302,1.0,validation,state_OR,concentration,auto_s:E8,auto_s,1.0,8.0,7.998197999765249,0.8359836961531877,0.7787660393592596,0.057217656793928096,,,1240,0.2882278137544274,0.6632609608790099,,0.05,36,cluster bounded differences plus within-pair bias; assumption-dependent sensitivity,0.11550507848024968,0.23101015696049937,0.0003775258012546148,False,,
302,1.0,validation,state_WA,sandwich,standard_c1:E2,standard_c1,1.0,2.0,1.9909995955023065,0.8524069334051821,0.8267056936058688,0.02570123979931338,0.005075169628674544,0.009276851142738761,1160,0.040915317399763576,0.7988960353087307,True,0.05,36,paired cluster influence sandwich; asymptotic Bonferroni bounds,,,,,,
302,1.0,validation,state_WA,concentration,standard_c1:E2,standard_c1,1.0,2.0,1.9909995955023065,0.8524069334051821,0.8267056936058688,0.02570123979931338,,,1160,0.2604345895857542,0.7093390187126484,,0.05,36,cluster bounded differences plus within-pair bias; assumption-dependent sensitivity,0.1173666748932204,0.2347333497864408,0.0004827338452557366,False,,
302,1.0,validation,state_WA,sandwich,standard_c1:E8,standard_c1,1.0,8.0,7.998197999765249,0.8524069334051821,0.8275486918218967,0.024858241583285423,0.004991672937118055,0.00924253383429131,1160,0.03982201717657827,0.7998419081539746,True,0.05,36,paired cluster influence sandwich; asymptotic Bonferroni bounds,,,,,,
302,1.0,validation,state_WA,concentration,standard_c1:E8,standard_c1,1.0,8.0,7.998197999765249,0.8524069334051821,0.8275486918218967,0.024858241583285423,,,1160,0.25959159136972626,0.7101820169286763,,0.05,36,cluster bounded differences plus within-pair bias; assumption-dependent sensitivity,0.1173666748932204,0.2347333497864408,0.0004827338452557366,False,,
302,1.0,validation,state_WA,sandwich,standard_c5:E2,standard_c5,5.0,2.0,1.9909995955023065,0.8524069334051821,0.841154029858058,0.01125290354712416,0.0030424768470136846,0.008798740945106335,1160,0.02037348122920021,0.8147776252609042,True,0.05,36,paired cluster influence sandwich; asymptotic Bonferroni bounds,,,,,,
302,1.0,validation,state_WA,concentration,standard_c5:E2,standard_c5,5.0,2.0,1.9909995955023065,0.8524069334051821,0.841154029858058,0.01125290354712416,,,1160,0.24598625333356497,0.7237873549648376,,0.05,36,cluster bounded differences plus within-pair bias; assumption-dependent sensitivity,0.1173666748932204,0.2347333497864408,0.0004827338452557366,False,,
302,1.0,validation,state_WA,sandwich,standard_c5:E8,standard_c5,5.0,8.0,7.998197999765249,0.8524069334051821,0.8504821214978834,0.0019248119072987624,0.0010061117476704276,0.00851363310879014,1160,0.004940880989462646,0.8249603982342762,True,0.05,36,paired cluster influence sandwich; asymptotic Bonferroni bounds,,,,,,
302,1.0,validation,state_WA,concentration,standard_c5:E8,standard_c5,5.0,8.0,7.998197999765249,0.8524069334051821,0.8504821214978834,0.0019248119072987624,,,1160,0.23665816169373957,0.733115446604663,,0.05,36,cluster bounded differences plus within-pair bias; assumption-dependent sensitivity,0.1173666748932204,0.2347333497864408,0.0004827338452557366,False,,
302,1.0,validation,state_WA,sandwich,auto_s:E2,auto_s,1.0,2.0,1.9909995955023065,0.8524069334051821,0.8141229756816447,0.03828395772353743,0.006378397470047537,0.009633044912926462,1160,0.05740478346452104,0.7852455383629316,True,0.05,36,paired cluster influence sandwich; asymptotic Bonferroni bounds,,,,,,
302,1.0,validation,state_WA,concentration,auto_s:E2,auto_s,1.0,2.0,1.9909995955023065,0.8524069334051821,0.8141229756816447,0.03828395772353743,,,1160,0.27301730750997827,0.6967563007884243,,0.05,36,cluster bounded differences plus within-pair bias; assumption-dependent sensitivity,0.1173666748932204,0.2347333497864408,0.0004827338452557366,False,,
302,1.0,validation,state_WA,sandwich,auto_s:E8,auto_s,1.0,8.0,7.998197999765249,0.8524069334051821,0.8146649031062341,0.03774203029894807,0.006335015362648642,0.009612885443768104,1160,0.056732807431367195,0.7858478987879131,True,0.05,36,paired cluster influence sandwich; asymptotic Bonferroni bounds,,,,,,
302,1.0,validation,state_WA,concentration,auto_s:E8,auto_s,1.0,8.0,7.998197999765249,0.8524069334051821,0.8146649031062341,0.03774203029894807,,,1160,0.2724753800853889,0.6972982282130137,,0.05,36,cluster bounded differences plus within-pair bias; assumption-dependent sensitivity,0.1173666748932204,0.2347333497864408,0.0004827338452557366,False,,
302,1.0,test,source,evaluation,standard_c1:E2,standard_c1,1.0,2.0,1.9909995955023065,0.8534119934982004,0.8203774195153505,0.033034573982849924,0.004842913032152804,0.009914340974512324,1144,0.04755284180690515,0.7906558332280597,True,0.05,36,paired cluster influence sandwich; asymptotic Bonferroni bounds,,,,,0.03216587052793951,0.0008687034549104133
302,1.0,test,source,evaluation,standard_c1:E8,standard_c1,1.0,8.0,7.998197999765249,0.8534119934982004,0.8210833706523362,0.03232862284586424,0.004754260605513443,0.00987359896512587,1144,0.046581125072920816,0.7914839223014559,True,0.05,36,paired cluster influence sandwich; asymptotic Bonferroni bounds,,,,,0.03216587052793951,0.00016275231792473033
302,1.0,test,source,evaluation,standard_c5:E2,standard_c5,5.0,2.0,1.9909995955023065,0.8534119934982004,0.8448182564561875,0.008593737042012939,0.002367315283048384,0.009009013982015271,1144,0.01569056431830154,0.817810693662227,True,0.05,36,paired cluster influence sandwich; asymptotic Bonferroni bounds,,,,,0.00012854323199140705,0.008465193810021532
302,1.0,test,source,evaluation,standard_c5:E8,standard_c5,5.0,8.0,7.998197999765249,0.8534119934982004,0.8524572490089731,0.0009547444892272772,0.0008133699623724919,0.008790570215437452,1144,0.0033930957202664746,0.8261045451989789,True,0.05,36,paired cluster influence sandwich; asymptotic Bonferroni bounds,,,,,0.00012854323199140705,0.0008262012572358701
302,1.0,test,source,evaluation,auto_s:E2,auto_s,1.0,2.0,1.9909995955023065,0.8534119934982004,0.8048413113068286,0.04857068219137184,0.0063114739249833145,0.010367605041369413,1144,0.0674914573940428,0.7737609128595915,True,0.05,36,paired cluster influence sandwich; asymptotic Bonferroni bounds,,,,,0.04747391816357349,0.001096764027798347
302,1.0,test,source,evaluation,auto_s:E8,auto_s,1.0,8.0,7.998197999765249,0.8534119934982004,0.8056042775870362,0.04780771591116417,0.0062438891817924655,0.010334006830844312,1144,0.06652588301495946,0.7746246011258381,True,0.05,36,paired cluster influence sandwich; asymptotic Bonferroni bounds,,,,,0.04747391816357349,0.0003337977475906806
302,1.0,test,state_CO,evaluation,standard_c1:E2,standard_c1,1.0,2.0,1.9909995955023065,0.8218054476165506,0.8022432586239364,0.019562188992614193,0.005195640502953699,0.010198810942190686,1201,0.03513626398458484,0.7716720429379569,True,0.05,36,paired cluster influence sandwich; asymptotic Bonferroni bounds,,,,,0.020566151784608744,-0.0010039627919945504
302,1.0,test,state_CO,evaluation,standard_c1:E8,standard_c1,1.0,8.0,7.998197999765249,0.8218054476165506,0.8017386762880635,0.02006677132848711,0.00516019852781814,0.010212657848706085,1201,0.03553460802735203,0.7711259541198023,True,0.05,36,paired cluster influence sandwich; asymptotic Bonferroni bounds,,,,,0.020566151784608744,-0.0004993804561216342
302,1.0,test,state_CO,evaluation,standard_c5:E2,standard_c5,5.0,2.0,1.9909995955023065,0.8218054476165506,0.8146528629585588,0.007152584657991845,0.0032207500370415383,0.009921077187052969,1201,0.01680687128131794,0.7849141618254737,True,0.05,36,paired cluster influence sandwich; asymptotic Bonferroni bounds,,,,,-2.080751900668254e-06,0.007154665409892513
302,1.0,test,state_CO,evaluation,standard_c5:E8,standard_c5,5.0,8.0,7.998197999765249,0.8218054476165506,0.821921969722979,-0.00011652210642842942,0.0011466489111102627,0.009739375492689982,1201,0.003320589472199946,0.7927279244052007,True,0.05,36,paired cluster influence sandwich; asymptotic Bonferroni bounds,,,,,-2.080751900668254e-06,-0.00011444135452776116
302,1.0,test,state_CO,evaluation,auto_s:E2,auto_s,1.0,2.0,1.9909995955023065,0.8218054476165506,0.790235759594087,0.03156968802246363,0.006654368902826505,0.010407393362730031,1201,0.051516341425050086,0.7590393123783972,True,0.05,36,paired cluster influence sandwich; asymptotic Bonferroni bounds,,,,,0.03249978412199017,-0.000930096099526545
302,1.0,test,state_CO,evaluation,auto_s:E8,auto_s,1.0,8.0,7.998197999765249,0.8218054476165506,0.7897072486113583,0.032098199005192285,0.006624386841328951,0.010417521265891735,1201,0.05195498035563978,0.7584804427280005,True,0.05,36,paired cluster influence sandwich; asymptotic Bonferroni bounds,,,,,0.03249978412199017,-0.0004015851167978868
302,1.0,test,state_UT,evaluation,standard_c1:E2,standard_c1,1.0,2.0,1.9909995955023065,0.8681613338304816,0.8530788670542581,0.015082466776223491,0.0047467721487325755,0.008945066220342749,1139,0.029312656113280357,0.8262627524484671,True,0.05,36,paired cluster influence sandwich; asymptotic Bonferroni bounds,,,,,0.015313778833450531,-0.00023131205722703996
302,1.0,test,state_UT,evaluation,standard_c1:E8,standard_c1,1.0,8.0,7.998197999765249,0.8681613338304816,0.8530961291480811,0.015065204682400468,0.004645193220002144,0.008942208273575761,1139,0.02899087394914484,0.8262885822852396,True,0.05,36,paired cluster influence sandwich; asymptotic Bonferroni bounds,,,,,0.015313778833450531,-0.00024857415105006275
302,1.0,test,state_UT,evaluation,standard_c5:E2,standard_c5,5.0,2.0,1.9909995955023065,0.8681613338304816,0.8611253043882543,0.007036029442227254,0.0026681321459013,0.008352928681837134,1139,0.015034733492642036,0.8360843390886638,True,0.05,36,paired cluster influence sandwich; asymptotic Bonferroni bounds,,,,,-0.00020944673838507732,0.007245476180612331
302,1.0,test,state_UT,evaluation,standard_c5:E8,standard_c5,5.0,8.0,7.998197999765249,0.8681613338304816,0.8688276506520469,-0.0006663168215653714,0.0009052160042968532,0.008128855383632392,1139,0.002047399937625974,0.8444584271927896,True,0.05,36,paired cluster influence sandwich; asymptotic Bonferroni bounds,,,,,-0.00020944673838507732,-0.0004568700831802941
302,1.0,test,state_UT,evaluation,auto_s:E2,auto_s,1.0,2.0,1.9909995955023065,0.8681613338304816,0.8447332200939979,0.02342811373648368,0.0060051525601242895,0.009243545413660084,1139,0.0414307595873694,0.8170223047054873,True,0.05,36,paired cluster influence sandwich; asymptotic Bonferroni bounds,,,,,0.023887285432173666,-0.00045917169568998606
302,1.0,test,state_UT,evaluation,auto_s:E8,auto_s,1.0,8.0,7.998197999765249,0.8681613338304816,0.8444535741740662,0.02370775965641536,0.005922054750694777,0.009235591045733993,1139,0.041461289365926496,0.8167665049189066,True,0.05,36,paired cluster influence sandwich; asymptotic Bonferroni bounds,,,,,0.023887285432173666,-0.00017952577575830464
303,1.0,validation,source,sandwich,standard_c1:E2,standard_c1,1.0,2.0,1.9909995955023065,0.8762486244418102,0.8414730263129941,0.03477559812881603,0.004476368880385657,0.00911953034711608,1131,0.048195362569603384,0.8141334677692028,True,0.05,36,paired cluster influence sandwich; asymptotic Bonferroni bounds,,,,,,
303,1.0,validation,source,concentration,standard_c1:E2,standard_c1,1.0,2.0,1.9909995955023065,0.8762486244418102,0.8414730263129941,0.03477559812881603,,,1131,0.2762611494639004,0.7207302506454519,,0.05,36,cluster bounded differences plus within-pair bias; assumption-dependent sensitivity,0.1207427756675422,0.2414855513350844,0.000419571803075302,False,,
303,1.0,validation,source,sandwich,standard_c1:E8,standard_c1,1.0,8.0,7.998197999765249,0.8762486244418102,0.8421252214701797,0.03412340297163052,0.004395866855508561,0.009079377703217087,1131,0.047301829345845495,0.8149060370593514,True,0.05,36,paired cluster influence sandwich; asymptotic Bonferroni bounds,,,,,,
303,1.0,validation,source,concentration,standard_c1:E8,standard_c1,1.0,8.0,7.998197999765249,0.8762486244418102,0.8421252214701797,0.03412340297163052,,,1131,0.2756089543067149,0.7213824458026374,,0.05,36,cluster bounded differences plus within-pair bias; assumption-dependent sensitivity,0.1207427756675422,0.2414855513350844,0.000419571803075302,False,,
303,1.0,validation,source,sandwich,standard_c5:E2,standard_c5,5.0,2.0,1.9909995955023065,0.8762486244418102,0.86673337327232,0.009515251169490146,0.002650376619505429,0.008290391444597207,1131,0.017460849681038386,0.841879501019766,True,0.05,36,paired cluster influence sandwich; asymptotic Bonferroni bounds,,,,,,
303,1.0,validation,source,concentration,standard_c5:E2,standard_c5,5.0,2.0,1.9909995955023065,0.8762486244418102,0.86673337327232,0.009515251169490146,,,1131,0.2510008025045745,0.7459905976047778,,0.05,36,cluster bounded differences plus within-pair bias; assumption-dependent sensitivity,0.1207427756675422,0.2414855513350844,0.000419571803075302,False,,
303,1.0,validation,source,sandwich,standard_c5:E8,standard_c5,5.0,8.0,7.998197999765249,0.8762486244418102,0.8759023449283859,0.00034627951342425245,0.0008272776949751394,0.007933278991152592,1131,0.0028263860663782676,0.8521190647409983,True,0.05,36,paired cluster influence sandwich; asymptotic Bonferroni bounds,,,,,,
303,1.0,validation,source,concentration,standard_c5:E8,standard_c5,5.0,8.0,7.998197999765249,0.8762486244418102,0.8759023449283859,0.00034627951342425245,,,1131,0.24183183084850865,0.7551595692608437,,0.05,36,cluster bounded differences plus within-pair bias; assumption-dependent sensitivity,0.1207427756675422,0.2414855513350844,0.000419571803075302,False,,
303,1.0,validation,source,sandwich,auto_s:E2,auto_s,1.0,2.0,1.9909995955023065,0.8762486244418102,0.8255755038048258,0.05067312063698437,0.005622030952352295,0.009580512567367855,1131,0.06752748029218847,0.7968539606720796,True,0.05,36,paired cluster influence sandwich; asymptotic Bonferroni bounds,,,,,,
303,1.0,validation,source,concentration,auto_s:E2,auto_s,1.0,2.0,1.9909995955023065,0.8762486244418102,0.8255755038048258,0.05067312063698437,,,1131,0.29215867197206874,0.7048327281372836,,0.05,36,cluster bounded differences plus within-pair bias; assumption-dependent sensitivity,0.1207427756675422,0.2414855513350844,0.000419571803075302,False,,
303,1.0,validation,source,sandwich,auto_s:E8,auto_s,1.0,8.0,7.998197999765249,0.8762486244418102,0.8262335411010413,0.05001508334076887,0.005564369456728078,0.009548232122022387,1131,0.0666965788488802,0.7976087719349085,True,0.05,36,paired cluster influence sandwich; asymptotic Bonferroni bounds,,,,,,
303,1.0,validation,source,concentration,auto_s:E8,auto_s,1.0,8.0,7.998197999765249,0.8762486244418102,0.8262335411010413,0.05001508334076887,,,1131,0.29150063467585324,0.7054907654334991,,0.05,36,cluster bounded differences plus within-pair bias; assumption-dependent sensitivity,0.1207427756675422,0.2414855513350844,0.000419571803075302,False,,
303,1.0,validation,state_OR,sandwich,standard_c1:E2,standard_c1,1.0,2.0,1.9909995955023065,0.8257765118158952,0.8056202836898648,0.02015622812603035,0.0050436796615426745,0.010403063784970216,1231,0.03527403080598,0.7744383934585557,True,0.05,36,paired cluster influence sandwich; asymptotic Bonferroni bounds,,,,,,
303,1.0,validation,state_OR,concentration,standard_c1:E2,standard_c1,1.0,2.0,1.9909995955023065,0.8257765118158952,0.8056202836898648,0.02015622812603035,,,1231,0.2527296610998948,0.6893335672029326,,0.05,36,cluster bounded differences plus within-pair bias; assumption-dependent sensitivity,0.11628671648693223,0.23257343297386446,0.00042449613663356504,False,,
303,1.0,validation,state_OR,sandwich,standard_c1:E8,standard_c1,1.0,8.0,7.998197999765249,0.8257765118158952,0.8062508185098378,0.019525693306057357,0.004984005718719653,0.010381856674945626,1231,0.03446463076195011,0.775132493954043,True,0.05,36,paired cluster influence sandwich; asymptotic Bonferroni bounds,,,,,,
303,1.0,validation,state_OR,concentration,standard_c1:E8,standard_c1,1.0,8.0,7.998197999765249,0.8257765118158952,0.8062508185098378,0.019525693306057357,,,1231,0.2520991262799218,0.6899641020229056,,0.05,36,cluster bounded differences plus within-pair bias; assumption-dependent sensitivity,0.11628671648693223,0.23257343297386446,0.00042449613663356504,False,,
303,1.0,validation,state_OR,sandwich,standard_c5:E2,standard_c5,5.0,2.0,1.9909995955023065,0.8257765118158952,0.8161372883728703,0.009639223443024925,0.0032308530411264513,0.010067229724604798,1231,0.019323303725935985,0.7859620189816043,True,0.05,36,paired cluster influence sandwich; asymptotic Bonferroni bounds,,,,,,
303,1.0,validation,state_OR,concentration,standard_c5:E2,standard_c5,5.0,2.0,1.9909995955023065,0.8257765118158952,0.8161372883728703,0.009639223443024925,,,1231,0.24221265641688938,0.699850571885938,,0.05,36,cluster bounded differences plus within-pair bias; assumption-dependent sensitivity,0.11628671648693223,0.23257343297386446,0.00042449613663356504,False,,
303,1.0,validation,state_OR,sandwich,standard_c5:E8,standard_c5,5.0,8.0,7.998197999765249,0.8257765118158952,0.8252492785823635,0.0005272332335316543,0.0010204293797138526,0.009847396680244397,1231,0.0035858434242151366,0.7957329314086432,True,0.05,36,paired cluster influence sandwich; asymptotic Bonferroni bounds,,,,,,
303,1.0,validation,state_OR,concentration,standard_c5:E8,standard_c5,5.0,8.0,7.998197999765249,0.8257765118158952,0.8252492785823635,0.0005272332335316543,,,1231,0.2331006662073961,0.7089625620954313,,0.05,36,cluster bounded differences plus within-pair bias; assumption-dependent sensitivity,0.11628671648693223,0.23257343297386446,0.00042449613663356504,False,,
303,1.0,validation,state_OR,sandwich,auto_s:E2,auto_s,1.0,2.0,1.9909995955023065,0.8257765118158952,0.794506049069947,0.031270462745948135,0.006343193560172361,0.010661405695243409,1231,0.05028339676207919,0.7625498110835157,True,0.05,36,paired cluster influence sandwich; asymptotic Bonferroni bounds,,,,,,
303,1.0,validation,state_OR,concentration,auto_s:E2,auto_s,1.0,2.0,1.9909995955023065,0.8257765118158952,0.794506049069947,0.031270462745948135,,,1231,0.2638438957198126,0.6782193325830148,,0.05,36,cluster bounded differences plus within-pair bias; assumption-dependent sensitivity,0.11628671648693223,0.23257343297386446,0.00042449613663356504,False,,
303,1.0,validation,state_OR,sandwich,auto_s:E8,auto_s,1.0,8.0,7.998197999765249,0.8257765118158952,0.7951755336684143,0.030600978147480862,0.006316782871281833,0.010639031728686835,1231,0.04953474940743354,0.7632863588648708,True,0.05,36,paired cluster influence sandwich; asymptotic Bonferroni bounds,,,,,,
303,1.0,validation,state_OR,concentration,auto_s:E8,auto_s,1.0,8.0,7.998197999765249,0.8257765118158952,0.7951755336684143,0.030600978147480862,,,1231,0.2631744111213453,0.6788888171814821,,0.05,36,cluster bounded differences plus within-pair bias; assumption-dependent sensitivity,0.11628671648693223,0.23257343297386446,0.00042449613663356504,False,,
303,1.0,validation,state_WA,sandwich,standard_c1:E2,standard_c1,1.0,2.0,1.9909995955023065,0.8340275944189899,0.800284745411716,0.03374284900727387,0.005163673820660142,0.00989611763839976,1201,0.049221102991805425,0.7706208612106857,True,0.05,36,paired cluster influence sandwich; asymptotic Bonferroni bounds,,,,,,
303,1.0,validation,state_WA,concentration,standard_c1:E2,standard_c1,1.0,2.0,1.9909995955023065,0.8340275944189899,0.800284745411716,0.03374284900727387,,,1201,0.265398732229106,0.6844568038008,,0.05,36,cluster bounded differences plus within-pair bias; assumption-dependent sensitivity,0.11582794161091603,0.23165588322183206,0.0004245295229220056,False,,
303,1.0,validation,state_WA,sandwich,standard_c1:E8,standard_c1,1.0,8.0,7.998197999765249,0.8340275944189899,0.8018109808185135,0.03221661360047634,0.00505937951944802,0.009871363977251264,1201,0.04738224255496793,0.7722212963960925,True,0.05,36,paired cluster influence sandwich; asymptotic Bonferroni bounds,,,,,,
303,1.0,validation,state_WA,concentration,standard_c1:E8,standard_c1,1.0,8.0,7.998197999765249,0.8340275944189899,0.8018109808185135,0.03221661360047634,,,1201,0.26387249682230846,0.6859830392075975,,0.05,36,cluster bounded differences plus within-pair bias; assumption-dependent sensitivity,0.11582794161091603,0.23165588322183206,0.0004245295229220056,False,,
303,1.0,validation,state_WA,sandwich,standard_c5:E2,standard_c5,5.0,2.0,1.9909995955023065,0.8340275944189899,0.819549066811628,0.014478527607361902,0.0035184880543907703,0.00926611434384345,1201,0.025025292108539914,0.7917736347752597,True,0.05,36,paired cluster influence sandwich; asymptotic Bonferroni bounds,,,,,,
303,1.0,validation,state_WA,concentration,standard_c5:E2,standard_c5,5.0,2.0,1.9909995955023065,0.8340275944189899,0.819549066811628,0.014478527607361902,,,1201,0.24613441082919396,0.703721125200712,,0.05,36,cluster bounded differences plus within-pair bias; assumption-dependent sensitivity,0.11582794161091603,0.23165588322183206,0.0004245295229220056,False,,
303,1.0,validation,state_WA,sandwich,standard_c5:E8,standard_c5,5.0,8.0,7.998197999765249,0.8340275944189899,0.8325158551422431,0.0015117392767467486,0.0010965127995911674,0.008910313753256452,1201,0.0047985664852074235,0.8058069451404227,True,0.05,36,paired cluster influence sandwich; asymptotic Bonferroni bounds,,,,,,
303,1.0,validation,state_WA,concentration,standard_c5:E8,standard_c5,5.0,8.0,7.998197999765249,0.8340275944189899,0.8325158551422431,0.0015117392767467486,,,1201,0.2331676224985788,0.7166879135313271,,0.05,36,cluster bounded differences plus within-pair bias; assumption-dependent sensitivity,0.11582794161091603,0.23165588322183206,0.0004245295229220056,False,,
303,1.0,validation,state_WA,sandwich,auto_s:E2,auto_s,1.0,2.0,1.9909995955023065,0.8340275944189899,0.7875493774429863,0.04647821697600363,0.006324010674691164,0.010214483425833852,1201,0.06543461252370782,0.7569311830571852,True,0.05,36,paired cluster influence sandwich; asymptotic Bonferroni bounds,,,,,,
303,1.0,validation,state_WA,concentration,auto_s:E2,auto_s,1.0,2.0,1.9909995955023065,0.8340275944189899,0.7875493774429863,0.04647821697600363,,,1201,0.27813410019783574,0.6717214358320702,,0.05,36,cluster bounded differences plus within-pair bias; assumption-dependent sensitivity,0.11582794161091603,0.23165588322183206,0.0004245295229220056,False,,
303,1.0,validation,state_WA,sandwich,auto_s:E8,auto_s,1.0,8.0,7.998197999765249,0.8340275944189899,0.7888617949315319,0.045165799487458025,0.006244283872544896,0.01019161747622091,1201,0.06388321175777995,0.7583121418572076,True,0.05,36,paired cluster influence sandwich; asymptotic Bonferroni bounds,,,,,,
303,1.0,validation,state_WA,concentration,auto_s:E8,auto_s,1.0,8.0,7.998197999765249,0.8340275944189899,0.7888617949315319,0.045165799487458025,,,1201,0.27682168270929014,0.6730338533206158,,0.05,36,cluster bounded differences plus within-pair bias; assumption-dependent sensitivity,0.11582794161091603,0.23165588322183206,0.0004245295229220056,False,,
303,1.0,test,source,evaluation,standard_c1:E2,standard_c1,1.0,2.0,1.9909995955023065,0.8725025042499511,0.8420556047399944,0.030446899509956715,0.004273034690723157,0.008995860261426137,1152,0.04325657041425403,0.8150878832515426,True,0.05,36,paired cluster influence sandwich; asymptotic Bonferroni bounds,,,,,0.028614952346513456,0.0018319471634432594
303,1.0,test,source,evaluation,standard_c1:E8,standard_c1,1.0,8.0,7.998197999765249,0.8725025042499511,0.843369037079525,0.029133467170426086,0.004174928934898298,0.008947688108426988,1152,0.041649037385893956,0.8165457257050398,True,0.05,36,paired cluster influence sandwich; asymptotic Bonferroni bounds,,,,,0.028614952346513456,0.0005185148239126303
303,1.0,test,source,evaluation,standard_c5:E2,standard_c5,5.0,2.0,1.9909995955023065,0.8725025042499511,0.8601111429770855,0.012391361272865664,0.00264432892034303,0.008489642648637061,1152,0.02031851040316619,0.8346609567990455,True,0.05,36,paired cluster influence sandwich; asymptotic Bonferroni bounds,,,,,0.00022964283784510098,0.012161718435020563
303,1.0,test,source,evaluation,standard_c5:E8,standard_c5,5.0,8.0,7.998197999765249,0.8725025042499511,0.870616523477603,0.0018859807723481392,0.0008289116503432393,0.008144061020971113,1152,0.00437088581481993,0.846202319275226,True,0.05,36,paired cluster influence sandwich; asymptotic Bonferroni bounds,,,,,0.00022964283784510098,0.0016563379345030382
303,1.0,test,source,evaluation,auto_s:E2,auto_s,1.0,2.0,1.9909995955023065,0.8725025042499511,0.8276681172612441,0.04483438698870701,0.0054345184041008285,0.00938150457011156,1152,0.061125944937209714,0.7995443141966001,True,0.05,36,paired cluster influence sandwich; asymptotic Bonferroni bounds,,,,,0.04336612757750691,0.0014682594112001013
303,1.0,test,source,evaluation,auto_s:E8,auto_s,1.0,8.0,7.998197999765249,0.8725025042499511,0.8287176162034323,0.04378488804651881,0.005377526187040558,0.009345387229500844,1152,0.05990559516007901,0.8007020854278399,True,0.05,36,paired cluster influence sandwich; asymptotic Bonferroni bounds,,,,,0.04336612757750691,0.0004187604690119029
303,1.0,test,state_CO,evaluation,standard_c1:E2,standard_c1,1.0,2.0,1.9909995955023065,0.8318258470029127,0.8094673318113454,0.022358515191567285,0.005231811492115358,0.009578840944675425,1197,0.03804112260834342,0.7807542938378867,True,0.05,36,paired cluster influence sandwich; asymptotic Bonferroni bounds,,,,,0.021576459181855467,0.0007820560097118179
303,1.0,test,state_CO,evaluation,standard_c1:E8,standard_c1,1.0,8.0,7.998197999765249,0.8318258470029127,0.8100235756222266,0.021802271380686133,0.005084362071334817,0.009554859330505166,1197,0.0370428920432726,0.7813824236945132,True,0.05,36,paired cluster influence sandwich; asymptotic Bonferroni bounds,,,,,0.021576459181855467,0.00022581219883066606
303,1.0,test,state_CO,evaluation,standard_c5:E2,standard_c5,5.0,2.0,1.9909995955023065,0.8318258470029127,0.8310292892923584,0.0007965577105543131,0.003496369280685749,0.008883366379912879,1197,0.011277093352120496,0.8044009698879769,True,0.05,36,paired cluster influence sandwich; asymptotic Bonferroni bounds,,,,,0.0001926654540481687,0.0006038922565061444
303,1.0,test,state_CO,evaluation,standard_c5:E8,standard_c5,5.0,8.0,7.998197999765249,0.8318258470029127,0.83322318946265,-0.0013973424597372164,0.0010697372571125247,0.008854796406858888,1197,0.0018092465902844529,0.806680509931186,True,0.05,36,paired cluster influence sandwich; asymptotic Bonferroni bounds,,,,,0.0001926654540481687,-0.001590007913785385
303,1.0,test,state_CO,evaluation,auto_s:E2,auto_s,1.0,2.0,1.9909995955023065,0.8318258470029127,0.7983082730131633,0.033517573989749416,0.006313771460471516,0.009857411919406022,1197,0.05244340862332586,0.7687602051000761,True,0.05,36,paired cluster influence sandwich; asymptotic Bonferroni bounds,,,,,0.032855674929873846,0.0006618990598755703
303,1.0,test,state_CO,evaluation,auto_s:E8,auto_s,1.0,8.0,7.998197999765249,0.8318258470029127,0.7987723274401185,0.03305351956279423,0.00623411711740591,0.009841983200328464,1197,0.051740586459187915,0.769270507857003,True,0.05,36,paired cluster influence sandwich; asymptotic Bonferroni bounds,,,,,0.032855674929873846,0.00019784463292038534
303,1.0,test,state_UT,evaluation,standard_c1:E2,standard_c1,1.0,2.0,1.9909995955023065,0.8610486569981978,0.8368523127091736,0.024196344289024174,0.00454944260828797,0.009296062388334896,1129,0.03783523072943917,0.8089834175116529,True,0.05,36,paired cluster influence sandwich; asymptotic Bonferroni bounds,,,,,0.020796361451986378,0.003399982837037796
303,1.0,test,state_UT,evaluation,standard_c1:E8,standard_c1,1.0,8.0,7.998197999765249,0.8610486569981978,0.8391498612660545,0.02189879573214326,0.004440743584656521,0.009231790640150747,1129,0.035211810682984464,0.8114736479309698,True,0.05,36,paired cluster influence sandwich; asymptotic Bonferroni bounds,,,,,0.020796361451986378,0.0011024342801568832
303,1.0,test,state_UT,evaluation,standard_c5:E2,standard_c5,5.0,2.0,1.9909995955023065,0.8610486569981978,0.8488326325123716,0.012216024485826149,0.0028073063045304376,0.008875595831257362,1129,0.020632117442180714,0.8222242643986579,True,0.05,36,paired cluster influence sandwich; asymptotic Bonferroni bounds,,,,,0.0002002345604851241,0.012015789925341025
303,1.0,test,state_UT,evaluation,standard_c5:E8,standard_c5,5.0,8.0,7.998197999765249,0.8610486569981978,0.8586607168397267,0.0023879401584711024,0.0008568489573873456,0.008609840861805253,1129,0.004956708825890738,0.832849062117392,True,0.05,36,paired cluster influence sandwich; asymptotic Bonferroni bounds,,,,,0.0002002345604851241,0.0021877055979859783
303,1.0,test,state_UT,evaluation,auto_s:E2,auto_s,1.0,2.0,1.9909995955023065,0.8610486569981978,0.8284607683286136,0.032587888669584175,0.00561609848067209,0.009509229386187071,1129,0.0494245291135217,0.7999528145195492,True,0.05,36,paired cluster influence sandwich; asymptotic Bonferroni bounds,,,,,0.02960210532337859,0.002985783346205584
303,1.0,test,state_UT,evaluation,auto_s:E8,auto_s,1.0,8.0,7.998197999765249,0.8610486569981978,0.8305157470179353,0.03053290998026248,0.005545621517546794,0.00945676133031574,1129,0.047158265794522494,0.8021650884903797,True,0.05,36,paired cluster influence sandwich; asymptotic Bonferroni bounds,,,,,0.02960210532337859,0.0009308046568838879
304,1.0,validation,source,sandwich,standard_c1:E2,standard_c1,1.0,2.0,1.9909995955023065,0.8679613819516476,0.8223910210377935,0.045570360913854135,0.004995885448768837,0.009959167363259133,1144,0.06054721523314058,0.7925350525071937,True,0.05,36,paired cluster influence sandwich; asymptotic Bonferroni bounds,,,,,,
304,1.0,validation,source,concentration,standard_c1:E2,standard_c1,1.0,2.0,1.9909995955023065,0.8679613819516476,0.8223910210377935,0.045570360913854135,,,1144,0.28748041339783365,0.7014359947958038,,0.05,36,cluster bounded differences plus within-pair bias; assumption-dependent sensitivity,0.12095502624198975,0.2419100524839795,0.0004351179552647677,False,,
304,1.0,validation,source,sandwich,standard_c1:E8,standard_c1,1.0,8.0,7.998197999765249,0.8679613819516476,0.823199553179606,0.0447618287720416,0.004920364549169282,0.009947090795054077,1144,0.059512283682662113,0.7933797882418505,True,0.05,36,paired cluster influence sandwich; asymptotic Bonferroni bounds,,,,,,
304,1.0,validation,source,concentration,standard_c1:E8,standard_c1,1.0,8.0,7.998197999765249,0.8679613819516476,0.823199553179606,0.0447618287720416,,,1144,0.2866718812560211,0.7022445269376163,,0.05,36,cluster bounded differences plus within-pair bias; assumption-dependent sensitivity,0.12095502624198975,0.2419100524839795,0.0004351179552647677,False,,
304,1.0,validation,source,sandwich,standard_c5:E2,standard_c5,5.0,2.0,1.9909995955023065,0.8679613819516476,0.8593728556610548,0.008588526290592813,0.0025634351899990297,0.008633836922709437,1144,0.01627328924027354,0.833490012842919,True,0.05,36,paired cluster influence sandwich; asymptotic Bonferroni bounds,,,,,,
304,1.0,validation,source,concentration,standard_c5:E2,standard_c5,5.0,2.0,1.9909995955023065,0.8679613819516476,0.8593728556610548,0.008588526290592813,,,1144,0.2504985787745723,0.7384178294190651,,0.05,36,cluster bounded differences plus within-pair bias; assumption-dependent sensitivity,0.12095502624198975,0.2419100524839795,0.0004351179552647677,False,,
304,1.0,validation,source,sandwich,standard_c5:E8,standard_c5,5.0,8.0,7.998197999765249,0.8679613819516476,0.8663017633447699,0.0016596186068776886,0.0008756644929727468,0.008446546174625579,1144,0.004284718737437444,0.840980387813698,True,0.05,36,paired cluster influence sandwich; asymptotic Bonferroni bounds,,,,,,
304,1.0,validation,source,concentration,standard_c5:E8,standard_c5,5.0,8.0,7.998197999765249,0.8679613819516476,0.8663017633447699,0.0016596186068776886,,,1144,0.2435696710908572,0.7453467371027802,,0.05,36,cluster bounded differences plus within-pair bias; assumption-dependent sensitivity,0.12095502624198975,0.2419100524839795,0.0004351179552647677,False,,
304,1.0,validation,source,sandwich,auto_s:E2,auto_s,1.0,2.0,1.9909995955023065,0.8679613819516476,0.8038548897577064,0.06410649219394127,0.006307794032492125,0.010527203753496618,1144,0.08301623567574586,0.7722960402559792,True,0.05,36,paired cluster influence sandwich; asymptotic Bonferroni bounds,,,,,,
304,1.0,validation,source,concentration,auto_s:E2,auto_s,1.0,2.0,1.9909995955023065,0.8679613819516476,0.8038548897577064,0.06410649219394127,,,1144,0.3060165446779208,0.6828998635157166,,0.05,36,cluster bounded differences plus within-pair bias; assumption-dependent sensitivity,0.12095502624198975,0.2419100524839795,0.0004351179552647677,False,,
304,1.0,validation,source,sandwich,auto_s:E8,auto_s,1.0,8.0,7.998197999765249,0.8679613819516476,0.8045352270007182,0.0634261549509294,0.006257876528737433,0.010517747709598547,1144,0.0821862538523322,0.773004725184972,True,0.05,36,paired cluster influence sandwich; asymptotic Bonferroni bounds,,,,,,
304,1.0,validation,source,concentration,auto_s:E8,auto_s,1.0,8.0,7.998197999765249,0.8679613819516476,0.8045352270007182,0.0634261549509294,,,1144,0.3053362074349089,0.6835802007587285,,0.05,36,cluster bounded differences plus within-pair bias; assumption-dependent sensitivity,0.12095502624198975,0.2419100524839795,0.0004351179552647677,False,,
304,1.0,validation,state_OR,sandwich,standard_c1:E2,standard_c1,1.0,2.0,1.9909995955023065,0.8329185617437569,0.8194444921193397,0.013474069624417218,0.0050541691079530725,0.009666668246928202,1216,0.028623691927437248,0.7904691314336206,True,0.05,36,paired cluster influence sandwich; asymptotic Bonferroni bounds,,,,,,
304,1.0,validation,state_OR,concentration,standard_c1:E2,standard_c1,1.0,2.0,1.9909995955023065,0.8329185617437569,0.8194444921193397,0.013474069624417218,,,1216,0.24990584590097764,0.7012286039810595,,0.05,36,cluster bounded differences plus within-pair bias; assumption-dependent sensitivity,0.11821588813828021,0.23643177627656042,0.0004233530707400097,False,,
304,1.0,validation,state_OR,sandwich,standard_c1:E8,standard_c1,1.0,8.0,7.998197999765249,0.8329185617437569,0.8192476901513203,0.013670871592436629,0.004942645135824941,0.0096647347113962,1216,0.02848620629656823,0.7902781251428715,True,0.05,36,paired cluster influence sandwich; asymptotic Bonferroni bounds,,,,,,
304,1.0,validation,state_OR,concentration,standard_c1:E8,standard_c1,1.0,8.0,7.998197999765249,0.8329185617437569,0.8192476901513203,0.013670871592436629,,,1216,0.25010264786899705,0.70103180201304,,0.05,36,cluster bounded differences plus within-pair bias; assumption-dependent sensitivity,0.11821588813828021,0.23643177627656042,0.0004233530707400097,False,,
304,1.0,validation,state_OR,sandwich,standard_c5:E2,standard_c5,5.0,2.0,1.9909995955023065,0.8329185617437569,0.8325466975599989,0.00037186418375800834,0.0031118424841304337,0.009301459128691406,1216,0.009699458352873688,0.8046660331704921,True,0.05,36,paired cluster influence sandwich; asymptotic Bonferroni bounds,,,,,,
304,1.0,validation,state_OR,concentration,standard_c5:E2,standard_c5,5.0,2.0,1.9909995955023065,0.8329185617437569,0.8325466975599989,0.00037186418375800834,,,1216,0.23680364046031843,0.7143308094217187,,0.05,36,cluster bounded differences plus within-pair bias; assumption-dependent sensitivity,0.11821588813828021,0.23643177627656042,0.0004233530707400097,False,,
304,1.0,validation,state_OR,sandwich,standard_c5:E8,standard_c5,5.0,8.0,7.998197999765249,0.8329185617437569,0.8341382762664837,-0.0012197145227268447,0.0010275789337511087,0.009211787419034499,1216,0.001860402584627744,0.8065263983982729,True,0.05,36,paired cluster influence sandwich; asymptotic Bonferroni bounds,,,,,,
304,1.0,validation,state_OR,concentration,standard_c5:E8,standard_c5,5.0,8.0,7.998197999765249,0.8329185617437569,0.8341382762664837,-0.0012197145227268447,,,1216,0.23521206175383358,0.7159223881282035,,0.05,36,cluster bounded differences plus within-pair bias; assumption-dependent sensitivity,0.11821588813828021,0.23643177627656042,0.0004233530707400097,False,,
304,1.0,validation,state_OR,sandwich,auto_s:E2,auto_s,1.0,2.0,1.9909995955023065,0.8329185617437569,0.8095923796447266,0.023326182099030257,0.006182906085943457,0.00991462684628038,1216,0.041859137751363566,0.7798737753027832,True,0.05,36,paired cluster influence sandwich; asymptotic Bonferroni bounds,,,,,,
304,1.0,validation,state_OR,concentration,auto_s:E2,auto_s,1.0,2.0,1.9909995955023065,0.8329185617437569,0.8095923796447266,0.023326182099030257,,,1216,0.2597579583755907,0.6913764915064464,,0.05,36,cluster bounded differences plus within-pair bias; assumption-dependent sensitivity,0.11821588813828021,0.23643177627656042,0.0004233530707400097,False,,
304,1.0,validation,state_OR,sandwich,auto_s:E8,auto_s,1.0,8.0,7.998197999765249,0.8329185617437569,0.8094682342172259,0.02345032752653098,0.006103996187383796,0.009902168453075495,1216,0.04174675465486469,0.7797869732936615,True,0.05,36,paired cluster influence sandwich; asymptotic Bonferroni bounds,,,,,,
304,1.0,validation,state_OR,concentration,auto_s:E8,auto_s,1.0,8.0,7.998197999765249,0.8329185617437569,0.8094682342172259,0.02345032752653098,,,1216,0.2598821038030914,0.6912523460789457,,0.05,36,cluster bounded differences plus within-pair bias; assumption-dependent sensitivity,0.11821588813828021,0.23643177627656042,0.0004233530707400097,False,,
304,1.0,validation,state_WA,sandwich,standard_c1:E2,standard_c1,1.0,2.0,1.9909995955023065,0.8204075480735977,0.7904272967808471,0.029980251292750615,0.005005321579154471,0.01020533083686234,1223,0.04498327932199812,0.7598376808746791,True,0.05,36,paired cluster influence sandwich; asymptotic Bonferroni bounds,,,,,,
304,1.0,validation,state_WA,concentration,standard_c1:E2,standard_c1,1.0,2.0,1.9909995955023065,0.8204075480735977,0.7904272967808471,0.029980251292750615,,,1223,0.2593409464091723,0.6757469492226363,,0.05,36,cluster bounded differences plus within-pair bias; assumption-dependent sensitivity,0.11468034755821083,0.22936069511642165,0.00041706626914607745,False,,
304,1.0,validation,state_WA,sandwich,standard_c1:E8,standard_c1,1.0,8.0,7.998197999765249,0.8204075480735977,0.7915711319942477,0.028836416079350058,0.004841550476279169,0.010186010919580326,1223,0.04334855408126109,0.7610394259058448,True,0.05,36,paired cluster influence sandwich; asymptotic Bonferroni bounds,,,,,,
304,1.0,validation,state_WA,concentration,standard_c1:E8,standard_c1,1.0,8.0,7.998197999765249,0.8204075480735977,0.7915711319942477,0.028836416079350058,,,1223,0.25819711119577177,0.6768907844360369,,0.05,36,cluster bounded differences plus within-pair bias; assumption-dependent sensitivity,0.11468034755821083,0.22936069511642165,0.00041706626914607745,False,,
304,1.0,validation,state_WA,sandwich,standard_c5:E2,standard_c5,5.0,2.0,1.9909995955023065,0.8204075480735977,0.8083807608568854,0.012026787216712354,0.0037885185070721697,0.009931558737115992,1223,0.023382550967765543,0.7786117536611,True,0.05,36,paired cluster influence sandwich; asymptotic Bonferroni bounds,,,,,,
304,1.0,validation,state_WA,concentration,standard_c5:E2,standard_c5,5.0,2.0,1.9909995955023065,0.8204075480735977,0.8083807608568854,0.012026787216712354,,,1223,0.241387482333134,0.6937004132986746,,0.05,36,cluster bounded differences plus within-pair bias; assumption-dependent sensitivity,0.11468034755821083,0.22936069511642165,0.00041706626914607745,False,,
304,1.0,validation,state_WA,sandwich,standard_c5:E8,standard_c5,5.0,8.0,7.998197999765249,0.8204075480735977,0.8199698349594444,0.00043771311415330416,0.0013135373266388805,0.009737191428116031,1223,0.004374930137550827,0.790783427330696,True,0.05,36,paired cluster influence sandwich; asymptotic Bonferroni bounds,,,,,,
304,1.0,validation,state_WA,concentration,standard_c5:E8,standard_c5,5.0,8.0,7.998197999765249,0.8204075480735977,0.8199698349594444,0.00043771311415330416,,,1223,0.22979840823057496,0.7052894874012337,,0.05,36,cluster bounded differences plus within-pair bias; assumption-dependent sensitivity,0.11468034755821083,0.22936069511642165,0.00041706626914607745,False,,
304,1.0,validation,state_WA,sandwich,auto_s:E2,auto_s,1.0,2.0,1.9909995955023065,0.8204075480735977,0.7788722899725499,0.041535258101047856,0.0061626018573249465,0.010372298507981438,1223,0.060007135868821046,0.7477822025961349,True,0.05,36,paired cluster influence sandwich; asymptotic Bonferroni bounds,,,,,,
304,1.0,validation,state_WA,concentration,auto_s:E2,auto_s,1.0,2.0,1.9909995955023065,0.8204075480735977,0.7788722899725499,0.041535258101047856,,,1223,0.27089595321746957,0.6641919424143391,,0.05,36,cluster bounded differences plus within-pair bias; assumption-dependent sensitivity,0.11468034755821083,0.22936069511642165,0.00041706626914607745,False,,
304,1.0,validation,state_WA,sandwich,auto_s:E8,auto_s,1.0,8.0,7.998197999765249,0.8204075480735977,0.7798457887146409,0.040561759358956784,0.006048921596394254,0.010355249057392414,1223,0.058692890160896974,0.7488068056241396,True,0.05,36,paired cluster influence sandwich; asymptotic Bonferroni bounds,,,,,,
304,1.0,validation,state_WA,concentration,auto_s:E8,auto_s,1.0,8.0,7.998197999765249,0.8204075480735977,0.7798457887146409,0.040561759358956784,,,1223,0.2699224544753785,0.6651654411564302,,0.05,36,cluster bounded differences plus within-pair bias; assumption-dependent sensitivity,0.11468034755821083,0.22936069511642165,0.00041706626914607745,False,,
304,1.0,test,source,evaluation,standard_c1:E2,standard_c1,1.0,2.0,1.9909995955023065,0.8622212003242077,0.8236312516010901,0.038589948723117606,0.0048114114391798034,0.009306551924675254,1134,0.05301405739193233,0.7957311815300994,True,0.05,36,paired cluster influence sandwich; asymptotic Bonferroni bounds,,,,,0.0371673406993982,0.0014226080237194072
304,1.0,test,source,evaluation,standard_c1:E8,standard_c1,1.0,8.0,7.998197999765249,0.8622212003242077,0.8245614587664151,0.037659741557792614,0.004710264775064687,0.009261614457200924,1134,0.05178062309811773,0.7967961065266356,True,0.05,36,paired cluster influence sandwich; asymptotic Bonferroni bounds,,,,,0.0371673406993982,0.000492400858394415
304,1.0,test,source,evaluation,standard_c5:E2,standard_c5,5.0,2.0,1.9909995955023065,0.8622212003242077,0.856306090652153,0.005915109672054664,0.002617825850652883,0.008420931263792243,1134,0.013763077991364808,0.8310610187689917,True,0.05,36,paired cluster influence sandwich; asymptotic Bonferroni bounds,,,,,0.0004031597646556584,0.005511949907399005
304,1.0,test,source,evaluation,standard_c5:E8,standard_c5,5.0,8.0,7.998197999765249,0.8622212003242077,0.8610810141147913,0.0011401862094163606,0.0009194272281749441,0.008332173958963893,1134,0.003896532952966367,0.8361020273557519,True,0.05,36,paired cluster influence sandwich; asymptotic Bonferroni bounds,,,,,0.0004031597646556584,0.0007370264447607022
304,1.0,test,source,evaluation,auto_s:E2,auto_s,1.0,2.0,1.9909995955023065,0.8622212003242077,0.8079846631306195,0.05423653719358823,0.0060369849193662945,0.009735558597890447,1134,0.07233478707507815,0.7787984758875007,True,0.05,36,paired cluster influence sandwich; asymptotic Bonferroni bounds,,,,,0.05273623692355511,0.001500300270033117
304,1.0,test,source,evaluation,auto_s:E8,auto_s,1.0,8.0,7.998197999765249,0.8622212003242077,0.8090235344512618,0.05319766587294583,0.005958069724170666,0.0096832307135115,1134,0.07105933624642416,0.7799942207368845,True,0.05,36,paired cluster influence sandwich; asymptotic Bonferroni bounds,,,,,0.05273623692355511,0.00046142894939071866
304,1.0,test,state_CO,evaluation,standard_c1:E2,standard_c1,1.0,2.0,1.9909995955023065,0.8399497907418613,0.8094999809572978,0.030449809784563464,0.005017539101873096,0.009415923176845784,1192,0.045490256900389436,0.7812750500274798,True,0.05,36,paired cluster influence sandwich; asymptotic Bonferroni bounds,,,,,0.0292427140505519,0.0012070957340115651
304,1.0,test,state_CO,evaluation,standard_c1:E8,standard_c1,1.0,8.0,7.998197999765249,0.8399497907418613,0.8103484391331762,0.029601351608685045,0.004900833254359727,0.009375153031437744,1192,0.04429196425546279,0.7822457197503864,True,0.05,36,paired cluster influence sandwich; asymptotic Bonferroni bounds,,,,,0.0292427140505519,0.0003586375581331458
304,1.0,test,state_CO,evaluation,standard_c5:E2,standard_c5,5.0,2.0,1.9909995955023065,0.8399497907418613,0.832772278903648,0.007177511838213246,0.003149157507389447,0.008861786045588078,1192,0.01661734598551777,0.8062084152915687,True,0.05,36,paired cluster influence sandwich; asymptotic Bonferroni bounds,,,,,-0.00012959616776198057,0.007307108005975227
304,1.0,test,state_CO,evaluation,standard_c5:E8,standard_c5,5.0,8.0,7.998197999765249,0.8399497907418613,0.8397588347558937,0.0001909559859675225,0.001019423781728664,0.008630919016577556,1192,0.0032467546885588954,0.813887012256025,True,0.05,36,paired cluster influence sandwich; asymptotic Bonferroni bounds,,,,,-0.00012959616776198057,0.0003205521537295031
304,1.0,test,state_CO,evaluation,auto_s:E2,auto_s,1.0,2.0,1.9909995955023065,0.8399497907418613,0.7969682960166897,0.04298149472517154,0.006119662704405091,0.009715892304337238,1192,0.061325639415132596,0.7678441852884061,True,0.05,36,paired cluster influence sandwich; asymptotic Bonferroni bounds,,,,,0.04196376808527735,0.0010177266398941898
304,1.0,test,state_CO,evaluation,auto_s:E8,auto_s,1.0,8.0,7.998197999765249,0.8399497907418613,0.797640609197202,0.042309181544659236,0.006032155248455697,0.009677235608059963,1192,0.06039101611869992,0.7686323747947877,True,0.05,36,paired cluster influence sandwich; asymptotic Bonferroni bounds,,,,,0.04196376808527735,0.0003454134593818825
304,1.0,test,state_UT,evaluation,standard_c1:E2,standard_c1,1.0,2.0,1.9909995955023065,0.8624640307542009,0.8427847874598656,0.019679243294335236,0.004691038238904582,0.009346443387316104,1145,0.033742188323825126,0.8147657194234988,True,0.05,36,paired cluster influence sandwich; asymptotic Bonferroni bounds,,,,,0.020259511237591177,-0.000580267943255941
304,1.0,test,state_UT,evaluation,standard_c1:E8,standard_c1,1.0,8.0,7.998197999765249,0.8624640307542009,0.8425796536752381,0.019884377078962734,0.00462339551739286,0.009326843675008783,1145,0.03374454058636327,0.8146193422856379,True,0.05,36,paired cluster influence sandwich; asymptotic Bonferroni bounds,,,,,0.020259511237591177,-0.0003751341586284429
304,1.0,test,state_UT,evaluation,standard_c5:E2,standard_c5,5.0,2.0,1.9909995955023065,0.8624640307542009,0.8589880897737975,0.0034759409804033803,0.002881753979670463,0.008670160030410316,1145,0.012114955573915365,0.8329964056955598,True,0.05,36,paired cluster influence sandwich; asymptotic Bonferroni bounds,,,,,1.0200022439899037e-05,0.0034657409579634813
304,1.0,test,state_UT,evaluation,standard_c5:E8,standard_c5,5.0,8.0,7.998197999765249,0.8624640307542009,0.8636018999241799,-0.0011378691699790444,0.0009511152628273626,0.008511114907483493,1145,0.0017134146986797147,0.8380870064212947,True,0.05,36,paired cluster influence sandwich; asymptotic Bonferroni bounds,,,,,1.0200022439899037e-05,-0.0011480691924189435
304,1.0,test,state_UT,evaluation,auto_s:E2,auto_s,1.0,2.0,1.9909995955023065,0.8624640307542009,0.8345556360223993,0.02790839473180151,0.0056417169198174025,0.009598713464914274,1145,0.04482131483067111,0.8057803046487555,True,0.05,36,paired cluster influence sandwich; asymptotic Bonferroni bounds,,,,,0.02823706212153665,-0.00032866738973513776
304,1.0,test,state_UT,evaluation,auto_s:E8,auto_s,1.0,8.0,7.998197999765249,0.8624640307542009,0.834366368939345,0.028097661814855845,0.005598245863508363,0.009584690684836746,1145,0.044880262985566244,0.8056330755059924,True,0.05,36,paired cluster influence sandwich; asymptotic Bonferroni bounds,,,,,0.02823706212153665,-0.0001394003066808036
305,1.0,validation,source,sandwich,standard_c1:E2,standard_c1,1.0,2.0,1.9909995955023065,0.8640422554712676,0.8280804200792158,0.03596183539205178,0.004792761926719744,0.009426860992271422,1142,0.05032981323449291,0.7998201117368339,True,0.05,36,paired cluster influence sandwich; asymptotic Bonferroni bounds,,,,,,
305,1.0,validation,source,concentration,standard_c1:E2,standard_c1,1.0,2.0,1.9909995955023065,0.8640422554712676,0.8280804200792158,0.03596183539205178,,,1142,0.27476805684548583,0.7086773093524987,,0.05,36,cluster bounded differences plus within-pair bias; assumption-dependent sensitivity,0.11940311072671703,0.23880622145343405,0.00042691830021482276,False,,
305,1.0,validation,source,sandwich,standard_c1:E8,standard_c1,1.0,8.0,7.998197999765249,0.8640422554712676,0.8293952655075189,0.03464698996374871,0.004653781563365566,0.009385413347873286,1142,0.04859832562538911,0.8012592109556317,True,0.05,36,paired cluster influence sandwich; asymptotic Bonferroni bounds,,,,,,
305,1.0,validation,source,concentration,standard_c1:E8,standard_c1,1.0,8.0,7.998197999765249,0.8640422554712676,0.8293952655075189,0.03464698996374871,,,1142,0.27345321141718276,0.7099921547808019,,0.05,36,cluster bounded differences plus within-pair bias; assumption-dependent sensitivity,0.11940311072671703,0.23880622145343405,0.00042691830021482276,False,,
305,1.0,validation,source,sandwich,standard_c5:E2,standard_c5,5.0,2.0,1.9909995955023065,0.8640422554712676,0.8501312223080021,0.013911033163265474,0.0034576936157455617,0.008704799554682126,1142,0.02427667744449193,0.8240355453190629,True,0.05,36,paired cluster influence sandwich; asymptotic Bonferroni bounds,,,,,,
305,1.0,validation,source,concentration,standard_c5:E2,standard_c5,5.0,2.0,1.9909995955023065,0.8640422554712676,0.8501312223080021,0.013911033163265474,,,1142,0.2527172546166995,0.7307281115812851,,0.05,36,cluster bounded differences plus within-pair bias; assumption-dependent sensitivity,0.11940311072671703,0.23880622145343405,0.00042691830021482276,False,,
305,1.0,validation,source,sandwich,standard_c5:E8,standard_c5,5.0,8.0,7.998197999765249,0.8640422554712676,0.8620251451732008,0.0020171102980667266,0.001024865703948844,0.008459094012788642,1142,0.0050895032003140245,0.8366660563636179,True,0.05,36,paired cluster influence sandwich; asymptotic Bonferroni bounds,,,,,,
305,1.0,validation,source,concentration,standard_c5:E8,standard_c5,5.0,8.0,7.998197999765249,0.8640422554712676,0.8620251451732008,0.0020171102980667266,,,1142,0.24082333175150078,0.7426220344464838,,0.05,36,cluster bounded differences plus within-pair bias; assumption-dependent sensitivity,0.11940311072671703,0.23880622145343405,0.00042691830021482276,False,,
305,1.0,validation,source,sandwich,auto_s:E2,auto_s,1.0,2.0,1.9909995955023065,0.8640422554712676,0.8137686920985499,0.05027356337271771,0.005858977995147073,0.009795503474329378,1142,0.06783789627736479,0.7844032491605056,True,0.05,36,paired cluster influence sandwich; asymptotic Bonferroni bounds,,,,,,
305,1.0,validation,source,concentration,auto_s:E2,auto_s,1.0,2.0,1.9909995955023065,0.8640422554712676,0.8137686920985499,0.05027356337271771,,,1142,0.28907978482615176,0.6943655813718328,,0.05,36,cluster bounded differences plus within-pair bias; assumption-dependent sensitivity,0.11940311072671703,0.23880622145343405,0.00042691830021482276,False,,
305,1.0,validation,source,sandwich,auto_s:E8,auto_s,1.0,8.0,7.998197999765249,0.8640422554712676,0.8145742774906015,0.049467977980666045,0.0057716902034267575,0.009759626734263534,1142,0.06677063524264013,0.7853163876115672,True,0.05,36,paired cluster influence sandwich; asymptotic Bonferroni bounds,,,,,,
305,1.0,validation,source,concentration,auto_s:E8,auto_s,1.0,8.0,7.998197999765249,0.8640422554712676,0.8145742774906015,0.049467977980666045,,,1142,0.2882741994341001,0.6951711667638845,,0.05,36,cluster bounded differences plus within-pair bias; assumption-dependent sensitivity,0.11940311072671703,0.23880622145343405,0.00042691830021482276,False,,
305,1.0,validation,state_OR,sandwich,standard_c1:E2,standard_c1,1.0,2.0,1.9909995955023065,0.8336011358559398,0.7882027296821864,0.04539840617375335,0.006056950358826739,0.010644060423470367,1185,0.06355479048098475,0.7562959712990196,True,0.05,36,paired cluster influence sandwich; asymptotic Bonferroni bounds,,,,,,
305,1.0,validation,state_OR,concentration,standard_c1:E2,standard_c1,1.0,2.0,1.9909995955023065,0.8336011358559398,0.7882027296821864,0.04539840617375335,,,1185,0.28252372786145025,0.6696400688383379,,0.05,36,cluster bounded differences plus within-pair bias; assumption-dependent sensitivity,0.11856266084384844,0.23712532168769687,0.00040310344866197653,False,,
305,1.0,validation,state_OR,sandwich,standard_c1:E8,standard_c1,1.0,8.0,7.998197999765249,0.8336011358559398,0.7895564854306097,0.04404465042533001,0.00589370569761882,0.010584592910209707,1185,0.06171169065189293,0.7578279875515896,True,0.05,36,paired cluster influence sandwich; asymptotic Bonferroni bounds,,,,,,
305,1.0,validation,state_OR,concentration,standard_c1:E8,standard_c1,1.0,8.0,7.998197999765249,0.8336011358559398,0.7895564854306097,0.04404465042533001,,,1185,0.2811699721130269,0.6709938245867613,,0.05,36,cluster bounded differences plus within-pair bias; assumption-dependent sensitivity,0.11856266084384844,0.23712532168769687,0.00040310344866197653,False,,
305,1.0,validation,state_OR,sandwich,standard_c5:E2,standard_c5,5.0,2.0,1.9909995955023065,0.8336011358559398,0.8130495783649899,0.020551557490949834,0.004054709427849733,0.010038161137921178,1185,0.0327060012728623,0.7829590706737041,True,0.05,36,paired cluster influence sandwich; asymptotic Bonferroni bounds,,,,,,
305,1.0,validation,state_OR,concentration,standard_c5:E2,standard_c5,5.0,2.0,1.9909995955023065,0.8336011358559398,0.8130495783649899,0.020551557490949834,,,1185,0.25767687917864673,0.6944869175211414,,0.05,36,cluster bounded differences plus within-pair bias; assumption-dependent sensitivity,0.11856266084384844,0.23712532168769687,0.00040310344866197653,False,,
305,1.0,validation,state_OR,sandwich,standard_c5:E8,standard_c5,5.0,8.0,7.998197999765249,0.8336011358559398,0.8312911291487464,0.0023100067071933905,0.0011900783023984886,0.009510031796349303,1185,0.005877399162797071,0.8027837480676251,True,0.05,36,paired cluster influence sandwich; asymptotic Bonferroni bounds,,,,,,
305,1.0,validation,state_OR,concentration,standard_c5:E8,standard_c5,5.0,8.0,7.998197999765249,0.8336011358559398,0.8312911291487464,0.0023100067071933905,,,1185,0.23943532839489026,0.7127284683048979,,0.05,36,cluster bounded differences plus within-pair bias; assumption-dependent sensitivity,0.11856266084384844,0.23712532168769687,0.00040310344866197653,False,,
305,1.0,validation,state_OR,sandwich,auto_s:E2,auto_s,1.0,2.0,1.9909995955023065,0.8336011358559398,0.7732414332119172,0.06035970264402257,0.007288213241757825,0.011039982749367409,1185,0.08220693478083019,0.7401478534947561,True,0.05,36,paired cluster influence sandwich; asymptotic Bonferroni bounds,,,,,,
305,1.0,validation,state_OR,concentration,auto_s:E2,auto_s,1.0,2.0,1.9909995955023065,0.8336011358559398,0.7732414332119172,0.06035970264402257,,,1185,0.29748502433171947,0.6546787723680687,,0.05,36,cluster bounded differences plus within-pair bias; assumption-dependent sensitivity,0.11856266084384844,0.23712532168769687,0.00040310344866197653,False,,
305,1.0,validation,state_OR,sandwich,auto_s:E8,auto_s,1.0,8.0,7.998197999765249,0.8336011358559398,0.7736786884805351,0.05992244737540464,0.007201161125874211,0.011002524006180795,1185,0.08150873108485107,0.7406973955243132,True,0.05,36,paired cluster influence sandwich; asymptotic Bonferroni bounds,,,,,,
305,1.0,validation,state_OR,concentration,auto_s:E8,auto_s,1.0,8.0,7.998197999765249,0.8336011358559398,0.7736786884805351,0.05992244737540464,,,1185,0.29704776906310154,0.6551160276366866,,0.05,36,cluster bounded differences plus within-pair bias; assumption-dependent sensitivity,0.11856266084384844,0.23712532168769687,0.00040310344866197653,False,,
305,1.0,validation,state_WA,sandwich,standard_c1:E2,standard_c1,1.0,2.0,1.9909995955023065,0.8598692204716302,0.8293450725980847,0.030524147873545515,0.0052718883941643545,0.00897017429612005,1192,0.04632702593449882,0.8024563071333233,True,0.05,36,paired cluster influence sandwich; asymptotic Bonferroni bounds,,,,,,
305,1.0,validation,state_WA,concentration,standard_c1:E2,standard_c1,1.0,2.0,1.9909995955023065,0.8598692204716302,0.8293450725980847,0.030524147873545515,,,1192,0.26126267397517755,0.7139758095472687,,0.05,36,cluster bounded differences plus within-pair bias; assumption-dependent sensitivity,0.11536926305081599,0.23073852610163198,0.0004469158686026156,False,,
305,1.0,validation,state_WA,sandwich,standard_c1:E8,standard_c1,1.0,8.0,7.998197999765249,0.8598692204716302,0.8312223251982289,0.02864689527340125,0.005110452229225439,0.008891958481248864,1192,0.04396585640774025,0.8045680174633041,True,0.05,36,paired cluster influence sandwich; asymptotic Bonferroni bounds,,,,,,
305,1.0,validation,state_WA,concentration,standard_c1:E8,standard_c1,1.0,8.0,7.998197999765249,0.8598692204716302,0.8312223251982289,0.02864689527340125,,,1192,0.2593854213750333,0.715853062147413,,0.05,36,cluster bounded differences plus within-pair bias; assumption-dependent sensitivity,0.11536926305081599,0.23073852610163198,0.0004469158686026156,False,,
305,1.0,validation,state_WA,sandwich,standard_c5:E2,standard_c5,5.0,2.0,1.9909995955023065,0.8598692204716302,0.8423056327875607,0.017563587684069515,0.0039531975577959825,0.00883523155075698,1192,0.02941359175962254,0.8158213682512604,True,0.05,36,paired cluster influence sandwich; asymptotic Bonferroni bounds,,,,,,
305,1.0,validation,state_WA,concentration,standard_c5:E2,standard_c5,5.0,2.0,1.9909995955023065,0.8598692204716302,0.8423056327875607,0.017563587684069515,,,1192,0.2483021137857015,0.7269363697367447,,0.05,36,cluster bounded differences plus within-pair bias; assumption-dependent sensitivity,0.11536926305081599,0.23073852610163198,0.0004469158686026156,False,,
305,1.0,validation,state_WA,sandwich,standard_c5:E8,standard_c5,5.0,8.0,7.998197999765249,0.8598692204716302,0.85779734321903,0.0020718772526001628,0.0011821853808124346,0.0082956289770307,1192,0.005615565969360604,0.8329305775818742,True,0.05,36,paired cluster influence sandwich; asymptotic Bonferroni bounds,,,,,,
305,1.0,validation,state_WA,concentration,standard_c5:E8,standard_c5,5.0,8.0,7.998197999765249,0.8598692204716302,0.85779734321903,0.0020718772526001628,,,1192,0.23281040335423214,0.742428080168214,,0.05,36,cluster bounded differences plus within-pair bias; assumption-dependent sensitivity,0.11536926305081599,0.23073852610163198,0.0004469158686026156,False,,
305,1.0,validation,state_WA,sandwich,auto_s:E2,auto_s,1.0,2.0,1.9909995955023065,0.8598692204716302,0.8180846462774175,0.041784574194212665,0.00637246241098398,0.009287642252358435,1192,0.06088650483073001,0.7902442469718775,True,0.05,36,paired cluster influence sandwich; asymptotic Bonferroni bounds,,,,,,
305,1.0,validation,state_WA,concentration,auto_s:E2,auto_s,1.0,2.0,1.9909995955023065,0.8598692204716302,0.8180846462774175,0.041784574194212665,,,1192,0.2725231002958447,0.7027153832266015,,0.05,36,cluster bounded differences plus within-pair bias; assumption-dependent sensitivity,0.11536926305081599,0.23073852610163198,0.0004469158686026156,False,,
305,1.0,validation,state_WA,sandwich,auto_s:E8,auto_s,1.0,8.0,7.998197999765249,0.8598692204716302,0.8192894655545259,0.040579754917104305,0.006277340544020833,0.00923697847114326,1192,0.059396550673639595,0.7916009347061285,True,0.05,36,paired cluster influence sandwich; asymptotic Bonferroni bounds,,,,,,
305,1.0,validation,state_WA,concentration,auto_s:E8,auto_s,1.0,8.0,7.998197999765249,0.8598692204716302,0.8192894655545259,0.040579754917104305,,,1192,0.27131828101873634,0.7039202025037099,,0.05,36,cluster bounded differences plus within-pair bias; assumption-dependent sensitivity,0.11536926305081599,0.23073852610163198,0.0004469158686026156,False,,
305,1.0,test,source,evaluation,standard_c1:E2,standard_c1,1.0,2.0,1.9909995955023065,0.8560593770279039,0.825300753756302,0.030758623271601948,0.005008275819989171,0.009552466201576789,1140,0.04577273685082636,0.7966637901250764,True,0.05,36,paired cluster influence sandwich; asymptotic Bonferroni bounds,,,,,0.027947636399940023,0.0028109868716619246
305,1.0,test,source,evaluation,standard_c1:E8,standard_c1,1.0,8.0,7.998197999765249,0.8560593770279039,0.8272652207191467,0.028794156308757257,0.0049102212424538055,0.00950419623014526,1140,0.04351431591719537,0.7987729637413858,True,0.05,36,paired cluster influence sandwich; asymptotic Bonferroni bounds,,,,,0.027947636399940023,0.0008465199088172337
305,1.0,test,source,evaluation,standard_c5:E2,standard_c5,5.0,2.0,1.9909995955023065,0.8560593770279039,0.8342453701392702,0.021814006888633664,0.0035036913500498916,0.009324711912505437,1140,0.03231758571834535,0.8062911821552294,True,0.05,36,paired cluster influence sandwich; asymptotic Bonferroni bounds,,,,,1.2479408975307749e-05,0.021801527479658356
305,1.0,test,source,evaluation,standard_c5:E8,standard_c5,5.0,8.0,7.998197999765249,0.8560593770279039,0.852018128421438,0.00404124860646593,0.0010207805538182252,0.00889672134847607,1140,0.007101406578061747,0.8253469965569356,True,0.05,36,paired cluster influence sandwich; asymptotic Bonferroni bounds,,,,,1.2479408975307749e-05,0.004028769197490623
305,1.0,test,source,evaluation,auto_s:E2,auto_s,1.0,2.0,1.9909995955023065,0.8560593770279039,0.8107736817584318,0.045285695269472126,0.006224945331071772,0.009927305762270513,1140,0.06394721463950083,0.7810130013151688,True,0.05,36,paired cluster influence sandwich; asymptotic Bonferroni bounds,,,,,0.04365453252133977,0.0016311627481323532
305,1.0,test,source,evaluation,auto_s:E8,auto_s,1.0,8.0,7.998197999765249,0.8560593770279039,0.8118604302900216,0.04419894673788227,0.006170520509520194,0.009896218676638181,1140,0.06269730807075916,0.7821929446010627,True,0.05,36,paired cluster influence sandwich; asymptotic Bonferroni bounds,,,,,0.04365453252133977,0.0005444142165424992
305,1.0,test,state_CO,evaluation,standard_c1:E2,standard_c1,1.0,2.0,1.9909995955023065,0.8265054614598517,0.8153731299525893,0.01113233150726245,0.005213959289494121,0.009378682103937452,1184,0.0267617838551744,0.7872594342194706,True,0.05,36,paired cluster influence sandwich; asymptotic Bonferroni bounds,,,,,0.012310272905463382,-0.0011779413982009324
305,1.0,test,state_CO,evaluation,standard_c1:E8,standard_c1,1.0,8.0,7.998197999765249,0.8265054614598517,0.8146998710023285,0.011805590457523163,0.005147837558335794,0.009396443331592955,1184,0.027236835188359378,0.7865329339134821,True,0.05,36,paired cluster influence sandwich; asymptotic Bonferroni bounds,,,,,0.012310272905463382,-0.000504682447940219
305,1.0,test,state_CO,evaluation,standard_c5:E2,standard_c5,5.0,2.0,1.9909995955023065,0.8265054614598517,0.8203058249987435,0.0061996364611082155,0.0038852181005423667,0.009191693601125326,1184,0.01784603179948907,0.7927526491569479,True,0.05,36,paired cluster influence sandwich; asymptotic Bonferroni bounds,,,,,-0.0002073176860831749,0.0064069541471913904
305,1.0,test,state_CO,evaluation,standard_c5:E8,standard_c5,5.0,8.0,7.998197999765249,0.8265054614598517,0.8274352498701647,-0.0009297884103129928,0.001175419205328649,0.009034740729215084,1184,0.0025936680339138846,0.8003525586056713,True,0.05,36,paired cluster influence sandwich; asymptotic Bonferroni bounds,,,,,-0.0002073176860831749,-0.0007224707242298178
305,1.0,test,state_CO,evaluation,auto_s:E2,auto_s,1.0,2.0,1.9909995955023065,0.8265054614598517,0.8050323750649176,0.02147308639493406,0.006377701509732209,0.00964871833488328,1184,0.04059099205952489,0.7761092141692533,True,0.05,36,paired cluster influence sandwich; asymptotic Bonferroni bounds,,,,,0.023227957313498027,-0.0017548709185639666
305,1.0,test,state_CO,evaluation,auto_s:E8,auto_s,1.0,8.0,7.998197999765249,0.8265054614598517,0.8039261572096296,0.022579304250222143,0.0063493591383867835,0.009664286640122628,1184,0.04161225034421128,0.774956328499476,True,0.05,36,paired cluster influence sandwich; asymptotic Bonferroni bounds,,,,,0.023227957313498027,-0.0006486530632758836
305,1.0,test,state_UT,evaluation,standard_c1:E2,standard_c1,1.0,2.0,1.9909995955023065,0.8504326613539485,0.8397465651422259,0.010686096211722562,0.005125611573640161,0.009353136442031557,1113,0.026052782221470276,0.8117056750267554,True,0.05,36,paired cluster influence sandwich; asymptotic Bonferroni bounds,,,,,0.011589081707517934,-0.000902985495795372
305,1.0,test,state_UT,evaluation,standard_c1:E8,standard_c1,1.0,8.0,7.998197999765249,0.8504326613539485,0.8391568603286452,0.011275801025303234,0.005016329823705399,0.009354057197949071,1113,0.02631485816311701,0.8111132097685189,True,0.05,36,paired cluster influence sandwich; asymptotic Bonferroni bounds,,,,,0.011589081707517934,-0.0003132806822147005
305,1.0,test,state_UT,evaluation,standard_c5:E2,standard_c5,5.0,2.0,1.9909995955023065,0.8504326613539485,0.850461455534299,-2.8794180350510956e-05,0.0034275490483190027,0.008892984238015602,1113,0.010247066417318991,0.8238001109294892,True,0.05,36,paired cluster influence sandwich; asymptotic Bonferroni bounds,,,,,-6.449896398519339e-05,3.5704783634682435e-05
305,1.0,test,state_UT,evaluation,standard_c5:E8,standard_c5,5.0,8.0,7.998197999765249,0.8504326613539485,0.851385172839947,-0.0009525114859985084,0.001058937842862552,0.00892763748125303,1113,0.0022222053456071914,0.8246199371188483,True,0.05,36,paired cluster influence sandwich; asymptotic Bonferroni bounds,,,,,-6.449896398519339e-05,-0.000888012522013315
305,1.0,test,state_UT,evaluation,auto_s:E2,auto_s,1.0,2.0,1.9909995955023065,0.8504326613539485,0.8316185439128528,0.018814117441095624,0.00612288622566951,0.009574600026130075,1113,0.03717065280307037,0.8029137015429944,True,0.05,36,paired cluster influence sandwich; asymptotic Bonferroni bounds,,,,,0.019569676733496078,-0.0007555592924004539
305,1.0,test,state_UT,evaluation,auto_s:E8,auto_s,1.0,8.0,7.998197999765249,0.8504326613539485,0.8311520781911726,0.01928058316277581,0.00605830822102358,0.009568470876349742,1113,0.0374435123752652,0.8024656111349383,True,0.05,36,paired cluster influence sandwich; asymptotic Bonferroni bounds,,,,,0.019569676733496078,-0.00028909357072026687
306,1.0,validation,source,sandwich,standard_c1:E2,standard_c1,1.0,2.0,1.9909995955023065,0.8375214202052375,0.806298765841565,0.031222654363672442,0.004516362937939014,0.009743249086669695,1127,0.04476242356455435,0.7770891239874912,True,0.05,36,paired cluster influence sandwich; asymptotic Bonferroni bounds,,,,,,
306,1.0,validation,source,concentration,standard_c1:E2,standard_c1,1.0,2.0,1.9909995955023065,0.8375214202052375,0.806298765841565,0.031222654363672442,,,1127,0.27509516946505097,0.6843625082908757,,0.05,36,cluster bounded differences plus within-pair bias; assumption-dependent sensitivity,0.12193625755068926,0.24387251510137853,0.0004912436599842927,False,,
306,1.0,validation,source,sandwich,standard_c1:E8,standard_c1,1.0,8.0,7.998197999765249,0.8375214202052375,0.8078820097393488,0.029639410465888694,0.004369693584765175,0.00970802081626588,1127,0.04273947426264233,0.7787779800021859,True,0.05,36,paired cluster influence sandwich; asymptotic Bonferroni bounds,,,,,,
306,1.0,validation,source,concentration,standard_c1:E8,standard_c1,1.0,8.0,7.998197999765249,0.8375214202052375,0.8078820097393488,0.029639410465888694,,,1127,0.2735119255672672,0.6859457521886595,,0.05,36,cluster bounded differences plus within-pair bias; assumption-dependent sensitivity,0.12193625755068926,0.24387251510137853,0.0004912436599842927,False,,
306,1.0,validation,source,sandwich,standard_c5:E2,standard_c5,5.0,2.0,1.9909995955023065,0.8375214202052375,0.8306638255886841,0.006857594616553331,0.0029079130824132843,0.009399537269856586,1127,0.015575333322041003,0.8024846099282565,True,0.05,36,paired cluster influence sandwich; asymptotic Bonferroni bounds,,,,,,
306,1.0,validation,source,concentration,standard_c5:E2,standard_c5,5.0,2.0,1.9909995955023065,0.8375214202052375,0.8306638255886841,0.006857594616553331,,,1127,0.25073010971793186,0.7087275680379949,,0.05,36,cluster bounded differences plus within-pair bias; assumption-dependent sensitivity,0.12193625755068926,0.24387251510137853,0.0004912436599842927,False,,
306,1.0,validation,source,sandwich,standard_c5:E8,standard_c5,5.0,8.0,7.998197999765249,0.8375214202052375,0.8377894661088807,-0.00026804590364326586,0.000987608160231905,0.009109032303210142,1127,0.0026927406261810474,0.8104811658850893,True,0.05,36,paired cluster influence sandwich; asymptotic Bonferroni bounds,,,,,,
306,1.0,validation,source,concentration,standard_c5:E8,standard_c5,5.0,8.0,7.998197999765249,0.8375214202052375,0.8377894661088807,-0.00026804590364326586,,,1127,0.24360446919773526,0.7158532085581915,,0.05,36,cluster bounded differences plus within-pair bias; assumption-dependent sensitivity,0.12193625755068926,0.24387251510137853,0.0004912436599842927,False,,
306,1.0,validation,source,sandwich,auto_s:E2,auto_s,1.0,2.0,1.9909995955023065,0.8375214202052375,0.7938596628462303,0.043661757359007125,0.005556731724760697,0.010020636193650621,1127,0.06032048609678472,0.7638184320655288,True,0.05,36,paired cluster influence sandwich; asymptotic Bonferroni bounds,,,,,,
306,1.0,validation,source,concentration,auto_s:E2,auto_s,1.0,2.0,1.9909995955023065,0.8375214202052375,0.7938596628462303,0.043661757359007125,,,1127,0.28753427246038565,0.6719234052955411,,0.05,36,cluster bounded differences plus within-pair bias; assumption-dependent sensitivity,0.12193625755068926,0.24387251510137853,0.0004912436599842927,False,,
306,1.0,validation,source,sandwich,auto_s:E8,auto_s,1.0,8.0,7.998197999765249,0.8375214202052375,0.7951712104097765,0.042350209795461,0.005471364836006225,0.009994073811214492,1127,0.05875301402340273,0.7652096119643307,True,0.05,36,paired cluster influence sandwich; asymptotic Bonferroni bounds,,,,,,
306,1.0,validation,source,concentration,auto_s:E8,auto_s,1.0,8.0,7.998197999765249,0.8375214202052375,0.7951712104097765,0.042350209795461,,,1127,0.28622272489683953,0.6732349528590872,,0.05,36,cluster bounded differences plus within-pair bias; assumption-dependent sensitivity,0.12193625755068926,0.24387251510137853,0.0004912436599842927,False,,
306,1.0,validation,state_OR,sandwich,standard_c1:E2,standard_c1,1.0,2.0,1.9909995955023065,0.8250207004846057,0.7989573333597245,0.02606336712488122,0.005623751778434639,0.009769237310473336,1217,0.042920256929794384,0.7696745763482596,True,0.05,36,paired cluster influence sandwich; asymptotic Bonferroni bounds,,,,,,
306,1.0,validation,state_OR,concentration,standard_c1:E2,standard_c1,1.0,2.0,1.9909995955023065,0.8250207004846057,0.7989573333597245,0.02606336712488122,,,1217,0.2583973081056034,0.6827903628693633,,0.05,36,cluster bounded differences plus within-pair bias; assumption-dependent sensitivity,0.11616697049036111,0.23233394098072221,0.00041455950578348996,False,,
306,1.0,validation,state_OR,sandwich,standard_c1:E8,standard_c1,1.0,8.0,7.998197999765249,0.8250207004846057,0.7994235753503138,0.02559712513429191,0.005524715021535986,0.00976844787530433,1217,0.042157157651854946,0.770143184627792,True,0.05,36,paired cluster influence sandwich; asymptotic Bonferroni bounds,,,,,,
306,1.0,validation,state_OR,concentration,standard_c1:E8,standard_c1,1.0,8.0,7.998197999765249,0.8250207004846057,0.7994235753503138,0.02559712513429191,,,1217,0.2579310661150141,0.6832566048599528,,0.05,36,cluster bounded differences plus within-pair bias; assumption-dependent sensitivity,0.11616697049036111,0.23233394098072221,0.00041455950578348996,False,,
306,1.0,validation,state_OR,sandwich,standard_c5:E2,standard_c5,5.0,2.0,1.9909995955023065,0.8250207004846057,0.8210070607071263,0.004013639777479483,0.003373664366163351,0.009346254537598079,1217,0.014126015056426687,0.7929921715306317,True,0.05,36,paired cluster influence sandwich; asymptotic Bonferroni bounds,,,,,,
306,1.0,validation,state_OR,concentration,standard_c5:E2,standard_c5,5.0,2.0,1.9909995955023065,0.8250207004846057,0.8210070607071263,0.004013639777479483,,,1217,0.2363475807582017,0.7048400902167652,,0.05,36,cluster bounded differences plus within-pair bias; assumption-dependent sensitivity,0.11616697049036111,0.23233394098072221,0.00041455950578348996,False,,
306,1.0,validation,state_OR,sandwich,standard_c5:E8,standard_c5,5.0,8.0,7.998197999765249,0.8250207004846057,0.825746454526561,-0.0007257540419552955,0.0012345596584323096,0.00933136312005997,1217,0.002974771326107328,0.7977762015634644,True,0.05,36,paired cluster influence sandwich; asymptotic Bonferroni bounds,,,,,,
306,1.0,validation,state_OR,concentration,standard_c5:E8,standard_c5,5.0,8.0,7.998197999765249,0.8250207004846057,0.825746454526561,-0.0007257540419552955,,,1217,0.23160818693876692,0.7095794840361999,,0.05,36,cluster bounded differences plus within-pair bias; assumption-dependent sensitivity,0.11616697049036111,0.23233394098072221,0.00041455950578348996,False,,
306,1.0,validation,state_OR,sandwich,auto_s:E2,auto_s,1.0,2.0,1.9909995955023065,0.8250207004846057,0.78926631764495,0.03575438283965571,0.006649195293102763,0.009981332665666013,1217,0.05568498375575431,0.759347816352536,True,0.05,36,paired cluster influence sandwich; asymptotic Bonferroni bounds,,,,,,
306,1.0,validation,state_OR,concentration,auto_s:E2,auto_s,1.0,2.0,1.9909995955023065,0.8250207004846057,0.78926631764495,0.03575438283965571,,,1217,0.2680883238203779,0.6730993471545889,,0.05,36,cluster bounded differences plus within-pair bias; assumption-dependent sensitivity,0.11616697049036111,0.23233394098072221,0.00041455950578348996,False,,
306,1.0,validation,state_OR,sandwich,auto_s:E8,auto_s,1.0,8.0,7.998197999765249,0.8250207004846057,0.7895659660940908,0.03545473439051494,0.0066158141044330605,0.009979686979959134,1217,0.0552852770108118,0.7596523976549938,True,0.05,36,paired cluster influence sandwich; asymptotic Bonferroni bounds,,,,,,
306,1.0,validation,state_OR,concentration,auto_s:E8,auto_s,1.0,8.0,7.998197999765249,0.8250207004846057,0.7895659660940908,0.03545473439051494,,,1217,0.26778867537123713,0.6733989956037297,,0.05,36,cluster bounded differences plus within-pair bias; assumption-dependent sensitivity,0.11616697049036111,0.23233394098072221,0.00041455950578348996,False,,
306,1.0,validation,state_WA,sandwich,standard_c1:E2,standard_c1,1.0,2.0,1.9909995955023065,0.8481493606138107,0.8173718670076727,0.030777493606138018,0.005053308806908171,0.009229339858836234,1209,0.045924717172981244,0.789707047864806,True,0.05,36,paired cluster influence sandwich; asymptotic Bonferroni bounds,,,,,,
306,1.0,validation,state_WA,concentration,standard_c1:E2,standard_c1,1.0,2.0,1.9909995955023065,0.8481493606138107,0.8173718670076727,0.030777493606138018,,,1209,0.26032356507005805,0.7025988312757127,,0.05,36,cluster bounded differences plus within-pair bias; assumption-dependent sensitivity,0.11477303573196,0.22954607146392,0.00043580562659846543,False,,
306,1.0,validation,state_WA,sandwich,standard_c1:E8,standard_c1,1.0,8.0,7.998197999765249,0.8481493606138107,0.8189785166240411,0.029170843989769657,0.004866110842343753,0.009177302942471838,1209,0.04375694423546558,0.791469677421451,True,0.05,36,paired cluster influence sandwich; asymptotic Bonferroni bounds,,,,,,
306,1.0,validation,state_WA,concentration,standard_c1:E8,standard_c1,1.0,8.0,7.998197999765249,0.8481493606138107,0.8189785166240411,0.029170843989769657,,,1209,0.2587169154536897,0.704205480892081,,0.05,36,cluster bounded differences plus within-pair bias; assumption-dependent sensitivity,0.11477303573196,0.22954607146392,0.00043580562659846543,False,,
306,1.0,validation,state_WA,sandwich,standard_c5:E2,standard_c5,5.0,2.0,1.9909995955023065,0.8481493606138107,0.8418792838874681,0.0062700767263426105,0.0032960592505280233,0.00882744086255148,1209,0.016149968944498307,0.8154191514519907,True,0.05,36,paired cluster influence sandwich; asymptotic Bonferroni bounds,,,,,,
306,1.0,validation,state_WA,concentration,standard_c5:E2,standard_c5,5.0,2.0,1.9909995955023065,0.8481493606138107,0.8418792838874681,0.0062700767263426105,,,1209,0.23581614819026261,0.7271062481555081,,0.05,36,cluster bounded differences plus within-pair bias; assumption-dependent sensitivity,0.11477303573196,0.22954607146392,0.00043580562659846543,False,,
306,1.0,validation,state_WA,sandwich,standard_c5:E8,standard_c5,5.0,8.0,7.998197999765249,0.8481493606138107,0.8489186700767264,-0.0007693094629156461,0.0012841458258049064,0.008692403784447605,1209,0.0030798999678051595,0.8228633094234635,True,0.05,36,paired cluster influence sandwich; asymptotic Bonferroni bounds,,,,,,
306,1.0,validation,state_WA,concentration,standard_c5:E8,standard_c5,5.0,8.0,7.998197999765249,0.8481493606138107,0.8489186700767264,-0.0007693094629156461,,,1209,0.22877676200100436,0.7341456343447663,,0.05,36,cluster bounded differences plus within-pair bias; assumption-dependent sensitivity,0.11477303573196,0.22954607146392,0.00043580562659846543,False,,
306,1.0,validation,state_WA,sandwich,auto_s:E2,auto_s,1.0,2.0,1.9909995955023065,0.8481493606138107,0.8068081841432224,0.041341176470588326,0.005992909590246426,0.009455129487366307,1209,0.05930484044759392,0.7784665636978618,True,0.05,36,paired cluster influence sandwich; asymptotic Bonferroni bounds,,,,,,
306,1.0,validation,state_WA,concentration,auto_s:E2,auto_s,1.0,2.0,1.9909995955023065,0.8481493606138107,0.8068081841432224,0.041341176470588326,,,1209,0.27088724793450836,0.6920351484112623,,0.05,36,cluster bounded differences plus within-pair bias; assumption-dependent sensitivity,0.11477303573196,0.22954607146392,0.00043580562659846543,False,,
306,1.0,validation,state_WA,sandwich,auto_s:E8,auto_s,1.0,8.0,7.998197999765249,0.8481493606138107,0.8081156010230179,0.040033759590792806,0.005897391544841069,0.009404233354905428,1209,0.05771110954193778,0.7799265410338913,True,0.05,36,paired cluster influence sandwich; asymptotic Bonferroni bounds,,,,,,
306,1.0,validation,state_WA,concentration,auto_s:E8,auto_s,1.0,8.0,7.998197999765249,0.8481493606138107,0.8081156010230179,0.040033759590792806,,,1209,0.26957983105471284,0.6933425652910579,,0.05,36,cluster bounded differences plus within-pair bias; assumption-dependent sensitivity,0.11477303573196,0.22954607146392,0.00043580562659846543,False,,
306,1.0,test,source,evaluation,standard_c1:E2,standard_c1,1.0,2.0,1.9909995955023065,0.8490690508407418,0.8131062129316994,0.03596283790904242,0.00484669373155153,0.009848736463710449,1146,0.050492384334560346,0.7835814107452894,True,0.05,36,paired cluster influence sandwich; asymptotic Bonferroni bounds,,,,,0.033828841930439224,0.002133995978603198
306,1.0,test,source,evaluation,standard_c1:E8,standard_c1,1.0,8.0,7.998197999765249,0.8490690508407418,0.8146026446796583,0.03446640616108354,0.004733524250432452,0.009835129958598926,1146,0.04865669012832662,0.7851186324334956,True,0.05,36,paired cluster influence sandwich; asymptotic Bonferroni bounds,,,,,0.033828841930439224,0.0006375642306443163
306,1.0,test,source,evaluation,standard_c5:E2,standard_c5,5.0,2.0,1.9909995955023065,0.8490690508407418,0.8348403033330382,0.014228747507703643,0.0029506012524189167,0.009308067732985767,1146,0.023074137840731368,0.8069363321417353,True,0.05,36,paired cluster influence sandwich; asymptotic Bonferroni bounds,,,,,-0.00010643634263640678,0.01433518385034005
306,1.0,test,source,evaluation,standard_c5:E8,standard_c5,5.0,8.0,7.998197999765249,0.8490690508407418,0.8480004721136782,0.0010685787270635627,0.0009474941043174037,0.00897614195012588,1146,0.003909001567682632,0.8210915567973719,True,0.05,36,paired cluster influence sandwich; asymptotic Bonferroni bounds,,,,,-0.00010643634263640678,0.0011750150696999695
306,1.0,test,source,evaluation,auto_s:E2,auto_s,1.0,2.0,1.9909995955023065,0.8490690508407418,0.7986772386408185,0.05039181219992328,0.005962475381946585,0.010129252935202497,1146,0.0682662783146344,0.7683114967702825,True,0.05,36,paired cluster influence sandwich; asymptotic Bonferroni bounds,,,,,0.04918202089946089,0.0012097913004623928
306,1.0,test,source,evaluation,auto_s:E8,auto_s,1.0,8.0,7.998197999765249,0.8490690508407418,0.7996773187315317,0.04939173210921011,0.005905915628279145,0.010123634497522458,1146,0.06709664190114861,0.7693284199618048,True,0.05,36,paired cluster influence sandwich; asymptotic Bonferroni bounds,,,,,0.04918202089946089,0.0002097112097492193
306,1.0,test,state_CO,evaluation,standard_c1:E2,standard_c1,1.0,2.0,1.9909995955023065,0.8339679020166826,0.8027367754197022,0.031231126596980352,0.005519851724488808,0.009580739033143054,1216,0.047776609545521154,0.7740189833087252,True,0.05,36,paired cluster influence sandwich; asymptotic Bonferroni bounds,,,,,0.029309471016788158,0.0019216555801921942
306,1.0,test,state_CO,evaluation,standard_c1:E8,standard_c1,1.0,8.0,7.998197999765249,0.8339679020166826,0.8043849646288671,0.029582937387815478,0.005339987435069934,0.00957029583338285,1216,0.045589286011347395,0.7756984754934382,True,0.05,36,paired cluster influence sandwich; asymptotic Bonferroni bounds,,,,,0.029309471016788158,0.00027346637102731997
306,1.0,test,state_CO,evaluation,standard_c5:E2,standard_c5,5.0,2.0,1.9909995955023065,0.8339679020166826,0.8234199134199134,0.010547988596769198,0.004015451218461314,0.009234153030436901,1216,0.022584105322694805,0.7957409957360404,True,0.05,36,paired cluster influence sandwich; asymptotic Bonferroni bounds,,,,,-0.00020694752402072858,0.010754936120789926
306,1.0,test,state_CO,evaluation,standard_c5:E8,standard_c5,5.0,8.0,7.998197999765249,0.8339679020166826,0.8354218139583993,-0.0014539119417167345,0.0013902919489317928,0.00899032663694024,1216,0.002713419516208404,0.8084737538477661,True,0.05,36,paired cluster influence sandwich; asymptotic Bonferroni bounds,,,,,-0.00020694752402072858,-0.001246964417696006
306,1.0,test,state_CO,evaluation,auto_s:E2,auto_s,1.0,2.0,1.9909995955023065,0.8339679020166826,0.7942846584309998,0.03968324358568276,0.006500283762119284,0.009756006292097412,1216,0.05916752314878669,0.7650415113668089,True,0.05,36,paired cluster influence sandwich; asymptotic Bonferroni bounds,,,,,0.03792735719564988,0.0017558863900328792
306,1.0,test,state_CO,evaluation,auto_s:E8,auto_s,1.0,8.0,7.998197999765249,0.8339679020166826,0.7955632984901276,0.03840460352655495,0.00641571188196311,0.009748844552147268,1216,0.057635383055438374,0.7663416183877576,True,0.05,36,paired cluster influence sandwich; asymptotic Bonferroni bounds,,,,,0.03792735719564988,0.00047724633090506785
306,1.0,test,state_UT,evaluation,standard_c1:E2,standard_c1,1.0,2.0,1.9909995955023065,0.8554755038214943,0.8354409242554435,0.020034579566050814,0.004608112601321012,0.00943059899617147,1116,0.03384971001783887,0.8071679703060843,True,0.05,36,paired cluster influence sandwich; asymptotic Bonferroni bounds,,,,,0.018621015145664388,0.0014135644203864262
306,1.0,test,state_UT,evaluation,standard_c1:E8,standard_c1,1.0,8.0,7.998197999765249,0.8554755038214943,0.8366596742192058,0.018815829602288447,0.004507791511541134,0.009403765150585715,1116,0.03233019723374584,0.8084671681905821,True,0.05,36,paired cluster influence sandwich; asymptotic Bonferroni bounds,,,,,0.018621015145664388,0.0001948144566240595
306,1.0,test,state_UT,evaluation,standard_c5:E2,standard_c5,5.0,2.0,1.9909995955023065,0.8554755038214943,0.8454019729602175,0.010073530861276825,0.0032363219725958284,0.009148037917771183,1116,0.019776030366732113,0.8179761376679804,True,0.05,36,paired cluster influence sandwich; asymptotic Bonferroni bounds,,,,,-0.00013799357344213004,0.010211524434718955
306,1.0,test,state_UT,evaluation,standard_c5:E8,standard_c5,5.0,8.0,7.998197999765249,0.8554755038214943,0.854347203426879,0.0011283003946153114,0.0010973315692316028,0.008897313125590896,1116,0.004418102552109036,0.8276730415443747,True,0.05,36,paired cluster influence sandwich; asymptotic Bonferroni bounds,,,,,-0.00013799357344213004,0.0012662939680574414
306,1.0,test,state_UT,evaluation,auto_s:E2,auto_s,1.0,2.0,1.9909995955023065,0.8554755038214943,0.829261363306929,0.026214140514565276,0.005492436143296799,0.009589984559175582,1116,0.04268047464798222,0.800510571132783,True,0.05,36,paired cluster influence sandwich; asymptotic Bonferroni bounds,,,,,0.02526905847796579,0.0009450820365994872
306,1.0,test,state_UT,evaluation,auto_s:E8,auto_s,1.0,8.0,7.998197999765249,0.8554755038214943,0.8300151097164868,0.025460394105007444,0.0054471147540402914,0.00957572361344144,1116,0.041790854626165996,0.8013070718851115,True,0.05,36,paired cluster influence sandwich; asymptotic Bonferroni bounds,,,,,0.02526905847796579,0.00019133562704165552
307,1.0,validation,source,sandwich,standard_c1:E2,standard_c1,1.0,2.0,1.9909995955023065,0.8553136189221634,0.8192035594827236,0.03611005943943979,0.005058375209632796,0.009666963018449598,1149,0.05127410395891996,0.790223847321241,True,0.05,36,paired cluster influence sandwich; asymptotic Bonferroni bounds,,,,,,
307,1.0,validation,source,concentration,standard_c1:E2,standard_c1,1.0,2.0,1.9909995955023065,0.8553136189221634,0.8192035594827236,0.03611005943943979,,,1149,0.27415773997036236,0.7001797192172623,,0.05,36,cluster bounded differences plus within-pair bias; assumption-dependent sensitivity,0.11902384026546128,0.23804768053092257,0.0004359657109839371,False,,
307,1.0,validation,source,sandwich,standard_c1:E8,standard_c1,1.0,8.0,7.998197999765249,0.8553136189221634,0.8193798231314227,0.03593379579074074,0.004990912179355968,0.009650250709398808,1149,0.050895599007007825,0.7904502112863394,True,0.05,36,paired cluster influence sandwich; asymptotic Bonferroni bounds,,,,,,
307,1.0,validation,source,concentration,standard_c1:E8,standard_c1,1.0,8.0,7.998197999765249,0.8553136189221634,0.8193798231314227,0.03593379579074074,,,1149,0.2739814763216633,0.7003559828659613,,0.05,36,cluster bounded differences plus within-pair bias; assumption-dependent sensitivity,0.11902384026546128,0.23804768053092257,0.0004359657109839371,False,,
307,1.0,validation,source,sandwich,standard_c5:E2,standard_c5,5.0,2.0,1.9909995955023065,0.8553136189221634,0.8389169276724543,0.016396691249709106,0.0038384421247235536,0.009306766709004868,1149,0.027903608955993964,0.8110170153767013,True,0.05,36,paired cluster influence sandwich; asymptotic Bonferroni bounds,,,,,,
307,1.0,validation,source,concentration,standard_c5:E2,standard_c5,5.0,2.0,1.9909995955023065,0.8553136189221634,0.8389169276724543,0.016396691249709106,,,1149,0.2544443717806317,0.719893087406993,,0.05,36,cluster bounded differences plus within-pair bias; assumption-dependent sensitivity,0.11902384026546128,0.23804768053092257,0.0004359657109839371,False,,
307,1.0,validation,source,sandwich,standard_c5:E8,standard_c5,5.0,8.0,7.998197999765249,0.8553136189221634,0.8547597964519901,0.0005538224701733263,0.0012018176122973452,0.008795595104618614,1149,0.004156642550120552,0.8283922791733656,True,0.05,36,paired cluster influence sandwich; asymptotic Bonferroni bounds,,,,,,
307,1.0,validation,source,concentration,standard_c5:E8,standard_c5,5.0,8.0,7.998197999765249,0.8553136189221634,0.8547597964519901,0.0005538224701733263,,,1149,0.2386015030010959,0.7357359561865288,,0.05,36,cluster bounded differences plus within-pair bias; assumption-dependent sensitivity,0.11902384026546128,0.23804768053092257,0.0004359657109839371,False,,
307,1.0,validation,source,sandwich,auto_s:E2,auto_s,1.0,2.0,1.9909995955023065,0.8553136189221634,0.8046602439947809,0.05065337492738253,0.006104668973950131,0.009998503160341721,1149,0.06895400868056534,0.7746866376947074,True,0.05,36,paired cluster influence sandwich; asymptotic Bonferroni bounds,,,,,,
307,1.0,validation,source,concentration,auto_s:E2,auto_s,1.0,2.0,1.9909995955023065,0.8553136189221634,0.8046602439947809,0.05065337492738253,,,1149,0.2887010554583051,0.6856364037293196,,0.05,36,cluster bounded differences plus within-pair bias; assumption-dependent sensitivity,0.11902384026546128,0.23804768053092257,0.0004359657109839371,False,,
307,1.0,validation,source,sandwich,auto_s:E8,auto_s,1.0,8.0,7.998197999765249,0.8553136189221634,0.8045110978304969,0.0508025210916665,0.006075355307818842,0.009992531247813718,1149,0.06901527806232088,0.7745553941856611,True,0.05,36,paired cluster influence sandwich; asymptotic Bonferroni bounds,,,,,,
307,1.0,validation,source,concentration,auto_s:E8,auto_s,1.0,8.0,7.998197999765249,0.8553136189221634,0.8045110978304969,0.0508025210916665,,,1149,0.28885020162258906,0.6854872575650356,,0.05,36,cluster bounded differences plus within-pair bias; assumption-dependent sensitivity,0.11902384026546128,0.23804768053092257,0.0004359657109839371,False,,
307,1.0,validation,state_OR,sandwich,standard_c1:E2,standard_c1,1.0,2.0,1.9909995955023065,0.838519699420355,0.8027294064580179,0.035790292962337045,0.005708062956091322,0.01052344040343931,1212,0.052900045661864514,0.7711856999088602,True,0.05,36,paired cluster influence sandwich; asymptotic Bonferroni bounds,,,,,,
307,1.0,validation,state_OR,concentration,standard_c1:E2,standard_c1,1.0,2.0,1.9909995955023065,0.838519699420355,0.8027294064580179,0.035790292962337045,,,1212,0.2694697029898989,0.685889701444237,,0.05,36,cluster bounded differences plus within-pair bias; assumption-dependent sensitivity,0.11683970501378094,0.23367941002756187,0.00042785170902988215,False,,
307,1.0,validation,state_OR,sandwich,standard_c1:E8,standard_c1,1.0,8.0,7.998197999765249,0.838519699420355,0.8031594692869911,0.03536023013336387,0.005621505816317929,0.010498258268748395,1212,0.05221053032381892,0.7716912454541809,True,0.05,36,paired cluster influence sandwich; asymptotic Bonferroni bounds,,,,,,
307,1.0,validation,state_OR,concentration,standard_c1:E8,standard_c1,1.0,8.0,7.998197999765249,0.838519699420355,0.8031594692869911,0.03536023013336387,,,1212,0.26903964016092574,0.6863197642732102,,0.05,36,cluster bounded differences plus within-pair bias; assumption-dependent sensitivity,0.11683970501378094,0.23367941002756187,0.00042785170902988215,False,,
307,1.0,validation,state_OR,sandwich,standard_c5:E2,standard_c5,5.0,2.0,1.9909995955023065,0.838519699420355,0.8278211955746646,0.010698503845690377,0.004139208166413679,0.009793969659181157,1212,0.023105659941196753,0.7984640563657424,True,0.05,36,paired cluster influence sandwich; asymptotic Bonferroni bounds,,,,,,
307,1.0,validation,state_OR,concentration,standard_c5:E2,standard_c5,5.0,2.0,1.9909995955023065,0.838519699420355,0.8278211955746646,0.010698503845690377,,,1212,0.24437791387325225,0.7109814905608837,,0.05,36,cluster bounded differences plus within-pair bias; assumption-dependent sensitivity,0.11683970501378094,0.23367941002756187,0.00042785170902988215,False,,
307,1.0,validation,state_OR,sandwich,standard_c5:E8,standard_c5,5.0,8.0,7.998197999765249,0.838519699420355,0.8392736913210226,-0.0007539919006676055,0.0013400397825329255,0.00941372872029708,1212,0.003262738374214827,0.8110563132676076,True,0.05,36,paired cluster influence sandwich; asymptotic Bonferroni bounds,,,,,,
307,1.0,validation,state_OR,concentration,standard_c5:E8,standard_c5,5.0,8.0,7.998197999765249,0.838519699420355,0.8392736913210226,-0.0007539919006676055,,,1212,0.23292541812689427,0.7224339863072416,,0.05,36,cluster bounded differences plus within-pair bias; assumption-dependent sensitivity,0.11683970501378094,0.23367941002756187,0.00042785170902988215,False,,
307,1.0,validation,state_OR,sandwich,auto_s:E2,auto_s,1.0,2.0,1.9909995955023065,0.838519699420355,0.790029286283649,0.04849041313670599,0.006744745405133389,0.010823273713956956,1212,0.06870759132671828,0.7575868381064644,True,0.05,36,paired cluster influence sandwich; asymptotic Bonferroni bounds,,,,,,
307,1.0,validation,state_OR,concentration,auto_s:E2,auto_s,1.0,2.0,1.9909995955023065,0.838519699420355,0.790029286283649,0.04849041313670599,,,1212,0.28216982316426786,0.673189581269868,,0.05,36,cluster bounded differences plus within-pair bias; assumption-dependent sensitivity,0.11683970501378094,0.23367941002756187,0.00042785170902988215,False,,
307,1.0,validation,state_OR,sandwich,auto_s:E8,auto_s,1.0,8.0,7.998197999765249,0.838519699420355,0.7899480276257326,0.048571671794622406,0.006701142173626631,0.010814121296159452,1212,0.06865815056633469,0.7575330135547103,True,0.05,36,paired cluster influence sandwich; asymptotic Bonferroni bounds,,,,,,
307,1.0,validation,state_OR,concentration,auto_s:E8,auto_s,1.0,8.0,7.998197999765249,0.838519699420355,0.7899480276257326,0.048571671794622406,,,1212,0.2822510818221843,0.6731083226119516,,0.05,36,cluster bounded differences plus within-pair bias; assumption-dependent sensitivity,0.11683970501378094,0.23367941002756187,0.00042785170902988215,False,,
307,1.0,validation,state_WA,sandwich,standard_c1:E2,standard_c1,1.0,2.0,1.9909995955023065,0.8435153498571334,0.8080032311117018,0.03551211874543159,0.005412947289473927,0.009749421732970064,1185,0.05173803201864395,0.7787782519934369,True,0.05,36,paired cluster influence sandwich; asymptotic Bonferroni bounds,,,,,,
307,1.0,validation,state_WA,concentration,standard_c1:E2,standard_c1,1.0,2.0,1.9909995955023065,0.8435153498571334,0.8080032311117018,0.03551211874543159,,,1185,0.26695988514984476,0.6922793479094952,,0.05,36,cluster bounded differences plus within-pair bias; assumption-dependent sensitivity,0.11572388320220658,0.23144776640441317,0.0004090803375639578,False,,
307,1.0,validation,state_WA,sandwich,standard_c1:E8,standard_c1,1.0,8.0,7.998197999765249,0.8435153498571334,0.8084528041730348,0.03506254568409861,0.005341443864704875,0.009734629207404512,1185,0.05107411946590369,0.7792721673001461,True,0.05,36,paired cluster influence sandwich; asymptotic Bonferroni bounds,,,,,,
307,1.0,validation,state_WA,concentration,standard_c1:E8,standard_c1,1.0,8.0,7.998197999765249,0.8435153498571334,0.8084528041730348,0.03506254568409861,,,1185,0.2665103120885118,0.6927289209708282,,0.05,36,cluster bounded differences plus within-pair bias; assumption-dependent sensitivity,0.11572388320220658,0.23144776640441317,0.0004090803375639578,False,,
307,1.0,validation,state_WA,sandwich,standard_c5:E2,standard_c5,5.0,2.0,1.9909995955023065,0.8435153498571334,0.8267856252907171,0.016729724566416304,0.004012541723597762,0.009416118009401493,1185,0.028757765951347467,0.798559761261339,True,0.05,36,paired cluster influence sandwich; asymptotic Bonferroni bounds,,,,,,
307,1.0,validation,state_WA,concentration,standard_c5:E2,standard_c5,5.0,2.0,1.9909995955023065,0.8435153498571334,0.8267856252907171,0.016729724566416304,,,1185,0.24817749097082947,0.7110617420885105,,0.05,36,cluster bounded differences plus within-pair bias; assumption-dependent sensitivity,0.11572388320220658,0.23144776640441317,0.0004090803375639578,False,,
307,1.0,validation,state_WA,sandwich,standard_c5:E8,standard_c5,5.0,8.0,7.998197999765249,0.8435153498571334,0.8428197056282809,0.0006956442288524878,0.0012769185230298234,0.008932231990898265,1185,0.0045233499321633355,0.8160443439131636,True,0.05,36,paired cluster influence sandwich; asymptotic Bonferroni bounds,,,,,,
307,1.0,validation,state_WA,concentration,standard_c5:E8,standard_c5,5.0,8.0,7.998197999765249,0.8435153498571334,0.8428197056282809,0.0006956442288524878,,,1185,0.23214341063326566,0.7270958224260743,,0.05,36,cluster bounded differences plus within-pair bias; assumption-dependent sensitivity,0.11572388320220658,0.23144776640441317,0.0004090803375639578,False,,
307,1.0,validation,state_WA,sandwich,auto_s:E2,auto_s,1.0,2.0,1.9909995955023065,0.8435153498571334,0.7952023390258489,0.048313010831284475,0.006410382679976733,0.010081384084148588,1185,0.06752884794384466,0.7649822657320562,True,0.05,36,paired cluster influence sandwich; asymptotic Bonferroni bounds,,,,,,
307,1.0,validation,state_WA,concentration,auto_s:E2,auto_s,1.0,2.0,1.9909995955023065,0.8435153498571334,0.7952023390258489,0.048313010831284475,,,1185,0.27976077723569764,0.6794784558236423,,0.05,36,cluster bounded differences plus within-pair bias; assumption-dependent sensitivity,0.11572388320220658,0.23144776640441317,0.0004090803375639578,False,,
307,1.0,validation,state_WA,sandwich,auto_s:E8,auto_s,1.0,8.0,7.998197999765249,0.8435153498571334,0.7953944198950095,0.048120929962123915,0.006373213422827292,0.010075803508631935,1185,0.0672253480804313,0.7651910749987987,True,0.05,36,paired cluster influence sandwich; asymptotic Bonferroni bounds,,,,,,
307,1.0,validation,state_WA,concentration,auto_s:E8,auto_s,1.0,8.0,7.998197999765249,0.8435153498571334,0.7953944198950095,0.048120929962123915,,,1185,0.2795686963665371,0.679670536692803,,0.05,36,cluster bounded differences plus within-pair bias; assumption-dependent sensitivity,0.11572388320220658,0.23144776640441317,0.0004090803375639578,False,,
307,1.0,test,source,evaluation,standard_c1:E2,standard_c1,1.0,2.0,1.9909995955023065,0.8654750299246023,0.82426648732472,0.04120854259988238,0.004930671097543403,0.009277867931287261,1161,0.05598942268312299,0.7964538324938543,True,0.05,36,paired cluster influence sandwich; asymptotic Bonferroni bounds,,,,,0.03957760035539315,0.0016309422444892308
307,1.0,test,source,evaluation,standard_c1:E8,standard_c1,1.0,8.0,7.998197999765249,0.8654750299246023,0.8255683617771307,0.03990666814747168,0.004860546817955907,0.00924791497829381,1161,0.05447733372907522,0.7978454981729715,True,0.05,36,paired cluster influence sandwich; asymptotic Bonferroni bounds,,,,,0.03957760035539315,0.0003290677920785301
307,1.0,test,source,evaluation,standard_c5:E2,standard_c5,5.0,2.0,1.9909995955023065,0.8654750299246023,0.8431107601054663,0.022364269819136084,0.003661466629852305,0.0087931335251562,1161,0.033340402299681784,0.8167512139868839,True,0.05,36,paired cluster influence sandwich; asymptotic Bonferroni bounds,,,,,0.0001676189065901168,0.022196650912545968
307,1.0,test,source,evaluation,standard_c5:E8,standard_c5,5.0,8.0,7.998197999765249,0.8654750299246023,0.8628867060725348,0.002588323852067531,0.0011646891040096442,0.008150629966695277,1161,0.006079761354195905,0.8384532198883492,True,0.05,36,paired cluster influence sandwich; asymptotic Bonferroni bounds,,,,,0.0001676189065901168,0.0024207049454774143
307,1.0,test,source,evaluation,auto_s:E2,auto_s,1.0,2.0,1.9909995955023065,0.8654750299246023,0.8097412293150043,0.055733800609598094,0.005950590160334377,0.00967045301555732,1161,0.07357213495484281,0.780751705668866,True,0.05,36,paired cluster influence sandwich; asymptotic Bonferroni bounds,,,,,0.05510034510984696,0.0006334554997511344
307,1.0,test,source,evaluation,auto_s:E8,auto_s,1.0,8.0,7.998197999765249,0.8654750299246023,0.810276992813982,0.055198037110620324,0.005927033788903663,0.009663577187692514,1161,0.07296575553068456,0.7813080811261618,True,0.05,36,paired cluster influence sandwich; asymptotic Bonferroni bounds,,,,,0.05510034510984696,9.769200077336393e-05
307,1.0,test,state_CO,evaluation,standard_c1:E2,standard_c1,1.0,2.0,1.9909995955023065,0.831662138436853,0.804659616690331,0.027002521746521957,0.005439331652749641,0.009658869964990805,1199,0.043307124158642546,0.7757067885519809,True,0.05,36,paired cluster influence sandwich; asymptotic Bonferroni bounds,,,,,0.026663560395462027,0.00033896135105992986
307,1.0,test,state_CO,evaluation,standard_c1:E8,standard_c1,1.0,8.0,7.998197999765249,0.831662138436853,0.8050321593517128,0.0266299790851402,0.00537425642017746,0.009634712121589771,1199,0.04273951602567305,0.7761517452629066,True,0.05,36,paired cluster influence sandwich; asymptotic Bonferroni bounds,,,,,0.026663560395462027,-3.358131032182854e-05
307,1.0,test,state_CO,evaluation,standard_c5:E2,standard_c5,5.0,2.0,1.9909995955023065,0.831662138436853,0.814762344017437,0.016899794419416025,0.004018555098119437,0.009661684123241499,1199,0.0289455653576371,0.785801080333264,True,0.05,36,paired cluster influence sandwich; asymptotic Bonferroni bounds,,,,,-8.920035554216277e-05,0.016988994774958188
307,1.0,test,state_CO,evaluation,standard_c5:E8,standard_c5,5.0,8.0,7.998197999765249,0.831662138436853,0.8307313064913723,0.0009308319454807146,0.001283265112760349,0.009283101334198745,1199,0.004777467669986631,0.8029048590400528,True,0.05,36,paired cluster influence sandwich; asymptotic Bonferroni bounds,,,,,-8.920035554216277e-05,0.0010200323010228773
307,1.0,test,state_CO,evaluation,auto_s:E2,auto_s,1.0,2.0,1.9909995955023065,0.831662138436853,0.7923394734660425,0.039322664970810495,0.006408619589319266,0.009905273228377292,1199,0.05853274464329329,0.7626480422236631,True,0.05,36,paired cluster influence sandwich; asymptotic Bonferroni bounds,,,,,0.03972564069467155,-0.0004029757238610543
307,1.0,test,state_CO,evaluation,auto_s:E8,auto_s,1.0,8.0,7.998197999765249,0.831662138436853,0.7922103953044932,0.03945174313235977,0.006402962991031911,0.00990030885874712,1199,0.0586448669374735,0.7625338449478943,True,0.05,36,paired cluster influence sandwich; asymptotic Bonferroni bounds,,,,,0.03972564069467155,-0.00027389756231177564
307,1.0,test,state_UT,evaluation,standard_c1:E2,standard_c1,1.0,2.0,1.9909995955023065,0.8733380303305106,0.8503890136770977,0.022949016653412868,0.0044976263915523645,0.008964170959821098,1110,0.03643307226032851,0.8235140869559375,True,0.05,36,paired cluster influence sandwich; asymptotic Bonferroni bounds,,,,,0.021086494505443643,0.0018625221479692255
307,1.0,test,state_UT,evaluation,standard_c1:E8,standard_c1,1.0,8.0,7.998197999765249,0.8733380303305106,0.8517457947923787,0.021592235538131943,0.004421491511680809,0.008901140259017486,1110,0.03484803586894415,0.8250598365182586,True,0.05,36,paired cluster influence sandwich; asymptotic Bonferroni bounds,,,,,0.021086494505443643,0.0005057410326883005
307,1.0,test,state_UT,evaluation,standard_c5:E2,standard_c5,5.0,2.0,1.9909995955023065,0.8733380303305106,0.8540443005892174,0.019293729741293175,0.0037759626647392948,0.008827526267136376,1110,0.03061420994761118,0.8275790398727773,True,0.05,36,paired cluster influence sandwich; asymptotic Bonferroni bounds,,,,,-3.8366561100455776e-05,0.01933209630239363
307,1.0,test,state_UT,evaluation,standard_c5:E8,standard_c5,5.0,8.0,7.998197999765249,0.8733380303305106,0.8703803172565815,0.0029577130739291135,0.001176860878183938,0.008169216506776584,1110,0.006485986910288969,0.8458886943309413,True,0.05,36,paired cluster influence sandwich; asymptotic Bonferroni bounds,,,,,-3.8366561100455776e-05,0.0029960796350295693
307,1.0,test,state_UT,evaluation,auto_s:E2,auto_s,1.0,2.0,1.9909995955023065,0.8733380303305106,0.8419245364621845,0.03141349386832615,0.005271777085230187,0.009217897299228086,1110,0.047218482806051676,0.8142889284901473,True,0.05,36,paired cluster influence sandwich; asymptotic Bonferroni bounds,,,,,0.03099088038468889,0.0004226134836372575
307,1.0,test,state_UT,evaluation,auto_s:E8,auto_s,1.0,8.0,7.998197999765249,0.8733380303305106,0.8422122856704385,0.03112574466007212,0.005253021674272821,0.009200144411446802,1110,0.04687450415980905,0.8146299015336393,True,0.05,36,paired cluster influence sandwich; asymptotic Bonferroni bounds,,,,,0.03099088038468889,0.00013486427538322854
308,1.0,validation,source,sandwich,standard_c1:E2,standard_c1,1.0,2.0,1.9909995955023065,0.8546897475883042,0.8265972967680352,0.02809245082026901,0.004394153082048751,0.009269480378464687,1129,0.041265790951801225,0.7988080924349112,True,0.05,36,paired cluster influence sandwich; asymptotic Bonferroni bounds,,,,,,
308,1.0,validation,source,concentration,standard_c1:E2,standard_c1,1.0,2.0,1.9909995955023065,0.8546897475883042,0.8265972967680352,0.02809245082026901,,,1129,0.26966387038475015,0.7058115869857946,,0.05,36,cluster bounded differences plus within-pair bias; assumption-dependent sensitivity,0.12078570978224058,0.24157141956448117,0.00044496801664221393,False,,
308,1.0,validation,source,sandwich,standard_c1:E8,standard_c1,1.0,8.0,7.998197999765249,0.8546897475883042,0.8270996800126312,0.02759006757567295,0.00439199564709574,0.009268320854385361,1129,0.04075693987963589,0.7993139518454037,True,0.05,36,paired cluster influence sandwich; asymptotic Bonferroni bounds,,,,,,
308,1.0,validation,source,concentration,standard_c1:E8,standard_c1,1.0,8.0,7.998197999765249,0.8546897475883042,0.8270996800126312,0.02759006757567295,,,1129,0.2691614871401541,0.7063139702303907,,0.05,36,cluster bounded differences plus within-pair bias; assumption-dependent sensitivity,0.12078570978224058,0.24157141956448117,0.00044496801664221393,False,,
308,1.0,validation,source,sandwich,standard_c5:E2,standard_c5,5.0,2.0,1.9909995955023065,0.8546897475883042,0.8414237541151852,0.013265993473118964,0.0028734934218668066,0.008899678123924058,1129,0.021880510424431645,0.8147431891010628,True,0.05,36,paired cluster influence sandwich; asymptotic Bonferroni bounds,,,,,,
308,1.0,validation,source,concentration,standard_c5:E2,standard_c5,5.0,2.0,1.9909995955023065,0.8546897475883042,0.8414237541151852,0.013265993473118964,,,1129,0.2548374130376001,0.7206380443329446,,0.05,36,cluster bounded differences plus within-pair bias; assumption-dependent sensitivity,0.12078570978224058,0.24157141956448117,0.00044496801664221393,False,,
308,1.0,validation,source,sandwich,standard_c5:E8,standard_c5,5.0,8.0,7.998197999765249,0.8546897475883042,0.8527991461535386,0.0018906014347656042,0.0009465403064404172,0.008641914827684994,1129,0.004728258014342639,0.8268913360961458,True,0.05,36,paired cluster influence sandwich; asymptotic Bonferroni bounds,,,,,,
308,1.0,validation,source,concentration,standard_c5:E8,standard_c5,5.0,8.0,7.998197999765249,0.8546897475883042,0.8527991461535386,0.0018906014347656042,,,1129,0.24346202099924677,0.732013436371298,,0.05,36,cluster bounded differences plus within-pair bias; assumption-dependent sensitivity,0.12078570978224058,0.24157141956448117,0.00044496801664221393,False,,
308,1.0,validation,source,sandwich,auto_s:E2,auto_s,1.0,2.0,1.9909995955023065,0.8546897475883042,0.8112007882290581,0.04348895935924613,0.0056727243884153325,0.009626419608982226,1129,0.060495360011585564,0.7823415069545767,True,0.05,36,paired cluster influence sandwich; asymptotic Bonferroni bounds,,,,,,
308,1.0,validation,source,concentration,auto_s:E2,auto_s,1.0,2.0,1.9909995955023065,0.8546897475883042,0.8112007882290581,0.04348895935924613,,,1129,0.28506037892372726,0.6904150784468175,,0.05,36,cluster bounded differences plus within-pair bias; assumption-dependent sensitivity,0.12078570978224058,0.24157141956448117,0.00044496801664221393,False,,
308,1.0,validation,source,sandwich,auto_s:E8,auto_s,1.0,8.0,7.998197999765249,0.8546897475883042,0.811435575500512,0.04325417208779214,0.005690237158017461,0.009630847888123123,1129,0.060313074704971284,0.7825630185785438,True,0.05,36,paired cluster influence sandwich; asymptotic Bonferroni bounds,,,,,,
308,1.0,validation,source,concentration,auto_s:E8,auto_s,1.0,8.0,7.998197999765249,0.8546897475883042,0.811435575500512,0.04325417208779214,,,1129,0.2848255916522733,0.6906498657182715,,0.05,36,cluster bounded differences plus within-pair bias; assumption-dependent sensitivity,0.12078570978224058,0.24157141956448117,0.00044496801664221393,False,,
308,1.0,validation,state_OR,sandwich,standard_c1:E2,standard_c1,1.0,2.0,1.9909995955023065,0.810826417151451,0.7940870469915033,0.016739370159947642,0.0054902251003390145,0.010531434031847748,1218,0.0331959933126239,0.7625196999425297,True,0.05,36,paired cluster influence sandwich; asymptotic Bonferroni bounds,,,,,,
308,1.0,validation,state_OR,concentration,standard_c1:E2,standard_c1,1.0,2.0,1.9909995955023065,0.810826417151451,0.7940870469915033,0.016739370159947642,,,1218,0.2518820763967107,0.6765156938731218,,0.05,36,cluster bounded differences plus within-pair bias; assumption-dependent sensitivity,0.1175713531183815,0.235142706236763,0.00041026756925531896,False,,
308,1.0,validation,state_OR,sandwich,standard_c1:E8,standard_c1,1.0,8.0,7.998197999765249,0.810826417151451,0.7950866491906283,0.01573976796082266,0.0054399210992474864,0.010485626000411929,1218,0.03204560786255645,0.7636566089909964,True,0.05,36,paired cluster influence sandwich; asymptotic Bonferroni bounds,,,,,,
308,1.0,validation,state_OR,concentration,standard_c1:E8,standard_c1,1.0,8.0,7.998197999765249,0.810826417151451,0.7950866491906283,0.01573976796082266,,,1218,0.2508824741975857,0.6775152960722468,,0.05,36,cluster bounded differences plus within-pair bias; assumption-dependent sensitivity,0.1175713531183815,0.235142706236763,0.00041026756925531896,False,,
308,1.0,validation,state_OR,sandwich,standard_c5:E2,standard_c5,5.0,2.0,1.9909995955023065,0.810826417151451,0.7965373190487687,0.014289098102682307,0.0035794718895845005,0.010444308504111993,1218,0.025018352167119985,0.765231125586528,True,0.05,36,paired cluster influence sandwich; asymptotic Bonferroni bounds,,,,,,
308,1.0,validation,state_OR,concentration,standard_c5:E2,standard_c5,5.0,2.0,1.9909995955023065,0.810826417151451,0.7965373190487687,0.014289098102682307,,,1218,0.2494318043394453,0.6789659659303872,,0.05,36,cluster bounded differences plus within-pair bias; assumption-dependent sensitivity,0.1175713531183815,0.235142706236763,0.00041026756925531896,False,,
308,1.0,validation,state_OR,sandwich,standard_c5:E8,standard_c5,5.0,8.0,7.998197999765249,0.810826417151451,0.8089722797390154,0.0018541374124355636,0.0011940659901030469,0.01013754933773539,1218,0.00543327918885193,0.7785855786304448,True,0.05,36,paired cluster influence sandwich; asymptotic Bonferroni bounds,,,,,,
308,1.0,validation,state_OR,concentration,standard_c5:E8,standard_c5,5.0,8.0,7.998197999765249,0.810826417151451,0.8089722797390154,0.0018541374124355636,,,1218,0.23699684364919857,0.6914009266206339,,0.05,36,cluster bounded differences plus within-pair bias; assumption-dependent sensitivity,0.1175713531183815,0.235142706236763,0.00041026756925531896,False,,
308,1.0,validation,state_OR,sandwich,auto_s:E2,auto_s,1.0,2.0,1.9909995955023065,0.810826417151451,0.783344156690478,0.027482260460973018,0.0069154025283834795,0.010788422767945198,1218,0.048210768177650104,0.7510065011920061,True,0.05,36,paired cluster influence sandwich; asymptotic Bonferroni bounds,,,,,,
308,1.0,validation,state_OR,concentration,auto_s:E2,auto_s,1.0,2.0,1.9909995955023065,0.810826417151451,0.783344156690478,0.027482260460973018,,,1218,0.26262496669773605,0.6657728035720964,,0.05,36,cluster bounded differences plus within-pair bias; assumption-dependent sensitivity,0.1175713531183815,0.235142706236763,0.00041026756925531896,False,,
308,1.0,validation,state_OR,sandwich,auto_s:E8,auto_s,1.0,8.0,7.998197999765249,0.810826417151451,0.7841295584183618,0.026696858733089135,0.006899939910651137,0.010755505404595076,1218,0.04737901817290607,0.7518905707584452,True,0.05,36,paired cluster influence sandwich; asymptotic Bonferroni bounds,,,,,,
308,1.0,validation,state_OR,concentration,auto_s:E8,auto_s,1.0,8.0,7.998197999765249,0.810826417151451,0.7841295584183618,0.026696858733089135,,,1218,0.26183956496985217,0.6665582052999803,,0.05,36,cluster bounded differences plus within-pair bias; assumption-dependent sensitivity,0.1175713531183815,0.235142706236763,0.00041026756925531896,False,,
308,1.0,validation,state_WA,sandwich,standard_c1:E2,standard_c1,1.0,2.0,1.9909995955023065,0.8346183622605463,0.8121899286049588,0.022428433655587554,0.004812240759658224,0.00973218524327566,1204,0.036853182713727325,0.7830175872918544,True,0.05,36,paired cluster influence sandwich; asymptotic Bonferroni bounds,,,,,,
308,1.0,validation,state_WA,concentration,standard_c1:E2,standard_c1,1.0,2.0,1.9909995955023065,0.8346183622605463,0.8121899286049588,0.022428433655587554,,,1204,0.25172559855919935,0.6975413461531529,,0.05,36,cluster bounded differences plus within-pair bias; assumption-dependent sensitivity,0.1146485824518059,0.2292971649036118,0.00043669506718661,False,,
308,1.0,validation,state_WA,sandwich,standard_c1:E8,standard_c1,1.0,8.0,7.998197999765249,0.8346183622605463,0.8122538476721699,0.022364514588376405,0.004782206355349304,0.009728520763417152,1204,0.03669923516147054,0.7830924906811366,True,0.05,36,paired cluster influence sandwich; asymptotic Bonferroni bounds,,,,,,
308,1.0,validation,state_WA,concentration,standard_c1:E8,standard_c1,1.0,8.0,7.998197999765249,0.8346183622605463,0.8122538476721699,0.022364514588376405,,,1204,0.2516616794919882,0.697605265220364,,0.05,36,cluster bounded differences plus within-pair bias; assumption-dependent sensitivity,0.1146485824518059,0.2292971649036118,0.00043669506718661,False,,
308,1.0,validation,state_WA,sandwich,standard_c5:E2,standard_c5,5.0,2.0,1.9909995955023065,0.8346183622605463,0.8265952409442022,0.008023121316344084,0.003418694882690592,0.009313134819597118,1204,0.018270699991659728,0.7986790082728233,True,0.05,36,paired cluster influence sandwich; asymptotic Bonferroni bounds,,,,,,
308,1.0,validation,state_WA,concentration,standard_c5:E2,standard_c5,5.0,2.0,1.9909995955023065,0.8346183622605463,0.8265952409442022,0.008023121316344084,,,1204,0.23732028621995588,0.7119466584923964,,0.05,36,cluster bounded differences plus within-pair bias; assumption-dependent sensitivity,0.1146485824518059,0.2292971649036118,0.00043669506718661,False,,
308,1.0,validation,state_WA,sandwich,standard_c5:E8,standard_c5,5.0,8.0,7.998197999765249,0.8346183622605463,0.8346694975143154,-5.113525376909678e-05,0.0011935115882691471,0.009086612161541713,1204,0.0035264299634763943,0.8074322692115092,True,0.05,36,paired cluster influence sandwich; asymptotic Bonferroni bounds,,,,,,
308,1.0,validation,state_WA,concentration,standard_c5:E8,standard_c5,5.0,8.0,7.998197999765249,0.8346183622605463,0.8346694975143154,-5.113525376909678e-05,,,1204,0.2292460296498427,0.7200209150625095,,0.05,36,cluster bounded differences plus within-pair bias; assumption-dependent sensitivity,0.1146485824518059,0.2292971649036118,0.00043669506718661,False,,
308,1.0,validation,state_WA,sandwich,auto_s:E2,auto_s,1.0,2.0,1.9909995955023065,0.8346183622605463,0.7994004902848132,0.03521787197573312,0.0060608596750174855,0.010022244773455724,1204,0.053385371121169686,0.7693586920713299,True,0.05,36,paired cluster influence sandwich; asymptotic Bonferroni bounds,,,,,,
308,1.0,validation,state_WA,concentration,auto_s:E2,auto_s,1.0,2.0,1.9909995955023065,0.8346183622605463,0.7994004902848132,0.03521787197573312,,,1204,0.2645150368793449,0.6847519078330073,,0.05,36,cluster bounded differences plus within-pair bias; assumption-dependent sensitivity,0.1146485824518059,0.2292971649036118,0.00043669506718661,False,,
308,1.0,validation,state_WA,sandwich,auto_s:E8,auto_s,1.0,8.0,7.998197999765249,0.8346183622605463,0.7994966245618988,0.03512173769864746,0.006055498801224771,0.01001904718490705,1204,0.05327316756096741,0.7694644111582183,True,0.05,36,paired cluster influence sandwich; asymptotic Bonferroni bounds,,,,,,
308,1.0,validation,state_WA,concentration,auto_s:E8,auto_s,1.0,8.0,7.998197999765249,0.8346183622605463,0.7994966245618988,0.03512173769864746,,,1204,0.26441890260225925,0.684848042110093,,0.05,36,cluster bounded differences plus within-pair bias; assumption-dependent sensitivity,0.1146485824518059,0.2292971649036118,0.00043669506718661,False,,
308,1.0,test,source,evaluation,standard_c1:E2,standard_c1,1.0,2.0,1.9909995955023065,0.8642976621153771,0.8448845040629378,0.01941315805243926,0.004352685427778192,0.00913943168989575,1146,0.03246175334264203,0.8174860744537533,True,0.05,36,paired cluster influence sandwich; asymptotic Bonferroni bounds,,,,,0.018882226841148597,0.0005309312112906639
308,1.0,test,source,evaluation,standard_c1:E8,standard_c1,1.0,8.0,7.998197999765249,0.8642976621153771,0.8453859975040976,0.018911664611279466,0.004348116556862361,0.009119708095264861,1146,0.03194656321962846,0.8180466958076182,True,0.05,36,paired cluster influence sandwich; asymptotic Bonferroni bounds,,,,,0.018882226841148597,2.9437770130869012e-05
308,1.0,test,source,evaluation,standard_c5:E2,standard_c5,5.0,2.0,1.9909995955023065,0.8642976621153771,0.8527412346411063,0.01155642747427077,0.002805594534714599,0.008939548081468752,1146,0.01996711284065675,0.8259420213903713,True,0.05,36,paired cluster influence sandwich; asymptotic Bonferroni bounds,,,,,-2.9437770131091057e-05,0.01158586524440186
308,1.0,test,source,evaluation,standard_c5:E8,standard_c5,5.0,8.0,7.998197999765249,0.8642976621153771,0.8630907135400074,0.0012069485753696263,0.0009330265315990119,0.008638557272121445,1146,0.0040040001445365726,0.8371938184839618,True,0.05,36,paired cluster influence sandwich; asymptotic Bonferroni bounds,,,,,-2.9437770131091057e-05,0.0012363863455007174
308,1.0,test,source,evaluation,auto_s:E2,auto_s,1.0,2.0,1.9909995955023065,0.8642976621153771,0.8322567520256866,0.032040910089690455,0.005618312139193365,0.009461105525713593,1146,0.048883634549056885,0.8038940000990089,True,0.05,36,paired cluster influence sandwich; asymptotic Bonferroni bounds,,,,,0.03154362204426375,0.0004972880454267026
308,1.0,test,source,evaluation,auto_s:E8,auto_s,1.0,8.0,7.998197999765249,0.8642976621153771,0.8326835996925855,0.03161406242279152,0.00562128191198672,0.009443397312726696,1146,0.04846568974544255,0.8043739339143128,True,0.05,36,paired cluster influence sandwich; asymptotic Bonferroni bounds,,,,,0.03154362204426375,7.044037852776963e-05
308,1.0,test,state_CO,evaluation,standard_c1:E2,standard_c1,1.0,2.0,1.9909995955023065,0.8358610985058222,0.803885528249493,0.031975570256329244,0.004826461981596788,0.009852803457459968,1203,0.046442972522625844,0.7743515815172177,True,0.05,36,paired cluster influence sandwich; asymptotic Bonferroni bounds,,,,,0.03249493128614178,-0.0005193610298125373
308,1.0,test,state_CO,evaluation,standard_c1:E8,standard_c1,1.0,8.0,7.998197999765249,0.8358610985058222,0.8035868175970758,0.0322742809087464,0.004807779490919575,0.009856199886629821,1203,0.04668568208998438,0.7740426900103244,True,0.05,36,paired cluster influence sandwich; asymptotic Bonferroni bounds,,,,,0.03249493128614178,-0.00022065037739538162
308,1.0,test,state_CO,evaluation,standard_c5:E2,standard_c5,5.0,2.0,1.9909995955023065,0.8358610985058222,0.8264553557675094,0.00940574273831285,0.003406687254007744,0.009132285545425462,1203,0.019617345996998336,0.799081173789048,True,0.05,36,paired cluster influence sandwich; asymptotic Bonferroni bounds,,,,,0.00023418082506587723,0.009171561913246973
308,1.0,test,state_CO,evaluation,standard_c5:E8,standard_c5,5.0,8.0,7.998197999765249,0.8358610985058222,0.8359911989641922,-0.00013010045836991946,0.0011966717083178244,0.008878779260798155,1203,0.003456943436504513,0.8093769064059151,True,0.05,36,paired cluster influence sandwich; asymptotic Bonferroni bounds,,,,,0.00023418082506587723,-0.0003642812834357967
308,1.0,test,state_CO,evaluation,auto_s:E2,auto_s,1.0,2.0,1.9909995955023065,0.8358610985058222,0.7894506221924321,0.046410476313390125,0.0060292950157697905,0.010189433547725724,1203,0.06448339115409918,0.7589076210121193,True,0.05,36,paired cluster influence sandwich; asymptotic Bonferroni bounds,,,,,0.046717513395143184,-0.00030703708175305877
308,1.0,test,state_CO,evaluation,auto_s:E8,auto_s,1.0,8.0,7.998197999765249,0.8358610985058222,0.7892809711947176,0.04658012731110461,0.006029163704213515,0.010196842696990047,1203,0.06465264854317984,0.7587157609628745,True,0.05,36,paired cluster influence sandwich; asymptotic Bonferroni bounds,,,,,0.046717513395143184,-0.000137386084038571
308,1.0,test,state_UT,evaluation,standard_c1:E2,standard_c1,1.0,2.0,1.9909995955023065,0.8585897461393315,0.8390819791797051,0.019507766959626416,0.004188637428921748,0.009293391119892204,1112,0.032065411070857495,0.8112201505420032,True,0.05,36,paired cluster influence sandwich; asymptotic Bonferroni bounds,,,,,0.019421200951290074,8.656600833634176e-05
308,1.0,test,state_UT,evaluation,standard_c1:E8,standard_c1,1.0,8.0,7.998197999765249,0.8585897461393315,0.8392714885493059,0.01931825759002559,0.004177924491093049,0.009265034701852736,1112,0.031843784034611744,0.8114946731914717,True,0.05,36,paired cluster influence sandwich; asymptotic Bonferroni bounds,,,,,0.019421200951290074,-0.00010294336126448478
308,1.0,test,state_UT,evaluation,standard_c5:E2,standard_c5,5.0,2.0,1.9909995955023065,0.8585897461393315,0.8534718233491919,0.005117922790139562,0.0030711097289248205,0.008697267233979414,1112,0.014325189749100246,0.8273971896483945,True,0.05,36,paired cluster influence sandwich; asymptotic Bonferroni bounds,,,,,0.0001111320377286118,0.00500679075241095
308,1.0,test,state_UT,evaluation,standard_c5:E8,standard_c5,5.0,8.0,7.998197999765249,0.8585897461393315,0.8591512553825924,-0.000561509243260927,0.001056535321014904,0.008526232030484204,1112,0.002606011168183668,0.8335893896767411,True,0.05,36,paired cluster influence sandwich; asymptotic Bonferroni bounds,,,,,0.0001111320377286118,-0.0006726412809895388
308,1.0,test,state_UT,evaluation,auto_s:E2,auto_s,1.0,2.0,1.9909995955023065,0.8585897461393315,0.8296053408887522,0.028984405250579326,0.005328541744463891,0.009563049357811328,1112,0.044959512190317755,0.8009350698301169,True,0.05,36,paired cluster influence sandwich; asymptotic Bonferroni bounds,,,,,0.02864808461008439,0.00033632064049493593
308,1.0,test,state_UT,evaluation,auto_s:E8,auto_s,1.0,8.0,7.998197999765249,0.8585897461393315,0.8297890012037354,0.028800744935596034,0.005327435586659393,0.009532396855384994,1112,0.044772535585425044,0.8012106271457646,True,0.05,36,paired cluster influence sandwich; asymptotic Bonferroni bounds,,,,,0.02864808461008439,0.00015266032551164432
309,1.0,validation,source,sandwich,standard_c1:E2,standard_c1,1.0,2.0,1.9909995955023065,0.8463908505330571,0.8053897293965305,0.04100112113652654,0.0049645641148052,0.009715514753647476,1159,0.055883658950218906,0.7762650142439057,True,0.05,36,paired cluster influence sandwich; asymptotic Bonferroni bounds,,,,,,
309,1.0,validation,source,concentration,standard_c1:E2,standard_c1,1.0,2.0,1.9909995955023065,0.8463908505330571,0.8053897293965305,0.04100112113652654,,,1159,0.2786046269500494,0.686587976489769,,0.05,36,cluster bounded differences plus within-pair bias; assumption-dependent sensitivity,0.11880175290676145,0.2376035058135229,0.0004230118443316412,False,,
309,1.0,validation,source,sandwich,standard_c1:E8,standard_c1,1.0,8.0,7.998197999765249,0.8463908505330571,0.807048680492638,0.03934217004041907,0.004866978278233918,0.009688765231920443,1159,0.05393216960316573,0.778004153803571,True,0.05,36,paired cluster influence sandwich; asymptotic Bonferroni bounds,,,,,,
309,1.0,validation,source,concentration,standard_c1:E8,standard_c1,1.0,8.0,7.998197999765249,0.8463908505330571,0.807048680492638,0.03934217004041907,,,1159,0.2769456758539419,0.6882469275858765,,0.05,36,cluster bounded differences plus within-pair bias; assumption-dependent sensitivity,0.11880175290676145,0.2376035058135229,0.0004230118443316412,False,,
309,1.0,validation,source,sandwich,standard_c5:E2,standard_c5,5.0,2.0,1.9909995955023065,0.8463908505330571,0.8316666252963152,0.014724225236741884,0.0028112962913756463,0.009092822457271619,1159,0.023151797606513334,0.8044085879491943,True,0.05,36,paired cluster influence sandwich; asymptotic Bonferroni bounds,,,,,,
309,1.0,validation,source,concentration,standard_c5:E2,standard_c5,5.0,2.0,1.9909995955023065,0.8463908505330571,0.8316666252963152,0.014724225236741884,,,1159,0.25232773105026474,0.7128648723895536,,0.05,36,cluster bounded differences plus within-pair bias; assumption-dependent sensitivity,0.11880175290676145,0.2376035058135229,0.0004230118443316412,False,,
309,1.0,validation,source,sandwich,standard_c5:E8,standard_c5,5.0,8.0,7.998197999765249,0.8463908505330571,0.8444847115865944,0.0019061389464626322,0.0008532744761130501,0.0087359614589915,1159,0.004464045212259602,0.8182964554283795,True,0.05,36,paired cluster influence sandwich; asymptotic Bonferroni bounds,,,,,,
309,1.0,validation,source,concentration,standard_c5:E8,standard_c5,5.0,8.0,7.998197999765249,0.8463908505330571,0.8444847115865944,0.0019061389464626322,,,1159,0.23950964475998554,0.7256829586798329,,0.05,36,cluster bounded differences plus within-pair bias; assumption-dependent sensitivity,0.11880175290676145,0.2376035058135229,0.0004230118443316412,False,,
309,1.0,validation,source,sandwich,auto_s:E2,auto_s,1.0,2.0,1.9909995955023065,0.8463908505330571,0.7891601404937137,0.057230710039343324,0.0061619891566088315,0.010078044374492012,1159,0.07570283256814897,0.75894865102092,True,0.05,36,paired cluster influence sandwich; asymptotic Bonferroni bounds,,,,,,
309,1.0,validation,source,concentration,auto_s:E2,auto_s,1.0,2.0,1.9909995955023065,0.8463908505330571,0.7891601404937137,0.057230710039343324,,,1159,0.2948342158528662,0.6703583875869522,,0.05,36,cluster bounded differences plus within-pair bias; assumption-dependent sensitivity,0.11880175290676145,0.2376035058135229,0.0004230118443316412,False,,
309,1.0,validation,source,sandwich,auto_s:E8,auto_s,1.0,8.0,7.998197999765249,0.8463908505330571,0.7902636946206132,0.05612715591244388,0.006117278189145474,0.010061611073785727,1159,0.07446524599679469,0.7601014681271081,True,0.05,36,paired cluster influence sandwich; asymptotic Bonferroni bounds,,,,,,
309,1.0,validation,source,concentration,auto_s:E8,auto_s,1.0,8.0,7.998197999765249,0.8463908505330571,0.7902636946206132,0.05612715591244388,,,1159,0.29373066172596674,0.6714619417138517,,0.05,36,cluster bounded differences plus within-pair bias; assumption-dependent sensitivity,0.11880175290676145,0.2376035058135229,0.0004230118443316412,False,,
309,1.0,validation,state_OR,sandwich,standard_c1:E2,standard_c1,1.0,2.0,1.9909995955023065,0.822175688421127,0.797104730801777,0.025070957619349965,0.005340436969677618,0.010044532855151738,1212,0.04107876211651117,0.7669965357002275,True,0.05,36,paired cluster influence sandwich; asymptotic Bonferroni bounds,,,,,,
309,1.0,validation,state_OR,concentration,standard_c1:E2,standard_c1,1.0,2.0,1.9909995955023065,0.822175688421127,0.797104730801777,0.025070957619349965,,,1212,0.25747838722856914,0.6809010159971675,,0.05,36,cluster bounded differences plus within-pair bias; assumption-dependent sensitivity,0.11620371480460957,0.23240742960921915,0.0004164903744446795,False,,
309,1.0,validation,state_OR,sandwich,standard_c1:E8,standard_c1,1.0,8.0,7.998197999765249,0.822175688421127,0.7986285566955786,0.023547131725548343,0.005193914838237504,0.010018773645244021,1212,0.0391157403951175,0.7685975740765555,True,0.05,36,paired cluster influence sandwich; asymptotic Bonferroni bounds,,,,,,
309,1.0,validation,state_OR,concentration,standard_c1:E8,standard_c1,1.0,8.0,7.998197999765249,0.822175688421127,0.7986285566955786,0.023547131725548343,,,1212,0.2559545613347675,0.6824248418909691,,0.05,36,cluster bounded differences plus within-pair bias; assumption-dependent sensitivity,0.11620371480460957,0.23240742960921915,0.0004164903744446795,False,,
309,1.0,validation,state_OR,sandwich,standard_c5:E2,standard_c5,5.0,2.0,1.9909995955023065,0.822175688421127,0.8136982361963191,0.008477452224807891,0.003581536859081542,0.009538107415427108,1212,0.019213004795708293,0.7851080366216394,True,0.05,36,paired cluster influence sandwich; asymptotic Bonferroni bounds,,,,,,
309,1.0,validation,state_OR,concentration,standard_c5:E2,standard_c5,5.0,2.0,1.9909995955023065,0.822175688421127,0.8136982361963191,0.008477452224807891,,,1212,0.24088488183402704,0.6974945213917095,,0.05,36,cluster bounded differences plus within-pair bias; assumption-dependent sensitivity,0.11620371480460957,0.23240742960921915,0.0004164903744446795,False,,
309,1.0,validation,state_OR,sandwich,standard_c5:E8,standard_c5,5.0,8.0,7.998197999765249,0.822175688421127,0.822435719448558,-0.0002600310274309958,0.0011216981173623947,0.0093698006453525,1212,0.003102226456277294,0.7943500145222002,True,0.05,36,paired cluster influence sandwich; asymptotic Bonferroni bounds,,,,,,
309,1.0,validation,state_OR,concentration,standard_c5:E8,standard_c5,5.0,8.0,7.998197999765249,0.822175688421127,0.822435719448558,-0.0002600310274309958,,,1212,0.23214739858178815,0.7062320046439484,,0.05,36,cluster bounded differences plus within-pair bias; assumption-dependent sensitivity,0.11620371480460957,0.23240742960921915,0.0004164903744446795,False,,
309,1.0,validation,state_OR,sandwich,auto_s:E2,auto_s,1.0,2.0,1.9909995955023065,0.822175688421127,0.7855564884352302,0.0366191999858968,0.006480561556884278,0.01030511947843886,1212,0.05604449477421531,0.75466719250919,True,0.05,36,paired cluster influence sandwich; asymptotic Bonferroni bounds,,,,,,
309,1.0,validation,state_OR,concentration,auto_s:E2,auto_s,1.0,2.0,1.9909995955023065,0.822175688421127,0.7855564884352302,0.0366191999858968,,,1212,0.269026629595116,0.6693527736306206,,0.05,36,cluster bounded differences plus within-pair bias; assumption-dependent sensitivity,0.11620371480460957,0.23240742960921915,0.0004164903744446795,False,,
309,1.0,validation,state_OR,sandwich,auto_s:E8,auto_s,1.0,8.0,7.998197999765249,0.822175688421127,0.7866781476976235,0.03549754072350353,0.006403988929338389,0.010286834543143948,1212,0.05469331128776542,0.7558436603333369,True,0.05,36,paired cluster influence sandwich; asymptotic Bonferroni bounds,,,,,,
309,1.0,validation,state_OR,concentration,auto_s:E8,auto_s,1.0,8.0,7.998197999765249,0.822175688421127,0.7866781476976235,0.03549754072350353,,,1212,0.2679049703327227,0.6704744328930139,,0.05,36,cluster bounded differences plus within-pair bias; assumption-dependent sensitivity,0.11620371480460957,0.23240742960921915,0.0004164903744446795,False,,
309,1.0,validation,state_WA,sandwich,standard_c1:E2,standard_c1,1.0,2.0,1.9909995955023065,0.8368861273018317,0.8108689631014496,0.026017164200382026,0.0047962390649065635,0.009646033872395656,1226,0.04039341330399006,0.7819559368876275,True,0.05,36,paired cluster influence sandwich; asymptotic Bonferroni bounds,,,,,,
309,1.0,validation,state_WA,concentration,standard_c1:E2,standard_c1,1.0,2.0,1.9909995955023065,0.8368861273018317,0.8108689631014496,0.026017164200382026,,,1226,0.25326752878365827,0.6972437808098115,,0.05,36,cluster bounded differences plus within-pair bias; assumption-dependent sensitivity,0.11362518229163812,0.22725036458327624,0.00039509431349308183,False,,
309,1.0,validation,state_WA,sandwich,standard_c1:E8,standard_c1,1.0,8.0,7.998197999765249,0.8368861273018317,0.8124880351593207,0.024398092142510985,0.004693311718245876,0.009614731740184795,1226,0.03846582677151864,0.7836688339704917,True,0.05,36,paired cluster influence sandwich; asymptotic Bonferroni bounds,,,,,,
309,1.0,validation,state_WA,concentration,standard_c1:E8,standard_c1,1.0,8.0,7.998197999765249,0.8368861273018317,0.8124880351593207,0.024398092142510985,,,1226,0.25164845672578723,0.6988628528676826,,0.05,36,cluster bounded differences plus within-pair bias; assumption-dependent sensitivity,0.11362518229163812,0.22725036458327624,0.00039509431349308183,False,,
309,1.0,validation,state_WA,sandwich,standard_c5:E2,standard_c5,5.0,2.0,1.9909995955023065,0.8368861273018317,0.8302102553449743,0.006675871956857371,0.0032631845107192145,0.00924433566121332,1226,0.016456942658771734,0.8025012795277818,True,0.05,36,paired cluster influence sandwich; asymptotic Bonferroni bounds,,,,,,
309,1.0,validation,state_WA,concentration,standard_c5:E2,standard_c5,5.0,2.0,1.9909995955023065,0.8368861273018317,0.8302102553449743,0.006675871956857371,,,1226,0.23392623654013361,0.7165850730533362,,0.05,36,cluster bounded differences plus within-pair bias; assumption-dependent sensitivity,0.11362518229163812,0.22725036458327624,0.00039509431349308183,False,,
309,1.0,validation,state_WA,sandwich,standard_c5:E8,standard_c5,5.0,8.0,7.998197999765249,0.8368861273018317,0.8363861497040866,0.0004999775977450049,0.0010277353524322994,0.009075754502136006,1226,0.0035805119996387036,0.8091824791279951,True,0.05,36,paired cluster influence sandwich; asymptotic Bonferroni bounds,,,,,,
309,1.0,validation,state_WA,concentration,standard_c5:E8,standard_c5,5.0,8.0,7.998197999765249,0.8368861273018317,0.8363861497040866,0.0004999775977450049,,,1226,0.22775034218102125,0.7227609674124486,,0.05,36,cluster bounded differences plus within-pair bias; assumption-dependent sensitivity,0.11362518229163812,0.22725036458327624,0.00039509431349308183,False,,
309,1.0,validation,state_WA,sandwich,auto_s:E2,auto_s,1.0,2.0,1.9909995955023065,0.8368861273018317,0.7994392308287612,0.03744689647307042,0.005897402253186644,0.009901857375842664,1226,0.05512377260635845,0.769759399132072,True,0.05,36,paired cluster influence sandwich; asymptotic Bonferroni bounds,,,,,,
309,1.0,validation,state_WA,concentration,auto_s:E2,auto_s,1.0,2.0,1.9909995955023065,0.8368861273018317,0.7994392308287612,0.03744689647307042,,,1226,0.26469726105634667,0.6858140485371231,,0.05,36,cluster bounded differences plus within-pair bias; assumption-dependent sensitivity,0.11362518229163812,0.22725036458327624,0.00039509431349308183,False,,
309,1.0,validation,state_WA,sandwich,auto_s:E8,auto_s,1.0,8.0,7.998197999765249,0.8368861273018317,0.8006774645535231,0.036208662748308584,0.005841590544401391,0.009880231413541836,1226,0.053718248840892505,0.7710624545258404,True,0.05,36,paired cluster influence sandwich; asymptotic Bonferroni bounds,,,,,,
309,1.0,validation,state_WA,concentration,auto_s:E8,auto_s,1.0,8.0,7.998197999765249,0.8368861273018317,0.8006774645535231,0.036208662748308584,,,1226,0.2634590273315848,0.687052282261885,,0.05,36,cluster bounded differences plus within-pair bias; assumption-dependent sensitivity,0.11362518229163812,0.22725036458327624,0.00039509431349308183,False,,
309,1.0,test,source,evaluation,standard_c1:E2,standard_c1,1.0,2.0,1.9909995955023065,0.8612919105179676,0.8368235098599373,0.024468400658030354,0.004682221972784398,0.009355044336644112,1141,0.03850502326726731,0.8087784433061908,True,0.05,36,paired cluster influence sandwich; asymptotic Bonferroni bounds,,,,,0.02194451339832304,0.0025238872597073136
309,1.0,test,source,evaluation,standard_c1:E8,standard_c1,1.0,8.0,7.998197999765249,0.8612919105179676,0.838552206968222,0.022739703549745638,0.004595295484201192,0.009302501474539086,1141,0.03651573314949248,0.8106646562969911,True,0.05,36,paired cluster influence sandwich; asymptotic Bonferroni bounds,,,,,0.02194451339832304,0.0007951901514225979
309,1.0,test,source,evaluation,standard_c5:E2,standard_c5,5.0,2.0,1.9909995955023065,0.8612919105179676,0.8496322771469084,0.011659633371059241,0.0027933819348857684,0.008945757087235879,1141,0.02003378740548121,0.8228141944252204,True,0.05,36,paired cluster influence sandwich; asymptotic Bonferroni bounds,,,,,7.36287177244277e-05,0.011586004653334814
309,1.0,test,source,evaluation,standard_c5:E8,standard_c5,5.0,8.0,7.998197999765249,0.8612919105179676,0.8595164065819866,0.0017755039359810265,0.0008441493472055745,0.008597842914525124,1141,0.004306141287527195,0.8337413201067669,True,0.05,36,paired cluster influence sandwich; asymptotic Bonferroni bounds,,,,,7.36287177244277e-05,0.0017018752182565988
309,1.0,test,source,evaluation,auto_s:E2,auto_s,1.0,2.0,1.9909995955023065,0.8612919105179676,0.8254736430227324,0.0358182674952352,0.005790886753983937,0.009726349545946355,1141,0.0531785063756153,0.7963154572862317,True,0.05,36,paired cluster influence sandwich; asymptotic Bonferroni bounds,,,,,0.03388709141320867,0.0019311760820265311
309,1.0,test,source,evaluation,auto_s:E8,auto_s,1.0,8.0,7.998197999765249,0.8612919105179676,0.8267758194876281,0.03451609103033948,0.005758842773745061,0.009696429416947712,1141,0.051780266703950376,0.797707329959811,True,0.05,36,paired cluster influence sandwich; asymptotic Bonferroni bounds,,,,,0.03388709141320867,0.0006289996171308099
309,1.0,test,state_CO,evaluation,standard_c1:E2,standard_c1,1.0,2.0,1.9909995955023065,0.8375393020214886,0.8197322596070432,0.017807042414445418,0.004916585752490103,0.009127235838250614,1182,0.032545135392659325,0.7923722058644447,True,0.05,36,paired cluster influence sandwich; asymptotic Bonferroni bounds,,,,,0.015780052557858082,0.0020269898565873357
309,1.0,test,state_CO,evaluation,standard_c1:E8,standard_c1,1.0,8.0,7.998197999765249,0.8375393020214886,0.8210652487611665,0.01647405326032214,0.004818156240512599,0.009099462062907673,1182,0.030917091220205504,0.7937884504531248,True,0.05,36,paired cluster influence sandwich; asymptotic Bonferroni bounds,,,,,0.015780052557858082,0.0006940007024640593
309,1.0,test,state_CO,evaluation,standard_c5:E2,standard_c5,5.0,2.0,1.9909995955023065,0.8375393020214886,0.8303602032914252,0.0071790987300633935,0.0033557059473930634,0.009016819600696491,1182,0.017238255378592512,0.8033311363061618,True,0.05,36,paired cluster influence sandwich; asymptotic Bonferroni bounds,,,,,-0.00010050315050913472,0.007279601880572528
309,1.0,test,state_CO,evaluation,standard_c5:E8,standard_c5,5.0,8.0,7.998197999765249,0.8375393020214886,0.8368886763629285,0.0006506256585601111,0.0010408161134940702,0.008785826192292309,1182,0.003770604730648863,0.8105520415860714,True,0.05,36,paired cluster influence sandwich; asymptotic Bonferroni bounds,,,,,-0.00010050315050913472,0.0007511288090692458
309,1.0,test,state_CO,evaluation,auto_s:E2,auto_s,1.0,2.0,1.9909995955023065,0.8375393020214886,0.8096089475310078,0.02793035449048087,0.006057922177277212,0.009365410992255917,1182,0.04608974899677558,0.781534933381423,True,0.05,36,paired cluster influence sandwich; asymptotic Bonferroni bounds,,,,,0.02645190025009414,0.0014784542403867285
309,1.0,test,state_CO,evaluation,auto_s:E8,auto_s,1.0,8.0,7.998197999765249,0.8375393020214886,0.81071342425871,0.02682587776277867,0.006022907771129321,0.009344828542009886,1182,0.0448803121200262,0.7827011086293415,True,0.05,36,paired cluster influence sandwich; asymptotic Bonferroni bounds,,,,,0.02645190025009414,0.0003739775126845313
309,1.0,test,state_UT,evaluation,standard_c1:E2,standard_c1,1.0,2.0,1.9909995955023065,0.8724493732720316,0.8515267850677418,0.020922588204289827,0.0046099453114243506,0.008844630003184936,1104,0.0347435491381066,0.8250099226127481,True,0.05,36,paired cluster influence sandwich; asymptotic Bonferroni bounds,,,,,0.019797813604371384,0.0011247745999184433
309,1.0,test,state_UT,evaluation,standard_c1:E8,standard_c1,1.0,8.0,7.998197999765249,0.8724493732720316,0.8523245143882116,0.020124858883820096,0.0045653569880285145,0.008808839947597744,1104,0.03381214068824871,0.8259149531974788,True,0.05,36,paired cluster influence sandwich; asymptotic Bonferroni bounds,,,,,0.019797813604371384,0.0003270452794487122
309,1.0,test,state_UT,evaluation,standard_c5:E2,standard_c5,5.0,2.0,1.9909995955023065,0.8724493732720316,0.8666670227958276,0.005782350476204012,0.002972420566061002,0.008563015833591517,1104,0.014693889713034893,0.8409944606900625,True,0.05,36,paired cluster influence sandwich; asymptotic Bonferroni bounds,,,,,0.0,0.005782350476204012
309,1.0,test,state_UT,evaluation,standard_c5:E8,standard_c5,5.0,8.0,7.998197999765249,0.8724493732720316,0.8721882118873541,0.0002611613846775773,0.0010197452778363163,0.008356361571410433,1104,0.0033184340192341103,0.8471352147203167,True,0.05,36,paired cluster influence sandwich; asymptotic Bonferroni bounds,,,,,0.0,0.0002611613846775773
309,1.0,test,state_UT,evaluation,auto_s:E2,auto_s,1.0,2.0,1.9909995955023065,0.8724493732720316,0.8421522784550167,0.030297094817014925,0.005703092849286275,0.009127947005686959,1104,0.047395393852489046,0.8147860104303382,True,0.05,36,paired cluster influence sandwich; asymptotic Bonferroni bounds,,,,,0.029242952500679653,0.0010541423163352714
309,1.0,test,state_UT,evaluation,auto_s:E8,auto_s,1.0,8.0,7.998197999765249,0.8724493732720316,0.8427707560978215,0.029678617174210165,0.005699173200474956,0.009111048703166464,1104,0.04676516480930189,0.8154551504483352,True,0.05,36,paired cluster influence sandwich; asymptotic Bonferroni bounds,,,,,0.029242952500679653,0.0004356646735305114
310,1.0,validation,source,sandwich,standard_c1:E2,standard_c1,1.0,2.0,1.9909995955023065,0.8601376628835645,0.8325042034468264,0.027633459436738117,0.004502019204454558,0.009389367614243112,1142,0.041129834421530884,0.8043562946003897,True,0.05,36,paired cluster influence sandwich; asymptotic Bonferroni bounds,,,,,,
310,1.0,validation,source,concentration,standard_c1:E2,standard_c1,1.0,2.0,1.9909995955023065,0.8601376628835645,0.8325042034468264,0.027633459436738117,,,1142,0.26985439497755764,0.7113937356764166,,0.05,36,cluster bounded differences plus within-pair bias; assumption-dependent sensitivity,0.12111046777040975,0.2422209355408195,0.0004539722572509458,False,,
310,1.0,validation,source,sandwich,standard_c1:E8,standard_c1,1.0,8.0,7.998197999765249,0.8601376628835645,0.8334762505254308,0.026661412358133685,0.004427806782613828,0.009356509801687568,1142,0.0399353096882996,0.8054268444483718,True,0.05,36,paired cluster influence sandwich; asymptotic Bonferroni bounds,,,,,,
310,1.0,validation,source,concentration,standard_c1:E8,standard_c1,1.0,8.0,7.998197999765249,0.8601376628835645,0.8334762505254308,0.026661412358133685,,,1142,0.2688823478989532,0.712365782755021,,0.05,36,cluster bounded differences plus within-pair bias; assumption-dependent sensitivity,0.12111046777040975,0.2422209355408195,0.0004539722572509458,False,,
310,1.0,validation,source,sandwich,standard_c5:E2,standard_c5,5.0,2.0,1.9909995955023065,0.8601376628835645,0.8500383564522909,0.010099306431273658,0.00253849258484099,0.00884800658293508,1142,0.01770932457318443,0.8235133663782703,True,0.05,36,paired cluster influence sandwich; asymptotic Bonferroni bounds,,,,,,
310,1.0,validation,source,concentration,standard_c5:E2,standard_c5,5.0,2.0,1.9909995955023065,0.8601376628835645,0.8500383564522909,0.010099306431273658,,,1142,0.2523202419720932,0.7289278886818811,,0.05,36,cluster bounded differences plus within-pair bias; assumption-dependent sensitivity,0.12111046777040975,0.2422209355408195,0.0004539722572509458,False,,
310,1.0,validation,source,sandwich,standard_c5:E8,standard_c5,5.0,8.0,7.998197999765249,0.8601376628835645,0.8585718789407314,0.0015657839428331322,0.0008644986926673855,0.00866408288606957,1142,0.004157420717406986,0.8325982643870619,True,0.05,36,paired cluster influence sandwich; asymptotic Bonferroni bounds,,,,,,
310,1.0,validation,source,concentration,standard_c5:E8,standard_c5,5.0,8.0,7.998197999765249,0.8601376628835645,0.8585718789407314,0.0015657839428331322,,,1142,0.24378671948365263,0.7374614111703216,,0.05,36,cluster bounded differences plus within-pair bias; assumption-dependent sensitivity,0.12111046777040975,0.2422209355408195,0.0004539722572509458,False,,
310,1.0,validation,source,sandwich,auto_s:E2,auto_s,1.0,2.0,1.9909995955023065,0.8601376628835645,0.8169819251786464,0.043155737704918096,0.005748366829056656,0.00974800034799528,1142,0.060388475006067005,0.787758889453197,True,0.05,36,paired cluster influence sandwich; asymptotic Bonferroni bounds,,,,,,
310,1.0,validation,source,concentration,auto_s:E2,auto_s,1.0,2.0,1.9909995955023065,0.8601376628835645,0.8169819251786464,0.043155737704918096,,,1142,0.2853766732457376,0.6958714574082366,,0.05,36,cluster bounded differences plus within-pair bias; assumption-dependent sensitivity,0.12111046777040975,0.2422209355408195,0.0004539722572509458,False,,
310,1.0,validation,source,sandwich,auto_s:E8,auto_s,1.0,8.0,7.998197999765249,0.8601376628835645,0.8180086170659943,0.042129045817570265,0.005684736523071891,0.009718052309754975,1142,0.05917102905238428,0.7888753610451161,True,0.05,36,paired cluster influence sandwich; asymptotic Bonferroni bounds,,,,,,
310,1.0,validation,source,concentration,auto_s:E8,auto_s,1.0,8.0,7.998197999765249,0.8601376628835645,0.8180086170659943,0.042129045817570265,,,1142,0.2843499813583898,0.6968981492955845,,0.05,36,cluster bounded differences plus within-pair bias; assumption-dependent sensitivity,0.12111046777040975,0.2422209355408195,0.0004539722572509458,False,,
310,1.0,validation,state_OR,sandwich,standard_c1:E2,standard_c1,1.0,2.0,1.9909995955023065,0.8496787478580403,0.8248693641515386,0.024809383706501764,0.005042220580155925,0.009605902217545285,1216,0.039923190887523,0.7960761466379894,True,0.05,36,paired cluster influence sandwich; asymptotic Bonferroni bounds,,,,,,
310,1.0,validation,state_OR,concentration,standard_c1:E2,standard_c1,1.0,2.0,1.9909995955023065,0.8496787478580403,0.8248693641515386,0.024809383706501764,,,1216,0.2624850729508634,0.7060315195293577,,0.05,36,cluster bounded differences plus within-pair bias; assumption-dependent sensitivity,0.1188378446221808,0.2376756892443616,0.0004381471170923086,False,,
310,1.0,validation,state_OR,sandwich,standard_c1:E8,standard_c1,1.0,8.0,7.998197999765249,0.8496787478580403,0.8251436241790316,0.024535123679008675,0.005013134254998404,0.009580258633591012,1216,0.03956174603678648,0.7964272720419875,True,0.05,36,paired cluster influence sandwich; asymptotic Bonferroni bounds,,,,,,
310,1.0,validation,state_OR,concentration,standard_c1:E8,standard_c1,1.0,8.0,7.998197999765249,0.8496787478580403,0.8251436241790316,0.024535123679008675,,,1216,0.2622108129233703,0.7063057795568508,,0.05,36,cluster bounded differences plus within-pair bias; assumption-dependent sensitivity,0.1188378446221808,0.2376756892443616,0.0004381471170923086,False,,
310,1.0,validation,state_OR,sandwich,standard_c5:E2,standard_c5,5.0,2.0,1.9909995955023065,0.8496787478580403,0.8366101460601877,0.01306860179785263,0.0032550420679277802,0.009122854995368534,1216,0.02282542964754812,0.8092648387400243,True,0.05,36,paired cluster influence sandwich; asymptotic Bonferroni bounds,,,,,,
310,1.0,validation,state_OR,concentration,standard_c5:E2,standard_c5,5.0,2.0,1.9909995955023065,0.8496787478580403,0.8366101460601877,0.01306860179785263,,,1216,0.25074429104221424,0.7177723014380069,,0.05,36,cluster bounded differences plus within-pair bias; assumption-dependent sensitivity,0.1188378446221808,0.2376756892443616,0.0004381471170923086,False,,
310,1.0,validation,state_OR,sandwich,standard_c5:E8,standard_c5,5.0,8.0,7.998197999765249,0.8496787478580403,0.8486218433618482,0.0010569044961921126,0.001034069362687099,0.00877447980750727,1216,0.00415647634375516,0.8223207734629331,True,0.05,36,paired cluster influence sandwich; asymptotic Bonferroni bounds,,,,,,
310,1.0,validation,state_OR,concentration,standard_c5:E8,standard_c5,5.0,8.0,7.998197999765249,0.8496787478580403,0.8486218433618482,0.0010569044961921126,,,1216,0.23873259374055372,0.7297839987396674,,0.05,36,cluster bounded differences plus within-pair bias; assumption-dependent sensitivity,0.1188378446221808,0.2376756892443616,0.0004381471170923086,False,,
310,1.0,validation,state_OR,sandwich,auto_s:E2,auto_s,1.0,2.0,1.9909995955023065,0.8496787478580403,0.8095676613981242,0.04011108645991612,0.0063235383074856134,0.009997328758750966,1216,0.05906558025125744,0.7796011621577502,True,0.05,36,paired cluster influence sandwich; asymptotic Bonferroni bounds,,,,,,
310,1.0,validation,state_OR,concentration,auto_s:E2,auto_s,1.0,2.0,1.9909995955023065,0.8496787478580403,0.8095676613981242,0.04011108645991612,,,1216,0.27778677570427773,0.6907298167759434,,0.05,36,cluster bounded differences plus within-pair bias; assumption-dependent sensitivity,0.1188378446221808,0.2376756892443616,0.0004381471170923086,False,,
310,1.0,validation,state_OR,sandwich,auto_s:E8,auto_s,1.0,8.0,7.998197999765249,0.8496787478580403,0.8095972056693783,0.040081542188662,0.00632132903961132,0.00998085938707817,1216,0.05902941380865391,0.7796800725572605,True,0.05,36,paired cluster influence sandwich; asymptotic Bonferroni bounds,,,,,,
310,1.0,validation,state_OR,concentration,auto_s:E8,auto_s,1.0,8.0,7.998197999765249,0.8496787478580403,0.8095972056693783,0.040081542188662,,,1216,0.2777572314330236,0.6907593610471975,,0.05,36,cluster bounded differences plus within-pair bias; assumption-dependent sensitivity,0.1188378446221808,0.2376756892443616,0.0004381471170923086,False,,
310,1.0,validation,state_WA,sandwich,standard_c1:E2,standard_c1,1.0,2.0,1.9909995955023065,0.8469230361744626,0.8206119754744476,0.026311060700014988,0.004938237928176933,0.009456286169184253,1199,0.04111361571514764,0.7922663999282601,True,0.05,36,paired cluster influence sandwich; asymptotic Bonferroni bounds,,,,,,
310,1.0,validation,state_WA,concentration,standard_c1:E2,standard_c1,1.0,2.0,1.9909995955023065,0.8469230361744626,0.8206119754744476,0.026311060700014988,,,1199,0.2585034354104418,0.7045157881192342,,0.05,36,cluster bounded differences plus within-pair bias; assumption-dependent sensitivity,0.11609618735521339,0.23219237471042678,0.00045183022401430896,False,,
310,1.0,validation,state_WA,sandwich,standard_c1:E8,standard_c1,1.0,8.0,7.998197999765249,0.8469230361744626,0.8217483025205894,0.025174733653873238,0.0048986406348197195,0.009413199220861214,1199,0.03985859428410676,0.7935318817320831,True,0.05,36,paired cluster influence sandwich; asymptotic Bonferroni bounds,,,,,,
310,1.0,validation,state_WA,concentration,standard_c1:E8,standard_c1,1.0,8.0,7.998197999765249,0.8469230361744626,0.8217483025205894,0.025174733653873238,,,1199,0.25736710836430005,0.705652115165376,,0.05,36,cluster bounded differences plus within-pair bias; assumption-dependent sensitivity,0.11609618735521339,0.23219237471042678,0.00045183022401430896,False,,
310,1.0,validation,state_WA,sandwich,standard_c5:E2,standard_c5,5.0,2.0,1.9909995955023065,0.8469230361744626,0.8311692223638302,0.015753813810632455,0.00315376885228092,0.009149167229134421,1199,0.02520735526000821,0.8037442474594905,True,0.05,36,paired cluster influence sandwich; asymptotic Bonferroni bounds,,,,,,
310,1.0,validation,state_WA,concentration,standard_c5:E2,standard_c5,5.0,2.0,1.9909995955023065,0.8469230361744626,0.8311692223638302,0.015753813810632455,,,1199,0.24794618852105924,0.7150730350086169,,0.05,36,cluster bounded differences plus within-pair bias; assumption-dependent sensitivity,0.11609618735521339,0.23219237471042678,0.00045183022401430896,False,,
310,1.0,validation,state_WA,sandwich,standard_c5:E8,standard_c5,5.0,8.0,7.998197999765249,0.8469230361744626,0.8443169625375616,0.0026060736369010185,0.0010451152234047395,0.008766907927783401,1199,0.0057388460582801885,0.8180378243508106,True,0.05,36,paired cluster influence sandwich; asymptotic Bonferroni bounds,,,,,,
310,1.0,validation,state_WA,concentration,standard_c5:E8,standard_c5,5.0,8.0,7.998197999765249,0.8469230361744626,0.8443169625375616,0.0026060736369010185,,,1199,0.2347984483473278,0.7282207751823483,,0.05,36,cluster bounded differences plus within-pair bias; assumption-dependent sensitivity,0.11609618735521339,0.23219237471042678,0.00045183022401430896,False,,
310,1.0,validation,state_WA,sandwich,auto_s:E2,auto_s,1.0,2.0,1.9909995955023065,0.8469230361744626,0.8061949559127958,0.040728080261666855,0.006156147935218256,0.009844878787572104,1199,0.059181366599371746,0.776684559291597,True,0.05,36,paired cluster influence sandwich; asymptotic Bonferroni bounds,,,,,,
310,1.0,validation,state_WA,concentration,auto_s:E2,auto_s,1.0,2.0,1.9909995955023065,0.8469230361744626,0.8061949559127958,0.040728080261666855,,,1199,0.27292045497209366,0.6900987685575825,,0.05,36,cluster bounded differences plus within-pair bias; assumption-dependent sensitivity,0.11609618735521339,0.23219237471042678,0.00045183022401430896,False,,
310,1.0,validation,state_WA,sandwich,auto_s:E8,auto_s,1.0,8.0,7.998197999765249,0.8469230361744626,0.8069625479485351,0.03996048822592757,0.006137184775296268,0.00980871523976922,1199,0.05835693177434434,0.7775605529300293,True,0.05,36,paired cluster influence sandwich; asymptotic Bonferroni bounds,,,,,,
310,1.0,validation,state_WA,concentration,auto_s:E8,auto_s,1.0,8.0,7.998197999765249,0.8469230361744626,0.8069625479485351,0.03996048822592757,,,1199,0.2721528629363544,0.6908663605933217,,0.05,36,cluster bounded differences plus within-pair bias; assumption-dependent sensitivity,0.11609618735521339,0.23219237471042678,0.00045183022401430896,False,,
310,1.0,test,source,evaluation,standard_c1:E2,standard_c1,1.0,2.0,1.9909995955023065,0.8601807018419607,0.8271913842160437,0.03298931762591706,0.004666277161960711,0.009496605041454217,1141,0.046978140004108014,0.7987219391938548,True,0.05,36,paired cluster influence sandwich; asymptotic Bonferroni bounds,,,,,0.03302779580359072,-3.847817767366202e-05
310,1.0,test,source,evaluation,standard_c1:E8,standard_c1,1.0,8.0,7.998197999765249,0.8601807018419607,0.8273338574685103,0.03284684437345042,0.004586817707422302,0.009485031827685545,1141,0.04659745882758856,0.7988991072632249,True,0.05,36,paired cluster influence sandwich; asymptotic Bonferroni bounds,,,,,0.03302779580359072,-0.00018095143014029702
310,1.0,test,source,evaluation,standard_c5:E2,standard_c5,5.0,2.0,1.9909995955023065,0.8601807018419607,0.8497541556431888,0.010426546198771924,0.002611100625402729,0.008668412136165498,1141,0.01825424729593398,0.8237675128731692,True,0.05,36,paired cluster influence sandwich; asymptotic Bonferroni bounds,,,,,0.0003483835005573255,0.010078162698214599
310,1.0,test,source,evaluation,standard_c5:E8,standard_c5,5.0,8.0,7.998197999765249,0.8601807018419607,0.8585438193647148,0.0016368824772459156,0.000886741436825179,0.00850987884331213,1141,0.004295204738137307,0.8330324364212726,True,0.05,36,paired cluster influence sandwich; asymptotic Bonferroni bounds,,,,,0.0003483835005573255,0.0012884989766885901
310,1.0,test,source,evaluation,auto_s:E2,auto_s,1.0,2.0,1.9909995955023065,0.8601807018419607,0.8106301685552172,0.049550533286743526,0.005865762029774543,0.009904057109757837,1141,0.06713523738794064,0.7809392413078424,True,0.05,36,paired cluster influence sandwich; asymptotic Bonferroni bounds,,,,,0.04955833291735312,-7.799630609595098e-06
310,1.0,test,source,evaluation,auto_s:E8,auto_s,1.0,8.0,7.998197999765249,0.8601807018419607,0.8107227241717831,0.049457977670177566,0.00581181799757034,0.009886591040519638,1141,0.06688096538405428,0.7810841576676172,True,0.05,36,paired cluster influence sandwich; asymptotic Bonferroni bounds,,,,,0.04955833291735312,-0.00010035524717555422
310,1.0,test,state_CO,evaluation,standard_c1:E2,standard_c1,1.0,2.0,1.9909995955023065,0.8541354924455125,0.8320832274586201,0.02205226498689239,0.004738932214345192,0.00892756134855576,1173,0.03625804895187068,0.8053212899344309,True,0.05,36,paired cluster influence sandwich; asymptotic Bonferroni bounds,,,,,0.02449391887016783,-0.002441653883275441
310,1.0,test,state_CO,evaluation,standard_c1:E8,standard_c1,1.0,8.0,7.998197999765249,0.8541354924455125,0.8306391486522802,0.02349634379323229,0.004705556420060428,0.0089486085985718,1173,0.03760207793647359,0.8038141182891853,True,0.05,36,paired cluster influence sandwich; asymptotic Bonferroni bounds,,,,,0.02449391887016783,-0.0009975750769355418
310,1.0,test,state_CO,evaluation,standard_c5:E2,standard_c5,5.0,2.0,1.9909995955023065,0.8541354924455125,0.8523369294137209,0.0017985630317916002,0.0030659969346815805,0.008354732167540718,1173,0.01098942884741299,0.827292148250136,True,0.05,36,paired cluster influence sandwich; asymptotic Bonferroni bounds,,,,,-3.346163780060252e-05,0.0018320246695922027
310,1.0,test,state_CO,evaluation,standard_c5:E8,standard_c5,5.0,8.0,7.998197999765249,0.8541354924455125,0.8554363136150176,-0.0013008211695051397,0.0010790596129108393,0.008297714063707788,1173,0.0019338500714006714,0.8305624542600821,True,0.05,36,paired cluster influence sandwich; asymptotic Bonferroni bounds,,,,,-3.346163780060252e-05,-0.0012673595317045372
310,1.0,test,state_CO,evaluation,auto_s:E2,auto_s,1.0,2.0,1.9909995955023065,0.8541354924455125,0.8188303275371503,0.03530516490836211,0.005953012913544912,0.009257580120400444,1173,0.053150369601215094,0.7910791006192405,True,0.05,36,paired cluster influence sandwich; asymptotic Bonferroni bounds,,,,,0.037320182909677646,-0.0020150180013155383
310,1.0,test,state_CO,evaluation,auto_s:E8,auto_s,1.0,8.0,7.998197999765249,0.8541354924455125,0.8176393023666789,0.036496190078833535,0.005947222834451366,0.009269797128488792,1173,0.05432403798981611,0.7898514528152829,True,0.05,36,paired cluster influence sandwich; asymptotic Bonferroni bounds,,,,,0.037320182909677646,-0.0008239928308441113
310,1.0,test,state_UT,evaluation,standard_c1:E2,standard_c1,1.0,2.0,1.9909995955023065,0.8622280642243328,0.8479867706919946,0.014241293532338273,0.004324970358472662,0.008846970483022151,1098,0.02720803844974733,0.8214625635791146,True,0.05,36,paired cluster influence sandwich; asymptotic Bonferroni bounds,,,,,0.016295793758480337,-0.002054500226142064
310,1.0,test,state_UT,evaluation,standard_c1:E8,standard_c1,1.0,8.0,7.998197999765249,0.8622280642243328,0.8467791723202169,0.015448891904115913,0.004338446252837316,0.008854818865396654,1098,0.028456039060217337,0.8202314348790736,True,0.05,36,paired cluster influence sandwich; asymptotic Bonferroni bounds,,,,,0.016295793758480337,-0.0008469018543644236
310,1.0,test,state_UT,evaluation,standard_c5:E2,standard_c5,5.0,2.0,1.9909995955023065,0.8622280642243328,0.8567848258706467,0.005443238353686097,0.0026742894433738435,0.00848908834446571,1098,0.013461057245696817,0.8313335894411537,True,0.05,36,paired cluster influence sandwich; asymptotic Bonferroni bounds,,,,,-2.7137042062364003e-05,0.005470375395748461
310,1.0,test,state_UT,evaluation,standard_c5:E8,standard_c5,5.0,8.0,7.998197999765249,0.8622280642243328,0.8633644278606967,-0.001136363636363824,0.0009742361496030385,0.008239454819479236,1098,0.0017845053162924254,0.8386616206626298,True,0.05,36,paired cluster influence sandwich; asymptotic Bonferroni bounds,,,,,-2.7137042062364003e-05,-0.00110922659430146
310,1.0,test,state_UT,evaluation,auto_s:E2,auto_s,1.0,2.0,1.9909995955023065,0.8622280642243328,0.8359198326549073,0.026308231569425522,0.005461132654139576,0.009178249666819287,1098,0.042681318138131676,0.8084024134927633,True,0.05,36,paired cluster influence sandwich; asymptotic Bonferroni bounds,,,,,0.028085142469470692,-0.00177691090004517
310,1.0,test,state_UT,evaluation,auto_s:E8,auto_s,1.0,8.0,7.998197999765249,0.8622280642243328,0.8348580958842152,0.027369968340117623,0.005489702411604177,0.009188844425751653,1098,0.043828710237459725,0.8073089124496831,True,0.05,36,paired cluster influence sandwich; asymptotic Bonferroni bounds,,,,,0.028085142469470692,-0.0007151741293530689
311,1.0,validation,source,sandwich,standard_c1:E2,standard_c1,1.0,2.0,1.9909995955023065,0.8581321866887692,0.8344510873909768,0.023681099297792385,0.004443782756274806,0.009243094986337339,1120,0.03700346213723634,0.8067404921793742,True,0.05,36,paired cluster influence sandwich; asymptotic Bonferroni bounds,,,,,,
311,1.0,validation,source,concentration,standard_c1:E2,standard_c1,1.0,2.0,1.9909995955023065,0.8581321866887692,0.8344510873909768,0.023681099297792385,,,1120,0.2663472383885181,0.713118017845614,,0.05,36,cluster bounded differences plus within-pair bias; assumption-dependent sensitivity,0.12133306954536288,0.24266613909072576,0.0004628090828386185,False,,
311,1.0,validation,source,sandwich,standard_c1:E8,standard_c1,1.0,8.0,7.998197999765249,0.8581321866887692,0.8347561206501205,0.023376066038648724,0.004372018813601241,0.009255794262050563,1120,0.03648328215838945,0.8070074532896012,True,0.05,36,paired cluster influence sandwich; asymptotic Bonferroni bounds,,,,,,
311,1.0,validation,source,concentration,standard_c1:E8,standard_c1,1.0,8.0,7.998197999765249,0.8581321866887692,0.8347561206501205,0.023376066038648724,,,1120,0.26604220512937443,0.7134230511047577,,0.05,36,cluster bounded differences plus within-pair bias; assumption-dependent sensitivity,0.12133306954536288,0.24266613909072576,0.0004628090828386185,False,,
311,1.0,validation,source,sandwich,standard_c5:E2,standard_c5,5.0,2.0,1.9909995955023065,0.8581321866887692,0.8493419696313095,0.008790217057459748,0.002916799587012479,0.008788597586514747,1120,0.017534717983669627,0.8229939476151382,True,0.05,36,paired cluster influence sandwich; asymptotic Bonferroni bounds,,,,,,
311,1.0,validation,source,concentration,standard_c5:E2,standard_c5,5.0,2.0,1.9909995955023065,0.8581321866887692,0.8493419696313095,0.008790217057459748,,,1120,0.25145635614818546,0.7280089000859467,,0.05,36,cluster bounded differences plus within-pair bias; assumption-dependent sensitivity,0.12133306954536288,0.24266613909072576,0.0004628090828386185,False,,
311,1.0,validation,source,sandwich,standard_c5:E8,standard_c5,5.0,8.0,7.998197999765249,0.8581321866887692,0.8580911649746086,4.102171416064948e-05,0.0009253303680679322,0.008570376766565227,1120,0.002815141779402397,0.8323973641708454,True,0.05,36,paired cluster influence sandwich; asymptotic Bonferroni bounds,,,,,,
311,1.0,validation,source,concentration,standard_c5:E8,standard_c5,5.0,8.0,7.998197999765249,0.8581321866887692,0.8580911649746086,4.102171416064948e-05,,,1120,0.2427071608048864,0.7367580954292458,,0.05,36,cluster bounded differences plus within-pair bias; assumption-dependent sensitivity,0.12133306954536288,0.24266613909072576,0.0004628090828386185,False,,
311,1.0,validation,source,sandwich,auto_s:E2,auto_s,1.0,2.0,1.9909995955023065,0.8581321866887692,0.8175275266220406,0.04060466006672858,0.005878601941541273,0.009638242421072415,1120,0.058228579225082094,0.7886322881032954,True,0.05,36,paired cluster influence sandwich; asymptotic Bonferroni bounds,,,,,,
311,1.0,validation,source,concentration,auto_s:E2,auto_s,1.0,2.0,1.9909995955023065,0.8581321866887692,0.8175275266220406,0.04060466006672858,,,1120,0.2832707991574543,0.6961944570766778,,0.05,36,cluster bounded differences plus within-pair bias; assumption-dependent sensitivity,0.12133306954536288,0.24266613909072576,0.0004628090828386185,False,,
311,1.0,validation,source,sandwich,auto_s:E8,auto_s,1.0,8.0,7.998197999765249,0.8581321866887692,0.8178152045405778,0.04031698214819146,0.005826811030904848,0.00963841519036277,1120,0.05778563329703002,0.7889194480633049,True,0.05,36,paired cluster influence sandwich; asymptotic Bonferroni bounds,,,,,,
311,1.0,validation,source,concentration,auto_s:E8,auto_s,1.0,8.0,7.998197999765249,0.8581321866887692,0.8178152045405778,0.04031698214819146,,,1120,0.28298312123891717,0.6964821349952149,,0.05,36,cluster bounded differences plus within-pair bias; assumption-dependent sensitivity,0.12133306954536288,0.24266613909072576,0.0004628090828386185,False,,
311,1.0,validation,state_OR,sandwich,standard_c1:E2,standard_c1,1.0,2.0,1.9909995955023065,0.8396805205143156,0.8211590496332609,0.018521470881054714,0.005260380593463796,0.009611209500973916,1204,0.03428952443463726,0.7923493345502184,True,0.05,36,paired cluster influence sandwich; asymptotic Bonferroni bounds,,,,,,
311,1.0,validation,state_OR,concentration,standard_c1:E2,standard_c1,1.0,2.0,1.9909995955023065,0.8396805205143156,0.8211590496332609,0.018521470881054714,,,1204,0.254823355177608,0.7030081074849842,,0.05,36,cluster bounded differences plus within-pair bias; assumption-dependent sensitivity,0.11815094214827664,0.23630188429655327,0.00045932980214257287,False,,
311,1.0,validation,state_OR,sandwich,standard_c1:E8,standard_c1,1.0,8.0,7.998197999765249,0.8396805205143156,0.8214935130814232,0.018187007432892477,0.005143739645968073,0.009610305463540178,1204,0.03360542835553222,0.792686507861368,True,0.05,36,paired cluster influence sandwich; asymptotic Bonferroni bounds,,,,,,
311,1.0,validation,state_OR,concentration,standard_c1:E8,standard_c1,1.0,8.0,7.998197999765249,0.8396805205143156,0.8214935130814232,0.018187007432892477,,,1204,0.2544888917294458,0.7033425709331466,,0.05,36,cluster bounded differences plus within-pair bias; assumption-dependent sensitivity,0.11815094214827664,0.23630188429655327,0.00045932980214257287,False,,
311,1.0,validation,state_OR,sandwich,standard_c5:E2,standard_c5,5.0,2.0,1.9909995955023065,0.8396805205143156,0.8279887932447302,0.01169172726958545,0.0033713528926889672,0.009556960899820954,1204,0.021797397765366266,0.799341688990503,True,0.05,36,paired cluster influence sandwich; asymptotic Bonferroni bounds,,,,,,
311,1.0,validation,state_OR,concentration,standard_c5:E2,standard_c5,5.0,2.0,1.9909995955023065,0.8396805205143156,0.8279887932447302,0.01169172726958545,,,1204,0.24799361156613872,0.7098378510964535,,0.05,36,cluster bounded differences plus within-pair bias; assumption-dependent sensitivity,0.11815094214827664,0.23630188429655327,0.00045932980214257287,False,,
311,1.0,validation,state_OR,sandwich,standard_c5:E8,standard_c5,5.0,8.0,7.998197999765249,0.8396805205143156,0.8395010251304685,0.00017949538384709474,0.0010946187274332956,0.009292151256848229,1204,0.003460628071540592,0.811647690938637,True,0.05,36,paired cluster influence sandwich; asymptotic Bonferroni bounds,,,,,,
311,1.0,validation,state_OR,concentration,standard_c5:E8,standard_c5,5.0,8.0,7.998197999765249,0.8396805205143156,0.8395010251304685,0.00017949538384709474,,,1204,0.23648137968040037,0.7213500829821918,,0.05,36,cluster bounded differences plus within-pair bias; assumption-dependent sensitivity,0.11815094214827664,0.23630188429655327,0.00045932980214257287,False,,
311,1.0,validation,state_OR,sandwich,auto_s:E2,auto_s,1.0,2.0,1.9909995955023065,0.8396805205143156,0.8059130907878733,0.03376742972644231,0.006823334996488069,0.010018635503090388,1204,0.054220457739727695,0.775882111405347,True,0.05,36,paired cluster influence sandwich; asymptotic Bonferroni bounds,,,,,,
311,1.0,validation,state_OR,concentration,auto_s:E2,auto_s,1.0,2.0,1.9909995955023065,0.8396805205143156,0.8059130907878733,0.03376742972644231,,,1204,0.2700693140229956,0.6877621486395967,,0.05,36,cluster bounded differences plus within-pair bias; assumption-dependent sensitivity,0.11815094214827664,0.23630188429655327,0.00045932980214257287,False,,
311,1.0,validation,state_OR,sandwich,auto_s:E8,auto_s,1.0,8.0,7.998197999765249,0.8396805205143156,0.8063049704613031,0.033375550053012515,0.006752670193168411,0.010015507000676492,1204,0.0536167594757415,0.7762833688020667,True,0.05,36,paired cluster influence sandwich; asymptotic Bonferroni bounds,,,,,,
311,1.0,validation,state_OR,concentration,auto_s:E8,auto_s,1.0,8.0,7.998197999765249,0.8396805205143156,0.8063049704613031,0.033375550053012515,,,1204,0.2696774343495658,0.6881540283130264,,0.05,36,cluster bounded differences plus within-pair bias; assumption-dependent sensitivity,0.11815094214827664,0.23630188429655327,0.00045932980214257287,False,,
311,1.0,validation,state_WA,sandwich,standard_c1:E2,standard_c1,1.0,2.0,1.9909995955023065,0.8286956137620437,0.8004511876034356,0.028244426158608116,0.004858772344897136,0.009890375127741838,1209,0.04280852935925572,0.7708049243441925,True,0.05,36,paired cluster influence sandwich; asymptotic Bonferroni bounds,,,,,,
311,1.0,validation,state_WA,concentration,standard_c1:E2,standard_c1,1.0,2.0,1.9909995955023065,0.8286956137620437,0.8004511876034356,0.028244426158608116,,,1209,0.25747636780112,0.6858352167821796,,0.05,36,cluster bounded differences plus within-pair bias; assumption-dependent sensitivity,0.11461597082125595,0.2292319416425119,0.00042427249594475624,False,,
311,1.0,validation,state_WA,sandwich,standard_c1:E8,standard_c1,1.0,8.0,7.998197999765249,0.8286956137620437,0.8015329283739678,0.02716268538807587,0.004781492153948215,0.009875412948826556,1209,0.041495142280468696,0.7719315140400006,True,0.05,36,paired cluster influence sandwich; asymptotic Bonferroni bounds,,,,,,
311,1.0,validation,state_WA,concentration,standard_c1:E8,standard_c1,1.0,8.0,7.998197999765249,0.8286956137620437,0.8015329283739678,0.02716268538807587,,,1209,0.25639462703058774,0.6869169575527119,,0.05,36,cluster bounded differences plus within-pair bias; assumption-dependent sensitivity,0.11461597082125595,0.2292319416425119,0.00042427249594475624,False,,
311,1.0,validation,state_WA,sandwich,standard_c5:E2,standard_c5,5.0,2.0,1.9909995955023065,0.8286956137620437,0.8172546384900419,0.01144097527200183,0.003168238182538662,0.009346301047702645,1209,0.02093772559889992,0.7892392297940528,True,0.05,36,paired cluster influence sandwich; asymptotic Bonferroni bounds,,,,,,
311,1.0,validation,state_WA,concentration,standard_c5:E2,standard_c5,5.0,2.0,1.9909995955023065,0.8286956137620437,0.8172546384900419,0.01144097527200183,,,1209,0.24067291691451373,0.7026386676687859,,0.05,36,cluster bounded differences plus within-pair bias; assumption-dependent sensitivity,0.11461597082125595,0.2292319416425119,0.00042427249594475624,False,,
311,1.0,validation,state_WA,sandwich,standard_c5:E8,standard_c5,5.0,8.0,7.998197999765249,0.8286956137620437,0.8290397573120231,-0.0003441435499793588,0.0010902065114975598,0.0091928582556093,1209,0.002923735456565167,0.8014842912724933,True,0.05,36,paired cluster influence sandwich; asymptotic Bonferroni bounds,,,,,,
311,1.0,validation,state_WA,concentration,standard_c5:E8,standard_c5,5.0,8.0,7.998197999765249,0.8286956137620437,0.8290397573120231,-0.0003441435499793588,,,1209,0.22888779809253254,0.7144237864907671,,0.05,36,cluster bounded differences plus within-pair bias; assumption-dependent sensitivity,0.11461597082125595,0.2292319416425119,0.00042427249594475624,False,,
311,1.0,validation,state_WA,sandwich,auto_s:E2,auto_s,1.0,2.0,1.9909995955023065,0.8286956137620437,0.78489230361474,0.04380331014730365,0.006221307236804179,0.010252847870991526,1209,0.06245159292492988,0.754159533298698,True,0.05,36,paired cluster influence sandwich; asymptotic Bonferroni bounds,,,,,,
311,1.0,validation,state_WA,concentration,auto_s:E2,auto_s,1.0,2.0,1.9909995955023065,0.8286956137620437,0.78489230361474,0.04380331014730365,,,1209,0.2730352517898155,0.6702763327934841,,0.05,36,cluster bounded differences plus within-pair bias; assumption-dependent sensitivity,0.11461597082125595,0.2292319416425119,0.00042427249594475624,False,,
311,1.0,validation,state_WA,sandwich,auto_s:E8,auto_s,1.0,8.0,7.998197999765249,0.8286956137620437,0.7858826152033375,0.04281299855870624,0.006179348685555458,0.010242493037145424,1209,0.06133551115671542,0.7551808833591676,True,0.05,36,paired cluster influence sandwich; asymptotic Bonferroni bounds,,,,,,
311,1.0,validation,state_WA,concentration,auto_s:E8,auto_s,1.0,8.0,7.998197999765249,0.8286956137620437,0.7858826152033375,0.04281299855870624,,,1209,0.2720449402012181,0.6712666443820815,,0.05,36,cluster bounded differences plus within-pair bias; assumption-dependent sensitivity,0.11461597082125595,0.2292319416425119,0.00042427249594475624,False,,
311,1.0,test,source,evaluation,standard_c1:E2,standard_c1,1.0,2.0,1.9909995955023065,0.8582589574842674,0.8359923152727736,0.02226664221149377,0.004140835607195517,0.009110528734626028,1138,0.03468033857704858,0.8086801135411269,True,0.05,36,paired cluster influence sandwich; asymptotic Bonferroni bounds,,,,,0.02248632427352082,-0.00021968206202704899
311,1.0,test,source,evaluation,standard_c1:E8,standard_c1,1.0,8.0,7.998197999765249,0.8582589574842674,0.8358648582273522,0.022394099256915156,0.004077155094639653,0.009104929225205272,1138,0.03461688957783063,0.8085694431098914,True,0.05,36,paired cluster influence sandwich; asymptotic Bonferroni bounds,,,,,0.02248632427352082,-9.222501660566262e-05
311,1.0,test,source,evaluation,standard_c5:E2,standard_c5,5.0,2.0,1.9909995955023065,0.8582589574842674,0.8493006960398162,0.008958261444451221,0.0028835177891056614,0.008810253634223452,1138,0.01760267955089151,0.8228886807140381,True,0.05,36,paired cluster influence sandwich; asymptotic Bonferroni bounds,,,,,0.00013471069841286543,0.008823550746038356
311,1.0,test,source,evaluation,standard_c5:E8,standard_c5,5.0,8.0,7.998197999765249,0.8582589574842674,0.8588547932657086,-0.0005958357814411785,0.0009376208964686237,0.008462157499323731,1138,0.0022150319319582975,0.8334863257004741,True,0.05,36,paired cluster influence sandwich; asymptotic Bonferroni bounds,,,,,0.00013471069841286543,-0.000730546479854044
311,1.0,test,source,evaluation,auto_s:E2,auto_s,1.0,2.0,1.9909995955023065,0.8582589574842674,0.8185317362861919,0.03972722119807548,0.005621260753175161,0.00956963258053026,1138,0.05657904310094668,0.7898431998520976,True,0.05,36,paired cluster influence sandwich; asymptotic Bonferroni bounds,,,,,0.03966297455729406,6.424664078141795e-05
311,1.0,test,source,evaluation,auto_s:E8,auto_s,1.0,8.0,7.998197999765249,0.8582589574842674,0.818745200931369,0.03951375655289835,0.005572001010974382,0.009561368879318386,1138,0.056217904039122,0.7900814380182332,True,0.05,36,paired cluster influence sandwich; asymptotic Bonferroni bounds,,,,,0.03966297455729406,-0.00014921800439571253
311,1.0,test,state_CO,evaluation,standard_c1:E2,standard_c1,1.0,2.0,1.9909995955023065,0.8412477573260682,0.823029146454914,0.018218610871154173,0.004652147046282993,0.009241638852062946,1172,0.03216426632616584,0.7953256560045222,True,0.05,36,paired cluster influence sandwich; asymptotic Bonferroni bounds,,,,,0.017730621635989152,0.0004879892351650206
311,1.0,test,state_CO,evaluation,standard_c1:E8,standard_c1,1.0,8.0,7.998197999765249,0.8412477573260682,0.8234652219416572,0.01778253538441099,0.004560895898873689,0.009215703377428426,1172,0.03145464895672112,0.7958394777855499,True,0.05,36,paired cluster influence sandwich; asymptotic Bonferroni bounds,,,,,0.017730621635989152,5.1913748421839045e-05
311,1.0,test,state_CO,evaluation,standard_c5:E2,standard_c5,5.0,2.0,1.9909995955023065,0.8412477573260682,0.8284728221144263,0.012774935211641858,0.0036807290785772664,0.009094624787704987,1172,0.023808588929465177,0.8012100330150838,True,0.05,36,paired cluster influence sandwich; asymptotic Bonferroni bounds,,,,,-0.00012147817130725436,0.012896413382949112
311,1.0,test,state_CO,evaluation,standard_c5:E8,standard_c5,5.0,8.0,7.998197999765249,0.8412477573260682,0.8405708020466477,0.0006769552794204658,0.0011541511683219275,0.008794122547631338,1172,0.004136732964065407,0.8142088229736939,True,0.05,36,paired cluster influence sandwich; asymptotic Bonferroni bounds,,,,,-0.00012147817130725436,0.0007984334507277202
311,1.0,test,state_CO,evaluation,auto_s:E2,auto_s,1.0,2.0,1.9909995955023065,0.8412477573260682,0.8096540883115158,0.031593669014552406,0.006086639012208031,0.00960122383384653,1172,0.0498394745961076,0.7808726765888896,True,0.05,36,paired cluster influence sandwich; asymptotic Bonferroni bounds,,,,,0.03123857897534721,0.000355090039205197
311,1.0,test,state_CO,evaluation,auto_s:E8,auto_s,1.0,8.0,7.998197999765249,0.8412477573260682,0.810025790750216,0.03122196657585219,0.006042535879969014,0.00957771117226759,1172,0.049335565010777405,0.7813148624998335,True,0.05,36,paired cluster influence sandwich; asymptotic Bonferroni bounds,,,,,0.03123857897534721,-1.661239949501958e-05
311,1.0,test,state_UT,evaluation,standard_c1:E2,standard_c1,1.0,2.0,1.9909995955023065,0.8760203702195323,0.85409546946769,0.02192490075184228,0.004395417112491403,0.008871053669218405,1102,0.03510274417199738,0.8274992777450595,True,0.05,36,paired cluster influence sandwich; asymptotic Bonferroni bounds,,,,,0.01990983557209791,0.0020150651797443686
311,1.0,test,state_UT,evaluation,standard_c1:E8,standard_c1,1.0,8.0,7.998197999765249,0.8760203702195323,0.8554471095560363,0.020573260663495962,0.004326944082541199,0.008859444233470867,1102,0.03354581597467432,0.8288857239331596,True,0.05,36,paired cluster influence sandwich; asymptotic Bonferroni bounds,,,,,0.01990983557209791,0.0006634250913980511
311,1.0,test,state_UT,evaluation,standard_c5:E2,standard_c5,5.0,2.0,1.9909995955023065,0.8760203702195323,0.8675363201628108,0.008484050056721482,0.003024876667677836,0.00815661374874718,1102,0.01755289382553161,0.8430820815618355,True,0.05,36,paired cluster influence sandwich; asymptotic Bonferroni bounds,,,,,5.3121226179508874e-05,0.008430928830541973
311,1.0,test,state_UT,evaluation,standard_c5:E8,standard_c5,5.0,8.0,7.998197999765249,0.8760203702195323,0.8745919994711486,0.001428370748383645,0.001055877329819405,0.007963812975925546,1102,0.004593982968372653,0.8507157943833769,True,0.05,36,paired cluster influence sandwich; asymptotic Bonferroni bounds,,,,,5.3121226179508874e-05,0.001375249522204136
311,1.0,test,state_UT,evaluation,auto_s:E2,auto_s,1.0,2.0,1.9909995955023065,0.8760203702195323,0.8433301578644794,0.03269021235505287,0.005624382780138691,0.009289558798136891,1102,0.049552601910994996,0.815479251306311,True,0.05,36,paired cluster influence sandwich; asymptotic Bonferroni bounds,,,,,0.031224066512496984,0.0014661458425558882
311,1.0,test,state_UT,evaluation,auto_s:E8,auto_s,1.0,8.0,7.998197999765249,0.8760203702195323,0.8443188029072656,0.0317015673122667,0.005583748365803793,0.009271404269350903,1102,0.04844213135407201,0.8165223252079713,True,0.05,36,paired cluster influence sandwich; asymptotic Bonferroni bounds,,,,,0.031224066512496984,0.0004775007997697145
312,1.0,validation,source,sandwich,standard_c1:E2,standard_c1,1.0,2.0,1.9909995955023065,0.84909525720784,0.818409676232524,0.03068558097531593,0.004790728796886931,0.0092982305043801,1143,0.04504743633917594,0.7905350360043997,True,0.05,36,paired cluster influence sandwich; asymptotic Bonferroni bounds,,,,,,
312,1.0,validation,source,concentration,standard_c1:E2,standard_c1,1.0,2.0,1.9909995955023065,0.84909525720784,0.818409676232524,0.03068558097531593,,,1143,0.2681771664266412,0.6996638835068614,,0.05,36,cluster bounded differences plus within-pair bias; assumption-dependent sensitivity,0.11874579272566264,0.2374915854513253,0.00044108301558632687,False,,
312,1.0,validation,source,sandwich,standard_c1:E8,standard_c1,1.0,8.0,7.998197999765249,0.84909525720784,0.819723518295538,0.029371738912301937,0.004702722559542298,0.009253371610887563,1143,0.04346976534627502,0.7919833580113715,True,0.05,36,paired cluster influence sandwich; asymptotic Bonferroni bounds,,,,,,
312,1.0,validation,source,concentration,standard_c1:E8,standard_c1,1.0,8.0,7.998197999765249,0.84909525720784,0.819723518295538,0.029371738912301937,,,1143,0.2668633243636272,0.7009777255698754,,0.05,36,cluster bounded differences plus within-pair bias; assumption-dependent sensitivity,0.11874579272566264,0.2374915854513253,0.00044108301558632687,False,,
312,1.0,validation,source,sandwich,standard_c5:E2,standard_c5,5.0,2.0,1.9909995955023065,0.84909525720784,0.8345792360693022,0.014516021138537782,0.0031205404574503864,0.009056277248242492,1143,0.02387091318254128,0.807429933846477,True,0.05,36,paired cluster influence sandwich; asymptotic Bonferroni bounds,,,,,,
312,1.0,validation,source,concentration,standard_c5:E2,standard_c5,5.0,2.0,1.9909995955023065,0.84909525720784,0.8345792360693022,0.014516021138537782,,,1143,0.25200760658986304,0.7158334433436395,,0.05,36,cluster bounded differences plus within-pair bias; assumption-dependent sensitivity,0.11874579272566264,0.2374915854513253,0.00044108301558632687,False,,
312,1.0,validation,source,sandwich,standard_c5:E8,standard_c5,5.0,8.0,7.998197999765249,0.84909525720784,0.8466902050304368,0.0024050521774031663,0.0010463147840185105,0.008766014154484544,1143,0.0055417401909068735,0.8204110661474207,True,0.05,36,paired cluster influence sandwich; asymptotic Bonferroni bounds,,,,,,
312,1.0,validation,source,concentration,standard_c5:E8,standard_c5,5.0,8.0,7.998197999765249,0.84909525720784,0.8466902050304368,0.0024050521774031663,,,1143,0.23989663762872845,0.7279444123047741,,0.05,36,cluster bounded differences plus within-pair bias; assumption-dependent sensitivity,0.11874579272566264,0.2374915854513253,0.00044108301558632687,False,,
312,1.0,validation,source,sandwich,auto_s:E2,auto_s,1.0,2.0,1.9909995955023065,0.84909525720784,0.8051834570874307,0.043911800120409294,0.005927444911895281,0.009581121247994415,1143,0.061681352543666024,0.7764607546717319,True,0.05,36,paired cluster influence sandwich; asymptotic Bonferroni bounds,,,,,,
312,1.0,validation,source,concentration,auto_s:E2,auto_s,1.0,2.0,1.9909995955023065,0.84909525720784,0.8051834570874307,0.043911800120409294,,,1143,0.28140338557173455,0.686437664361768,,0.05,36,cluster bounded differences plus within-pair bias; assumption-dependent sensitivity,0.11874579272566264,0.2374915854513253,0.00044108301558632687,False,,
312,1.0,validation,source,sandwich,auto_s:E8,auto_s,1.0,8.0,7.998197999765249,0.84909525720784,0.806692755368252,0.042402501839587936,0.005857897336742509,0.009549627230681257,1143,0.05996356151412127,0.7780644670888267,True,0.05,36,paired cluster influence sandwich; asymptotic Bonferroni bounds,,,,,,
312,1.0,validation,source,concentration,auto_s:E8,auto_s,1.0,8.0,7.998197999765249,0.84909525720784,0.806692755368252,0.042402501839587936,,,1143,0.2798940872909132,0.6879469626425894,,0.05,36,cluster bounded differences plus within-pair bias; assumption-dependent sensitivity,0.11874579272566264,0.2374915854513253,0.00044108301558632687,False,,
312,1.0,validation,state_OR,sandwich,standard_c1:E2,standard_c1,1.0,2.0,1.9909995955023065,0.8230677623353446,0.7895060364042626,0.033561725931081976,0.00582256238955601,0.010379994984104784,1206,0.051014866131722666,0.7583919846141981,True,0.05,36,paired cluster influence sandwich; asymptotic Bonferroni bounds,,,,,,
312,1.0,validation,state_OR,concentration,standard_c1:E2,standard_c1,1.0,2.0,1.9909995955023065,0.8230677623353446,0.7895060364042626,0.033561725931081976,,,1206,0.26970309084292354,0.6714353539483419,,0.05,36,cluster bounded differences plus within-pair bias; assumption-dependent sensitivity,0.11807068245592078,0.23614136491184157,0.00042775503381903865,False,,
312,1.0,validation,state_OR,sandwich,standard_c1:E8,standard_c1,1.0,8.0,7.998197999765249,0.8230677623353446,0.7914061924413818,0.03166156989396285,0.005689661267207913,0.010320336280576926,1206,0.04871633876494215,0.7604709677118443,True,0.05,36,paired cluster influence sandwich; asymptotic Bonferroni bounds,,,,,,
312,1.0,validation,state_OR,concentration,standard_c1:E8,standard_c1,1.0,8.0,7.998197999765249,0.8230677623353446,0.7914061924413818,0.03166156989396285,,,1206,0.2678029348058044,0.6733355099854609,,0.05,36,cluster bounded differences plus within-pair bias; assumption-dependent sensitivity,0.11807068245592078,0.23614136491184157,0.00042775503381903865,False,,
312,1.0,validation,state_OR,sandwich,standard_c5:E2,standard_c5,5.0,2.0,1.9909995955023065,0.8230677623353446,0.80269606630313,0.02037169603221467,0.0037464830156563023,0.010071252912740965,1206,0.0316017849444186,0.7725074693724266,True,0.05,36,paired cluster influence sandwich; asymptotic Bonferroni bounds,,,,,,
312,1.0,validation,state_OR,concentration,standard_c5:E2,standard_c5,5.0,2.0,1.9909995955023065,0.8230677623353446,0.80269606630313,0.02037169603221467,,,1206,0.25651306094405624,0.6846253838472091,,0.05,36,cluster bounded differences plus within-pair bias; assumption-dependent sensitivity,0.11807068245592078,0.23614136491184157,0.00042775503381903865,False,,
312,1.0,validation,state_OR,sandwich,standard_c5:E8,standard_c5,5.0,8.0,7.998197999765249,0.8230677623353446,0.8190750154772548,0.003992746858089813,0.0013119902007512855,0.009645398921786858,1206,0.007925439611481672,0.7901629165747145,True,0.05,36,paired cluster influence sandwich; asymptotic Bonferroni bounds,,,,,,
312,1.0,validation,state_OR,concentration,standard_c5:E8,standard_c5,5.0,8.0,7.998197999765249,0.8230677623353446,0.8190750154772548,0.003992746858089813,,,1206,0.24013411176993138,0.7010043330213339,,0.05,36,cluster bounded differences plus within-pair bias; assumption-dependent sensitivity,0.11807068245592078,0.23614136491184157,0.00042775503381903865,False,,
312,1.0,validation,state_OR,sandwich,auto_s:E2,auto_s,1.0,2.0,1.9909995955023065,0.8230677623353446,0.7781732770763989,0.04489448525894568,0.006923569778537313,0.010642573223286031,1206,0.06564789689271004,0.7462721465887685,True,0.05,36,paired cluster influence sandwich; asymptotic Bonferroni bounds,,,,,,
312,1.0,validation,state_OR,concentration,auto_s:E2,auto_s,1.0,2.0,1.9909995955023065,0.8230677623353446,0.7781732770763989,0.04489448525894568,,,1206,0.28103585017078725,0.660102594620478,,0.05,36,cluster bounded differences plus within-pair bias; assumption-dependent sensitivity,0.11807068245592078,0.23614136491184157,0.00042775503381903865,False,,
312,1.0,validation,state_OR,sandwich,auto_s:E8,auto_s,1.0,8.0,7.998197999765249,0.8230677623353446,0.7798645039196216,0.043203258415723034,0.006855312789386593,0.010599085339576713,1206,0.06375206961386853,0.7480937284339005,True,0.05,36,paired cluster influence sandwich; asymptotic Bonferroni bounds,,,,,,
312,1.0,validation,state_OR,concentration,auto_s:E8,auto_s,1.0,8.0,7.998197999765249,0.8230677623353446,0.7798645039196216,0.043203258415723034,,,1206,0.2793446233275646,0.6617938214637008,,0.05,36,cluster bounded differences plus within-pair bias; assumption-dependent sensitivity,0.11807068245592078,0.23614136491184157,0.00042775503381903865,False,,
312,1.0,validation,state_WA,sandwich,standard_c1:E2,standard_c1,1.0,2.0,1.9909995955023065,0.8557143678703906,0.8243605174191481,0.031353850451242504,0.004962605374505684,0.00917986860361373,1181,0.046229919711910906,0.7968426410526849,True,0.05,36,paired cluster influence sandwich; asymptotic Bonferroni bounds,,,,,,
312,1.0,validation,state_WA,concentration,standard_c1:E2,standard_c1,1.0,2.0,1.9909995955023065,0.8557143678703906,0.8243605174191481,0.031353850451242504,,,1181,0.2631150315409111,0.7084799268743137,,0.05,36,cluster bounded differences plus within-pair bias; assumption-dependent sensitivity,0.11588059054483431,0.23176118108966862,0.00042926564765711323,False,,
312,1.0,validation,state_WA,sandwich,standard_c1:E8,standard_c1,1.0,8.0,7.998197999765249,0.8557143678703906,0.8248524270967266,0.030861940773664,0.004892047582937999,0.009188702999130964,1181,0.04552650367526688,0.7973080684553951,True,0.05,36,paired cluster influence sandwich; asymptotic Bonferroni bounds,,,,,,
312,1.0,validation,state_WA,concentration,standard_c1:E8,standard_c1,1.0,8.0,7.998197999765249,0.8557143678703906,0.8248524270967266,0.030861940773664,,,1181,0.2626231218633326,0.7089718365518922,,0.05,36,cluster bounded differences plus within-pair bias; assumption-dependent sensitivity,0.11588059054483431,0.23176118108966862,0.00042926564765711323,False,,
312,1.0,validation,state_WA,sandwich,standard_c5:E2,standard_c5,5.0,2.0,1.9909995955023065,0.8557143678703906,0.8399609347721606,0.015753433098229963,0.0033767883098541392,0.008898057733124926,1181,0.025875804914064545,0.8132878239494856,True,0.05,36,paired cluster influence sandwich; asymptotic Bonferroni bounds,,,,,,
312,1.0,validation,state_WA,concentration,standard_c5:E2,standard_c5,5.0,2.0,1.9909995955023065,0.8557143678703906,0.8399609347721606,0.015753433098229963,,,1181,0.24751461418789858,0.7240803442273263,,0.05,36,cluster bounded differences plus within-pair bias; assumption-dependent sensitivity,0.11588059054483431,0.23176118108966862,0.00042926564765711323,False,,
312,1.0,validation,state_WA,sandwich,standard_c5:E8,standard_c5,5.0,8.0,7.998197999765249,0.8557143678703906,0.8542663665230305,0.0014480013473601172,0.0011800160677315544,0.00854973785304068,1181,0.004985256363133903,0.8286373908410661,True,0.05,36,paired cluster influence sandwich; asymptotic Bonferroni bounds,,,,,,
312,1.0,validation,state_WA,concentration,standard_c5:E8,standard_c5,5.0,8.0,7.998197999765249,0.8557143678703906,0.8542663665230305,0.0014480013473601172,,,1181,0.23320918243702873,0.7383857759781961,,0.05,36,cluster bounded differences plus within-pair bias; assumption-dependent sensitivity,0.11588059054483431,0.23176118108966862,0.00042926564765711323,False,,
312,1.0,validation,state_WA,sandwich,auto_s:E2,auto_s,1.0,2.0,1.9909995955023065,0.8557143678703906,0.8109238864766944,0.044790481393696124,0.0059767520654065666,0.009510580554651774,1181,0.0627065901650262,0.7824146570773574,True,0.05,36,paired cluster influence sandwich; asymptotic Bonferroni bounds,,,,,,
312,1.0,validation,state_WA,concentration,auto_s:E2,auto_s,1.0,2.0,1.9909995955023065,0.8557143678703906,0.8109238864766944,0.044790481393696124,,,1181,0.2765516624833647,0.6950432959318601,,0.05,36,cluster bounded differences plus within-pair bias; assumption-dependent sensitivity,0.11588059054483431,0.23176118108966862,0.00042926564765711323,False,,
312,1.0,validation,state_WA,sandwich,auto_s:E8,auto_s,1.0,8.0,7.998197999765249,0.8557143678703906,0.8115246529931522,0.04418971487723833,0.005929302660557039,0.009518449826064713,1181,0.06196358775035547,0.7829918344067378,True,0.05,36,paired cluster influence sandwich; asymptotic Bonferroni bounds,,,,,,
312,1.0,validation,state_WA,concentration,auto_s:E8,auto_s,1.0,8.0,7.998197999765249,0.8557143678703906,0.8115246529931522,0.04418971487723833,,,1181,0.2759508959669069,0.6956440624483179,,0.05,36,cluster bounded differences plus within-pair bias; assumption-dependent sensitivity,0.11588059054483431,0.23176118108966862,0.00042926564765711323,False,,
312,1.0,test,source,evaluation,standard_c1:E2,standard_c1,1.0,2.0,1.9909995955023065,0.852870922432474,0.8164063956644058,0.03646452676806822,0.004949377772002947,0.00970107319861777,1137,0.05130215791476758,0.7873237609416232,True,0.05,36,paired cluster influence sandwich; asymptotic Bonferroni bounds,,,,,0.033815894692792,0.002648632075276214
312,1.0,test,source,evaluation,standard_c1:E8,standard_c1,1.0,8.0,7.998197999765249,0.852870922432474,0.8183599819350242,0.03451094049744974,0.004865032911936589,0.009642626610347873,1137,0.04909571603675057,0.7894525629582364,True,0.05,36,paired cluster influence sandwich; asymptotic Bonferroni bounds,,,,,0.033815894692792,0.0006950458046577346
312,1.0,test,source,evaluation,standard_c5:E2,standard_c5,5.0,2.0,1.9909995955023065,0.852870922432474,0.8332490853570113,0.019621837075462722,0.003297832078603421,0.009269858001700803,1137,0.029508335585005326,0.805459181222081,True,0.05,36,paired cluster influence sandwich; asymptotic Bonferroni bounds,,,,,0.0001729845743337899,0.019448852501128933
312,1.0,test,source,evaluation,standard_c5:E8,standard_c5,5.0,8.0,7.998197999765249,0.852870922432474,0.8484634412121765,0.004407481220297438,0.001154769070861294,0.008807117938910302,1137,0.00786933810864781,0.8220607753695676,True,0.05,36,paired cluster influence sandwich; asymptotic Bonferroni bounds,,,,,0.0001729845743337899,0.004234496645963648
312,1.0,test,source,evaluation,auto_s:E2,auto_s,1.0,2.0,1.9909995955023065,0.852870922432474,0.8029363872534192,0.04993453517905477,0.006076418006226186,0.010096235131446255,1137,0.06815089554248285,0.7726691052330121,True,0.05,36,paired cluster influence sandwich; asymptotic Bonferroni bounds,,,,,0.047663983161453705,0.0022705520176010685
312,1.0,test,source,evaluation,auto_s:E8,auto_s,1.0,8.0,7.998197999765249,0.852870922432474,0.8045326101818513,0.048338312250622684,0.006016585474509129,0.010054529126844127,1137,0.06637530197857155,0.7743903576785665,True,0.05,36,paired cluster influence sandwich; asymptotic Bonferroni bounds,,,,,0.047663983161453705,0.000674329089168979
312,1.0,test,state_CO,evaluation,standard_c1:E2,standard_c1,1.0,2.0,1.9909995955023065,0.8440959928940487,0.8110573855604069,0.033038607333641834,0.004909338387432243,0.009302729785534853,1197,0.0477545860576916,0.7831720041106434,True,0.05,36,paired cluster influence sandwich; asymptotic Bonferroni bounds,,,,,0.0296930971355176,0.0033455101981242352
312,1.0,test,state_CO,evaluation,standard_c1:E8,standard_c1,1.0,8.0,7.998197999765249,0.8440959928940487,0.8134896308992114,0.03060636199483724,0.004833676120930466,0.009250854919483723,1197,0.04509553942384816,0.7857597468637382,True,0.05,36,paired cluster influence sandwich; asymptotic Bonferroni bounds,,,,,0.0296930971355176,0.0009132648593196402
312,1.0,test,state_CO,evaluation,standard_c5:E2,standard_c5,5.0,2.0,1.9909995955023065,0.8440959928940487,0.8195019578897327,0.024594035004316006,0.0037661896484248026,0.009191752045721344,1197,0.03588337021877942,0.7919492375704628,True,0.05,36,paired cluster influence sandwich; asymptotic Bonferroni bounds,,,,,6.20311177277344e-05,0.02453200388658827
312,1.0,test,state_CO,evaluation,standard_c5:E8,standard_c5,5.0,8.0,7.998197999765249,0.8440959928940487,0.8387347320047207,0.005361260889327979,0.0013228396833372153,0.008705703882702321,1197,0.00932653667580744,0.8126389645091067,True,0.05,36,paired cluster influence sandwich; asymptotic Bonferroni bounds,,,,,6.20311177277344e-05,0.0052992297716002446
312,1.0,test,state_CO,evaluation,auto_s:E2,auto_s,1.0,2.0,1.9909995955023065,0.8440959928940487,0.7982549968932314,0.04584099600081726,0.005961897115415387,0.009639848004276254,1197,0.06371207030484687,0.7693590873146292,True,0.05,36,paired cluster influence sandwich; asymptotic Bonferroni bounds,,,,,0.04319085984512028,0.0026501361556969805
312,1.0,test,state_CO,evaluation,auto_s:E8,auto_s,1.0,8.0,7.998197999765249,0.8440959928940487,0.8001185367745488,0.04397745611949988,0.0059205422530014965,0.009612582539352913,1197,0.06172456722780097,0.7713043567427915,True,0.05,36,paired cluster influence sandwich; asymptotic Bonferroni bounds,,,,,0.04319085984512028,0.0007865962743796029
312,1.0,test,state_UT,evaluation,standard_c1:E2,standard_c1,1.0,2.0,1.9909995955023065,0.8597574301324409,0.8347498498240796,0.025007580308361255,0.004849516124561482,0.0094347496250286,1094,0.03954709296776063,0.8064631799609557,True,0.05,36,paired cluster influence sandwich; asymptotic Bonferroni bounds,,,,,0.024642581309533895,0.0003649989988273594
312,1.0,test,state_UT,evaluation,standard_c1:E8,standard_c1,1.0,8.0,7.998197999765249,0.8597574301324409,0.8350090105552219,0.02474841957721896,0.004784610388403521,0.00943424452752584,1094,0.0390933359617948,0.8067238550434986,True,0.05,36,paired cluster influence sandwich; asymptotic Bonferroni bounds,,,,,0.024642581309533895,0.00010583826768506555
312,1.0,test,state_UT,evaluation,standard_c5:E2,standard_c5,5.0,2.0,1.9909995955023065,0.8597574301324409,0.8505008724505849,0.00925655768185596,0.0032671052269883914,0.009041965481250091,1094,0.01905178602779387,0.8233918231756172,True,0.05,36,paired cluster influence sandwich; asymptotic Bonferroni bounds,,,,,0.00032724048170706954,0.00892931720014889
312,1.0,test,state_UT,evaluation,standard_c5:E8,standard_c5,5.0,8.0,7.998197999765249,0.8597574301324409,0.8577848336622901,0.0019725964701508003,0.0011310690899966106,0.008741666585752605,1094,0.005363696309858645,0.8315761215509778,True,0.05,36,paired cluster influence sandwich; asymptotic Bonferroni bounds,,,,,0.00032724048170706954,0.0016453559884437308
312,1.0,test,state_UT,evaluation,auto_s:E2,auto_s,1.0,2.0,1.9909995955023065,0.8597574301324409,0.8255442089304613,0.03421322120197956,0.00581881885991095,0.009713282974439453,1094,0.05165883604341434,0.7964224579879462,True,0.05,36,paired cluster influence sandwich; asymptotic Bonferroni bounds,,,,,0.033774421465144866,0.0004387997368346941
312,1.0,test,state_UT,evaluation,auto_s:E8,auto_s,1.0,8.0,7.998197999765249,0.8597574301324409,0.8258382676850026,0.03391916244743831,0.005770857880585761,0.009719782513290358,1094,0.05122098371274207,0.7966970302360039,True,0.05,36,paired cluster influence sandwich; asymptotic Bonferroni bounds,,,,,0.033774421465144866,0.00014474098229344534
313,1.0,validation,source,sandwich,standard_c1:E2,standard_c1,1.0,2.0,1.9909995955023065,0.8609843021054641,0.8263657043088639,0.03461859779660015,0.004335044556680688,0.00943731542496185,1140,0.047614457786025244,0.7980739466728697,True,0.05,36,paired cluster influence sandwich; asymptotic Bonferroni bounds,,,,,,
313,1.0,validation,source,concentration,standard_c1:E2,standard_c1,1.0,2.0,1.9909995955023065,0.8609843021054641,0.8263657043088639,0.03461859779660015,,,1140,0.2746679421543987,0.7063410321299647,,0.05,36,cluster bounded differences plus within-pair bias; assumption-dependent sensitivity,0.12002467217889927,0.24004934435779854,0.0004088482265686683,False,,
313,1.0,validation,source,sandwich,standard_c1:E8,standard_c1,1.0,8.0,7.998197999765249,0.8609843021054641,0.8281773608638379,0.0328069412416262,0.004167961649997482,0.009400787001665113,1140,0.04530190994066424,0.799995110354839,True,0.05,36,paired cluster influence sandwich; asymptotic Bonferroni bounds,,,,,,
313,1.0,validation,source,concentration,standard_c1:E8,standard_c1,1.0,8.0,7.998197999765249,0.8609843021054641,0.8281773608638379,0.0328069412416262,,,1140,0.27285628559942476,0.7081526886849386,,0.05,36,cluster bounded differences plus within-pair bias; assumption-dependent sensitivity,0.12002467217889927,0.24004934435779854,0.0004088482265686683,False,,
313,1.0,validation,source,sandwich,standard_c5:E2,standard_c5,5.0,2.0,1.9909995955023065,0.8609843021054641,0.8486938237843283,0.012290478321135723,0.0030032134616567183,0.00883724319613835,1140,0.021293694125665272,0.8222009991390722,True,0.05,36,paired cluster influence sandwich; asymptotic Bonferroni bounds,,,,,,
313,1.0,validation,source,concentration,standard_c5:E2,standard_c5,5.0,2.0,1.9909995955023065,0.8609843021054641,0.8486938237843283,0.012290478321135723,,,1140,0.2523398226789343,0.7286691516054291,,0.05,36,cluster bounded differences plus within-pair bias; assumption-dependent sensitivity,0.12002467217889927,0.24004934435779854,0.0004088482265686683,False,,
313,1.0,validation,source,sandwich,standard_c5:E8,standard_c5,5.0,8.0,7.998197999765249,0.8609843021054641,0.8599694824002311,0.0010148197052329833,0.001015308118550707,0.008457402024229196,1140,0.004058572077853292,0.834615368701035,True,0.05,36,paired cluster influence sandwich; asymptotic Bonferroni bounds,,,,,,
313,1.0,validation,source,concentration,standard_c5:E8,standard_c5,5.0,8.0,7.998197999765249,0.8609843021054641,0.8599694824002311,0.0010148197052329833,,,1140,0.24106416406303152,0.7399448102213319,,0.05,36,cluster bounded differences plus within-pair bias; assumption-dependent sensitivity,0.12002467217889927,0.24004934435779854,0.0004088482265686683,False,,
313,1.0,validation,source,sandwich,auto_s:E2,auto_s,1.0,2.0,1.9909995955023065,0.8609843021054641,0.814454870769542,0.04652943133592202,0.005203935385277416,0.009742289693861348,1140,0.062130105049149946,0.7852488427385903,True,0.05,36,paired cluster influence sandwich; asymptotic Bonferroni bounds,,,,,,
313,1.0,validation,source,concentration,auto_s:E2,auto_s,1.0,2.0,1.9909995955023065,0.8609843021054641,0.814454870769542,0.04652943133592202,,,1140,0.2865787756937206,0.6944301985906428,,0.05,36,cluster bounded differences plus within-pair bias; assumption-dependent sensitivity,0.12002467217889927,0.24004934435779854,0.0004088482265686683,False,,
313,1.0,validation,source,sandwich,auto_s:E8,auto_s,1.0,8.0,7.998197999765249,0.8609843021054641,0.8161090373188734,0.04487526478659065,0.005080594806614016,0.009716676992197927,1140,0.06010618061835598,0.7869797926013148,True,0.05,36,paired cluster influence sandwich; asymptotic Bonferroni bounds,,,,,,
313,1.0,validation,source,concentration,auto_s:E8,auto_s,1.0,8.0,7.998197999765249,0.8609843021054641,0.8161090373188734,0.04487526478659065,,,1140,0.2849246091443892,0.6960843651399742,,0.05,36,cluster bounded differences plus within-pair bias; assumption-dependent sensitivity,0.12002467217889927,0.24004934435779854,0.0004088482265686683,False,,
313,1.0,validation,state_OR,sandwich,standard_c1:E2,standard_c1,1.0,2.0,1.9909995955023065,0.8240222754377305,0.8008381994609999,0.023184075976730667,0.005033823705612864,0.010296300694869587,1204,0.038273022557520166,0.7699749153552412,True,0.05,36,paired cluster influence sandwich; asymptotic Bonferroni bounds,,,,,,
313,1.0,validation,state_OR,concentration,standard_c1:E2,standard_c1,1.0,2.0,1.9909995955023065,0.8240222754377305,0.8008381994609999,0.023184075976730667,,,1204,0.2568419970264311,0.6840092389361496,,0.05,36,cluster bounded differences plus within-pair bias; assumption-dependent sensitivity,0.11682896052485023,0.23365792104970046,0.00042064540916874504,False,,
313,1.0,validation,state_OR,sandwich,standard_c1:E8,standard_c1,1.0,8.0,7.998197999765249,0.8240222754377305,0.8037286185717709,0.02029365686595963,0.004893038633245474,0.010217505503196228,1204,0.03496059851360944,0.7731015239926055,True,0.05,36,paired cluster influence sandwich; asymptotic Bonferroni bounds,,,,,,
313,1.0,validation,state_OR,concentration,standard_c1:E8,standard_c1,1.0,8.0,7.998197999765249,0.8240222754377305,0.8037286185717709,0.02029365686595963,,,1204,0.2539515779156601,0.6868996580469207,,0.05,36,cluster bounded differences plus within-pair bias; assumption-dependent sensitivity,0.11682896052485023,0.23365792104970046,0.00042064540916874504,False,,
313,1.0,validation,state_OR,sandwich,standard_c5:E2,standard_c5,5.0,2.0,1.9909995955023065,0.8240222754377305,0.7964948424014988,0.02752743303623173,0.004429783679778675,0.010502296126397588,1204,0.040805762437021845,0.7650140845334494,True,0.05,36,paired cluster influence sandwich; asymptotic Bonferroni bounds,,,,,,
313,1.0,validation,state_OR,concentration,standard_c5:E2,standard_c5,5.0,2.0,1.9909995955023065,0.8240222754377305,0.7964948424014988,0.02752743303623173,,,1204,0.2611853540859322,0.6796658818766486,,0.05,36,cluster bounded differences plus within-pair bias; assumption-dependent sensitivity,0.11682896052485023,0.23365792104970046,0.00042064540916874504,False,,
313,1.0,validation,state_OR,sandwich,standard_c5:E8,standard_c5,5.0,8.0,7.998197999765249,0.8240222754377305,0.8193399731272724,0.004682302310458186,0.0014046856813510207,0.009880709936478577,1204,0.008892864389752328,0.7897224272752867,True,0.05,36,paired cluster influence sandwich; asymptotic Bonferroni bounds,,,,,,
313,1.0,validation,state_OR,concentration,standard_c5:E8,standard_c5,5.0,8.0,7.998197999765249,0.8240222754377305,0.8193399731272724,0.004682302310458186,,,1204,0.23834022336015864,0.7025110126024221,,0.05,36,cluster bounded differences plus within-pair bias; assumption-dependent sensitivity,0.11682896052485023,0.23365792104970046,0.00042064540916874504,False,,
313,1.0,validation,state_OR,sandwich,auto_s:E2,auto_s,1.0,2.0,1.9909995955023065,0.8240222754377305,0.7923629121027744,0.031659363334956114,0.005956343763379608,0.010469698137273416,1204,0.049513574789012464,0.7609798670958225,True,0.05,36,paired cluster influence sandwich; asymptotic Bonferroni bounds,,,,,,
313,1.0,validation,state_OR,concentration,auto_s:E2,auto_s,1.0,2.0,1.9909995955023065,0.8240222754377305,0.7923629121027744,0.031659363334956114,,,1204,0.26531728438465657,0.6755339515779242,,0.05,36,cluster bounded differences plus within-pair bias; assumption-dependent sensitivity,0.11682896052485023,0.23365792104970046,0.00042064540916874504,False,,
313,1.0,validation,state_OR,sandwich,auto_s:E8,auto_s,1.0,8.0,7.998197999765249,0.8240222754377305,0.7949292907211805,0.029092984716550085,0.005856591845581535,0.010400414848448464,1204,0.0466481886075668,0.7637539231986139,True,0.05,36,paired cluster influence sandwich; asymptotic Bonferroni bounds,,,,,,
313,1.0,validation,state_OR,concentration,auto_s:E8,auto_s,1.0,8.0,7.998197999765249,0.8240222754377305,0.7949292907211805,0.029092984716550085,,,1204,0.26275090576625054,0.6781003301963302,,0.05,36,cluster bounded differences plus within-pair bias; assumption-dependent sensitivity,0.11682896052485023,0.23365792104970046,0.00042064540916874504,False,,
313,1.0,validation,state_WA,sandwich,standard_c1:E2,standard_c1,1.0,2.0,1.9909995955023065,0.8459598770012037,0.8160994872302187,0.02986038977098493,0.004900884755085138,0.009646876871491438,1206,0.044550799768327334,0.7871829581710433,True,0.05,36,paired cluster influence sandwich; asymptotic Bonferroni bounds,,,,,,
313,1.0,validation,state_WA,concentration,standard_c1:E2,standard_c1,1.0,2.0,1.9909995955023065,0.8459598770012037,0.8160994872302187,0.02986038977098493,,,1206,0.26132120952602894,0.7003690773526968,,0.05,36,cluster bounded differences plus within-pair bias; assumption-dependent sensitivity,0.11573040987752198,0.23146081975504396,0.0004832978846185554,False,,
313,1.0,validation,state_WA,sandwich,standard_c1:E8,standard_c1,1.0,8.0,7.998197999765249,0.8459598770012037,0.8186787934246756,0.02728108357652803,0.004714267642824507,0.009598268357088467,1206,0.041412108477376544,0.789907968466214,True,0.05,36,paired cluster influence sandwich; asymptotic Bonferroni bounds,,,,,,
313,1.0,validation,state_WA,concentration,standard_c1:E8,standard_c1,1.0,8.0,7.998197999765249,0.8459598770012037,0.8186787934246756,0.02728108357652803,,,1206,0.25874190333157204,0.7029483835471537,,0.05,36,cluster bounded differences plus within-pair bias; assumption-dependent sensitivity,0.11573040987752198,0.23146081975504396,0.0004832978846185554,False,,
313,1.0,validation,state_WA,sandwich,standard_c5:E2,standard_c5,5.0,2.0,1.9909995955023065,0.8459598770012037,0.8265424312872005,0.019417445714003168,0.003985818849817344,0.009374403675615001,1206,0.03136494417705065,0.7984426410743238,True,0.05,36,paired cluster influence sandwich; asymptotic Bonferroni bounds,,,,,,
313,1.0,validation,state_WA,concentration,standard_c5:E2,standard_c5,5.0,2.0,1.9909995955023065,0.8459598770012037,0.8265424312872005,0.019417445714003168,,,1206,0.2508782654690471,0.7108120214096786,,0.05,36,cluster bounded differences plus within-pair bias; assumption-dependent sensitivity,0.11573040987752198,0.23146081975504396,0.0004832978846185554,False,,
313,1.0,validation,state_WA,sandwich,standard_c5:E8,standard_c5,5.0,8.0,7.998197999765249,0.8459598770012037,0.8435279302896902,0.0024319467115134774,0.001383950875377754,0.008925381444926078,1206,0.00658034170374115,0.8167740849411357,True,0.05,36,paired cluster influence sandwich; asymptotic Bonferroni bounds,,,,,,
313,1.0,validation,state_WA,concentration,standard_c5:E8,standard_c5,5.0,8.0,7.998197999765249,0.8459598770012037,0.8435279302896902,0.0024319467115134774,,,1206,0.23389276646655743,0.7277975204121683,,0.05,36,cluster bounded differences plus within-pair bias; assumption-dependent sensitivity,0.11573040987752198,0.23146081975504396,0.0004832978846185554,False,,
313,1.0,validation,state_WA,sandwich,auto_s:E2,auto_s,1.0,2.0,1.9909995955023065,0.8459598770012037,0.8061841519513281,0.03977572504987559,0.005714172204034215,0.00992984820088674,1206,0.056903965493722154,0.7764194158736145,True,0.05,36,paired cluster influence sandwich; asymptotic Bonferroni bounds,,,,,,
313,1.0,validation,state_WA,concentration,auto_s:E2,auto_s,1.0,2.0,1.9909995955023065,0.8459598770012037,0.8061841519513281,0.03977572504987559,,,1206,0.2712365448049196,0.6904537420738062,,0.05,36,cluster bounded differences plus within-pair bias; assumption-dependent sensitivity,0.11573040987752198,0.23146081975504396,0.0004832978846185554,False,,
313,1.0,validation,state_WA,sandwich,auto_s:E8,auto_s,1.0,8.0,7.998197999765249,0.8459598770012037,0.8083883612801108,0.03757151572109285,0.005595857709913989,0.009889667185557541,1206,0.054345108277034926,0.7787440678609769,True,0.05,36,paired cluster influence sandwich; asymptotic Bonferroni bounds,,,,,,
313,1.0,validation,state_WA,concentration,auto_s:E8,auto_s,1.0,8.0,7.998197999765249,0.8459598770012037,0.8083883612801108,0.03757151572109285,,,1206,0.26903233547613686,0.6926579514025889,,0.05,36,cluster bounded differences plus within-pair bias; assumption-dependent sensitivity,0.11573040987752198,0.23146081975504396,0.0004832978846185554,False,,
313,1.0,test,source,evaluation,standard_c1:E2,standard_c1,1.0,2.0,1.9909995955023065,0.8626928752241996,0.8253421825906657,0.037350692633533855,0.004431961787728013,0.009467352310231315,1113,0.050637802712156,0.7969588710180207,True,0.05,36,paired cluster influence sandwich; asymptotic Bonferroni bounds,,,,,0.03472814080792408,0.0026225518256097757
313,1.0,test,source,evaluation,standard_c1:E8,standard_c1,1.0,8.0,7.998197999765249,0.8626928752241996,0.8272852454428659,0.035407629781333716,0.004249995879661662,0.00940884842765046,1113,0.048149202428263906,0.7990773296802729,True,0.05,36,paired cluster influence sandwich; asymptotic Bonferroni bounds,,,,,0.03472814080792408,0.0006794889734096365
313,1.0,test,source,evaluation,standard_c5:E2,standard_c5,5.0,2.0,1.9909995955023065,0.8626928752241996,0.8495536149661421,0.01313926025805745,0.0027533688027184073,0.008832638480064154,1113,0.021393914995845253,0.823073188150583,True,0.05,36,paired cluster influence sandwich; asymptotic Bonferroni bounds,,,,,2.862122040891979e-05,0.01311063903764853
313,1.0,test,source,evaluation,standard_c5:E8,standard_c5,5.0,8.0,7.998197999765249,0.8626928752241996,0.8612321329381485,0.0014607422860510866,0.0009526608623945151,0.008452160917196062,1113,0.004316838604679331,0.8358923854656001,True,0.05,36,paired cluster influence sandwich; asymptotic Bonferroni bounds,,,,,2.862122040891979e-05,0.0014321210656421668
313,1.0,test,source,evaluation,auto_s:E2,auto_s,1.0,2.0,1.9909995955023065,0.8626928752241996,0.8135576600986265,0.04913521512557306,0.005325081606472926,0.009771665466293591,1113,0.06509991628314406,0.7842620115978589,True,0.05,36,paired cluster influence sandwich; asymptotic Bonferroni bounds,,,,,0.04707130712053542,0.00206390800503764
313,1.0,test,source,evaluation,auto_s:E8,auto_s,1.0,8.0,7.998197999765249,0.8626928752241996,0.8150364231530832,0.04765645207111635,0.005204768242115963,0.009733947275795572,1113,0.06326045135608392,0.7858538545417906,True,0.05,36,paired cluster influence sandwich; asymptotic Bonferroni bounds,,,,,0.04707130712053542,0.0005851449505809292
313,1.0,test,state_CO,evaluation,standard_c1:E2,standard_c1,1.0,2.0,1.9909995955023065,0.829217137399602,0.7985286878521031,0.03068844954749894,0.004991027383154371,0.009836785957070215,1189,0.0456495048420931,0.7690420336370739,True,0.05,36,paired cluster influence sandwich; asymptotic Bonferroni bounds,,,,,0.02686185990348322,0.003826589644015721
313,1.0,test,state_CO,evaluation,standard_c1:E8,standard_c1,1.0,8.0,7.998197999765249,0.829217137399602,0.801276090862045,0.027941046537557024,0.0047513708639581416,0.009781280674430785,1189,0.0421837097737332,0.7719558187441194,True,0.05,36,paired cluster influence sandwich; asymptotic Bonferroni bounds,,,,,0.02686185990348322,0.0010791866340738032
313,1.0,test,state_CO,evaluation,standard_c5:E2,standard_c5,5.0,2.0,1.9909995955023065,0.829217137399602,0.814528208213599,0.014688929186003064,0.003969029003127488,0.009437379170450785,1189,0.02658645204513614,0.7862388119098003,True,0.05,36,paired cluster influence sandwich; asymptotic Bonferroni bounds,,,,,3.260700356366719e-05,0.014656322182439396
313,1.0,test,state_CO,evaluation,standard_c5:E8,standard_c5,5.0,8.0,7.998197999765249,0.829217137399602,0.8281148103113865,0.00110232708821556,0.0013163820237410788,0.009129922270468565,1189,0.005048301079957711,0.8007470438301096,True,0.05,36,paired cluster influence sandwich; asymptotic Bonferroni bounds,,,,,3.260700356366719e-05,0.0010697200846518928
313,1.0,test,state_CO,evaluation,auto_s:E2,auto_s,1.0,2.0,1.9909995955023065,0.829217137399602,0.7886066922193378,0.04061044518026424,0.0058334139786484895,0.010074886162506654,1189,0.0580966303663813,0.7584063111369281,True,0.05,36,paired cluster influence sandwich; asymptotic Bonferroni bounds,,,,,0.03697634204115652,0.003634103139107725
313,1.0,test,state_CO,evaluation,auto_s:E8,auto_s,1.0,8.0,7.998197999765249,0.829217137399602,0.7912310300867978,0.03798610731280416,0.0056626624984575675,0.010023000209992385,1189,0.05496044951737548,0.7611861818325989,True,0.05,36,paired cluster influence sandwich; asymptotic Bonferroni bounds,,,,,0.03697634204115652,0.0010097652716476446
313,1.0,test,state_UT,evaluation,standard_c1:E2,standard_c1,1.0,2.0,1.9909995955023065,0.8753749251886058,0.855210288028209,0.020164637160396848,0.004190119121376478,0.008642741596729172,1089,0.032727319027541044,0.8292978950879398,True,0.05,36,paired cluster influence sandwich; asymptotic Bonferroni bounds,,,,,0.017078413917408275,0.0030862232429885728
313,1.0,test,state_UT,evaluation,standard_c1:E8,standard_c1,1.0,8.0,7.998197999765249,0.8753749251886058,0.8573680975274329,0.018006827661172897,0.00403485073504766,0.008574756195553325,1089,0.03010398879132358,0.8316595362544368,True,0.05,36,paired cluster influence sandwich; asymptotic Bonferroni bounds,,,,,0.017078413917408275,0.0009284137437646223
313,1.0,test,state_UT,evaluation,standard_c5:E2,standard_c5,5.0,2.0,1.9909995955023065,0.8753749251886058,0.8588417517616129,0.016533173426992898,0.0032307465364039205,0.008441980257334792,1089,0.02621949492634145,0.8335312750831433,True,0.05,36,paired cluster influence sandwich; asymptotic Bonferroni bounds,,,,,0.00011691993531204314,0.016416253491680854
313,1.0,test,state_UT,evaluation,standard_c5:E8,standard_c5,5.0,8.0,7.998197999765249,0.8753749251886058,0.874121219347587,0.001253705841018804,0.0009631198016961885,0.007982485381205159,1089,0.004141300994800855,0.8501883855907589,True,0.05,36,paired cluster influence sandwich; asymptotic Bonferroni bounds,,,,,0.00011691993531204314,0.0011367859057067609
313,1.0,test,state_UT,evaluation,auto_s:E2,auto_s,1.0,2.0,1.9909995955023065,0.8753749251886058,0.8480862753360291,0.02728864985257673,0.0048742164401025636,0.008880899160810337,1089,0.04190237054042609,0.8214598459626328,True,0.05,36,paired cluster influence sandwich; asymptotic Bonferroni bounds,,,,,0.023998684940133685,0.003289964912443044
313,1.0,test,state_UT,evaluation,auto_s:E8,auto_s,1.0,8.0,7.998197999765249,0.8753749251886058,0.8504154130572942,0.024959512131311645,0.004747950290561747,0.008817070136196332,1089,0.03919466566597958,0.8239803538351723,True,0.05,36,paired cluster influence sandwich; asymptotic Bonferroni bounds,,,,,0.023998684940133685,0.0009608271911779598
314,1.0,validation,source,sandwich,standard_c1:E2,standard_c1,1.0,2.0,1.9909995955023065,0.8591345113895406,0.8308904890264397,0.028244022363100862,0.004664371568461521,0.009044231062637074,1145,0.042227025191853576,0.8037774027989503,True,0.05,36,paired cluster influence sandwich; asymptotic Bonferroni bounds,,,,,,
314,1.0,validation,source,concentration,standard_c1:E2,standard_c1,1.0,2.0,1.9909995955023065,0.8591345113895406,0.8308904890264397,0.028244022363100862,,,1145,0.2688468047730863,0.710589097821447,,0.05,36,cluster bounded differences plus within-pair bias; assumption-dependent sensitivity,0.12030139120499272,0.24060278240998545,0.000453418526098604,False,,
314,1.0,validation,source,sandwich,standard_c1:E8,standard_c1,1.0,8.0,7.998197999765249,0.8591345113895406,0.831165036023894,0.027969475365646534,0.004601529135434602,0.009023863988575102,1145,0.04176408713123381,0.804113006864874,True,0.05,36,paired cluster influence sandwich; asymptotic Bonferroni bounds,,,,,,
314,1.0,validation,source,concentration,standard_c1:E8,standard_c1,1.0,8.0,7.998197999765249,0.8591345113895406,0.831165036023894,0.027969475365646534,,,1145,0.268572257775632,0.7108636448189013,,0.05,36,cluster bounded differences plus within-pair bias; assumption-dependent sensitivity,0.12030139120499272,0.24060278240998545,0.000453418526098604,False,,
314,1.0,validation,source,sandwich,standard_c5:E2,standard_c5,5.0,2.0,1.9909995955023065,0.8591345113895406,0.8506412336311752,0.008493277758365392,0.0027925126926132307,0.00849896019705358,1145,0.016864761956614634,0.8251627779094208,True,0.05,36,paired cluster influence sandwich; asymptotic Bonferroni bounds,,,,,,
314,1.0,validation,source,concentration,standard_c5:E2,standard_c5,5.0,2.0,1.9909995955023065,0.8591345113895406,0.8506412336311752,0.008493277758365392,,,1145,0.24909606016835084,0.7303398424261824,,0.05,36,cluster bounded differences plus within-pair bias; assumption-dependent sensitivity,0.12030139120499272,0.24060278240998545,0.000453418526098604,False,,
314,1.0,validation,source,sandwich,standard_c5:E8,standard_c5,5.0,8.0,7.998197999765249,0.8591345113895406,0.8587788482337477,0.00035566315579282914,0.001062686357783847,0.00826427798101179,1145,0.003541418434690918,0.8340039303932717,True,0.05,36,paired cluster influence sandwich; asymptotic Bonferroni bounds,,,,,,
314,1.0,validation,source,concentration,standard_c5:E8,standard_c5,5.0,8.0,7.998197999765249,0.8591345113895406,0.8587788482337477,0.00035566315579282914,,,1145,0.24095844556577828,0.738477457028755,,0.05,36,cluster bounded differences plus within-pair bias; assumption-dependent sensitivity,0.12030139120499272,0.24060278240998545,0.000453418526098604,False,,
314,1.0,validation,source,sandwich,auto_s:E2,auto_s,1.0,2.0,1.9909995955023065,0.8591345113895406,0.8147650127289972,0.044369498660543405,0.0059266006023198,0.0094804341540033,1145,0.062136452208469986,0.7863442628707356,True,0.05,36,paired cluster influence sandwich; asymptotic Bonferroni bounds,,,,,,
314,1.0,validation,source,concentration,auto_s:E2,auto_s,1.0,2.0,1.9909995955023065,0.8591345113895406,0.8147650127289972,0.044369498660543405,,,1145,0.28497228107052885,0.6944636215240044,,0.05,36,cluster bounded differences plus within-pair bias; assumption-dependent sensitivity,0.12030139120499272,0.24060278240998545,0.000453418526098604,False,,
314,1.0,validation,source,sandwich,auto_s:E8,auto_s,1.0,8.0,7.998197999765249,0.8591345113895406,0.8148097306111584,0.0443247807783822,0.005900728165428426,0.009464557908448275,1145,0.062014173104410215,0.7864365750714984,True,0.05,36,paired cluster influence sandwich; asymptotic Bonferroni bounds,,,,,,
314,1.0,validation,source,concentration,auto_s:E8,auto_s,1.0,8.0,7.998197999765249,0.8591345113895406,0.8148097306111584,0.0443247807783822,,,1145,0.28492756318836765,0.6945083394061656,,0.05,36,cluster bounded differences plus within-pair bias; assumption-dependent sensitivity,0.12030139120499272,0.24060278240998545,0.000453418526098604,False,,
314,1.0,validation,state_OR,sandwich,standard_c1:E2,standard_c1,1.0,2.0,1.9909995955023065,0.8352326685660018,0.8131928464460517,0.022039822119950037,0.005408238782404252,0.010011640693891474,1206,0.038251026636565155,0.7831829372379768,True,0.05,36,paired cluster influence sandwich; asymptotic Bonferroni bounds,,,,,,
314,1.0,validation,state_OR,concentration,standard_c1:E2,standard_c1,1.0,2.0,1.9909995955023065,0.8352326685660018,0.8131928464460517,0.022039822119950037,,,1206,0.2600788828018771,0.6941733161050883,,0.05,36,cluster bounded differences plus within-pair bias; assumption-dependent sensitivity,0.11901953034096352,0.23803906068192704,0.0004462981225801739,False,,
314,1.0,validation,state_OR,sandwich,standard_c1:E8,standard_c1,1.0,8.0,7.998197999765249,0.8352326685660018,0.8140911498283293,0.02114151873767245,0.005375344167656146,0.009988770255016547,1206,0.03725412159326036,0.7841497947978533,True,0.05,36,paired cluster influence sandwich; asymptotic Bonferroni bounds,,,,,,
314,1.0,validation,state_OR,concentration,standard_c1:E8,standard_c1,1.0,8.0,7.998197999765249,0.8352326685660018,0.8140911498283293,0.02114151873767245,,,1206,0.2591805794195995,0.6950716194873658,,0.05,36,cluster bounded differences plus within-pair bias; assumption-dependent sensitivity,0.11901953034096352,0.23803906068192704,0.0004462981225801739,False,,
314,1.0,validation,state_OR,sandwich,standard_c5:E2,standard_c5,5.0,2.0,1.9909995955023065,0.8352326685660018,0.8173624808240193,0.017870187741982457,0.0036137069289089107,0.00982963529788627,1206,0.028702280118940784,0.7878981330854874,True,0.05,36,paired cluster influence sandwich; asymptotic Bonferroni bounds,,,,,,
314,1.0,validation,state_OR,concentration,standard_c5:E2,standard_c5,5.0,2.0,1.9909995955023065,0.8352326685660018,0.8173624808240193,0.017870187741982457,,,1206,0.2559092484239095,0.6983429504830558,,0.05,36,cluster bounded differences plus within-pair bias; assumption-dependent sensitivity,0.11901953034096352,0.23803906068192704,0.0004462981225801739,False,,
314,1.0,validation,state_OR,sandwich,standard_c5:E8,standard_c5,5.0,8.0,7.998197999765249,0.8352326685660018,0.8326884268390679,0.0025442417269339046,0.0013096052995703806,0.009418916095946105,1206,0.0064697857351702515,0.8044552105740973,True,0.05,36,paired cluster influence sandwich; asymptotic Bonferroni bounds,,,,,,
314,1.0,validation,state_OR,concentration,standard_c5:E8,standard_c5,5.0,8.0,7.998197999765249,0.8352326685660018,0.8326884268390679,0.0025442417269339046,,,1206,0.24058330240886094,0.7136688964981044,,0.05,36,cluster bounded differences plus within-pair bias; assumption-dependent sensitivity,0.11901953034096352,0.23803906068192704,0.0004462981225801739,False,,
314,1.0,validation,state_OR,sandwich,auto_s:E2,auto_s,1.0,2.0,1.9909995955023065,0.8352326685660018,0.7990596920885382,0.036172976477463537,0.006857005101416688,0.010360907502792232,1206,0.05672686038366237,0.7680028550546474,True,0.05,36,paired cluster influence sandwich; asymptotic Bonferroni bounds,,,,,,
314,1.0,validation,state_OR,concentration,auto_s:E2,auto_s,1.0,2.0,1.9909995955023065,0.8352326685660018,0.7990596920885382,0.036172976477463537,,,1206,0.2742120371593906,0.6800401617475748,,0.05,36,cluster bounded differences plus within-pair bias; assumption-dependent sensitivity,0.11901953034096352,0.23803906068192704,0.0004462981225801739,False,,
314,1.0,validation,state_OR,sandwich,auto_s:E8,auto_s,1.0,8.0,7.998197999765249,0.8352326685660018,0.7993918474687707,0.03584082109723108,0.006855361635556278,0.010342989465456559,1206,0.056389778711849387,0.7683887197808373,True,0.05,36,paired cluster influence sandwich; asymptotic Bonferroni bounds,,,,,,
314,1.0,validation,state_OR,concentration,auto_s:E8,auto_s,1.0,8.0,7.998197999765249,0.8352326685660018,0.7993918474687707,0.03584082109723108,,,1206,0.2738798817791581,0.6803723171278072,,0.05,36,cluster bounded differences plus within-pair bias; assumption-dependent sensitivity,0.11901953034096352,0.23803906068192704,0.0004462981225801739,False,,
314,1.0,validation,state_WA,sandwich,standard_c1:E2,standard_c1,1.0,2.0,1.9909995955023065,0.8564839734618614,0.8257196639978838,0.03076430946397768,0.005087998951977818,0.00914890632970915,1193,0.046015938462803545,0.7982951840790165,True,0.05,36,paired cluster influence sandwich; asymptotic Bonferroni bounds,,,,,,
314,1.0,validation,state_WA,concentration,standard_c1:E2,standard_c1,1.0,2.0,1.9909995955023065,0.8564839734618614,0.8257196639978838,0.03076430946397768,,,1193,0.2617569262407607,0.7102233556094922,,0.05,36,cluster bounded differences plus within-pair bias; assumption-dependent sensitivity,0.11549630838839152,0.23099261677678304,0.00042343730615952615,False,,
314,1.0,validation,state_WA,sandwich,standard_c1:E8,standard_c1,1.0,8.0,7.998197999765249,0.8564839734618614,0.8271212107231141,0.029362762738747383,0.004939990520980895,0.009078722883533742,1193,0.04417072622200039,0.799907110541552,True,0.05,36,paired cluster influence sandwich; asymptotic Bonferroni bounds,,,,,,
314,1.0,validation,state_WA,concentration,standard_c1:E8,standard_c1,1.0,8.0,7.998197999765249,0.8564839734618614,0.8271212107231141,0.029362762738747383,,,1193,0.2603553795155304,0.7116249023347225,,0.05,36,cluster bounded differences plus within-pair bias; assumption-dependent sensitivity,0.11549630838839152,0.23099261677678304,0.00042343730615952615,False,,
314,1.0,validation,state_WA,sandwich,standard_c5:E2,standard_c5,5.0,2.0,1.9909995955023065,0.8564839734618614,0.8353028807065355,0.02118109275532598,0.004010848495713793,0.009112007029755767,1193,0.033203888711945954,0.807989008993078,True,0.05,36,paired cluster influence sandwich; asymptotic Bonferroni bounds,,,,,,
314,1.0,validation,state_WA,concentration,standard_c5:E2,standard_c5,5.0,2.0,1.9909995955023065,0.8564839734618614,0.8353028807065355,0.02118109275532598,,,1193,0.252173709532109,0.7198065723181439,,0.05,36,cluster bounded differences plus within-pair bias; assumption-dependent sensitivity,0.11549630838839152,0.23099261677678304,0.00042343730615952615,False,,
314,1.0,validation,state_WA,sandwich,standard_c5:E8,standard_c5,5.0,8.0,7.998197999765249,0.8564839734618614,0.853944374896832,0.0025395985650294994,0.0013888530090285893,0.008554921415993904,1193,0.00670278158207257,0.8283004058665062,True,0.05,36,paired cluster influence sandwich; asymptotic Bonferroni bounds,,,,,,
314,1.0,validation,state_WA,concentration,standard_c5:E8,standard_c5,5.0,8.0,7.998197999765249,0.8564839734618614,0.853944374896832,0.0025395985650294994,,,1193,0.23353221534181254,0.7384480665084404,,0.05,36,cluster bounded differences plus within-pair bias; assumption-dependent sensitivity,0.11549630838839152,0.23099261677678304,0.00042343730615952615,False,,
314,1.0,validation,state_WA,sandwich,auto_s:E2,auto_s,1.0,2.0,1.9909995955023065,0.8564839734618614,0.8094916599255036,0.0469923135363578,0.006313322603440934,0.009472493348772572,1193,0.06591693498506174,0.7810972055215447,True,0.05,36,paired cluster influence sandwich; asymptotic Bonferroni bounds,,,,,,
314,1.0,validation,state_WA,concentration,auto_s:E2,auto_s,1.0,2.0,1.9909995955023065,0.8564839734618614,0.8094916599255036,0.0469923135363578,,,1193,0.2779849303131408,0.6939953515371121,,0.05,36,cluster bounded differences plus within-pair bias; assumption-dependent sensitivity,0.11549630838839152,0.23099261677678304,0.00042343730615952615,False,,
314,1.0,validation,state_WA,sandwich,auto_s:E8,auto_s,1.0,8.0,7.998197999765249,0.8564839734618614,0.8099909673543165,0.04649300610754492,0.006244939312344046,0.009437447361019983,1193,0.06521264390838018,0.7817015657241779,True,0.05,36,paired cluster influence sandwich; asymptotic Bonferroni bounds,,,,,,
314,1.0,validation,state_WA,concentration,auto_s:E8,auto_s,1.0,8.0,7.998197999765249,0.8564839734618614,0.8099909673543165,0.04649300610754492,,,1193,0.27748562288432793,0.694494658965925,,0.05,36,cluster bounded differences plus within-pair bias; assumption-dependent sensitivity,0.11549630838839152,0.23099261677678304,0.00042343730615952615,False,,
314,1.0,test,source,evaluation,standard_c1:E2,standard_c1,1.0,2.0,1.9909995955023065,0.8406851432632219,0.8158944361937834,0.024790707069438422,0.00500229728187817,0.009525834768071086,1186,0.03978562451343026,0.7873397346469968,True,0.05,36,paired cluster influence sandwich; asymptotic Bonferroni bounds,,,,,0.02368445564999322,0.0011062514194452033
314,1.0,test,source,evaluation,standard_c1:E8,standard_c1,1.0,8.0,7.998197999765249,0.8406851432632219,0.8168018344725524,0.023883308790669466,0.004924838663461183,0.009498419866744894,1186,0.03864603579833996,0.7883293120044884,True,0.05,36,paired cluster influence sandwich; asymptotic Bonferroni bounds,,,,,0.02368445564999322,0.00019885314067624726
314,1.0,test,source,evaluation,standard_c5:E2,standard_c5,5.0,2.0,1.9909995955023065,0.8406851432632219,0.8302265146591397,0.010458628604082199,0.0027784584647826396,0.009244102011805696,1186,0.01878735297876255,0.8025163369747736,True,0.05,36,paired cluster influence sandwich; asymptotic Bonferroni bounds,,,,,0.00015698932158636492,0.010301639282495834
314,1.0,test,source,evaluation,standard_c5:E8,standard_c5,5.0,8.0,7.998197999765249,0.8406851432632219,0.839537028024687,0.0011481152385348636,0.0010946369030710422,0.008957293239640526,1186,0.004429405627284881,0.8126865900995731,True,0.05,36,paired cluster influence sandwich; asymptotic Bonferroni bounds,,,,,0.00015698932158636492,0.0009911259169484987
314,1.0,test,source,evaluation,auto_s:E2,auto_s,1.0,2.0,1.9909995955023065,0.8406851432632219,0.8013404794872518,0.03934466377597001,0.006441920318966133,0.009900401465323144,1186,0.05865500418968542,0.7716629744791614,True,0.05,36,paired cluster influence sandwich; asymptotic Bonferroni bounds,,,,,0.038957946747128824,0.0003867170288411881
314,1.0,test,source,evaluation,auto_s:E8,auto_s,1.0,8.0,7.998197999765249,0.8406851432632219,0.8016125943113348,0.039072548951887054,0.006417672266015806,0.009896293338628999,1186,0.05831020325126757,0.7719474038493733,True,0.05,36,paired cluster influence sandwich; asymptotic Bonferroni bounds,,,,,0.038957946747128824,0.00011460220475822958
314,1.0,test,state_CO,evaluation,standard_c1:E2,standard_c1,1.0,2.0,1.9909995955023065,0.8433331831880592,0.8218494894886087,0.021483693699450468,0.004970454689068209,0.009155858502928747,1187,0.03638313317681188,0.7944038797483768,True,0.05,36,paired cluster influence sandwich; asymptotic Bonferroni bounds,,,,,0.019800320752206946,0.0016833729472435222
314,1.0,test,state_CO,evaluation,standard_c1:E8,standard_c1,1.0,8.0,7.998197999765249,0.8433331831880592,0.8232887890713795,0.020044394116679687,0.004883829386617591,0.00911873971482692,1187,0.034684165508964346,0.7959544466439776,True,0.05,36,paired cluster influence sandwich; asymptotic Bonferroni bounds,,,,,0.019800320752206946,0.00024407336447274108
314,1.0,test,state_CO,evaluation,standard_c5:E2,standard_c5,5.0,2.0,1.9909995955023065,0.8433331831880592,0.8318826855612274,0.011450497626831813,0.002867700802631035,0.008932860640495302,1187,0.020046720149884678,0.8051055344153804,True,0.05,36,paired cluster influence sandwich; asymptotic Bonferroni bounds,,,,,-3.3520805421072275e-05,0.011484018432252885
314,1.0,test,state_CO,evaluation,standard_c5:E8,standard_c5,5.0,8.0,7.998197999765249,0.8433331831880592,0.8417042815496248,0.0016289016384343213,0.0012260121143453343,0.008658439140858417,1187,0.0053039966627136045,0.8157497365396146,True,0.05,36,paired cluster influence sandwich; asymptotic Bonferroni bounds,,,,,-3.3520805421072275e-05,0.0016624224438553936
314,1.0,test,state_CO,evaluation,auto_s:E2,auto_s,1.0,2.0,1.9909995955023065,0.8433331831880592,0.8097961411267808,0.03353704206127839,0.0062760234996974236,0.009469139110680477,1187,0.05235005578774886,0.7814114411530348,True,0.05,36,paired cluster influence sandwich; asymptotic Bonferroni bounds,,,,,0.03250680105716253,0.0010302410041158616
314,1.0,test,state_CO,evaluation,auto_s:E8,auto_s,1.0,8.0,7.998197999765249,0.8433331831880592,0.8104958879399474,0.03283729524811174,0.006228610700210627,0.009454029444400625,1187,0.05150818432390197,0.7821564807155258,True,0.05,36,paired cluster influence sandwich; asymptotic Bonferroni bounds,,,,,0.03250680105716253,0.0003304941909492154
314,1.0,test,state_UT,evaluation,standard_c1:E2,standard_c1,1.0,2.0,1.9909995955023065,0.8659498686299582,0.8512357214112092,0.014714147218748974,0.004442889849494623,0.008892005881014325,1147,0.02803313441587255,0.8245790820395513,True,0.05,36,paired cluster influence sandwich; asymptotic Bonferroni bounds,,,,,0.016272556540635863,-0.0015584093218868889
314,1.0,test,state_UT,evaluation,standard_c1:E8,standard_c1,1.0,8.0,7.998197999765249,0.8659498686299582,0.8503517251392149,0.015598143490743288,0.0043677318342492605,0.008893853219259404,1147,0.028691820433342306,0.8236895477787101,True,0.05,36,paired cluster influence sandwich; asymptotic Bonferroni bounds,,,,,0.016272556540635863,-0.0006744130498925749
314,1.0,test,state_UT,evaluation,standard_c5:E2,standard_c5,5.0,2.0,1.9909995955023065,0.8659498686299582,0.8593181403060148,0.00663172832394332,0.0028549915142132786,0.008601845027309082,1147,0.015190481008308993,0.8335313511504379,True,0.05,36,paired cluster influence sandwich; asymptotic Bonferroni bounds,,,,,-8.43016312362943e-05,0.006716029955179614
314,1.0,test,state_UT,evaluation,standard_c5:E8,standard_c5,5.0,8.0,7.998197999765249,0.8659498686299582,0.8665856434322005,-0.000635774802242306,0.001294541965668135,0.008447837076347732,1147,0.0032450299106709223,0.8412605425013142,True,0.05,36,paired cluster influence sandwich; asymptotic Bonferroni bounds,,,,,-8.43016312362943e-05,-0.0005514731710060117
314,1.0,test,state_UT,evaluation,auto_s:E2,auto_s,1.0,2.0,1.9909995955023065,0.8659498686299582,0.842584266505557,0.023365602124401197,0.005529379387113751,0.009078319989621617,1147,0.03994169015714507,0.8153690908408001,True,0.05,36,paired cluster influence sandwich; asymptotic Bonferroni bounds,,,,,0.025041097045228056,-0.0016754949208268588
314,1.0,test,state_UT,evaluation,auto_s:E8,auto_s,1.0,8.0,7.998197999765249,0.8659498686299582,0.8415170312712218,0.02443283735873636,0.005498085552222508,0.00908238079589074,1147,0.04091511208518978,0.8142896820373375,True,0.05,36,paired cluster influence sandwich; asymptotic Bonferroni bounds,,,,,0.025041097045228056,-0.0006082596864916967
315,1.0,validation,source,sandwich,standard_c1:E2,standard_c1,1.0,2.0,1.9909995955023065,0.8458506207054888,0.8147743485462208,0.031076272159268004,0.004464098445005745,0.009611224407549749,1147,0.044458838923216476,0.785961620981661,True,0.05,36,paired cluster influence sandwich; asymptotic Bonferroni bounds,,,,,,
315,1.0,validation,source,concentration,standard_c1:E2,standard_c1,1.0,2.0,1.9909995955023065,0.8458506207054888,0.8147743485462208,0.031076272159268004,,,1147,0.26824278674603064,0.6961910912528394,,0.05,36,cluster bounded differences plus within-pair bias; assumption-dependent sensitivity,0.1185832572933813,0.2371665145867626,0.00042227652142540873,False,,
315,1.0,validation,source,sandwich,standard_c1:E8,standard_c1,1.0,8.0,7.998197999765249,0.8458506207054888,0.8136079633972352,0.0322426573082536,0.004449702237766249,0.009625811112753915,1147,0.045582066824013306,0.7847515075057432,True,0.05,36,paired cluster influence sandwich; asymptotic Bonferroni bounds,,,,,,
315,1.0,validation,source,concentration,standard_c1:E8,standard_c1,1.0,8.0,7.998197999765249,0.8458506207054888,0.8136079633972352,0.0322426573082536,,,1147,0.26940917189501623,0.6950247061038538,,0.05,36,cluster bounded differences plus within-pair bias; assumption-dependent sensitivity,0.1185832572933813,0.2371665145867626,0.00042227652142540873,False,,
315,1.0,validation,source,sandwich,standard_c5:E2,standard_c5,5.0,2.0,1.9909995955023065,0.8458506207054888,0.8389445546827595,0.006906066022729251,0.002870857850334897,0.008918169475666177,1147,0.01551238313809092,0.8122094815452413,True,0.05,36,paired cluster influence sandwich; asymptotic Bonferroni bounds,,,,,,
315,1.0,validation,source,concentration,standard_c5:E2,standard_c5,5.0,2.0,1.9909995955023065,0.8458506207054888,0.8389445546827595,0.006906066022729251,,,1147,0.24407258060949186,0.7203612973893782,,0.05,36,cluster bounded differences plus within-pair bias; assumption-dependent sensitivity,0.1185832572933813,0.2371665145867626,0.00042227652142540873,False,,
315,1.0,validation,source,sandwich,standard_c5:E8,standard_c5,5.0,8.0,7.998197999765249,0.8458506207054888,0.845541087915512,0.00030953278997680744,0.0009131041555582886,0.008741580083187608,1147,0.0030468553366756767,0.8193353981156962,True,0.05,36,paired cluster influence sandwich; asymptotic Bonferroni bounds,,,,,,
315,1.0,validation,source,concentration,standard_c5:E8,standard_c5,5.0,8.0,7.998197999765249,0.8458506207054888,0.845541087915512,0.00030953278997680744,,,1147,0.2374760473767394,0.7269578306221306,,0.05,36,cluster bounded differences plus within-pair bias; assumption-dependent sensitivity,0.1185832572933813,0.2371665145867626,0.00042227652142540873,False,,
315,1.0,validation,source,sandwich,auto_s:E2,auto_s,1.0,2.0,1.9909995955023065,0.8458506207054888,0.8011451688286132,0.04470545187687558,0.005607719339972566,0.00995131419279738,1147,0.06151638904261529,0.7713129130630333,True,0.05,36,paired cluster influence sandwich; asymptotic Bonferroni bounds,,,,,,
315,1.0,validation,source,concentration,auto_s:E2,auto_s,1.0,2.0,1.9909995955023065,0.8458506207054888,0.8011451688286132,0.04470545187687558,,,1147,0.2818719664636382,0.6825619115352318,,0.05,36,cluster bounded differences plus within-pair bias; assumption-dependent sensitivity,0.1185832572933813,0.2371665145867626,0.00042227652142540873,False,,
315,1.0,validation,source,sandwich,auto_s:E8,auto_s,1.0,8.0,7.998197999765249,0.8458506207054888,0.8000664163072534,0.045784204398235384,0.005631381093218589,0.009957964466147507,1147,0.06266607525785929,0.7702142242145062,True,0.05,36,paired cluster influence sandwich; asymptotic Bonferroni bounds,,,,,,
315,1.0,validation,source,concentration,auto_s:E8,auto_s,1.0,8.0,7.998197999765249,0.8458506207054888,0.8000664163072534,0.045784204398235384,,,1147,0.282950718984998,0.681483159013872,,0.05,36,cluster bounded differences plus within-pair bias; assumption-dependent sensitivity,0.1185832572933813,0.2371665145867626,0.00042227652142540873,False,,
315,1.0,validation,state_OR,sandwich,standard_c1:E2,standard_c1,1.0,2.0,1.9909995955023065,0.819676923076923,0.8058802197802198,0.013796703296703128,0.005377216854470704,0.010033758382195423,1217,0.029914618088128148,0.775804575256508,True,0.05,36,paired cluster influence sandwich; asymptotic Bonferroni bounds,,,,,,
315,1.0,validation,state_OR,concentration,standard_c1:E2,standard_c1,1.0,2.0,1.9909995955023065,0.819676923076923,0.8058802197802198,0.013796703296703128,,,1217,0.24781145742799268,0.688872842714575,,0.05,36,cluster bounded differences plus within-pair bias; assumption-dependent sensitivity,0.11700737706564478,0.23401475413128955,0.0004527472527472528,False,,
315,1.0,validation,state_OR,sandwich,standard_c1:E8,standard_c1,1.0,8.0,7.998197999765249,0.819676923076923,0.8057494505494505,0.013927472527472506,0.005348175578625496,0.010051045633053948,1217,0.02995833767552706,0.7756219884323895,True,0.05,36,paired cluster influence sandwich; asymptotic Bonferroni bounds,,,,,,
315,1.0,validation,state_OR,concentration,standard_c1:E8,standard_c1,1.0,8.0,7.998197999765249,0.819676923076923,0.8057494505494505,0.013927472527472506,,,1217,0.24794222665876206,0.6887420734838057,,0.05,36,cluster bounded differences plus within-pair bias; assumption-dependent sensitivity,0.11700737706564478,0.23401475413128955,0.0004527472527472528,False,,
315,1.0,validation,state_OR,sandwich,standard_c5:E2,standard_c5,5.0,2.0,1.9909995955023065,0.819676923076923,0.811823076923077,0.00785384615384599,0.0030693631294231266,0.0097041344674267,1217,0.01705409504149351,0.7827354621395162,True,0.05,36,paired cluster influence sandwich; asymptotic Bonferroni bounds,,,,,,
315,1.0,validation,state_OR,concentration,standard_c5:E2,standard_c5,5.0,2.0,1.9909995955023065,0.819676923076923,0.811823076923077,0.00785384615384599,,,1217,0.24186860028513554,0.6948156998574322,,0.05,36,cluster bounded differences plus within-pair bias; assumption-dependent sensitivity,0.11700737706564478,0.23401475413128955,0.0004527472527472528,False,,
315,1.0,validation,state_OR,sandwich,standard_c5:E8,standard_c5,5.0,8.0,7.998197999765249,0.819676923076923,0.8189736263736263,0.0007032967032967186,0.0009757094816875457,0.009649025321862868,1217,0.003627932758089664,0.790051198253811,True,0.05,36,paired cluster influence sandwich; asymptotic Bonferroni bounds,,,,,,
315,1.0,validation,state_OR,concentration,standard_c5:E8,standard_c5,5.0,8.0,7.998197999765249,0.819676923076923,0.8189736263736263,0.0007032967032967186,,,1217,0.23471805083458627,0.7019662493079815,,0.05,36,cluster bounded differences plus within-pair bias; assumption-dependent sensitivity,0.11700737706564478,0.23401475413128955,0.0004527472527472528,False,,
315,1.0,validation,state_OR,sandwich,auto_s:E2,auto_s,1.0,2.0,1.9909995955023065,0.819676923076923,0.7941120879120878,0.02556483516483521,0.006704444908923245,0.010368168506399128,1217,0.04566104379662657,0.7630340672459996,True,0.05,36,paired cluster influence sandwich; asymptotic Bonferroni bounds,,,,,,
315,1.0,validation,state_OR,concentration,auto_s:E2,auto_s,1.0,2.0,1.9909995955023065,0.819676923076923,0.7941120879120878,0.02556483516483521,,,1217,0.25957958929612474,0.677104710846443,,0.05,36,cluster bounded differences plus within-pair bias; assumption-dependent sensitivity,0.11700737706564478,0.23401475413128955,0.0004527472527472528,False,,
315,1.0,validation,state_OR,sandwich,auto_s:E8,auto_s,1.0,8.0,7.998197999765249,0.819676923076923,0.7933197802197802,0.026357142857142746,0.006705344445704031,0.010398515485397273,1217,0.0464560478014647,0.7621507961362018,True,0.05,36,paired cluster influence sandwich; asymptotic Bonferroni bounds,,,,,,
315,1.0,validation,state_OR,concentration,auto_s:E8,auto_s,1.0,8.0,7.998197999765249,0.819676923076923,0.7933197802197802,0.026357142857142746,,,1217,0.26037189698843227,0.6763124031541354,,0.05,36,cluster bounded differences plus within-pair bias; assumption-dependent sensitivity,0.11700737706564478,0.23401475413128955,0.0004527472527472528,False,,
315,1.0,validation,state_WA,sandwich,standard_c1:E2,standard_c1,1.0,2.0,1.9909995955023065,0.8351886321004106,0.8143849371605705,0.020803694939840134,0.004775980736141695,0.009853639250044283,1203,0.035119778810241926,0.7848484851257413,True,0.05,36,paired cluster influence sandwich; asymptotic Bonferroni bounds,,,,,,
315,1.0,validation,state_WA,concentration,standard_c1:E2,standard_c1,1.0,2.0,1.9909995955023065,0.8351886321004106,0.8143849371605705,0.020803694939840134,,,1203,0.2516256764621623,0.6989739463994094,,0.05,36,cluster bounded differences plus within-pair bias; assumption-dependent sensitivity,0.11541099076116107,0.23082198152232214,0.00042834484035877496,False,,
315,1.0,validation,state_WA,sandwich,standard_c1:E8,standard_c1,1.0,8.0,7.998197999765249,0.8351886321004106,0.8134387503091015,0.0217498817913091,0.004736187248811205,0.00985346735243544,1203,0.03594668400343116,0.7839028135402923,True,0.05,36,paired cluster influence sandwich; asymptotic Bonferroni bounds,,,,,,
315,1.0,validation,state_WA,concentration,standard_c1:E8,standard_c1,1.0,8.0,7.998197999765249,0.8351886321004106,0.8134387503091015,0.0217498817913091,,,1203,0.25257186331363124,0.6980277595479404,,0.05,36,cluster bounded differences plus within-pair bias; assumption-dependent sensitivity,0.11541099076116107,0.23082198152232214,0.00042834484035877496,False,,
315,1.0,validation,state_WA,sandwich,standard_c5:E2,standard_c5,5.0,2.0,1.9909995955023065,0.8351886321004106,0.8327116815018141,0.002476950598596539,0.003266645972466213,0.009443818342513857,1203,0.01226877772278138,0.8044036746404866,True,0.05,36,paired cluster influence sandwich; asymptotic Bonferroni bounds,,,,,,
315,1.0,validation,state_WA,concentration,standard_c5:E2,standard_c5,5.0,2.0,1.9909995955023065,0.8351886321004106,0.8327116815018141,0.002476950598596539,,,1203,0.23329893212091868,0.717300690740653,,0.05,36,cluster bounded differences plus within-pair bias; assumption-dependent sensitivity,0.11541099076116107,0.23082198152232214,0.00042834484035877496,False,,
315,1.0,validation,state_WA,sandwich,standard_c5:E8,standard_c5,5.0,8.0,7.998197999765249,0.8351886321004106,0.8380742692012818,-0.0028856371008711967,0.0012075522964937631,0.009259965602376477,1203,0.0007340215429923365,0.8103173640702632,True,0.05,36,paired cluster influence sandwich; asymptotic Bonferroni bounds,,,,,,
315,1.0,validation,state_WA,concentration,standard_c5:E8,standard_c5,5.0,8.0,7.998197999765249,0.8351886321004106,0.8380742692012818,-0.0028856371008711967,,,1203,0.22793634442145094,0.7226632784401207,,0.05,36,cluster bounded differences plus within-pair bias; assumption-dependent sensitivity,0.11541099076116107,0.23082198152232214,0.00042834484035877496,False,,
315,1.0,validation,state_WA,sandwich,auto_s:E2,auto_s,1.0,2.0,1.9909995955023065,0.8351886321004106,0.8021088223517374,0.033079809748673195,0.005864344535040814,0.010160985599137624,1203,0.050658282704659156,0.771651094383447,True,0.05,36,paired cluster influence sandwich; asymptotic Bonferroni bounds,,,,,,
315,1.0,validation,state_WA,concentration,auto_s:E2,auto_s,1.0,2.0,1.9909995955023065,0.8351886321004106,0.8021088223517374,0.033079809748673195,,,1203,0.26390179127099533,0.6866978315905763,,0.05,36,cluster bounded differences plus within-pair bias; assumption-dependent sensitivity,0.11541099076116107,0.23082198152232214,0.00042834484035877496,False,,
315,1.0,validation,state_WA,sandwich,auto_s:E8,auto_s,1.0,8.0,7.998197999765249,0.8351886321004106,0.80093242601481,0.03425620608560065,0.0058744814762834805,0.01016467651173273,1203,0.0518650646961855,0.770463634472944,True,0.05,36,paired cluster influence sandwich; asymptotic Bonferroni bounds,,,,,,
315,1.0,validation,state_WA,concentration,auto_s:E8,auto_s,1.0,8.0,7.998197999765249,0.8351886321004106,0.80093242601481,0.03425620608560065,,,1203,0.2650781876079228,0.6855214352536488,,0.05,36,cluster bounded differences plus within-pair bias; assumption-dependent sensitivity,0.11541099076116107,0.23082198152232214,0.00042834484035877496,False,,
315,1.0,test,source,evaluation,standard_c1:E2,standard_c1,1.0,2.0,1.9909995955023065,0.8620680074420443,0.8344587641596418,0.02760924328240244,0.004333716037233396,0.009251357994468525,1131,0.04060134691080674,0.8067239977986385,True,0.05,36,paired cluster influence sandwich; asymptotic Bonferroni bounds,,,,,0.027504280821917804,0.00010496246048463664
315,1.0,test,source,evaluation,standard_c1:E8,standard_c1,1.0,8.0,7.998197999765249,0.8620680074420443,0.8346944151738673,0.027373592268176927,0.004309083065332293,0.00924197375665745,1131,0.04029184838999217,0.806987781941354,True,0.05,36,paired cluster influence sandwich; asymptotic Bonferroni bounds,,,,,0.027504280821917804,-0.0001306885537408764
315,1.0,test,source,evaluation,standard_c5:E2,standard_c5,5.0,2.0,1.9909995955023065,0.8620680074420443,0.849864063323235,0.012203944118809207,0.002880298209822671,0.00870279654277249,1131,0.02083882755399912,0.823773836467301,True,0.05,36,paired cluster influence sandwich; asymptotic Bonferroni bounds,,,,,0.0001378918598524681,0.012066052258956739
315,1.0,test,source,evaluation,standard_c5:E8,standard_c5,5.0,8.0,7.998197999765249,0.8620680074420443,0.8608671134088516,0.0012008940331926787,0.0008823736968903598,0.008389893385868763,1131,0.0038461736063084566,0.835714942993446,True,0.05,36,paired cluster influence sandwich; asymptotic Bonferroni bounds,,,,,0.0001378918598524681,0.0010630021733402106
315,1.0,test,source,evaluation,auto_s:E2,auto_s,1.0,2.0,1.9909995955023065,0.8620680074420443,0.822023799723393,0.04004420771865125,0.005454840819448645,0.009608761033203768,1131,0.05639734590164334,0.7932175701478041,True,0.05,36,paired cluster influence sandwich; asymptotic Bonferroni bounds,,,,,0.04090654636459434,-0.0008623386459430948
315,1.0,test,source,evaluation,auto_s:E8,auto_s,1.0,8.0,7.998197999765249,0.8620680074420443,0.8215216263830348,0.04054638105900943,0.005477512229401102,0.009624258850727273,1131,0.056967486156532535,0.7926689356988847,True,0.05,36,paired cluster influence sandwich; asymptotic Bonferroni bounds,,,,,0.04090654636459434,-0.0003601653055849141
315,1.0,test,state_CO,evaluation,standard_c1:E2,standard_c1,1.0,2.0,1.9909995955023065,0.8243731114041971,0.8052972503714586,0.019075861032738506,0.0050729666186392075,0.010141027460116574,1195,0.034282376334783676,0.774898925122457,True,0.05,36,paired cluster influence sandwich; asymptotic Bonferroni bounds,,,,,0.019730087313644784,-0.0006542262809062782
315,1.0,test,state_CO,evaluation,standard_c1:E8,standard_c1,1.0,8.0,7.998197999765249,0.8243731114041971,0.8049967445199419,0.01937636688425526,0.0050452461174251935,0.010129267036009306,1195,0.0344997883562834,0.7746336718327229,True,0.05,36,paired cluster influence sandwich; asymptotic Bonferroni bounds,,,,,0.019730087313644784,-0.00035372042938952575
315,1.0,test,state_CO,evaluation,standard_c5:E2,standard_c5,5.0,2.0,1.9909995955023065,0.8243731114041971,0.817746331324396,0.006626780079801109,0.0032938176272958746,0.00983974948288295,1195,0.01650019181635547,0.7882511045018927,True,0.05,36,paired cluster influence sandwich; asymptotic Bonferroni bounds,,,,,3.7563231439552425e-05,0.0065892168483615565
315,1.0,test,state_CO,evaluation,standard_c5:E8,standard_c5,5.0,8.0,7.998197999765249,0.8243731114041971,0.8257493864672198,-0.001376275063022736,0.001132372853905831,0.009697322100291077,1195,0.0020180790545997833,0.7966810940867561,True,0.05,36,paired cluster influence sandwich; asymptotic Bonferroni bounds,,,,,3.7563231439552425e-05,-0.0014138382944622885
315,1.0,test,state_CO,evaluation,auto_s:E2,auto_s,1.0,2.0,1.9909995955023065,0.8243731114041971,0.793823770012855,0.030549341391342133,0.006285573560210123,0.010369714109259964,1195,0.04939071719978477,0.7627399431055544,True,0.05,36,paired cluster influence sandwich; asymptotic Bonferroni bounds,,,,,0.031613632948797155,-0.0010642915574550216
315,1.0,test,state_CO,evaluation,auto_s:E8,auto_s,1.0,8.0,7.998197999765249,0.8243731114041971,0.7932269320022038,0.031146179401993268,0.006306131626677365,0.010367776632342516,1195,0.05004917922175227,0.7621489127957235,True,0.05,36,paired cluster influence sandwich; asymptotic Bonferroni bounds,,,,,0.031613632948797155,-0.0004674535468038865
315,1.0,test,state_UT,evaluation,standard_c1:E2,standard_c1,1.0,2.0,1.9909995955023065,0.8641760168302947,0.8505236091631603,0.01365240766713438,0.004251208665073436,0.008864758941381702,1115,0.026397564997467288,0.8239469914752037,True,0.05,36,paired cluster influence sandwich; asymptotic Bonferroni bounds,,,,,0.014409770920991383,-0.0007573632538570019
315,1.0,test,state_UT,evaluation,standard_c1:E8,standard_c1,1.0,8.0,7.998197999765249,0.8641760168302947,0.8502092099111735,0.01396680691912111,0.004280818380551996,0.008868008934519998,1115,0.02680073441154488,0.823622848717985,True,0.05,36,paired cluster influence sandwich; asymptotic Bonferroni bounds,,,,,0.014409770920991383,-0.00044296400187027185
315,1.0,test,state_UT,evaluation,standard_c5:E2,standard_c5,5.0,2.0,1.9909995955023065,0.8641760168302947,0.8585822814399252,0.0055937353903694476,0.0027136495397618644,0.008508669954065485,1115,0.01372927825557788,0.8330732213631087,True,0.05,36,paired cluster influence sandwich; asymptotic Bonferroni bounds,,,,,-0.00011337073398764996,0.0057071061243570975
315,1.0,test,state_UT,evaluation,standard_c5:E8,standard_c5,5.0,8.0,7.998197999765249,0.8641760168302947,0.8638756428237494,0.0003003740065452565,0.0008535140616904718,0.008442304686614716,1115,0.0028592159399624725,0.8385655463456569,True,0.05,36,paired cluster influence sandwich; asymptotic Bonferroni bounds,,,,,-0.00011337073398764996,0.00041374474053290644
315,1.0,test,state_UT,evaluation,auto_s:E2,auto_s,1.0,2.0,1.9909995955023065,0.8641760168302947,0.8418688639551192,0.022307152875175484,0.005316469535627012,0.009101961792378977,1115,0.03824597075305957,0.8145811102366023,True,0.05,36,paired cluster influence sandwich; asymptotic Bonferroni bounds,,,,,0.023311126694717355,-0.0010039738195418701
315,1.0,test,state_UT,evaluation,auto_s:E8,auto_s,1.0,8.0,7.998197999765249,0.8641760168302947,0.8412424029920523,0.022933613838242328,0.005381420616104134,0.009117164303311883,1115,0.0390671555710755,0.8139090720250584,True,0.05,36,paired cluster influence sandwich; asymptotic Bonferroni bounds,,,,,0.023311126694717355,-0.0003775128564750263
316,1.0,validation,source,sandwich,standard_c1:E2,standard_c1,1.0,2.0,1.9909995955023065,0.8643425539977265,0.842394335614018,0.02194821838370853,0.0045339171910442405,0.009368261324239974,1111,0.03554104767914264,0.8143079874056859,True,0.05,36,paired cluster influence sandwich; asymptotic Bonferroni bounds,,,,,,
316,1.0,validation,source,concentration,standard_c1:E2,standard_c1,1.0,2.0,1.9909995955023065,0.8643425539977265,0.842394335614018,0.02194821838370853,,,1111,0.2673449156375457,0.7196959869870995,,0.05,36,cluster bounded differences plus within-pair bias; assumption-dependent sensitivity,0.1226983486269186,0.2453966972538372,0.0004832439935113318,False,,
316,1.0,validation,source,sandwich,standard_c1:E8,standard_c1,1.0,8.0,7.998197999765249,0.8643425539977265,0.8436173473949531,0.02072520660277344,0.004474344330157846,0.009354557799309618,1111,0.03413943454874556,0.8155720827942996,True,0.05,36,paired cluster influence sandwich; asymptotic Bonferroni bounds,,,,,,
316,1.0,validation,source,concentration,standard_c1:E8,standard_c1,1.0,8.0,7.998197999765249,0.8643425539977265,0.8436173473949531,0.02072520660277344,,,1111,0.2661219038566106,0.7209189987680346,,0.05,36,cluster bounded differences plus within-pair bias; assumption-dependent sensitivity,0.1226983486269186,0.2453966972538372,0.0004832439935113318,False,,
316,1.0,validation,source,sandwich,standard_c5:E2,standard_c5,5.0,2.0,1.9909995955023065,0.8643425539977265,0.8555398495344253,0.008802704463301225,0.002851792536067417,0.008987238940505727,1111,0.017352470040256883,0.8285958186648548,True,0.05,36,paired cluster influence sandwich; asymptotic Bonferroni bounds,,,,,,
316,1.0,validation,source,concentration,standard_c5:E2,standard_c5,5.0,2.0,1.9909995955023065,0.8643425539977265,0.8555398495344253,0.008802704463301225,,,1111,0.2541994017171384,0.7328415009075068,,0.05,36,cluster bounded differences plus within-pair bias; assumption-dependent sensitivity,0.1226983486269186,0.2453966972538372,0.0004832439935113318,False,,
316,1.0,validation,source,sandwich,standard_c5:E8,standard_c5,5.0,8.0,7.998197999765249,0.8643425539977265,0.8630301314338509,0.0013124225638756482,0.0009595832320251119,0.008754478880002404,1111,0.00418928389990595,0.8367839226981884,True,0.05,36,paired cluster influence sandwich; asymptotic Bonferroni bounds,,,,,,
316,1.0,validation,source,concentration,standard_c5:E8,standard_c5,5.0,8.0,7.998197999765249,0.8643425539977265,0.8630301314338509,0.0013124225638756482,,,1111,0.24670911981771285,0.7403317828069323,,0.05,36,cluster bounded differences plus within-pair bias; assumption-dependent sensitivity,0.1226983486269186,0.2453966972538372,0.0004832439935113318,False,,
316,1.0,validation,source,sandwich,auto_s:E2,auto_s,1.0,2.0,1.9909995955023065,0.8643425539977265,0.8320205559647637,0.03232199803296287,0.005517106401995891,0.009655871063933851,1111,0.04886246014709439,0.8030719445234186,True,0.05,36,paired cluster influence sandwich; asymptotic Bonferroni bounds,,,,,,
316,1.0,validation,source,concentration,auto_s:E2,auto_s,1.0,2.0,1.9909995955023065,0.8643425539977265,0.8320205559647637,0.03232199803296287,,,1111,0.27771869528680004,0.7093222073378451,,0.05,36,cluster bounded differences plus within-pair bias; assumption-dependent sensitivity,0.1226983486269186,0.2453966972538372,0.0004832439935113318,False,,
316,1.0,validation,source,sandwich,auto_s:E8,auto_s,1.0,8.0,7.998197999765249,0.8643425539977265,0.8329146637941679,0.03142789020355863,0.0054761988591470875,0.009641900923111185,1111,0.04784571019093542,0.8040079352835059,True,0.05,36,paired cluster influence sandwich; asymptotic Bonferroni bounds,,,,,,
316,1.0,validation,source,concentration,auto_s:E8,auto_s,1.0,8.0,7.998197999765249,0.8643425539977265,0.8329146637941679,0.03142789020355863,,,1111,0.2768245874573958,0.7102163151672494,,0.05,36,cluster bounded differences plus within-pair bias; assumption-dependent sensitivity,0.1226983486269186,0.2453966972538372,0.0004832439935113318,False,,
316,1.0,validation,state_OR,sandwich,standard_c1:E2,standard_c1,1.0,2.0,1.9909995955023065,0.8207706837429555,0.7978185364820314,0.022952147260924094,0.005798743857062115,0.010086989233935997,1239,0.04033293350429898,0.7675844361258398,True,0.05,36,paired cluster influence sandwich; asymptotic Bonferroni bounds,,,,,,
316,1.0,validation,state_OR,concentration,standard_c1:E2,standard_c1,1.0,2.0,1.9909995955023065,0.8207706837429555,0.7978185364820314,0.022952147260924094,,,1239,0.25294876524407645,0.6828202274904552,,0.05,36,cluster bounded differences plus within-pair bias; assumption-dependent sensitivity,0.1149983089915762,0.2299966179831524,0.0003795384635753406,False,,
316,1.0,validation,state_OR,sandwich,standard_c1:E8,standard_c1,1.0,8.0,7.998197999765249,0.8207706837429555,0.7980800208304831,0.022690662912472348,0.005647527928821576,0.010064690247280917,1239,0.03961820414449163,0.7679127580394693,True,0.05,36,paired cluster influence sandwich; asymptotic Bonferroni bounds,,,,,,
316,1.0,validation,state_OR,concentration,standard_c1:E8,standard_c1,1.0,8.0,7.998197999765249,0.8207706837429555,0.7980800208304831,0.022690662912472348,,,1239,0.2526872808956247,0.683081711838907,,0.05,36,cluster bounded differences plus within-pair bias; assumption-dependent sensitivity,0.1149983089915762,0.2299966179831524,0.0003795384635753406,False,,
316,1.0,validation,state_OR,sandwich,standard_c5:E2,standard_c5,5.0,2.0,1.9909995955023065,0.8207706837429555,0.812133977077642,0.008636706665313465,0.004053324124242326,0.009833296141163165,1239,0.02078588274812521,0.7826602802718737,True,0.05,36,paired cluster influence sandwich; asymptotic Bonferroni bounds,,,,,,
316,1.0,validation,state_OR,concentration,standard_c5:E2,standard_c5,5.0,2.0,1.9909995955023065,0.8207706837429555,0.812133977077642,0.008636706665313465,,,1239,0.23863332464846587,0.6971356680860659,,0.05,36,cluster bounded differences plus within-pair bias; assumption-dependent sensitivity,0.1149983089915762,0.2299966179831524,0.0003795384635753406,False,,
316,1.0,validation,state_OR,sandwich,standard_c5:E8,standard_c5,5.0,8.0,7.998197999765249,0.8207706837429555,0.8212539332983215,-0.00048324955536604985,0.0013962465431722356,0.009626906899356734,1239,0.003701771081538377,0.7923988544869316,True,0.05,36,paired cluster influence sandwich; asymptotic Bonferroni bounds,,,,,,
316,1.0,validation,state_OR,concentration,standard_c5:E8,standard_c5,5.0,8.0,7.998197999765249,0.8207706837429555,0.8212539332983215,-0.00048324955536604985,,,1239,0.22951336842778636,0.7062556243067454,,0.05,36,cluster bounded differences plus within-pair bias; assumption-dependent sensitivity,0.1149983089915762,0.2299966179831524,0.0003795384635753406,False,,
316,1.0,validation,state_OR,sandwich,auto_s:E2,auto_s,1.0,2.0,1.9909995955023065,0.8207706837429555,0.7878357922424103,0.03293489150054518,0.0068846134492478095,0.010296097075027247,1239,0.053570394236867935,0.7569749253351502,True,0.05,36,paired cluster influence sandwich; asymptotic Bonferroni bounds,,,,,,
316,1.0,validation,state_OR,concentration,auto_s:E2,auto_s,1.0,2.0,1.9909995955023065,0.8207706837429555,0.7878357922424103,0.03293489150054518,,,1239,0.26293150948369753,0.6728374832508341,,0.05,36,cluster bounded differences plus within-pair bias; assumption-dependent sensitivity,0.1149983089915762,0.2299966179831524,0.0003795384635753406,False,,
316,1.0,validation,state_OR,sandwich,auto_s:E8,auto_s,1.0,8.0,7.998197999765249,0.8207706837429555,0.7880211482362495,0.03274953550670601,0.006780547216175249,0.010268177889456952,1239,0.05307311673092669,0.757243964521151,True,0.05,36,paired cluster influence sandwich; asymptotic Bonferroni bounds,,,,,,
316,1.0,validation,state_OR,concentration,auto_s:E8,auto_s,1.0,8.0,7.998197999765249,0.8207706837429555,0.7880211482362495,0.03274953550670601,,,1239,0.26274615348985836,0.6730228392446733,,0.05,36,cluster bounded differences plus within-pair bias; assumption-dependent sensitivity,0.1149983089915762,0.2299966179831524,0.0003795384635753406,False,,
316,1.0,validation,state_WA,sandwich,standard_c1:E2,standard_c1,1.0,2.0,1.9909995955023065,0.8314528702459738,0.8016920021230367,0.0297608681229371,0.005038372081606548,0.009960883524963954,1209,0.04486331906136092,0.7718343909139903,True,0.05,36,paired cluster influence sandwich; asymptotic Bonferroni bounds,,,,,,
316,1.0,validation,state_WA,concentration,standard_c1:E2,standard_c1,1.0,2.0,1.9909995955023065,0.8314528702459738,0.8016920021230367,0.0297608681229371,,,1209,0.25984510556770674,0.6866498834006519,,0.05,36,cluster bounded differences plus within-pair bias; assumption-dependent sensitivity,0.11504211872238483,0.23008423744476966,0.00041983878190774744,False,,
316,1.0,validation,state_WA,sandwich,standard_c1:E8,standard_c1,1.0,8.0,7.998197999765249,0.8314528702459738,0.8032604368811266,0.028192433364847225,0.0049621480855531735,0.0099102525443596,1209,0.04306640392467232,0.7735545913392752,True,0.05,36,paired cluster influence sandwich; asymptotic Bonferroni bounds,,,,,,
316,1.0,validation,state_WA,concentration,standard_c1:E8,standard_c1,1.0,8.0,7.998197999765249,0.8314528702459738,0.8032604368811266,0.028192433364847225,,,1209,0.25827667080961686,0.6882183181587417,,0.05,36,cluster bounded differences plus within-pair bias; assumption-dependent sensitivity,0.11504211872238483,0.23008423744476966,0.00041983878190774744,False,,
316,1.0,validation,state_WA,sandwich,standard_c5:E2,standard_c5,5.0,2.0,1.9909995955023065,0.8314528702459738,0.8136838417010831,0.017769028544890708,0.0035289423180116073,0.009654532447955874,1209,0.028346984551129918,0.7847445136270473,True,0.05,36,paired cluster influence sandwich; asymptotic Bonferroni bounds,,,,,,
316,1.0,validation,state_WA,concentration,standard_c5:E2,standard_c5,5.0,2.0,1.9909995955023065,0.8314528702459738,0.8136838417010831,0.017769028544890708,,,1209,0.24785326598966037,0.6986417229786982,,0.05,36,cluster bounded differences plus within-pair bias; assumption-dependent sensitivity,0.11504211872238483,0.23008423744476966,0.00041983878190774744,False,,
316,1.0,validation,state_WA,sandwich,standard_c5:E8,standard_c5,5.0,8.0,7.998197999765249,0.8314528702459738,0.8268574497022774,0.004595420543696438,0.0011954575220982724,0.009339965792193561,1209,0.008178788005255969,0.7988610308474431,True,0.05,36,paired cluster influence sandwich; asymptotic Bonferroni bounds,,,,,,
316,1.0,validation,state_WA,concentration,standard_c5:E8,standard_c5,5.0,8.0,7.998197999765249,0.8314528702459738,0.8268574497022774,0.004595420543696438,,,1209,0.2346796579884661,0.7118153309798926,,0.05,36,cluster bounded differences plus within-pair bias; assumption-dependent sensitivity,0.11504211872238483,0.23008423744476966,0.00041983878190774744,False,,
316,1.0,validation,state_WA,sandwich,auto_s:E2,auto_s,1.0,2.0,1.9909995955023065,0.8314528702459738,0.7920455582093514,0.0394073120366224,0.006003242489182671,0.010180421148917304,1209,0.05740194873590987,0.7615298859954424,True,0.05,36,paired cluster influence sandwich; asymptotic Bonferroni bounds,,,,,,
316,1.0,validation,state_WA,concentration,auto_s:E2,auto_s,1.0,2.0,1.9909995955023065,0.8314528702459738,0.7920455582093514,0.0394073120366224,,,1209,0.26949154948139203,0.6770034394869665,,0.05,36,cluster bounded differences plus within-pair bias; assumption-dependent sensitivity,0.11504211872238483,0.23008423744476966,0.00041983878190774744,False,,
316,1.0,validation,state_WA,sandwich,auto_s:E8,auto_s,1.0,8.0,7.998197999765249,0.8314528702459738,0.7932236983961122,0.03822917184986163,0.0059410143233710406,0.0101373960817393,1209,0.056037280478983514,0.7628369932286327,True,0.05,36,paired cluster influence sandwich; asymptotic Bonferroni bounds,,,,,,
316,1.0,validation,state_WA,concentration,auto_s:E8,auto_s,1.0,8.0,7.998197999765249,0.8314528702459738,0.7932236983961122,0.03822917184986163,,,1209,0.26831340929463127,0.6781815796737273,,0.05,36,cluster bounded differences plus within-pair bias; assumption-dependent sensitivity,0.11504211872238483,0.23008423744476966,0.00041983878190774744,False,,
316,1.0,test,source,evaluation,standard_c1:E2,standard_c1,1.0,2.0,1.9909995955023065,0.8492211336053433,0.8237443800514566,0.02547675355388679,0.004691364290796013,0.009135468473370174,1150,0.039540542743108364,0.7963580389382069,True,0.05,36,paired cluster influence sandwich; asymptotic Bonferroni bounds,,,,,0.023866524597832894,0.001610228956053894
316,1.0,test,source,evaluation,standard_c1:E8,standard_c1,1.0,8.0,7.998197999765249,0.8492211336053433,0.8249907741885184,0.024230359416824943,0.004611627288006942,0.009100052602952192,1150,0.038055112724734566,0.7977106029023463,True,0.05,36,paired cluster influence sandwich; asymptotic Bonferroni bounds,,,,,0.023866524597832894,0.00036383481899204817
316,1.0,test,source,evaluation,standard_c5:E2,standard_c5,5.0,2.0,1.9909995955023065,0.8492211336053433,0.8415379817562827,0.007683151849060654,0.002932505192357397,0.008728666861090141,1150,0.016474226740116345,0.8153711520180431,True,0.05,36,paired cluster influence sandwich; asymptotic Bonferroni bounds,,,,,0.000115387614023299,0.007567764235037355
316,1.0,test,source,evaluation,standard_c5:E8,standard_c5,5.0,8.0,7.998197999765249,0.8492211336053433,0.8484352503963201,0.0007858832090232859,0.0010180683134733456,0.008542388545087322,1150,0.003837852157374998,0.8228268464814442,True,0.05,36,paired cluster influence sandwich; asymptotic Bonferroni bounds,,,,,0.000115387614023299,0.0006704955949999869
316,1.0,test,source,evaluation,auto_s:E2,auto_s,1.0,2.0,1.9909995955023065,0.8492211336053433,0.8124384729332883,0.036782660672055045,0.005772268251551066,0.009431507622703506,1150,0.054086787745008594,0.7841646645653323,True,0.05,36,paired cluster influence sandwich; asymptotic Bonferroni bounds,,,,,0.035737934977520314,0.0010447256945347316
316,1.0,test,source,evaluation,auto_s:E8,auto_s,1.0,8.0,7.998197999765249,0.8492211336053433,0.8132347514228541,0.035986382182489285,0.005716208811045331,0.009413054008984793,1150,0.053122454057750096,0.7850162633662259,True,0.05,36,paired cluster influence sandwich; asymptotic Bonferroni bounds,,,,,0.035737934977520314,0.0002484472049689712
316,1.0,test,state_CO,evaluation,standard_c1:E2,standard_c1,1.0,2.0,1.9909995955023065,0.8340434321511371,0.8070442624837634,0.0269991696673737,0.004686996456155672,0.009554160875121356,1201,0.04104857017030908,0.7784054030650062,True,0.05,36,paired cluster influence sandwich; asymptotic Bonferroni bounds,,,,,0.026343535737187507,0.0006556339301861946
316,1.0,test,state_CO,evaluation,standard_c1:E8,standard_c1,1.0,8.0,7.998197999765249,0.8340434321511371,0.8076803712655585,0.026363060885578604,0.004643265294289869,0.009545512969158369,1201,0.04028137603070355,0.7790674341822504,True,0.05,36,paired cluster influence sandwich; asymptotic Bonferroni bounds,,,,,0.026343535737187507,1.9525148391097424e-05
316,1.0,test,state_CO,evaluation,standard_c5:E2,standard_c5,5.0,2.0,1.9909995955023065,0.8340434321511371,0.8196277068021506,0.014415725348986497,0.0032990553270326596,0.009302065460509618,1201,0.02430473422799915,0.7917445103069661,True,0.05,36,paired cluster influence sandwich; asymptotic Bonferroni bounds,,,,,7.399003600860876e-05,0.014341735312977888
316,1.0,test,state_CO,evaluation,standard_c5:E8,standard_c5,5.0,8.0,7.998197999765249,0.8340434321511371,0.8314198687910029,0.00262356336013414,0.001207440050995277,0.009060165094555876,1201,0.006242898048863832,0.8042617752812554,True,0.05,36,paired cluster influence sandwich; asymptotic Bonferroni bounds,,,,,7.399003600860876e-05,0.0025495733241255314
316,1.0,test,state_CO,evaluation,auto_s:E2,auto_s,1.0,2.0,1.9909995955023065,0.8340434321511371,0.7964996547131653,0.03754377743797177,0.005683328092522047,0.009741471766594217,1201,0.05457970936332204,0.7672993257568308,True,0.05,36,paired cluster influence sandwich; asymptotic Bonferroni bounds,,,,,0.03718204837304151,0.0003617290649302607
316,1.0,test,state_CO,evaluation,auto_s:E8,auto_s,1.0,8.0,7.998197999765249,0.8340434321511371,0.7968007530541443,0.03724267909699275,0.005658088291741232,0.009736355571326589,1201,0.054202954026844705,0.7676157600335287,True,0.05,36,paired cluster influence sandwich; asymptotic Bonferroni bounds,,,,,0.03718204837304151,6.063072395123825e-05
316,1.0,test,state_UT,evaluation,standard_c1:E2,standard_c1,1.0,2.0,1.9909995955023065,0.8529372775226397,0.8399056373227096,0.013031640199930083,0.004523502709870073,0.009336556482174982,1133,0.026592654931323838,0.8119155623485086,True,0.05,36,paired cluster influence sandwich; asymptotic Bonferroni bounds,,,,,0.012734235231191993,0.00029740496873809086
316,1.0,test,state_UT,evaluation,standard_c1:E8,standard_c1,1.0,8.0,7.998197999765249,0.8529372775226397,0.8402468461240524,0.012690431398587276,0.004421423898329263,0.009299436687074626,1133,0.025945423926424564,0.8123680526324697,True,0.05,36,paired cluster influence sandwich; asymptotic Bonferroni bounds,,,,,0.012734235231191993,-4.380383260471632e-05
316,1.0,test,state_UT,evaluation,standard_c5:E2,standard_c5,5.0,2.0,1.9909995955023065,0.8529372775226397,0.8374779828104539,0.015459294712185767,0.003149981610580507,0.009455318506341882,1133,0.024902628731085612,0.8091318710075929,True,0.05,36,paired cluster influence sandwich; asymptotic Bonferroni bounds,,,,,1.6138254117725737e-05,0.015443156458068041
316,1.0,test,state_UT,evaluation,standard_c5:E8,standard_c5,5.0,8.0,7.998197999765249,0.8529372775226397,0.8501926215902174,0.0027446559324223463,0.001135116857374239,0.00897617794231343,1133,0.006147624254098797,0.8232829259152875,True,0.05,36,paired cluster influence sandwich; asymptotic Bonferroni bounds,,,,,1.6138254117725737e-05,0.0027285176783046206
316,1.0,test,state_UT,evaluation,auto_s:E2,auto_s,1.0,2.0,1.9909995955023065,0.8529372775226397,0.8351886561906342,0.0177486213320055,0.0054794186568315455,0.009453830192234076,1133,0.03417537773974083,0.806847006206597,True,0.05,36,paired cluster influence sandwich; asymptotic Bonferroni bounds,,,,,0.01792153119755069,-0.00017290986554518994
316,1.0,test,state_UT,evaluation,auto_s:E8,auto_s,1.0,8.0,7.998197999765249,0.8529372775226397,0.8352001835150039,0.01773709400763579,0.00540769342467333,0.009426775681025266,1133,0.033948825247421544,0.8069396402857505,True,0.05,36,paired cluster influence sandwich; asymptotic Bonferroni bounds,,,,,0.01792153119755069,-0.00018443718991489888
317,1.0,validation,source,sandwich,standard_c1:E2,standard_c1,1.0,2.0,1.9909995955023065,0.8577033090209204,0.8325190820520388,0.025184226968881562,0.004429091686111449,0.009708882922953592,1149,0.0384617994552312,0.8034137020087153,True,0.05,36,paired cluster influence sandwich; asymptotic Bonferroni bounds,,,,,,
317,1.0,validation,source,concentration,standard_c1:E2,standard_c1,1.0,2.0,1.9909995955023065,0.8577033090209204,0.8325190820520388,0.025184226968881562,,,1149,0.267592637693605,0.7113148766896771,,0.05,36,cluster bounded differences plus within-pair bias; assumption-dependent sensitivity,0.12120420536236172,0.24240841072472344,0.00046782817832731016,False,,
317,1.0,validation,source,sandwich,standard_c1:E8,standard_c1,1.0,8.0,7.998197999765249,0.8577033090209204,0.8321904510721848,0.02551285794873559,0.004456668030536431,0.009749302785367911,1149,0.03887309905835157,0.8029638999872282,True,0.05,36,paired cluster influence sandwich; asymptotic Bonferroni bounds,,,,,,
317,1.0,validation,source,concentration,standard_c1:E8,standard_c1,1.0,8.0,7.998197999765249,0.8577033090209204,0.8321904510721848,0.02551285794873559,,,1149,0.267921268673459,0.710986245709823,,0.05,36,cluster bounded differences plus within-pair bias; assumption-dependent sensitivity,0.12120420536236172,0.24240841072472344,0.00046782817832731016,False,,
317,1.0,validation,source,sandwich,standard_c5:E2,standard_c5,5.0,2.0,1.9909995955023065,0.8577033090209204,0.850656581672648,0.007046727348272386,0.0028103065249703734,0.009025752181392914,1149,0.015471490536436506,0.8235990973563801,True,0.05,36,paired cluster influence sandwich; asymptotic Bonferroni bounds,,,,,,
317,1.0,validation,source,concentration,standard_c5:E2,standard_c5,5.0,2.0,1.9909995955023065,0.8577033090209204,0.850656581672648,0.007046727348272386,,,1149,0.24945513807299582,0.7294523763102863,,0.05,36,cluster bounded differences plus within-pair bias; assumption-dependent sensitivity,0.12120420536236172,0.24240841072472344,0.00046782817832731016,False,,
317,1.0,validation,source,sandwich,standard_c5:E8,standard_c5,5.0,8.0,7.998197999765249,0.8577033090209204,0.8575662050134018,0.00013710400751865137,0.0009501081755936402,0.008914619624214859,1149,0.002985347183625377,0.8308418749165762,True,0.05,36,paired cluster influence sandwich; asymptotic Bonferroni bounds,,,,,,
317,1.0,validation,source,concentration,standard_c5:E8,standard_c5,5.0,8.0,7.998197999765249,0.8577033090209204,0.8575662050134018,0.00013710400751865137,,,1149,0.2425455147322421,0.73636199965104,,0.05,36,cluster bounded differences plus within-pair bias; assumption-dependent sensitivity,0.12120420536236172,0.24240841072472344,0.00046782817832731016,False,,
317,1.0,validation,source,sandwich,auto_s:E2,auto_s,1.0,2.0,1.9909995955023065,0.8577033090209204,0.8173350748682076,0.040368234152712845,0.005910369694364339,0.010105851256771183,1149,0.05808639570807785,0.7870396594405238,True,0.05,36,paired cluster influence sandwich; asymptotic Bonferroni bounds,,,,,,
317,1.0,validation,source,concentration,auto_s:E2,auto_s,1.0,2.0,1.9909995955023065,0.8577033090209204,0.8173350748682076,0.040368234152712845,,,1149,0.28277664487743626,0.6961308695058458,,0.05,36,cluster bounded differences plus within-pair bias; assumption-dependent sensitivity,0.12120420536236172,0.24240841072472344,0.00046782817832731016,False,,
317,1.0,validation,source,sandwich,auto_s:E8,auto_s,1.0,8.0,7.998197999765249,0.8577033090209204,0.8170838919536693,0.04061941706725114,0.0059199757965898055,0.010131901129910558,1149,0.05836637588572313,0.7867103839726177,True,0.05,36,paired cluster influence sandwich; asymptotic Bonferroni bounds,,,,,,
317,1.0,validation,source,concentration,auto_s:E8,auto_s,1.0,8.0,7.998197999765249,0.8577033090209204,0.8170838919536693,0.04061941706725114,,,1149,0.28302782779197455,0.6958796865913075,,0.05,36,cluster bounded differences plus within-pair bias; assumption-dependent sensitivity,0.12120420536236172,0.24240841072472344,0.00046782817832731016,False,,
317,1.0,validation,state_OR,sandwich,standard_c1:E2,standard_c1,1.0,2.0,1.9909995955023065,0.8434887946698971,0.830983819330276,0.012504975339621138,0.0052469903636629,0.009405158770541567,1223,0.02823238510747146,0.8027926515056915,True,0.05,36,paired cluster influence sandwich; asymptotic Bonferroni bounds,,,,,,
317,1.0,validation,state_OR,concentration,standard_c1:E2,standard_c1,1.0,2.0,1.9909995955023065,0.8434887946698971,0.830983819330276,0.012504975339621138,,,1223,0.24668294837726923,0.7138948328114519,,0.05,36,cluster bounded differences plus within-pair bias; assumption-dependent sensitivity,0.11708898651882405,0.2341779730376481,0.0003530327939776759,False,,
317,1.0,validation,state_OR,sandwich,standard_c1:E8,standard_c1,1.0,8.0,7.998197999765249,0.8434887946698971,0.8302350667705,0.01325372789939716,0.005275322263293166,0.009403565264142938,1223,0.02906606013977052,0.8020486753465493,True,0.05,36,paired cluster influence sandwich; asymptotic Bonferroni bounds,,,,,,
317,1.0,validation,state_OR,concentration,standard_c1:E8,standard_c1,1.0,8.0,7.998197999765249,0.8434887946698971,0.8302350667705,0.01325372789939716,,,1223,0.24743170093704525,0.7131460802516759,,0.05,36,cluster bounded differences plus within-pair bias; assumption-dependent sensitivity,0.11708898651882405,0.2341779730376481,0.0003530327939776759,False,,
317,1.0,validation,state_OR,sandwich,standard_c5:E2,standard_c5,5.0,2.0,1.9909995955023065,0.8434887946698971,0.8344656917885264,0.00902310288137076,0.0034699449490487116,0.009411427312344137,1223,0.019423969340647856,0.8062557345401498,True,0.05,36,paired cluster influence sandwich; asymptotic Bonferroni bounds,,,,,,
317,1.0,validation,state_OR,concentration,standard_c5:E2,standard_c5,5.0,2.0,1.9909995955023065,0.8434887946698971,0.8344656917885264,0.00902310288137076,,,1223,0.24320107591901885,0.7173767052697023,,0.05,36,cluster bounded differences plus within-pair bias; assumption-dependent sensitivity,0.11708898651882405,0.2341779730376481,0.0003530327939776759,False,,
317,1.0,validation,state_OR,sandwich,standard_c5:E8,standard_c5,5.0,8.0,7.998197999765249,0.8434887946698971,0.8430134694701623,0.0004753251997348107,0.0012141876219964407,0.009142588431592134,1223,0.004114749887539826,0.8156093340255378,True,0.05,36,paired cluster influence sandwich; asymptotic Bonferroni bounds,,,,,,
317,1.0,validation,state_OR,concentration,standard_c5:E8,standard_c5,5.0,8.0,7.998197999765249,0.8434887946698971,0.8430134694701623,0.0004753251997348107,,,1223,0.2346532982373829,0.7259244829513383,,0.05,36,cluster bounded differences plus within-pair bias; assumption-dependent sensitivity,0.11708898651882405,0.2341779730376481,0.0003530327939776759,False,,
317,1.0,validation,state_OR,sandwich,auto_s:E2,auto_s,1.0,2.0,1.9909995955023065,0.8434887946698971,0.8197836808860431,0.02370511378385398,0.006838049958416731,0.009724859229190716,1223,0.04420159009793954,0.7906342379803825,True,0.05,36,paired cluster influence sandwich; asymptotic Bonferroni bounds,,,,,,
317,1.0,validation,state_OR,concentration,auto_s:E2,auto_s,1.0,2.0,1.9909995955023065,0.8434887946698971,0.8197836808860431,0.02370511378385398,,,1223,0.257883086821502,0.7026946943672191,,0.05,36,cluster bounded differences plus within-pair bias; assumption-dependent sensitivity,0.11708898651882405,0.2341779730376481,0.0003530327939776759,False,,
317,1.0,validation,state_OR,sandwich,auto_s:E8,auto_s,1.0,8.0,7.998197999765249,0.8434887946698971,0.8188861007758645,0.02460269389403258,0.00685861722523182,0.00972765520290817,1223,0.04516081885059435,0.7897282771754995,True,0.05,36,paired cluster influence sandwich; asymptotic Bonferroni bounds,,,,,,
317,1.0,validation,state_OR,concentration,auto_s:E8,auto_s,1.0,8.0,7.998197999765249,0.8434887946698971,0.8188861007758645,0.02460269389403258,,,1223,0.2587806669316806,0.7017971142570405,,0.05,36,cluster bounded differences plus within-pair bias; assumption-dependent sensitivity,0.11708898651882405,0.2341779730376481,0.0003530327939776759,False,,
317,1.0,validation,state_WA,sandwich,standard_c1:E2,standard_c1,1.0,2.0,1.9909995955023065,0.8411718669549995,0.8217217588301926,0.019450108124806853,0.004593647614790883,0.009405460550068042,1207,0.03321955069078755,0.793528923917527,True,0.05,36,paired cluster influence sandwich; asymptotic Bonferroni bounds,,,,,,
317,1.0,validation,state_WA,concentration,standard_c1:E2,standard_c1,1.0,2.0,1.9909995955023065,0.8411718669549995,0.8217217588301926,0.019450108124806853,,,1207,0.25089629384559364,0.7059986659697992,,0.05,36,cluster bounded differences plus within-pair bias; assumption-dependent sensitivity,0.1157230928603934,0.2314461857207868,0.0004180825867572856,False,,
317,1.0,validation,state_WA,sandwich,standard_c1:E8,standard_c1,1.0,8.0,7.998197999765249,0.8411718669549995,0.8209736381423128,0.020198228812686625,0.004594576653339559,0.009420842087515964,1207,0.03397045616844884,0.7927346971252558,True,0.05,36,paired cluster influence sandwich; asymptotic Bonferroni bounds,,,,,,
317,1.0,validation,state_WA,concentration,standard_c1:E8,standard_c1,1.0,8.0,7.998197999765249,0.8411718669549995,0.8209736381423128,0.020198228812686625,,,1207,0.2516444145334734,0.7052505452819194,,0.05,36,cluster bounded differences plus within-pair bias; assumption-dependent sensitivity,0.1157230928603934,0.2314461857207868,0.0004180825867572856,False,,
317,1.0,validation,state_WA,sandwich,standard_c5:E2,standard_c5,5.0,2.0,1.9909995955023065,0.8411718669549995,0.8327154772937906,0.008456389661208874,0.00301164074903322,0.0090930445503081,1207,0.01748377221220322,0.8054591082414007,True,0.05,36,paired cluster influence sandwich; asymptotic Bonferroni bounds,,,,,,
317,1.0,validation,state_WA,concentration,standard_c5:E2,standard_c5,5.0,2.0,1.9909995955023065,0.8411718669549995,0.8327154772937906,0.008456389661208874,,,1207,0.23990257538199566,0.7169923844333972,,0.05,36,cluster bounded differences plus within-pair bias; assumption-dependent sensitivity,0.1157230928603934,0.2314461857207868,0.0004180825867572856,False,,
317,1.0,validation,state_WA,sandwich,standard_c5:E8,standard_c5,5.0,8.0,7.998197999765249,0.8411718669549995,0.8419833178869323,-0.0008114509319328,0.0010727907729894614,0.008868796759475698,1207,0.00240423563628144,0.8153991307987123,True,0.05,36,paired cluster influence sandwich; asymptotic Bonferroni bounds,,,,,,
317,1.0,validation,state_WA,concentration,standard_c5:E8,standard_c5,5.0,8.0,7.998197999765249,0.8411718669549995,0.8419833178869323,-0.0008114509319328,,,1207,0.230634734788854,0.7262602250265389,,0.05,36,cluster bounded differences plus within-pair bias; assumption-dependent sensitivity,0.1157230928603934,0.2314461857207868,0.0004180825867572856,False,,
317,1.0,validation,state_WA,sandwich,auto_s:E2,auto_s,1.0,2.0,1.9909995955023065,0.8411718669549995,0.8099819791988467,0.031189887756152723,0.005902813926992249,0.009705499407614103,1207,0.04888355173762267,0.780889778866152,True,0.05,36,paired cluster influence sandwich; asymptotic Bonferroni bounds,,,,,,
317,1.0,validation,state_WA,concentration,auto_s:E2,auto_s,1.0,2.0,1.9909995955023065,0.8411718669549995,0.8099819791988467,0.031189887756152723,,,1207,0.2626360734769395,0.6942588863384533,,0.05,36,cluster bounded differences plus within-pair bias; assumption-dependent sensitivity,0.1157230928603934,0.2314461857207868,0.0004180825867572856,False,,
317,1.0,validation,state_WA,sandwich,auto_s:E8,auto_s,1.0,8.0,7.998197999765249,0.8411718669549995,0.8097054886211514,0.03146637833384802,0.005893973047474092,0.00970054877160992,1207,0.04913354181006239,0.780628127802464,True,0.05,36,paired cluster influence sandwich; asymptotic Bonferroni bounds,,,,,,
317,1.0,validation,state_WA,concentration,auto_s:E8,auto_s,1.0,8.0,7.998197999765249,0.8411718669549995,0.8097054886211514,0.03146637833384802,,,1207,0.2629125640546348,0.693982395760758,,0.05,36,cluster bounded differences plus within-pair bias; assumption-dependent sensitivity,0.1157230928603934,0.2314461857207868,0.0004180825867572856,False,,
317,1.0,test,source,evaluation,standard_c1:E2,standard_c1,1.0,2.0,1.9909995955023065,0.8665251446936002,0.8405036301734249,0.026021514520175315,0.0043023671852567965,0.008918627614002087,1138,0.03891946192917102,0.8137667234956305,True,0.05,36,paired cluster influence sandwich; asymptotic Bonferroni bounds,,,,,0.026791001359565136,-0.0007694868393898213
317,1.0,test,source,evaluation,standard_c1:E8,standard_c1,1.0,8.0,7.998197999765249,0.8665251446936002,0.8400732568063808,0.026451887887219416,0.004328640065972951,0.008944256745863938,1138,0.03942859803755458,0.8132595172641054,True,0.05,36,paired cluster influence sandwich; asymptotic Bonferroni bounds,,,,,0.026791001359565136,-0.0003391134723457201
317,1.0,test,source,evaluation,standard_c5:E2,standard_c5,5.0,2.0,1.9909995955023065,0.8665251446936002,0.8613793310857126,0.005145813607887573,0.0025508177394272143,0.008385696965746637,1138,0.012792839451197082,0.8362400824361301,True,0.05,36,paired cluster influence sandwich; asymptotic Bonferroni bounds,,,,,0.00018355683365511855,0.004962256774232454
317,1.0,test,source,evaluation,standard_c5:E8,standard_c5,5.0,8.0,7.998197999765249,0.8665251446936002,0.8654227666474122,0.0011023780461879573,0.0008993888628255228,0.00825263988712908,1138,0.0037986310049571317,0.8406824061281327,True,0.05,36,paired cluster influence sandwich; asymptotic Bonferroni bounds,,,,,0.00018355683365511855,0.0009188212125328388
317,1.0,test,source,evaluation,auto_s:E2,auto_s,1.0,2.0,1.9909995955023065,0.8665251446936002,0.8243371472364326,0.042187997457167614,0.005661360604472073,0.00937332224361668,1138,0.05916003359347488,0.79623712412357,True,0.05,36,paired cluster influence sandwich; asymptotic Bonferroni bounds,,,,,0.0429896326685536,-0.000801635211385987
317,1.0,test,source,evaluation,auto_s:E8,auto_s,1.0,8.0,7.998197999765249,0.8665251446936002,0.8239285517988051,0.042596592894795116,0.005683179548616129,0.009385279220780514,1138,0.059634039439366515,0.7957926831953116,True,0.05,36,paired cluster influence sandwich; asymptotic Bonferroni bounds,,,,,0.0429896326685536,-0.00039303977375848564
317,1.0,test,state_CO,evaluation,standard_c1:E2,standard_c1,1.0,2.0,1.9909995955023065,0.8406431385530116,0.8250522976940828,0.015590840858928812,0.0045512905742595335,0.009509626397567595,1189,0.02923374535852851,0.7965463338027321,True,0.05,36,paired cluster influence sandwich; asymptotic Bonferroni bounds,,,,,0.01556831906778644,2.2521791142371406e-05
317,1.0,test,state_CO,evaluation,standard_c1:E8,standard_c1,1.0,8.0,7.998197999765249,0.8406431385530116,0.825311560173512,0.01533157837949961,0.00458671233452499,0.009497896493980026,1189,0.029080662804248994,0.7968407577274313,True,0.05,36,paired cluster influence sandwich; asymptotic Bonferroni bounds,,,,,0.01556831906778644,-0.00023674068828682948
317,1.0,test,state_CO,evaluation,standard_c5:E2,standard_c5,5.0,2.0,1.9909995955023065,0.8406431385530116,0.8238261694832872,0.016816969069724408,0.003524132180213997,0.00950722513223927,1189,0.027380873525868224,0.7953274036016039,True,0.05,36,paired cluster influence sandwich; asymptotic Bonferroni bounds,,,,,-0.00021683771006797414,0.017033806779792382
317,1.0,test,state_CO,evaluation,standard_c5:E8,standard_c5,5.0,8.0,7.998197999765249,0.8406431385530116,0.8374104758802091,0.003232662672802533,0.0012534324492364727,0.00926965225299347,1189,0.006989939630320166,0.8096238561580298,True,0.05,36,paired cluster influence sandwich; asymptotic Bonferroni bounds,,,,,-0.00021683771006797414,0.0034495003828705073
317,1.0,test,state_CO,evaluation,auto_s:E2,auto_s,1.0,2.0,1.9909995955023065,0.8406431385530116,0.8117534419058253,0.028889696647186325,0.005833400035242999,0.009765180638910319,1189,0.04637584003668627,0.7824814310982824,True,0.05,36,paired cluster influence sandwich; asymptotic Bonferroni bounds,,,,,0.028838367913885055,5.132873330127019e-05
317,1.0,test,state_CO,evaluation,auto_s:E8,auto_s,1.0,8.0,7.998197999765249,0.8406431385530116,0.8118618607608595,0.028781277792152116,0.005851430058079396,0.009751831422297056,1189,0.04632146780330126,0.7826298654356127,True,0.05,36,paired cluster influence sandwich; asymptotic Bonferroni bounds,,,,,0.028838367913885055,-5.7090121732938925e-05
317,1.0,test,state_UT,evaluation,standard_c1:E2,standard_c1,1.0,2.0,1.9909995955023065,0.8689208286734752,0.8604697367405678,0.008451091932907384,0.004114061742318587,0.008299141597957777,1119,0.020784982998676024,0.8355890434452571,True,0.05,36,paired cluster influence sandwich; asymptotic Bonferroni bounds,,,,,0.010017495343981109,-0.0015664034110737246
317,1.0,test,state_UT,evaluation,standard_c1:E8,standard_c1,1.0,8.0,7.998197999765249,0.8689208286734752,0.8596013042611932,0.00931952441228201,0.004157629544048544,0.008313823307543029,1119,0.02178403104829959,0.8346765954362124,True,0.05,36,paired cluster influence sandwich; asymptotic Bonferroni bounds,,,,,0.010017495343981109,-0.000697970931699099
317,1.0,test,state_UT,evaluation,standard_c5:E2,standard_c5,5.0,2.0,1.9909995955023065,0.8689208286734752,0.8600700735173012,0.00885075515617395,0.0027775681973573312,0.008359858616141361,1119,0.017177860027147905,0.8350073515760877,True,0.05,36,paired cluster influence sandwich; asymptotic Bonferroni bounds,,,,,-6.161954595029773e-05,0.008912374702124248
317,1.0,test,state_UT,evaluation,standard_c5:E8,standard_c5,5.0,8.0,7.998197999765249,0.8689208286734752,0.8675542568740346,0.0013665717994405524,0.000955729728411005,0.008193213367714693,1119,0.004231834184125771,0.8429911347126641,True,0.05,36,paired cluster influence sandwich; asymptotic Bonferroni bounds,,,,,-6.161954595029773e-05,0.0014281913453908501
317,1.0,test,state_UT,evaluation,auto_s:E2,auto_s,1.0,2.0,1.9909995955023065,0.8689208286734752,0.8537704827401925,0.015150345933282683,0.005352388497255921,0.008510479339854802,1119,0.031196720733098572,0.8282562022870055,True,0.05,36,paired cluster influence sandwich; asymptotic Bonferroni bounds,,,,,0.016403468662141707,-0.001253122728859024
317,1.0,test,state_UT,evaluation,auto_s:E8,auto_s,1.0,8.0,7.998197999765249,0.8689208286734752,0.8529377550444524,0.015983073629022848,0.005388024790480659,0.008519530978159962,1119,0.032136285463903264,0.8273963379249206,True,0.05,36,paired cluster influence sandwich; asymptotic Bonferroni bounds,,,,,0.016403468662141707,-0.00042039503311885884
318,1.0,validation,source,sandwich,standard_c1:E2,standard_c1,1.0,2.0,1.9909995955023065,0.8508232864823064,0.8182517450876348,0.032571541394671666,0.005016694638993971,0.0099855132112065,1143,0.04761080699799732,0.788316738838387,True,0.05,36,paired cluster influence sandwich; asymptotic Bonferroni bounds,,,,,,
318,1.0,validation,source,concentration,standard_c1:E2,standard_c1,1.0,2.0,1.9909995955023065,0.8508232864823064,0.8182517450876348,0.032571541394671666,,,1143,0.272266152455476,0.6984044395572326,,0.05,36,cluster bounded differences plus within-pair bias; assumption-dependent sensitivity,0.11984730553040214,0.23969461106080428,0.00042573145600157953,False,,
318,1.0,validation,source,sandwich,standard_c1:E8,standard_c1,1.0,8.0,7.998197999765249,0.8508232864823064,0.8185479061005055,0.03227538038180089,0.004932160044552697,0.009964510094743485,1143,0.04706122449748211,0.7886758639082148,True,0.05,36,paired cluster influence sandwich; asymptotic Bonferroni bounds,,,,,,
318,1.0,validation,source,concentration,standard_c1:E8,standard_c1,1.0,8.0,7.998197999765249,0.8508232864823064,0.8185479061005055,0.03227538038180089,,,1143,0.2719699914426052,0.6987006005701034,,0.05,36,cluster bounded differences plus within-pair bias; assumption-dependent sensitivity,0.11984730553040214,0.23969461106080428,0.00042573145600157953,False,,
318,1.0,validation,source,sandwich,standard_c5:E2,standard_c5,5.0,2.0,1.9909995955023065,0.8508232864823064,0.8480241535759385,0.002799132906367907,0.0022154665040494802,0.008927210745691852,1143,0.009440754848171636,0.8212617725336978,True,0.05,36,paired cluster influence sandwich; asymptotic Bonferroni bounds,,,,,,
318,1.0,validation,source,concentration,standard_c5:E2,standard_c5,5.0,2.0,1.9909995955023065,0.8508232864823064,0.8480241535759385,0.002799132906367907,,,1143,0.2424937439671722,0.7281768480455364,,0.05,36,cluster bounded differences plus within-pair bias; assumption-dependent sensitivity,0.11984730553040214,0.23969461106080428,0.00042573145600157953,False,,
318,1.0,validation,source,sandwich,standard_c5:E8,standard_c5,5.0,8.0,7.998197999765249,0.8508232864823064,0.8510207271575536,-0.00019744067524718467,0.0007391226741260151,0.008856896914951933,1143,0.00201833345683166,0.8244691359783963,True,0.05,36,paired cluster influence sandwich; asymptotic Bonferroni bounds,,,,,,
318,1.0,validation,source,concentration,standard_c5:E8,standard_c5,5.0,8.0,7.998197999765249,0.8508232864823064,0.8510207271575536,-0.00019744067524718467,,,1143,0.2394971703855571,0.7311734216271515,,0.05,36,cluster bounded differences plus within-pair bias; assumption-dependent sensitivity,0.11984730553040214,0.23969461106080428,0.00042573145600157953,False,,
318,1.0,validation,source,sandwich,auto_s:E2,auto_s,1.0,2.0,1.9909995955023065,0.8508232864823064,0.800728885159454,0.05009440132285248,0.006451167584710076,0.010539672306735902,1143,0.06943399237627085,0.7691325966469038,True,0.05,36,paired cluster influence sandwich; asymptotic Bonferroni bounds,,,,,,
318,1.0,validation,source,concentration,auto_s:E2,auto_s,1.0,2.0,1.9909995955023065,0.8508232864823064,0.800728885159454,0.05009440132285248,,,1143,0.2897890123836568,0.6808815796290518,,0.05,36,cluster bounded differences plus within-pair bias; assumption-dependent sensitivity,0.11984730553040214,0.23969461106080428,0.00042573145600157953,False,,
318,1.0,validation,source,sandwich,auto_s:E8,auto_s,1.0,8.0,7.998197999765249,0.8508232864823064,0.8010558962778318,0.049767390204474626,0.0064073692918581145,0.01052472320308782,1143,0.0689756808287114,0.7695044228390451,True,0.05,36,paired cluster influence sandwich; asymptotic Bonferroni bounds,,,,,,
318,1.0,validation,source,concentration,auto_s:E8,auto_s,1.0,8.0,7.998197999765249,0.8508232864823064,0.8010558962778318,0.049767390204474626,,,1143,0.28946200126527893,0.6812085907474297,,0.05,36,cluster bounded differences plus within-pair bias; assumption-dependent sensitivity,0.11984730553040214,0.23969461106080428,0.00042573145600157953,False,,
318,1.0,validation,state_OR,sandwich,standard_c1:E2,standard_c1,1.0,2.0,1.9909995955023065,0.8250938756082083,0.8029196195613849,0.022174256046823437,0.006086541715967112,0.01015261323034041,1226,0.04041805888986411,0.7724881721550401,True,0.05,36,paired cluster influence sandwich; asymptotic Bonferroni bounds,,,,,,
318,1.0,validation,state_OR,concentration,standard_c1:E2,standard_c1,1.0,2.0,1.9909995955023065,0.8250938756082083,0.8029196195613849,0.022174256046823437,,,1226,0.2533833505568247,0.6873150723063843,,0.05,36,cluster bounded differences plus within-pair bias; assumption-dependent sensitivity,0.11560454725500065,0.2312090945100013,0.0004032684577956421,False,,
318,1.0,validation,state_OR,sandwich,standard_c1:E8,standard_c1,1.0,8.0,7.998197999765249,0.8250938756082083,0.8043079208095338,0.02078595479867451,0.00608988782268463,0.010120255142118208,1226,0.039039787263476594,0.7739734635511996,True,0.05,36,paired cluster influence sandwich; asymptotic Bonferroni bounds,,,,,,
318,1.0,validation,state_OR,concentration,standard_c1:E8,standard_c1,1.0,8.0,7.998197999765249,0.8250938756082083,0.8043079208095338,0.02078595479867451,,,1226,0.2519950493086758,0.6887033735545333,,0.05,36,cluster bounded differences plus within-pair bias; assumption-dependent sensitivity,0.11560454725500065,0.2312090945100013,0.0004032684577956421,False,,
318,1.0,validation,state_OR,sandwich,standard_c5:E2,standard_c5,5.0,2.0,1.9909995955023065,0.8250938756082083,0.8146871253790282,0.01040675022918014,0.0028700873743924796,0.009797230674558321,1226,0.019009551400057646,0.7853209018032432,True,0.05,36,paired cluster influence sandwich; asymptotic Bonferroni bounds,,,,,,
318,1.0,validation,state_OR,concentration,standard_c5:E2,standard_c5,5.0,2.0,1.9909995955023065,0.8250938756082083,0.8146871253790282,0.01040675022918014,,,1226,0.24161584473918143,0.6990825781240276,,0.05,36,cluster bounded differences plus within-pair bias; assumption-dependent sensitivity,0.11560454725500065,0.2312090945100013,0.0004032684577956421,False,,
318,1.0,validation,state_OR,sandwich,standard_c5:E8,standard_c5,5.0,8.0,7.998197999765249,0.8250938756082083,0.8228637790000706,0.002230096608137777,0.0009057771642166874,0.009608078216919686,1226,0.004945073482500994,0.7940645210848318,True,0.05,36,paired cluster influence sandwich; asymptotic Bonferroni bounds,,,,,,
318,1.0,validation,state_OR,concentration,standard_c5:E8,standard_c5,5.0,8.0,7.998197999765249,0.8250938756082083,0.8228637790000706,0.002230096608137777,,,1226,0.23343919111813907,0.70725923174507,,0.05,36,cluster bounded differences plus within-pair bias; assumption-dependent sensitivity,0.11560454725500065,0.2312090945100013,0.0004032684577956421,False,,
318,1.0,validation,state_OR,sandwich,auto_s:E2,auto_s,1.0,2.0,1.9909995955023065,0.8250938756082083,0.7883936913828363,0.03670018422537202,0.0074836127401487085,0.01053258214983445,1226,0.05913156837686416,0.7568233249684204,True,0.05,36,paired cluster influence sandwich; asymptotic Bonferroni bounds,,,,,,
318,1.0,validation,state_OR,concentration,auto_s:E2,auto_s,1.0,2.0,1.9909995955023065,0.8250938756082083,0.7883936913828363,0.03670018422537202,,,1226,0.2679092787353733,0.6727891441278357,,0.05,36,cluster bounded differences plus within-pair bias; assumption-dependent sensitivity,0.11560454725500065,0.2312090945100013,0.0004032684577956421,False,,
318,1.0,validation,state_OR,sandwich,auto_s:E8,auto_s,1.0,8.0,7.998197999765249,0.8250938756082083,0.7891275077568577,0.035966367851350656,0.007523890009795841,0.010525762085941885,1226,0.058518479108774,0.7575775838049829,True,0.05,36,paired cluster influence sandwich; asymptotic Bonferroni bounds,,,,,,
318,1.0,validation,state_OR,concentration,auto_s:E8,auto_s,1.0,8.0,7.998197999765249,0.8250938756082083,0.7891275077568577,0.035966367851350656,,,1226,0.2671754623613519,0.6735229605018571,,0.05,36,cluster bounded differences plus within-pair bias; assumption-dependent sensitivity,0.11560454725500065,0.2312090945100013,0.0004032684577956421,False,,
318,1.0,validation,state_WA,sandwich,standard_c1:E2,standard_c1,1.0,2.0,1.9909995955023065,0.8375199924734217,0.8127350117189237,0.024784980754497976,0.004878823741337335,0.009699155692772729,1187,0.03940974721995726,0.7836608138303873,True,0.05,36,paired cluster influence sandwich; asymptotic Bonferroni bounds,,,,,,
318,1.0,validation,state_WA,concentration,standard_c1:E2,standard_c1,1.0,2.0,1.9909995955023065,0.8375199924734217,0.8127350117189237,0.024784980754497976,,,1187,0.25932191721475856,0.6954665434887934,,0.05,36,cluster bounded differences plus within-pair bias; assumption-dependent sensitivity,0.11726846823013029,0.23453693646026058,0.0004590385623408486,False,,
318,1.0,validation,state_WA,sandwich,standard_c1:E8,standard_c1,1.0,8.0,7.998197999765249,0.8375199924734217,0.8134628566465991,0.024057135826822562,0.004785375818746878,0.009680766759902884,1187,0.03840178271489512,0.784443781439887,True,0.05,36,paired cluster influence sandwich; asymptotic Bonferroni bounds,,,,,,
318,1.0,validation,state_WA,concentration,standard_c1:E8,standard_c1,1.0,8.0,7.998197999765249,0.8375199924734217,0.8134628566465991,0.024057135826822562,,,1187,0.25859407228708314,0.6961943884164689,,0.05,36,cluster bounded differences plus within-pair bias; assumption-dependent sensitivity,0.11726846823013029,0.23453693646026058,0.0004590385623408486,False,,
318,1.0,validation,state_WA,sandwich,standard_c5:E2,standard_c5,5.0,2.0,1.9909995955023065,0.8375199924734217,0.8303821496031487,0.00713784287027297,0.002849702348882102,0.00918196136746538,1187,0.01568011321206803,0.8028582938925422,True,0.05,36,paired cluster influence sandwich; asymptotic Bonferroni bounds,,,,,,
318,1.0,validation,state_WA,concentration,standard_c5:E2,standard_c5,5.0,2.0,1.9909995955023065,0.8375199924734217,0.8303821496031487,0.00713784287027297,,,1187,0.24167477933053355,0.7131136813730184,,0.05,36,cluster bounded differences plus within-pair bias; assumption-dependent sensitivity,0.11726846823013029,0.23453693646026058,0.0004590385623408486,False,,
318,1.0,validation,state_WA,sandwich,standard_c5:E8,standard_c5,5.0,8.0,7.998197999765249,0.8375199924734217,0.8372563554612664,0.00026363701215526003,0.0009222676668088331,0.009048506483383427,1187,0.003028227405417964,0.8101325442320452,True,0.05,36,paired cluster influence sandwich; asymptotic Bonferroni bounds,,,,,,
318,1.0,validation,state_WA,concentration,standard_c5:E8,standard_c5,5.0,8.0,7.998197999765249,0.8375199924734217,0.8372563554612664,0.00026363701215526003,,,1187,0.23480057347241584,0.7199878872311362,,0.05,36,cluster bounded differences plus within-pair bias; assumption-dependent sensitivity,0.11726846823013029,0.23453693646026058,0.0004590385623408486,False,,
318,1.0,validation,state_WA,sandwich,auto_s:E2,auto_s,1.0,2.0,1.9909995955023065,0.8375199924734217,0.7996120917374093,0.03790790073601236,0.005987944496201144,0.010029698360839044,1187,0.05585736858070837,0.7695470588477268,True,0.05,36,paired cluster influence sandwich; asymptotic Bonferroni bounds,,,,,,
318,1.0,validation,state_WA,concentration,auto_s:E2,auto_s,1.0,2.0,1.9909995955023065,0.8375199924734217,0.7996120917374093,0.03790790073601236,,,1187,0.27244483719627294,0.6823436235072791,,0.05,36,cluster bounded differences plus within-pair bias; assumption-dependent sensitivity,0.11726846823013029,0.23453693646026058,0.0004590385623408486,False,,
318,1.0,validation,state_WA,sandwich,auto_s:E8,auto_s,1.0,8.0,7.998197999765249,0.8375199924734217,0.7999005416448262,0.037619450828595524,0.005940344701551292,0.010025137671415954,1187,0.05542623348574117,0.7698491798818886,True,0.05,36,paired cluster influence sandwich; asymptotic Bonferroni bounds,,,,,,
318,1.0,validation,state_WA,concentration,auto_s:E8,auto_s,1.0,8.0,7.998197999765249,0.8375199924734217,0.7999005416448262,0.037619450828595524,,,1187,0.2721563872888561,0.6826320734146959,,0.05,36,cluster bounded differences plus within-pair bias; assumption-dependent sensitivity,0.11726846823013029,0.23453693646026058,0.0004590385623408486,False,,
318,1.0,test,source,evaluation,standard_c1:E2,standard_c1,1.0,2.0,1.9909995955023065,0.8613199665831245,0.8325754194535737,0.028744547129550768,0.004732075783464004,0.009196175407937521,1152,0.04293032793118293,0.8050071947420782,True,0.05,36,paired cluster influence sandwich; asymptotic Bonferroni bounds,,,,,0.02782277403762623,0.0009217730919245382
318,1.0,test,source,evaluation,standard_c1:E8,standard_c1,1.0,8.0,7.998197999765249,0.8613199665831245,0.8333276112656068,0.027992355317517648,0.004666647334897036,0.009179860002223693,1152,0.04198199521354444,0.8058082967533002,True,0.05,36,paired cluster influence sandwich; asymptotic Bonferroni bounds,,,,,0.02782277403762623,0.00016958127989141758
318,1.0,test,source,evaluation,standard_c5:E2,standard_c5,5.0,2.0,1.9909995955023065,0.8613199665831245,0.8536232653031498,0.0076967012799746826,0.0023294531045241484,0.008584726776171192,1152,0.014679918083884616,0.8278880366505943,True,0.05,36,paired cluster influence sandwich; asymptotic Bonferroni bounds,,,,,-2.6009398756410285e-05,0.007722710678731093
318,1.0,test,source,evaluation,standard_c5:E8,standard_c5,5.0,8.0,7.998197999765249,0.8613199665831245,0.8601797145416468,0.0011402520414777184,0.0007465232952837337,0.008388979918739397,1152,0.0033781738996215443,0.8350312943298689,True,0.05,36,paired cluster influence sandwich; asymptotic Bonferroni bounds,,,,,-2.6009398756410285e-05,0.0011662614402341287
318,1.0,test,source,evaluation,auto_s:E2,auto_s,1.0,2.0,1.9909995955023065,0.8613199665831245,0.8165931641057813,0.044726802477343175,0.006082651571546106,0.0096394222271697,1152,0.06296132910690022,0.7876961774499778,True,0.05,36,paired cluster influence sandwich; asymptotic Bonferroni bounds,,,,,0.04404743698182789,0.0006793654955152828
318,1.0,test,source,evaluation,auto_s:E8,auto_s,1.0,8.0,7.998197999765249,0.8613199665831245,0.8171736938860226,0.04414627269710192,0.006043094594841457,0.009639769973469176,1152,0.06226221572267944,0.7882756647590067,True,0.05,36,paired cluster influence sandwich; asymptotic Bonferroni bounds,,,,,0.04404743698182789,9.883571527402601e-05
318,1.0,test,state_CO,evaluation,standard_c1:E2,standard_c1,1.0,2.0,1.9909995955023065,0.8352425961065132,0.8140932728596133,0.021149323246899887,0.004967179576877454,0.009533368960520431,1200,0.03603860612455388,0.7855166882941995,True,0.05,36,paired cluster influence sandwich; asymptotic Bonferroni bounds,,,,,0.01895308378106575,0.0021962394658341378
318,1.0,test,state_CO,evaluation,standard_c1:E8,standard_c1,1.0,8.0,7.998197999765249,0.8352425961065132,0.8156868086789326,0.019555787427580573,0.0048976484163654275,0.009522479814319742,1200,0.03423664838256152,0.7871428646846053,True,0.05,36,paired cluster influence sandwich; asymptotic Bonferroni bounds,,,,,0.01895308378106575,0.0006027036465148239
318,1.0,test,state_CO,evaluation,standard_c5:E2,standard_c5,5.0,2.0,1.9909995955023065,0.8352425961065132,0.8229276671477076,0.012314928958805593,0.002994640244085921,0.009414611508740903,1200,0.021291460815749595,0.7947070619194625,True,0.05,36,paired cluster influence sandwich; asymptotic Bonferroni bounds,,,,,-0.0004964679252270621,0.012811396884032655
318,1.0,test,state_CO,evaluation,standard_c5:E8,standard_c5,5.0,8.0,7.998197999765249,0.8352425961065132,0.8331599552337396,0.0020826408727735446,0.0009652129559742366,0.0091909270673181,1200,0.004975898206487929,0.8056098514182435,True,0.05,36,paired cluster influence sandwich; asymptotic Bonferroni bounds,,,,,-0.0004964679252270621,0.0025791087980006067
318,1.0,test,state_CO,evaluation,auto_s:E2,auto_s,1.0,2.0,1.9909995955023065,0.8352425961065132,0.8019392752409762,0.033303320865537,0.006203140490597311,0.009787334611432675,1200,0.0518974369156746,0.77260142034919,True,0.05,36,paired cluster influence sandwich; asymptotic Bonferroni bounds,,,,,0.03251128623058808,0.0007920346349489238
318,1.0,test,state_CO,evaluation,auto_s:E8,auto_s,1.0,8.0,7.998197999765249,0.8352425961065132,0.8025830006016518,0.032659595504861416,0.006167173648061971,0.009790136127454871,1200,0.051145899770778935,0.773236748074166,True,0.05,36,paired cluster influence sandwich; asymptotic Bonferroni bounds,,,,,0.03251128623058808,0.0001483092742733394
318,1.0,test,state_UT,evaluation,standard_c1:E2,standard_c1,1.0,2.0,1.9909995955023065,0.8736309341430734,0.8482097534652514,0.025421180677821953,0.004694327050711299,0.009164174670248028,1113,0.0394948670621601,0.8207353745208138,True,0.05,36,paired cluster influence sandwich; asymptotic Bonferroni bounds,,,,,0.024256188520654254,0.001164992157167699
318,1.0,test,state_UT,evaluation,standard_c1:E8,standard_c1,1.0,8.0,7.998197999765249,0.8736309341430734,0.8491243694865804,0.024506564656492924,0.004634708893184186,0.0091324926031613,1113,0.038401514612204625,0.8217449740129086,True,0.05,36,paired cluster influence sandwich; asymptotic Bonferroni bounds,,,,,0.024256188520654254,0.00025037613583867024
318,1.0,test,state_UT,evaluation,standard_c5:E2,standard_c5,5.0,2.0,1.9909995955023065,0.8736309341430734,0.865420540446607,0.008210393696466367,0.0024118895437629574,0.008396046348259517,1113,0.015441286786337672,0.8402490255740189,True,0.05,36,paired cluster influence sandwich; asymptotic Bonferroni bounds,,,,,-1.3147605306684795e-05,0.008223541301773052
318,1.0,test,state_UT,evaluation,standard_c5:E8,standard_c5,5.0,8.0,7.998197999765249,0.8736309341430734,0.8715084533385771,0.002122480804496285,0.0007609270869551626,0.008213893269678656,1113,0.004403755429691454,0.8468830370386269,True,0.05,36,paired cluster influence sandwich; asymptotic Bonferroni bounds,,,,,-1.3147605306684795e-05,0.00213562840980297
318,1.0,test,state_UT,evaluation,auto_s:E2,auto_s,1.0,2.0,1.9909995955023065,0.8736309341430734,0.837507031110664,0.03612390303240931,0.005927522461131264,0.009599752588526507,1113,0.053894733921032896,0.808726780855691,True,0.05,36,paired cluster influence sandwich; asymptotic Bonferroni bounds,,,,,0.035541978588838896,0.0005819244435704141
318,1.0,test,state_UT,evaluation,auto_s:E8,auto_s,1.0,8.0,7.998197999765249,0.8736309341430734,0.8380014953971949,0.03562943874587843,0.0059066045145042675,0.009583425053252935,1113,0.0533375572121564,0.809270195419522,True,0.05,36,paired cluster influence sandwich; asymptotic Bonferroni bounds,,,,,0.035541978588838896,8.74601570395317e-05
319,1.0,validation,source,sandwich,standard_c1:E2,standard_c1,1.0,2.0,1.9909995955023065,0.8645725172660157,0.8425662194702442,0.022006297795771457,0.00443394218755156,0.009572510231074886,1149,0.03529841116070985,0.8138696587582649,True,0.05,36,paired cluster influence sandwich; asymptotic Bonferroni bounds,,,,,,
319,1.0,validation,source,concentration,standard_c1:E2,standard_c1,1.0,2.0,1.9909995955023065,0.8645725172660157,0.8425662194702442,0.022006297795771457,,,1149,0.26060469033571765,0.7232670232002711,,0.05,36,cluster bounded differences plus within-pair bias; assumption-dependent sensitivity,0.1192991962699731,0.2385983925399462,0.0004233812283347887,False,,
319,1.0,validation,source,sandwich,standard_c1:E8,standard_c1,1.0,8.0,7.998197999765249,0.8645725172660157,0.8424127437749729,0.02215977349104281,0.004431327610023492,0.00959558154530104,1149,0.0354440488510108,0.8136470196613973,True,0.05,36,paired cluster influence sandwich; asymptotic Bonferroni bounds,,,,,,
319,1.0,validation,source,concentration,standard_c1:E8,standard_c1,1.0,8.0,7.998197999765249,0.8645725172660157,0.8424127437749729,0.02215977349104281,,,1149,0.260758166030989,0.7231135475049998,,0.05,36,cluster bounded differences plus within-pair bias; assumption-dependent sensitivity,0.1192991962699731,0.2385983925399462,0.0004233812283347887,False,,
319,1.0,validation,source,sandwich,standard_c5:E2,standard_c5,5.0,2.0,1.9909995955023065,0.8645725172660157,0.8542578920907096,0.010314625175306125,0.002841582219656764,0.008991495304487573,1149,0.018833146933553962,0.8273031033604674,True,0.05,36,paired cluster influence sandwich; asymptotic Bonferroni bounds,,,,,,
319,1.0,validation,source,concentration,standard_c5:E2,standard_c5,5.0,2.0,1.9909995955023065,0.8645725172660157,0.8542578920907096,0.010314625175306125,,,1149,0.24891301771525232,0.7349586958207365,,0.05,36,cluster bounded differences plus within-pair bias; assumption-dependent sensitivity,0.1192991962699731,0.2385983925399462,0.0004233812283347887,False,,
319,1.0,validation,source,sandwich,standard_c5:E8,standard_c5,5.0,8.0,7.998197999765249,0.8645725172660157,0.8638898150353258,0.0006827022306898911,0.0009861107138301255,0.008806283264412284,1149,0.003638874152689704,0.8374902566912948,True,0.05,36,paired cluster influence sandwich; asymptotic Bonferroni bounds,,,,,,
319,1.0,validation,source,concentration,standard_c5:E8,standard_c5,5.0,8.0,7.998197999765249,0.8645725172660157,0.8638898150353258,0.0006827022306898911,,,1149,0.23928109477063608,0.7445906187653527,,0.05,36,cluster bounded differences plus within-pair bias; assumption-dependent sensitivity,0.1192991962699731,0.2385983925399462,0.0004233812283347887,False,,
319,1.0,validation,source,sandwich,auto_s:E2,auto_s,1.0,2.0,1.9909995955023065,0.8645725172660157,0.8276642586859305,0.036908258580085174,0.0059025997526803665,0.010038309177477422,1149,0.05460312733158993,0.7975713215353422,True,0.05,36,paired cluster influence sandwich; asymptotic Bonferroni bounds,,,,,,
319,1.0,validation,source,concentration,auto_s:E2,auto_s,1.0,2.0,1.9909995955023065,0.8645725172660157,0.8276642586859305,0.036908258580085174,,,1149,0.27550665112003137,0.7083650624159574,,0.05,36,cluster bounded differences plus within-pair bias; assumption-dependent sensitivity,0.1192991962699731,0.2385983925399462,0.0004233812283347887,False,,
319,1.0,validation,source,sandwich,auto_s:E8,auto_s,1.0,8.0,7.998197999765249,0.8645725172660157,0.8269715011510677,0.03760101611494804,0.005928959177562312,0.010060827505945608,1149,0.05537490539692996,0.796811058344761,True,0.05,36,paired cluster influence sandwich; asymptotic Bonferroni bounds,,,,,,
319,1.0,validation,source,concentration,auto_s:E8,auto_s,1.0,8.0,7.998197999765249,0.8645725172660157,0.8269715011510677,0.03760101611494804,,,1149,0.27619940865489423,0.7076723048810946,,0.05,36,cluster bounded differences plus within-pair bias; assumption-dependent sensitivity,0.1192991962699731,0.2385983925399462,0.0004233812283347887,False,,
319,1.0,validation,state_OR,sandwich,standard_c1:E2,standard_c1,1.0,2.0,1.9909995955023065,0.8317496790943167,0.8121992031074134,0.019550475986903293,0.005840446330592806,0.00987041880783834,1187,0.03705780319679246,0.7826116267500548,True,0.05,36,paired cluster influence sandwich; asymptotic Bonferroni bounds,,,,,,
319,1.0,validation,state_OR,concentration,standard_c1:E2,standard_c1,1.0,2.0,1.9909995955023065,0.8317496790943167,0.8121992031074134,0.019550475986903293,,,1187,0.2563300390709903,0.69380942156537,,0.05,36,cluster bounded differences plus within-pair bias; assumption-dependent sensitivity,0.11838978154204349,0.23677956308408699,0.00044642906843278904,False,,
319,1.0,validation,state_OR,sandwich,standard_c1:E8,standard_c1,1.0,8.0,7.998197999765249,0.8317496790943167,0.8116136128580479,0.020136066236268846,0.005815490331392633,0.009879283179335858,1187,0.03756858532035459,0.7819994646526603,True,0.05,36,paired cluster influence sandwich; asymptotic Bonferroni bounds,,,,,,
319,1.0,validation,state_OR,concentration,standard_c1:E8,standard_c1,1.0,8.0,7.998197999765249,0.8317496790943167,0.8116136128580479,0.020136066236268846,,,1187,0.25691562932035583,0.6932238313160043,,0.05,36,cluster bounded differences plus within-pair bias; assumption-dependent sensitivity,0.11838978154204349,0.23677956308408699,0.00044642906843278904,False,,
319,1.0,validation,state_OR,sandwich,standard_c5:E2,standard_c5,5.0,2.0,1.9909995955023065,0.8317496790943167,0.819313122676704,0.012436556417612765,0.0038401964131515296,0.009676462233761136,1187,0.02394793266348652,0.7903069507214527,True,0.05,36,paired cluster influence sandwich; asymptotic Bonferroni bounds,,,,,,
319,1.0,validation,state_OR,concentration,standard_c5:E2,standard_c5,5.0,2.0,1.9909995955023065,0.8317496790943167,0.819313122676704,0.012436556417612765,,,1187,0.24921611950169975,0.7009233411346604,,0.05,36,cluster bounded differences plus within-pair bias; assumption-dependent sensitivity,0.11838978154204349,0.23677956308408699,0.00044642906843278904,False,,
319,1.0,validation,state_OR,sandwich,standard_c5:E8,standard_c5,5.0,8.0,7.998197999765249,0.8317496790943167,0.8306452959624332,0.0011043831318835462,0.0013659851766415652,0.00948837810683374,1187,0.005199061534466314,0.8022029251563948,True,0.05,36,paired cluster influence sandwich; asymptotic Bonferroni bounds,,,,,,
319,1.0,validation,state_OR,concentration,standard_c5:E8,standard_c5,5.0,8.0,7.998197999765249,0.8317496790943167,0.8306452959624332,0.0011043831318835462,,,1187,0.23788394621597053,0.7122555144203896,,0.05,36,cluster bounded differences plus within-pair bias; assumption-dependent sensitivity,0.11838978154204349,0.23677956308408699,0.00044642906843278904,False,,
319,1.0,validation,state_OR,sandwich,auto_s:E2,auto_s,1.0,2.0,1.9909995955023065,0.8317496790943167,0.7975104621375826,0.03423921695673415,0.0075421345216749106,0.010254190850733536,1187,0.056847526229316964,0.7667724903568844,True,0.05,36,paired cluster influence sandwich; asymptotic Bonferroni bounds,,,,,,
319,1.0,validation,state_OR,concentration,auto_s:E2,auto_s,1.0,2.0,1.9909995955023065,0.8317496790943167,0.7975104621375826,0.03423921695673415,,,1187,0.27101878004082114,0.6791206805955391,,0.05,36,cluster bounded differences plus within-pair bias; assumption-dependent sensitivity,0.11838978154204349,0.23677956308408699,0.00044642906843278904,False,,
319,1.0,validation,state_OR,sandwich,auto_s:E8,auto_s,1.0,8.0,7.998197999765249,0.8317496790943167,0.7967228098535022,0.03502686924081455,0.007538698570094366,0.010260532513982061,1187,0.05762487890182781,0.765965828297307,True,0.05,36,paired cluster influence sandwich; asymptotic Bonferroni bounds,,,,,,
319,1.0,validation,state_OR,concentration,auto_s:E8,auto_s,1.0,8.0,7.998197999765249,0.8317496790943167,0.7967228098535022,0.03502686924081455,,,1187,0.27180643232490154,0.6783330283114587,,0.05,36,cluster bounded differences plus within-pair bias; assumption-dependent sensitivity,0.11838978154204349,0.23677956308408699,0.00044642906843278904,False,,
319,1.0,validation,state_WA,sandwich,standard_c1:E2,standard_c1,1.0,2.0,1.9909995955023065,0.8391858539626311,0.820549341457517,0.01863651250511411,0.005096333789961391,0.009654505453103413,1194,0.03391309899397511,0.7916093438749349,True,0.05,36,paired cluster influence sandwich; asymptotic Bonferroni bounds,,,,,,
319,1.0,validation,state_WA,concentration,standard_c1:E2,standard_c1,1.0,2.0,1.9909995955023065,0.8391858539626311,0.820549341457517,0.01863651250511411,,,1194,0.24971651630746897,0.7050093395563396,,0.05,36,cluster bounded differences plus within-pair bias; assumption-dependent sensitivity,0.11554000190117743,0.23108000380235486,0.00043668166824640685,False,,
319,1.0,validation,state_WA,sandwich,standard_c1:E8,standard_c1,1.0,8.0,7.998197999765249,0.8391858539626311,0.8200545035857891,0.019131350376841993,0.0050990506998802865,0.009669394860851365,1194,0.034416080976954144,0.7910698740511795,True,0.05,36,paired cluster influence sandwich; asymptotic Bonferroni bounds,,,,,,
319,1.0,validation,state_WA,concentration,standard_c1:E8,standard_c1,1.0,8.0,7.998197999765249,0.8391858539626311,0.8200545035857891,0.019131350376841993,,,1194,0.2502113541791968,0.7045145016846117,,0.05,36,cluster bounded differences plus within-pair bias; assumption-dependent sensitivity,0.11554000190117743,0.23108000380235486,0.00043668166824640685,False,,
319,1.0,validation,state_WA,sandwich,standard_c5:E2,standard_c5,5.0,2.0,1.9909995955023065,0.8391858539626311,0.8299441190304442,0.00924173493218694,0.0038564533999683953,0.009225796787308518,1194,0.020801700651254484,0.8022892030931107,True,0.05,36,paired cluster influence sandwich; asymptotic Bonferroni bounds,,,,,,
319,1.0,validation,state_WA,concentration,standard_c5:E2,standard_c5,5.0,2.0,1.9909995955023065,0.8391858539626311,0.8299441190304442,0.00924173493218694,,,1194,0.2403217387345418,0.7144041171292668,,0.05,36,cluster bounded differences plus within-pair bias; assumption-dependent sensitivity,0.11554000190117743,0.23108000380235486,0.00043668166824640685,False,,
319,1.0,validation,state_WA,sandwich,standard_c5:E8,standard_c5,5.0,8.0,7.998197999765249,0.8391858539626311,0.8400031016641856,-0.0008172477015544466,0.0014127420701757379,0.00895586668008961,1194,0.003417537010546543,0.8131573184875437,True,0.05,36,paired cluster influence sandwich; asymptotic Bonferroni bounds,,,,,,
319,1.0,validation,state_WA,concentration,standard_c5:E8,standard_c5,5.0,8.0,7.998197999765249,0.8391858539626311,0.8400031016641856,-0.0008172477015544466,,,1194,0.2302627561008004,0.7244630997630082,,0.05,36,cluster bounded differences plus within-pair bias; assumption-dependent sensitivity,0.11554000190117743,0.23108000380235486,0.00043668166824640685,False,,
319,1.0,validation,state_WA,sandwich,auto_s:E2,auto_s,1.0,2.0,1.9909995955023065,0.8391858539626311,0.8066449074041009,0.03254094655853024,0.006551641013303483,0.010048325433150793,1194,0.052179909528508275,0.7765244092432234,True,0.05,36,paired cluster influence sandwich; asymptotic Bonferroni bounds,,,,,,
319,1.0,validation,state_WA,concentration,auto_s:E2,auto_s,1.0,2.0,1.9909995955023065,0.8391858539626311,0.8066449074041009,0.03254094655853024,,,1194,0.26362095036088506,0.6911049055029235,,0.05,36,cluster bounded differences plus within-pair bias; assumption-dependent sensitivity,0.11554000190117743,0.23108000380235486,0.00043668166824640685,False,,
319,1.0,validation,state_WA,sandwich,auto_s:E8,auto_s,1.0,8.0,7.998197999765249,0.8391858539626311,0.8058807144846697,0.03330513947796143,0.006559583581426879,0.010061934927790516,1194,0.05296791080388344,0.7757194209931679,True,0.05,36,paired cluster influence sandwich; asymptotic Bonferroni bounds,,,,,,
319,1.0,validation,state_WA,concentration,auto_s:E8,auto_s,1.0,8.0,7.998197999765249,0.8391858539626311,0.8058807144846697,0.03330513947796143,,,1194,0.26438514328031626,0.6903407125834923,,0.05,36,cluster bounded differences plus within-pair bias; assumption-dependent sensitivity,0.11554000190117743,0.23108000380235486,0.00043668166824640685,False,,
319,1.0,test,source,evaluation,standard_c1:E2,standard_c1,1.0,2.0,1.9909995955023065,0.8589694544785604,0.8315271924543448,0.027442262024215625,0.004372460154298361,0.009406707334550237,1129,0.04055056839147775,0.8033265920378402,True,0.05,36,paired cluster influence sandwich; asymptotic Bonferroni bounds,,,,,0.027942922603518494,-0.0005006605793028696
319,1.0,test,source,evaluation,standard_c1:E8,standard_c1,1.0,8.0,7.998197999765249,0.8589694544785604,0.8314791123152051,0.02749034216335533,0.004446588484997492,0.009429581273974265,1129,0.04082087968539258,0.8032099375503439,True,0.05,36,paired cluster influence sandwich; asymptotic Bonferroni bounds,,,,,0.027942922603518494,-0.0004525804401631639
319,1.0,test,source,evaluation,standard_c5:E2,standard_c5,5.0,2.0,1.9909995955023065,0.8589694544785604,0.8500484982273062,0.00892095625125422,0.0027916189356340633,0.00891831449685289,1129,0.01729001965666187,0.8233120627701598,True,0.05,36,paired cluster influence sandwich; asymptotic Bonferroni bounds,,,,,0.00014110475617090668,0.008779851495083313
319,1.0,test,source,evaluation,standard_c5:E8,standard_c5,5.0,8.0,7.998197999765249,0.8589694544785604,0.8580590674961537,0.0009103869824067523,0.0010309135995681027,0.008703585337038728,1129,0.004000988342840227,0.8319663738945074,True,0.05,36,paired cluster influence sandwich; asymptotic Bonferroni bounds,,,,,0.00014110475617090668,0.0007692822262358456
319,1.0,test,source,evaluation,auto_s:E2,auto_s,1.0,2.0,1.9909995955023065,0.8589694544785604,0.8170989698307578,0.04187048464780263,0.005804909136324419,0.009835933580509165,1129,0.059273165223006144,0.7876115814426422,True,0.05,36,paired cluster influence sandwich; asymptotic Bonferroni bounds,,,,,0.04298259917051306,-0.0011121145227104279
319,1.0,test,source,evaluation,auto_s:E8,auto_s,1.0,8.0,7.998197999765249,0.8589694544785604,0.8164655662586127,0.04250388821994777,0.005907349905490076,0.009870167389656593,1129,0.0602136785089817,0.7868755474879237,True,0.05,36,paired cluster influence sandwich; asymptotic Bonferroni bounds,,,,,0.04298259917051306,-0.00047871095056528645
319,1.0,test,state_CO,evaluation,standard_c1:E2,standard_c1,1.0,2.0,1.9909995955023065,0.8302997970016142,0.8116555599926787,0.01864423700893547,0.004905799176931812,0.009718595291503252,1190,0.03334978712174928,0.7825232443533865,True,0.05,36,paired cluster influence sandwich; asymptotic Bonferroni bounds,,,,,0.020329997171334102,-0.0016857601623986307
319,1.0,test,state_CO,evaluation,standard_c1:E8,standard_c1,1.0,8.0,7.998197999765249,0.8302997970016142,0.8109203148138904,0.019379482187723784,0.004914226327670502,0.009734664575987135,1190,0.03411029340133413,0.7817398301281835,True,0.05,36,paired cluster influence sandwich; asymptotic Bonferroni bounds,,,,,0.020329997171334102,-0.0009505149836103177
319,1.0,test,state_CO,evaluation,standard_c5:E2,standard_c5,5.0,2.0,1.9909995955023065,0.8302997970016142,0.8216021689212799,0.008697628080334252,0.0035593634451860042,0.009361501424753699,1190,0.019367122616316547,0.7935402725068831,True,0.05,36,paired cluster influence sandwich; asymptotic Bonferroni bounds,,,,,-1.8719113462628556e-05,0.00871634719379688
319,1.0,test,state_CO,evaluation,standard_c5:E8,standard_c5,5.0,8.0,7.998197999765249,0.8302997970016142,0.8300252500041597,0.000274546997454439,0.0012045564557193892,0.009178750477222396,1190,0.003885307382141316,0.8025111650920607,True,0.05,36,paired cluster influence sandwich; asymptotic Bonferroni bounds,,,,,-1.8719113462628556e-05,0.00029326611091706756
319,1.0,test,state_CO,evaluation,auto_s:E2,auto_s,1.0,2.0,1.9909995955023065,0.8302997970016142,0.7973947153862793,0.0329050816153349,0.006394737275064238,0.010072980183409679,1190,0.052073850263453306,0.7672001009044949,True,0.05,36,paired cluster influence sandwich; asymptotic Bonferroni bounds,,,,,0.03440573054460161,-0.0015006489292667125
319,1.0,test,state_CO,evaluation,auto_s:E8,auto_s,1.0,8.0,7.998197999765249,0.8302997970016142,0.7965585949849416,0.03374120201667252,0.006427732172261756,0.010088637307967694,1190,0.0530088756742921,0.7663170469411612,True,0.05,36,paired cluster influence sandwich; asymptotic Bonferroni bounds,,,,,0.03440573054460161,-0.0006645285279290869
319,1.0,test,state_UT,evaluation,standard_c1:E2,standard_c1,1.0,2.0,1.9909995955023065,0.8671349638069131,0.8552959521392295,0.011839011667683641,0.00406998125830641,0.008760103777451636,1138,0.024040295743371146,0.8290342796799153,True,0.05,36,paired cluster influence sandwich; asymptotic Bonferroni bounds,,,,,0.013705100140188109,-0.001866088472504468
319,1.0,test,state_UT,evaluation,standard_c1:E8,standard_c1,1.0,8.0,7.998197999765249,0.8671349638069131,0.8543432283099048,0.012791735497008294,0.004118972954654275,0.008772200147862437,1138,0.025139890422105772,0.8280452924768058,True,0.05,36,paired cluster influence sandwich; asymptotic Bonferroni bounds,,,,,0.013705100140188109,-0.0009133646431798148
319,1.0,test,state_UT,evaluation,standard_c5:E2,standard_c5,5.0,2.0,1.9909995955023065,0.8671349638069131,0.8600827237482911,0.007052240058622039,0.0033220472777047197,0.00830904221182961,1138,0.017011313571654925,0.8351732762621378,True,0.05,36,paired cluster influence sandwich; asymptotic Bonferroni bounds,,,,,-0.00029519389608467783,0.007347433954706717
319,1.0,test,state_UT,evaluation,standard_c5:E8,standard_c5,5.0,8.0,7.998197999765249,0.8671349638069131,0.8681501992848203,-0.0010152354779071615,0.0012003292728839958,0.008114508155987105,1138,0.0025831984001189333,0.8438239400560786,True,0.05,36,paired cluster influence sandwich; asymptotic Bonferroni bounds,,,,,-0.00029519389608467783,-0.0007200415818224837
319,1.0,test,state_UT,evaluation,auto_s:E2,auto_s,1.0,2.0,1.9909995955023065,0.8671349638069131,0.8442365996441465,0.022898364162766582,0.005381879822421848,0.00914683793982299,1138,0.039032552604190585,0.8168155475520058,True,0.05,36,paired cluster influence sandwich; asymptotic Bonferroni bounds,,,,,0.0244571036964063,-0.0015587395336397192
319,1.0,test,state_UT,evaluation,auto_s:E8,auto_s,1.0,8.0,7.998197999765249,0.8671349638069131,0.8433018189732113,0.023833144833701803,0.0054462021051401915,0.009163597031415283,1138,0.040160163264758186,0.8158305252646133,True,0.05,36,paired cluster influence sandwich; asymptotic Bonferroni bounds,,,,,0.0244571036964063,-0.000623958862704499
