seed,strength,policy,uncertainty_bounds,safety_margin,selected_candidate,n_search_candidates,environment,abstained,failed,gap,auc,loss_violation,floor_violation
200,1.0,epsilon_source,False,0.0,mlp_base:C1:E2,2,state_CO,False,False,0.017245677107941226,0.8053006338190491,0.0,0.0
200,1.0,epsilon_source,False,0.0,mlp_base:C1:E2,2,state_UT,False,False,0.010199275426474919,0.849873512458108,0.0,0.0
200,1.0,epsilon_source,False,0.005,,2,state_CO,True,,,,,
200,1.0,epsilon_source,False,0.005,,2,state_UT,True,,,,,
200,1.0,epsilon_source,False,0.01,,2,state_CO,True,,,,,
200,1.0,epsilon_source,False,0.01,,2,state_UT,True,,,,,
200,1.0,epsilon_source,False,0.02,,2,state_CO,True,,,,,
200,1.0,epsilon_source,False,0.02,,2,state_UT,True,,,,,
200,1.0,epsilon_source,True,0.0,,2,state_CO,True,,,,,
200,1.0,epsilon_source,True,0.0,,2,state_UT,True,,,,,
200,1.0,epsilon_source,True,0.005,,2,state_CO,True,,,,,
200,1.0,epsilon_source,True,0.005,,2,state_UT,True,,,,,
200,1.0,epsilon_source,True,0.01,,2,state_CO,True,,,,,
200,1.0,epsilon_source,True,0.01,,2,state_UT,True,,,,,
200,1.0,epsilon_source,True,0.02,,2,state_CO,True,,,,,
200,1.0,epsilon_source,True,0.02,,2,state_UT,True,,,,,
200,1.0,epsilon_shift,False,0.0,mlp_base:C1:E2,2,state_CO,False,False,0.017245677107941226,0.8053006338190491,0.0,0.0
200,1.0,epsilon_shift,False,0.0,mlp_base:C1:E2,2,state_UT,False,False,0.010199275426474919,0.849873512458108,0.0,0.0
200,1.0,epsilon_shift,False,0.005,,2,state_CO,True,,,,,
200,1.0,epsilon_shift,False,0.005,,2,state_UT,True,,,,,
200,1.0,epsilon_shift,False,0.01,,2,state_CO,True,,,,,
200,1.0,epsilon_shift,False,0.01,,2,state_UT,True,,,,,
200,1.0,epsilon_shift,False,0.02,,2,state_CO,True,,,,,
200,1.0,epsilon_shift,False,0.02,,2,state_UT,True,,,,,
200,1.0,epsilon_shift,True,0.0,,2,state_CO,True,,,,,
200,1.0,epsilon_shift,True,0.0,,2,state_UT,True,,,,,
200,1.0,epsilon_shift,True,0.005,,2,state_CO,True,,,,,
200,1.0,epsilon_shift,True,0.005,,2,state_UT,True,,,,,
200,1.0,epsilon_shift,True,0.01,,2,state_CO,True,,,,,
200,1.0,epsilon_shift,True,0.01,,2,state_UT,True,,,,,
200,1.0,epsilon_shift,True,0.02,,2,state_CO,True,,,,,
200,1.0,epsilon_shift,True,0.02,,2,state_UT,True,,,,,
200,1.0,joint_clip_source,False,0.0,mlp_base:C5:E2,4,state_CO,False,False,0.015736484802214457,0.8068098261247759,0.0,0.0
200,1.0,joint_clip_source,False,0.0,mlp_base:C5:E2,4,state_UT,False,False,0.020861295756558484,0.8392114921280245,0.0,0.0
200,1.0,joint_clip_source,False,0.005,mlp_base:C5:E2,4,state_CO,False,False,0.015736484802214457,0.8068098261247759,0.0,0.0
200,1.0,joint_clip_source,False,0.005,mlp_base:C5:E2,4,state_UT,False,False,0.020861295756558484,0.8392114921280245,0.0,0.0
200,1.0,joint_clip_source,False,0.01,mlp_base:C5:E2,4,state_CO,False,False,0.015736484802214457,0.8068098261247759,0.0,0.0
200,1.0,joint_clip_source,False,0.01,mlp_base:C5:E2,4,state_UT,False,False,0.020861295756558484,0.8392114921280245,0.0,0.0
200,1.0,joint_clip_source,False,0.02,mlp_base:C5:E8,4,state_CO,False,False,0.0005360918072864207,0.822010219119704,0.0,0.0
200,1.0,joint_clip_source,False,0.02,mlp_base:C5:E8,4,state_UT,False,False,0.003672447436546711,0.8564003404480363,0.0,0.0
200,1.0,joint_clip_source,True,0.0,mlp_base:C5:E2,4,state_CO,False,False,0.015736484802214457,0.8068098261247759,0.0,0.0
200,1.0,joint_clip_source,True,0.0,mlp_base:C5:E2,4,state_UT,False,False,0.020861295756558484,0.8392114921280245,0.0,0.0
200,1.0,joint_clip_source,True,0.005,mlp_base:C5:E8,4,state_CO,False,False,0.0005360918072864207,0.822010219119704,0.0,0.0
200,1.0,joint_clip_source,True,0.005,mlp_base:C5:E8,4,state_UT,False,False,0.003672447436546711,0.8564003404480363,0.0,0.0
200,1.0,joint_clip_source,True,0.01,mlp_base:C5:E8,4,state_CO,False,False,0.0005360918072864207,0.822010219119704,0.0,0.0
200,1.0,joint_clip_source,True,0.01,mlp_base:C5:E8,4,state_UT,False,False,0.003672447436546711,0.8564003404480363,0.0,0.0
200,1.0,joint_clip_source,True,0.02,mlp_base:C5:E8,4,state_CO,False,False,0.0005360918072864207,0.822010219119704,0.0,0.0
200,1.0,joint_clip_source,True,0.02,mlp_base:C5:E8,4,state_UT,False,False,0.003672447436546711,0.8564003404480363,0.0,0.0
200,1.0,joint_clip_shift,False,0.0,mlp_base:C5:E2,4,state_CO,False,False,0.015736484802214457,0.8068098261247759,0.0,0.0
200,1.0,joint_clip_shift,False,0.0,mlp_base:C5:E2,4,state_UT,False,False,0.020861295756558484,0.8392114921280245,0.0,0.0
200,1.0,joint_clip_shift,False,0.005,mlp_base:C5:E2,4,state_CO,False,False,0.015736484802214457,0.8068098261247759,0.0,0.0
200,1.0,joint_clip_shift,False,0.005,mlp_base:C5:E2,4,state_UT,False,False,0.020861295756558484,0.8392114921280245,0.0,0.0
200,1.0,joint_clip_shift,False,0.01,mlp_base:C5:E2,4,state_CO,False,False,0.015736484802214457,0.8068098261247759,0.0,0.0
200,1.0,joint_clip_shift,False,0.01,mlp_base:C5:E2,4,state_UT,False,False,0.020861295756558484,0.8392114921280245,0.0,0.0
200,1.0,joint_clip_shift,False,0.02,mlp_base:C5:E8,4,state_CO,False,False,0.0005360918072864207,0.822010219119704,0.0,0.0
200,1.0,joint_clip_shift,False,0.02,mlp_base:C5:E8,4,state_UT,False,False,0.003672447436546711,0.8564003404480363,0.0,0.0
200,1.0,joint_clip_shift,True,0.0,mlp_base:C5:E2,4,state_CO,False,False,0.015736484802214457,0.8068098261247759,0.0,0.0
200,1.0,joint_clip_shift,True,0.0,mlp_base:C5:E2,4,state_UT,False,False,0.020861295756558484,0.8392114921280245,0.0,0.0
200,1.0,joint_clip_shift,True,0.005,mlp_base:C5:E8,4,state_CO,False,False,0.0005360918072864207,0.822010219119704,0.0,0.0
200,1.0,joint_clip_shift,True,0.005,mlp_base:C5:E8,4,state_UT,False,False,0.003672447436546711,0.8564003404480363,0.0,0.0
200,1.0,joint_clip_shift,True,0.01,mlp_base:C5:E8,4,state_CO,False,False,0.0005360918072864207,0.822010219119704,0.0,0.0
200,1.0,joint_clip_shift,True,0.01,mlp_base:C5:E8,4,state_UT,False,False,0.003672447436546711,0.8564003404480363,0.0,0.0
200,1.0,joint_clip_shift,True,0.02,mlp_base:C5:E8,4,state_CO,False,False,0.0005360918072864207,0.822010219119704,0.0,0.0
200,1.0,joint_clip_shift,True,0.02,mlp_base:C5:E8,4,state_UT,False,False,0.003672447436546711,0.8564003404480363,0.0,0.0
200,1.0,joint_recipe_source,False,0.0,mlp_base:C5:E2,12,state_CO,False,False,0.015736484802214457,0.8068098261247759,0.0,0.0
200,1.0,joint_recipe_source,False,0.0,mlp_base:C5:E2,12,state_UT,False,False,0.020861295756558484,0.8392114921280245,0.0,0.0
200,1.0,joint_recipe_source,False,0.005,mlp_base:C5:E2,12,state_CO,False,False,0.015736484802214457,0.8068098261247759,0.0,0.0
200,1.0,joint_recipe_source,False,0.005,mlp_base:C5:E2,12,state_UT,False,False,0.020861295756558484,0.8392114921280245,0.0,0.0
200,1.0,joint_recipe_source,False,0.01,mlp_base:C5:E2,12,state_CO,False,False,0.015736484802214457,0.8068098261247759,0.0,0.0
200,1.0,joint_recipe_source,False,0.01,mlp_base:C5:E2,12,state_UT,False,False,0.020861295756558484,0.8392114921280245,0.0,0.0
200,1.0,joint_recipe_source,False,0.02,mlp_stronger:C5:E8,12,state_CO,False,False,-8.761033426474274e-05,0.8226339212612551,0.0,0.0
200,1.0,joint_recipe_source,False,0.02,mlp_stronger:C5:E8,12,state_UT,False,False,-0.0015381546158214077,0.8616109425004044,0.0,0.0
200,1.0,joint_recipe_source,True,0.0,mlp_base:C5:E2,12,state_CO,False,False,0.015736484802214457,0.8068098261247759,0.0,0.0
200,1.0,joint_recipe_source,True,0.0,mlp_base:C5:E2,12,state_UT,False,False,0.020861295756558484,0.8392114921280245,0.0,0.0
200,1.0,joint_recipe_source,True,0.005,mlp_stronger:C5:E2,12,state_CO,False,False,0.009977148304479266,0.8125691626225111,0.0,0.0
200,1.0,joint_recipe_source,True,0.005,mlp_stronger:C5:E2,12,state_UT,False,False,0.00731538308077162,0.8527574048038113,0.0,0.0
200,1.0,joint_recipe_source,True,0.01,mlp_stronger:C5:E8,12,state_CO,False,False,-8.761033426474274e-05,0.8226339212612551,0.0,0.0
200,1.0,joint_recipe_source,True,0.01,mlp_stronger:C5:E8,12,state_UT,False,False,-0.0015381546158214077,0.8616109425004044,0.0,0.0
200,1.0,joint_recipe_source,True,0.02,mlp_stronger:C5:E8,12,state_CO,False,False,-8.761033426474274e-05,0.8226339212612551,0.0,0.0
200,1.0,joint_recipe_source,True,0.02,mlp_stronger:C5:E8,12,state_UT,False,False,-0.0015381546158214077,0.8616109425004044,0.0,0.0
200,1.0,joint_recipe_shift,False,0.0,mlp_base:C5:E2,12,state_CO,False,False,0.015736484802214457,0.8068098261247759,0.0,0.0
200,1.0,joint_recipe_shift,False,0.0,mlp_base:C5:E2,12,state_UT,False,False,0.020861295756558484,0.8392114921280245,0.0,0.0
200,1.0,joint_recipe_shift,False,0.005,mlp_base:C5:E2,12,state_CO,False,False,0.015736484802214457,0.8068098261247759,0.0,0.0
200,1.0,joint_recipe_shift,False,0.005,mlp_base:C5:E2,12,state_UT,False,False,0.020861295756558484,0.8392114921280245,0.0,0.0
200,1.0,joint_recipe_shift,False,0.01,mlp_base:C5:E2,12,state_CO,False,False,0.015736484802214457,0.8068098261247759,0.0,0.0
200,1.0,joint_recipe_shift,False,0.01,mlp_base:C5:E2,12,state_UT,False,False,0.020861295756558484,0.8392114921280245,0.0,0.0
200,1.0,joint_recipe_shift,False,0.02,mlp_stronger:C5:E8,12,state_CO,False,False,-8.761033426474274e-05,0.8226339212612551,0.0,0.0
200,1.0,joint_recipe_shift,False,0.02,mlp_stronger:C5:E8,12,state_UT,False,False,-0.0015381546158214077,0.8616109425004044,0.0,0.0
200,1.0,joint_recipe_shift,True,0.0,mlp_base:C5:E2,12,state_CO,False,False,0.015736484802214457,0.8068098261247759,0.0,0.0
200,1.0,joint_recipe_shift,True,0.0,mlp_base:C5:E2,12,state_UT,False,False,0.020861295756558484,0.8392114921280245,0.0,0.0
200,1.0,joint_recipe_shift,True,0.005,mlp_stronger:C5:E8,12,state_CO,False,False,-8.761033426474274e-05,0.8226339212612551,0.0,0.0
200,1.0,joint_recipe_shift,True,0.005,mlp_stronger:C5:E8,12,state_UT,False,False,-0.0015381546158214077,0.8616109425004044,0.0,0.0
200,1.0,joint_recipe_shift,True,0.01,mlp_stronger:C5:E8,12,state_CO,False,False,-8.761033426474274e-05,0.8226339212612551,0.0,0.0
200,1.0,joint_recipe_shift,True,0.01,mlp_stronger:C5:E8,12,state_UT,False,False,-0.0015381546158214077,0.8616109425004044,0.0,0.0
200,1.0,joint_recipe_shift,True,0.02,mlp_stronger:C5:E8,12,state_CO,False,False,-8.761033426474274e-05,0.8226339212612551,0.0,0.0
200,1.0,joint_recipe_shift,True,0.02,mlp_stronger:C5:E8,12,state_UT,False,False,-0.0015381546158214077,0.8616109425004044,0.0,0.0
200,1.0,joint_recipe_proxy,False,0.0,mlp_base:C5:E2,12,state_CO,False,False,0.015736484802214457,0.8068098261247759,0.0,0.0
200,1.0,joint_recipe_proxy,False,0.0,mlp_base:C5:E2,12,state_UT,False,False,0.020861295756558484,0.8392114921280245,0.0,0.0
200,1.0,joint_recipe_proxy,False,0.005,mlp_base:C5:E2,12,state_CO,False,False,0.015736484802214457,0.8068098261247759,0.0,0.0
200,1.0,joint_recipe_proxy,False,0.005,mlp_base:C5:E2,12,state_UT,False,False,0.020861295756558484,0.8392114921280245,0.0,0.0
200,1.0,joint_recipe_proxy,False,0.01,mlp_base:C5:E2,12,state_CO,False,False,0.015736484802214457,0.8068098261247759,0.0,0.0
200,1.0,joint_recipe_proxy,False,0.01,mlp_base:C5:E2,12,state_UT,False,False,0.020861295756558484,0.8392114921280245,0.0,0.0
200,1.0,joint_recipe_proxy,False,0.02,mlp_stronger:C5:E8,12,state_CO,False,False,-8.761033426474274e-05,0.8226339212612551,0.0,0.0
200,1.0,joint_recipe_proxy,False,0.02,mlp_stronger:C5:E8,12,state_UT,False,False,-0.0015381546158214077,0.8616109425004044,0.0,0.0
200,1.0,joint_recipe_proxy,True,0.0,mlp_base:C5:E2,12,state_CO,False,False,0.015736484802214457,0.8068098261247759,0.0,0.0
200,1.0,joint_recipe_proxy,True,0.0,mlp_base:C5:E2,12,state_UT,False,False,0.020861295756558484,0.8392114921280245,0.0,0.0
200,1.0,joint_recipe_proxy,True,0.005,mlp_stronger:C5:E2,12,state_CO,False,False,0.009977148304479266,0.8125691626225111,0.0,0.0
200,1.0,joint_recipe_proxy,True,0.005,mlp_stronger:C5:E2,12,state_UT,False,False,0.00731538308077162,0.8527574048038113,0.0,0.0
200,1.0,joint_recipe_proxy,True,0.01,mlp_stronger:C5:E8,12,state_CO,False,False,-8.761033426474274e-05,0.8226339212612551,0.0,0.0
200,1.0,joint_recipe_proxy,True,0.01,mlp_stronger:C5:E8,12,state_UT,False,False,-0.0015381546158214077,0.8616109425004044,0.0,0.0
200,1.0,joint_recipe_proxy,True,0.02,mlp_stronger:C5:E8,12,state_CO,False,False,-8.761033426474274e-05,0.8226339212612551,0.0,0.0
200,1.0,joint_recipe_proxy,True,0.02,mlp_stronger:C5:E8,12,state_UT,False,False,-0.0015381546158214077,0.8616109425004044,0.0,0.0
200,1.0,logistic_shift,False,0.0,logistic:C1:E2,4,state_CO,False,False,0.010799016678295859,0.8117472942486945,0.0,0.0
200,1.0,logistic_shift,False,0.0,logistic:C1:E2,4,state_UT,False,False,0.005011102336271556,0.8550616855483114,0.0,0.0
200,1.0,logistic_shift,False,0.005,logistic:C1:E2,4,state_CO,False,False,0.010799016678295859,0.8117472942486945,0.0,0.0
200,1.0,logistic_shift,False,0.005,logistic:C1:E2,4,state_UT,False,False,0.005011102336271556,0.8550616855483114,0.0,0.0
200,1.0,logistic_shift,False,0.01,logistic:C1:E2,4,state_CO,False,False,0.010799016678295859,0.8117472942486945,0.0,0.0
200,1.0,logistic_shift,False,0.01,logistic:C1:E2,4,state_UT,False,False,0.005011102336271556,0.8550616855483114,0.0,0.0
200,1.0,logistic_shift,False,0.02,logistic:C5:E8,4,state_CO,False,False,0.0017887109912380073,0.8207575999357524,0.0,0.0
200,1.0,logistic_shift,False,0.02,logistic:C5:E8,4,state_UT,False,False,-0.0008511200905657601,0.8609239079751487,0.0,0.0
200,1.0,logistic_shift,True,0.0,logistic:C5:E8,4,state_CO,False,False,0.0017887109912380073,0.8207575999357524,0.0,0.0
200,1.0,logistic_shift,True,0.0,logistic:C5:E8,4,state_UT,False,False,-0.0008511200905657601,0.8609239079751487,0.0,0.0
200,1.0,logistic_shift,True,0.005,logistic:C5:E8,4,state_CO,False,False,0.0017887109912380073,0.8207575999357524,0.0,0.0
200,1.0,logistic_shift,True,0.005,logistic:C5:E8,4,state_UT,False,False,-0.0008511200905657601,0.8609239079751487,0.0,0.0
200,1.0,logistic_shift,True,0.01,logistic:C5:E8,4,state_CO,False,False,0.0017887109912380073,0.8207575999357524,0.0,0.0
200,1.0,logistic_shift,True,0.01,logistic:C5:E8,4,state_UT,False,False,-0.0008511200905657601,0.8609239079751487,0.0,0.0
200,1.0,logistic_shift,True,0.02,,4,state_CO,True,,,,,
200,1.0,logistic_shift,True,0.02,,4,state_UT,True,,,,,
201,1.0,epsilon_source,False,0.0,,2,state_CO,True,,,,,
201,1.0,epsilon_source,False,0.0,,2,state_UT,True,,,,,
201,1.0,epsilon_source,False,0.005,,2,state_CO,True,,,,,
201,1.0,epsilon_source,False,0.005,,2,state_UT,True,,,,,
201,1.0,epsilon_source,False,0.01,,2,state_CO,True,,,,,
201,1.0,epsilon_source,False,0.01,,2,state_UT,True,,,,,
201,1.0,epsilon_source,False,0.02,,2,state_CO,True,,,,,
201,1.0,epsilon_source,False,0.02,,2,state_UT,True,,,,,
201,1.0,epsilon_source,True,0.0,,2,state_CO,True,,,,,
201,1.0,epsilon_source,True,0.0,,2,state_UT,True,,,,,
201,1.0,epsilon_source,True,0.005,,2,state_CO,True,,,,,
201,1.0,epsilon_source,True,0.005,,2,state_UT,True,,,,,
201,1.0,epsilon_source,True,0.01,,2,state_CO,True,,,,,
201,1.0,epsilon_source,True,0.01,,2,state_UT,True,,,,,
201,1.0,epsilon_source,True,0.02,,2,state_CO,True,,,,,
201,1.0,epsilon_source,True,0.02,,2,state_UT,True,,,,,
201,1.0,epsilon_shift,False,0.0,,2,state_CO,True,,,,,
201,1.0,epsilon_shift,False,0.0,,2,state_UT,True,,,,,
201,1.0,epsilon_shift,False,0.005,,2,state_CO,True,,,,,
201,1.0,epsilon_shift,False,0.005,,2,state_UT,True,,,,,
201,1.0,epsilon_shift,False,0.01,,2,state_CO,True,,,,,
201,1.0,epsilon_shift,False,0.01,,2,state_UT,True,,,,,
201,1.0,epsilon_shift,False,0.02,,2,state_CO,True,,,,,
201,1.0,epsilon_shift,False,0.02,,2,state_UT,True,,,,,
201,1.0,epsilon_shift,True,0.0,,2,state_CO,True,,,,,
201,1.0,epsilon_shift,True,0.0,,2,state_UT,True,,,,,
201,1.0,epsilon_shift,True,0.005,,2,state_CO,True,,,,,
201,1.0,epsilon_shift,True,0.005,,2,state_UT,True,,,,,
201,1.0,epsilon_shift,True,0.01,,2,state_CO,True,,,,,
201,1.0,epsilon_shift,True,0.01,,2,state_UT,True,,,,,
201,1.0,epsilon_shift,True,0.02,,2,state_CO,True,,,,,
201,1.0,epsilon_shift,True,0.02,,2,state_UT,True,,,,,
201,1.0,joint_clip_source,False,0.0,mlp_base:C5:E2,4,state_CO,False,False,0.01628386188872699,0.8091022934780787,0.0,0.0
201,1.0,joint_clip_source,False,0.0,mlp_base:C5:E2,4,state_UT,False,False,0.014819874290108448,0.8498352250220998,0.0,0.0
201,1.0,joint_clip_source,False,0.005,mlp_base:C5:E2,4,state_CO,False,False,0.01628386188872699,0.8091022934780787,0.0,0.0
201,1.0,joint_clip_source,False,0.005,mlp_base:C5:E2,4,state_UT,False,False,0.014819874290108448,0.8498352250220998,0.0,0.0
201,1.0,joint_clip_source,False,0.01,mlp_base:C5:E2,4,state_CO,False,False,0.01628386188872699,0.8091022934780787,0.0,0.0
201,1.0,joint_clip_source,False,0.01,mlp_base:C5:E2,4,state_UT,False,False,0.014819874290108448,0.8498352250220998,0.0,0.0
201,1.0,joint_clip_source,False,0.02,mlp_base:C5:E8,4,state_CO,False,False,0.001703565026553333,0.8236825903402524,0.0,0.0
201,1.0,joint_clip_source,False,0.02,mlp_base:C5:E8,4,state_UT,False,False,0.0027919397912113952,0.8618631595209969,0.0,0.0
201,1.0,joint_clip_source,True,0.0,mlp_base:C5:E2,4,state_CO,False,False,0.01628386188872699,0.8091022934780787,0.0,0.0
201,1.0,joint_clip_source,True,0.0,mlp_base:C5:E2,4,state_UT,False,False,0.014819874290108448,0.8498352250220998,0.0,0.0
201,1.0,joint_clip_source,True,0.005,mlp_base:C5:E8,4,state_CO,False,False,0.001703565026553333,0.8236825903402524,0.0,0.0
201,1.0,joint_clip_source,True,0.005,mlp_base:C5:E8,4,state_UT,False,False,0.0027919397912113952,0.8618631595209969,0.0,0.0
201,1.0,joint_clip_source,True,0.01,mlp_base:C5:E8,4,state_CO,False,False,0.001703565026553333,0.8236825903402524,0.0,0.0
201,1.0,joint_clip_source,True,0.01,mlp_base:C5:E8,4,state_UT,False,False,0.0027919397912113952,0.8618631595209969,0.0,0.0
201,1.0,joint_clip_source,True,0.02,mlp_base:C5:E8,4,state_CO,False,False,0.001703565026553333,0.8236825903402524,0.0,0.0
201,1.0,joint_clip_source,True,0.02,mlp_base:C5:E8,4,state_UT,False,False,0.0027919397912113952,0.8618631595209969,0.0,0.0
201,1.0,joint_clip_shift,False,0.0,mlp_base:C5:E2,4,state_CO,False,False,0.01628386188872699,0.8091022934780787,0.0,0.0
201,1.0,joint_clip_shift,False,0.0,mlp_base:C5:E2,4,state_UT,False,False,0.014819874290108448,0.8498352250220998,0.0,0.0
201,1.0,joint_clip_shift,False,0.005,mlp_base:C5:E8,4,state_CO,False,False,0.001703565026553333,0.8236825903402524,0.0,0.0
201,1.0,joint_clip_shift,False,0.005,mlp_base:C5:E8,4,state_UT,False,False,0.0027919397912113952,0.8618631595209969,0.0,0.0
201,1.0,joint_clip_shift,False,0.01,mlp_base:C5:E8,4,state_CO,False,False,0.001703565026553333,0.8236825903402524,0.0,0.0
201,1.0,joint_clip_shift,False,0.01,mlp_base:C5:E8,4,state_UT,False,False,0.0027919397912113952,0.8618631595209969,0.0,0.0
201,1.0,joint_clip_shift,False,0.02,mlp_base:C5:E8,4,state_CO,False,False,0.001703565026553333,0.8236825903402524,0.0,0.0
201,1.0,joint_clip_shift,False,0.02,mlp_base:C5:E8,4,state_UT,False,False,0.0027919397912113952,0.8618631595209969,0.0,0.0
201,1.0,joint_clip_shift,True,0.0,mlp_base:C5:E8,4,state_CO,False,False,0.001703565026553333,0.8236825903402524,0.0,0.0
201,1.0,joint_clip_shift,True,0.0,mlp_base:C5:E8,4,state_UT,False,False,0.0027919397912113952,0.8618631595209969,0.0,0.0
201,1.0,joint_clip_shift,True,0.005,mlp_base:C5:E8,4,state_CO,False,False,0.001703565026553333,0.8236825903402524,0.0,0.0
201,1.0,joint_clip_shift,True,0.005,mlp_base:C5:E8,4,state_UT,False,False,0.0027919397912113952,0.8618631595209969,0.0,0.0
201,1.0,joint_clip_shift,True,0.01,mlp_base:C5:E8,4,state_CO,False,False,0.001703565026553333,0.8236825903402524,0.0,0.0
201,1.0,joint_clip_shift,True,0.01,mlp_base:C5:E8,4,state_UT,False,False,0.0027919397912113952,0.8618631595209969,0.0,0.0
201,1.0,joint_clip_shift,True,0.02,mlp_base:C5:E8,4,state_CO,False,False,0.001703565026553333,0.8236825903402524,0.0,0.0
201,1.0,joint_clip_shift,True,0.02,mlp_base:C5:E8,4,state_UT,False,False,0.0027919397912113952,0.8618631595209969,0.0,0.0
201,1.0,joint_recipe_source,False,0.0,mlp_base:C5:E2,12,state_CO,False,False,0.01628386188872699,0.8091022934780787,0.0,0.0
201,1.0,joint_recipe_source,False,0.0,mlp_base:C5:E2,12,state_UT,False,False,0.014819874290108448,0.8498352250220998,0.0,0.0
201,1.0,joint_recipe_source,False,0.005,mlp_base:C5:E2,12,state_CO,False,False,0.01628386188872699,0.8091022934780787,0.0,0.0
201,1.0,joint_recipe_source,False,0.005,mlp_base:C5:E2,12,state_UT,False,False,0.014819874290108448,0.8498352250220998,0.0,0.0
201,1.0,joint_recipe_source,False,0.01,mlp_base:C5:E2,12,state_CO,False,False,0.01628386188872699,0.8091022934780787,0.0,0.0
201,1.0,joint_recipe_source,False,0.01,mlp_base:C5:E2,12,state_UT,False,False,0.014819874290108448,0.8498352250220998,0.0,0.0
201,1.0,joint_recipe_source,False,0.02,mlp_stronger:C5:E8,12,state_CO,False,False,0.0010690472600559664,0.8243171081067497,0.0,0.0
201,1.0,joint_recipe_source,False,0.02,mlp_stronger:C5:E8,12,state_UT,False,False,0.006538726475859957,0.8581163728363483,0.0,0.0
201,1.0,joint_recipe_source,True,0.0,mlp_base:C5:E2,12,state_CO,False,False,0.01628386188872699,0.8091022934780787,0.0,0.0
201,1.0,joint_recipe_source,True,0.0,mlp_base:C5:E2,12,state_UT,False,False,0.014819874290108448,0.8498352250220998,0.0,0.0
201,1.0,joint_recipe_source,True,0.005,mlp_stronger:C5:E8,12,state_CO,False,False,0.0010690472600559664,0.8243171081067497,0.0,0.0
201,1.0,joint_recipe_source,True,0.005,mlp_stronger:C5:E8,12,state_UT,False,False,0.006538726475859957,0.8581163728363483,0.0,0.0
201,1.0,joint_recipe_source,True,0.01,mlp_stronger:C5:E8,12,state_CO,False,False,0.0010690472600559664,0.8243171081067497,0.0,0.0
201,1.0,joint_recipe_source,True,0.01,mlp_stronger:C5:E8,12,state_UT,False,False,0.006538726475859957,0.8581163728363483,0.0,0.0
201,1.0,joint_recipe_source,True,0.02,mlp_stronger:C5:E8,12,state_CO,False,False,0.0010690472600559664,0.8243171081067497,0.0,0.0
201,1.0,joint_recipe_source,True,0.02,mlp_stronger:C5:E8,12,state_UT,False,False,0.006538726475859957,0.8581163728363483,0.0,0.0
201,1.0,joint_recipe_shift,False,0.0,mlp_base:C5:E2,12,state_CO,False,False,0.01628386188872699,0.8091022934780787,0.0,0.0
201,1.0,joint_recipe_shift,False,0.0,mlp_base:C5:E2,12,state_UT,False,False,0.014819874290108448,0.8498352250220998,0.0,0.0
201,1.0,joint_recipe_shift,False,0.005,mlp_stronger:C5:E2,12,state_CO,False,False,0.010992025598498878,0.8143941297683068,0.0,0.0
201,1.0,joint_recipe_shift,False,0.005,mlp_stronger:C5:E2,12,state_UT,False,False,0.019425674694582673,0.8452294246176256,0.0,0.0
201,1.0,joint_recipe_shift,False,0.01,mlp_stronger:C5:E2,12,state_CO,False,False,0.010992025598498878,0.8143941297683068,0.0,0.0
201,1.0,joint_recipe_shift,False,0.01,mlp_stronger:C5:E2,12,state_UT,False,False,0.019425674694582673,0.8452294246176256,0.0,0.0
201,1.0,joint_recipe_shift,False,0.02,mlp_stronger:C5:E8,12,state_CO,False,False,0.0010690472600559664,0.8243171081067497,0.0,0.0
201,1.0,joint_recipe_shift,False,0.02,mlp_stronger:C5:E8,12,state_UT,False,False,0.006538726475859957,0.8581163728363483,0.0,0.0
201,1.0,joint_recipe_shift,True,0.0,mlp_stronger:C5:E8,12,state_CO,False,False,0.0010690472600559664,0.8243171081067497,0.0,0.0
201,1.0,joint_recipe_shift,True,0.0,mlp_stronger:C5:E8,12,state_UT,False,False,0.006538726475859957,0.8581163728363483,0.0,0.0
201,1.0,joint_recipe_shift,True,0.005,mlp_stronger:C5:E8,12,state_CO,False,False,0.0010690472600559664,0.8243171081067497,0.0,0.0
201,1.0,joint_recipe_shift,True,0.005,mlp_stronger:C5:E8,12,state_UT,False,False,0.006538726475859957,0.8581163728363483,0.0,0.0
201,1.0,joint_recipe_shift,True,0.01,mlp_stronger:C5:E8,12,state_CO,False,False,0.0010690472600559664,0.8243171081067497,0.0,0.0
201,1.0,joint_recipe_shift,True,0.01,mlp_stronger:C5:E8,12,state_UT,False,False,0.006538726475859957,0.8581163728363483,0.0,0.0
201,1.0,joint_recipe_shift,True,0.02,mlp_stronger:C5:E8,12,state_CO,False,False,0.0010690472600559664,0.8243171081067497,0.0,0.0
201,1.0,joint_recipe_shift,True,0.02,mlp_stronger:C5:E8,12,state_UT,False,False,0.006538726475859957,0.8581163728363483,0.0,0.0
201,1.0,joint_recipe_proxy,False,0.0,mlp_base:C5:E2,12,state_CO,False,False,0.01628386188872699,0.8091022934780787,0.0,0.0
201,1.0,joint_recipe_proxy,False,0.0,mlp_base:C5:E2,12,state_UT,False,False,0.014819874290108448,0.8498352250220998,0.0,0.0
201,1.0,joint_recipe_proxy,False,0.005,mlp_base:C5:E2,12,state_CO,False,False,0.01628386188872699,0.8091022934780787,0.0,0.0
201,1.0,joint_recipe_proxy,False,0.005,mlp_base:C5:E2,12,state_UT,False,False,0.014819874290108448,0.8498352250220998,0.0,0.0
201,1.0,joint_recipe_proxy,False,0.01,mlp_base:C5:E2,12,state_CO,False,False,0.01628386188872699,0.8091022934780787,0.0,0.0
201,1.0,joint_recipe_proxy,False,0.01,mlp_base:C5:E2,12,state_UT,False,False,0.014819874290108448,0.8498352250220998,0.0,0.0
201,1.0,joint_recipe_proxy,False,0.02,mlp_stronger:C5:E8,12,state_CO,False,False,0.0010690472600559664,0.8243171081067497,0.0,0.0
201,1.0,joint_recipe_proxy,False,0.02,mlp_stronger:C5:E8,12,state_UT,False,False,0.006538726475859957,0.8581163728363483,0.0,0.0
201,1.0,joint_recipe_proxy,True,0.0,mlp_base:C5:E2,12,state_CO,False,False,0.01628386188872699,0.8091022934780787,0.0,0.0
201,1.0,joint_recipe_proxy,True,0.0,mlp_base:C5:E2,12,state_UT,False,False,0.014819874290108448,0.8498352250220998,0.0,0.0
201,1.0,joint_recipe_proxy,True,0.005,mlp_stronger:C5:E8,12,state_CO,False,False,0.0010690472600559664,0.8243171081067497,0.0,0.0
201,1.0,joint_recipe_proxy,True,0.005,mlp_stronger:C5:E8,12,state_UT,False,False,0.006538726475859957,0.8581163728363483,0.0,0.0
201,1.0,joint_recipe_proxy,True,0.01,mlp_stronger:C5:E8,12,state_CO,False,False,0.0010690472600559664,0.8243171081067497,0.0,0.0
201,1.0,joint_recipe_proxy,True,0.01,mlp_stronger:C5:E8,12,state_UT,False,False,0.006538726475859957,0.8581163728363483,0.0,0.0
201,1.0,joint_recipe_proxy,True,0.02,mlp_stronger:C5:E8,12,state_CO,False,False,0.0010690472600559664,0.8243171081067497,0.0,0.0
201,1.0,joint_recipe_proxy,True,0.02,mlp_stronger:C5:E8,12,state_UT,False,False,0.006538726475859957,0.8581163728363483,0.0,0.0
201,1.0,logistic_shift,False,0.0,logistic:C1:E2,4,state_CO,False,False,0.018005750448141233,0.8073804049186645,0.0,0.0
201,1.0,logistic_shift,False,0.0,logistic:C1:E2,4,state_UT,False,False,0.019520927061081217,0.8451341722511271,0.0,0.0
201,1.0,logistic_shift,False,0.005,logistic:C5:E8,4,state_CO,False,False,0.007277060193328966,0.8181090951734767,0.0,0.0
201,1.0,logistic_shift,False,0.005,logistic:C5:E8,4,state_UT,False,False,0.011168339971958763,0.8534867593402495,0.0,0.0
201,1.0,logistic_shift,False,0.01,logistic:C5:E8,4,state_CO,False,False,0.007277060193328966,0.8181090951734767,0.0,0.0
201,1.0,logistic_shift,False,0.01,logistic:C5:E8,4,state_UT,False,False,0.011168339971958763,0.8534867593402495,0.0,0.0
201,1.0,logistic_shift,False,0.02,,4,state_CO,True,,,,,
201,1.0,logistic_shift,False,0.02,,4,state_UT,True,,,,,
201,1.0,logistic_shift,True,0.0,logistic:C5:E8,4,state_CO,False,False,0.007277060193328966,0.8181090951734767,0.0,0.0
201,1.0,logistic_shift,True,0.0,logistic:C5:E8,4,state_UT,False,False,0.011168339971958763,0.8534867593402495,0.0,0.0
201,1.0,logistic_shift,True,0.005,logistic:C5:E8,4,state_CO,False,False,0.007277060193328966,0.8181090951734767,0.0,0.0
201,1.0,logistic_shift,True,0.005,logistic:C5:E8,4,state_UT,False,False,0.011168339971958763,0.8534867593402495,0.0,0.0
201,1.0,logistic_shift,True,0.01,,4,state_CO,True,,,,,
201,1.0,logistic_shift,True,0.01,,4,state_UT,True,,,,,
201,1.0,logistic_shift,True,0.02,,4,state_CO,True,,,,,
201,1.0,logistic_shift,True,0.02,,4,state_UT,True,,,,,
202,1.0,epsilon_source,False,0.0,mlp_base:C1:E2,2,state_CO,False,False,0.014615288457465625,0.8234770274360794,0.0,0.0
202,1.0,epsilon_source,False,0.0,mlp_base:C1:E2,2,state_UT,False,False,0.012682958371630138,0.86149722185016,0.0,0.0
202,1.0,epsilon_source,False,0.005,mlp_base:C1:E2,2,state_CO,False,False,0.014615288457465625,0.8234770274360794,0.0,0.0
202,1.0,epsilon_source,False,0.005,mlp_base:C1:E2,2,state_UT,False,False,0.012682958371630138,0.86149722185016,0.0,0.0
202,1.0,epsilon_source,False,0.01,,2,state_CO,True,,,,,
202,1.0,epsilon_source,False,0.01,,2,state_UT,True,,,,,
202,1.0,epsilon_source,False,0.02,,2,state_CO,True,,,,,
202,1.0,epsilon_source,False,0.02,,2,state_UT,True,,,,,
202,1.0,epsilon_source,True,0.0,,2,state_CO,True,,,,,
202,1.0,epsilon_source,True,0.0,,2,state_UT,True,,,,,
202,1.0,epsilon_source,True,0.005,,2,state_CO,True,,,,,
202,1.0,epsilon_source,True,0.005,,2,state_UT,True,,,,,
202,1.0,epsilon_source,True,0.01,,2,state_CO,True,,,,,
202,1.0,epsilon_source,True,0.01,,2,state_UT,True,,,,,
202,1.0,epsilon_source,True,0.02,,2,state_CO,True,,,,,
202,1.0,epsilon_source,True,0.02,,2,state_UT,True,,,,,
202,1.0,epsilon_shift,False,0.0,mlp_base:C1:E2,2,state_CO,False,False,0.014615288457465625,0.8234770274360794,0.0,0.0
202,1.0,epsilon_shift,False,0.0,mlp_base:C1:E2,2,state_UT,False,False,0.012682958371630138,0.86149722185016,0.0,0.0
202,1.0,epsilon_shift,False,0.005,mlp_base:C1:E2,2,state_CO,False,False,0.014615288457465625,0.8234770274360794,0.0,0.0
202,1.0,epsilon_shift,False,0.005,mlp_base:C1:E2,2,state_UT,False,False,0.012682958371630138,0.86149722185016,0.0,0.0
202,1.0,epsilon_shift,False,0.01,,2,state_CO,True,,,,,
202,1.0,epsilon_shift,False,0.01,,2,state_UT,True,,,,,
202,1.0,epsilon_shift,False,0.02,,2,state_CO,True,,,,,
202,1.0,epsilon_shift,False,0.02,,2,state_UT,True,,,,,
202,1.0,epsilon_shift,True,0.0,,2,state_CO,True,,,,,
202,1.0,epsilon_shift,True,0.0,,2,state_UT,True,,,,,
202,1.0,epsilon_shift,True,0.005,,2,state_CO,True,,,,,
202,1.0,epsilon_shift,True,0.005,,2,state_UT,True,,,,,
202,1.0,epsilon_shift,True,0.01,,2,state_CO,True,,,,,
202,1.0,epsilon_shift,True,0.01,,2,state_UT,True,,,,,
202,1.0,epsilon_shift,True,0.02,,2,state_CO,True,,,,,
202,1.0,epsilon_shift,True,0.02,,2,state_UT,True,,,,,
202,1.0,joint_clip_source,False,0.0,mlp_base:C5:E2,4,state_CO,False,False,-0.003296627233178362,0.8413889431267234,0.0,0.0
202,1.0,joint_clip_source,False,0.0,mlp_base:C5:E2,4,state_UT,False,False,0.011427825837948102,0.862752354383842,0.0,0.0
202,1.0,joint_clip_source,False,0.005,mlp_base:C5:E2,4,state_CO,False,False,-0.003296627233178362,0.8413889431267234,0.0,0.0
202,1.0,joint_clip_source,False,0.005,mlp_base:C5:E2,4,state_UT,False,False,0.011427825837948102,0.862752354383842,0.0,0.0
202,1.0,joint_clip_source,False,0.01,mlp_base:C5:E2,4,state_CO,False,False,-0.003296627233178362,0.8413889431267234,0.0,0.0
202,1.0,joint_clip_source,False,0.01,mlp_base:C5:E2,4,state_UT,False,False,0.011427825837948102,0.862752354383842,0.0,0.0
202,1.0,joint_clip_source,False,0.02,mlp_base:C5:E2,4,state_CO,False,False,-0.003296627233178362,0.8413889431267234,0.0,0.0
202,1.0,joint_clip_source,False,0.02,mlp_base:C5:E2,4,state_UT,False,False,0.011427825837948102,0.862752354383842,0.0,0.0
202,1.0,joint_clip_source,True,0.0,mlp_base:C5:E2,4,state_CO,False,False,-0.003296627233178362,0.8413889431267234,0.0,0.0
202,1.0,joint_clip_source,True,0.0,mlp_base:C5:E2,4,state_UT,False,False,0.011427825837948102,0.862752354383842,0.0,0.0
202,1.0,joint_clip_source,True,0.005,mlp_base:C5:E2,4,state_CO,False,False,-0.003296627233178362,0.8413889431267234,0.0,0.0
202,1.0,joint_clip_source,True,0.005,mlp_base:C5:E2,4,state_UT,False,False,0.011427825837948102,0.862752354383842,0.0,0.0
202,1.0,joint_clip_source,True,0.01,mlp_base:C5:E8,4,state_CO,False,False,-0.0037439602297204555,0.8418362761232655,0.0,0.0
202,1.0,joint_clip_source,True,0.01,mlp_base:C5:E8,4,state_UT,False,False,-0.0008688934973281048,0.8750490737191182,0.0,0.0
202,1.0,joint_clip_source,True,0.02,mlp_base:C5:E8,4,state_CO,False,False,-0.0037439602297204555,0.8418362761232655,0.0,0.0
202,1.0,joint_clip_source,True,0.02,mlp_base:C5:E8,4,state_UT,False,False,-0.0008688934973281048,0.8750490737191182,0.0,0.0
202,1.0,joint_clip_shift,False,0.0,mlp_base:C5:E2,4,state_CO,False,False,-0.003296627233178362,0.8413889431267234,0.0,0.0
202,1.0,joint_clip_shift,False,0.0,mlp_base:C5:E2,4,state_UT,False,False,0.011427825837948102,0.862752354383842,0.0,0.0
202,1.0,joint_clip_shift,False,0.005,mlp_base:C5:E2,4,state_CO,False,False,-0.003296627233178362,0.8413889431267234,0.0,0.0
202,1.0,joint_clip_shift,False,0.005,mlp_base:C5:E2,4,state_UT,False,False,0.011427825837948102,0.862752354383842,0.0,0.0
202,1.0,joint_clip_shift,False,0.01,mlp_base:C5:E2,4,state_CO,False,False,-0.003296627233178362,0.8413889431267234,0.0,0.0
202,1.0,joint_clip_shift,False,0.01,mlp_base:C5:E2,4,state_UT,False,False,0.011427825837948102,0.862752354383842,0.0,0.0
202,1.0,joint_clip_shift,False,0.02,mlp_base:C5:E2,4,state_CO,False,False,-0.003296627233178362,0.8413889431267234,0.0,0.0
202,1.0,joint_clip_shift,False,0.02,mlp_base:C5:E2,4,state_UT,False,False,0.011427825837948102,0.862752354383842,0.0,0.0
202,1.0,joint_clip_shift,True,0.0,mlp_base:C5:E2,4,state_CO,False,False,-0.003296627233178362,0.8413889431267234,0.0,0.0
202,1.0,joint_clip_shift,True,0.0,mlp_base:C5:E2,4,state_UT,False,False,0.011427825837948102,0.862752354383842,0.0,0.0
202,1.0,joint_clip_shift,True,0.005,mlp_base:C5:E2,4,state_CO,False,False,-0.003296627233178362,0.8413889431267234,0.0,0.0
202,1.0,joint_clip_shift,True,0.005,mlp_base:C5:E2,4,state_UT,False,False,0.011427825837948102,0.862752354383842,0.0,0.0
202,1.0,joint_clip_shift,True,0.01,mlp_base:C5:E8,4,state_CO,False,False,-0.0037439602297204555,0.8418362761232655,0.0,0.0
202,1.0,joint_clip_shift,True,0.01,mlp_base:C5:E8,4,state_UT,False,False,-0.0008688934973281048,0.8750490737191182,0.0,0.0
202,1.0,joint_clip_shift,True,0.02,mlp_base:C5:E8,4,state_CO,False,False,-0.0037439602297204555,0.8418362761232655,0.0,0.0
202,1.0,joint_clip_shift,True,0.02,mlp_base:C5:E8,4,state_UT,False,False,-0.0008688934973281048,0.8750490737191182,0.0,0.0
202,1.0,joint_recipe_source,False,0.0,mlp_base:C5:E2,12,state_CO,False,False,-0.003296627233178362,0.8413889431267234,0.0,0.0
202,1.0,joint_recipe_source,False,0.0,mlp_base:C5:E2,12,state_UT,False,False,0.011427825837948102,0.862752354383842,0.0,0.0
202,1.0,joint_recipe_source,False,0.005,mlp_base:C5:E2,12,state_CO,False,False,-0.003296627233178362,0.8413889431267234,0.0,0.0
202,1.0,joint_recipe_source,False,0.005,mlp_base:C5:E2,12,state_UT,False,False,0.011427825837948102,0.862752354383842,0.0,0.0
202,1.0,joint_recipe_source,False,0.01,mlp_base:C5:E2,12,state_CO,False,False,-0.003296627233178362,0.8413889431267234,0.0,0.0
202,1.0,joint_recipe_source,False,0.01,mlp_base:C5:E2,12,state_UT,False,False,0.011427825837948102,0.862752354383842,0.0,0.0
202,1.0,joint_recipe_source,False,0.02,mlp_base:C5:E2,12,state_CO,False,False,-0.003296627233178362,0.8413889431267234,0.0,0.0
202,1.0,joint_recipe_source,False,0.02,mlp_base:C5:E2,12,state_UT,False,False,0.011427825837948102,0.862752354383842,0.0,0.0
202,1.0,joint_recipe_source,True,0.0,mlp_base:C5:E2,12,state_CO,False,False,-0.003296627233178362,0.8413889431267234,0.0,0.0
202,1.0,joint_recipe_source,True,0.0,mlp_base:C5:E2,12,state_UT,False,False,0.011427825837948102,0.862752354383842,0.0,0.0
202,1.0,joint_recipe_source,True,0.005,mlp_base:C5:E2,12,state_CO,False,False,-0.003296627233178362,0.8413889431267234,0.0,0.0
202,1.0,joint_recipe_source,True,0.005,mlp_base:C5:E2,12,state_UT,False,False,0.011427825837948102,0.862752354383842,0.0,0.0
202,1.0,joint_recipe_source,True,0.01,mlp_stronger:C5:E8,12,state_CO,False,False,0.002126123110586353,0.8359661927829587,0.0,0.0
202,1.0,joint_recipe_source,True,0.01,mlp_stronger:C5:E8,12,state_UT,False,False,0.002663836941310116,0.87151634328048,0.0,0.0
202,1.0,joint_recipe_source,True,0.02,mlp_stronger:C5:E8,12,state_CO,False,False,0.002126123110586353,0.8359661927829587,0.0,0.0
202,1.0,joint_recipe_source,True,0.02,mlp_stronger:C5:E8,12,state_UT,False,False,0.002663836941310116,0.87151634328048,0.0,0.0
202,1.0,joint_recipe_shift,False,0.0,mlp_base:C5:E2,12,state_CO,False,False,-0.003296627233178362,0.8413889431267234,0.0,0.0
202,1.0,joint_recipe_shift,False,0.0,mlp_base:C5:E2,12,state_UT,False,False,0.011427825837948102,0.862752354383842,0.0,0.0
202,1.0,joint_recipe_shift,False,0.005,mlp_base:C5:E2,12,state_CO,False,False,-0.003296627233178362,0.8413889431267234,0.0,0.0
202,1.0,joint_recipe_shift,False,0.005,mlp_base:C5:E2,12,state_UT,False,False,0.011427825837948102,0.862752354383842,0.0,0.0
202,1.0,joint_recipe_shift,False,0.01,mlp_base:C5:E2,12,state_CO,False,False,-0.003296627233178362,0.8413889431267234,0.0,0.0
202,1.0,joint_recipe_shift,False,0.01,mlp_base:C5:E2,12,state_UT,False,False,0.011427825837948102,0.862752354383842,0.0,0.0
202,1.0,joint_recipe_shift,False,0.02,mlp_base:C5:E2,12,state_CO,False,False,-0.003296627233178362,0.8413889431267234,0.0,0.0
202,1.0,joint_recipe_shift,False,0.02,mlp_base:C5:E2,12,state_UT,False,False,0.011427825837948102,0.862752354383842,0.0,0.0
202,1.0,joint_recipe_shift,True,0.0,mlp_base:C5:E2,12,state_CO,False,False,-0.003296627233178362,0.8413889431267234,0.0,0.0
202,1.0,joint_recipe_shift,True,0.0,mlp_base:C5:E2,12,state_UT,False,False,0.011427825837948102,0.862752354383842,0.0,0.0
202,1.0,joint_recipe_shift,True,0.005,mlp_base:C5:E2,12,state_CO,False,False,-0.003296627233178362,0.8413889431267234,0.0,0.0
202,1.0,joint_recipe_shift,True,0.005,mlp_base:C5:E2,12,state_UT,False,False,0.011427825837948102,0.862752354383842,0.0,0.0
202,1.0,joint_recipe_shift,True,0.01,mlp_stronger:C5:E8,12,state_CO,False,False,0.002126123110586353,0.8359661927829587,0.0,0.0
202,1.0,joint_recipe_shift,True,0.01,mlp_stronger:C5:E8,12,state_UT,False,False,0.002663836941310116,0.87151634328048,0.0,0.0
202,1.0,joint_recipe_shift,True,0.02,mlp_stronger:C5:E8,12,state_CO,False,False,0.002126123110586353,0.8359661927829587,0.0,0.0
202,1.0,joint_recipe_shift,True,0.02,mlp_stronger:C5:E8,12,state_UT,False,False,0.002663836941310116,0.87151634328048,0.0,0.0
202,1.0,joint_recipe_proxy,False,0.0,mlp_base:C5:E2,12,state_CO,False,False,-0.003296627233178362,0.8413889431267234,0.0,0.0
202,1.0,joint_recipe_proxy,False,0.0,mlp_base:C5:E2,12,state_UT,False,False,0.011427825837948102,0.862752354383842,0.0,0.0
202,1.0,joint_recipe_proxy,False,0.005,mlp_base:C5:E2,12,state_CO,False,False,-0.003296627233178362,0.8413889431267234,0.0,0.0
202,1.0,joint_recipe_proxy,False,0.005,mlp_base:C5:E2,12,state_UT,False,False,0.011427825837948102,0.862752354383842,0.0,0.0
202,1.0,joint_recipe_proxy,False,0.01,mlp_base:C5:E2,12,state_CO,False,False,-0.003296627233178362,0.8413889431267234,0.0,0.0
202,1.0,joint_recipe_proxy,False,0.01,mlp_base:C5:E2,12,state_UT,False,False,0.011427825837948102,0.862752354383842,0.0,0.0
202,1.0,joint_recipe_proxy,False,0.02,mlp_base:C5:E2,12,state_CO,False,False,-0.003296627233178362,0.8413889431267234,0.0,0.0
202,1.0,joint_recipe_proxy,False,0.02,mlp_base:C5:E2,12,state_UT,False,False,0.011427825837948102,0.862752354383842,0.0,0.0
202,1.0,joint_recipe_proxy,True,0.0,mlp_base:C5:E2,12,state_CO,False,False,-0.003296627233178362,0.8413889431267234,0.0,0.0
202,1.0,joint_recipe_proxy,True,0.0,mlp_base:C5:E2,12,state_UT,False,False,0.011427825837948102,0.862752354383842,0.0,0.0
202,1.0,joint_recipe_proxy,True,0.005,mlp_base:C5:E2,12,state_CO,False,False,-0.003296627233178362,0.8413889431267234,0.0,0.0
202,1.0,joint_recipe_proxy,True,0.005,mlp_base:C5:E2,12,state_UT,False,False,0.011427825837948102,0.862752354383842,0.0,0.0
202,1.0,joint_recipe_proxy,True,0.01,mlp_stronger:C5:E8,12,state_CO,False,False,0.002126123110586353,0.8359661927829587,0.0,0.0
202,1.0,joint_recipe_proxy,True,0.01,mlp_stronger:C5:E8,12,state_UT,False,False,0.002663836941310116,0.87151634328048,0.0,0.0
202,1.0,joint_recipe_proxy,True,0.02,mlp_stronger:C5:E8,12,state_CO,False,False,0.002126123110586353,0.8359661927829587,0.0,0.0
202,1.0,joint_recipe_proxy,True,0.02,mlp_stronger:C5:E8,12,state_UT,False,False,0.002663836941310116,0.87151634328048,0.0,0.0
202,1.0,logistic_shift,False,0.0,logistic:C1:E2,4,state_CO,False,False,0.012755705561909081,0.825336610331636,0.0,0.0
202,1.0,logistic_shift,False,0.0,logistic:C1:E2,4,state_UT,False,False,0.0108562613446892,0.8633239188771009,0.0,0.0
202,1.0,logistic_shift,False,0.005,logistic:C1:E2,4,state_CO,False,False,0.012755705561909081,0.825336610331636,0.0,0.0
202,1.0,logistic_shift,False,0.005,logistic:C1:E2,4,state_UT,False,False,0.0108562613446892,0.8633239188771009,0.0,0.0
202,1.0,logistic_shift,False,0.01,logistic:C1:E2,4,state_CO,False,False,0.012755705561909081,0.825336610331636,0.0,0.0
202,1.0,logistic_shift,False,0.01,logistic:C1:E2,4,state_UT,False,False,0.0108562613446892,0.8633239188771009,0.0,0.0
202,1.0,logistic_shift,False,0.02,logistic:C5:E8,4,state_CO,False,False,0.007125301794807415,0.8309670140987376,0.0,0.0
202,1.0,logistic_shift,False,0.02,logistic:C5:E8,4,state_UT,False,False,0.0074649786846858746,0.8667152015371042,0.0,0.0
202,1.0,logistic_shift,True,0.0,logistic:C5:E8,4,state_CO,False,False,0.007125301794807415,0.8309670140987376,0.0,0.0
202,1.0,logistic_shift,True,0.0,logistic:C5:E8,4,state_UT,False,False,0.0074649786846858746,0.8667152015371042,0.0,0.0
202,1.0,logistic_shift,True,0.005,logistic:C5:E8,4,state_CO,False,False,0.007125301794807415,0.8309670140987376,0.0,0.0
202,1.0,logistic_shift,True,0.005,logistic:C5:E8,4,state_UT,False,False,0.0074649786846858746,0.8667152015371042,0.0,0.0
202,1.0,logistic_shift,True,0.01,logistic:C5:E8,4,state_CO,False,False,0.007125301794807415,0.8309670140987376,0.0,0.0
202,1.0,logistic_shift,True,0.01,logistic:C5:E8,4,state_UT,False,False,0.0074649786846858746,0.8667152015371042,0.0,0.0
202,1.0,logistic_shift,True,0.02,,4,state_CO,True,,,,,
202,1.0,logistic_shift,True,0.02,,4,state_UT,True,,,,,
203,1.0,epsilon_source,False,0.0,mlp_base:C1:E2,2,state_CO,False,False,0.027097667792042257,0.7995569420238613,0.0,0.0
203,1.0,epsilon_source,False,0.0,mlp_base:C1:E2,2,state_UT,False,False,0.020553708539312376,0.8351118804048091,0.0,0.0
203,1.0,epsilon_source,False,0.005,mlp_base:C1:E2,2,state_CO,False,False,0.027097667792042257,0.7995569420238613,0.0,0.0
203,1.0,epsilon_source,False,0.005,mlp_base:C1:E2,2,state_UT,False,False,0.020553708539312376,0.8351118804048091,0.0,0.0
203,1.0,epsilon_source,False,0.01,mlp_base:C1:E8,2,state_CO,False,False,0.02514207997363327,0.8015125298422703,0.0,0.0
203,1.0,epsilon_source,False,0.01,mlp_base:C1:E8,2,state_UT,False,False,0.01984145131270254,0.8358241376314189,0.0,0.0
203,1.0,epsilon_source,False,0.02,,2,state_CO,True,,,,,
203,1.0,epsilon_source,False,0.02,,2,state_UT,True,,,,,
203,1.0,epsilon_source,True,0.0,,2,state_CO,True,,,,,
203,1.0,epsilon_source,True,0.0,,2,state_UT,True,,,,,
203,1.0,epsilon_source,True,0.005,,2,state_CO,True,,,,,
203,1.0,epsilon_source,True,0.005,,2,state_UT,True,,,,,
203,1.0,epsilon_source,True,0.01,,2,state_CO,True,,,,,
203,1.0,epsilon_source,True,0.01,,2,state_UT,True,,,,,
203,1.0,epsilon_source,True,0.02,,2,state_CO,True,,,,,
203,1.0,epsilon_source,True,0.02,,2,state_UT,True,,,,,
203,1.0,epsilon_shift,False,0.0,,2,state_CO,True,,,,,
203,1.0,epsilon_shift,False,0.0,,2,state_UT,True,,,,,
203,1.0,epsilon_shift,False,0.005,,2,state_CO,True,,,,,
203,1.0,epsilon_shift,False,0.005,,2,state_UT,True,,,,,
203,1.0,epsilon_shift,False,0.01,,2,state_CO,True,,,,,
203,1.0,epsilon_shift,False,0.01,,2,state_UT,True,,,,,
203,1.0,epsilon_shift,False,0.02,,2,state_CO,True,,,,,
203,1.0,epsilon_shift,False,0.02,,2,state_UT,True,,,,,
203,1.0,epsilon_shift,True,0.0,,2,state_CO,True,,,,,
203,1.0,epsilon_shift,True,0.0,,2,state_UT,True,,,,,
203,1.0,epsilon_shift,True,0.005,,2,state_CO,True,,,,,
203,1.0,epsilon_shift,True,0.005,,2,state_UT,True,,,,,
203,1.0,epsilon_shift,True,0.01,,2,state_CO,True,,,,,
203,1.0,epsilon_shift,True,0.01,,2,state_UT,True,,,,,
203,1.0,epsilon_shift,True,0.02,,2,state_CO,True,,,,,
203,1.0,epsilon_shift,True,0.02,,2,state_UT,True,,,,,
203,1.0,joint_clip_source,False,0.0,mlp_base:C5:E2,4,state_CO,False,False,0.02355466415517038,0.8030999456607332,0.0,0.0
203,1.0,joint_clip_source,False,0.0,mlp_base:C5:E2,4,state_UT,False,False,0.010452917853762012,0.8452126710903595,0.0,0.0
203,1.0,joint_clip_source,False,0.005,mlp_base:C5:E2,4,state_CO,False,False,0.02355466415517038,0.8030999456607332,0.0,0.0
203,1.0,joint_clip_source,False,0.005,mlp_base:C5:E2,4,state_UT,False,False,0.010452917853762012,0.8452126710903595,0.0,0.0
203,1.0,joint_clip_source,False,0.01,mlp_base:C5:E2,4,state_CO,False,False,0.02355466415517038,0.8030999456607332,0.0,0.0
203,1.0,joint_clip_source,False,0.01,mlp_base:C5:E2,4,state_UT,False,False,0.010452917853762012,0.8452126710903595,0.0,0.0
203,1.0,joint_clip_source,False,0.02,mlp_base:C5:E8,4,state_CO,False,False,0.004839427987955669,0.8218151818279479,0.0,0.0
203,1.0,joint_clip_source,False,0.02,mlp_base:C5:E8,4,state_UT,False,False,0.0008631688701290496,0.8548024200739924,0.0,0.0
203,1.0,joint_clip_source,True,0.0,mlp_base:C5:E2,4,state_CO,False,False,0.02355466415517038,0.8030999456607332,0.0,0.0
203,1.0,joint_clip_source,True,0.0,mlp_base:C5:E2,4,state_UT,False,False,0.010452917853762012,0.8452126710903595,0.0,0.0
203,1.0,joint_clip_source,True,0.005,mlp_base:C5:E2,4,state_CO,False,False,0.02355466415517038,0.8030999456607332,0.0,0.0
203,1.0,joint_clip_source,True,0.005,mlp_base:C5:E2,4,state_UT,False,False,0.010452917853762012,0.8452126710903595,0.0,0.0
203,1.0,joint_clip_source,True,0.01,mlp_base:C5:E8,4,state_CO,False,False,0.004839427987955669,0.8218151818279479,0.0,0.0
203,1.0,joint_clip_source,True,0.01,mlp_base:C5:E8,4,state_UT,False,False,0.0008631688701290496,0.8548024200739924,0.0,0.0
203,1.0,joint_clip_source,True,0.02,mlp_base:C5:E8,4,state_CO,False,False,0.004839427987955669,0.8218151818279479,0.0,0.0
203,1.0,joint_clip_source,True,0.02,mlp_base:C5:E8,4,state_UT,False,False,0.0008631688701290496,0.8548024200739924,0.0,0.0
203,1.0,joint_clip_shift,False,0.0,mlp_base:C5:E2,4,state_CO,False,False,0.02355466415517038,0.8030999456607332,0.0,0.0
203,1.0,joint_clip_shift,False,0.0,mlp_base:C5:E2,4,state_UT,False,False,0.010452917853762012,0.8452126710903595,0.0,0.0
203,1.0,joint_clip_shift,False,0.005,mlp_base:C5:E2,4,state_CO,False,False,0.02355466415517038,0.8030999456607332,0.0,0.0
203,1.0,joint_clip_shift,False,0.005,mlp_base:C5:E2,4,state_UT,False,False,0.010452917853762012,0.8452126710903595,0.0,0.0
203,1.0,joint_clip_shift,False,0.01,mlp_base:C5:E8,4,state_CO,False,False,0.004839427987955669,0.8218151818279479,0.0,0.0
203,1.0,joint_clip_shift,False,0.01,mlp_base:C5:E8,4,state_UT,False,False,0.0008631688701290496,0.8548024200739924,0.0,0.0
203,1.0,joint_clip_shift,False,0.02,mlp_base:C5:E8,4,state_CO,False,False,0.004839427987955669,0.8218151818279479,0.0,0.0
203,1.0,joint_clip_shift,False,0.02,mlp_base:C5:E8,4,state_UT,False,False,0.0008631688701290496,0.8548024200739924,0.0,0.0
203,1.0,joint_clip_shift,True,0.0,mlp_base:C5:E8,4,state_CO,False,False,0.004839427987955669,0.8218151818279479,0.0,0.0
203,1.0,joint_clip_shift,True,0.0,mlp_base:C5:E8,4,state_UT,False,False,0.0008631688701290496,0.8548024200739924,0.0,0.0
203,1.0,joint_clip_shift,True,0.005,mlp_base:C5:E8,4,state_CO,False,False,0.004839427987955669,0.8218151818279479,0.0,0.0
203,1.0,joint_clip_shift,True,0.005,mlp_base:C5:E8,4,state_UT,False,False,0.0008631688701290496,0.8548024200739924,0.0,0.0
203,1.0,joint_clip_shift,True,0.01,mlp_base:C5:E8,4,state_CO,False,False,0.004839427987955669,0.8218151818279479,0.0,0.0
203,1.0,joint_clip_shift,True,0.01,mlp_base:C5:E8,4,state_UT,False,False,0.0008631688701290496,0.8548024200739924,0.0,0.0
203,1.0,joint_clip_shift,True,0.02,mlp_base:C5:E8,4,state_CO,False,False,0.004839427987955669,0.8218151818279479,0.0,0.0
203,1.0,joint_clip_shift,True,0.02,mlp_base:C5:E8,4,state_UT,False,False,0.0008631688701290496,0.8548024200739924,0.0,0.0
203,1.0,joint_recipe_source,False,0.0,mlp_base:C5:E2,12,state_CO,False,False,0.02355466415517038,0.8030999456607332,0.0,0.0
203,1.0,joint_recipe_source,False,0.0,mlp_base:C5:E2,12,state_UT,False,False,0.010452917853762012,0.8452126710903595,0.0,0.0
203,1.0,joint_recipe_source,False,0.005,mlp_base:C5:E2,12,state_CO,False,False,0.02355466415517038,0.8030999456607332,0.0,0.0
203,1.0,joint_recipe_source,False,0.005,mlp_base:C5:E2,12,state_UT,False,False,0.010452917853762012,0.8452126710903595,0.0,0.0
203,1.0,joint_recipe_source,False,0.01,mlp_base:C5:E2,12,state_CO,False,False,0.02355466415517038,0.8030999456607332,0.0,0.0
203,1.0,joint_recipe_source,False,0.01,mlp_base:C5:E2,12,state_UT,False,False,0.010452917853762012,0.8452126710903595,0.0,0.0
203,1.0,joint_recipe_source,False,0.02,mlp_stronger:C5:E8,12,state_CO,False,False,0.0034856397275317974,0.8231689700883718,0.0,0.0
203,1.0,joint_recipe_source,False,0.02,mlp_stronger:C5:E8,12,state_UT,False,False,0.00033040503770487284,0.8553351839064166,0.0,0.0
203,1.0,joint_recipe_source,True,0.0,mlp_base:C5:E2,12,state_CO,False,False,0.02355466415517038,0.8030999456607332,0.0,0.0
203,1.0,joint_recipe_source,True,0.0,mlp_base:C5:E2,12,state_UT,False,False,0.010452917853762012,0.8452126710903595,0.0,0.0
203,1.0,joint_recipe_source,True,0.005,mlp_base:C5:E2,12,state_CO,False,False,0.02355466415517038,0.8030999456607332,0.0,0.0
203,1.0,joint_recipe_source,True,0.005,mlp_base:C5:E2,12,state_UT,False,False,0.010452917853762012,0.8452126710903595,0.0,0.0
203,1.0,joint_recipe_source,True,0.01,mlp_stronger:C5:E8,12,state_CO,False,False,0.0034856397275317974,0.8231689700883718,0.0,0.0
203,1.0,joint_recipe_source,True,0.01,mlp_stronger:C5:E8,12,state_UT,False,False,0.00033040503770487284,0.8553351839064166,0.0,0.0
203,1.0,joint_recipe_source,True,0.02,mlp_stronger:C5:E8,12,state_CO,False,False,0.0034856397275317974,0.8231689700883718,0.0,0.0
203,1.0,joint_recipe_source,True,0.02,mlp_stronger:C5:E8,12,state_UT,False,False,0.00033040503770487284,0.8553351839064166,0.0,0.0
203,1.0,joint_recipe_shift,False,0.0,mlp_base:C5:E2,12,state_CO,False,False,0.02355466415517038,0.8030999456607332,0.0,0.0
203,1.0,joint_recipe_shift,False,0.0,mlp_base:C5:E2,12,state_UT,False,False,0.010452917853762012,0.8452126710903595,0.0,0.0
203,1.0,joint_recipe_shift,False,0.005,mlp_base:C5:E2,12,state_CO,False,False,0.02355466415517038,0.8030999456607332,0.0,0.0
203,1.0,joint_recipe_shift,False,0.005,mlp_base:C5:E2,12,state_UT,False,False,0.010452917853762012,0.8452126710903595,0.0,0.0
203,1.0,joint_recipe_shift,False,0.01,mlp_stronger:C5:E2,12,state_CO,False,False,0.018124909391097677,0.8085297004248059,0.0,0.0
203,1.0,joint_recipe_shift,False,0.01,mlp_stronger:C5:E2,12,state_UT,False,False,0.005121849719441518,0.85054373922468,0.0,0.0
203,1.0,joint_recipe_shift,False,0.02,mlp_stronger:C5:E8,12,state_CO,False,False,0.0034856397275317974,0.8231689700883718,0.0,0.0
203,1.0,joint_recipe_shift,False,0.02,mlp_stronger:C5:E8,12,state_UT,False,False,0.00033040503770487284,0.8553351839064166,0.0,0.0
203,1.0,joint_recipe_shift,True,0.0,mlp_stronger:C5:E2,12,state_CO,False,False,0.018124909391097677,0.8085297004248059,0.0,0.0
203,1.0,joint_recipe_shift,True,0.0,mlp_stronger:C5:E2,12,state_UT,False,False,0.005121849719441518,0.85054373922468,0.0,0.0
203,1.0,joint_recipe_shift,True,0.005,mlp_stronger:C5:E2,12,state_CO,False,False,0.018124909391097677,0.8085297004248059,0.0,0.0
203,1.0,joint_recipe_shift,True,0.005,mlp_stronger:C5:E2,12,state_UT,False,False,0.005121849719441518,0.85054373922468,0.0,0.0
203,1.0,joint_recipe_shift,True,0.01,mlp_stronger:C5:E8,12,state_CO,False,False,0.0034856397275317974,0.8231689700883718,0.0,0.0
203,1.0,joint_recipe_shift,True,0.01,mlp_stronger:C5:E8,12,state_UT,False,False,0.00033040503770487284,0.8553351839064166,0.0,0.0
203,1.0,joint_recipe_shift,True,0.02,mlp_stronger:C5:E8,12,state_CO,False,False,0.0034856397275317974,0.8231689700883718,0.0,0.0
203,1.0,joint_recipe_shift,True,0.02,mlp_stronger:C5:E8,12,state_UT,False,False,0.00033040503770487284,0.8553351839064166,0.0,0.0
203,1.0,joint_recipe_proxy,False,0.0,mlp_base:C5:E2,12,state_CO,False,False,0.02355466415517038,0.8030999456607332,0.0,0.0
203,1.0,joint_recipe_proxy,False,0.0,mlp_base:C5:E2,12,state_UT,False,False,0.010452917853762012,0.8452126710903595,0.0,0.0
203,1.0,joint_recipe_proxy,False,0.005,mlp_base:C5:E2,12,state_CO,False,False,0.02355466415517038,0.8030999456607332,0.0,0.0
203,1.0,joint_recipe_proxy,False,0.005,mlp_base:C5:E2,12,state_UT,False,False,0.010452917853762012,0.8452126710903595,0.0,0.0
203,1.0,joint_recipe_proxy,False,0.01,mlp_base:C5:E2,12,state_CO,False,False,0.02355466415517038,0.8030999456607332,0.0,0.0
203,1.0,joint_recipe_proxy,False,0.01,mlp_base:C5:E2,12,state_UT,False,False,0.010452917853762012,0.8452126710903595,0.0,0.0
203,1.0,joint_recipe_proxy,False,0.02,mlp_stronger:C5:E8,12,state_CO,False,False,0.0034856397275317974,0.8231689700883718,0.0,0.0
203,1.0,joint_recipe_proxy,False,0.02,mlp_stronger:C5:E8,12,state_UT,False,False,0.00033040503770487284,0.8553351839064166,0.0,0.0
203,1.0,joint_recipe_proxy,True,0.0,mlp_base:C5:E2,12,state_CO,False,False,0.02355466415517038,0.8030999456607332,0.0,0.0
203,1.0,joint_recipe_proxy,True,0.0,mlp_base:C5:E2,12,state_UT,False,False,0.010452917853762012,0.8452126710903595,0.0,0.0
203,1.0,joint_recipe_proxy,True,0.005,mlp_base:C5:E2,12,state_CO,False,False,0.02355466415517038,0.8030999456607332,0.0,0.0
203,1.0,joint_recipe_proxy,True,0.005,mlp_base:C5:E2,12,state_UT,False,False,0.010452917853762012,0.8452126710903595,0.0,0.0
203,1.0,joint_recipe_proxy,True,0.01,mlp_stronger:C5:E8,12,state_CO,False,False,0.0034856397275317974,0.8231689700883718,0.0,0.0
203,1.0,joint_recipe_proxy,True,0.01,mlp_stronger:C5:E8,12,state_UT,False,False,0.00033040503770487284,0.8553351839064166,0.0,0.0
203,1.0,joint_recipe_proxy,True,0.02,mlp_stronger:C5:E8,12,state_CO,False,False,0.0034856397275317974,0.8231689700883718,0.0,0.0
203,1.0,joint_recipe_proxy,True,0.02,mlp_stronger:C5:E8,12,state_UT,False,False,0.00033040503770487284,0.8553351839064166,0.0,0.0
203,1.0,logistic_shift,False,0.0,logistic:C1:E2,4,state_CO,False,False,0.02060824517543447,0.8060463646404691,0.0,0.0
203,1.0,logistic_shift,False,0.0,logistic:C1:E2,4,state_UT,False,False,0.01854326819742913,0.8371223207466923,0.0,0.0
203,1.0,logistic_shift,False,0.005,logistic:C5:E8,4,state_CO,False,False,0.009364918944796075,0.8172896908711075,0.0,0.0
203,1.0,logistic_shift,False,0.005,logistic:C5:E8,4,state_UT,False,False,0.006833324949352959,0.8488322639947685,0.0,0.0
203,1.0,logistic_shift,False,0.01,logistic:C5:E8,4,state_CO,False,False,0.009364918944796075,0.8172896908711075,0.0,0.0
203,1.0,logistic_shift,False,0.01,logistic:C5:E8,4,state_UT,False,False,0.006833324949352959,0.8488322639947685,0.0,0.0
203,1.0,logistic_shift,False,0.02,,4,state_CO,True,,,,,
203,1.0,logistic_shift,False,0.02,,4,state_UT,True,,,,,
203,1.0,logistic_shift,True,0.0,logistic:C5:E8,4,state_CO,False,False,0.009364918944796075,0.8172896908711075,0.0,0.0
203,1.0,logistic_shift,True,0.0,logistic:C5:E8,4,state_UT,False,False,0.006833324949352959,0.8488322639947685,0.0,0.0
203,1.0,logistic_shift,True,0.005,logistic:C5:E8,4,state_CO,False,False,0.009364918944796075,0.8172896908711075,0.0,0.0
203,1.0,logistic_shift,True,0.005,logistic:C5:E8,4,state_UT,False,False,0.006833324949352959,0.8488322639947685,0.0,0.0
203,1.0,logistic_shift,True,0.01,logistic:C5:E8,4,state_CO,False,False,0.009364918944796075,0.8172896908711075,0.0,0.0
203,1.0,logistic_shift,True,0.01,logistic:C5:E8,4,state_UT,False,False,0.006833324949352959,0.8488322639947685,0.0,0.0
203,1.0,logistic_shift,True,0.02,,4,state_CO,True,,,,,
203,1.0,logistic_shift,True,0.02,,4,state_UT,True,,,,,
204,1.0,epsilon_source,False,0.0,,2,state_CO,True,,,,,
204,1.0,epsilon_source,False,0.0,,2,state_UT,True,,,,,
204,1.0,epsilon_source,False,0.005,,2,state_CO,True,,,,,
204,1.0,epsilon_source,False,0.005,,2,state_UT,True,,,,,
204,1.0,epsilon_source,False,0.01,,2,state_CO,True,,,,,
204,1.0,epsilon_source,False,0.01,,2,state_UT,True,,,,,
204,1.0,epsilon_source,False,0.02,,2,state_CO,True,,,,,
204,1.0,epsilon_source,False,0.02,,2,state_UT,True,,,,,
204,1.0,epsilon_source,True,0.0,,2,state_CO,True,,,,,
204,1.0,epsilon_source,True,0.0,,2,state_UT,True,,,,,
204,1.0,epsilon_source,True,0.005,,2,state_CO,True,,,,,
204,1.0,epsilon_source,True,0.005,,2,state_UT,True,,,,,
204,1.0,epsilon_source,True,0.01,,2,state_CO,True,,,,,
204,1.0,epsilon_source,True,0.01,,2,state_UT,True,,,,,
204,1.0,epsilon_source,True,0.02,,2,state_CO,True,,,,,
204,1.0,epsilon_source,True,0.02,,2,state_UT,True,,,,,
204,1.0,epsilon_shift,False,0.0,,2,state_CO,True,,,,,
204,1.0,epsilon_shift,False,0.0,,2,state_UT,True,,,,,
204,1.0,epsilon_shift,False,0.005,,2,state_CO,True,,,,,
204,1.0,epsilon_shift,False,0.005,,2,state_UT,True,,,,,
204,1.0,epsilon_shift,False,0.01,,2,state_CO,True,,,,,
204,1.0,epsilon_shift,False,0.01,,2,state_UT,True,,,,,
204,1.0,epsilon_shift,False,0.02,,2,state_CO,True,,,,,
204,1.0,epsilon_shift,False,0.02,,2,state_UT,True,,,,,
204,1.0,epsilon_shift,True,0.0,,2,state_CO,True,,,,,
204,1.0,epsilon_shift,True,0.0,,2,state_UT,True,,,,,
204,1.0,epsilon_shift,True,0.005,,2,state_CO,True,,,,,
204,1.0,epsilon_shift,True,0.005,,2,state_UT,True,,,,,
204,1.0,epsilon_shift,True,0.01,,2,state_CO,True,,,,,
204,1.0,epsilon_shift,True,0.01,,2,state_UT,True,,,,,
204,1.0,epsilon_shift,True,0.02,,2,state_CO,True,,,,,
204,1.0,epsilon_shift,True,0.02,,2,state_UT,True,,,,,
204,1.0,joint_clip_source,False,0.0,mlp_base:C5:E2,4,state_CO,False,False,0.023600636029090682,0.8109076252984675,0.0,0.0
204,1.0,joint_clip_source,False,0.0,mlp_base:C5:E2,4,state_UT,False,False,0.005905426958058735,0.8797637350268929,0.0,0.0
204,1.0,joint_clip_source,False,0.005,mlp_base:C5:E2,4,state_CO,False,False,0.023600636029090682,0.8109076252984675,0.0,0.0
204,1.0,joint_clip_source,False,0.005,mlp_base:C5:E2,4,state_UT,False,False,0.005905426958058735,0.8797637350268929,0.0,0.0
204,1.0,joint_clip_source,False,0.01,mlp_base:C5:E2,4,state_CO,False,False,0.023600636029090682,0.8109076252984675,0.0,0.0
204,1.0,joint_clip_source,False,0.01,mlp_base:C5:E2,4,state_UT,False,False,0.005905426958058735,0.8797637350268929,0.0,0.0
204,1.0,joint_clip_source,False,0.02,mlp_base:C5:E8,4,state_CO,False,False,0.004071470138518274,0.8304367911890399,0.0,0.0
204,1.0,joint_clip_source,False,0.02,mlp_base:C5:E8,4,state_UT,False,False,0.0007285994128100048,0.8849405625721416,0.0,0.0
204,1.0,joint_clip_source,True,0.0,mlp_base:C5:E2,4,state_CO,False,False,0.023600636029090682,0.8109076252984675,0.0,0.0
204,1.0,joint_clip_source,True,0.0,mlp_base:C5:E2,4,state_UT,False,False,0.005905426958058735,0.8797637350268929,0.0,0.0
204,1.0,joint_clip_source,True,0.005,mlp_base:C5:E8,4,state_CO,False,False,0.004071470138518274,0.8304367911890399,0.0,0.0
204,1.0,joint_clip_source,True,0.005,mlp_base:C5:E8,4,state_UT,False,False,0.0007285994128100048,0.8849405625721416,0.0,0.0
204,1.0,joint_clip_source,True,0.01,mlp_base:C5:E8,4,state_CO,False,False,0.004071470138518274,0.8304367911890399,0.0,0.0
204,1.0,joint_clip_source,True,0.01,mlp_base:C5:E8,4,state_UT,False,False,0.0007285994128100048,0.8849405625721416,0.0,0.0
204,1.0,joint_clip_source,True,0.02,mlp_base:C5:E8,4,state_CO,False,False,0.004071470138518274,0.8304367911890399,0.0,0.0
204,1.0,joint_clip_source,True,0.02,mlp_base:C5:E8,4,state_UT,False,False,0.0007285994128100048,0.8849405625721416,0.0,0.0
204,1.0,joint_clip_shift,False,0.0,mlp_base:C5:E2,4,state_CO,False,False,0.023600636029090682,0.8109076252984675,0.0,0.0
204,1.0,joint_clip_shift,False,0.0,mlp_base:C5:E2,4,state_UT,False,False,0.005905426958058735,0.8797637350268929,0.0,0.0
204,1.0,joint_clip_shift,False,0.005,mlp_base:C5:E2,4,state_CO,False,False,0.023600636029090682,0.8109076252984675,0.0,0.0
204,1.0,joint_clip_shift,False,0.005,mlp_base:C5:E2,4,state_UT,False,False,0.005905426958058735,0.8797637350268929,0.0,0.0
204,1.0,joint_clip_shift,False,0.01,mlp_base:C5:E8,4,state_CO,False,False,0.004071470138518274,0.8304367911890399,0.0,0.0
204,1.0,joint_clip_shift,False,0.01,mlp_base:C5:E8,4,state_UT,False,False,0.0007285994128100048,0.8849405625721416,0.0,0.0
204,1.0,joint_clip_shift,False,0.02,mlp_base:C5:E8,4,state_CO,False,False,0.004071470138518274,0.8304367911890399,0.0,0.0
204,1.0,joint_clip_shift,False,0.02,mlp_base:C5:E8,4,state_UT,False,False,0.0007285994128100048,0.8849405625721416,0.0,0.0
204,1.0,joint_clip_shift,True,0.0,mlp_base:C5:E8,4,state_CO,False,False,0.004071470138518274,0.8304367911890399,0.0,0.0
204,1.0,joint_clip_shift,True,0.0,mlp_base:C5:E8,4,state_UT,False,False,0.0007285994128100048,0.8849405625721416,0.0,0.0
204,1.0,joint_clip_shift,True,0.005,mlp_base:C5:E8,4,state_CO,False,False,0.004071470138518274,0.8304367911890399,0.0,0.0
204,1.0,joint_clip_shift,True,0.005,mlp_base:C5:E8,4,state_UT,False,False,0.0007285994128100048,0.8849405625721416,0.0,0.0
204,1.0,joint_clip_shift,True,0.01,mlp_base:C5:E8,4,state_CO,False,False,0.004071470138518274,0.8304367911890399,0.0,0.0
204,1.0,joint_clip_shift,True,0.01,mlp_base:C5:E8,4,state_UT,False,False,0.0007285994128100048,0.8849405625721416,0.0,0.0
204,1.0,joint_clip_shift,True,0.02,,4,state_CO,True,,,,,
204,1.0,joint_clip_shift,True,0.02,,4,state_UT,True,,,,,
204,1.0,joint_recipe_source,False,0.0,mlp_base:C5:E2,12,state_CO,False,False,0.023600636029090682,0.8109076252984675,0.0,0.0
204,1.0,joint_recipe_source,False,0.0,mlp_base:C5:E2,12,state_UT,False,False,0.005905426958058735,0.8797637350268929,0.0,0.0
204,1.0,joint_recipe_source,False,0.005,mlp_base:C5:E2,12,state_CO,False,False,0.023600636029090682,0.8109076252984675,0.0,0.0
204,1.0,joint_recipe_source,False,0.005,mlp_base:C5:E2,12,state_UT,False,False,0.005905426958058735,0.8797637350268929,0.0,0.0
204,1.0,joint_recipe_source,False,0.01,mlp_base:C5:E2,12,state_CO,False,False,0.023600636029090682,0.8109076252984675,0.0,0.0
204,1.0,joint_recipe_source,False,0.01,mlp_base:C5:E2,12,state_UT,False,False,0.005905426958058735,0.8797637350268929,0.0,0.0
204,1.0,joint_recipe_source,False,0.02,mlp_stronger:C5:E8,12,state_CO,False,False,0.0020309995780151135,0.8324772617495431,0.0,0.0
204,1.0,joint_recipe_source,False,0.02,mlp_stronger:C5:E8,12,state_UT,False,False,0.0027252132515291905,0.8829439487334224,0.0,0.0
204,1.0,joint_recipe_source,True,0.0,mlp_base:C5:E2,12,state_CO,False,False,0.023600636029090682,0.8109076252984675,0.0,0.0
204,1.0,joint_recipe_source,True,0.0,mlp_base:C5:E2,12,state_UT,False,False,0.005905426958058735,0.8797637350268929,0.0,0.0
204,1.0,joint_recipe_source,True,0.005,mlp_stronger:C5:E2,12,state_CO,False,False,0.019426037414590258,0.8150822239129679,0.0,0.0
204,1.0,joint_recipe_source,True,0.005,mlp_stronger:C5:E2,12,state_UT,False,False,0.01541134435871283,0.8702578176262388,0.0,0.0
204,1.0,joint_recipe_source,True,0.01,mlp_stronger:C5:E8,12,state_CO,False,False,0.0020309995780151135,0.8324772617495431,0.0,0.0
204,1.0,joint_recipe_source,True,0.01,mlp_stronger:C5:E8,12,state_UT,False,False,0.0027252132515291905,0.8829439487334224,0.0,0.0
204,1.0,joint_recipe_source,True,0.02,mlp_stronger:C5:E8,12,state_CO,False,False,0.0020309995780151135,0.8324772617495431,0.0,0.0
204,1.0,joint_recipe_source,True,0.02,mlp_stronger:C5:E8,12,state_UT,False,False,0.0027252132515291905,0.8829439487334224,0.0,0.0
204,1.0,joint_recipe_shift,False,0.0,mlp_base:C5:E2,12,state_CO,False,False,0.023600636029090682,0.8109076252984675,0.0,0.0
204,1.0,joint_recipe_shift,False,0.0,mlp_base:C5:E2,12,state_UT,False,False,0.005905426958058735,0.8797637350268929,0.0,0.0
204,1.0,joint_recipe_shift,False,0.005,mlp_base:C5:E2,12,state_CO,False,False,0.023600636029090682,0.8109076252984675,0.0,0.0
204,1.0,joint_recipe_shift,False,0.005,mlp_base:C5:E2,12,state_UT,False,False,0.005905426958058735,0.8797637350268929,0.0,0.0
204,1.0,joint_recipe_shift,False,0.01,mlp_stronger:C5:E8,12,state_CO,False,False,0.0020309995780151135,0.8324772617495431,0.0,0.0
204,1.0,joint_recipe_shift,False,0.01,mlp_stronger:C5:E8,12,state_UT,False,False,0.0027252132515291905,0.8829439487334224,0.0,0.0
204,1.0,joint_recipe_shift,False,0.02,mlp_stronger:C5:E8,12,state_CO,False,False,0.0020309995780151135,0.8324772617495431,0.0,0.0
204,1.0,joint_recipe_shift,False,0.02,mlp_stronger:C5:E8,12,state_UT,False,False,0.0027252132515291905,0.8829439487334224,0.0,0.0
204,1.0,joint_recipe_shift,True,0.0,mlp_stronger:C5:E8,12,state_CO,False,False,0.0020309995780151135,0.8324772617495431,0.0,0.0
204,1.0,joint_recipe_shift,True,0.0,mlp_stronger:C5:E8,12,state_UT,False,False,0.0027252132515291905,0.8829439487334224,0.0,0.0
204,1.0,joint_recipe_shift,True,0.005,mlp_stronger:C5:E8,12,state_CO,False,False,0.0020309995780151135,0.8324772617495431,0.0,0.0
204,1.0,joint_recipe_shift,True,0.005,mlp_stronger:C5:E8,12,state_UT,False,False,0.0027252132515291905,0.8829439487334224,0.0,0.0
204,1.0,joint_recipe_shift,True,0.01,mlp_stronger:C5:E8,12,state_CO,False,False,0.0020309995780151135,0.8324772617495431,0.0,0.0
204,1.0,joint_recipe_shift,True,0.01,mlp_stronger:C5:E8,12,state_UT,False,False,0.0027252132515291905,0.8829439487334224,0.0,0.0
204,1.0,joint_recipe_shift,True,0.02,mlp_stronger:C5:E8,12,state_CO,False,False,0.0020309995780151135,0.8324772617495431,0.0,0.0
204,1.0,joint_recipe_shift,True,0.02,mlp_stronger:C5:E8,12,state_UT,False,False,0.0027252132515291905,0.8829439487334224,0.0,0.0
204,1.0,joint_recipe_proxy,False,0.0,mlp_base:C5:E2,12,state_CO,False,False,0.023600636029090682,0.8109076252984675,0.0,0.0
204,1.0,joint_recipe_proxy,False,0.0,mlp_base:C5:E2,12,state_UT,False,False,0.005905426958058735,0.8797637350268929,0.0,0.0
204,1.0,joint_recipe_proxy,False,0.005,mlp_base:C5:E2,12,state_CO,False,False,0.023600636029090682,0.8109076252984675,0.0,0.0
204,1.0,joint_recipe_proxy,False,0.005,mlp_base:C5:E2,12,state_UT,False,False,0.005905426958058735,0.8797637350268929,0.0,0.0
204,1.0,joint_recipe_proxy,False,0.01,mlp_base:C5:E2,12,state_CO,False,False,0.023600636029090682,0.8109076252984675,0.0,0.0
204,1.0,joint_recipe_proxy,False,0.01,mlp_base:C5:E2,12,state_UT,False,False,0.005905426958058735,0.8797637350268929,0.0,0.0
204,1.0,joint_recipe_proxy,False,0.02,mlp_stronger:C5:E8,12,state_CO,False,False,0.0020309995780151135,0.8324772617495431,0.0,0.0
204,1.0,joint_recipe_proxy,False,0.02,mlp_stronger:C5:E8,12,state_UT,False,False,0.0027252132515291905,0.8829439487334224,0.0,0.0
204,1.0,joint_recipe_proxy,True,0.0,mlp_base:C5:E2,12,state_CO,False,False,0.023600636029090682,0.8109076252984675,0.0,0.0
204,1.0,joint_recipe_proxy,True,0.0,mlp_base:C5:E2,12,state_UT,False,False,0.005905426958058735,0.8797637350268929,0.0,0.0
204,1.0,joint_recipe_proxy,True,0.005,mlp_stronger:C5:E2,12,state_CO,False,False,0.019426037414590258,0.8150822239129679,0.0,0.0
204,1.0,joint_recipe_proxy,True,0.005,mlp_stronger:C5:E2,12,state_UT,False,False,0.01541134435871283,0.8702578176262388,0.0,0.0
204,1.0,joint_recipe_proxy,True,0.01,mlp_stronger:C5:E8,12,state_CO,False,False,0.0020309995780151135,0.8324772617495431,0.0,0.0
204,1.0,joint_recipe_proxy,True,0.01,mlp_stronger:C5:E8,12,state_UT,False,False,0.0027252132515291905,0.8829439487334224,0.0,0.0
204,1.0,joint_recipe_proxy,True,0.02,mlp_stronger:C5:E8,12,state_CO,False,False,0.0020309995780151135,0.8324772617495431,0.0,0.0
204,1.0,joint_recipe_proxy,True,0.02,mlp_stronger:C5:E8,12,state_UT,False,False,0.0027252132515291905,0.8829439487334224,0.0,0.0
204,1.0,logistic_shift,False,0.0,logistic:C5:E2,4,state_CO,False,False,0.012872117532788163,0.82163614379477,0.0,0.0
204,1.0,logistic_shift,False,0.0,logistic:C5:E2,4,state_UT,False,False,0.012945960314381444,0.8727232016705702,0.0,0.0
204,1.0,logistic_shift,False,0.005,logistic:C5:E2,4,state_CO,False,False,0.012872117532788163,0.82163614379477,0.0,0.0
204,1.0,logistic_shift,False,0.005,logistic:C5:E2,4,state_UT,False,False,0.012945960314381444,0.8727232016705702,0.0,0.0
204,1.0,logistic_shift,False,0.01,logistic:C5:E8,4,state_CO,False,False,0.0030275574020464102,0.8314807039255118,0.0,0.0
204,1.0,logistic_shift,False,0.01,logistic:C5:E8,4,state_UT,False,False,0.003287976972187634,0.882381185012764,0.0,0.0
204,1.0,logistic_shift,False,0.02,logistic:C5:E8,4,state_CO,False,False,0.0030275574020464102,0.8314807039255118,0.0,0.0
204,1.0,logistic_shift,False,0.02,logistic:C5:E8,4,state_UT,False,False,0.003287976972187634,0.882381185012764,0.0,0.0
204,1.0,logistic_shift,True,0.0,logistic:C5:E8,4,state_CO,False,False,0.0030275574020464102,0.8314807039255118,0.0,0.0
204,1.0,logistic_shift,True,0.0,logistic:C5:E8,4,state_UT,False,False,0.003287976972187634,0.882381185012764,0.0,0.0
204,1.0,logistic_shift,True,0.005,logistic:C5:E8,4,state_CO,False,False,0.0030275574020464102,0.8314807039255118,0.0,0.0
204,1.0,logistic_shift,True,0.005,logistic:C5:E8,4,state_UT,False,False,0.003287976972187634,0.882381185012764,0.0,0.0
204,1.0,logistic_shift,True,0.01,logistic:C5:E8,4,state_CO,False,False,0.0030275574020464102,0.8314807039255118,0.0,0.0
204,1.0,logistic_shift,True,0.01,logistic:C5:E8,4,state_UT,False,False,0.003287976972187634,0.882381185012764,0.0,0.0
204,1.0,logistic_shift,True,0.02,,4,state_CO,True,,,,,
204,1.0,logistic_shift,True,0.02,,4,state_UT,True,,,,,
205,1.0,epsilon_source,False,0.0,,2,state_CO,True,,,,,
205,1.0,epsilon_source,False,0.0,,2,state_UT,True,,,,,
205,1.0,epsilon_source,False,0.005,,2,state_CO,True,,,,,
205,1.0,epsilon_source,False,0.005,,2,state_UT,True,,,,,
205,1.0,epsilon_source,False,0.01,,2,state_CO,True,,,,,
205,1.0,epsilon_source,False,0.01,,2,state_UT,True,,,,,
205,1.0,epsilon_source,False,0.02,,2,state_CO,True,,,,,
205,1.0,epsilon_source,False,0.02,,2,state_UT,True,,,,,
205,1.0,epsilon_source,True,0.0,,2,state_CO,True,,,,,
205,1.0,epsilon_source,True,0.0,,2,state_UT,True,,,,,
205,1.0,epsilon_source,True,0.005,,2,state_CO,True,,,,,
205,1.0,epsilon_source,True,0.005,,2,state_UT,True,,,,,
205,1.0,epsilon_source,True,0.01,,2,state_CO,True,,,,,
205,1.0,epsilon_source,True,0.01,,2,state_UT,True,,,,,
205,1.0,epsilon_source,True,0.02,,2,state_CO,True,,,,,
205,1.0,epsilon_source,True,0.02,,2,state_UT,True,,,,,
205,1.0,epsilon_shift,False,0.0,,2,state_CO,True,,,,,
205,1.0,epsilon_shift,False,0.0,,2,state_UT,True,,,,,
205,1.0,epsilon_shift,False,0.005,,2,state_CO,True,,,,,
205,1.0,epsilon_shift,False,0.005,,2,state_UT,True,,,,,
205,1.0,epsilon_shift,False,0.01,,2,state_CO,True,,,,,
205,1.0,epsilon_shift,False,0.01,,2,state_UT,True,,,,,
205,1.0,epsilon_shift,False,0.02,,2,state_CO,True,,,,,
205,1.0,epsilon_shift,False,0.02,,2,state_UT,True,,,,,
205,1.0,epsilon_shift,True,0.0,,2,state_CO,True,,,,,
205,1.0,epsilon_shift,True,0.0,,2,state_UT,True,,,,,
205,1.0,epsilon_shift,True,0.005,,2,state_CO,True,,,,,
205,1.0,epsilon_shift,True,0.005,,2,state_UT,True,,,,,
205,1.0,epsilon_shift,True,0.01,,2,state_CO,True,,,,,
205,1.0,epsilon_shift,True,0.01,,2,state_UT,True,,,,,
205,1.0,epsilon_shift,True,0.02,,2,state_CO,True,,,,,
205,1.0,epsilon_shift,True,0.02,,2,state_UT,True,,,,,
205,1.0,joint_clip_source,False,0.0,mlp_base:C5:E2,4,state_CO,False,False,0.019490610212527515,0.810905838320885,0.0,0.0
205,1.0,joint_clip_source,False,0.0,mlp_base:C5:E2,4,state_UT,False,False,0.003074772886093702,0.850961285814116,0.0,0.0
205,1.0,joint_clip_source,False,0.005,mlp_base:C5:E2,4,state_CO,False,False,0.019490610212527515,0.810905838320885,0.0,0.0
205,1.0,joint_clip_source,False,0.005,mlp_base:C5:E2,4,state_UT,False,False,0.003074772886093702,0.850961285814116,0.0,0.0
205,1.0,joint_clip_source,False,0.01,mlp_base:C5:E2,4,state_CO,False,False,0.019490610212527515,0.810905838320885,0.0,0.0
205,1.0,joint_clip_source,False,0.01,mlp_base:C5:E2,4,state_UT,False,False,0.003074772886093702,0.850961285814116,0.0,0.0
205,1.0,joint_clip_source,False,0.02,mlp_base:C5:E8,4,state_CO,False,False,0.0007563766467165722,0.829640071886696,0.0,0.0
205,1.0,joint_clip_source,False,0.02,mlp_base:C5:E8,4,state_UT,False,False,-0.00249895178197046,0.8565350104821802,0.0,0.0
205,1.0,joint_clip_source,True,0.0,mlp_base:C5:E2,4,state_CO,False,False,0.019490610212527515,0.810905838320885,0.0,0.0
205,1.0,joint_clip_source,True,0.0,mlp_base:C5:E2,4,state_UT,False,False,0.003074772886093702,0.850961285814116,0.0,0.0
205,1.0,joint_clip_source,True,0.005,mlp_base:C5:E2,4,state_CO,False,False,0.019490610212527515,0.810905838320885,0.0,0.0
205,1.0,joint_clip_source,True,0.005,mlp_base:C5:E2,4,state_UT,False,False,0.003074772886093702,0.850961285814116,0.0,0.0
205,1.0,joint_clip_source,True,0.01,mlp_base:C5:E8,4,state_CO,False,False,0.0007563766467165722,0.829640071886696,0.0,0.0
205,1.0,joint_clip_source,True,0.01,mlp_base:C5:E8,4,state_UT,False,False,-0.00249895178197046,0.8565350104821802,0.0,0.0
205,1.0,joint_clip_source,True,0.02,mlp_base:C5:E8,4,state_CO,False,False,0.0007563766467165722,0.829640071886696,0.0,0.0
205,1.0,joint_clip_source,True,0.02,mlp_base:C5:E8,4,state_UT,False,False,-0.00249895178197046,0.8565350104821802,0.0,0.0
205,1.0,joint_clip_shift,False,0.0,mlp_base:C5:E2,4,state_CO,False,False,0.019490610212527515,0.810905838320885,0.0,0.0
205,1.0,joint_clip_shift,False,0.0,mlp_base:C5:E2,4,state_UT,False,False,0.003074772886093702,0.850961285814116,0.0,0.0
205,1.0,joint_clip_shift,False,0.005,mlp_base:C5:E2,4,state_CO,False,False,0.019490610212527515,0.810905838320885,0.0,0.0
205,1.0,joint_clip_shift,False,0.005,mlp_base:C5:E2,4,state_UT,False,False,0.003074772886093702,0.850961285814116,0.0,0.0
205,1.0,joint_clip_shift,False,0.01,mlp_base:C5:E2,4,state_CO,False,False,0.019490610212527515,0.810905838320885,0.0,0.0
205,1.0,joint_clip_shift,False,0.01,mlp_base:C5:E2,4,state_UT,False,False,0.003074772886093702,0.850961285814116,0.0,0.0
205,1.0,joint_clip_shift,False,0.02,mlp_base:C5:E8,4,state_CO,False,False,0.0007563766467165722,0.829640071886696,0.0,0.0
205,1.0,joint_clip_shift,False,0.02,mlp_base:C5:E8,4,state_UT,False,False,-0.00249895178197046,0.8565350104821802,0.0,0.0
205,1.0,joint_clip_shift,True,0.0,mlp_base:C5:E2,4,state_CO,False,False,0.019490610212527515,0.810905838320885,0.0,0.0
205,1.0,joint_clip_shift,True,0.0,mlp_base:C5:E2,4,state_UT,False,False,0.003074772886093702,0.850961285814116,0.0,0.0
205,1.0,joint_clip_shift,True,0.005,mlp_base:C5:E8,4,state_CO,False,False,0.0007563766467165722,0.829640071886696,0.0,0.0
205,1.0,joint_clip_shift,True,0.005,mlp_base:C5:E8,4,state_UT,False,False,-0.00249895178197046,0.8565350104821802,0.0,0.0
205,1.0,joint_clip_shift,True,0.01,mlp_base:C5:E8,4,state_CO,False,False,0.0007563766467165722,0.829640071886696,0.0,0.0
205,1.0,joint_clip_shift,True,0.01,mlp_base:C5:E8,4,state_UT,False,False,-0.00249895178197046,0.8565350104821802,0.0,0.0
205,1.0,joint_clip_shift,True,0.02,mlp_base:C5:E8,4,state_CO,False,False,0.0007563766467165722,0.829640071886696,0.0,0.0
205,1.0,joint_clip_shift,True,0.02,mlp_base:C5:E8,4,state_UT,False,False,-0.00249895178197046,0.8565350104821802,0.0,0.0
205,1.0,joint_recipe_source,False,0.0,mlp_base:C5:E2,12,state_CO,False,False,0.019490610212527515,0.810905838320885,0.0,0.0
205,1.0,joint_recipe_source,False,0.0,mlp_base:C5:E2,12,state_UT,False,False,0.003074772886093702,0.850961285814116,0.0,0.0
205,1.0,joint_recipe_source,False,0.005,mlp_base:C5:E2,12,state_CO,False,False,0.019490610212527515,0.810905838320885,0.0,0.0
205,1.0,joint_recipe_source,False,0.005,mlp_base:C5:E2,12,state_UT,False,False,0.003074772886093702,0.850961285814116,0.0,0.0
205,1.0,joint_recipe_source,False,0.01,mlp_base:C5:E2,12,state_CO,False,False,0.019490610212527515,0.810905838320885,0.0,0.0
205,1.0,joint_recipe_source,False,0.01,mlp_base:C5:E2,12,state_UT,False,False,0.003074772886093702,0.850961285814116,0.0,0.0
205,1.0,joint_recipe_source,False,0.02,logistic:C5:E2,12,state_CO,False,False,0.02265317142338985,0.8077432771100227,0.0,0.0
205,1.0,joint_recipe_source,False,0.02,logistic:C5:E2,12,state_UT,False,False,0.009464709993012077,0.8445713487071976,0.0,0.0
205,1.0,joint_recipe_source,True,0.0,mlp_base:C5:E2,12,state_CO,False,False,0.019490610212527515,0.810905838320885,0.0,0.0
205,1.0,joint_recipe_source,True,0.0,mlp_base:C5:E2,12,state_UT,False,False,0.003074772886093702,0.850961285814116,0.0,0.0
205,1.0,joint_recipe_source,True,0.005,mlp_base:C5:E2,12,state_CO,False,False,0.019490610212527515,0.810905838320885,0.0,0.0
205,1.0,joint_recipe_source,True,0.005,mlp_base:C5:E2,12,state_UT,False,False,0.003074772886093702,0.850961285814116,0.0,0.0
205,1.0,joint_recipe_source,True,0.01,mlp_stronger:C5:E8,12,state_CO,False,False,-0.0008563337785031377,0.8312527823119157,0.0,0.0
205,1.0,joint_recipe_source,True,0.01,mlp_stronger:C5:E8,12,state_UT,False,False,0.0039234102026556306,0.8501126484975541,0.0,0.0
205,1.0,joint_recipe_source,True,0.02,mlp_stronger:C5:E8,12,state_CO,False,False,-0.0008563337785031377,0.8312527823119157,0.0,0.0
205,1.0,joint_recipe_source,True,0.02,mlp_stronger:C5:E8,12,state_UT,False,False,0.0039234102026556306,0.8501126484975541,0.0,0.0
205,1.0,joint_recipe_shift,False,0.0,mlp_base:C5:E2,12,state_CO,False,False,0.019490610212527515,0.810905838320885,0.0,0.0
205,1.0,joint_recipe_shift,False,0.0,mlp_base:C5:E2,12,state_UT,False,False,0.003074772886093702,0.850961285814116,0.0,0.0
205,1.0,joint_recipe_shift,False,0.005,mlp_base:C5:E2,12,state_CO,False,False,0.019490610212527515,0.810905838320885,0.0,0.0
205,1.0,joint_recipe_shift,False,0.005,mlp_base:C5:E2,12,state_UT,False,False,0.003074772886093702,0.850961285814116,0.0,0.0
205,1.0,joint_recipe_shift,False,0.01,mlp_base:C5:E2,12,state_CO,False,False,0.019490610212527515,0.810905838320885,0.0,0.0
205,1.0,joint_recipe_shift,False,0.01,mlp_base:C5:E2,12,state_UT,False,False,0.003074772886093702,0.850961285814116,0.0,0.0
205,1.0,joint_recipe_shift,False,0.02,mlp_stronger:C5:E8,12,state_CO,False,False,-0.0008563337785031377,0.8312527823119157,0.0,0.0
205,1.0,joint_recipe_shift,False,0.02,mlp_stronger:C5:E8,12,state_UT,False,False,0.0039234102026556306,0.8501126484975541,0.0,0.0
205,1.0,joint_recipe_shift,True,0.0,mlp_base:C5:E2,12,state_CO,False,False,0.019490610212527515,0.810905838320885,0.0,0.0
205,1.0,joint_recipe_shift,True,0.0,mlp_base:C5:E2,12,state_UT,False,False,0.003074772886093702,0.850961285814116,0.0,0.0
205,1.0,joint_recipe_shift,True,0.005,mlp_stronger:C5:E8,12,state_CO,False,False,-0.0008563337785031377,0.8312527823119157,0.0,0.0
205,1.0,joint_recipe_shift,True,0.005,mlp_stronger:C5:E8,12,state_UT,False,False,0.0039234102026556306,0.8501126484975541,0.0,0.0
205,1.0,joint_recipe_shift,True,0.01,mlp_stronger:C5:E8,12,state_CO,False,False,-0.0008563337785031377,0.8312527823119157,0.0,0.0
205,1.0,joint_recipe_shift,True,0.01,mlp_stronger:C5:E8,12,state_UT,False,False,0.0039234102026556306,0.8501126484975541,0.0,0.0
205,1.0,joint_recipe_shift,True,0.02,mlp_stronger:C5:E8,12,state_CO,False,False,-0.0008563337785031377,0.8312527823119157,0.0,0.0
205,1.0,joint_recipe_shift,True,0.02,mlp_stronger:C5:E8,12,state_UT,False,False,0.0039234102026556306,0.8501126484975541,0.0,0.0
205,1.0,joint_recipe_proxy,False,0.0,mlp_base:C5:E2,12,state_CO,False,False,0.019490610212527515,0.810905838320885,0.0,0.0
205,1.0,joint_recipe_proxy,False,0.0,mlp_base:C5:E2,12,state_UT,False,False,0.003074772886093702,0.850961285814116,0.0,0.0
205,1.0,joint_recipe_proxy,False,0.005,mlp_base:C5:E2,12,state_CO,False,False,0.019490610212527515,0.810905838320885,0.0,0.0
205,1.0,joint_recipe_proxy,False,0.005,mlp_base:C5:E2,12,state_UT,False,False,0.003074772886093702,0.850961285814116,0.0,0.0
205,1.0,joint_recipe_proxy,False,0.01,mlp_base:C5:E2,12,state_CO,False,False,0.019490610212527515,0.810905838320885,0.0,0.0
205,1.0,joint_recipe_proxy,False,0.01,mlp_base:C5:E2,12,state_UT,False,False,0.003074772886093702,0.850961285814116,0.0,0.0
205,1.0,joint_recipe_proxy,False,0.02,logistic:C5:E2,12,state_CO,False,False,0.02265317142338985,0.8077432771100227,0.0,0.0
205,1.0,joint_recipe_proxy,False,0.02,logistic:C5:E2,12,state_UT,False,False,0.009464709993012077,0.8445713487071976,0.0,0.0
205,1.0,joint_recipe_proxy,True,0.0,mlp_base:C5:E2,12,state_CO,False,False,0.019490610212527515,0.810905838320885,0.0,0.0
205,1.0,joint_recipe_proxy,True,0.0,mlp_base:C5:E2,12,state_UT,False,False,0.003074772886093702,0.850961285814116,0.0,0.0
205,1.0,joint_recipe_proxy,True,0.005,mlp_base:C5:E2,12,state_CO,False,False,0.019490610212527515,0.810905838320885,0.0,0.0
205,1.0,joint_recipe_proxy,True,0.005,mlp_base:C5:E2,12,state_UT,False,False,0.003074772886093702,0.850961285814116,0.0,0.0
205,1.0,joint_recipe_proxy,True,0.01,mlp_stronger:C5:E8,12,state_CO,False,False,-0.0008563337785031377,0.8312527823119157,0.0,0.0
205,1.0,joint_recipe_proxy,True,0.01,mlp_stronger:C5:E8,12,state_UT,False,False,0.0039234102026556306,0.8501126484975541,0.0,0.0
205,1.0,joint_recipe_proxy,True,0.02,mlp_stronger:C5:E8,12,state_CO,False,False,-0.0008563337785031377,0.8312527823119157,0.0,0.0
205,1.0,joint_recipe_proxy,True,0.02,mlp_stronger:C5:E8,12,state_UT,False,False,0.0039234102026556306,0.8501126484975541,0.0,0.0
205,1.0,logistic_shift,False,0.0,logistic:C1:E2,4,state_CO,False,False,0.017816070633625225,0.8125803778997873,0.0,0.0
205,1.0,logistic_shift,False,0.0,logistic:C1:E2,4,state_UT,False,False,0.005762683438155114,0.8482733752620546,0.0,0.0
205,1.0,logistic_shift,False,0.005,logistic:C1:E2,4,state_CO,False,False,0.017816070633625225,0.8125803778997873,0.0,0.0
205,1.0,logistic_shift,False,0.005,logistic:C1:E2,4,state_UT,False,False,0.005762683438155114,0.8482733752620546,0.0,0.0
205,1.0,logistic_shift,False,0.01,logistic:C5:E2,4,state_CO,False,False,0.02265317142338985,0.8077432771100227,0.0,0.0
205,1.0,logistic_shift,False,0.01,logistic:C5:E2,4,state_UT,False,False,0.009464709993012077,0.8445713487071976,0.0,0.0
205,1.0,logistic_shift,False,0.02,logistic:C5:E8,4,state_CO,False,False,0.005212197655438455,0.8251842508779741,0.0,0.0
205,1.0,logistic_shift,False,0.02,logistic:C5:E8,4,state_UT,False,False,-0.0009682739343116475,0.8550043326345214,0.0,0.0
205,1.0,logistic_shift,True,0.0,logistic:C5:E8,4,state_CO,False,False,0.005212197655438455,0.8251842508779741,0.0,0.0
205,1.0,logistic_shift,True,0.0,logistic:C5:E8,4,state_UT,False,False,-0.0009682739343116475,0.8550043326345214,0.0,0.0
205,1.0,logistic_shift,True,0.005,logistic:C5:E8,4,state_CO,False,False,0.005212197655438455,0.8251842508779741,0.0,0.0
205,1.0,logistic_shift,True,0.005,logistic:C5:E8,4,state_UT,False,False,-0.0009682739343116475,0.8550043326345214,0.0,0.0
205,1.0,logistic_shift,True,0.01,logistic:C5:E8,4,state_CO,False,False,0.005212197655438455,0.8251842508779741,0.0,0.0
205,1.0,logistic_shift,True,0.01,logistic:C5:E8,4,state_UT,False,False,-0.0009682739343116475,0.8550043326345214,0.0,0.0
205,1.0,logistic_shift,True,0.02,,4,state_CO,True,,,,,
205,1.0,logistic_shift,True,0.02,,4,state_UT,True,,,,,
206,1.0,epsilon_source,False,0.0,mlp_base:C1:E8,2,state_CO,False,False,0.021937537150782727,0.8153425508552936,0.0,0.0
206,1.0,epsilon_source,False,0.0,mlp_base:C1:E8,2,state_UT,False,False,0.020500936433644035,0.8555669547131098,0.0,0.0
206,1.0,epsilon_source,False,0.005,,2,state_CO,True,,,,,
206,1.0,epsilon_source,False,0.005,,2,state_UT,True,,,,,
206,1.0,epsilon_source,False,0.01,,2,state_CO,True,,,,,
206,1.0,epsilon_source,False,0.01,,2,state_UT,True,,,,,
206,1.0,epsilon_source,False,0.02,,2,state_CO,True,,,,,
206,1.0,epsilon_source,False,0.02,,2,state_UT,True,,,,,
206,1.0,epsilon_source,True,0.0,,2,state_CO,True,,,,,
206,1.0,epsilon_source,True,0.0,,2,state_UT,True,,,,,
206,1.0,epsilon_source,True,0.005,,2,state_CO,True,,,,,
206,1.0,epsilon_source,True,0.005,,2,state_UT,True,,,,,
206,1.0,epsilon_source,True,0.01,,2,state_CO,True,,,,,
206,1.0,epsilon_source,True,0.01,,2,state_UT,True,,,,,
206,1.0,epsilon_source,True,0.02,,2,state_CO,True,,,,,
206,1.0,epsilon_source,True,0.02,,2,state_UT,True,,,,,
206,1.0,epsilon_shift,False,0.0,mlp_base:C1:E8,2,state_CO,False,False,0.021937537150782727,0.8153425508552936,0.0,0.0
206,1.0,epsilon_shift,False,0.0,mlp_base:C1:E8,2,state_UT,False,False,0.020500936433644035,0.8555669547131098,0.0,0.0
206,1.0,epsilon_shift,False,0.005,,2,state_CO,True,,,,,
206,1.0,epsilon_shift,False,0.005,,2,state_UT,True,,,,,
206,1.0,epsilon_shift,False,0.01,,2,state_CO,True,,,,,
206,1.0,epsilon_shift,False,0.01,,2,state_UT,True,,,,,
206,1.0,epsilon_shift,False,0.02,,2,state_CO,True,,,,,
206,1.0,epsilon_shift,False,0.02,,2,state_UT,True,,,,,
206,1.0,epsilon_shift,True,0.0,,2,state_CO,True,,,,,
206,1.0,epsilon_shift,True,0.0,,2,state_UT,True,,,,,
206,1.0,epsilon_shift,True,0.005,,2,state_CO,True,,,,,
206,1.0,epsilon_shift,True,0.005,,2,state_UT,True,,,,,
206,1.0,epsilon_shift,True,0.01,,2,state_CO,True,,,,,
206,1.0,epsilon_shift,True,0.01,,2,state_UT,True,,,,,
206,1.0,epsilon_shift,True,0.02,,2,state_CO,True,,,,,
206,1.0,epsilon_shift,True,0.02,,2,state_UT,True,,,,,
206,1.0,joint_clip_source,False,0.0,mlp_base:C5:E2,4,state_CO,False,False,0.023067540122845287,0.814212547883231,0.0,0.0
206,1.0,joint_clip_source,False,0.0,mlp_base:C5:E2,4,state_UT,False,False,0.008490487682475956,0.8675774034642779,0.0,0.0
206,1.0,joint_clip_source,False,0.005,mlp_base:C5:E2,4,state_CO,False,False,0.023067540122845287,0.814212547883231,0.0,0.0
206,1.0,joint_clip_source,False,0.005,mlp_base:C5:E2,4,state_UT,False,False,0.008490487682475956,0.8675774034642779,0.0,0.0
206,1.0,joint_clip_source,False,0.01,mlp_base:C5:E2,4,state_CO,False,False,0.023067540122845287,0.814212547883231,0.0,0.0
206,1.0,joint_clip_source,False,0.01,mlp_base:C5:E2,4,state_UT,False,False,0.008490487682475956,0.8675774034642779,0.0,0.0
206,1.0,joint_clip_source,False,0.02,mlp_base:C5:E8,4,state_CO,False,False,0.0031402730995312433,0.8341398149065451,0.0,0.0
206,1.0,joint_clip_source,False,0.02,mlp_base:C5:E8,4,state_UT,False,False,0.0008235468901159892,0.8752443442566379,0.0,0.0
206,1.0,joint_clip_source,True,0.0,mlp_base:C5:E2,4,state_CO,False,False,0.023067540122845287,0.814212547883231,0.0,0.0
206,1.0,joint_clip_source,True,0.0,mlp_base:C5:E2,4,state_UT,False,False,0.008490487682475956,0.8675774034642779,0.0,0.0
206,1.0,joint_clip_source,True,0.005,mlp_base:C5:E2,4,state_CO,False,False,0.023067540122845287,0.814212547883231,0.0,0.0
206,1.0,joint_clip_source,True,0.005,mlp_base:C5:E2,4,state_UT,False,False,0.008490487682475956,0.8675774034642779,0.0,0.0
206,1.0,joint_clip_source,True,0.01,mlp_base:C5:E8,4,state_CO,False,False,0.0031402730995312433,0.8341398149065451,0.0,0.0
206,1.0,joint_clip_source,True,0.01,mlp_base:C5:E8,4,state_UT,False,False,0.0008235468901159892,0.8752443442566379,0.0,0.0
206,1.0,joint_clip_source,True,0.02,mlp_base:C5:E8,4,state_CO,False,False,0.0031402730995312433,0.8341398149065451,0.0,0.0
206,1.0,joint_clip_source,True,0.02,mlp_base:C5:E8,4,state_UT,False,False,0.0008235468901159892,0.8752443442566379,0.0,0.0
206,1.0,joint_clip_shift,False,0.0,mlp_base:C5:E2,4,state_CO,False,False,0.023067540122845287,0.814212547883231,0.0,0.0
206,1.0,joint_clip_shift,False,0.0,mlp_base:C5:E2,4,state_UT,False,False,0.008490487682475956,0.8675774034642779,0.0,0.0
206,1.0,joint_clip_shift,False,0.005,mlp_base:C5:E2,4,state_CO,False,False,0.023067540122845287,0.814212547883231,0.0,0.0
206,1.0,joint_clip_shift,False,0.005,mlp_base:C5:E2,4,state_UT,False,False,0.008490487682475956,0.8675774034642779,0.0,0.0
206,1.0,joint_clip_shift,False,0.01,mlp_base:C5:E2,4,state_CO,False,False,0.023067540122845287,0.814212547883231,0.0,0.0
206,1.0,joint_clip_shift,False,0.01,mlp_base:C5:E2,4,state_UT,False,False,0.008490487682475956,0.8675774034642779,0.0,0.0
206,1.0,joint_clip_shift,False,0.02,mlp_base:C5:E8,4,state_CO,False,False,0.0031402730995312433,0.8341398149065451,0.0,0.0
206,1.0,joint_clip_shift,False,0.02,mlp_base:C5:E8,4,state_UT,False,False,0.0008235468901159892,0.8752443442566379,0.0,0.0
206,1.0,joint_clip_shift,True,0.0,mlp_base:C5:E2,4,state_CO,False,False,0.023067540122845287,0.814212547883231,0.0,0.0
206,1.0,joint_clip_shift,True,0.0,mlp_base:C5:E2,4,state_UT,False,False,0.008490487682475956,0.8675774034642779,0.0,0.0
206,1.0,joint_clip_shift,True,0.005,mlp_base:C5:E8,4,state_CO,False,False,0.0031402730995312433,0.8341398149065451,0.0,0.0
206,1.0,joint_clip_shift,True,0.005,mlp_base:C5:E8,4,state_UT,False,False,0.0008235468901159892,0.8752443442566379,0.0,0.0
206,1.0,joint_clip_shift,True,0.01,mlp_base:C5:E8,4,state_CO,False,False,0.0031402730995312433,0.8341398149065451,0.0,0.0
206,1.0,joint_clip_shift,True,0.01,mlp_base:C5:E8,4,state_UT,False,False,0.0008235468901159892,0.8752443442566379,0.0,0.0
206,1.0,joint_clip_shift,True,0.02,mlp_base:C5:E8,4,state_CO,False,False,0.0031402730995312433,0.8341398149065451,0.0,0.0
206,1.0,joint_clip_shift,True,0.02,mlp_base:C5:E8,4,state_UT,False,False,0.0008235468901159892,0.8752443442566379,0.0,0.0
206,1.0,joint_recipe_source,False,0.0,mlp_base:C5:E2,12,state_CO,False,False,0.023067540122845287,0.814212547883231,0.0,0.0
206,1.0,joint_recipe_source,False,0.0,mlp_base:C5:E2,12,state_UT,False,False,0.008490487682475956,0.8675774034642779,0.0,0.0
206,1.0,joint_recipe_source,False,0.005,mlp_base:C5:E2,12,state_CO,False,False,0.023067540122845287,0.814212547883231,0.0,0.0
206,1.0,joint_recipe_source,False,0.005,mlp_base:C5:E2,12,state_UT,False,False,0.008490487682475956,0.8675774034642779,0.0,0.0
206,1.0,joint_recipe_source,False,0.01,mlp_base:C5:E2,12,state_CO,False,False,0.023067540122845287,0.814212547883231,0.0,0.0
206,1.0,joint_recipe_source,False,0.01,mlp_base:C5:E2,12,state_UT,False,False,0.008490487682475956,0.8675774034642779,0.0,0.0
206,1.0,joint_recipe_source,False,0.02,mlp_stronger:C5:E2,12,state_CO,False,False,0.011574532725711628,0.8257055552803647,0.0,0.0
206,1.0,joint_recipe_source,False,0.02,mlp_stronger:C5:E2,12,state_UT,False,False,0.010330600265079037,0.8657372908816748,0.0,0.0
206,1.0,joint_recipe_source,True,0.0,mlp_base:C5:E2,12,state_CO,False,False,0.023067540122845287,0.814212547883231,0.0,0.0
206,1.0,joint_recipe_source,True,0.0,mlp_base:C5:E2,12,state_UT,False,False,0.008490487682475956,0.8675774034642779,0.0,0.0
206,1.0,joint_recipe_source,True,0.005,mlp_base:C5:E2,12,state_CO,False,False,0.023067540122845287,0.814212547883231,0.0,0.0
206,1.0,joint_recipe_source,True,0.005,mlp_base:C5:E2,12,state_UT,False,False,0.008490487682475956,0.8675774034642779,0.0,0.0
206,1.0,joint_recipe_source,True,0.01,mlp_stronger:C5:E8,12,state_CO,False,False,0.001172313585628637,0.8361077744204477,0.0,0.0
206,1.0,joint_recipe_source,True,0.01,mlp_stronger:C5:E8,12,state_UT,False,False,0.0007217733397751891,0.8753461178069787,0.0,0.0
206,1.0,joint_recipe_source,True,0.02,mlp_stronger:C5:E8,12,state_CO,False,False,0.001172313585628637,0.8361077744204477,0.0,0.0
206,1.0,joint_recipe_source,True,0.02,mlp_stronger:C5:E8,12,state_UT,False,False,0.0007217733397751891,0.8753461178069787,0.0,0.0
206,1.0,joint_recipe_shift,False,0.0,mlp_base:C5:E2,12,state_CO,False,False,0.023067540122845287,0.814212547883231,0.0,0.0
206,1.0,joint_recipe_shift,False,0.0,mlp_base:C5:E2,12,state_UT,False,False,0.008490487682475956,0.8675774034642779,0.0,0.0
206,1.0,joint_recipe_shift,False,0.005,mlp_base:C5:E2,12,state_CO,False,False,0.023067540122845287,0.814212547883231,0.0,0.0
206,1.0,joint_recipe_shift,False,0.005,mlp_base:C5:E2,12,state_UT,False,False,0.008490487682475956,0.8675774034642779,0.0,0.0
206,1.0,joint_recipe_shift,False,0.01,mlp_base:C5:E2,12,state_CO,False,False,0.023067540122845287,0.814212547883231,0.0,0.0
206,1.0,joint_recipe_shift,False,0.01,mlp_base:C5:E2,12,state_UT,False,False,0.008490487682475956,0.8675774034642779,0.0,0.0
206,1.0,joint_recipe_shift,False,0.02,mlp_stronger:C5:E8,12,state_CO,False,False,0.001172313585628637,0.8361077744204477,0.0,0.0
206,1.0,joint_recipe_shift,False,0.02,mlp_stronger:C5:E8,12,state_UT,False,False,0.0007217733397751891,0.8753461178069787,0.0,0.0
206,1.0,joint_recipe_shift,True,0.0,mlp_base:C5:E2,12,state_CO,False,False,0.023067540122845287,0.814212547883231,0.0,0.0
206,1.0,joint_recipe_shift,True,0.0,mlp_base:C5:E2,12,state_UT,False,False,0.008490487682475956,0.8675774034642779,0.0,0.0
206,1.0,joint_recipe_shift,True,0.005,mlp_stronger:C5:E2,12,state_CO,False,False,0.011574532725711628,0.8257055552803647,0.0,0.0
206,1.0,joint_recipe_shift,True,0.005,mlp_stronger:C5:E2,12,state_UT,False,False,0.010330600265079037,0.8657372908816748,0.0,0.0
206,1.0,joint_recipe_shift,True,0.01,mlp_stronger:C5:E8,12,state_CO,False,False,0.001172313585628637,0.8361077744204477,0.0,0.0
206,1.0,joint_recipe_shift,True,0.01,mlp_stronger:C5:E8,12,state_UT,False,False,0.0007217733397751891,0.8753461178069787,0.0,0.0
206,1.0,joint_recipe_shift,True,0.02,mlp_stronger:C5:E8,12,state_CO,False,False,0.001172313585628637,0.8361077744204477,0.0,0.0
206,1.0,joint_recipe_shift,True,0.02,mlp_stronger:C5:E8,12,state_UT,False,False,0.0007217733397751891,0.8753461178069787,0.0,0.0
206,1.0,joint_recipe_proxy,False,0.0,mlp_base:C5:E2,12,state_CO,False,False,0.023067540122845287,0.814212547883231,0.0,0.0
206,1.0,joint_recipe_proxy,False,0.0,mlp_base:C5:E2,12,state_UT,False,False,0.008490487682475956,0.8675774034642779,0.0,0.0
206,1.0,joint_recipe_proxy,False,0.005,mlp_base:C5:E2,12,state_CO,False,False,0.023067540122845287,0.814212547883231,0.0,0.0
206,1.0,joint_recipe_proxy,False,0.005,mlp_base:C5:E2,12,state_UT,False,False,0.008490487682475956,0.8675774034642779,0.0,0.0
206,1.0,joint_recipe_proxy,False,0.01,mlp_base:C5:E2,12,state_CO,False,False,0.023067540122845287,0.814212547883231,0.0,0.0
206,1.0,joint_recipe_proxy,False,0.01,mlp_base:C5:E2,12,state_UT,False,False,0.008490487682475956,0.8675774034642779,0.0,0.0
206,1.0,joint_recipe_proxy,False,0.02,mlp_stronger:C5:E2,12,state_CO,False,False,0.011574532725711628,0.8257055552803647,0.0,0.0
206,1.0,joint_recipe_proxy,False,0.02,mlp_stronger:C5:E2,12,state_UT,False,False,0.010330600265079037,0.8657372908816748,0.0,0.0
206,1.0,joint_recipe_proxy,True,0.0,mlp_base:C5:E2,12,state_CO,False,False,0.023067540122845287,0.814212547883231,0.0,0.0
206,1.0,joint_recipe_proxy,True,0.0,mlp_base:C5:E2,12,state_UT,False,False,0.008490487682475956,0.8675774034642779,0.0,0.0
206,1.0,joint_recipe_proxy,True,0.005,mlp_base:C5:E2,12,state_CO,False,False,0.023067540122845287,0.814212547883231,0.0,0.0
206,1.0,joint_recipe_proxy,True,0.005,mlp_base:C5:E2,12,state_UT,False,False,0.008490487682475956,0.8675774034642779,0.0,0.0
206,1.0,joint_recipe_proxy,True,0.01,mlp_stronger:C5:E8,12,state_CO,False,False,0.001172313585628637,0.8361077744204477,0.0,0.0
206,1.0,joint_recipe_proxy,True,0.01,mlp_stronger:C5:E8,12,state_UT,False,False,0.0007217733397751891,0.8753461178069787,0.0,0.0
206,1.0,joint_recipe_proxy,True,0.02,mlp_stronger:C5:E8,12,state_CO,False,False,0.001172313585628637,0.8361077744204477,0.0,0.0
206,1.0,joint_recipe_proxy,True,0.02,mlp_stronger:C5:E8,12,state_UT,False,False,0.0007217733397751891,0.8753461178069787,0.0,0.0
206,1.0,logistic_shift,False,0.0,logistic:C1:E2,4,state_CO,False,False,0.017145086189815806,0.8201350018162605,0.0,0.0
206,1.0,logistic_shift,False,0.0,logistic:C1:E2,4,state_UT,False,False,0.017120182864843514,0.8589477082819104,0.0,0.0
206,1.0,logistic_shift,False,0.005,logistic:C1:E2,4,state_CO,False,False,0.017145086189815806,0.8201350018162605,0.0,0.0
206,1.0,logistic_shift,False,0.005,logistic:C1:E2,4,state_UT,False,False,0.017120182864843514,0.8589477082819104,0.0,0.0
206,1.0,logistic_shift,False,0.01,logistic:C5:E8,4,state_CO,False,False,0.005045282676177543,0.8322348053298988,0.0,0.0
206,1.0,logistic_shift,False,0.01,logistic:C5:E8,4,state_UT,False,False,0.005604564134298773,0.8704633270124551,0.0,0.0
206,1.0,logistic_shift,False,0.02,logistic:C5:E8,4,state_CO,False,False,0.005045282676177543,0.8322348053298988,0.0,0.0
206,1.0,logistic_shift,False,0.02,logistic:C5:E8,4,state_UT,False,False,0.005604564134298773,0.8704633270124551,0.0,0.0
206,1.0,logistic_shift,True,0.0,logistic:C5:E8,4,state_CO,False,False,0.005045282676177543,0.8322348053298988,0.0,0.0
206,1.0,logistic_shift,True,0.0,logistic:C5:E8,4,state_UT,False,False,0.005604564134298773,0.8704633270124551,0.0,0.0
206,1.0,logistic_shift,True,0.005,logistic:C5:E8,4,state_CO,False,False,0.005045282676177543,0.8322348053298988,0.0,0.0
206,1.0,logistic_shift,True,0.005,logistic:C5:E8,4,state_UT,False,False,0.005604564134298773,0.8704633270124551,0.0,0.0
206,1.0,logistic_shift,True,0.01,logistic:C5:E8,4,state_CO,False,False,0.005045282676177543,0.8322348053298988,0.0,0.0
206,1.0,logistic_shift,True,0.01,logistic:C5:E8,4,state_UT,False,False,0.005604564134298773,0.8704633270124551,0.0,0.0
206,1.0,logistic_shift,True,0.02,,4,state_CO,True,,,,,
206,1.0,logistic_shift,True,0.02,,4,state_UT,True,,,,,
207,1.0,epsilon_source,False,0.0,,2,state_CO,True,,,,,
207,1.0,epsilon_source,False,0.0,,2,state_UT,True,,,,,
207,1.0,epsilon_source,False,0.005,,2,state_CO,True,,,,,
207,1.0,epsilon_source,False,0.005,,2,state_UT,True,,,,,
207,1.0,epsilon_source,False,0.01,,2,state_CO,True,,,,,
207,1.0,epsilon_source,False,0.01,,2,state_UT,True,,,,,
207,1.0,epsilon_source,False,0.02,,2,state_CO,True,,,,,
207,1.0,epsilon_source,False,0.02,,2,state_UT,True,,,,,
207,1.0,epsilon_source,True,0.0,,2,state_CO,True,,,,,
207,1.0,epsilon_source,True,0.0,,2,state_UT,True,,,,,
207,1.0,epsilon_source,True,0.005,,2,state_CO,True,,,,,
207,1.0,epsilon_source,True,0.005,,2,state_UT,True,,,,,
207,1.0,epsilon_source,True,0.01,,2,state_CO,True,,,,,
207,1.0,epsilon_source,True,0.01,,2,state_UT,True,,,,,
207,1.0,epsilon_source,True,0.02,,2,state_CO,True,,,,,
207,1.0,epsilon_source,True,0.02,,2,state_UT,True,,,,,
207,1.0,epsilon_shift,False,0.0,,2,state_CO,True,,,,,
207,1.0,epsilon_shift,False,0.0,,2,state_UT,True,,,,,
207,1.0,epsilon_shift,False,0.005,,2,state_CO,True,,,,,
207,1.0,epsilon_shift,False,0.005,,2,state_UT,True,,,,,
207,1.0,epsilon_shift,False,0.01,,2,state_CO,True,,,,,
207,1.0,epsilon_shift,False,0.01,,2,state_UT,True,,,,,
207,1.0,epsilon_shift,False,0.02,,2,state_CO,True,,,,,
207,1.0,epsilon_shift,False,0.02,,2,state_UT,True,,,,,
207,1.0,epsilon_shift,True,0.0,,2,state_CO,True,,,,,
207,1.0,epsilon_shift,True,0.0,,2,state_UT,True,,,,,
207,1.0,epsilon_shift,True,0.005,,2,state_CO,True,,,,,
207,1.0,epsilon_shift,True,0.005,,2,state_UT,True,,,,,
207,1.0,epsilon_shift,True,0.01,,2,state_CO,True,,,,,
207,1.0,epsilon_shift,True,0.01,,2,state_UT,True,,,,,
207,1.0,epsilon_shift,True,0.02,,2,state_CO,True,,,,,
207,1.0,epsilon_shift,True,0.02,,2,state_UT,True,,,,,
207,1.0,joint_clip_source,False,0.0,mlp_base:C5:E2,4,state_CO,False,False,0.01783044212307816,0.8191133096997605,0.0,0.0
207,1.0,joint_clip_source,False,0.0,mlp_base:C5:E2,4,state_UT,False,False,0.012726896219273476,0.8530273763492694,0.0,0.0
207,1.0,joint_clip_source,False,0.005,mlp_base:C5:E2,4,state_CO,False,False,0.01783044212307816,0.8191133096997605,0.0,0.0
207,1.0,joint_clip_source,False,0.005,mlp_base:C5:E2,4,state_UT,False,False,0.012726896219273476,0.8530273763492694,0.0,0.0
207,1.0,joint_clip_source,False,0.01,mlp_base:C5:E2,4,state_CO,False,False,0.01783044212307816,0.8191133096997605,0.0,0.0
207,1.0,joint_clip_source,False,0.01,mlp_base:C5:E2,4,state_UT,False,False,0.012726896219273476,0.8530273763492694,0.0,0.0
207,1.0,joint_clip_source,False,0.02,mlp_base:C5:E2,4,state_CO,False,False,0.01783044212307816,0.8191133096997605,0.0,0.0
207,1.0,joint_clip_source,False,0.02,mlp_base:C5:E2,4,state_UT,False,False,0.012726896219273476,0.8530273763492694,0.0,0.0
207,1.0,joint_clip_source,True,0.0,mlp_base:C5:E2,4,state_CO,False,False,0.01783044212307816,0.8191133096997605,0.0,0.0
207,1.0,joint_clip_source,True,0.0,mlp_base:C5:E2,4,state_UT,False,False,0.012726896219273476,0.8530273763492694,0.0,0.0
207,1.0,joint_clip_source,True,0.005,mlp_base:C5:E2,4,state_CO,False,False,0.01783044212307816,0.8191133096997605,0.0,0.0
207,1.0,joint_clip_source,True,0.005,mlp_base:C5:E2,4,state_UT,False,False,0.012726896219273476,0.8530273763492694,0.0,0.0
207,1.0,joint_clip_source,True,0.01,mlp_base:C5:E8,4,state_CO,False,False,0.0023630149647345666,0.8345807368581041,0.0,0.0
207,1.0,joint_clip_source,True,0.01,mlp_base:C5:E8,4,state_UT,False,False,0.002230346976810682,0.8635239255917322,0.0,0.0
207,1.0,joint_clip_source,True,0.02,mlp_base:C5:E8,4,state_CO,False,False,0.0023630149647345666,0.8345807368581041,0.0,0.0
207,1.0,joint_clip_source,True,0.02,mlp_base:C5:E8,4,state_UT,False,False,0.002230346976810682,0.8635239255917322,0.0,0.0
207,1.0,joint_clip_shift,False,0.0,mlp_base:C5:E2,4,state_CO,False,False,0.01783044212307816,0.8191133096997605,0.0,0.0
207,1.0,joint_clip_shift,False,0.0,mlp_base:C5:E2,4,state_UT,False,False,0.012726896219273476,0.8530273763492694,0.0,0.0
207,1.0,joint_clip_shift,False,0.005,mlp_base:C5:E2,4,state_CO,False,False,0.01783044212307816,0.8191133096997605,0.0,0.0
207,1.0,joint_clip_shift,False,0.005,mlp_base:C5:E2,4,state_UT,False,False,0.012726896219273476,0.8530273763492694,0.0,0.0
207,1.0,joint_clip_shift,False,0.01,mlp_base:C5:E2,4,state_CO,False,False,0.01783044212307816,0.8191133096997605,0.0,0.0
207,1.0,joint_clip_shift,False,0.01,mlp_base:C5:E2,4,state_UT,False,False,0.012726896219273476,0.8530273763492694,0.0,0.0
207,1.0,joint_clip_shift,False,0.02,mlp_base:C5:E8,4,state_CO,False,False,0.0023630149647345666,0.8345807368581041,0.0,0.0
207,1.0,joint_clip_shift,False,0.02,mlp_base:C5:E8,4,state_UT,False,False,0.002230346976810682,0.8635239255917322,0.0,0.0
207,1.0,joint_clip_shift,True,0.0,mlp_base:C5:E8,4,state_CO,False,False,0.0023630149647345666,0.8345807368581041,0.0,0.0
207,1.0,joint_clip_shift,True,0.0,mlp_base:C5:E8,4,state_UT,False,False,0.002230346976810682,0.8635239255917322,0.0,0.0
207,1.0,joint_clip_shift,True,0.005,mlp_base:C5:E8,4,state_CO,False,False,0.0023630149647345666,0.8345807368581041,0.0,0.0
207,1.0,joint_clip_shift,True,0.005,mlp_base:C5:E8,4,state_UT,False,False,0.002230346976810682,0.8635239255917322,0.0,0.0
207,1.0,joint_clip_shift,True,0.01,mlp_base:C5:E8,4,state_CO,False,False,0.0023630149647345666,0.8345807368581041,0.0,0.0
207,1.0,joint_clip_shift,True,0.01,mlp_base:C5:E8,4,state_UT,False,False,0.002230346976810682,0.8635239255917322,0.0,0.0
207,1.0,joint_clip_shift,True,0.02,mlp_base:C5:E8,4,state_CO,False,False,0.0023630149647345666,0.8345807368581041,0.0,0.0
207,1.0,joint_clip_shift,True,0.02,mlp_base:C5:E8,4,state_UT,False,False,0.002230346976810682,0.8635239255917322,0.0,0.0
207,1.0,joint_recipe_source,False,0.0,mlp_base:C5:E2,12,state_CO,False,False,0.01783044212307816,0.8191133096997605,0.0,0.0
207,1.0,joint_recipe_source,False,0.0,mlp_base:C5:E2,12,state_UT,False,False,0.012726896219273476,0.8530273763492694,0.0,0.0
207,1.0,joint_recipe_source,False,0.005,mlp_base:C5:E2,12,state_CO,False,False,0.01783044212307816,0.8191133096997605,0.0,0.0
207,1.0,joint_recipe_source,False,0.005,mlp_base:C5:E2,12,state_UT,False,False,0.012726896219273476,0.8530273763492694,0.0,0.0
207,1.0,joint_recipe_source,False,0.01,mlp_base:C5:E2,12,state_CO,False,False,0.01783044212307816,0.8191133096997605,0.0,0.0
207,1.0,joint_recipe_source,False,0.01,mlp_base:C5:E2,12,state_UT,False,False,0.012726896219273476,0.8530273763492694,0.0,0.0
207,1.0,joint_recipe_source,False,0.02,mlp_base:C5:E2,12,state_CO,False,False,0.01783044212307816,0.8191133096997605,0.0,0.0
207,1.0,joint_recipe_source,False,0.02,mlp_base:C5:E2,12,state_UT,False,False,0.012726896219273476,0.8530273763492694,0.0,0.0
207,1.0,joint_recipe_source,True,0.0,mlp_base:C5:E2,12,state_CO,False,False,0.01783044212307816,0.8191133096997605,0.0,0.0
207,1.0,joint_recipe_source,True,0.0,mlp_base:C5:E2,12,state_UT,False,False,0.012726896219273476,0.8530273763492694,0.0,0.0
207,1.0,joint_recipe_source,True,0.005,mlp_base:C5:E2,12,state_CO,False,False,0.01783044212307816,0.8191133096997605,0.0,0.0
207,1.0,joint_recipe_source,True,0.005,mlp_base:C5:E2,12,state_UT,False,False,0.012726896219273476,0.8530273763492694,0.0,0.0
207,1.0,joint_recipe_source,True,0.01,mlp_stronger:C5:E8,12,state_CO,False,False,-0.0010033314300501583,0.8379470832528888,0.0,0.0
207,1.0,joint_recipe_source,True,0.01,mlp_stronger:C5:E8,12,state_UT,False,False,0.002351426188641592,0.8634028463799013,0.0,0.0
207,1.0,joint_recipe_source,True,0.02,mlp_stronger:C5:E8,12,state_CO,False,False,-0.0010033314300501583,0.8379470832528888,0.0,0.0
207,1.0,joint_recipe_source,True,0.02,mlp_stronger:C5:E8,12,state_UT,False,False,0.002351426188641592,0.8634028463799013,0.0,0.0
207,1.0,joint_recipe_shift,False,0.0,mlp_base:C5:E2,12,state_CO,False,False,0.01783044212307816,0.8191133096997605,0.0,0.0
207,1.0,joint_recipe_shift,False,0.0,mlp_base:C5:E2,12,state_UT,False,False,0.012726896219273476,0.8530273763492694,0.0,0.0
207,1.0,joint_recipe_shift,False,0.005,mlp_base:C5:E2,12,state_CO,False,False,0.01783044212307816,0.8191133096997605,0.0,0.0
207,1.0,joint_recipe_shift,False,0.005,mlp_base:C5:E2,12,state_UT,False,False,0.012726896219273476,0.8530273763492694,0.0,0.0
207,1.0,joint_recipe_shift,False,0.01,mlp_base:C5:E2,12,state_CO,False,False,0.01783044212307816,0.8191133096997605,0.0,0.0
207,1.0,joint_recipe_shift,False,0.01,mlp_base:C5:E2,12,state_UT,False,False,0.012726896219273476,0.8530273763492694,0.0,0.0
207,1.0,joint_recipe_shift,False,0.02,mlp_stronger:C5:E8,12,state_CO,False,False,-0.0010033314300501583,0.8379470832528888,0.0,0.0
207,1.0,joint_recipe_shift,False,0.02,mlp_stronger:C5:E8,12,state_UT,False,False,0.002351426188641592,0.8634028463799013,0.0,0.0
207,1.0,joint_recipe_shift,True,0.0,mlp_stronger:C5:E8,12,state_CO,False,False,-0.0010033314300501583,0.8379470832528888,0.0,0.0
207,1.0,joint_recipe_shift,True,0.0,mlp_stronger:C5:E8,12,state_UT,False,False,0.002351426188641592,0.8634028463799013,0.0,0.0
207,1.0,joint_recipe_shift,True,0.005,mlp_stronger:C5:E8,12,state_CO,False,False,-0.0010033314300501583,0.8379470832528888,0.0,0.0
207,1.0,joint_recipe_shift,True,0.005,mlp_stronger:C5:E8,12,state_UT,False,False,0.002351426188641592,0.8634028463799013,0.0,0.0
207,1.0,joint_recipe_shift,True,0.01,mlp_stronger:C5:E8,12,state_CO,False,False,-0.0010033314300501583,0.8379470832528888,0.0,0.0
207,1.0,joint_recipe_shift,True,0.01,mlp_stronger:C5:E8,12,state_UT,False,False,0.002351426188641592,0.8634028463799013,0.0,0.0
207,1.0,joint_recipe_shift,True,0.02,mlp_stronger:C5:E8,12,state_CO,False,False,-0.0010033314300501583,0.8379470832528888,0.0,0.0
207,1.0,joint_recipe_shift,True,0.02,mlp_stronger:C5:E8,12,state_UT,False,False,0.002351426188641592,0.8634028463799013,0.0,0.0
207,1.0,joint_recipe_proxy,False,0.0,mlp_base:C5:E2,12,state_CO,False,False,0.01783044212307816,0.8191133096997605,0.0,0.0
207,1.0,joint_recipe_proxy,False,0.0,mlp_base:C5:E2,12,state_UT,False,False,0.012726896219273476,0.8530273763492694,0.0,0.0
207,1.0,joint_recipe_proxy,False,0.005,mlp_base:C5:E2,12,state_CO,False,False,0.01783044212307816,0.8191133096997605,0.0,0.0
207,1.0,joint_recipe_proxy,False,0.005,mlp_base:C5:E2,12,state_UT,False,False,0.012726896219273476,0.8530273763492694,0.0,0.0
207,1.0,joint_recipe_proxy,False,0.01,mlp_base:C5:E2,12,state_CO,False,False,0.01783044212307816,0.8191133096997605,0.0,0.0
207,1.0,joint_recipe_proxy,False,0.01,mlp_base:C5:E2,12,state_UT,False,False,0.012726896219273476,0.8530273763492694,0.0,0.0
207,1.0,joint_recipe_proxy,False,0.02,mlp_base:C5:E2,12,state_CO,False,False,0.01783044212307816,0.8191133096997605,0.0,0.0
207,1.0,joint_recipe_proxy,False,0.02,mlp_base:C5:E2,12,state_UT,False,False,0.012726896219273476,0.8530273763492694,0.0,0.0
207,1.0,joint_recipe_proxy,True,0.0,mlp_base:C5:E2,12,state_CO,False,False,0.01783044212307816,0.8191133096997605,0.0,0.0
207,1.0,joint_recipe_proxy,True,0.0,mlp_base:C5:E2,12,state_UT,False,False,0.012726896219273476,0.8530273763492694,0.0,0.0
207,1.0,joint_recipe_proxy,True,0.005,mlp_base:C5:E2,12,state_CO,False,False,0.01783044212307816,0.8191133096997605,0.0,0.0
207,1.0,joint_recipe_proxy,True,0.005,mlp_base:C5:E2,12,state_UT,False,False,0.012726896219273476,0.8530273763492694,0.0,0.0
207,1.0,joint_recipe_proxy,True,0.01,mlp_stronger:C5:E8,12,state_CO,False,False,-0.0010033314300501583,0.8379470832528888,0.0,0.0
207,1.0,joint_recipe_proxy,True,0.01,mlp_stronger:C5:E8,12,state_UT,False,False,0.002351426188641592,0.8634028463799013,0.0,0.0
207,1.0,joint_recipe_proxy,True,0.02,mlp_stronger:C5:E8,12,state_CO,False,False,-0.0010033314300501583,0.8379470832528888,0.0,0.0
207,1.0,joint_recipe_proxy,True,0.02,mlp_stronger:C5:E8,12,state_UT,False,False,0.002351426188641592,0.8634028463799013,0.0,0.0
207,1.0,logistic_shift,False,0.0,logistic:C5:E2,4,state_CO,False,False,0.011566552606607883,0.8253771992162308,0.0,0.0
207,1.0,logistic_shift,False,0.0,logistic:C5:E2,4,state_UT,False,False,0.020782624340995426,0.8449716482275474,0.0,0.0
207,1.0,logistic_shift,False,0.005,logistic:C5:E8,4,state_CO,False,False,-0.001391519025299992,0.8383352708481386,0.0,0.0
207,1.0,logistic_shift,False,0.005,logistic:C5:E8,4,state_UT,False,False,0.004151772226239414,0.8616025003423035,0.0,0.0
207,1.0,logistic_shift,False,0.01,logistic:C5:E8,4,state_CO,False,False,-0.001391519025299992,0.8383352708481386,0.0,0.0
207,1.0,logistic_shift,False,0.01,logistic:C5:E8,4,state_UT,False,False,0.004151772226239414,0.8616025003423035,0.0,0.0
207,1.0,logistic_shift,False,0.02,logistic:C5:E8,4,state_CO,False,False,-0.001391519025299992,0.8383352708481386,0.0,0.0
207,1.0,logistic_shift,False,0.02,logistic:C5:E8,4,state_UT,False,False,0.004151772226239414,0.8616025003423035,0.0,0.0
207,1.0,logistic_shift,True,0.0,logistic:C5:E8,4,state_CO,False,False,-0.001391519025299992,0.8383352708481386,0.0,0.0
207,1.0,logistic_shift,True,0.0,logistic:C5:E8,4,state_UT,False,False,0.004151772226239414,0.8616025003423035,0.0,0.0
207,1.0,logistic_shift,True,0.005,logistic:C5:E8,4,state_CO,False,False,-0.001391519025299992,0.8383352708481386,0.0,0.0
207,1.0,logistic_shift,True,0.005,logistic:C5:E8,4,state_UT,False,False,0.004151772226239414,0.8616025003423035,0.0,0.0
207,1.0,logistic_shift,True,0.01,logistic:C5:E8,4,state_CO,False,False,-0.001391519025299992,0.8383352708481386,0.0,0.0
207,1.0,logistic_shift,True,0.01,logistic:C5:E8,4,state_UT,False,False,0.004151772226239414,0.8616025003423035,0.0,0.0
207,1.0,logistic_shift,True,0.02,,4,state_CO,True,,,,,
207,1.0,logistic_shift,True,0.02,,4,state_UT,True,,,,,
208,1.0,epsilon_source,False,0.0,mlp_base:C1:E2,2,state_CO,False,False,0.009839846924065032,0.8241922885376529,0.0,0.0
208,1.0,epsilon_source,False,0.0,mlp_base:C1:E2,2,state_UT,False,False,0.01607635327635326,0.8570985754985755,0.0,0.0
208,1.0,epsilon_source,False,0.005,,2,state_CO,True,,,,,
208,1.0,epsilon_source,False,0.005,,2,state_UT,True,,,,,
208,1.0,epsilon_source,False,0.01,,2,state_CO,True,,,,,
208,1.0,epsilon_source,False,0.01,,2,state_UT,True,,,,,
208,1.0,epsilon_source,False,0.02,,2,state_CO,True,,,,,
208,1.0,epsilon_source,False,0.02,,2,state_UT,True,,,,,
208,1.0,epsilon_source,True,0.0,,2,state_CO,True,,,,,
208,1.0,epsilon_source,True,0.0,,2,state_UT,True,,,,,
208,1.0,epsilon_source,True,0.005,,2,state_CO,True,,,,,
208,1.0,epsilon_source,True,0.005,,2,state_UT,True,,,,,
208,1.0,epsilon_source,True,0.01,,2,state_CO,True,,,,,
208,1.0,epsilon_source,True,0.01,,2,state_UT,True,,,,,
208,1.0,epsilon_source,True,0.02,,2,state_CO,True,,,,,
208,1.0,epsilon_source,True,0.02,,2,state_UT,True,,,,,
208,1.0,epsilon_shift,False,0.0,mlp_base:C1:E2,2,state_CO,False,False,0.009839846924065032,0.8241922885376529,0.0,0.0
208,1.0,epsilon_shift,False,0.0,mlp_base:C1:E2,2,state_UT,False,False,0.01607635327635326,0.8570985754985755,0.0,0.0
208,1.0,epsilon_shift,False,0.005,,2,state_CO,True,,,,,
208,1.0,epsilon_shift,False,0.005,,2,state_UT,True,,,,,
208,1.0,epsilon_shift,False,0.01,,2,state_CO,True,,,,,
208,1.0,epsilon_shift,False,0.01,,2,state_UT,True,,,,,
208,1.0,epsilon_shift,False,0.02,,2,state_CO,True,,,,,
208,1.0,epsilon_shift,False,0.02,,2,state_UT,True,,,,,
208,1.0,epsilon_shift,True,0.0,,2,state_CO,True,,,,,
208,1.0,epsilon_shift,True,0.0,,2,state_UT,True,,,,,
208,1.0,epsilon_shift,True,0.005,,2,state_CO,True,,,,,
208,1.0,epsilon_shift,True,0.005,,2,state_UT,True,,,,,
208,1.0,epsilon_shift,True,0.01,,2,state_CO,True,,,,,
208,1.0,epsilon_shift,True,0.01,,2,state_UT,True,,,,,
208,1.0,epsilon_shift,True,0.02,,2,state_CO,True,,,,,
208,1.0,epsilon_shift,True,0.02,,2,state_UT,True,,,,,
208,1.0,joint_clip_source,False,0.0,mlp_base:C5:E2,4,state_CO,False,False,0.02535503656522764,0.8086770988964903,0.0,0.0
208,1.0,joint_clip_source,False,0.0,mlp_base:C5:E2,4,state_UT,False,False,0.021919088319088176,0.8512558404558406,0.0,0.0
208,1.0,joint_clip_source,False,0.005,mlp_base:C5:E2,4,state_CO,False,False,0.02535503656522764,0.8086770988964903,0.0,0.0
208,1.0,joint_clip_source,False,0.005,mlp_base:C5:E2,4,state_UT,False,False,0.021919088319088176,0.8512558404558406,0.0,0.0
208,1.0,joint_clip_source,False,0.01,mlp_base:C5:E2,4,state_CO,False,False,0.02535503656522764,0.8086770988964903,0.0,0.0
208,1.0,joint_clip_source,False,0.01,mlp_base:C5:E2,4,state_UT,False,False,0.021919088319088176,0.8512558404558406,0.0,0.0
208,1.0,joint_clip_source,False,0.02,mlp_base:C5:E8,4,state_CO,False,False,0.006596943723624515,0.8274351917380934,0.0,0.0
208,1.0,joint_clip_source,False,0.02,mlp_base:C5:E8,4,state_UT,False,False,0.004444444444444251,0.8687304843304845,0.0,0.0
208,1.0,joint_clip_source,True,0.0,mlp_base:C5:E2,4,state_CO,False,False,0.02535503656522764,0.8086770988964903,0.0,0.0
208,1.0,joint_clip_source,True,0.0,mlp_base:C5:E2,4,state_UT,False,False,0.021919088319088176,0.8512558404558406,0.0,0.0
208,1.0,joint_clip_source,True,0.005,mlp_base:C5:E8,4,state_CO,False,False,0.006596943723624515,0.8274351917380934,0.0,0.0
208,1.0,joint_clip_source,True,0.005,mlp_base:C5:E8,4,state_UT,False,False,0.004444444444444251,0.8687304843304845,0.0,0.0
208,1.0,joint_clip_source,True,0.01,mlp_base:C5:E8,4,state_CO,False,False,0.006596943723624515,0.8274351917380934,0.0,0.0
208,1.0,joint_clip_source,True,0.01,mlp_base:C5:E8,4,state_UT,False,False,0.004444444444444251,0.8687304843304845,0.0,0.0
208,1.0,joint_clip_source,True,0.02,mlp_base:C5:E8,4,state_CO,False,False,0.006596943723624515,0.8274351917380934,0.0,0.0
208,1.0,joint_clip_source,True,0.02,mlp_base:C5:E8,4,state_UT,False,False,0.004444444444444251,0.8687304843304845,0.0,0.0
208,1.0,joint_clip_shift,False,0.0,mlp_base:C5:E2,4,state_CO,False,False,0.02535503656522764,0.8086770988964903,0.0,0.0
208,1.0,joint_clip_shift,False,0.0,mlp_base:C5:E2,4,state_UT,False,False,0.021919088319088176,0.8512558404558406,0.0,0.0
208,1.0,joint_clip_shift,False,0.005,mlp_base:C5:E2,4,state_CO,False,False,0.02535503656522764,0.8086770988964903,0.0,0.0
208,1.0,joint_clip_shift,False,0.005,mlp_base:C5:E2,4,state_UT,False,False,0.021919088319088176,0.8512558404558406,0.0,0.0
208,1.0,joint_clip_shift,False,0.01,mlp_base:C5:E2,4,state_CO,False,False,0.02535503656522764,0.8086770988964903,0.0,0.0
208,1.0,joint_clip_shift,False,0.01,mlp_base:C5:E2,4,state_UT,False,False,0.021919088319088176,0.8512558404558406,0.0,0.0
208,1.0,joint_clip_shift,False,0.02,mlp_base:C5:E8,4,state_CO,False,False,0.006596943723624515,0.8274351917380934,0.0,0.0
208,1.0,joint_clip_shift,False,0.02,mlp_base:C5:E8,4,state_UT,False,False,0.004444444444444251,0.8687304843304845,0.0,0.0
208,1.0,joint_clip_shift,True,0.0,mlp_base:C5:E2,4,state_CO,False,False,0.02535503656522764,0.8086770988964903,0.0,0.0
208,1.0,joint_clip_shift,True,0.0,mlp_base:C5:E2,4,state_UT,False,False,0.021919088319088176,0.8512558404558406,0.0,0.0
208,1.0,joint_clip_shift,True,0.005,mlp_base:C5:E8,4,state_CO,False,False,0.006596943723624515,0.8274351917380934,0.0,0.0
208,1.0,joint_clip_shift,True,0.005,mlp_base:C5:E8,4,state_UT,False,False,0.004444444444444251,0.8687304843304845,0.0,0.0
208,1.0,joint_clip_shift,True,0.01,mlp_base:C5:E8,4,state_CO,False,False,0.006596943723624515,0.8274351917380934,0.0,0.0
208,1.0,joint_clip_shift,True,0.01,mlp_base:C5:E8,4,state_UT,False,False,0.004444444444444251,0.8687304843304845,0.0,0.0
208,1.0,joint_clip_shift,True,0.02,mlp_base:C5:E8,4,state_CO,False,False,0.006596943723624515,0.8274351917380934,0.0,0.0
208,1.0,joint_clip_shift,True,0.02,mlp_base:C5:E8,4,state_UT,False,False,0.004444444444444251,0.8687304843304845,0.0,0.0
208,1.0,joint_recipe_source,False,0.0,mlp_base:C5:E2,12,state_CO,False,False,0.02535503656522764,0.8086770988964903,0.0,0.0
208,1.0,joint_recipe_source,False,0.0,mlp_base:C5:E2,12,state_UT,False,False,0.021919088319088176,0.8512558404558406,0.0,0.0
208,1.0,joint_recipe_source,False,0.005,mlp_base:C5:E2,12,state_CO,False,False,0.02535503656522764,0.8086770988964903,0.0,0.0
208,1.0,joint_recipe_source,False,0.005,mlp_base:C5:E2,12,state_UT,False,False,0.021919088319088176,0.8512558404558406,0.0,0.0
208,1.0,joint_recipe_source,False,0.01,mlp_base:C5:E2,12,state_CO,False,False,0.02535503656522764,0.8086770988964903,0.0,0.0
208,1.0,joint_recipe_source,False,0.01,mlp_base:C5:E2,12,state_UT,False,False,0.021919088319088176,0.8512558404558406,0.0,0.0
208,1.0,joint_recipe_source,False,0.02,mlp_stronger:C5:E8,12,state_CO,False,False,0.004934077743702692,0.8290980577180153,0.0,0.0
208,1.0,joint_recipe_source,False,0.02,mlp_stronger:C5:E8,12,state_UT,False,False,0.0013207977207976285,0.8718541310541311,0.0,0.0
208,1.0,joint_recipe_source,True,0.0,mlp_base:C5:E2,12,state_CO,False,False,0.02535503656522764,0.8086770988964903,0.0,0.0
208,1.0,joint_recipe_source,True,0.0,mlp_base:C5:E2,12,state_UT,False,False,0.021919088319088176,0.8512558404558406,0.0,0.0
208,1.0,joint_recipe_source,True,0.005,mlp_stronger:C5:E2,12,state_CO,False,False,0.02071138371209147,0.8133207517496265,0.0,0.0
208,1.0,joint_recipe_source,True,0.005,mlp_stronger:C5:E2,12,state_UT,False,False,0.010551566951566893,0.8626233618233619,0.0,0.0
208,1.0,joint_recipe_source,True,0.01,mlp_stronger:C5:E8,12,state_CO,False,False,0.004934077743702692,0.8290980577180153,0.0,0.0
208,1.0,joint_recipe_source,True,0.01,mlp_stronger:C5:E8,12,state_UT,False,False,0.0013207977207976285,0.8718541310541311,0.0,0.0
208,1.0,joint_recipe_source,True,0.02,mlp_stronger:C5:E8,12,state_CO,False,False,0.004934077743702692,0.8290980577180153,0.0,0.0
208,1.0,joint_recipe_source,True,0.02,mlp_stronger:C5:E8,12,state_UT,False,False,0.0013207977207976285,0.8718541310541311,0.0,0.0
208,1.0,joint_recipe_shift,False,0.0,mlp_base:C5:E2,12,state_CO,False,False,0.02535503656522764,0.8086770988964903,0.0,0.0
208,1.0,joint_recipe_shift,False,0.0,mlp_base:C5:E2,12,state_UT,False,False,0.021919088319088176,0.8512558404558406,0.0,0.0
208,1.0,joint_recipe_shift,False,0.005,mlp_base:C5:E2,12,state_CO,False,False,0.02535503656522764,0.8086770988964903,0.0,0.0
208,1.0,joint_recipe_shift,False,0.005,mlp_base:C5:E2,12,state_UT,False,False,0.021919088319088176,0.8512558404558406,0.0,0.0
208,1.0,joint_recipe_shift,False,0.01,mlp_base:C5:E2,12,state_CO,False,False,0.02535503656522764,0.8086770988964903,0.0,0.0
208,1.0,joint_recipe_shift,False,0.01,mlp_base:C5:E2,12,state_UT,False,False,0.021919088319088176,0.8512558404558406,0.0,0.0
208,1.0,joint_recipe_shift,False,0.02,mlp_stronger:C5:E8,12,state_CO,False,False,0.004934077743702692,0.8290980577180153,0.0,0.0
208,1.0,joint_recipe_shift,False,0.02,mlp_stronger:C5:E8,12,state_UT,False,False,0.0013207977207976285,0.8718541310541311,0.0,0.0
208,1.0,joint_recipe_shift,True,0.0,mlp_base:C5:E2,12,state_CO,False,False,0.02535503656522764,0.8086770988964903,0.0,0.0
208,1.0,joint_recipe_shift,True,0.0,mlp_base:C5:E2,12,state_UT,False,False,0.021919088319088176,0.8512558404558406,0.0,0.0
208,1.0,joint_recipe_shift,True,0.005,mlp_stronger:C5:E8,12,state_CO,False,False,0.004934077743702692,0.8290980577180153,0.0,0.0
208,1.0,joint_recipe_shift,True,0.005,mlp_stronger:C5:E8,12,state_UT,False,False,0.0013207977207976285,0.8718541310541311,0.0,0.0
208,1.0,joint_recipe_shift,True,0.01,mlp_stronger:C5:E8,12,state_CO,False,False,0.004934077743702692,0.8290980577180153,0.0,0.0
208,1.0,joint_recipe_shift,True,0.01,mlp_stronger:C5:E8,12,state_UT,False,False,0.0013207977207976285,0.8718541310541311,0.0,0.0
208,1.0,joint_recipe_shift,True,0.02,mlp_stronger:C5:E8,12,state_CO,False,False,0.004934077743702692,0.8290980577180153,0.0,0.0
208,1.0,joint_recipe_shift,True,0.02,mlp_stronger:C5:E8,12,state_UT,False,False,0.0013207977207976285,0.8718541310541311,0.0,0.0
208,1.0,joint_recipe_proxy,False,0.0,mlp_base:C5:E2,12,state_CO,False,False,0.02535503656522764,0.8086770988964903,0.0,0.0
208,1.0,joint_recipe_proxy,False,0.0,mlp_base:C5:E2,12,state_UT,False,False,0.021919088319088176,0.8512558404558406,0.0,0.0
208,1.0,joint_recipe_proxy,False,0.005,mlp_base:C5:E2,12,state_CO,False,False,0.02535503656522764,0.8086770988964903,0.0,0.0
208,1.0,joint_recipe_proxy,False,0.005,mlp_base:C5:E2,12,state_UT,False,False,0.021919088319088176,0.8512558404558406,0.0,0.0
208,1.0,joint_recipe_proxy,False,0.01,mlp_base:C5:E2,12,state_CO,False,False,0.02535503656522764,0.8086770988964903,0.0,0.0
208,1.0,joint_recipe_proxy,False,0.01,mlp_base:C5:E2,12,state_UT,False,False,0.021919088319088176,0.8512558404558406,0.0,0.0
208,1.0,joint_recipe_proxy,False,0.02,mlp_stronger:C5:E8,12,state_CO,False,False,0.004934077743702692,0.8290980577180153,0.0,0.0
208,1.0,joint_recipe_proxy,False,0.02,mlp_stronger:C5:E8,12,state_UT,False,False,0.0013207977207976285,0.8718541310541311,0.0,0.0
208,1.0,joint_recipe_proxy,True,0.0,mlp_base:C5:E2,12,state_CO,False,False,0.02535503656522764,0.8086770988964903,0.0,0.0
208,1.0,joint_recipe_proxy,True,0.0,mlp_base:C5:E2,12,state_UT,False,False,0.021919088319088176,0.8512558404558406,0.0,0.0
208,1.0,joint_recipe_proxy,True,0.005,mlp_stronger:C5:E2,12,state_CO,False,False,0.02071138371209147,0.8133207517496265,0.0,0.0
208,1.0,joint_recipe_proxy,True,0.005,mlp_stronger:C5:E2,12,state_UT,False,False,0.010551566951566893,0.8626233618233619,0.0,0.0
208,1.0,joint_recipe_proxy,True,0.01,mlp_stronger:C5:E8,12,state_CO,False,False,0.004934077743702692,0.8290980577180153,0.0,0.0
208,1.0,joint_recipe_proxy,True,0.01,mlp_stronger:C5:E8,12,state_UT,False,False,0.0013207977207976285,0.8718541310541311,0.0,0.0
208,1.0,joint_recipe_proxy,True,0.02,mlp_stronger:C5:E8,12,state_CO,False,False,0.004934077743702692,0.8290980577180153,0.0,0.0
208,1.0,joint_recipe_proxy,True,0.02,mlp_stronger:C5:E8,12,state_UT,False,False,0.0013207977207976285,0.8718541310541311,0.0,0.0
208,1.0,logistic_shift,False,0.0,logistic:C1:E2,4,state_CO,False,False,0.006376766008754808,0.8276553694529631,0.0,0.0
208,1.0,logistic_shift,False,0.0,logistic:C1:E2,4,state_UT,False,False,0.010341880341880438,0.8628330484330483,0.0,0.0
208,1.0,logistic_shift,False,0.005,logistic:C1:E2,4,state_CO,False,False,0.006376766008754808,0.8276553694529631,0.0,0.0
208,1.0,logistic_shift,False,0.005,logistic:C1:E2,4,state_UT,False,False,0.010341880341880438,0.8628330484330483,0.0,0.0
208,1.0,logistic_shift,False,0.01,logistic:C1:E2,4,state_CO,False,False,0.006376766008754808,0.8276553694529631,0.0,0.0
208,1.0,logistic_shift,False,0.01,logistic:C1:E2,4,state_UT,False,False,0.010341880341880438,0.8628330484330483,0.0,0.0
208,1.0,logistic_shift,False,0.02,logistic:C5:E8,4,state_CO,False,False,0.005606144006710223,0.8284259914550077,0.0,0.0
208,1.0,logistic_shift,False,0.02,logistic:C5:E8,4,state_UT,False,False,0.0050450142450143565,0.8681299145299144,0.0,0.0
208,1.0,logistic_shift,True,0.0,logistic:C5:E8,4,state_CO,False,False,0.005606144006710223,0.8284259914550077,0.0,0.0
208,1.0,logistic_shift,True,0.0,logistic:C5:E8,4,state_UT,False,False,0.0050450142450143565,0.8681299145299144,0.0,0.0
208,1.0,logistic_shift,True,0.005,logistic:C5:E8,4,state_CO,False,False,0.005606144006710223,0.8284259914550077,0.0,0.0
208,1.0,logistic_shift,True,0.005,logistic:C5:E8,4,state_UT,False,False,0.0050450142450143565,0.8681299145299144,0.0,0.0
208,1.0,logistic_shift,True,0.01,logistic:C5:E8,4,state_CO,False,False,0.005606144006710223,0.8284259914550077,0.0,0.0
208,1.0,logistic_shift,True,0.01,logistic:C5:E8,4,state_UT,False,False,0.0050450142450143565,0.8681299145299144,0.0,0.0
208,1.0,logistic_shift,True,0.02,,4,state_CO,True,,,,,
208,1.0,logistic_shift,True,0.02,,4,state_UT,True,,,,,
209,1.0,epsilon_source,False,0.0,mlp_base:C1:E2,2,state_CO,False,False,0.012360351794628022,0.824548893031247,0.0,0.0
209,1.0,epsilon_source,False,0.0,mlp_base:C1:E2,2,state_UT,False,False,0.002673566802053662,0.8594509820556417,0.0,0.0
209,1.0,epsilon_source,False,0.005,mlp_base:C1:E2,2,state_CO,False,False,0.012360351794628022,0.824548893031247,0.0,0.0
209,1.0,epsilon_source,False,0.005,mlp_base:C1:E2,2,state_UT,False,False,0.002673566802053662,0.8594509820556417,0.0,0.0
209,1.0,epsilon_source,False,0.01,mlp_base:C1:E2,2,state_CO,False,False,0.012360351794628022,0.824548893031247,0.0,0.0
209,1.0,epsilon_source,False,0.01,mlp_base:C1:E2,2,state_UT,False,False,0.002673566802053662,0.8594509820556417,0.0,0.0
209,1.0,epsilon_source,False,0.02,,2,state_CO,True,,,,,
209,1.0,epsilon_source,False,0.02,,2,state_UT,True,,,,,
209,1.0,epsilon_source,True,0.0,,2,state_CO,True,,,,,
209,1.0,epsilon_source,True,0.0,,2,state_UT,True,,,,,
209,1.0,epsilon_source,True,0.005,,2,state_CO,True,,,,,
209,1.0,epsilon_source,True,0.005,,2,state_UT,True,,,,,
209,1.0,epsilon_source,True,0.01,,2,state_CO,True,,,,,
209,1.0,epsilon_source,True,0.01,,2,state_UT,True,,,,,
209,1.0,epsilon_source,True,0.02,,2,state_CO,True,,,,,
209,1.0,epsilon_source,True,0.02,,2,state_UT,True,,,,,
209,1.0,epsilon_shift,False,0.0,mlp_base:C1:E2,2,state_CO,False,False,0.012360351794628022,0.824548893031247,0.0,0.0
209,1.0,epsilon_shift,False,0.0,mlp_base:C1:E2,2,state_UT,False,False,0.002673566802053662,0.8594509820556417,0.0,0.0
209,1.0,epsilon_shift,False,0.005,mlp_base:C1:E2,2,state_CO,False,False,0.012360351794628022,0.824548893031247,0.0,0.0
209,1.0,epsilon_shift,False,0.005,mlp_base:C1:E2,2,state_UT,False,False,0.002673566802053662,0.8594509820556417,0.0,0.0
209,1.0,epsilon_shift,False,0.01,mlp_base:C1:E2,2,state_CO,False,False,0.012360351794628022,0.824548893031247,0.0,0.0
209,1.0,epsilon_shift,False,0.01,mlp_base:C1:E2,2,state_UT,False,False,0.002673566802053662,0.8594509820556417,0.0,0.0
209,1.0,epsilon_shift,False,0.02,,2,state_CO,True,,,,,
209,1.0,epsilon_shift,False,0.02,,2,state_UT,True,,,,,
209,1.0,epsilon_shift,True,0.0,,2,state_CO,True,,,,,
209,1.0,epsilon_shift,True,0.0,,2,state_UT,True,,,,,
209,1.0,epsilon_shift,True,0.005,,2,state_CO,True,,,,,
209,1.0,epsilon_shift,True,0.005,,2,state_UT,True,,,,,
209,1.0,epsilon_shift,True,0.01,,2,state_CO,True,,,,,
209,1.0,epsilon_shift,True,0.01,,2,state_UT,True,,,,,
209,1.0,epsilon_shift,True,0.02,,2,state_CO,True,,,,,
209,1.0,epsilon_shift,True,0.02,,2,state_UT,True,,,,,
209,1.0,joint_clip_source,False,0.0,mlp_base:C5:E2,4,state_CO,False,False,0.0009195200980821605,0.8359897247277929,0.0,0.0
209,1.0,joint_clip_source,False,0.0,mlp_base:C5:E2,4,state_UT,False,False,-0.002300045128959094,0.8644245939866545,0.0,0.0
209,1.0,joint_clip_source,False,0.005,mlp_base:C5:E2,4,state_CO,False,False,0.0009195200980821605,0.8359897247277929,0.0,0.0
209,1.0,joint_clip_source,False,0.005,mlp_base:C5:E2,4,state_UT,False,False,-0.002300045128959094,0.8644245939866545,0.0,0.0
209,1.0,joint_clip_source,False,0.01,mlp_base:C5:E2,4,state_CO,False,False,0.0009195200980821605,0.8359897247277929,0.0,0.0
209,1.0,joint_clip_source,False,0.01,mlp_base:C5:E2,4,state_UT,False,False,-0.002300045128959094,0.8644245939866545,0.0,0.0
209,1.0,joint_clip_source,False,0.02,mlp_base:C5:E2,4,state_CO,False,False,0.0009195200980821605,0.8359897247277929,0.0,0.0
209,1.0,joint_clip_source,False,0.02,mlp_base:C5:E2,4,state_UT,False,False,-0.002300045128959094,0.8644245939866545,0.0,0.0
209,1.0,joint_clip_source,True,0.0,mlp_base:C5:E2,4,state_CO,False,False,0.0009195200980821605,0.8359897247277929,0.0,0.0
209,1.0,joint_clip_source,True,0.0,mlp_base:C5:E2,4,state_UT,False,False,-0.002300045128959094,0.8644245939866545,0.0,0.0
209,1.0,joint_clip_source,True,0.005,mlp_base:C5:E2,4,state_CO,False,False,0.0009195200980821605,0.8359897247277929,0.0,0.0
209,1.0,joint_clip_source,True,0.005,mlp_base:C5:E2,4,state_UT,False,False,-0.002300045128959094,0.8644245939866545,0.0,0.0
209,1.0,joint_clip_source,True,0.01,mlp_base:C5:E2,4,state_CO,False,False,0.0009195200980821605,0.8359897247277929,0.0,0.0
209,1.0,joint_clip_source,True,0.01,mlp_base:C5:E2,4,state_UT,False,False,-0.002300045128959094,0.8644245939866545,0.0,0.0
209,1.0,joint_clip_source,True,0.02,mlp_base:C5:E8,4,state_CO,False,False,-0.002635540598584618,0.8395447854244596,0.0,0.0
209,1.0,joint_clip_source,True,0.02,mlp_base:C5:E8,4,state_UT,False,False,-0.0032014460119784705,0.8653259948696739,0.0,0.0
209,1.0,joint_clip_shift,False,0.0,mlp_base:C5:E2,4,state_CO,False,False,0.0009195200980821605,0.8359897247277929,0.0,0.0
209,1.0,joint_clip_shift,False,0.0,mlp_base:C5:E2,4,state_UT,False,False,-0.002300045128959094,0.8644245939866545,0.0,0.0
209,1.0,joint_clip_shift,False,0.005,mlp_base:C5:E2,4,state_CO,False,False,0.0009195200980821605,0.8359897247277929,0.0,0.0
209,1.0,joint_clip_shift,False,0.005,mlp_base:C5:E2,4,state_UT,False,False,-0.002300045128959094,0.8644245939866545,0.0,0.0
209,1.0,joint_clip_shift,False,0.01,mlp_base:C5:E2,4,state_CO,False,False,0.0009195200980821605,0.8359897247277929,0.0,0.0
209,1.0,joint_clip_shift,False,0.01,mlp_base:C5:E2,4,state_UT,False,False,-0.002300045128959094,0.8644245939866545,0.0,0.0
209,1.0,joint_clip_shift,False,0.02,mlp_base:C5:E2,4,state_CO,False,False,0.0009195200980821605,0.8359897247277929,0.0,0.0
209,1.0,joint_clip_shift,False,0.02,mlp_base:C5:E2,4,state_UT,False,False,-0.002300045128959094,0.8644245939866545,0.0,0.0
209,1.0,joint_clip_shift,True,0.0,mlp_base:C5:E2,4,state_CO,False,False,0.0009195200980821605,0.8359897247277929,0.0,0.0
209,1.0,joint_clip_shift,True,0.0,mlp_base:C5:E2,4,state_UT,False,False,-0.002300045128959094,0.8644245939866545,0.0,0.0
209,1.0,joint_clip_shift,True,0.005,mlp_base:C5:E2,4,state_CO,False,False,0.0009195200980821605,0.8359897247277929,0.0,0.0
209,1.0,joint_clip_shift,True,0.005,mlp_base:C5:E2,4,state_UT,False,False,-0.002300045128959094,0.8644245939866545,0.0,0.0
209,1.0,joint_clip_shift,True,0.01,mlp_base:C5:E2,4,state_CO,False,False,0.0009195200980821605,0.8359897247277929,0.0,0.0
209,1.0,joint_clip_shift,True,0.01,mlp_base:C5:E2,4,state_UT,False,False,-0.002300045128959094,0.8644245939866545,0.0,0.0
209,1.0,joint_clip_shift,True,0.02,mlp_base:C5:E8,4,state_CO,False,False,-0.002635540598584618,0.8395447854244596,0.0,0.0
209,1.0,joint_clip_shift,True,0.02,mlp_base:C5:E8,4,state_UT,False,False,-0.0032014460119784705,0.8653259948696739,0.0,0.0
209,1.0,joint_recipe_source,False,0.0,mlp_base:C5:E2,12,state_CO,False,False,0.0009195200980821605,0.8359897247277929,0.0,0.0
209,1.0,joint_recipe_source,False,0.0,mlp_base:C5:E2,12,state_UT,False,False,-0.002300045128959094,0.8644245939866545,0.0,0.0
209,1.0,joint_recipe_source,False,0.005,mlp_base:C5:E2,12,state_CO,False,False,0.0009195200980821605,0.8359897247277929,0.0,0.0
209,1.0,joint_recipe_source,False,0.005,mlp_base:C5:E2,12,state_UT,False,False,-0.002300045128959094,0.8644245939866545,0.0,0.0
209,1.0,joint_recipe_source,False,0.01,mlp_base:C5:E2,12,state_CO,False,False,0.0009195200980821605,0.8359897247277929,0.0,0.0
209,1.0,joint_recipe_source,False,0.01,mlp_base:C5:E2,12,state_UT,False,False,-0.002300045128959094,0.8644245939866545,0.0,0.0
209,1.0,joint_recipe_source,False,0.02,mlp_base:C5:E2,12,state_CO,False,False,0.0009195200980821605,0.8359897247277929,0.0,0.0
209,1.0,joint_recipe_source,False,0.02,mlp_base:C5:E2,12,state_UT,False,False,-0.002300045128959094,0.8644245939866545,0.0,0.0
209,1.0,joint_recipe_source,True,0.0,mlp_base:C5:E2,12,state_CO,False,False,0.0009195200980821605,0.8359897247277929,0.0,0.0
209,1.0,joint_recipe_source,True,0.0,mlp_base:C5:E2,12,state_UT,False,False,-0.002300045128959094,0.8644245939866545,0.0,0.0
209,1.0,joint_recipe_source,True,0.005,mlp_base:C5:E2,12,state_CO,False,False,0.0009195200980821605,0.8359897247277929,0.0,0.0
209,1.0,joint_recipe_source,True,0.005,mlp_base:C5:E2,12,state_UT,False,False,-0.002300045128959094,0.8644245939866545,0.0,0.0
209,1.0,joint_recipe_source,True,0.01,mlp_base:C5:E2,12,state_CO,False,False,0.0009195200980821605,0.8359897247277929,0.0,0.0
209,1.0,joint_recipe_source,True,0.01,mlp_base:C5:E2,12,state_UT,False,False,-0.002300045128959094,0.8644245939866545,0.0,0.0
209,1.0,joint_recipe_source,True,0.02,mlp_stronger:C5:E8,12,state_CO,False,False,0.0011937080638368958,0.8357155367620381,0.0,0.0
209,1.0,joint_recipe_source,True,0.02,mlp_stronger:C5:E8,12,state_UT,False,False,0.005144465693153744,0.8569800831645417,0.0,0.0
209,1.0,joint_recipe_shift,False,0.0,mlp_base:C5:E2,12,state_CO,False,False,0.0009195200980821605,0.8359897247277929,0.0,0.0
209,1.0,joint_recipe_shift,False,0.0,mlp_base:C5:E2,12,state_UT,False,False,-0.002300045128959094,0.8644245939866545,0.0,0.0
209,1.0,joint_recipe_shift,False,0.005,mlp_base:C5:E2,12,state_CO,False,False,0.0009195200980821605,0.8359897247277929,0.0,0.0
209,1.0,joint_recipe_shift,False,0.005,mlp_base:C5:E2,12,state_UT,False,False,-0.002300045128959094,0.8644245939866545,0.0,0.0
209,1.0,joint_recipe_shift,False,0.01,mlp_base:C5:E2,12,state_CO,False,False,0.0009195200980821605,0.8359897247277929,0.0,0.0
209,1.0,joint_recipe_shift,False,0.01,mlp_base:C5:E2,12,state_UT,False,False,-0.002300045128959094,0.8644245939866545,0.0,0.0
209,1.0,joint_recipe_shift,False,0.02,mlp_base:C5:E2,12,state_CO,False,False,0.0009195200980821605,0.8359897247277929,0.0,0.0
209,1.0,joint_recipe_shift,False,0.02,mlp_base:C5:E2,12,state_UT,False,False,-0.002300045128959094,0.8644245939866545,0.0,0.0
209,1.0,joint_recipe_shift,True,0.0,mlp_base:C5:E2,12,state_CO,False,False,0.0009195200980821605,0.8359897247277929,0.0,0.0
209,1.0,joint_recipe_shift,True,0.0,mlp_base:C5:E2,12,state_UT,False,False,-0.002300045128959094,0.8644245939866545,0.0,0.0
209,1.0,joint_recipe_shift,True,0.005,mlp_base:C5:E2,12,state_CO,False,False,0.0009195200980821605,0.8359897247277929,0.0,0.0
209,1.0,joint_recipe_shift,True,0.005,mlp_base:C5:E2,12,state_UT,False,False,-0.002300045128959094,0.8644245939866545,0.0,0.0
209,1.0,joint_recipe_shift,True,0.01,mlp_base:C5:E2,12,state_CO,False,False,0.0009195200980821605,0.8359897247277929,0.0,0.0
209,1.0,joint_recipe_shift,True,0.01,mlp_base:C5:E2,12,state_UT,False,False,-0.002300045128959094,0.8644245939866545,0.0,0.0
209,1.0,joint_recipe_shift,True,0.02,mlp_stronger:C5:E8,12,state_CO,False,False,0.0011937080638368958,0.8357155367620381,0.0,0.0
209,1.0,joint_recipe_shift,True,0.02,mlp_stronger:C5:E8,12,state_UT,False,False,0.005144465693153744,0.8569800831645417,0.0,0.0
209,1.0,joint_recipe_proxy,False,0.0,mlp_base:C5:E2,12,state_CO,False,False,0.0009195200980821605,0.8359897247277929,0.0,0.0
209,1.0,joint_recipe_proxy,False,0.0,mlp_base:C5:E2,12,state_UT,False,False,-0.002300045128959094,0.8644245939866545,0.0,0.0
209,1.0,joint_recipe_proxy,False,0.005,mlp_base:C5:E2,12,state_CO,False,False,0.0009195200980821605,0.8359897247277929,0.0,0.0
209,1.0,joint_recipe_proxy,False,0.005,mlp_base:C5:E2,12,state_UT,False,False,-0.002300045128959094,0.8644245939866545,0.0,0.0
209,1.0,joint_recipe_proxy,False,0.01,mlp_base:C5:E2,12,state_CO,False,False,0.0009195200980821605,0.8359897247277929,0.0,0.0
209,1.0,joint_recipe_proxy,False,0.01,mlp_base:C5:E2,12,state_UT,False,False,-0.002300045128959094,0.8644245939866545,0.0,0.0
209,1.0,joint_recipe_proxy,False,0.02,mlp_base:C5:E2,12,state_CO,False,False,0.0009195200980821605,0.8359897247277929,0.0,0.0
209,1.0,joint_recipe_proxy,False,0.02,mlp_base:C5:E2,12,state_UT,False,False,-0.002300045128959094,0.8644245939866545,0.0,0.0
209,1.0,joint_recipe_proxy,True,0.0,mlp_base:C5:E2,12,state_CO,False,False,0.0009195200980821605,0.8359897247277929,0.0,0.0
209,1.0,joint_recipe_proxy,True,0.0,mlp_base:C5:E2,12,state_UT,False,False,-0.002300045128959094,0.8644245939866545,0.0,0.0
209,1.0,joint_recipe_proxy,True,0.005,mlp_base:C5:E2,12,state_CO,False,False,0.0009195200980821605,0.8359897247277929,0.0,0.0
209,1.0,joint_recipe_proxy,True,0.005,mlp_base:C5:E2,12,state_UT,False,False,-0.002300045128959094,0.8644245939866545,0.0,0.0
209,1.0,joint_recipe_proxy,True,0.01,mlp_base:C5:E2,12,state_CO,False,False,0.0009195200980821605,0.8359897247277929,0.0,0.0
209,1.0,joint_recipe_proxy,True,0.01,mlp_base:C5:E2,12,state_UT,False,False,-0.002300045128959094,0.8644245939866545,0.0,0.0
209,1.0,joint_recipe_proxy,True,0.02,mlp_stronger:C5:E8,12,state_CO,False,False,0.0011937080638368958,0.8357155367620381,0.0,0.0
209,1.0,joint_recipe_proxy,True,0.02,mlp_stronger:C5:E8,12,state_UT,False,False,0.005144465693153744,0.8569800831645417,0.0,0.0
209,1.0,logistic_shift,False,0.0,logistic:C1:E2,4,state_CO,False,False,0.007642859227936727,0.8292663855979383,0.0,0.0
209,1.0,logistic_shift,False,0.0,logistic:C1:E2,4,state_UT,False,False,0.001335015948314866,0.8607895329093805,0.0,0.0
209,1.0,logistic_shift,False,0.005,logistic:C1:E2,4,state_CO,False,False,0.007642859227936727,0.8292663855979383,0.0,0.0
209,1.0,logistic_shift,False,0.005,logistic:C1:E2,4,state_UT,False,False,0.001335015948314866,0.8607895329093805,0.0,0.0
209,1.0,logistic_shift,False,0.01,logistic:C1:E2,4,state_CO,False,False,0.007642859227936727,0.8292663855979383,0.0,0.0
209,1.0,logistic_shift,False,0.01,logistic:C1:E2,4,state_UT,False,False,0.001335015948314866,0.8607895329093805,0.0,0.0
209,1.0,logistic_shift,False,0.02,logistic:C5:E8,4,state_CO,False,False,0.003022322862063609,0.8338869219638114,0.0,0.0
209,1.0,logistic_shift,False,0.02,logistic:C5:E8,4,state_UT,False,False,0.0006268565617861821,0.8614976922959092,0.0,0.0
209,1.0,logistic_shift,True,0.0,logistic:C5:E8,4,state_CO,False,False,0.003022322862063609,0.8338869219638114,0.0,0.0
209,1.0,logistic_shift,True,0.0,logistic:C5:E8,4,state_UT,False,False,0.0006268565617861821,0.8614976922959092,0.0,0.0
209,1.0,logistic_shift,True,0.005,logistic:C5:E8,4,state_CO,False,False,0.003022322862063609,0.8338869219638114,0.0,0.0
209,1.0,logistic_shift,True,0.005,logistic:C5:E8,4,state_UT,False,False,0.0006268565617861821,0.8614976922959092,0.0,0.0
209,1.0,logistic_shift,True,0.01,logistic:C5:E8,4,state_CO,False,False,0.003022322862063609,0.8338869219638114,0.0,0.0
209,1.0,logistic_shift,True,0.01,logistic:C5:E8,4,state_UT,False,False,0.0006268565617861821,0.8614976922959092,0.0,0.0
209,1.0,logistic_shift,True,0.02,,4,state_CO,True,,,,,
209,1.0,logistic_shift,True,0.02,,4,state_UT,True,,,,,
210,1.0,epsilon_source,False,0.0,mlp_base:C1:E2,2,state_CO,False,False,0.024219438549379135,0.7895668479200406,0.0,0.0
210,1.0,epsilon_source,False,0.0,mlp_base:C1:E2,2,state_UT,False,False,0.019680090009621898,0.8412593259506731,0.0,0.0
210,1.0,epsilon_source,False,0.005,,2,state_CO,True,,,,,
210,1.0,epsilon_source,False,0.005,,2,state_UT,True,,,,,
210,1.0,epsilon_source,False,0.01,,2,state_CO,True,,,,,
210,1.0,epsilon_source,False,0.01,,2,state_UT,True,,,,,
210,1.0,epsilon_source,False,0.02,,2,state_CO,True,,,,,
210,1.0,epsilon_source,False,0.02,,2,state_UT,True,,,,,
210,1.0,epsilon_source,True,0.0,,2,state_CO,True,,,,,
210,1.0,epsilon_source,True,0.0,,2,state_UT,True,,,,,
210,1.0,epsilon_source,True,0.005,,2,state_CO,True,,,,,
210,1.0,epsilon_source,True,0.005,,2,state_UT,True,,,,,
210,1.0,epsilon_source,True,0.01,,2,state_CO,True,,,,,
210,1.0,epsilon_source,True,0.01,,2,state_UT,True,,,,,
210,1.0,epsilon_source,True,0.02,,2,state_CO,True,,,,,
210,1.0,epsilon_source,True,0.02,,2,state_UT,True,,,,,
210,1.0,epsilon_shift,False,0.0,,2,state_CO,True,,,,,
210,1.0,epsilon_shift,False,0.0,,2,state_UT,True,,,,,
210,1.0,epsilon_shift,False,0.005,,2,state_CO,True,,,,,
210,1.0,epsilon_shift,False,0.005,,2,state_UT,True,,,,,
210,1.0,epsilon_shift,False,0.01,,2,state_CO,True,,,,,
210,1.0,epsilon_shift,False,0.01,,2,state_UT,True,,,,,
210,1.0,epsilon_shift,False,0.02,,2,state_CO,True,,,,,
210,1.0,epsilon_shift,False,0.02,,2,state_UT,True,,,,,
210,1.0,epsilon_shift,True,0.0,,2,state_CO,True,,,,,
210,1.0,epsilon_shift,True,0.0,,2,state_UT,True,,,,,
210,1.0,epsilon_shift,True,0.005,,2,state_CO,True,,,,,
210,1.0,epsilon_shift,True,0.005,,2,state_UT,True,,,,,
210,1.0,epsilon_shift,True,0.01,,2,state_CO,True,,,,,
210,1.0,epsilon_shift,True,0.01,,2,state_UT,True,,,,,
210,1.0,epsilon_shift,True,0.02,,2,state_CO,True,,,,,
210,1.0,epsilon_shift,True,0.02,,2,state_UT,True,,,,,
210,1.0,joint_clip_source,False,0.0,mlp_base:C5:E2,4,state_CO,False,False,0.006152433132989632,0.8076338533364301,0.0,0.0
210,1.0,joint_clip_source,False,0.0,mlp_base:C5:E2,4,state_UT,False,False,0.020261679664224208,0.8406777362960708,0.0,0.0
210,1.0,joint_clip_source,False,0.005,mlp_base:C5:E2,4,state_CO,False,False,0.006152433132989632,0.8076338533364301,0.0,0.0
210,1.0,joint_clip_source,False,0.005,mlp_base:C5:E2,4,state_UT,False,False,0.020261679664224208,0.8406777362960708,0.0,0.0
210,1.0,joint_clip_source,False,0.01,mlp_base:C5:E2,4,state_CO,False,False,0.006152433132989632,0.8076338533364301,0.0,0.0
210,1.0,joint_clip_source,False,0.01,mlp_base:C5:E2,4,state_UT,False,False,0.020261679664224208,0.8406777362960708,0.0,0.0
210,1.0,joint_clip_source,False,0.02,mlp_base:C5:E2,4,state_CO,False,False,0.006152433132989632,0.8076338533364301,0.0,0.0
210,1.0,joint_clip_source,False,0.02,mlp_base:C5:E2,4,state_UT,False,False,0.020261679664224208,0.8406777362960708,0.0,0.0
210,1.0,joint_clip_source,True,0.0,mlp_base:C5:E2,4,state_CO,False,False,0.006152433132989632,0.8076338533364301,0.0,0.0
210,1.0,joint_clip_source,True,0.0,mlp_base:C5:E2,4,state_UT,False,False,0.020261679664224208,0.8406777362960708,0.0,0.0
210,1.0,joint_clip_source,True,0.005,mlp_base:C5:E2,4,state_CO,False,False,0.006152433132989632,0.8076338533364301,0.0,0.0
210,1.0,joint_clip_source,True,0.005,mlp_base:C5:E2,4,state_UT,False,False,0.020261679664224208,0.8406777362960708,0.0,0.0
210,1.0,joint_clip_source,True,0.01,mlp_base:C5:E2,4,state_CO,False,False,0.006152433132989632,0.8076338533364301,0.0,0.0
210,1.0,joint_clip_source,True,0.01,mlp_base:C5:E2,4,state_UT,False,False,0.020261679664224208,0.8406777362960708,0.0,0.0
210,1.0,joint_clip_source,True,0.02,mlp_base:C5:E8,4,state_CO,False,False,-0.0004687770116843515,0.8142550634811041,0.0,0.0
210,1.0,joint_clip_source,True,0.02,mlp_base:C5:E8,4,state_UT,False,False,0.0014046163232829256,0.8595347996370121,0.0,0.0
210,1.0,joint_clip_shift,False,0.0,mlp_base:C5:E2,4,state_CO,False,False,0.006152433132989632,0.8076338533364301,0.0,0.0
210,1.0,joint_clip_shift,False,0.0,mlp_base:C5:E2,4,state_UT,False,False,0.020261679664224208,0.8406777362960708,0.0,0.0
210,1.0,joint_clip_shift,False,0.005,mlp_base:C5:E2,4,state_CO,False,False,0.006152433132989632,0.8076338533364301,0.0,0.0
210,1.0,joint_clip_shift,False,0.005,mlp_base:C5:E2,4,state_UT,False,False,0.020261679664224208,0.8406777362960708,0.0,0.0
210,1.0,joint_clip_shift,False,0.01,mlp_base:C5:E2,4,state_CO,False,False,0.006152433132989632,0.8076338533364301,0.0,0.0
210,1.0,joint_clip_shift,False,0.01,mlp_base:C5:E2,4,state_UT,False,False,0.020261679664224208,0.8406777362960708,0.0,0.0
210,1.0,joint_clip_shift,False,0.02,mlp_base:C5:E8,4,state_CO,False,False,-0.0004687770116843515,0.8142550634811041,0.0,0.0
210,1.0,joint_clip_shift,False,0.02,mlp_base:C5:E8,4,state_UT,False,False,0.0014046163232829256,0.8595347996370121,0.0,0.0
210,1.0,joint_clip_shift,True,0.0,mlp_base:C5:E2,4,state_CO,False,False,0.006152433132989632,0.8076338533364301,0.0,0.0
210,1.0,joint_clip_shift,True,0.0,mlp_base:C5:E2,4,state_UT,False,False,0.020261679664224208,0.8406777362960708,0.0,0.0
210,1.0,joint_clip_shift,True,0.005,mlp_base:C5:E2,4,state_CO,False,False,0.006152433132989632,0.8076338533364301,0.0,0.0
210,1.0,joint_clip_shift,True,0.005,mlp_base:C5:E2,4,state_UT,False,False,0.020261679664224208,0.8406777362960708,0.0,0.0
210,1.0,joint_clip_shift,True,0.01,mlp_base:C5:E8,4,state_CO,False,False,-0.0004687770116843515,0.8142550634811041,0.0,0.0
210,1.0,joint_clip_shift,True,0.01,mlp_base:C5:E8,4,state_UT,False,False,0.0014046163232829256,0.8595347996370121,0.0,0.0
210,1.0,joint_clip_shift,True,0.02,mlp_base:C5:E8,4,state_CO,False,False,-0.0004687770116843515,0.8142550634811041,0.0,0.0
210,1.0,joint_clip_shift,True,0.02,mlp_base:C5:E8,4,state_UT,False,False,0.0014046163232829256,0.8595347996370121,0.0,0.0
210,1.0,joint_recipe_source,False,0.0,mlp_base:C5:E2,12,state_CO,False,False,0.006152433132989632,0.8076338533364301,0.0,0.0
210,1.0,joint_recipe_source,False,0.0,mlp_base:C5:E2,12,state_UT,False,False,0.020261679664224208,0.8406777362960708,0.0,0.0
210,1.0,joint_recipe_source,False,0.005,mlp_base:C5:E2,12,state_CO,False,False,0.006152433132989632,0.8076338533364301,0.0,0.0
210,1.0,joint_recipe_source,False,0.005,mlp_base:C5:E2,12,state_UT,False,False,0.020261679664224208,0.8406777362960708,0.0,0.0
210,1.0,joint_recipe_source,False,0.01,mlp_base:C5:E2,12,state_CO,False,False,0.006152433132989632,0.8076338533364301,0.0,0.0
210,1.0,joint_recipe_source,False,0.01,mlp_base:C5:E2,12,state_UT,False,False,0.020261679664224208,0.8406777362960708,0.0,0.0
210,1.0,joint_recipe_source,False,0.02,mlp_base:C5:E2,12,state_CO,False,False,0.006152433132989632,0.8076338533364301,0.0,0.0
210,1.0,joint_recipe_source,False,0.02,mlp_base:C5:E2,12,state_UT,False,False,0.020261679664224208,0.8406777362960708,0.0,0.0
210,1.0,joint_recipe_source,True,0.0,mlp_base:C5:E2,12,state_CO,False,False,0.006152433132989632,0.8076338533364301,0.0,0.0
210,1.0,joint_recipe_source,True,0.0,mlp_base:C5:E2,12,state_UT,False,False,0.020261679664224208,0.8406777362960708,0.0,0.0
210,1.0,joint_recipe_source,True,0.005,mlp_base:C5:E2,12,state_CO,False,False,0.006152433132989632,0.8076338533364301,0.0,0.0
210,1.0,joint_recipe_source,True,0.005,mlp_base:C5:E2,12,state_UT,False,False,0.020261679664224208,0.8406777362960708,0.0,0.0
210,1.0,joint_recipe_source,True,0.01,mlp_base:C5:E2,12,state_CO,False,False,0.006152433132989632,0.8076338533364301,0.0,0.0
210,1.0,joint_recipe_source,True,0.01,mlp_base:C5:E2,12,state_UT,False,False,0.020261679664224208,0.8406777362960708,0.0,0.0
210,1.0,joint_recipe_source,True,0.02,mlp_stronger:C5:E8,12,state_CO,False,False,0.002623878567663551,0.8111624079017562,0.0,0.0
210,1.0,joint_recipe_source,True,0.02,mlp_stronger:C5:E8,12,state_UT,False,False,0.0020135609105150776,0.8589258550497799,0.0,0.0
210,1.0,joint_recipe_shift,False,0.0,mlp_base:C5:E2,12,state_CO,False,False,0.006152433132989632,0.8076338533364301,0.0,0.0
210,1.0,joint_recipe_shift,False,0.0,mlp_base:C5:E2,12,state_UT,False,False,0.020261679664224208,0.8406777362960708,0.0,0.0
210,1.0,joint_recipe_shift,False,0.005,mlp_base:C5:E2,12,state_CO,False,False,0.006152433132989632,0.8076338533364301,0.0,0.0
210,1.0,joint_recipe_shift,False,0.005,mlp_base:C5:E2,12,state_UT,False,False,0.020261679664224208,0.8406777362960708,0.0,0.0
210,1.0,joint_recipe_shift,False,0.01,mlp_base:C5:E2,12,state_CO,False,False,0.006152433132989632,0.8076338533364301,0.0,0.0
210,1.0,joint_recipe_shift,False,0.01,mlp_base:C5:E2,12,state_UT,False,False,0.020261679664224208,0.8406777362960708,0.0,0.0
210,1.0,joint_recipe_shift,False,0.02,logistic:C5:E8,12,state_CO,False,False,1.16663962184127e-05,0.8137746200732013,0.0,0.0
210,1.0,joint_recipe_shift,False,0.02,logistic:C5:E8,12,state_UT,False,False,0.0007790209074938215,0.8601603950528012,0.0,0.0
210,1.0,joint_recipe_shift,True,0.0,mlp_base:C5:E2,12,state_CO,False,False,0.006152433132989632,0.8076338533364301,0.0,0.0
210,1.0,joint_recipe_shift,True,0.0,mlp_base:C5:E2,12,state_UT,False,False,0.020261679664224208,0.8406777362960708,0.0,0.0
210,1.0,joint_recipe_shift,True,0.005,mlp_base:C5:E2,12,state_CO,False,False,0.006152433132989632,0.8076338533364301,0.0,0.0
210,1.0,joint_recipe_shift,True,0.005,mlp_base:C5:E2,12,state_UT,False,False,0.020261679664224208,0.8406777362960708,0.0,0.0
210,1.0,joint_recipe_shift,True,0.01,logistic:C5:E8,12,state_CO,False,False,1.16663962184127e-05,0.8137746200732013,0.0,0.0
210,1.0,joint_recipe_shift,True,0.01,logistic:C5:E8,12,state_UT,False,False,0.0007790209074938215,0.8601603950528012,0.0,0.0
210,1.0,joint_recipe_shift,True,0.02,mlp_stronger:C5:E8,12,state_CO,False,False,0.002623878567663551,0.8111624079017562,0.0,0.0
210,1.0,joint_recipe_shift,True,0.02,mlp_stronger:C5:E8,12,state_UT,False,False,0.0020135609105150776,0.8589258550497799,0.0,0.0
210,1.0,joint_recipe_proxy,False,0.0,mlp_base:C5:E2,12,state_CO,False,False,0.006152433132989632,0.8076338533364301,0.0,0.0
210,1.0,joint_recipe_proxy,False,0.0,mlp_base:C5:E2,12,state_UT,False,False,0.020261679664224208,0.8406777362960708,0.0,0.0
210,1.0,joint_recipe_proxy,False,0.005,mlp_base:C5:E2,12,state_CO,False,False,0.006152433132989632,0.8076338533364301,0.0,0.0
210,1.0,joint_recipe_proxy,False,0.005,mlp_base:C5:E2,12,state_UT,False,False,0.020261679664224208,0.8406777362960708,0.0,0.0
210,1.0,joint_recipe_proxy,False,0.01,mlp_base:C5:E2,12,state_CO,False,False,0.006152433132989632,0.8076338533364301,0.0,0.0
210,1.0,joint_recipe_proxy,False,0.01,mlp_base:C5:E2,12,state_UT,False,False,0.020261679664224208,0.8406777362960708,0.0,0.0
210,1.0,joint_recipe_proxy,False,0.02,mlp_base:C5:E2,12,state_CO,False,False,0.006152433132989632,0.8076338533364301,0.0,0.0
210,1.0,joint_recipe_proxy,False,0.02,mlp_base:C5:E2,12,state_UT,False,False,0.020261679664224208,0.8406777362960708,0.0,0.0
210,1.0,joint_recipe_proxy,True,0.0,mlp_base:C5:E2,12,state_CO,False,False,0.006152433132989632,0.8076338533364301,0.0,0.0
210,1.0,joint_recipe_proxy,True,0.0,mlp_base:C5:E2,12,state_UT,False,False,0.020261679664224208,0.8406777362960708,0.0,0.0
210,1.0,joint_recipe_proxy,True,0.005,mlp_base:C5:E2,12,state_CO,False,False,0.006152433132989632,0.8076338533364301,0.0,0.0
210,1.0,joint_recipe_proxy,True,0.005,mlp_base:C5:E2,12,state_UT,False,False,0.020261679664224208,0.8406777362960708,0.0,0.0
210,1.0,joint_recipe_proxy,True,0.01,mlp_base:C5:E2,12,state_CO,False,False,0.006152433132989632,0.8076338533364301,0.0,0.0
210,1.0,joint_recipe_proxy,True,0.01,mlp_base:C5:E2,12,state_UT,False,False,0.020261679664224208,0.8406777362960708,0.0,0.0
210,1.0,joint_recipe_proxy,True,0.02,mlp_stronger:C5:E8,12,state_CO,False,False,0.002623878567663551,0.8111624079017562,0.0,0.0
210,1.0,joint_recipe_proxy,True,0.02,mlp_stronger:C5:E8,12,state_UT,False,False,0.0020135609105150776,0.8589258550497799,0.0,0.0
210,1.0,logistic_shift,False,0.0,logistic:C5:E2,4,state_CO,False,False,0.015371007308467077,0.7984152791609527,0.0,0.0
210,1.0,logistic_shift,False,0.0,logistic:C5:E2,4,state_UT,False,False,0.0178259013152966,0.8431135146449984,0.0,0.0
210,1.0,logistic_shift,False,0.005,logistic:C5:E2,4,state_CO,False,False,0.015371007308467077,0.7984152791609527,0.0,0.0
210,1.0,logistic_shift,False,0.005,logistic:C5:E2,4,state_UT,False,False,0.0178259013152966,0.8431135146449984,0.0,0.0
210,1.0,logistic_shift,False,0.01,logistic:C5:E8,4,state_CO,False,False,1.16663962184127e-05,0.8137746200732013,0.0,0.0
210,1.0,logistic_shift,False,0.01,logistic:C5:E8,4,state_UT,False,False,0.0007790209074938215,0.8601603950528012,0.0,0.0
210,1.0,logistic_shift,False,0.02,logistic:C5:E8,4,state_CO,False,False,1.16663962184127e-05,0.8137746200732013,0.0,0.0
210,1.0,logistic_shift,False,0.02,logistic:C5:E8,4,state_UT,False,False,0.0007790209074938215,0.8601603950528012,0.0,0.0
210,1.0,logistic_shift,True,0.0,logistic:C5:E8,4,state_CO,False,False,1.16663962184127e-05,0.8137746200732013,0.0,0.0
210,1.0,logistic_shift,True,0.0,logistic:C5:E8,4,state_UT,False,False,0.0007790209074938215,0.8601603950528012,0.0,0.0
210,1.0,logistic_shift,True,0.005,logistic:C5:E8,4,state_CO,False,False,1.16663962184127e-05,0.8137746200732013,0.0,0.0
210,1.0,logistic_shift,True,0.005,logistic:C5:E8,4,state_UT,False,False,0.0007790209074938215,0.8601603950528012,0.0,0.0
210,1.0,logistic_shift,True,0.01,logistic:C5:E8,4,state_CO,False,False,1.16663962184127e-05,0.8137746200732013,0.0,0.0
210,1.0,logistic_shift,True,0.01,logistic:C5:E8,4,state_UT,False,False,0.0007790209074938215,0.8601603950528012,0.0,0.0
210,1.0,logistic_shift,True,0.02,,4,state_CO,True,,,,,
210,1.0,logistic_shift,True,0.02,,4,state_UT,True,,,,,
211,1.0,epsilon_source,False,0.0,,2,state_CO,True,,,,,
211,1.0,epsilon_source,False,0.0,,2,state_UT,True,,,,,
211,1.0,epsilon_source,False,0.005,,2,state_CO,True,,,,,
211,1.0,epsilon_source,False,0.005,,2,state_UT,True,,,,,
211,1.0,epsilon_source,False,0.01,,2,state_CO,True,,,,,
211,1.0,epsilon_source,False,0.01,,2,state_UT,True,,,,,
211,1.0,epsilon_source,False,0.02,,2,state_CO,True,,,,,
211,1.0,epsilon_source,False,0.02,,2,state_UT,True,,,,,
211,1.0,epsilon_source,True,0.0,,2,state_CO,True,,,,,
211,1.0,epsilon_source,True,0.0,,2,state_UT,True,,,,,
211,1.0,epsilon_source,True,0.005,,2,state_CO,True,,,,,
211,1.0,epsilon_source,True,0.005,,2,state_UT,True,,,,,
211,1.0,epsilon_source,True,0.01,,2,state_CO,True,,,,,
211,1.0,epsilon_source,True,0.01,,2,state_UT,True,,,,,
211,1.0,epsilon_source,True,0.02,,2,state_CO,True,,,,,
211,1.0,epsilon_source,True,0.02,,2,state_UT,True,,,,,
211,1.0,epsilon_shift,False,0.0,,2,state_CO,True,,,,,
211,1.0,epsilon_shift,False,0.0,,2,state_UT,True,,,,,
211,1.0,epsilon_shift,False,0.005,,2,state_CO,True,,,,,
211,1.0,epsilon_shift,False,0.005,,2,state_UT,True,,,,,
211,1.0,epsilon_shift,False,0.01,,2,state_CO,True,,,,,
211,1.0,epsilon_shift,False,0.01,,2,state_UT,True,,,,,
211,1.0,epsilon_shift,False,0.02,,2,state_CO,True,,,,,
211,1.0,epsilon_shift,False,0.02,,2,state_UT,True,,,,,
211,1.0,epsilon_shift,True,0.0,,2,state_CO,True,,,,,
211,1.0,epsilon_shift,True,0.0,,2,state_UT,True,,,,,
211,1.0,epsilon_shift,True,0.005,,2,state_CO,True,,,,,
211,1.0,epsilon_shift,True,0.005,,2,state_UT,True,,,,,
211,1.0,epsilon_shift,True,0.01,,2,state_CO,True,,,,,
211,1.0,epsilon_shift,True,0.01,,2,state_UT,True,,,,,
211,1.0,epsilon_shift,True,0.02,,2,state_CO,True,,,,,
211,1.0,epsilon_shift,True,0.02,,2,state_UT,True,,,,,
211,1.0,joint_clip_source,False,0.0,mlp_base:C5:E2,4,state_CO,False,False,0.028837667960770696,0.805784935633165,0.0,0.0
211,1.0,joint_clip_source,False,0.0,mlp_base:C5:E2,4,state_UT,False,False,0.013225825585181705,0.8553572098664707,0.0,0.0
211,1.0,joint_clip_source,False,0.005,mlp_base:C5:E2,4,state_CO,False,False,0.028837667960770696,0.805784935633165,0.0,0.0
211,1.0,joint_clip_source,False,0.005,mlp_base:C5:E2,4,state_UT,False,False,0.013225825585181705,0.8553572098664707,0.0,0.0
211,1.0,joint_clip_source,False,0.01,mlp_base:C5:E8,4,state_CO,False,False,0.010381146131567709,0.824241457462368,0.0,0.0
211,1.0,joint_clip_source,False,0.01,mlp_base:C5:E8,4,state_UT,False,False,0.003170276149330964,0.8654127593023214,0.0,0.0
211,1.0,joint_clip_source,False,0.02,mlp_base:C5:E8,4,state_CO,False,False,0.010381146131567709,0.824241457462368,0.0,0.0
211,1.0,joint_clip_source,False,0.02,mlp_base:C5:E8,4,state_UT,False,False,0.003170276149330964,0.8654127593023214,0.0,0.0
211,1.0,joint_clip_source,True,0.0,mlp_base:C5:E8,4,state_CO,False,False,0.010381146131567709,0.824241457462368,0.0,0.0
211,1.0,joint_clip_source,True,0.0,mlp_base:C5:E8,4,state_UT,False,False,0.003170276149330964,0.8654127593023214,0.0,0.0
211,1.0,joint_clip_source,True,0.005,mlp_base:C5:E8,4,state_CO,False,False,0.010381146131567709,0.824241457462368,0.0,0.0
211,1.0,joint_clip_source,True,0.005,mlp_base:C5:E8,4,state_UT,False,False,0.003170276149330964,0.8654127593023214,0.0,0.0
211,1.0,joint_clip_source,True,0.01,mlp_base:C5:E8,4,state_CO,False,False,0.010381146131567709,0.824241457462368,0.0,0.0
211,1.0,joint_clip_source,True,0.01,mlp_base:C5:E8,4,state_UT,False,False,0.003170276149330964,0.8654127593023214,0.0,0.0
211,1.0,joint_clip_source,True,0.02,,4,state_CO,True,,,,,
211,1.0,joint_clip_source,True,0.02,,4,state_UT,True,,,,,
211,1.0,joint_clip_shift,False,0.0,mlp_base:C5:E2,4,state_CO,False,False,0.028837667960770696,0.805784935633165,0.0,0.0
211,1.0,joint_clip_shift,False,0.0,mlp_base:C5:E2,4,state_UT,False,False,0.013225825585181705,0.8553572098664707,0.0,0.0
211,1.0,joint_clip_shift,False,0.005,mlp_base:C5:E2,4,state_CO,False,False,0.028837667960770696,0.805784935633165,0.0,0.0
211,1.0,joint_clip_shift,False,0.005,mlp_base:C5:E2,4,state_UT,False,False,0.013225825585181705,0.8553572098664707,0.0,0.0
211,1.0,joint_clip_shift,False,0.01,mlp_base:C5:E8,4,state_CO,False,False,0.010381146131567709,0.824241457462368,0.0,0.0
211,1.0,joint_clip_shift,False,0.01,mlp_base:C5:E8,4,state_UT,False,False,0.003170276149330964,0.8654127593023214,0.0,0.0
211,1.0,joint_clip_shift,False,0.02,mlp_base:C5:E8,4,state_CO,False,False,0.010381146131567709,0.824241457462368,0.0,0.0
211,1.0,joint_clip_shift,False,0.02,mlp_base:C5:E8,4,state_UT,False,False,0.003170276149330964,0.8654127593023214,0.0,0.0
211,1.0,joint_clip_shift,True,0.0,mlp_base:C5:E8,4,state_CO,False,False,0.010381146131567709,0.824241457462368,0.0,0.0
211,1.0,joint_clip_shift,True,0.0,mlp_base:C5:E8,4,state_UT,False,False,0.003170276149330964,0.8654127593023214,0.0,0.0
211,1.0,joint_clip_shift,True,0.005,mlp_base:C5:E8,4,state_CO,False,False,0.010381146131567709,0.824241457462368,0.0,0.0
211,1.0,joint_clip_shift,True,0.005,mlp_base:C5:E8,4,state_UT,False,False,0.003170276149330964,0.8654127593023214,0.0,0.0
211,1.0,joint_clip_shift,True,0.01,mlp_base:C5:E8,4,state_CO,False,False,0.010381146131567709,0.824241457462368,0.0,0.0
211,1.0,joint_clip_shift,True,0.01,mlp_base:C5:E8,4,state_UT,False,False,0.003170276149330964,0.8654127593023214,0.0,0.0
211,1.0,joint_clip_shift,True,0.02,,4,state_CO,True,,,,,
211,1.0,joint_clip_shift,True,0.02,,4,state_UT,True,,,,,
211,1.0,joint_recipe_source,False,0.0,mlp_base:C5:E2,12,state_CO,False,False,0.028837667960770696,0.805784935633165,0.0,0.0
211,1.0,joint_recipe_source,False,0.0,mlp_base:C5:E2,12,state_UT,False,False,0.013225825585181705,0.8553572098664707,0.0,0.0
211,1.0,joint_recipe_source,False,0.005,mlp_base:C5:E2,12,state_CO,False,False,0.028837667960770696,0.805784935633165,0.0,0.0
211,1.0,joint_recipe_source,False,0.005,mlp_base:C5:E2,12,state_UT,False,False,0.013225825585181705,0.8553572098664707,0.0,0.0
211,1.0,joint_recipe_source,False,0.01,mlp_stronger:C5:E2,12,state_CO,False,False,0.006832372768291739,0.827790230825644,0.0,0.0
211,1.0,joint_recipe_source,False,0.01,mlp_stronger:C5:E2,12,state_UT,False,False,0.009157365051427724,0.8594256704002247,0.0,0.0
211,1.0,joint_recipe_source,False,0.02,mlp_stronger:C5:E2,12,state_CO,False,False,0.006832372768291739,0.827790230825644,0.0,0.0
211,1.0,joint_recipe_source,False,0.02,mlp_stronger:C5:E2,12,state_UT,False,False,0.009157365051427724,0.8594256704002247,0.0,0.0
211,1.0,joint_recipe_source,True,0.0,mlp_stronger:C5:E2,12,state_CO,False,False,0.006832372768291739,0.827790230825644,0.0,0.0
211,1.0,joint_recipe_source,True,0.0,mlp_stronger:C5:E2,12,state_UT,False,False,0.009157365051427724,0.8594256704002247,0.0,0.0
211,1.0,joint_recipe_source,True,0.005,mlp_stronger:C5:E2,12,state_CO,False,False,0.006832372768291739,0.827790230825644,0.0,0.0
211,1.0,joint_recipe_source,True,0.005,mlp_stronger:C5:E2,12,state_UT,False,False,0.009157365051427724,0.8594256704002247,0.0,0.0
211,1.0,joint_recipe_source,True,0.01,mlp_stronger:C5:E2,12,state_CO,False,False,0.006832372768291739,0.827790230825644,0.0,0.0
211,1.0,joint_recipe_source,True,0.01,mlp_stronger:C5:E2,12,state_UT,False,False,0.009157365051427724,0.8594256704002247,0.0,0.0
211,1.0,joint_recipe_source,True,0.02,mlp_stronger:C5:E8,12,state_CO,False,False,0.000969542284887992,0.8336530613090477,0.0,0.0
211,1.0,joint_recipe_source,True,0.02,mlp_stronger:C5:E8,12,state_UT,False,False,0.000910289295264266,0.8676727461563881,0.0,0.0
211,1.0,joint_recipe_shift,False,0.0,mlp_base:C5:E2,12,state_CO,False,False,0.028837667960770696,0.805784935633165,0.0,0.0
211,1.0,joint_recipe_shift,False,0.0,mlp_base:C5:E2,12,state_UT,False,False,0.013225825585181705,0.8553572098664707,0.0,0.0
211,1.0,joint_recipe_shift,False,0.005,mlp_base:C5:E2,12,state_CO,False,False,0.028837667960770696,0.805784935633165,0.0,0.0
211,1.0,joint_recipe_shift,False,0.005,mlp_base:C5:E2,12,state_UT,False,False,0.013225825585181705,0.8553572098664707,0.0,0.0
211,1.0,joint_recipe_shift,False,0.01,mlp_stronger:C5:E2,12,state_CO,False,False,0.006832372768291739,0.827790230825644,0.0,0.0
211,1.0,joint_recipe_shift,False,0.01,mlp_stronger:C5:E2,12,state_UT,False,False,0.009157365051427724,0.8594256704002247,0.0,0.0
211,1.0,joint_recipe_shift,False,0.02,mlp_stronger:C5:E8,12,state_CO,False,False,0.000969542284887992,0.8336530613090477,0.0,0.0
211,1.0,joint_recipe_shift,False,0.02,mlp_stronger:C5:E8,12,state_UT,False,False,0.000910289295264266,0.8676727461563881,0.0,0.0
211,1.0,joint_recipe_shift,True,0.0,mlp_stronger:C5:E2,12,state_CO,False,False,0.006832372768291739,0.827790230825644,0.0,0.0
211,1.0,joint_recipe_shift,True,0.0,mlp_stronger:C5:E2,12,state_UT,False,False,0.009157365051427724,0.8594256704002247,0.0,0.0
211,1.0,joint_recipe_shift,True,0.005,mlp_stronger:C5:E2,12,state_CO,False,False,0.006832372768291739,0.827790230825644,0.0,0.0
211,1.0,joint_recipe_shift,True,0.005,mlp_stronger:C5:E2,12,state_UT,False,False,0.009157365051427724,0.8594256704002247,0.0,0.0
211,1.0,joint_recipe_shift,True,0.01,mlp_stronger:C5:E8,12,state_CO,False,False,0.000969542284887992,0.8336530613090477,0.0,0.0
211,1.0,joint_recipe_shift,True,0.01,mlp_stronger:C5:E8,12,state_UT,False,False,0.000910289295264266,0.8676727461563881,0.0,0.0
211,1.0,joint_recipe_shift,True,0.02,mlp_stronger:C5:E8,12,state_CO,False,False,0.000969542284887992,0.8336530613090477,0.0,0.0
211,1.0,joint_recipe_shift,True,0.02,mlp_stronger:C5:E8,12,state_UT,False,False,0.000910289295264266,0.8676727461563881,0.0,0.0
211,1.0,joint_recipe_proxy,False,0.0,mlp_base:C5:E2,12,state_CO,False,False,0.028837667960770696,0.805784935633165,0.0,0.0
211,1.0,joint_recipe_proxy,False,0.0,mlp_base:C5:E2,12,state_UT,False,False,0.013225825585181705,0.8553572098664707,0.0,0.0
211,1.0,joint_recipe_proxy,False,0.005,mlp_base:C5:E2,12,state_CO,False,False,0.028837667960770696,0.805784935633165,0.0,0.0
211,1.0,joint_recipe_proxy,False,0.005,mlp_base:C5:E2,12,state_UT,False,False,0.013225825585181705,0.8553572098664707,0.0,0.0
211,1.0,joint_recipe_proxy,False,0.01,mlp_stronger:C5:E2,12,state_CO,False,False,0.006832372768291739,0.827790230825644,0.0,0.0
211,1.0,joint_recipe_proxy,False,0.01,mlp_stronger:C5:E2,12,state_UT,False,False,0.009157365051427724,0.8594256704002247,0.0,0.0
211,1.0,joint_recipe_proxy,False,0.02,mlp_stronger:C5:E2,12,state_CO,False,False,0.006832372768291739,0.827790230825644,0.0,0.0
211,1.0,joint_recipe_proxy,False,0.02,mlp_stronger:C5:E2,12,state_UT,False,False,0.009157365051427724,0.8594256704002247,0.0,0.0
211,1.0,joint_recipe_proxy,True,0.0,mlp_stronger:C5:E2,12,state_CO,False,False,0.006832372768291739,0.827790230825644,0.0,0.0
211,1.0,joint_recipe_proxy,True,0.0,mlp_stronger:C5:E2,12,state_UT,False,False,0.009157365051427724,0.8594256704002247,0.0,0.0
211,1.0,joint_recipe_proxy,True,0.005,mlp_stronger:C5:E2,12,state_CO,False,False,0.006832372768291739,0.827790230825644,0.0,0.0
211,1.0,joint_recipe_proxy,True,0.005,mlp_stronger:C5:E2,12,state_UT,False,False,0.009157365051427724,0.8594256704002247,0.0,0.0
211,1.0,joint_recipe_proxy,True,0.01,mlp_stronger:C5:E2,12,state_CO,False,False,0.006832372768291739,0.827790230825644,0.0,0.0
211,1.0,joint_recipe_proxy,True,0.01,mlp_stronger:C5:E2,12,state_UT,False,False,0.009157365051427724,0.8594256704002247,0.0,0.0
211,1.0,joint_recipe_proxy,True,0.02,mlp_stronger:C5:E8,12,state_CO,False,False,0.000969542284887992,0.8336530613090477,0.0,0.0
211,1.0,joint_recipe_proxy,True,0.02,mlp_stronger:C5:E8,12,state_UT,False,False,0.000910289295264266,0.8676727461563881,0.0,0.0
211,1.0,logistic_shift,False,0.0,logistic:C1:E2,4,state_CO,False,False,0.014620821956403574,0.8200017816375321,0.0,0.0
211,1.0,logistic_shift,False,0.0,logistic:C1:E2,4,state_UT,False,False,0.01151177021005656,0.8570712652415958,0.0,0.0
211,1.0,logistic_shift,False,0.005,logistic:C1:E2,4,state_CO,False,False,0.014620821956403574,0.8200017816375321,0.0,0.0
211,1.0,logistic_shift,False,0.005,logistic:C1:E2,4,state_UT,False,False,0.01151177021005656,0.8570712652415958,0.0,0.0
211,1.0,logistic_shift,False,0.01,logistic:C5:E8,4,state_CO,False,False,0.004603254181668959,0.8300193494122667,0.0,0.0
211,1.0,logistic_shift,False,0.01,logistic:C5:E8,4,state_UT,False,False,0.000864290634067344,0.867718744817585,0.0,0.0
211,1.0,logistic_shift,False,0.02,,4,state_CO,True,,,,,
211,1.0,logistic_shift,False,0.02,,4,state_UT,True,,,,,
211,1.0,logistic_shift,True,0.0,logistic:C5:E8,4,state_CO,False,False,0.004603254181668959,0.8300193494122667,0.0,0.0
211,1.0,logistic_shift,True,0.0,logistic:C5:E8,4,state_UT,False,False,0.000864290634067344,0.867718744817585,0.0,0.0
211,1.0,logistic_shift,True,0.005,logistic:C5:E8,4,state_CO,False,False,0.004603254181668959,0.8300193494122667,0.0,0.0
211,1.0,logistic_shift,True,0.005,logistic:C5:E8,4,state_UT,False,False,0.000864290634067344,0.867718744817585,0.0,0.0
211,1.0,logistic_shift,True,0.01,logistic:C5:E8,4,state_CO,False,False,0.004603254181668959,0.8300193494122667,0.0,0.0
211,1.0,logistic_shift,True,0.01,logistic:C5:E8,4,state_UT,False,False,0.000864290634067344,0.867718744817585,0.0,0.0
211,1.0,logistic_shift,True,0.02,,4,state_CO,True,,,,,
211,1.0,logistic_shift,True,0.02,,4,state_UT,True,,,,,
212,1.0,epsilon_source,False,0.0,mlp_base:C1:E2,2,state_CO,False,False,0.019687683567546577,0.8134296476735445,0.0,0.0
212,1.0,epsilon_source,False,0.0,mlp_base:C1:E2,2,state_UT,False,False,0.0093928261094679,0.8367730549139845,0.0,0.0
212,1.0,epsilon_source,False,0.005,mlp_base:C1:E2,2,state_CO,False,False,0.019687683567546577,0.8134296476735445,0.0,0.0
212,1.0,epsilon_source,False,0.005,mlp_base:C1:E2,2,state_UT,False,False,0.0093928261094679,0.8367730549139845,0.0,0.0
212,1.0,epsilon_source,False,0.01,,2,state_CO,True,,,,,
212,1.0,epsilon_source,False,0.01,,2,state_UT,True,,,,,
212,1.0,epsilon_source,False,0.02,,2,state_CO,True,,,,,
212,1.0,epsilon_source,False,0.02,,2,state_UT,True,,,,,
212,1.0,epsilon_source,True,0.0,,2,state_CO,True,,,,,
212,1.0,epsilon_source,True,0.0,,2,state_UT,True,,,,,
212,1.0,epsilon_source,True,0.005,,2,state_CO,True,,,,,
212,1.0,epsilon_source,True,0.005,,2,state_UT,True,,,,,
212,1.0,epsilon_source,True,0.01,,2,state_CO,True,,,,,
212,1.0,epsilon_source,True,0.01,,2,state_UT,True,,,,,
212,1.0,epsilon_source,True,0.02,,2,state_CO,True,,,,,
212,1.0,epsilon_source,True,0.02,,2,state_UT,True,,,,,
212,1.0,epsilon_shift,False,0.0,mlp_base:C1:E2,2,state_CO,False,False,0.019687683567546577,0.8134296476735445,0.0,0.0
212,1.0,epsilon_shift,False,0.0,mlp_base:C1:E2,2,state_UT,False,False,0.0093928261094679,0.8367730549139845,0.0,0.0
212,1.0,epsilon_shift,False,0.005,mlp_base:C1:E2,2,state_CO,False,False,0.019687683567546577,0.8134296476735445,0.0,0.0
212,1.0,epsilon_shift,False,0.005,mlp_base:C1:E2,2,state_UT,False,False,0.0093928261094679,0.8367730549139845,0.0,0.0
212,1.0,epsilon_shift,False,0.01,,2,state_CO,True,,,,,
212,1.0,epsilon_shift,False,0.01,,2,state_UT,True,,,,,
212,1.0,epsilon_shift,False,0.02,,2,state_CO,True,,,,,
212,1.0,epsilon_shift,False,0.02,,2,state_UT,True,,,,,
212,1.0,epsilon_shift,True,0.0,,2,state_CO,True,,,,,
212,1.0,epsilon_shift,True,0.0,,2,state_UT,True,,,,,
212,1.0,epsilon_shift,True,0.005,,2,state_CO,True,,,,,
212,1.0,epsilon_shift,True,0.005,,2,state_UT,True,,,,,
212,1.0,epsilon_shift,True,0.01,,2,state_CO,True,,,,,
212,1.0,epsilon_shift,True,0.01,,2,state_UT,True,,,,,
212,1.0,epsilon_shift,True,0.02,,2,state_CO,True,,,,,
212,1.0,epsilon_shift,True,0.02,,2,state_UT,True,,,,,
212,1.0,joint_clip_source,False,0.0,mlp_base:C5:E2,4,state_CO,False,False,0.020984723072309697,0.8121326081687814,0.0,0.0
212,1.0,joint_clip_source,False,0.0,mlp_base:C5:E2,4,state_UT,False,False,0.0014305910108008968,0.8447352900126515,0.0,0.0
212,1.0,joint_clip_source,False,0.005,mlp_base:C5:E2,4,state_CO,False,False,0.020984723072309697,0.8121326081687814,0.0,0.0
212,1.0,joint_clip_source,False,0.005,mlp_base:C5:E2,4,state_UT,False,False,0.0014305910108008968,0.8447352900126515,0.0,0.0
212,1.0,joint_clip_source,False,0.01,mlp_base:C5:E2,4,state_CO,False,False,0.020984723072309697,0.8121326081687814,0.0,0.0
212,1.0,joint_clip_source,False,0.01,mlp_base:C5:E2,4,state_UT,False,False,0.0014305910108008968,0.8447352900126515,0.0,0.0
212,1.0,joint_clip_source,False,0.02,mlp_base:C5:E2,4,state_CO,False,False,0.020984723072309697,0.8121326081687814,0.0,0.0
212,1.0,joint_clip_source,False,0.02,mlp_base:C5:E2,4,state_UT,False,False,0.0014305910108008968,0.8447352900126515,0.0,0.0
212,1.0,joint_clip_source,True,0.0,mlp_base:C5:E2,4,state_CO,False,False,0.020984723072309697,0.8121326081687814,0.0,0.0
212,1.0,joint_clip_source,True,0.0,mlp_base:C5:E2,4,state_UT,False,False,0.0014305910108008968,0.8447352900126515,0.0,0.0
212,1.0,joint_clip_source,True,0.005,mlp_base:C5:E2,4,state_CO,False,False,0.020984723072309697,0.8121326081687814,0.0,0.0
212,1.0,joint_clip_source,True,0.005,mlp_base:C5:E2,4,state_UT,False,False,0.0014305910108008968,0.8447352900126515,0.0,0.0
212,1.0,joint_clip_source,True,0.01,mlp_base:C5:E2,4,state_CO,False,False,0.020984723072309697,0.8121326081687814,0.0,0.0
212,1.0,joint_clip_source,True,0.01,mlp_base:C5:E2,4,state_UT,False,False,0.0014305910108008968,0.8447352900126515,0.0,0.0
212,1.0,joint_clip_source,True,0.02,mlp_base:C5:E8,4,state_CO,False,False,0.0025663513241509506,0.8305509799169402,0.0,0.0
212,1.0,joint_clip_source,True,0.02,mlp_base:C5:E8,4,state_UT,False,False,0.0013461737599671508,0.8448197072634852,0.0,0.0
212,1.0,joint_clip_shift,False,0.0,mlp_base:C5:E2,4,state_CO,False,False,0.020984723072309697,0.8121326081687814,0.0,0.0
212,1.0,joint_clip_shift,False,0.0,mlp_base:C5:E2,4,state_UT,False,False,0.0014305910108008968,0.8447352900126515,0.0,0.0
212,1.0,joint_clip_shift,False,0.005,mlp_base:C5:E2,4,state_CO,False,False,0.020984723072309697,0.8121326081687814,0.0,0.0
212,1.0,joint_clip_shift,False,0.005,mlp_base:C5:E2,4,state_UT,False,False,0.0014305910108008968,0.8447352900126515,0.0,0.0
212,1.0,joint_clip_shift,False,0.01,mlp_base:C5:E2,4,state_CO,False,False,0.020984723072309697,0.8121326081687814,0.0,0.0
212,1.0,joint_clip_shift,False,0.01,mlp_base:C5:E2,4,state_UT,False,False,0.0014305910108008968,0.8447352900126515,0.0,0.0
212,1.0,joint_clip_shift,False,0.02,mlp_base:C5:E8,4,state_CO,False,False,0.0025663513241509506,0.8305509799169402,0.0,0.0
212,1.0,joint_clip_shift,False,0.02,mlp_base:C5:E8,4,state_UT,False,False,0.0013461737599671508,0.8448197072634852,0.0,0.0
212,1.0,joint_clip_shift,True,0.0,mlp_base:C5:E2,4,state_CO,False,False,0.020984723072309697,0.8121326081687814,0.0,0.0
212,1.0,joint_clip_shift,True,0.0,mlp_base:C5:E2,4,state_UT,False,False,0.0014305910108008968,0.8447352900126515,0.0,0.0
212,1.0,joint_clip_shift,True,0.005,mlp_base:C5:E8,4,state_CO,False,False,0.0025663513241509506,0.8305509799169402,0.0,0.0
212,1.0,joint_clip_shift,True,0.005,mlp_base:C5:E8,4,state_UT,False,False,0.0013461737599671508,0.8448197072634852,0.0,0.0
212,1.0,joint_clip_shift,True,0.01,mlp_base:C5:E8,4,state_CO,False,False,0.0025663513241509506,0.8305509799169402,0.0,0.0
212,1.0,joint_clip_shift,True,0.01,mlp_base:C5:E8,4,state_UT,False,False,0.0013461737599671508,0.8448197072634852,0.0,0.0
212,1.0,joint_clip_shift,True,0.02,mlp_base:C5:E8,4,state_CO,False,False,0.0025663513241509506,0.8305509799169402,0.0,0.0
212,1.0,joint_clip_shift,True,0.02,mlp_base:C5:E8,4,state_UT,False,False,0.0013461737599671508,0.8448197072634852,0.0,0.0
212,1.0,joint_recipe_source,False,0.0,mlp_base:C5:E2,12,state_CO,False,False,0.020984723072309697,0.8121326081687814,0.0,0.0
212,1.0,joint_recipe_source,False,0.0,mlp_base:C5:E2,12,state_UT,False,False,0.0014305910108008968,0.8447352900126515,0.0,0.0
212,1.0,joint_recipe_source,False,0.005,mlp_base:C5:E2,12,state_CO,False,False,0.020984723072309697,0.8121326081687814,0.0,0.0
212,1.0,joint_recipe_source,False,0.005,mlp_base:C5:E2,12,state_UT,False,False,0.0014305910108008968,0.8447352900126515,0.0,0.0
212,1.0,joint_recipe_source,False,0.01,mlp_base:C5:E2,12,state_CO,False,False,0.020984723072309697,0.8121326081687814,0.0,0.0
212,1.0,joint_recipe_source,False,0.01,mlp_base:C5:E2,12,state_UT,False,False,0.0014305910108008968,0.8447352900126515,0.0,0.0
212,1.0,joint_recipe_source,False,0.02,mlp_base:C5:E2,12,state_CO,False,False,0.020984723072309697,0.8121326081687814,0.0,0.0
212,1.0,joint_recipe_source,False,0.02,mlp_base:C5:E2,12,state_UT,False,False,0.0014305910108008968,0.8447352900126515,0.0,0.0
212,1.0,joint_recipe_source,True,0.0,mlp_base:C5:E2,12,state_CO,False,False,0.020984723072309697,0.8121326081687814,0.0,0.0
212,1.0,joint_recipe_source,True,0.0,mlp_base:C5:E2,12,state_UT,False,False,0.0014305910108008968,0.8447352900126515,0.0,0.0
212,1.0,joint_recipe_source,True,0.005,mlp_base:C5:E2,12,state_CO,False,False,0.020984723072309697,0.8121326081687814,0.0,0.0
212,1.0,joint_recipe_source,True,0.005,mlp_base:C5:E2,12,state_UT,False,False,0.0014305910108008968,0.8447352900126515,0.0,0.0
212,1.0,joint_recipe_source,True,0.01,mlp_base:C5:E2,12,state_CO,False,False,0.020984723072309697,0.8121326081687814,0.0,0.0
212,1.0,joint_recipe_source,True,0.01,mlp_base:C5:E2,12,state_UT,False,False,0.0014305910108008968,0.8447352900126515,0.0,0.0
212,1.0,joint_recipe_source,True,0.02,mlp_stronger:C5:E8,12,state_CO,False,False,-0.002490356927197457,0.8356076881682886,0.0,0.0
212,1.0,joint_recipe_source,True,0.02,mlp_stronger:C5:E8,12,state_UT,False,False,-0.002065408737072838,0.8482312897605252,0.0,0.0
212,1.0,joint_recipe_shift,False,0.0,mlp_base:C5:E2,12,state_CO,False,False,0.020984723072309697,0.8121326081687814,0.0,0.0
212,1.0,joint_recipe_shift,False,0.0,mlp_base:C5:E2,12,state_UT,False,False,0.0014305910108008968,0.8447352900126515,0.0,0.0
212,1.0,joint_recipe_shift,False,0.005,mlp_base:C5:E2,12,state_CO,False,False,0.020984723072309697,0.8121326081687814,0.0,0.0
212,1.0,joint_recipe_shift,False,0.005,mlp_base:C5:E2,12,state_UT,False,False,0.0014305910108008968,0.8447352900126515,0.0,0.0
212,1.0,joint_recipe_shift,False,0.01,mlp_base:C5:E2,12,state_CO,False,False,0.020984723072309697,0.8121326081687814,0.0,0.0
212,1.0,joint_recipe_shift,False,0.01,mlp_base:C5:E2,12,state_UT,False,False,0.0014305910108008968,0.8447352900126515,0.0,0.0
212,1.0,joint_recipe_shift,False,0.02,mlp_stronger:C5:E2,12,state_CO,False,False,0.0003953762544208761,0.8327219549866702,0.0,0.0
212,1.0,joint_recipe_shift,False,0.02,mlp_stronger:C5:E2,12,state_UT,False,False,-0.0059328443886162985,0.8520987254120687,0.0,0.0
212,1.0,joint_recipe_shift,True,0.0,mlp_base:C5:E2,12,state_CO,False,False,0.020984723072309697,0.8121326081687814,0.0,0.0
212,1.0,joint_recipe_shift,True,0.0,mlp_base:C5:E2,12,state_UT,False,False,0.0014305910108008968,0.8447352900126515,0.0,0.0
212,1.0,joint_recipe_shift,True,0.005,mlp_stronger:C5:E2,12,state_CO,False,False,0.0003953762544208761,0.8327219549866702,0.0,0.0
212,1.0,joint_recipe_shift,True,0.005,mlp_stronger:C5:E2,12,state_UT,False,False,-0.0059328443886162985,0.8520987254120687,0.0,0.0
212,1.0,joint_recipe_shift,True,0.01,mlp_stronger:C5:E2,12,state_CO,False,False,0.0003953762544208761,0.8327219549866702,0.0,0.0
212,1.0,joint_recipe_shift,True,0.01,mlp_stronger:C5:E2,12,state_UT,False,False,-0.0059328443886162985,0.8520987254120687,0.0,0.0
212,1.0,joint_recipe_shift,True,0.02,mlp_stronger:C5:E8,12,state_CO,False,False,-0.002490356927197457,0.8356076881682886,0.0,0.0
212,1.0,joint_recipe_shift,True,0.02,mlp_stronger:C5:E8,12,state_UT,False,False,-0.002065408737072838,0.8482312897605252,0.0,0.0
212,1.0,joint_recipe_proxy,False,0.0,mlp_base:C5:E2,12,state_CO,False,False,0.020984723072309697,0.8121326081687814,0.0,0.0
212,1.0,joint_recipe_proxy,False,0.0,mlp_base:C5:E2,12,state_UT,False,False,0.0014305910108008968,0.8447352900126515,0.0,0.0
212,1.0,joint_recipe_proxy,False,0.005,mlp_base:C5:E2,12,state_CO,False,False,0.020984723072309697,0.8121326081687814,0.0,0.0
212,1.0,joint_recipe_proxy,False,0.005,mlp_base:C5:E2,12,state_UT,False,False,0.0014305910108008968,0.8447352900126515,0.0,0.0
212,1.0,joint_recipe_proxy,False,0.01,mlp_base:C5:E2,12,state_CO,False,False,0.020984723072309697,0.8121326081687814,0.0,0.0
212,1.0,joint_recipe_proxy,False,0.01,mlp_base:C5:E2,12,state_UT,False,False,0.0014305910108008968,0.8447352900126515,0.0,0.0
212,1.0,joint_recipe_proxy,False,0.02,mlp_base:C5:E2,12,state_CO,False,False,0.020984723072309697,0.8121326081687814,0.0,0.0
212,1.0,joint_recipe_proxy,False,0.02,mlp_base:C5:E2,12,state_UT,False,False,0.0014305910108008968,0.8447352900126515,0.0,0.0
212,1.0,joint_recipe_proxy,True,0.0,mlp_base:C5:E2,12,state_CO,False,False,0.020984723072309697,0.8121326081687814,0.0,0.0
212,1.0,joint_recipe_proxy,True,0.0,mlp_base:C5:E2,12,state_UT,False,False,0.0014305910108008968,0.8447352900126515,0.0,0.0
212,1.0,joint_recipe_proxy,True,0.005,mlp_base:C5:E2,12,state_CO,False,False,0.020984723072309697,0.8121326081687814,0.0,0.0
212,1.0,joint_recipe_proxy,True,0.005,mlp_base:C5:E2,12,state_UT,False,False,0.0014305910108008968,0.8447352900126515,0.0,0.0
212,1.0,joint_recipe_proxy,True,0.01,mlp_base:C5:E2,12,state_CO,False,False,0.020984723072309697,0.8121326081687814,0.0,0.0
212,1.0,joint_recipe_proxy,True,0.01,mlp_base:C5:E2,12,state_UT,False,False,0.0014305910108008968,0.8447352900126515,0.0,0.0
212,1.0,joint_recipe_proxy,True,0.02,mlp_stronger:C5:E8,12,state_CO,False,False,-0.002490356927197457,0.8356076881682886,0.0,0.0
212,1.0,joint_recipe_proxy,True,0.02,mlp_stronger:C5:E8,12,state_UT,False,False,-0.002065408737072838,0.8482312897605252,0.0,0.0
212,1.0,logistic_shift,False,0.0,logistic:C1:E2,4,state_CO,False,False,0.01227617596194519,0.8208411552791459,0.0,0.0
212,1.0,logistic_shift,False,0.0,logistic:C1:E2,4,state_UT,False,False,0.0027036031533784755,0.8434622778700739,0.0,0.0
212,1.0,logistic_shift,False,0.005,logistic:C1:E2,4,state_CO,False,False,0.01227617596194519,0.8208411552791459,0.0,0.0
212,1.0,logistic_shift,False,0.005,logistic:C1:E2,4,state_UT,False,False,0.0027036031533784755,0.8434622778700739,0.0,0.0
212,1.0,logistic_shift,False,0.01,logistic:C1:E2,4,state_CO,False,False,0.01227617596194519,0.8208411552791459,0.0,0.0
212,1.0,logistic_shift,False,0.01,logistic:C1:E2,4,state_UT,False,False,0.0027036031533784755,0.8434622778700739,0.0,0.0
212,1.0,logistic_shift,False,0.02,logistic:C5:E8,4,state_CO,False,False,0.002151462994836484,0.8309658682462546,0.0,0.0
212,1.0,logistic_shift,False,0.02,logistic:C5:E8,4,state_UT,False,False,-0.00451350901126002,0.8506793900347124,0.0,0.0
212,1.0,logistic_shift,True,0.0,logistic:C5:E8,4,state_CO,False,False,0.002151462994836484,0.8309658682462546,0.0,0.0
212,1.0,logistic_shift,True,0.0,logistic:C5:E8,4,state_UT,False,False,-0.00451350901126002,0.8506793900347124,0.0,0.0
212,1.0,logistic_shift,True,0.005,logistic:C5:E8,4,state_CO,False,False,0.002151462994836484,0.8309658682462546,0.0,0.0
212,1.0,logistic_shift,True,0.005,logistic:C5:E8,4,state_UT,False,False,-0.00451350901126002,0.8506793900347124,0.0,0.0
212,1.0,logistic_shift,True,0.01,logistic:C5:E8,4,state_CO,False,False,0.002151462994836484,0.8309658682462546,0.0,0.0
212,1.0,logistic_shift,True,0.01,logistic:C5:E8,4,state_UT,False,False,-0.00451350901126002,0.8506793900347124,0.0,0.0
212,1.0,logistic_shift,True,0.02,,4,state_CO,True,,,,,
212,1.0,logistic_shift,True,0.02,,4,state_UT,True,,,,,
213,1.0,epsilon_source,False,0.0,,2,state_CO,True,,,,,
213,1.0,epsilon_source,False,0.0,,2,state_UT,True,,,,,
213,1.0,epsilon_source,False,0.005,,2,state_CO,True,,,,,
213,1.0,epsilon_source,False,0.005,,2,state_UT,True,,,,,
213,1.0,epsilon_source,False,0.01,,2,state_CO,True,,,,,
213,1.0,epsilon_source,False,0.01,,2,state_UT,True,,,,,
213,1.0,epsilon_source,False,0.02,,2,state_CO,True,,,,,
213,1.0,epsilon_source,False,0.02,,2,state_UT,True,,,,,
213,1.0,epsilon_source,True,0.0,,2,state_CO,True,,,,,
213,1.0,epsilon_source,True,0.0,,2,state_UT,True,,,,,
213,1.0,epsilon_source,True,0.005,,2,state_CO,True,,,,,
213,1.0,epsilon_source,True,0.005,,2,state_UT,True,,,,,
213,1.0,epsilon_source,True,0.01,,2,state_CO,True,,,,,
213,1.0,epsilon_source,True,0.01,,2,state_UT,True,,,,,
213,1.0,epsilon_source,True,0.02,,2,state_CO,True,,,,,
213,1.0,epsilon_source,True,0.02,,2,state_UT,True,,,,,
213,1.0,epsilon_shift,False,0.0,,2,state_CO,True,,,,,
213,1.0,epsilon_shift,False,0.0,,2,state_UT,True,,,,,
213,1.0,epsilon_shift,False,0.005,,2,state_CO,True,,,,,
213,1.0,epsilon_shift,False,0.005,,2,state_UT,True,,,,,
213,1.0,epsilon_shift,False,0.01,,2,state_CO,True,,,,,
213,1.0,epsilon_shift,False,0.01,,2,state_UT,True,,,,,
213,1.0,epsilon_shift,False,0.02,,2,state_CO,True,,,,,
213,1.0,epsilon_shift,False,0.02,,2,state_UT,True,,,,,
213,1.0,epsilon_shift,True,0.0,,2,state_CO,True,,,,,
213,1.0,epsilon_shift,True,0.0,,2,state_UT,True,,,,,
213,1.0,epsilon_shift,True,0.005,,2,state_CO,True,,,,,
213,1.0,epsilon_shift,True,0.005,,2,state_UT,True,,,,,
213,1.0,epsilon_shift,True,0.01,,2,state_CO,True,,,,,
213,1.0,epsilon_shift,True,0.01,,2,state_UT,True,,,,,
213,1.0,epsilon_shift,True,0.02,,2,state_CO,True,,,,,
213,1.0,epsilon_shift,True,0.02,,2,state_UT,True,,,,,
213,1.0,joint_clip_source,False,0.0,mlp_base:C5:E2,4,state_CO,False,False,0.01530017928180516,0.8311380993198176,0.0,0.0
213,1.0,joint_clip_source,False,0.0,mlp_base:C5:E2,4,state_UT,False,False,0.008077492877492931,0.8704119658119658,0.0,0.0
213,1.0,joint_clip_source,False,0.005,mlp_base:C5:E2,4,state_CO,False,False,0.01530017928180516,0.8311380993198176,0.0,0.0
213,1.0,joint_clip_source,False,0.005,mlp_base:C5:E2,4,state_UT,False,False,0.008077492877492931,0.8704119658119658,0.0,0.0
213,1.0,joint_clip_source,False,0.01,mlp_base:C5:E2,4,state_CO,False,False,0.01530017928180516,0.8311380993198176,0.0,0.0
213,1.0,joint_clip_source,False,0.01,mlp_base:C5:E2,4,state_UT,False,False,0.008077492877492931,0.8704119658119658,0.0,0.0
213,1.0,joint_clip_source,False,0.02,mlp_base:C5:E8,4,state_CO,False,False,0.003854611142683373,0.8425836674589394,0.0,0.0
213,1.0,joint_clip_source,False,0.02,mlp_base:C5:E8,4,state_UT,False,False,-0.00015270655270660516,0.8786421652421653,0.0,0.0
213,1.0,joint_clip_source,True,0.0,mlp_base:C5:E2,4,state_CO,False,False,0.01530017928180516,0.8311380993198176,0.0,0.0
213,1.0,joint_clip_source,True,0.0,mlp_base:C5:E2,4,state_UT,False,False,0.008077492877492931,0.8704119658119658,0.0,0.0
213,1.0,joint_clip_source,True,0.005,mlp_base:C5:E8,4,state_CO,False,False,0.003854611142683373,0.8425836674589394,0.0,0.0
213,1.0,joint_clip_source,True,0.005,mlp_base:C5:E8,4,state_UT,False,False,-0.00015270655270660516,0.8786421652421653,0.0,0.0
213,1.0,joint_clip_source,True,0.01,mlp_base:C5:E8,4,state_CO,False,False,0.003854611142683373,0.8425836674589394,0.0,0.0
213,1.0,joint_clip_source,True,0.01,mlp_base:C5:E8,4,state_UT,False,False,-0.00015270655270660516,0.8786421652421653,0.0,0.0
213,1.0,joint_clip_source,True,0.02,mlp_base:C5:E8,4,state_CO,False,False,0.003854611142683373,0.8425836674589394,0.0,0.0
213,1.0,joint_clip_source,True,0.02,mlp_base:C5:E8,4,state_UT,False,False,-0.00015270655270660516,0.8786421652421653,0.0,0.0
213,1.0,joint_clip_shift,False,0.0,mlp_base:C5:E2,4,state_CO,False,False,0.01530017928180516,0.8311380993198176,0.0,0.0
213,1.0,joint_clip_shift,False,0.0,mlp_base:C5:E2,4,state_UT,False,False,0.008077492877492931,0.8704119658119658,0.0,0.0
213,1.0,joint_clip_shift,False,0.005,mlp_base:C5:E2,4,state_CO,False,False,0.01530017928180516,0.8311380993198176,0.0,0.0
213,1.0,joint_clip_shift,False,0.005,mlp_base:C5:E2,4,state_UT,False,False,0.008077492877492931,0.8704119658119658,0.0,0.0
213,1.0,joint_clip_shift,False,0.01,mlp_base:C5:E2,4,state_CO,False,False,0.01530017928180516,0.8311380993198176,0.0,0.0
213,1.0,joint_clip_shift,False,0.01,mlp_base:C5:E2,4,state_UT,False,False,0.008077492877492931,0.8704119658119658,0.0,0.0
213,1.0,joint_clip_shift,False,0.02,mlp_base:C5:E8,4,state_CO,False,False,0.003854611142683373,0.8425836674589394,0.0,0.0
213,1.0,joint_clip_shift,False,0.02,mlp_base:C5:E8,4,state_UT,False,False,-0.00015270655270660516,0.8786421652421653,0.0,0.0
213,1.0,joint_clip_shift,True,0.0,mlp_base:C5:E2,4,state_CO,False,False,0.01530017928180516,0.8311380993198176,0.0,0.0
213,1.0,joint_clip_shift,True,0.0,mlp_base:C5:E2,4,state_UT,False,False,0.008077492877492931,0.8704119658119658,0.0,0.0
213,1.0,joint_clip_shift,True,0.005,mlp_base:C5:E8,4,state_CO,False,False,0.003854611142683373,0.8425836674589394,0.0,0.0
213,1.0,joint_clip_shift,True,0.005,mlp_base:C5:E8,4,state_UT,False,False,-0.00015270655270660516,0.8786421652421653,0.0,0.0
213,1.0,joint_clip_shift,True,0.01,mlp_base:C5:E8,4,state_CO,False,False,0.003854611142683373,0.8425836674589394,0.0,0.0
213,1.0,joint_clip_shift,True,0.01,mlp_base:C5:E8,4,state_UT,False,False,-0.00015270655270660516,0.8786421652421653,0.0,0.0
213,1.0,joint_clip_shift,True,0.02,mlp_base:C5:E8,4,state_CO,False,False,0.003854611142683373,0.8425836674589394,0.0,0.0
213,1.0,joint_clip_shift,True,0.02,mlp_base:C5:E8,4,state_UT,False,False,-0.00015270655270660516,0.8786421652421653,0.0,0.0
213,1.0,joint_recipe_source,False,0.0,mlp_base:C5:E2,12,state_CO,False,False,0.01530017928180516,0.8311380993198176,0.0,0.0
213,1.0,joint_recipe_source,False,0.0,mlp_base:C5:E2,12,state_UT,False,False,0.008077492877492931,0.8704119658119658,0.0,0.0
213,1.0,joint_recipe_source,False,0.005,mlp_base:C5:E2,12,state_CO,False,False,0.01530017928180516,0.8311380993198176,0.0,0.0
213,1.0,joint_recipe_source,False,0.005,mlp_base:C5:E2,12,state_UT,False,False,0.008077492877492931,0.8704119658119658,0.0,0.0
213,1.0,joint_recipe_source,False,0.01,mlp_base:C5:E2,12,state_CO,False,False,0.01530017928180516,0.8311380993198176,0.0,0.0
213,1.0,joint_recipe_source,False,0.01,mlp_base:C5:E2,12,state_UT,False,False,0.008077492877492931,0.8704119658119658,0.0,0.0
213,1.0,joint_recipe_source,False,0.02,mlp_stronger:C5:E8,12,state_CO,False,False,0.0013051045601211175,0.8451331740415017,0.0,0.0
213,1.0,joint_recipe_source,False,0.02,mlp_stronger:C5:E8,12,state_UT,False,False,0.0029584045584045704,0.8755310541310541,0.0,0.0
213,1.0,joint_recipe_source,True,0.0,mlp_base:C5:E2,12,state_CO,False,False,0.01530017928180516,0.8311380993198176,0.0,0.0
213,1.0,joint_recipe_source,True,0.0,mlp_base:C5:E2,12,state_UT,False,False,0.008077492877492931,0.8704119658119658,0.0,0.0
213,1.0,joint_recipe_source,True,0.005,mlp_stronger:C5:E2,12,state_CO,False,False,0.012397970023412364,0.8340403085782104,0.0,0.0
213,1.0,joint_recipe_source,True,0.005,mlp_stronger:C5:E2,12,state_UT,False,False,0.016387464387464523,0.8621019943019942,0.0,0.0
213,1.0,joint_recipe_source,True,0.01,mlp_stronger:C5:E8,12,state_CO,False,False,0.0013051045601211175,0.8451331740415017,0.0,0.0
213,1.0,joint_recipe_source,True,0.01,mlp_stronger:C5:E8,12,state_UT,False,False,0.0029584045584045704,0.8755310541310541,0.0,0.0
213,1.0,joint_recipe_source,True,0.02,mlp_stronger:C5:E8,12,state_CO,False,False,0.0013051045601211175,0.8451331740415017,0.0,0.0
213,1.0,joint_recipe_source,True,0.02,mlp_stronger:C5:E8,12,state_UT,False,False,0.0029584045584045704,0.8755310541310541,0.0,0.0
213,1.0,joint_recipe_shift,False,0.0,mlp_base:C5:E2,12,state_CO,False,False,0.01530017928180516,0.8311380993198176,0.0,0.0
213,1.0,joint_recipe_shift,False,0.0,mlp_base:C5:E2,12,state_UT,False,False,0.008077492877492931,0.8704119658119658,0.0,0.0
213,1.0,joint_recipe_shift,False,0.005,mlp_base:C5:E2,12,state_CO,False,False,0.01530017928180516,0.8311380993198176,0.0,0.0
213,1.0,joint_recipe_shift,False,0.005,mlp_base:C5:E2,12,state_UT,False,False,0.008077492877492931,0.8704119658119658,0.0,0.0
213,1.0,joint_recipe_shift,False,0.01,mlp_base:C5:E2,12,state_CO,False,False,0.01530017928180516,0.8311380993198176,0.0,0.0
213,1.0,joint_recipe_shift,False,0.01,mlp_base:C5:E2,12,state_UT,False,False,0.008077492877492931,0.8704119658119658,0.0,0.0
213,1.0,joint_recipe_shift,False,0.02,mlp_stronger:C5:E8,12,state_CO,False,False,0.0013051045601211175,0.8451331740415017,0.0,0.0
213,1.0,joint_recipe_shift,False,0.02,mlp_stronger:C5:E8,12,state_UT,False,False,0.0029584045584045704,0.8755310541310541,0.0,0.0
213,1.0,joint_recipe_shift,True,0.0,mlp_base:C5:E2,12,state_CO,False,False,0.01530017928180516,0.8311380993198176,0.0,0.0
213,1.0,joint_recipe_shift,True,0.0,mlp_base:C5:E2,12,state_UT,False,False,0.008077492877492931,0.8704119658119658,0.0,0.0
213,1.0,joint_recipe_shift,True,0.005,mlp_stronger:C5:E8,12,state_CO,False,False,0.0013051045601211175,0.8451331740415017,0.0,0.0
213,1.0,joint_recipe_shift,True,0.005,mlp_stronger:C5:E8,12,state_UT,False,False,0.0029584045584045704,0.8755310541310541,0.0,0.0
213,1.0,joint_recipe_shift,True,0.01,mlp_stronger:C5:E8,12,state_CO,False,False,0.0013051045601211175,0.8451331740415017,0.0,0.0
213,1.0,joint_recipe_shift,True,0.01,mlp_stronger:C5:E8,12,state_UT,False,False,0.0029584045584045704,0.8755310541310541,0.0,0.0
213,1.0,joint_recipe_shift,True,0.02,mlp_stronger:C5:E8,12,state_CO,False,False,0.0013051045601211175,0.8451331740415017,0.0,0.0
213,1.0,joint_recipe_shift,True,0.02,mlp_stronger:C5:E8,12,state_UT,False,False,0.0029584045584045704,0.8755310541310541,0.0,0.0
213,1.0,joint_recipe_proxy,False,0.0,mlp_base:C5:E2,12,state_CO,False,False,0.01530017928180516,0.8311380993198176,0.0,0.0
213,1.0,joint_recipe_proxy,False,0.0,mlp_base:C5:E2,12,state_UT,False,False,0.008077492877492931,0.8704119658119658,0.0,0.0
213,1.0,joint_recipe_proxy,False,0.005,mlp_base:C5:E2,12,state_CO,False,False,0.01530017928180516,0.8311380993198176,0.0,0.0
213,1.0,joint_recipe_proxy,False,0.005,mlp_base:C5:E2,12,state_UT,False,False,0.008077492877492931,0.8704119658119658,0.0,0.0
213,1.0,joint_recipe_proxy,False,0.01,mlp_base:C5:E2,12,state_CO,False,False,0.01530017928180516,0.8311380993198176,0.0,0.0
213,1.0,joint_recipe_proxy,False,0.01,mlp_base:C5:E2,12,state_UT,False,False,0.008077492877492931,0.8704119658119658,0.0,0.0
213,1.0,joint_recipe_proxy,False,0.02,mlp_stronger:C5:E8,12,state_CO,False,False,0.0013051045601211175,0.8451331740415017,0.0,0.0
213,1.0,joint_recipe_proxy,False,0.02,mlp_stronger:C5:E8,12,state_UT,False,False,0.0029584045584045704,0.8755310541310541,0.0,0.0
213,1.0,joint_recipe_proxy,True,0.0,mlp_base:C5:E2,12,state_CO,False,False,0.01530017928180516,0.8311380993198176,0.0,0.0
213,1.0,joint_recipe_proxy,True,0.0,mlp_base:C5:E2,12,state_UT,False,False,0.008077492877492931,0.8704119658119658,0.0,0.0
213,1.0,joint_recipe_proxy,True,0.005,mlp_stronger:C5:E2,12,state_CO,False,False,0.012397970023412364,0.8340403085782104,0.0,0.0
213,1.0,joint_recipe_proxy,True,0.005,mlp_stronger:C5:E2,12,state_UT,False,False,0.016387464387464523,0.8621019943019942,0.0,0.0
213,1.0,joint_recipe_proxy,True,0.01,mlp_stronger:C5:E8,12,state_CO,False,False,0.0013051045601211175,0.8451331740415017,0.0,0.0
213,1.0,joint_recipe_proxy,True,0.01,mlp_stronger:C5:E8,12,state_UT,False,False,0.0029584045584045704,0.8755310541310541,0.0,0.0
213,1.0,joint_recipe_proxy,True,0.02,mlp_stronger:C5:E8,12,state_CO,False,False,0.0013051045601211175,0.8451331740415017,0.0,0.0
213,1.0,joint_recipe_proxy,True,0.02,mlp_stronger:C5:E8,12,state_UT,False,False,0.0029584045584045704,0.8755310541310541,0.0,0.0
213,1.0,logistic_shift,False,0.0,logistic:C5:E8,4,state_CO,False,False,0.003051872411638401,0.8433864061899844,0.0,0.0
213,1.0,logistic_shift,False,0.0,logistic:C5:E8,4,state_UT,False,False,0.0021037037037037187,0.876385754985755,0.0,0.0
213,1.0,logistic_shift,False,0.005,logistic:C5:E8,4,state_CO,False,False,0.003051872411638401,0.8433864061899844,0.0,0.0
213,1.0,logistic_shift,False,0.005,logistic:C5:E8,4,state_UT,False,False,0.0021037037037037187,0.876385754985755,0.0,0.0
213,1.0,logistic_shift,False,0.01,logistic:C5:E8,4,state_CO,False,False,0.003051872411638401,0.8433864061899844,0.0,0.0
213,1.0,logistic_shift,False,0.01,logistic:C5:E8,4,state_UT,False,False,0.0021037037037037187,0.876385754985755,0.0,0.0
213,1.0,logistic_shift,False,0.02,,4,state_CO,True,,,,,
213,1.0,logistic_shift,False,0.02,,4,state_UT,True,,,,,
213,1.0,logistic_shift,True,0.0,logistic:C5:E8,4,state_CO,False,False,0.003051872411638401,0.8433864061899844,0.0,0.0
213,1.0,logistic_shift,True,0.0,logistic:C5:E8,4,state_UT,False,False,0.0021037037037037187,0.876385754985755,0.0,0.0
213,1.0,logistic_shift,True,0.005,logistic:C5:E8,4,state_CO,False,False,0.003051872411638401,0.8433864061899844,0.0,0.0
213,1.0,logistic_shift,True,0.005,logistic:C5:E8,4,state_UT,False,False,0.0021037037037037187,0.876385754985755,0.0,0.0
213,1.0,logistic_shift,True,0.01,logistic:C5:E8,4,state_CO,False,False,0.003051872411638401,0.8433864061899844,0.0,0.0
213,1.0,logistic_shift,True,0.01,logistic:C5:E8,4,state_UT,False,False,0.0021037037037037187,0.876385754985755,0.0,0.0
213,1.0,logistic_shift,True,0.02,,4,state_CO,True,,,,,
213,1.0,logistic_shift,True,0.02,,4,state_UT,True,,,,,
214,1.0,epsilon_source,False,0.0,mlp_base:C1:E2,2,state_CO,False,False,0.02584567531049875,0.8047178430923129,0.0,0.0
214,1.0,epsilon_source,False,0.0,mlp_base:C1:E2,2,state_UT,False,False,0.021250556297285006,0.8585571139526242,0.0,0.0
214,1.0,epsilon_source,False,0.005,,2,state_CO,True,,,,,
214,1.0,epsilon_source,False,0.005,,2,state_UT,True,,,,,
214,1.0,epsilon_source,False,0.01,,2,state_CO,True,,,,,
214,1.0,epsilon_source,False,0.01,,2,state_UT,True,,,,,
214,1.0,epsilon_source,False,0.02,,2,state_CO,True,,,,,
214,1.0,epsilon_source,False,0.02,,2,state_UT,True,,,,,
214,1.0,epsilon_source,True,0.0,,2,state_CO,True,,,,,
214,1.0,epsilon_source,True,0.0,,2,state_UT,True,,,,,
214,1.0,epsilon_source,True,0.005,,2,state_CO,True,,,,,
214,1.0,epsilon_source,True,0.005,,2,state_UT,True,,,,,
214,1.0,epsilon_source,True,0.01,,2,state_CO,True,,,,,
214,1.0,epsilon_source,True,0.01,,2,state_UT,True,,,,,
214,1.0,epsilon_source,True,0.02,,2,state_CO,True,,,,,
214,1.0,epsilon_source,True,0.02,,2,state_UT,True,,,,,
214,1.0,epsilon_shift,False,0.0,,2,state_CO,True,,,,,
214,1.0,epsilon_shift,False,0.0,,2,state_UT,True,,,,,
214,1.0,epsilon_shift,False,0.005,,2,state_CO,True,,,,,
214,1.0,epsilon_shift,False,0.005,,2,state_UT,True,,,,,
214,1.0,epsilon_shift,False,0.01,,2,state_CO,True,,,,,
214,1.0,epsilon_shift,False,0.01,,2,state_UT,True,,,,,
214,1.0,epsilon_shift,False,0.02,,2,state_CO,True,,,,,
214,1.0,epsilon_shift,False,0.02,,2,state_UT,True,,,,,
214,1.0,epsilon_shift,True,0.0,,2,state_CO,True,,,,,
214,1.0,epsilon_shift,True,0.0,,2,state_UT,True,,,,,
214,1.0,epsilon_shift,True,0.005,,2,state_CO,True,,,,,
214,1.0,epsilon_shift,True,0.005,,2,state_UT,True,,,,,
214,1.0,epsilon_shift,True,0.01,,2,state_CO,True,,,,,
214,1.0,epsilon_shift,True,0.01,,2,state_UT,True,,,,,
214,1.0,epsilon_shift,True,0.02,,2,state_CO,True,,,,,
214,1.0,epsilon_shift,True,0.02,,2,state_UT,True,,,,,
214,1.0,joint_clip_source,False,0.0,mlp_base:C5:E2,4,state_CO,False,False,0.01675808678160373,0.8138054316212079,0.0,0.0
214,1.0,joint_clip_source,False,0.0,mlp_base:C5:E2,4,state_UT,False,False,0.008539450080060629,0.8712682201698486,0.0,0.0
214,1.0,joint_clip_source,False,0.005,mlp_base:C5:E2,4,state_CO,False,False,0.01675808678160373,0.8138054316212079,0.0,0.0
214,1.0,joint_clip_source,False,0.005,mlp_base:C5:E2,4,state_UT,False,False,0.008539450080060629,0.8712682201698486,0.0,0.0
214,1.0,joint_clip_source,False,0.01,mlp_base:C5:E2,4,state_CO,False,False,0.01675808678160373,0.8138054316212079,0.0,0.0
214,1.0,joint_clip_source,False,0.01,mlp_base:C5:E2,4,state_UT,False,False,0.008539450080060629,0.8712682201698486,0.0,0.0
214,1.0,joint_clip_source,False,0.02,mlp_base:C5:E8,4,state_CO,False,False,0.002513922336335961,0.8280495960664757,0.0,0.0
214,1.0,joint_clip_source,False,0.02,mlp_base:C5:E8,4,state_UT,False,False,-0.00028331016383831287,0.8800909804137476,0.0,0.0
214,1.0,joint_clip_source,True,0.0,mlp_base:C5:E2,4,state_CO,False,False,0.01675808678160373,0.8138054316212079,0.0,0.0
214,1.0,joint_clip_source,True,0.0,mlp_base:C5:E2,4,state_UT,False,False,0.008539450080060629,0.8712682201698486,0.0,0.0
214,1.0,joint_clip_source,True,0.005,mlp_base:C5:E2,4,state_CO,False,False,0.01675808678160373,0.8138054316212079,0.0,0.0
214,1.0,joint_clip_source,True,0.005,mlp_base:C5:E2,4,state_UT,False,False,0.008539450080060629,0.8712682201698486,0.0,0.0
214,1.0,joint_clip_source,True,0.01,mlp_base:C5:E8,4,state_CO,False,False,0.002513922336335961,0.8280495960664757,0.0,0.0
214,1.0,joint_clip_source,True,0.01,mlp_base:C5:E8,4,state_UT,False,False,-0.00028331016383831287,0.8800909804137476,0.0,0.0
214,1.0,joint_clip_source,True,0.02,mlp_base:C5:E8,4,state_CO,False,False,0.002513922336335961,0.8280495960664757,0.0,0.0
214,1.0,joint_clip_source,True,0.02,mlp_base:C5:E8,4,state_UT,False,False,-0.00028331016383831287,0.8800909804137476,0.0,0.0
214,1.0,joint_clip_shift,False,0.0,mlp_base:C5:E2,4,state_CO,False,False,0.01675808678160373,0.8138054316212079,0.0,0.0
214,1.0,joint_clip_shift,False,0.0,mlp_base:C5:E2,4,state_UT,False,False,0.008539450080060629,0.8712682201698486,0.0,0.0
214,1.0,joint_clip_shift,False,0.005,mlp_base:C5:E2,4,state_CO,False,False,0.01675808678160373,0.8138054316212079,0.0,0.0
214,1.0,joint_clip_shift,False,0.005,mlp_base:C5:E2,4,state_UT,False,False,0.008539450080060629,0.8712682201698486,0.0,0.0
214,1.0,joint_clip_shift,False,0.01,mlp_base:C5:E2,4,state_CO,False,False,0.01675808678160373,0.8138054316212079,0.0,0.0
214,1.0,joint_clip_shift,False,0.01,mlp_base:C5:E2,4,state_UT,False,False,0.008539450080060629,0.8712682201698486,0.0,0.0
214,1.0,joint_clip_shift,False,0.02,mlp_base:C5:E8,4,state_CO,False,False,0.002513922336335961,0.8280495960664757,0.0,0.0
214,1.0,joint_clip_shift,False,0.02,mlp_base:C5:E8,4,state_UT,False,False,-0.00028331016383831287,0.8800909804137476,0.0,0.0
214,1.0,joint_clip_shift,True,0.0,mlp_base:C5:E2,4,state_CO,False,False,0.01675808678160373,0.8138054316212079,0.0,0.0
214,1.0,joint_clip_shift,True,0.0,mlp_base:C5:E2,4,state_UT,False,False,0.008539450080060629,0.8712682201698486,0.0,0.0
214,1.0,joint_clip_shift,True,0.005,mlp_base:C5:E8,4,state_CO,False,False,0.002513922336335961,0.8280495960664757,0.0,0.0
214,1.0,joint_clip_shift,True,0.005,mlp_base:C5:E8,4,state_UT,False,False,-0.00028331016383831287,0.8800909804137476,0.0,0.0
214,1.0,joint_clip_shift,True,0.01,mlp_base:C5:E8,4,state_CO,False,False,0.002513922336335961,0.8280495960664757,0.0,0.0
214,1.0,joint_clip_shift,True,0.01,mlp_base:C5:E8,4,state_UT,False,False,-0.00028331016383831287,0.8800909804137476,0.0,0.0
214,1.0,joint_clip_shift,True,0.02,mlp_base:C5:E8,4,state_CO,False,False,0.002513922336335961,0.8280495960664757,0.0,0.0
214,1.0,joint_clip_shift,True,0.02,mlp_base:C5:E8,4,state_UT,False,False,-0.00028331016383831287,0.8800909804137476,0.0,0.0
214,1.0,joint_recipe_source,False,0.0,mlp_base:C5:E2,12,state_CO,False,False,0.01675808678160373,0.8138054316212079,0.0,0.0
214,1.0,joint_recipe_source,False,0.0,mlp_base:C5:E2,12,state_UT,False,False,0.008539450080060629,0.8712682201698486,0.0,0.0
214,1.0,joint_recipe_source,False,0.005,mlp_base:C5:E2,12,state_CO,False,False,0.01675808678160373,0.8138054316212079,0.0,0.0
214,1.0,joint_recipe_source,False,0.005,mlp_base:C5:E2,12,state_UT,False,False,0.008539450080060629,0.8712682201698486,0.0,0.0
214,1.0,joint_recipe_source,False,0.01,mlp_base:C5:E2,12,state_CO,False,False,0.01675808678160373,0.8138054316212079,0.0,0.0
214,1.0,joint_recipe_source,False,0.01,mlp_base:C5:E2,12,state_UT,False,False,0.008539450080060629,0.8712682201698486,0.0,0.0
214,1.0,joint_recipe_source,False,0.02,mlp_stronger:C5:E8,12,state_CO,False,False,0.0021392411554832513,0.8284242772473284,0.0,0.0
214,1.0,joint_recipe_source,False,0.02,mlp_stronger:C5:E8,12,state_UT,False,False,3.4410141356855384e-05,0.8797732601085524,0.0,0.0
214,1.0,joint_recipe_source,True,0.0,mlp_base:C5:E2,12,state_CO,False,False,0.01675808678160373,0.8138054316212079,0.0,0.0
214,1.0,joint_recipe_source,True,0.0,mlp_base:C5:E2,12,state_UT,False,False,0.008539450080060629,0.8712682201698486,0.0,0.0
214,1.0,joint_recipe_source,True,0.005,mlp_base:C5:E2,12,state_CO,False,False,0.01675808678160373,0.8138054316212079,0.0,0.0
214,1.0,joint_recipe_source,True,0.005,mlp_base:C5:E2,12,state_UT,False,False,0.008539450080060629,0.8712682201698486,0.0,0.0
214,1.0,joint_recipe_source,True,0.01,mlp_stronger:C5:E8,12,state_CO,False,False,0.0021392411554832513,0.8284242772473284,0.0,0.0
214,1.0,joint_recipe_source,True,0.01,mlp_stronger:C5:E8,12,state_UT,False,False,3.4410141356855384e-05,0.8797732601085524,0.0,0.0
214,1.0,joint_recipe_source,True,0.02,mlp_stronger:C5:E8,12,state_CO,False,False,0.0021392411554832513,0.8284242772473284,0.0,0.0
214,1.0,joint_recipe_source,True,0.02,mlp_stronger:C5:E8,12,state_UT,False,False,3.4410141356855384e-05,0.8797732601085524,0.0,0.0
214,1.0,joint_recipe_shift,False,0.0,mlp_base:C5:E2,12,state_CO,False,False,0.01675808678160373,0.8138054316212079,0.0,0.0
214,1.0,joint_recipe_shift,False,0.0,mlp_base:C5:E2,12,state_UT,False,False,0.008539450080060629,0.8712682201698486,0.0,0.0
214,1.0,joint_recipe_shift,False,0.005,mlp_base:C5:E2,12,state_CO,False,False,0.01675808678160373,0.8138054316212079,0.0,0.0
214,1.0,joint_recipe_shift,False,0.005,mlp_base:C5:E2,12,state_UT,False,False,0.008539450080060629,0.8712682201698486,0.0,0.0
214,1.0,joint_recipe_shift,False,0.01,mlp_base:C5:E2,12,state_CO,False,False,0.01675808678160373,0.8138054316212079,0.0,0.0
214,1.0,joint_recipe_shift,False,0.01,mlp_base:C5:E2,12,state_UT,False,False,0.008539450080060629,0.8712682201698486,0.0,0.0
214,1.0,joint_recipe_shift,False,0.02,mlp_stronger:C5:E8,12,state_CO,False,False,0.0021392411554832513,0.8284242772473284,0.0,0.0
214,1.0,joint_recipe_shift,False,0.02,mlp_stronger:C5:E8,12,state_UT,False,False,3.4410141356855384e-05,0.8797732601085524,0.0,0.0
214,1.0,joint_recipe_shift,True,0.0,mlp_base:C5:E2,12,state_CO,False,False,0.01675808678160373,0.8138054316212079,0.0,0.0
214,1.0,joint_recipe_shift,True,0.0,mlp_base:C5:E2,12,state_UT,False,False,0.008539450080060629,0.8712682201698486,0.0,0.0
214,1.0,joint_recipe_shift,True,0.005,mlp_stronger:C5:E8,12,state_CO,False,False,0.0021392411554832513,0.8284242772473284,0.0,0.0
214,1.0,joint_recipe_shift,True,0.005,mlp_stronger:C5:E8,12,state_UT,False,False,3.4410141356855384e-05,0.8797732601085524,0.0,0.0
214,1.0,joint_recipe_shift,True,0.01,mlp_stronger:C5:E8,12,state_CO,False,False,0.0021392411554832513,0.8284242772473284,0.0,0.0
214,1.0,joint_recipe_shift,True,0.01,mlp_stronger:C5:E8,12,state_UT,False,False,3.4410141356855384e-05,0.8797732601085524,0.0,0.0
214,1.0,joint_recipe_shift,True,0.02,mlp_stronger:C5:E8,12,state_CO,False,False,0.0021392411554832513,0.8284242772473284,0.0,0.0
214,1.0,joint_recipe_shift,True,0.02,mlp_stronger:C5:E8,12,state_UT,False,False,3.4410141356855384e-05,0.8797732601085524,0.0,0.0
214,1.0,joint_recipe_proxy,False,0.0,mlp_base:C5:E2,12,state_CO,False,False,0.01675808678160373,0.8138054316212079,0.0,0.0
214,1.0,joint_recipe_proxy,False,0.0,mlp_base:C5:E2,12,state_UT,False,False,0.008539450080060629,0.8712682201698486,0.0,0.0
214,1.0,joint_recipe_proxy,False,0.005,mlp_base:C5:E2,12,state_CO,False,False,0.01675808678160373,0.8138054316212079,0.0,0.0
214,1.0,joint_recipe_proxy,False,0.005,mlp_base:C5:E2,12,state_UT,False,False,0.008539450080060629,0.8712682201698486,0.0,0.0
214,1.0,joint_recipe_proxy,False,0.01,mlp_base:C5:E2,12,state_CO,False,False,0.01675808678160373,0.8138054316212079,0.0,0.0
214,1.0,joint_recipe_proxy,False,0.01,mlp_base:C5:E2,12,state_UT,False,False,0.008539450080060629,0.8712682201698486,0.0,0.0
214,1.0,joint_recipe_proxy,False,0.02,mlp_stronger:C5:E8,12,state_CO,False,False,0.0021392411554832513,0.8284242772473284,0.0,0.0
214,1.0,joint_recipe_proxy,False,0.02,mlp_stronger:C5:E8,12,state_UT,False,False,3.4410141356855384e-05,0.8797732601085524,0.0,0.0
214,1.0,joint_recipe_proxy,True,0.0,mlp_base:C5:E2,12,state_CO,False,False,0.01675808678160373,0.8138054316212079,0.0,0.0
214,1.0,joint_recipe_proxy,True,0.0,mlp_base:C5:E2,12,state_UT,False,False,0.008539450080060629,0.8712682201698486,0.0,0.0
214,1.0,joint_recipe_proxy,True,0.005,mlp_base:C5:E2,12,state_CO,False,False,0.01675808678160373,0.8138054316212079,0.0,0.0
214,1.0,joint_recipe_proxy,True,0.005,mlp_base:C5:E2,12,state_UT,False,False,0.008539450080060629,0.8712682201698486,0.0,0.0
214,1.0,joint_recipe_proxy,True,0.01,mlp_stronger:C5:E8,12,state_CO,False,False,0.0021392411554832513,0.8284242772473284,0.0,0.0
214,1.0,joint_recipe_proxy,True,0.01,mlp_stronger:C5:E8,12,state_UT,False,False,3.4410141356855384e-05,0.8797732601085524,0.0,0.0
214,1.0,joint_recipe_proxy,True,0.02,mlp_stronger:C5:E8,12,state_CO,False,False,0.0021392411554832513,0.8284242772473284,0.0,0.0
214,1.0,joint_recipe_proxy,True,0.02,mlp_stronger:C5:E8,12,state_UT,False,False,3.4410141356855384e-05,0.8797732601085524,0.0,0.0
214,1.0,logistic_shift,False,0.0,logistic:C1:E2,4,state_CO,False,False,0.015249942698897678,0.8153135757039139,0.0,0.0
214,1.0,logistic_shift,False,0.0,logistic:C1:E2,4,state_UT,False,False,0.013874742497442139,0.8659329277524671,0.0,0.0
214,1.0,logistic_shift,False,0.005,logistic:C1:E2,4,state_CO,False,False,0.015249942698897678,0.8153135757039139,0.0,0.0
214,1.0,logistic_shift,False,0.005,logistic:C1:E2,4,state_UT,False,False,0.013874742497442139,0.8659329277524671,0.0,0.0
214,1.0,logistic_shift,False,0.01,logistic:C5:E8,4,state_CO,False,False,0.003572030363828027,0.8269914880389836,0.0,0.0
214,1.0,logistic_shift,False,0.01,logistic:C5:E8,4,state_UT,False,False,0.004897710119793119,0.8749099601301161,0.0,0.0
214,1.0,logistic_shift,False,0.02,logistic:C5:E8,4,state_CO,False,False,0.003572030363828027,0.8269914880389836,0.0,0.0
214,1.0,logistic_shift,False,0.02,logistic:C5:E8,4,state_UT,False,False,0.004897710119793119,0.8749099601301161,0.0,0.0
214,1.0,logistic_shift,True,0.0,logistic:C5:E8,4,state_CO,False,False,0.003572030363828027,0.8269914880389836,0.0,0.0
214,1.0,logistic_shift,True,0.0,logistic:C5:E8,4,state_UT,False,False,0.004897710119793119,0.8749099601301161,0.0,0.0
214,1.0,logistic_shift,True,0.005,logistic:C5:E8,4,state_CO,False,False,0.003572030363828027,0.8269914880389836,0.0,0.0
214,1.0,logistic_shift,True,0.005,logistic:C5:E8,4,state_UT,False,False,0.004897710119793119,0.8749099601301161,0.0,0.0
214,1.0,logistic_shift,True,0.01,logistic:C5:E8,4,state_CO,False,False,0.003572030363828027,0.8269914880389836,0.0,0.0
214,1.0,logistic_shift,True,0.01,logistic:C5:E8,4,state_UT,False,False,0.004897710119793119,0.8749099601301161,0.0,0.0
214,1.0,logistic_shift,True,0.02,,4,state_CO,True,,,,,
214,1.0,logistic_shift,True,0.02,,4,state_UT,True,,,,,
215,1.0,epsilon_source,False,0.0,,2,state_CO,True,,,,,
215,1.0,epsilon_source,False,0.0,,2,state_UT,True,,,,,
215,1.0,epsilon_source,False,0.005,,2,state_CO,True,,,,,
215,1.0,epsilon_source,False,0.005,,2,state_UT,True,,,,,
215,1.0,epsilon_source,False,0.01,,2,state_CO,True,,,,,
215,1.0,epsilon_source,False,0.01,,2,state_UT,True,,,,,
215,1.0,epsilon_source,False,0.02,,2,state_CO,True,,,,,
215,1.0,epsilon_source,False,0.02,,2,state_UT,True,,,,,
215,1.0,epsilon_source,True,0.0,,2,state_CO,True,,,,,
215,1.0,epsilon_source,True,0.0,,2,state_UT,True,,,,,
215,1.0,epsilon_source,True,0.005,,2,state_CO,True,,,,,
215,1.0,epsilon_source,True,0.005,,2,state_UT,True,,,,,
215,1.0,epsilon_source,True,0.01,,2,state_CO,True,,,,,
215,1.0,epsilon_source,True,0.01,,2,state_UT,True,,,,,
215,1.0,epsilon_source,True,0.02,,2,state_CO,True,,,,,
215,1.0,epsilon_source,True,0.02,,2,state_UT,True,,,,,
215,1.0,epsilon_shift,False,0.0,,2,state_CO,True,,,,,
215,1.0,epsilon_shift,False,0.0,,2,state_UT,True,,,,,
215,1.0,epsilon_shift,False,0.005,,2,state_CO,True,,,,,
215,1.0,epsilon_shift,False,0.005,,2,state_UT,True,,,,,
215,1.0,epsilon_shift,False,0.01,,2,state_CO,True,,,,,
215,1.0,epsilon_shift,False,0.01,,2,state_UT,True,,,,,
215,1.0,epsilon_shift,False,0.02,,2,state_CO,True,,,,,
215,1.0,epsilon_shift,False,0.02,,2,state_UT,True,,,,,
215,1.0,epsilon_shift,True,0.0,,2,state_CO,True,,,,,
215,1.0,epsilon_shift,True,0.0,,2,state_UT,True,,,,,
215,1.0,epsilon_shift,True,0.005,,2,state_CO,True,,,,,
215,1.0,epsilon_shift,True,0.005,,2,state_UT,True,,,,,
215,1.0,epsilon_shift,True,0.01,,2,state_CO,True,,,,,
215,1.0,epsilon_shift,True,0.01,,2,state_UT,True,,,,,
215,1.0,epsilon_shift,True,0.02,,2,state_CO,True,,,,,
215,1.0,epsilon_shift,True,0.02,,2,state_UT,True,,,,,
215,1.0,joint_clip_source,False,0.0,mlp_base:C5:E2,4,state_CO,False,False,0.017155369799427223,0.8270484454898432,0.0,0.0
215,1.0,joint_clip_source,False,0.0,mlp_base:C5:E2,4,state_UT,False,False,0.011694509102716077,0.8511250920332372,0.0,0.0
215,1.0,joint_clip_source,False,0.005,mlp_base:C5:E2,4,state_CO,False,False,0.017155369799427223,0.8270484454898432,0.0,0.0
215,1.0,joint_clip_source,False,0.005,mlp_base:C5:E2,4,state_UT,False,False,0.011694509102716077,0.8511250920332372,0.0,0.0
215,1.0,joint_clip_source,False,0.01,mlp_base:C5:E2,4,state_CO,False,False,0.017155369799427223,0.8270484454898432,0.0,0.0
215,1.0,joint_clip_source,False,0.01,mlp_base:C5:E2,4,state_UT,False,False,0.011694509102716077,0.8511250920332372,0.0,0.0
215,1.0,joint_clip_source,False,0.02,mlp_base:C5:E8,4,state_CO,False,False,0.0035974631377169164,0.8406063521515535,0.0,0.0
215,1.0,joint_clip_source,False,0.02,mlp_base:C5:E8,4,state_UT,False,False,0.0014645289041529397,0.8613550722318003,0.0,0.0
215,1.0,joint_clip_source,True,0.0,mlp_base:C5:E2,4,state_CO,False,False,0.017155369799427223,0.8270484454898432,0.0,0.0
215,1.0,joint_clip_source,True,0.0,mlp_base:C5:E2,4,state_UT,False,False,0.011694509102716077,0.8511250920332372,0.0,0.0
215,1.0,joint_clip_source,True,0.005,mlp_base:C5:E2,4,state_CO,False,False,0.017155369799427223,0.8270484454898432,0.0,0.0
215,1.0,joint_clip_source,True,0.005,mlp_base:C5:E2,4,state_UT,False,False,0.011694509102716077,0.8511250920332372,0.0,0.0
215,1.0,joint_clip_source,True,0.01,mlp_base:C5:E8,4,state_CO,False,False,0.0035974631377169164,0.8406063521515535,0.0,0.0
215,1.0,joint_clip_source,True,0.01,mlp_base:C5:E8,4,state_UT,False,False,0.0014645289041529397,0.8613550722318003,0.0,0.0
215,1.0,joint_clip_source,True,0.02,mlp_base:C5:E8,4,state_CO,False,False,0.0035974631377169164,0.8406063521515535,0.0,0.0
215,1.0,joint_clip_source,True,0.02,mlp_base:C5:E8,4,state_UT,False,False,0.0014645289041529397,0.8613550722318003,0.0,0.0
215,1.0,joint_clip_shift,False,0.0,mlp_base:C5:E2,4,state_CO,False,False,0.017155369799427223,0.8270484454898432,0.0,0.0
215,1.0,joint_clip_shift,False,0.0,mlp_base:C5:E2,4,state_UT,False,False,0.011694509102716077,0.8511250920332372,0.0,0.0
215,1.0,joint_clip_shift,False,0.005,mlp_base:C5:E2,4,state_CO,False,False,0.017155369799427223,0.8270484454898432,0.0,0.0
215,1.0,joint_clip_shift,False,0.005,mlp_base:C5:E2,4,state_UT,False,False,0.011694509102716077,0.8511250920332372,0.0,0.0
215,1.0,joint_clip_shift,False,0.01,mlp_base:C5:E2,4,state_CO,False,False,0.017155369799427223,0.8270484454898432,0.0,0.0
215,1.0,joint_clip_shift,False,0.01,mlp_base:C5:E2,4,state_UT,False,False,0.011694509102716077,0.8511250920332372,0.0,0.0
215,1.0,joint_clip_shift,False,0.02,mlp_base:C5:E8,4,state_CO,False,False,0.0035974631377169164,0.8406063521515535,0.0,0.0
215,1.0,joint_clip_shift,False,0.02,mlp_base:C5:E8,4,state_UT,False,False,0.0014645289041529397,0.8613550722318003,0.0,0.0
215,1.0,joint_clip_shift,True,0.0,mlp_base:C5:E2,4,state_CO,False,False,0.017155369799427223,0.8270484454898432,0.0,0.0
215,1.0,joint_clip_shift,True,0.0,mlp_base:C5:E2,4,state_UT,False,False,0.011694509102716077,0.8511250920332372,0.0,0.0
215,1.0,joint_clip_shift,True,0.005,mlp_base:C5:E8,4,state_CO,False,False,0.0035974631377169164,0.8406063521515535,0.0,0.0
215,1.0,joint_clip_shift,True,0.005,mlp_base:C5:E8,4,state_UT,False,False,0.0014645289041529397,0.8613550722318003,0.0,0.0
215,1.0,joint_clip_shift,True,0.01,mlp_base:C5:E8,4,state_CO,False,False,0.0035974631377169164,0.8406063521515535,0.0,0.0
215,1.0,joint_clip_shift,True,0.01,mlp_base:C5:E8,4,state_UT,False,False,0.0014645289041529397,0.8613550722318003,0.0,0.0
215,1.0,joint_clip_shift,True,0.02,mlp_base:C5:E8,4,state_CO,False,False,0.0035974631377169164,0.8406063521515535,0.0,0.0
215,1.0,joint_clip_shift,True,0.02,mlp_base:C5:E8,4,state_UT,False,False,0.0014645289041529397,0.8613550722318003,0.0,0.0
215,1.0,joint_recipe_source,False,0.0,mlp_base:C5:E2,12,state_CO,False,False,0.017155369799427223,0.8270484454898432,0.0,0.0
215,1.0,joint_recipe_source,False,0.0,mlp_base:C5:E2,12,state_UT,False,False,0.011694509102716077,0.8511250920332372,0.0,0.0
215,1.0,joint_recipe_source,False,0.005,mlp_base:C5:E2,12,state_CO,False,False,0.017155369799427223,0.8270484454898432,0.0,0.0
215,1.0,joint_recipe_source,False,0.005,mlp_base:C5:E2,12,state_UT,False,False,0.011694509102716077,0.8511250920332372,0.0,0.0
215,1.0,joint_recipe_source,False,0.01,mlp_base:C5:E2,12,state_CO,False,False,0.017155369799427223,0.8270484454898432,0.0,0.0
215,1.0,joint_recipe_source,False,0.01,mlp_base:C5:E2,12,state_UT,False,False,0.011694509102716077,0.8511250920332372,0.0,0.0
215,1.0,joint_recipe_source,False,0.02,mlp_stronger:C5:E8,12,state_CO,False,False,0.003918163180094969,0.8402856521091755,0.0,0.0
215,1.0,joint_recipe_source,False,0.02,mlp_stronger:C5:E8,12,state_UT,False,False,0.0038608228800345312,0.8589587782559187,0.0,0.0
215,1.0,joint_recipe_source,True,0.0,mlp_base:C5:E2,12,state_CO,False,False,0.017155369799427223,0.8270484454898432,0.0,0.0
215,1.0,joint_recipe_source,True,0.0,mlp_base:C5:E2,12,state_UT,False,False,0.011694509102716077,0.8511250920332372,0.0,0.0
215,1.0,joint_recipe_source,True,0.005,mlp_base:C5:E2,12,state_CO,False,False,0.017155369799427223,0.8270484454898432,0.0,0.0
215,1.0,joint_recipe_source,True,0.005,mlp_base:C5:E2,12,state_UT,False,False,0.011694509102716077,0.8511250920332372,0.0,0.0
215,1.0,joint_recipe_source,True,0.01,mlp_stronger:C5:E8,12,state_CO,False,False,0.003918163180094969,0.8402856521091755,0.0,0.0
215,1.0,joint_recipe_source,True,0.01,mlp_stronger:C5:E8,12,state_UT,False,False,0.0038608228800345312,0.8589587782559187,0.0,0.0
215,1.0,joint_recipe_source,True,0.02,mlp_stronger:C5:E8,12,state_CO,False,False,0.003918163180094969,0.8402856521091755,0.0,0.0
215,1.0,joint_recipe_source,True,0.02,mlp_stronger:C5:E8,12,state_UT,False,False,0.0038608228800345312,0.8589587782559187,0.0,0.0
215,1.0,joint_recipe_shift,False,0.0,mlp_base:C5:E2,12,state_CO,False,False,0.017155369799427223,0.8270484454898432,0.0,0.0
215,1.0,joint_recipe_shift,False,0.0,mlp_base:C5:E2,12,state_UT,False,False,0.011694509102716077,0.8511250920332372,0.0,0.0
215,1.0,joint_recipe_shift,False,0.005,mlp_base:C5:E2,12,state_CO,False,False,0.017155369799427223,0.8270484454898432,0.0,0.0
215,1.0,joint_recipe_shift,False,0.005,mlp_base:C5:E2,12,state_UT,False,False,0.011694509102716077,0.8511250920332372,0.0,0.0
215,1.0,joint_recipe_shift,False,0.01,mlp_base:C5:E2,12,state_CO,False,False,0.017155369799427223,0.8270484454898432,0.0,0.0
215,1.0,joint_recipe_shift,False,0.01,mlp_base:C5:E2,12,state_UT,False,False,0.011694509102716077,0.8511250920332372,0.0,0.0
215,1.0,joint_recipe_shift,False,0.02,mlp_stronger:C5:E8,12,state_CO,False,False,0.003918163180094969,0.8402856521091755,0.0,0.0
215,1.0,joint_recipe_shift,False,0.02,mlp_stronger:C5:E8,12,state_UT,False,False,0.0038608228800345312,0.8589587782559187,0.0,0.0
215,1.0,joint_recipe_shift,True,0.0,mlp_base:C5:E2,12,state_CO,False,False,0.017155369799427223,0.8270484454898432,0.0,0.0
215,1.0,joint_recipe_shift,True,0.0,mlp_base:C5:E2,12,state_UT,False,False,0.011694509102716077,0.8511250920332372,0.0,0.0
215,1.0,joint_recipe_shift,True,0.005,mlp_stronger:C5:E8,12,state_CO,False,False,0.003918163180094969,0.8402856521091755,0.0,0.0
215,1.0,joint_recipe_shift,True,0.005,mlp_stronger:C5:E8,12,state_UT,False,False,0.0038608228800345312,0.8589587782559187,0.0,0.0
215,1.0,joint_recipe_shift,True,0.01,mlp_stronger:C5:E8,12,state_CO,False,False,0.003918163180094969,0.8402856521091755,0.0,0.0
215,1.0,joint_recipe_shift,True,0.01,mlp_stronger:C5:E8,12,state_UT,False,False,0.0038608228800345312,0.8589587782559187,0.0,0.0
215,1.0,joint_recipe_shift,True,0.02,mlp_stronger:C5:E8,12,state_CO,False,False,0.003918163180094969,0.8402856521091755,0.0,0.0
215,1.0,joint_recipe_shift,True,0.02,mlp_stronger:C5:E8,12,state_UT,False,False,0.0038608228800345312,0.8589587782559187,0.0,0.0
215,1.0,joint_recipe_proxy,False,0.0,mlp_base:C5:E2,12,state_CO,False,False,0.017155369799427223,0.8270484454898432,0.0,0.0
215,1.0,joint_recipe_proxy,False,0.0,mlp_base:C5:E2,12,state_UT,False,False,0.011694509102716077,0.8511250920332372,0.0,0.0
215,1.0,joint_recipe_proxy,False,0.005,mlp_base:C5:E2,12,state_CO,False,False,0.017155369799427223,0.8270484454898432,0.0,0.0
215,1.0,joint_recipe_proxy,False,0.005,mlp_base:C5:E2,12,state_UT,False,False,0.011694509102716077,0.8511250920332372,0.0,0.0
215,1.0,joint_recipe_proxy,False,0.01,mlp_base:C5:E2,12,state_CO,False,False,0.017155369799427223,0.8270484454898432,0.0,0.0
215,1.0,joint_recipe_proxy,False,0.01,mlp_base:C5:E2,12,state_UT,False,False,0.011694509102716077,0.8511250920332372,0.0,0.0
215,1.0,joint_recipe_proxy,False,0.02,mlp_stronger:C5:E8,12,state_CO,False,False,0.003918163180094969,0.8402856521091755,0.0,0.0
215,1.0,joint_recipe_proxy,False,0.02,mlp_stronger:C5:E8,12,state_UT,False,False,0.0038608228800345312,0.8589587782559187,0.0,0.0
215,1.0,joint_recipe_proxy,True,0.0,mlp_base:C5:E2,12,state_CO,False,False,0.017155369799427223,0.8270484454898432,0.0,0.0
215,1.0,joint_recipe_proxy,True,0.0,mlp_base:C5:E2,12,state_UT,False,False,0.011694509102716077,0.8511250920332372,0.0,0.0
215,1.0,joint_recipe_proxy,True,0.005,mlp_base:C5:E2,12,state_CO,False,False,0.017155369799427223,0.8270484454898432,0.0,0.0
215,1.0,joint_recipe_proxy,True,0.005,mlp_base:C5:E2,12,state_UT,False,False,0.011694509102716077,0.8511250920332372,0.0,0.0
215,1.0,joint_recipe_proxy,True,0.01,mlp_stronger:C5:E8,12,state_CO,False,False,0.003918163180094969,0.8402856521091755,0.0,0.0
215,1.0,joint_recipe_proxy,True,0.01,mlp_stronger:C5:E8,12,state_UT,False,False,0.0038608228800345312,0.8589587782559187,0.0,0.0
215,1.0,joint_recipe_proxy,True,0.02,mlp_stronger:C5:E8,12,state_CO,False,False,0.003918163180094969,0.8402856521091755,0.0,0.0
215,1.0,joint_recipe_proxy,True,0.02,mlp_stronger:C5:E8,12,state_UT,False,False,0.0038608228800345312,0.8589587782559187,0.0,0.0
215,1.0,logistic_shift,False,0.0,logistic:C1:E2,4,state_CO,False,False,0.022185570788807563,0.8220182445004629,0.0,0.0
215,1.0,logistic_shift,False,0.0,logistic:C1:E2,4,state_UT,False,False,0.011242917442184863,0.8515766836937684,0.0,0.0
215,1.0,logistic_shift,False,0.005,logistic:C5:E8,4,state_CO,False,False,0.007927954943726667,0.8362758603455438,0.0,0.0
215,1.0,logistic_shift,False,0.005,logistic:C5:E8,4,state_UT,False,False,0.0009809256828753332,0.8618386754530779,0.0,0.0
215,1.0,logistic_shift,False,0.01,logistic:C5:E8,4,state_CO,False,False,0.007927954943726667,0.8362758603455438,0.0,0.0
215,1.0,logistic_shift,False,0.01,logistic:C5:E8,4,state_UT,False,False,0.0009809256828753332,0.8618386754530779,0.0,0.0
215,1.0,logistic_shift,False,0.02,logistic:C5:E8,4,state_CO,False,False,0.007927954943726667,0.8362758603455438,0.0,0.0
215,1.0,logistic_shift,False,0.02,logistic:C5:E8,4,state_UT,False,False,0.0009809256828753332,0.8618386754530779,0.0,0.0
215,1.0,logistic_shift,True,0.0,logistic:C5:E8,4,state_CO,False,False,0.007927954943726667,0.8362758603455438,0.0,0.0
215,1.0,logistic_shift,True,0.0,logistic:C5:E8,4,state_UT,False,False,0.0009809256828753332,0.8618386754530779,0.0,0.0
215,1.0,logistic_shift,True,0.005,logistic:C5:E8,4,state_CO,False,False,0.007927954943726667,0.8362758603455438,0.0,0.0
215,1.0,logistic_shift,True,0.005,logistic:C5:E8,4,state_UT,False,False,0.0009809256828753332,0.8618386754530779,0.0,0.0
215,1.0,logistic_shift,True,0.01,logistic:C5:E8,4,state_CO,False,False,0.007927954943726667,0.8362758603455438,0.0,0.0
215,1.0,logistic_shift,True,0.01,logistic:C5:E8,4,state_UT,False,False,0.0009809256828753332,0.8618386754530779,0.0,0.0
215,1.0,logistic_shift,True,0.02,,4,state_CO,True,,,,,
215,1.0,logistic_shift,True,0.02,,4,state_UT,True,,,,,
216,1.0,epsilon_source,False,0.0,mlp_base:C1:E2,2,state_CO,False,False,0.029747842588414564,0.803836811001262,0.0,0.0
216,1.0,epsilon_source,False,0.0,mlp_base:C1:E2,2,state_UT,False,False,0.016160460584752845,0.8678440550432264,0.0,0.0
216,1.0,epsilon_source,False,0.005,,2,state_CO,True,,,,,
216,1.0,epsilon_source,False,0.005,,2,state_UT,True,,,,,
216,1.0,epsilon_source,False,0.01,,2,state_CO,True,,,,,
216,1.0,epsilon_source,False,0.01,,2,state_UT,True,,,,,
216,1.0,epsilon_source,False,0.02,,2,state_CO,True,,,,,
216,1.0,epsilon_source,False,0.02,,2,state_UT,True,,,,,
216,1.0,epsilon_source,True,0.0,,2,state_CO,True,,,,,
216,1.0,epsilon_source,True,0.0,,2,state_UT,True,,,,,
216,1.0,epsilon_source,True,0.005,,2,state_CO,True,,,,,
216,1.0,epsilon_source,True,0.005,,2,state_UT,True,,,,,
216,1.0,epsilon_source,True,0.01,,2,state_CO,True,,,,,
216,1.0,epsilon_source,True,0.01,,2,state_UT,True,,,,,
216,1.0,epsilon_source,True,0.02,,2,state_CO,True,,,,,
216,1.0,epsilon_source,True,0.02,,2,state_UT,True,,,,,
216,1.0,epsilon_shift,False,0.0,,2,state_CO,True,,,,,
216,1.0,epsilon_shift,False,0.0,,2,state_UT,True,,,,,
216,1.0,epsilon_shift,False,0.005,,2,state_CO,True,,,,,
216,1.0,epsilon_shift,False,0.005,,2,state_UT,True,,,,,
216,1.0,epsilon_shift,False,0.01,,2,state_CO,True,,,,,
216,1.0,epsilon_shift,False,0.01,,2,state_UT,True,,,,,
216,1.0,epsilon_shift,False,0.02,,2,state_CO,True,,,,,
216,1.0,epsilon_shift,False,0.02,,2,state_UT,True,,,,,
216,1.0,epsilon_shift,True,0.0,,2,state_CO,True,,,,,
216,1.0,epsilon_shift,True,0.0,,2,state_UT,True,,,,,
216,1.0,epsilon_shift,True,0.005,,2,state_CO,True,,,,,
216,1.0,epsilon_shift,True,0.005,,2,state_UT,True,,,,,
216,1.0,epsilon_shift,True,0.01,,2,state_CO,True,,,,,
216,1.0,epsilon_shift,True,0.01,,2,state_UT,True,,,,,
216,1.0,epsilon_shift,True,0.02,,2,state_CO,True,,,,,
216,1.0,epsilon_shift,True,0.02,,2,state_UT,True,,,,,
216,1.0,joint_clip_source,False,0.0,mlp_base:C5:E2,4,state_CO,False,False,0.02563883455485061,0.807945819034826,0.0,0.0
216,1.0,joint_clip_source,False,0.0,mlp_base:C5:E2,4,state_UT,False,False,0.02040636001320728,0.8635981556147719,0.0,0.0
216,1.0,joint_clip_source,False,0.005,mlp_base:C5:E2,4,state_CO,False,False,0.02563883455485061,0.807945819034826,0.0,0.0
216,1.0,joint_clip_source,False,0.005,mlp_base:C5:E2,4,state_UT,False,False,0.02040636001320728,0.8635981556147719,0.0,0.0
216,1.0,joint_clip_source,False,0.01,mlp_base:C5:E2,4,state_CO,False,False,0.02563883455485061,0.807945819034826,0.0,0.0
216,1.0,joint_clip_source,False,0.01,mlp_base:C5:E2,4,state_UT,False,False,0.02040636001320728,0.8635981556147719,0.0,0.0
216,1.0,joint_clip_source,False,0.02,mlp_base:C5:E8,4,state_CO,False,False,0.004726974496638836,0.8288576790930378,0.0,0.0
216,1.0,joint_clip_source,False,0.02,mlp_base:C5:E8,4,state_UT,False,False,0.004109872530007386,0.8798946430979718,0.0,0.0
216,1.0,joint_clip_source,True,0.0,mlp_base:C5:E2,4,state_CO,False,False,0.02563883455485061,0.807945819034826,0.0,0.0
216,1.0,joint_clip_source,True,0.0,mlp_base:C5:E2,4,state_UT,False,False,0.02040636001320728,0.8635981556147719,0.0,0.0
216,1.0,joint_clip_source,True,0.005,mlp_base:C5:E8,4,state_CO,False,False,0.004726974496638836,0.8288576790930378,0.0,0.0
216,1.0,joint_clip_source,True,0.005,mlp_base:C5:E8,4,state_UT,False,False,0.004109872530007386,0.8798946430979718,0.0,0.0
216,1.0,joint_clip_source,True,0.01,mlp_base:C5:E8,4,state_CO,False,False,0.004726974496638836,0.8288576790930378,0.0,0.0
216,1.0,joint_clip_source,True,0.01,mlp_base:C5:E8,4,state_UT,False,False,0.004109872530007386,0.8798946430979718,0.0,0.0
216,1.0,joint_clip_source,True,0.02,mlp_base:C5:E8,4,state_CO,False,False,0.004726974496638836,0.8288576790930378,0.0,0.0
216,1.0,joint_clip_source,True,0.02,mlp_base:C5:E8,4,state_UT,False,False,0.004109872530007386,0.8798946430979718,0.0,0.0
216,1.0,joint_clip_shift,False,0.0,mlp_base:C5:E2,4,state_CO,False,False,0.02563883455485061,0.807945819034826,0.0,0.0
216,1.0,joint_clip_shift,False,0.0,mlp_base:C5:E2,4,state_UT,False,False,0.02040636001320728,0.8635981556147719,0.0,0.0
216,1.0,joint_clip_shift,False,0.005,mlp_base:C5:E2,4,state_CO,False,False,0.02563883455485061,0.807945819034826,0.0,0.0
216,1.0,joint_clip_shift,False,0.005,mlp_base:C5:E2,4,state_UT,False,False,0.02040636001320728,0.8635981556147719,0.0,0.0
216,1.0,joint_clip_shift,False,0.01,mlp_base:C5:E8,4,state_CO,False,False,0.004726974496638836,0.8288576790930378,0.0,0.0
216,1.0,joint_clip_shift,False,0.01,mlp_base:C5:E8,4,state_UT,False,False,0.004109872530007386,0.8798946430979718,0.0,0.0
216,1.0,joint_clip_shift,False,0.02,mlp_base:C5:E8,4,state_CO,False,False,0.004726974496638836,0.8288576790930378,0.0,0.0
216,1.0,joint_clip_shift,False,0.02,mlp_base:C5:E8,4,state_UT,False,False,0.004109872530007386,0.8798946430979718,0.0,0.0
216,1.0,joint_clip_shift,True,0.0,mlp_base:C5:E8,4,state_CO,False,False,0.004726974496638836,0.8288576790930378,0.0,0.0
216,1.0,joint_clip_shift,True,0.0,mlp_base:C5:E8,4,state_UT,False,False,0.004109872530007386,0.8798946430979718,0.0,0.0
216,1.0,joint_clip_shift,True,0.005,mlp_base:C5:E8,4,state_CO,False,False,0.004726974496638836,0.8288576790930378,0.0,0.0
216,1.0,joint_clip_shift,True,0.005,mlp_base:C5:E8,4,state_UT,False,False,0.004109872530007386,0.8798946430979718,0.0,0.0
216,1.0,joint_clip_shift,True,0.01,mlp_base:C5:E8,4,state_CO,False,False,0.004726974496638836,0.8288576790930378,0.0,0.0
216,1.0,joint_clip_shift,True,0.01,mlp_base:C5:E8,4,state_UT,False,False,0.004109872530007386,0.8798946430979718,0.0,0.0
216,1.0,joint_clip_shift,True,0.02,mlp_base:C5:E8,4,state_CO,False,False,0.004726974496638836,0.8288576790930378,0.0,0.0
216,1.0,joint_clip_shift,True,0.02,mlp_base:C5:E8,4,state_UT,False,False,0.004109872530007386,0.8798946430979718,0.0,0.0
216,1.0,joint_recipe_source,False,0.0,mlp_base:C5:E2,12,state_CO,False,False,0.02563883455485061,0.807945819034826,0.0,0.0
216,1.0,joint_recipe_source,False,0.0,mlp_base:C5:E2,12,state_UT,False,False,0.02040636001320728,0.8635981556147719,0.0,0.0
216,1.0,joint_recipe_source,False,0.005,mlp_base:C5:E2,12,state_CO,False,False,0.02563883455485061,0.807945819034826,0.0,0.0
216,1.0,joint_recipe_source,False,0.005,mlp_base:C5:E2,12,state_UT,False,False,0.02040636001320728,0.8635981556147719,0.0,0.0
216,1.0,joint_recipe_source,False,0.01,mlp_base:C5:E2,12,state_CO,False,False,0.02563883455485061,0.807945819034826,0.0,0.0
216,1.0,joint_recipe_source,False,0.01,mlp_base:C5:E2,12,state_UT,False,False,0.02040636001320728,0.8635981556147719,0.0,0.0
216,1.0,joint_recipe_source,False,0.02,mlp_stronger:C5:E8,12,state_CO,False,False,0.0010191757181905459,0.832565477871486,0.0,0.0
216,1.0,joint_recipe_source,False,0.02,mlp_stronger:C5:E8,12,state_UT,False,False,0.000587124647143944,0.8834173909808353,0.0,0.0
216,1.0,joint_recipe_source,True,0.0,mlp_base:C5:E2,12,state_CO,False,False,0.02563883455485061,0.807945819034826,0.0,0.0
216,1.0,joint_recipe_source,True,0.0,mlp_base:C5:E2,12,state_UT,False,False,0.02040636001320728,0.8635981556147719,0.0,0.0
216,1.0,joint_recipe_source,True,0.005,mlp_stronger:C5:E2,12,state_CO,False,False,0.012602139018485947,0.8209825145711906,0.0,0.0
216,1.0,joint_recipe_source,True,0.005,mlp_stronger:C5:E2,12,state_UT,False,False,0.009275406801809938,0.8747291088261693,0.0,0.0
216,1.0,joint_recipe_source,True,0.01,mlp_stronger:C5:E8,12,state_CO,False,False,0.0010191757181905459,0.832565477871486,0.0,0.0
216,1.0,joint_recipe_source,True,0.01,mlp_stronger:C5:E8,12,state_UT,False,False,0.000587124647143944,0.8834173909808353,0.0,0.0
216,1.0,joint_recipe_source,True,0.02,mlp_stronger:C5:E8,12,state_CO,False,False,0.0010191757181905459,0.832565477871486,0.0,0.0
216,1.0,joint_recipe_source,True,0.02,mlp_stronger:C5:E8,12,state_UT,False,False,0.000587124647143944,0.8834173909808353,0.0,0.0
216,1.0,joint_recipe_shift,False,0.0,mlp_base:C5:E2,12,state_CO,False,False,0.02563883455485061,0.807945819034826,0.0,0.0
216,1.0,joint_recipe_shift,False,0.0,mlp_base:C5:E2,12,state_UT,False,False,0.02040636001320728,0.8635981556147719,0.0,0.0
216,1.0,joint_recipe_shift,False,0.005,mlp_base:C5:E2,12,state_CO,False,False,0.02563883455485061,0.807945819034826,0.0,0.0
216,1.0,joint_recipe_shift,False,0.005,mlp_base:C5:E2,12,state_UT,False,False,0.02040636001320728,0.8635981556147719,0.0,0.0
216,1.0,joint_recipe_shift,False,0.01,mlp_stronger:C5:E2,12,state_CO,False,False,0.012602139018485947,0.8209825145711906,0.0,0.0
216,1.0,joint_recipe_shift,False,0.01,mlp_stronger:C5:E2,12,state_UT,False,False,0.009275406801809938,0.8747291088261693,0.0,0.0
216,1.0,joint_recipe_shift,False,0.02,mlp_stronger:C5:E8,12,state_CO,False,False,0.0010191757181905459,0.832565477871486,0.0,0.0
216,1.0,joint_recipe_shift,False,0.02,mlp_stronger:C5:E8,12,state_UT,False,False,0.000587124647143944,0.8834173909808353,0.0,0.0
216,1.0,joint_recipe_shift,True,0.0,mlp_stronger:C5:E2,12,state_CO,False,False,0.012602139018485947,0.8209825145711906,0.0,0.0
216,1.0,joint_recipe_shift,True,0.0,mlp_stronger:C5:E2,12,state_UT,False,False,0.009275406801809938,0.8747291088261693,0.0,0.0
216,1.0,joint_recipe_shift,True,0.005,mlp_stronger:C5:E8,12,state_CO,False,False,0.0010191757181905459,0.832565477871486,0.0,0.0
216,1.0,joint_recipe_shift,True,0.005,mlp_stronger:C5:E8,12,state_UT,False,False,0.000587124647143944,0.8834173909808353,0.0,0.0
216,1.0,joint_recipe_shift,True,0.01,mlp_stronger:C5:E8,12,state_CO,False,False,0.0010191757181905459,0.832565477871486,0.0,0.0
216,1.0,joint_recipe_shift,True,0.01,mlp_stronger:C5:E8,12,state_UT,False,False,0.000587124647143944,0.8834173909808353,0.0,0.0
216,1.0,joint_recipe_shift,True,0.02,mlp_stronger:C5:E8,12,state_CO,False,False,0.0010191757181905459,0.832565477871486,0.0,0.0
216,1.0,joint_recipe_shift,True,0.02,mlp_stronger:C5:E8,12,state_UT,False,False,0.000587124647143944,0.8834173909808353,0.0,0.0
216,1.0,joint_recipe_proxy,False,0.0,mlp_base:C5:E2,12,state_CO,False,False,0.02563883455485061,0.807945819034826,0.0,0.0
216,1.0,joint_recipe_proxy,False,0.0,mlp_base:C5:E2,12,state_UT,False,False,0.02040636001320728,0.8635981556147719,0.0,0.0
216,1.0,joint_recipe_proxy,False,0.005,mlp_base:C5:E2,12,state_CO,False,False,0.02563883455485061,0.807945819034826,0.0,0.0
216,1.0,joint_recipe_proxy,False,0.005,mlp_base:C5:E2,12,state_UT,False,False,0.02040636001320728,0.8635981556147719,0.0,0.0
216,1.0,joint_recipe_proxy,False,0.01,mlp_base:C5:E2,12,state_CO,False,False,0.02563883455485061,0.807945819034826,0.0,0.0
216,1.0,joint_recipe_proxy,False,0.01,mlp_base:C5:E2,12,state_UT,False,False,0.02040636001320728,0.8635981556147719,0.0,0.0
216,1.0,joint_recipe_proxy,False,0.02,mlp_stronger:C5:E8,12,state_CO,False,False,0.0010191757181905459,0.832565477871486,0.0,0.0
216,1.0,joint_recipe_proxy,False,0.02,mlp_stronger:C5:E8,12,state_UT,False,False,0.000587124647143944,0.8834173909808353,0.0,0.0
216,1.0,joint_recipe_proxy,True,0.0,mlp_base:C5:E2,12,state_CO,False,False,0.02563883455485061,0.807945819034826,0.0,0.0
216,1.0,joint_recipe_proxy,True,0.0,mlp_base:C5:E2,12,state_UT,False,False,0.02040636001320728,0.8635981556147719,0.0,0.0
216,1.0,joint_recipe_proxy,True,0.005,mlp_stronger:C5:E2,12,state_CO,False,False,0.012602139018485947,0.8209825145711906,0.0,0.0
216,1.0,joint_recipe_proxy,True,0.005,mlp_stronger:C5:E2,12,state_UT,False,False,0.009275406801809938,0.8747291088261693,0.0,0.0
216,1.0,joint_recipe_proxy,True,0.01,mlp_stronger:C5:E8,12,state_CO,False,False,0.0010191757181905459,0.832565477871486,0.0,0.0
216,1.0,joint_recipe_proxy,True,0.01,mlp_stronger:C5:E8,12,state_UT,False,False,0.000587124647143944,0.8834173909808353,0.0,0.0
216,1.0,joint_recipe_proxy,True,0.02,mlp_stronger:C5:E8,12,state_CO,False,False,0.0010191757181905459,0.832565477871486,0.0,0.0
216,1.0,joint_recipe_proxy,True,0.02,mlp_stronger:C5:E8,12,state_UT,False,False,0.000587124647143944,0.8834173909808353,0.0,0.0
216,1.0,logistic_shift,False,0.0,logistic:C1:E2,4,state_CO,False,False,0.017582344291730334,0.8160023092979463,0.0,0.0
216,1.0,logistic_shift,False,0.0,logistic:C1:E2,4,state_UT,False,False,0.009389343862047816,0.8746151717659314,0.0,0.0
216,1.0,logistic_shift,False,0.005,logistic:C5:E8,4,state_CO,False,False,0.004314302119948099,0.8292703514697285,0.0,0.0
216,1.0,logistic_shift,False,0.005,logistic:C5:E8,4,state_UT,False,False,0.003708767573047722,0.8802957480549315,0.0,0.0
216,1.0,logistic_shift,False,0.01,logistic:C5:E8,4,state_CO,False,False,0.004314302119948099,0.8292703514697285,0.0,0.0
216,1.0,logistic_shift,False,0.01,logistic:C5:E8,4,state_UT,False,False,0.003708767573047722,0.8802957480549315,0.0,0.0
216,1.0,logistic_shift,False,0.02,logistic:C5:E8,4,state_CO,False,False,0.004314302119948099,0.8292703514697285,0.0,0.0
216,1.0,logistic_shift,False,0.02,logistic:C5:E8,4,state_UT,False,False,0.003708767573047722,0.8802957480549315,0.0,0.0
216,1.0,logistic_shift,True,0.0,logistic:C5:E8,4,state_CO,False,False,0.004314302119948099,0.8292703514697285,0.0,0.0
216,1.0,logistic_shift,True,0.0,logistic:C5:E8,4,state_UT,False,False,0.003708767573047722,0.8802957480549315,0.0,0.0
216,1.0,logistic_shift,True,0.005,logistic:C5:E8,4,state_CO,False,False,0.004314302119948099,0.8292703514697285,0.0,0.0
216,1.0,logistic_shift,True,0.005,logistic:C5:E8,4,state_UT,False,False,0.003708767573047722,0.8802957480549315,0.0,0.0
216,1.0,logistic_shift,True,0.01,logistic:C5:E8,4,state_CO,False,False,0.004314302119948099,0.8292703514697285,0.0,0.0
216,1.0,logistic_shift,True,0.01,logistic:C5:E8,4,state_UT,False,False,0.003708767573047722,0.8802957480549315,0.0,0.0
216,1.0,logistic_shift,True,0.02,,4,state_CO,True,,,,,
216,1.0,logistic_shift,True,0.02,,4,state_UT,True,,,,,
217,1.0,epsilon_source,False,0.0,,2,state_CO,True,,,,,
217,1.0,epsilon_source,False,0.0,,2,state_UT,True,,,,,
217,1.0,epsilon_source,False,0.005,,2,state_CO,True,,,,,
217,1.0,epsilon_source,False,0.005,,2,state_UT,True,,,,,
217,1.0,epsilon_source,False,0.01,,2,state_CO,True,,,,,
217,1.0,epsilon_source,False,0.01,,2,state_UT,True,,,,,
217,1.0,epsilon_source,False,0.02,,2,state_CO,True,,,,,
217,1.0,epsilon_source,False,0.02,,2,state_UT,True,,,,,
217,1.0,epsilon_source,True,0.0,,2,state_CO,True,,,,,
217,1.0,epsilon_source,True,0.0,,2,state_UT,True,,,,,
217,1.0,epsilon_source,True,0.005,,2,state_CO,True,,,,,
217,1.0,epsilon_source,True,0.005,,2,state_UT,True,,,,,
217,1.0,epsilon_source,True,0.01,,2,state_CO,True,,,,,
217,1.0,epsilon_source,True,0.01,,2,state_UT,True,,,,,
217,1.0,epsilon_source,True,0.02,,2,state_CO,True,,,,,
217,1.0,epsilon_source,True,0.02,,2,state_UT,True,,,,,
217,1.0,epsilon_shift,False,0.0,,2,state_CO,True,,,,,
217,1.0,epsilon_shift,False,0.0,,2,state_UT,True,,,,,
217,1.0,epsilon_shift,False,0.005,,2,state_CO,True,,,,,
217,1.0,epsilon_shift,False,0.005,,2,state_UT,True,,,,,
217,1.0,epsilon_shift,False,0.01,,2,state_CO,True,,,,,
217,1.0,epsilon_shift,False,0.01,,2,state_UT,True,,,,,
217,1.0,epsilon_shift,False,0.02,,2,state_CO,True,,,,,
217,1.0,epsilon_shift,False,0.02,,2,state_UT,True,,,,,
217,1.0,epsilon_shift,True,0.0,,2,state_CO,True,,,,,
217,1.0,epsilon_shift,True,0.0,,2,state_UT,True,,,,,
217,1.0,epsilon_shift,True,0.005,,2,state_CO,True,,,,,
217,1.0,epsilon_shift,True,0.005,,2,state_UT,True,,,,,
217,1.0,epsilon_shift,True,0.01,,2,state_CO,True,,,,,
217,1.0,epsilon_shift,True,0.01,,2,state_UT,True,,,,,
217,1.0,epsilon_shift,True,0.02,,2,state_CO,True,,,,,
217,1.0,epsilon_shift,True,0.02,,2,state_UT,True,,,,,
217,1.0,joint_clip_source,False,0.0,mlp_base:C5:E2,4,state_CO,False,False,0.013017891554256034,0.8134873994949832,0.0,0.0
217,1.0,joint_clip_source,False,0.0,mlp_base:C5:E2,4,state_UT,False,False,0.010711510138110003,0.862596843829603,0.0,0.0
217,1.0,joint_clip_source,False,0.005,mlp_base:C5:E2,4,state_CO,False,False,0.013017891554256034,0.8134873994949832,0.0,0.0
217,1.0,joint_clip_source,False,0.005,mlp_base:C5:E2,4,state_UT,False,False,0.010711510138110003,0.862596843829603,0.0,0.0
217,1.0,joint_clip_source,False,0.01,mlp_base:C5:E2,4,state_CO,False,False,0.013017891554256034,0.8134873994949832,0.0,0.0
217,1.0,joint_clip_source,False,0.01,mlp_base:C5:E2,4,state_UT,False,False,0.010711510138110003,0.862596843829603,0.0,0.0
217,1.0,joint_clip_source,False,0.02,mlp_base:C5:E8,4,state_CO,False,False,0.0046608163333112795,0.8218444747159279,0.0,0.0
217,1.0,joint_clip_source,False,0.02,mlp_base:C5:E8,4,state_UT,False,False,0.0022304644945181362,0.8710778894731949,0.0,0.0
217,1.0,joint_clip_source,True,0.0,mlp_base:C5:E2,4,state_CO,False,False,0.013017891554256034,0.8134873994949832,0.0,0.0
217,1.0,joint_clip_source,True,0.0,mlp_base:C5:E2,4,state_UT,False,False,0.010711510138110003,0.862596843829603,0.0,0.0
217,1.0,joint_clip_source,True,0.005,mlp_base:C5:E2,4,state_CO,False,False,0.013017891554256034,0.8134873994949832,0.0,0.0
217,1.0,joint_clip_source,True,0.005,mlp_base:C5:E2,4,state_UT,False,False,0.010711510138110003,0.862596843829603,0.0,0.0
217,1.0,joint_clip_source,True,0.01,mlp_base:C5:E8,4,state_CO,False,False,0.0046608163333112795,0.8218444747159279,0.0,0.0
217,1.0,joint_clip_source,True,0.01,mlp_base:C5:E8,4,state_UT,False,False,0.0022304644945181362,0.8710778894731949,0.0,0.0
217,1.0,joint_clip_source,True,0.02,mlp_base:C5:E8,4,state_CO,False,False,0.0046608163333112795,0.8218444747159279,0.0,0.0
217,1.0,joint_clip_source,True,0.02,mlp_base:C5:E8,4,state_UT,False,False,0.0022304644945181362,0.8710778894731949,0.0,0.0
217,1.0,joint_clip_shift,False,0.0,mlp_base:C5:E2,4,state_CO,False,False,0.013017891554256034,0.8134873994949832,0.0,0.0
217,1.0,joint_clip_shift,False,0.0,mlp_base:C5:E2,4,state_UT,False,False,0.010711510138110003,0.862596843829603,0.0,0.0
217,1.0,joint_clip_shift,False,0.005,mlp_base:C5:E2,4,state_CO,False,False,0.013017891554256034,0.8134873994949832,0.0,0.0
217,1.0,joint_clip_shift,False,0.005,mlp_base:C5:E2,4,state_UT,False,False,0.010711510138110003,0.862596843829603,0.0,0.0
217,1.0,joint_clip_shift,False,0.01,mlp_base:C5:E2,4,state_CO,False,False,0.013017891554256034,0.8134873994949832,0.0,0.0
217,1.0,joint_clip_shift,False,0.01,mlp_base:C5:E2,4,state_UT,False,False,0.010711510138110003,0.862596843829603,0.0,0.0
217,1.0,joint_clip_shift,False,0.02,mlp_base:C5:E8,4,state_CO,False,False,0.0046608163333112795,0.8218444747159279,0.0,0.0
217,1.0,joint_clip_shift,False,0.02,mlp_base:C5:E8,4,state_UT,False,False,0.0022304644945181362,0.8710778894731949,0.0,0.0
217,1.0,joint_clip_shift,True,0.0,mlp_base:C5:E2,4,state_CO,False,False,0.013017891554256034,0.8134873994949832,0.0,0.0
217,1.0,joint_clip_shift,True,0.0,mlp_base:C5:E2,4,state_UT,False,False,0.010711510138110003,0.862596843829603,0.0,0.0
217,1.0,joint_clip_shift,True,0.005,mlp_base:C5:E2,4,state_CO,False,False,0.013017891554256034,0.8134873994949832,0.0,0.0
217,1.0,joint_clip_shift,True,0.005,mlp_base:C5:E2,4,state_UT,False,False,0.010711510138110003,0.862596843829603,0.0,0.0
217,1.0,joint_clip_shift,True,0.01,mlp_base:C5:E8,4,state_CO,False,False,0.0046608163333112795,0.8218444747159279,0.0,0.0
217,1.0,joint_clip_shift,True,0.01,mlp_base:C5:E8,4,state_UT,False,False,0.0022304644945181362,0.8710778894731949,0.0,0.0
217,1.0,joint_clip_shift,True,0.02,mlp_base:C5:E8,4,state_CO,False,False,0.0046608163333112795,0.8218444747159279,0.0,0.0
217,1.0,joint_clip_shift,True,0.02,mlp_base:C5:E8,4,state_UT,False,False,0.0022304644945181362,0.8710778894731949,0.0,0.0
217,1.0,joint_recipe_source,False,0.0,mlp_base:C5:E2,12,state_CO,False,False,0.013017891554256034,0.8134873994949832,0.0,0.0
217,1.0,joint_recipe_source,False,0.0,mlp_base:C5:E2,12,state_UT,False,False,0.010711510138110003,0.862596843829603,0.0,0.0
217,1.0,joint_recipe_source,False,0.005,mlp_base:C5:E2,12,state_CO,False,False,0.013017891554256034,0.8134873994949832,0.0,0.0
217,1.0,joint_recipe_source,False,0.005,mlp_base:C5:E2,12,state_UT,False,False,0.010711510138110003,0.862596843829603,0.0,0.0
217,1.0,joint_recipe_source,False,0.01,mlp_base:C5:E2,12,state_CO,False,False,0.013017891554256034,0.8134873994949832,0.0,0.0
217,1.0,joint_recipe_source,False,0.01,mlp_base:C5:E2,12,state_UT,False,False,0.010711510138110003,0.862596843829603,0.0,0.0
217,1.0,joint_recipe_source,False,0.02,mlp_stronger:C5:E2,12,state_CO,False,False,0.009763937803176304,0.8167413532460629,0.0,0.0
217,1.0,joint_recipe_source,False,0.02,mlp_stronger:C5:E2,12,state_UT,False,False,0.011577063524042308,0.8617312904436707,0.0,0.0
217,1.0,joint_recipe_source,True,0.0,mlp_base:C5:E2,12,state_CO,False,False,0.013017891554256034,0.8134873994949832,0.0,0.0
217,1.0,joint_recipe_source,True,0.0,mlp_base:C5:E2,12,state_UT,False,False,0.010711510138110003,0.862596843829603,0.0,0.0
217,1.0,joint_recipe_source,True,0.005,mlp_base:C5:E2,12,state_CO,False,False,0.013017891554256034,0.8134873994949832,0.0,0.0
217,1.0,joint_recipe_source,True,0.005,mlp_base:C5:E2,12,state_UT,False,False,0.010711510138110003,0.862596843829603,0.0,0.0
217,1.0,joint_recipe_source,True,0.01,mlp_stronger:C5:E8,12,state_CO,False,False,0.0003893531131635708,0.8261159379360756,0.0,0.0
217,1.0,joint_recipe_source,True,0.01,mlp_stronger:C5:E8,12,state_UT,False,False,-0.00028928309450237943,0.8735976370622154,0.0,0.0
217,1.0,joint_recipe_source,True,0.02,mlp_stronger:C5:E8,12,state_CO,False,False,0.0003893531131635708,0.8261159379360756,0.0,0.0
217,1.0,joint_recipe_source,True,0.02,mlp_stronger:C5:E8,12,state_UT,False,False,-0.00028928309450237943,0.8735976370622154,0.0,0.0
217,1.0,joint_recipe_shift,False,0.0,mlp_base:C5:E2,12,state_CO,False,False,0.013017891554256034,0.8134873994949832,0.0,0.0
217,1.0,joint_recipe_shift,False,0.0,mlp_base:C5:E2,12,state_UT,False,False,0.010711510138110003,0.862596843829603,0.0,0.0
217,1.0,joint_recipe_shift,False,0.005,mlp_base:C5:E2,12,state_CO,False,False,0.013017891554256034,0.8134873994949832,0.0,0.0
217,1.0,joint_recipe_shift,False,0.005,mlp_base:C5:E2,12,state_UT,False,False,0.010711510138110003,0.862596843829603,0.0,0.0
217,1.0,joint_recipe_shift,False,0.01,mlp_base:C5:E2,12,state_CO,False,False,0.013017891554256034,0.8134873994949832,0.0,0.0
217,1.0,joint_recipe_shift,False,0.01,mlp_base:C5:E2,12,state_UT,False,False,0.010711510138110003,0.862596843829603,0.0,0.0
217,1.0,joint_recipe_shift,False,0.02,mlp_stronger:C5:E8,12,state_CO,False,False,0.0003893531131635708,0.8261159379360756,0.0,0.0
217,1.0,joint_recipe_shift,False,0.02,mlp_stronger:C5:E8,12,state_UT,False,False,-0.00028928309450237943,0.8735976370622154,0.0,0.0
217,1.0,joint_recipe_shift,True,0.0,mlp_base:C5:E2,12,state_CO,False,False,0.013017891554256034,0.8134873994949832,0.0,0.0
217,1.0,joint_recipe_shift,True,0.0,mlp_base:C5:E2,12,state_UT,False,False,0.010711510138110003,0.862596843829603,0.0,0.0
217,1.0,joint_recipe_shift,True,0.005,mlp_base:C5:E2,12,state_CO,False,False,0.013017891554256034,0.8134873994949832,0.0,0.0
217,1.0,joint_recipe_shift,True,0.005,mlp_base:C5:E2,12,state_UT,False,False,0.010711510138110003,0.862596843829603,0.0,0.0
217,1.0,joint_recipe_shift,True,0.01,mlp_stronger:C5:E8,12,state_CO,False,False,0.0003893531131635708,0.8261159379360756,0.0,0.0
217,1.0,joint_recipe_shift,True,0.01,mlp_stronger:C5:E8,12,state_UT,False,False,-0.00028928309450237943,0.8735976370622154,0.0,0.0
217,1.0,joint_recipe_shift,True,0.02,mlp_stronger:C5:E8,12,state_CO,False,False,0.0003893531131635708,0.8261159379360756,0.0,0.0
217,1.0,joint_recipe_shift,True,0.02,mlp_stronger:C5:E8,12,state_UT,False,False,-0.00028928309450237943,0.8735976370622154,0.0,0.0
217,1.0,joint_recipe_proxy,False,0.0,mlp_base:C5:E2,12,state_CO,False,False,0.013017891554256034,0.8134873994949832,0.0,0.0
217,1.0,joint_recipe_proxy,False,0.0,mlp_base:C5:E2,12,state_UT,False,False,0.010711510138110003,0.862596843829603,0.0,0.0
217,1.0,joint_recipe_proxy,False,0.005,mlp_base:C5:E2,12,state_CO,False,False,0.013017891554256034,0.8134873994949832,0.0,0.0
217,1.0,joint_recipe_proxy,False,0.005,mlp_base:C5:E2,12,state_UT,False,False,0.010711510138110003,0.862596843829603,0.0,0.0
217,1.0,joint_recipe_proxy,False,0.01,mlp_base:C5:E2,12,state_CO,False,False,0.013017891554256034,0.8134873994949832,0.0,0.0
217,1.0,joint_recipe_proxy,False,0.01,mlp_base:C5:E2,12,state_UT,False,False,0.010711510138110003,0.862596843829603,0.0,0.0
217,1.0,joint_recipe_proxy,False,0.02,mlp_stronger:C5:E2,12,state_CO,False,False,0.009763937803176304,0.8167413532460629,0.0,0.0
217,1.0,joint_recipe_proxy,False,0.02,mlp_stronger:C5:E2,12,state_UT,False,False,0.011577063524042308,0.8617312904436707,0.0,0.0
217,1.0,joint_recipe_proxy,True,0.0,mlp_base:C5:E2,12,state_CO,False,False,0.013017891554256034,0.8134873994949832,0.0,0.0
217,1.0,joint_recipe_proxy,True,0.0,mlp_base:C5:E2,12,state_UT,False,False,0.010711510138110003,0.862596843829603,0.0,0.0
217,1.0,joint_recipe_proxy,True,0.005,mlp_base:C5:E2,12,state_CO,False,False,0.013017891554256034,0.8134873994949832,0.0,0.0
217,1.0,joint_recipe_proxy,True,0.005,mlp_base:C5:E2,12,state_UT,False,False,0.010711510138110003,0.862596843829603,0.0,0.0
217,1.0,joint_recipe_proxy,True,0.01,mlp_stronger:C5:E8,12,state_CO,False,False,0.0003893531131635708,0.8261159379360756,0.0,0.0
217,1.0,joint_recipe_proxy,True,0.01,mlp_stronger:C5:E8,12,state_UT,False,False,-0.00028928309450237943,0.8735976370622154,0.0,0.0
217,1.0,joint_recipe_proxy,True,0.02,mlp_stronger:C5:E8,12,state_CO,False,False,0.0003893531131635708,0.8261159379360756,0.0,0.0
217,1.0,joint_recipe_proxy,True,0.02,mlp_stronger:C5:E8,12,state_UT,False,False,-0.00028928309450237943,0.8735976370622154,0.0,0.0
217,1.0,logistic_shift,False,0.0,logistic:C5:E8,4,state_CO,False,False,0.006462223403548517,0.8200430676456907,0.0,0.0
217,1.0,logistic_shift,False,0.0,logistic:C5:E8,4,state_UT,False,False,0.006881952982313644,0.8664264009853994,0.0,0.0
217,1.0,logistic_shift,False,0.005,logistic:C5:E8,4,state_CO,False,False,0.006462223403548517,0.8200430676456907,0.0,0.0
217,1.0,logistic_shift,False,0.005,logistic:C5:E8,4,state_UT,False,False,0.006881952982313644,0.8664264009853994,0.0,0.0
217,1.0,logistic_shift,False,0.01,logistic:C5:E8,4,state_CO,False,False,0.006462223403548517,0.8200430676456907,0.0,0.0
217,1.0,logistic_shift,False,0.01,logistic:C5:E8,4,state_UT,False,False,0.006881952982313644,0.8664264009853994,0.0,0.0
217,1.0,logistic_shift,False,0.02,,4,state_CO,True,,,,,
217,1.0,logistic_shift,False,0.02,,4,state_UT,True,,,,,
217,1.0,logistic_shift,True,0.0,logistic:C5:E8,4,state_CO,False,False,0.006462223403548517,0.8200430676456907,0.0,0.0
217,1.0,logistic_shift,True,0.0,logistic:C5:E8,4,state_UT,False,False,0.006881952982313644,0.8664264009853994,0.0,0.0
217,1.0,logistic_shift,True,0.005,logistic:C5:E8,4,state_CO,False,False,0.006462223403548517,0.8200430676456907,0.0,0.0
217,1.0,logistic_shift,True,0.005,logistic:C5:E8,4,state_UT,False,False,0.006881952982313644,0.8664264009853994,0.0,0.0
217,1.0,logistic_shift,True,0.01,logistic:C5:E8,4,state_CO,False,False,0.006462223403548517,0.8200430676456907,0.0,0.0
217,1.0,logistic_shift,True,0.01,logistic:C5:E8,4,state_UT,False,False,0.006881952982313644,0.8664264009853994,0.0,0.0
217,1.0,logistic_shift,True,0.02,,4,state_CO,True,,,,,
217,1.0,logistic_shift,True,0.02,,4,state_UT,True,,,,,
218,1.0,epsilon_source,False,0.0,,2,state_CO,True,,,,,
218,1.0,epsilon_source,False,0.0,,2,state_UT,True,,,,,
218,1.0,epsilon_source,False,0.005,,2,state_CO,True,,,,,
218,1.0,epsilon_source,False,0.005,,2,state_UT,True,,,,,
218,1.0,epsilon_source,False,0.01,,2,state_CO,True,,,,,
218,1.0,epsilon_source,False,0.01,,2,state_UT,True,,,,,
218,1.0,epsilon_source,False,0.02,,2,state_CO,True,,,,,
218,1.0,epsilon_source,False,0.02,,2,state_UT,True,,,,,
218,1.0,epsilon_source,True,0.0,,2,state_CO,True,,,,,
218,1.0,epsilon_source,True,0.0,,2,state_UT,True,,,,,
218,1.0,epsilon_source,True,0.005,,2,state_CO,True,,,,,
218,1.0,epsilon_source,True,0.005,,2,state_UT,True,,,,,
218,1.0,epsilon_source,True,0.01,,2,state_CO,True,,,,,
218,1.0,epsilon_source,True,0.01,,2,state_UT,True,,,,,
218,1.0,epsilon_source,True,0.02,,2,state_CO,True,,,,,
218,1.0,epsilon_source,True,0.02,,2,state_UT,True,,,,,
218,1.0,epsilon_shift,False,0.0,,2,state_CO,True,,,,,
218,1.0,epsilon_shift,False,0.0,,2,state_UT,True,,,,,
218,1.0,epsilon_shift,False,0.005,,2,state_CO,True,,,,,
218,1.0,epsilon_shift,False,0.005,,2,state_UT,True,,,,,
218,1.0,epsilon_shift,False,0.01,,2,state_CO,True,,,,,
218,1.0,epsilon_shift,False,0.01,,2,state_UT,True,,,,,
218,1.0,epsilon_shift,False,0.02,,2,state_CO,True,,,,,
218,1.0,epsilon_shift,False,0.02,,2,state_UT,True,,,,,
218,1.0,epsilon_shift,True,0.0,,2,state_CO,True,,,,,
218,1.0,epsilon_shift,True,0.0,,2,state_UT,True,,,,,
218,1.0,epsilon_shift,True,0.005,,2,state_CO,True,,,,,
218,1.0,epsilon_shift,True,0.005,,2,state_UT,True,,,,,
218,1.0,epsilon_shift,True,0.01,,2,state_CO,True,,,,,
218,1.0,epsilon_shift,True,0.01,,2,state_UT,True,,,,,
218,1.0,epsilon_shift,True,0.02,,2,state_CO,True,,,,,
218,1.0,epsilon_shift,True,0.02,,2,state_UT,True,,,,,
218,1.0,joint_clip_source,False,0.0,mlp_base:C5:E2,4,state_CO,False,False,0.008995321893352393,0.8389408044767127,0.0,0.0
218,1.0,joint_clip_source,False,0.0,mlp_base:C5:E2,4,state_UT,False,False,0.01334889807672257,0.8560362160628601,0.0,0.0
218,1.0,joint_clip_source,False,0.005,mlp_base:C5:E2,4,state_CO,False,False,0.008995321893352393,0.8389408044767127,0.0,0.0
218,1.0,joint_clip_source,False,0.005,mlp_base:C5:E2,4,state_UT,False,False,0.01334889807672257,0.8560362160628601,0.0,0.0
218,1.0,joint_clip_source,False,0.01,mlp_base:C5:E2,4,state_CO,False,False,0.008995321893352393,0.8389408044767127,0.0,0.0
218,1.0,joint_clip_source,False,0.01,mlp_base:C5:E2,4,state_UT,False,False,0.01334889807672257,0.8560362160628601,0.0,0.0
218,1.0,joint_clip_source,False,0.02,mlp_base:C5:E8,4,state_CO,False,False,0.0005610409435443664,0.8473750854265207,0.0,0.0
218,1.0,joint_clip_source,False,0.02,mlp_base:C5:E8,4,state_UT,False,False,0.0018738246544190984,0.8675112894851635,0.0,0.0
218,1.0,joint_clip_source,True,0.0,mlp_base:C5:E2,4,state_CO,False,False,0.008995321893352393,0.8389408044767127,0.0,0.0
218,1.0,joint_clip_source,True,0.0,mlp_base:C5:E2,4,state_UT,False,False,0.01334889807672257,0.8560362160628601,0.0,0.0
218,1.0,joint_clip_source,True,0.005,mlp_base:C5:E2,4,state_CO,False,False,0.008995321893352393,0.8389408044767127,0.0,0.0
218,1.0,joint_clip_source,True,0.005,mlp_base:C5:E2,4,state_UT,False,False,0.01334889807672257,0.8560362160628601,0.0,0.0
218,1.0,joint_clip_source,True,0.01,mlp_base:C5:E8,4,state_CO,False,False,0.0005610409435443664,0.8473750854265207,0.0,0.0
218,1.0,joint_clip_source,True,0.01,mlp_base:C5:E8,4,state_UT,False,False,0.0018738246544190984,0.8675112894851635,0.0,0.0
218,1.0,joint_clip_source,True,0.02,mlp_base:C5:E8,4,state_CO,False,False,0.0005610409435443664,0.8473750854265207,0.0,0.0
218,1.0,joint_clip_source,True,0.02,mlp_base:C5:E8,4,state_UT,False,False,0.0018738246544190984,0.8675112894851635,0.0,0.0
218,1.0,joint_clip_shift,False,0.0,mlp_base:C5:E2,4,state_CO,False,False,0.008995321893352393,0.8389408044767127,0.0,0.0
218,1.0,joint_clip_shift,False,0.0,mlp_base:C5:E2,4,state_UT,False,False,0.01334889807672257,0.8560362160628601,0.0,0.0
218,1.0,joint_clip_shift,False,0.005,mlp_base:C5:E2,4,state_CO,False,False,0.008995321893352393,0.8389408044767127,0.0,0.0
218,1.0,joint_clip_shift,False,0.005,mlp_base:C5:E2,4,state_UT,False,False,0.01334889807672257,0.8560362160628601,0.0,0.0
218,1.0,joint_clip_shift,False,0.01,mlp_base:C5:E2,4,state_CO,False,False,0.008995321893352393,0.8389408044767127,0.0,0.0
218,1.0,joint_clip_shift,False,0.01,mlp_base:C5:E2,4,state_UT,False,False,0.01334889807672257,0.8560362160628601,0.0,0.0
218,1.0,joint_clip_shift,False,0.02,mlp_base:C5:E8,4,state_CO,False,False,0.0005610409435443664,0.8473750854265207,0.0,0.0
218,1.0,joint_clip_shift,False,0.02,mlp_base:C5:E8,4,state_UT,False,False,0.0018738246544190984,0.8675112894851635,0.0,0.0
218,1.0,joint_clip_shift,True,0.0,mlp_base:C5:E2,4,state_CO,False,False,0.008995321893352393,0.8389408044767127,0.0,0.0
218,1.0,joint_clip_shift,True,0.0,mlp_base:C5:E2,4,state_UT,False,False,0.01334889807672257,0.8560362160628601,0.0,0.0
218,1.0,joint_clip_shift,True,0.005,mlp_base:C5:E8,4,state_CO,False,False,0.0005610409435443664,0.8473750854265207,0.0,0.0
218,1.0,joint_clip_shift,True,0.005,mlp_base:C5:E8,4,state_UT,False,False,0.0018738246544190984,0.8675112894851635,0.0,0.0
218,1.0,joint_clip_shift,True,0.01,mlp_base:C5:E8,4,state_CO,False,False,0.0005610409435443664,0.8473750854265207,0.0,0.0
218,1.0,joint_clip_shift,True,0.01,mlp_base:C5:E8,4,state_UT,False,False,0.0018738246544190984,0.8675112894851635,0.0,0.0
218,1.0,joint_clip_shift,True,0.02,mlp_base:C5:E8,4,state_CO,False,False,0.0005610409435443664,0.8473750854265207,0.0,0.0
218,1.0,joint_clip_shift,True,0.02,mlp_base:C5:E8,4,state_UT,False,False,0.0018738246544190984,0.8675112894851635,0.0,0.0
218,1.0,joint_recipe_source,False,0.0,mlp_base:C5:E2,12,state_CO,False,False,0.008995321893352393,0.8389408044767127,0.0,0.0
218,1.0,joint_recipe_source,False,0.0,mlp_base:C5:E2,12,state_UT,False,False,0.01334889807672257,0.8560362160628601,0.0,0.0
218,1.0,joint_recipe_source,False,0.005,mlp_base:C5:E2,12,state_CO,False,False,0.008995321893352393,0.8389408044767127,0.0,0.0
218,1.0,joint_recipe_source,False,0.005,mlp_base:C5:E2,12,state_UT,False,False,0.01334889807672257,0.8560362160628601,0.0,0.0
218,1.0,joint_recipe_source,False,0.01,mlp_base:C5:E2,12,state_CO,False,False,0.008995321893352393,0.8389408044767127,0.0,0.0
218,1.0,joint_recipe_source,False,0.01,mlp_base:C5:E2,12,state_UT,False,False,0.01334889807672257,0.8560362160628601,0.0,0.0
218,1.0,joint_recipe_source,False,0.02,mlp_stronger:C5:E2,12,state_CO,False,False,0.011537117369557981,0.8363990090005071,0.0,0.0
218,1.0,joint_recipe_source,False,0.02,mlp_stronger:C5:E2,12,state_UT,False,False,0.014546531069492996,0.8548385830700896,0.0,0.0
218,1.0,joint_recipe_source,True,0.0,mlp_base:C5:E2,12,state_CO,False,False,0.008995321893352393,0.8389408044767127,0.0,0.0
218,1.0,joint_recipe_source,True,0.0,mlp_base:C5:E2,12,state_UT,False,False,0.01334889807672257,0.8560362160628601,0.0,0.0
218,1.0,joint_recipe_source,True,0.005,mlp_base:C5:E2,12,state_CO,False,False,0.008995321893352393,0.8389408044767127,0.0,0.0
218,1.0,joint_recipe_source,True,0.005,mlp_base:C5:E2,12,state_UT,False,False,0.01334889807672257,0.8560362160628601,0.0,0.0
218,1.0,joint_recipe_source,True,0.01,mlp_stronger:C5:E2,12,state_CO,False,False,0.011537117369557981,0.8363990090005071,0.0,0.0
218,1.0,joint_recipe_source,True,0.01,mlp_stronger:C5:E2,12,state_UT,False,False,0.014546531069492996,0.8548385830700896,0.0,0.0
218,1.0,joint_recipe_source,True,0.02,mlp_stronger:C5:E8,12,state_CO,False,False,0.0019330504967960405,0.8460030758732691,0.0,0.0
218,1.0,joint_recipe_source,True,0.02,mlp_stronger:C5:E8,12,state_UT,False,False,0.003155561087693104,0.8662295530518895,0.0,0.0
218,1.0,joint_recipe_shift,False,0.0,mlp_base:C5:E2,12,state_CO,False,False,0.008995321893352393,0.8389408044767127,0.0,0.0
218,1.0,joint_recipe_shift,False,0.0,mlp_base:C5:E2,12,state_UT,False,False,0.01334889807672257,0.8560362160628601,0.0,0.0
218,1.0,joint_recipe_shift,False,0.005,mlp_base:C5:E2,12,state_CO,False,False,0.008995321893352393,0.8389408044767127,0.0,0.0
218,1.0,joint_recipe_shift,False,0.005,mlp_base:C5:E2,12,state_UT,False,False,0.01334889807672257,0.8560362160628601,0.0,0.0
218,1.0,joint_recipe_shift,False,0.01,mlp_base:C5:E2,12,state_CO,False,False,0.008995321893352393,0.8389408044767127,0.0,0.0
218,1.0,joint_recipe_shift,False,0.01,mlp_base:C5:E2,12,state_UT,False,False,0.01334889807672257,0.8560362160628601,0.0,0.0
218,1.0,joint_recipe_shift,False,0.02,mlp_stronger:C5:E8,12,state_CO,False,False,0.0019330504967960405,0.8460030758732691,0.0,0.0
218,1.0,joint_recipe_shift,False,0.02,mlp_stronger:C5:E8,12,state_UT,False,False,0.003155561087693104,0.8662295530518895,0.0,0.0
218,1.0,joint_recipe_shift,True,0.0,mlp_base:C5:E2,12,state_CO,False,False,0.008995321893352393,0.8389408044767127,0.0,0.0
218,1.0,joint_recipe_shift,True,0.0,mlp_base:C5:E2,12,state_UT,False,False,0.01334889807672257,0.8560362160628601,0.0,0.0
218,1.0,joint_recipe_shift,True,0.005,mlp_stronger:C5:E2,12,state_CO,False,False,0.011537117369557981,0.8363990090005071,0.0,0.0
218,1.0,joint_recipe_shift,True,0.005,mlp_stronger:C5:E2,12,state_UT,False,False,0.014546531069492996,0.8548385830700896,0.0,0.0
218,1.0,joint_recipe_shift,True,0.01,mlp_stronger:C5:E8,12,state_CO,False,False,0.0019330504967960405,0.8460030758732691,0.0,0.0
218,1.0,joint_recipe_shift,True,0.01,mlp_stronger:C5:E8,12,state_UT,False,False,0.003155561087693104,0.8662295530518895,0.0,0.0
218,1.0,joint_recipe_shift,True,0.02,mlp_stronger:C5:E8,12,state_CO,False,False,0.0019330504967960405,0.8460030758732691,0.0,0.0
218,1.0,joint_recipe_shift,True,0.02,mlp_stronger:C5:E8,12,state_UT,False,False,0.003155561087693104,0.8662295530518895,0.0,0.0
218,1.0,joint_recipe_proxy,False,0.0,mlp_base:C5:E2,12,state_CO,False,False,0.008995321893352393,0.8389408044767127,0.0,0.0
218,1.0,joint_recipe_proxy,False,0.0,mlp_base:C5:E2,12,state_UT,False,False,0.01334889807672257,0.8560362160628601,0.0,0.0
218,1.0,joint_recipe_proxy,False,0.005,mlp_base:C5:E2,12,state_CO,False,False,0.008995321893352393,0.8389408044767127,0.0,0.0
218,1.0,joint_recipe_proxy,False,0.005,mlp_base:C5:E2,12,state_UT,False,False,0.01334889807672257,0.8560362160628601,0.0,0.0
218,1.0,joint_recipe_proxy,False,0.01,mlp_base:C5:E2,12,state_CO,False,False,0.008995321893352393,0.8389408044767127,0.0,0.0
218,1.0,joint_recipe_proxy,False,0.01,mlp_base:C5:E2,12,state_UT,False,False,0.01334889807672257,0.8560362160628601,0.0,0.0
218,1.0,joint_recipe_proxy,False,0.02,mlp_stronger:C5:E2,12,state_CO,False,False,0.011537117369557981,0.8363990090005071,0.0,0.0
218,1.0,joint_recipe_proxy,False,0.02,mlp_stronger:C5:E2,12,state_UT,False,False,0.014546531069492996,0.8548385830700896,0.0,0.0
218,1.0,joint_recipe_proxy,True,0.0,mlp_base:C5:E2,12,state_CO,False,False,0.008995321893352393,0.8389408044767127,0.0,0.0
218,1.0,joint_recipe_proxy,True,0.0,mlp_base:C5:E2,12,state_UT,False,False,0.01334889807672257,0.8560362160628601,0.0,0.0
218,1.0,joint_recipe_proxy,True,0.005,mlp_base:C5:E2,12,state_CO,False,False,0.008995321893352393,0.8389408044767127,0.0,0.0
218,1.0,joint_recipe_proxy,True,0.005,mlp_base:C5:E2,12,state_UT,False,False,0.01334889807672257,0.8560362160628601,0.0,0.0
218,1.0,joint_recipe_proxy,True,0.01,mlp_stronger:C5:E2,12,state_CO,False,False,0.011537117369557981,0.8363990090005071,0.0,0.0
218,1.0,joint_recipe_proxy,True,0.01,mlp_stronger:C5:E2,12,state_UT,False,False,0.014546531069492996,0.8548385830700896,0.0,0.0
218,1.0,joint_recipe_proxy,True,0.02,mlp_stronger:C5:E8,12,state_CO,False,False,0.0019330504967960405,0.8460030758732691,0.0,0.0
218,1.0,joint_recipe_proxy,True,0.02,mlp_stronger:C5:E8,12,state_UT,False,False,0.003155561087693104,0.8662295530518895,0.0,0.0
218,1.0,logistic_shift,False,0.0,logistic:C1:E2,4,state_CO,False,False,0.02283260342701654,0.8251035229430486,0.0,0.0
218,1.0,logistic_shift,False,0.0,logistic:C1:E2,4,state_UT,False,False,0.013554110471551306,0.8558310036680313,0.0,0.0
218,1.0,logistic_shift,False,0.005,logistic:C5:E8,4,state_CO,False,False,0.0068610848105165045,0.8410750415595486,0.0,0.0
218,1.0,logistic_shift,False,0.005,logistic:C5:E8,4,state_UT,False,False,0.0025309528695534045,0.8668541612700292,0.0,0.0
218,1.0,logistic_shift,False,0.01,logistic:C5:E8,4,state_CO,False,False,0.0068610848105165045,0.8410750415595486,0.0,0.0
218,1.0,logistic_shift,False,0.01,logistic:C5:E8,4,state_UT,False,False,0.0025309528695534045,0.8668541612700292,0.0,0.0
218,1.0,logistic_shift,False,0.02,,4,state_CO,True,,,,,
218,1.0,logistic_shift,False,0.02,,4,state_UT,True,,,,,
218,1.0,logistic_shift,True,0.0,logistic:C5:E8,4,state_CO,False,False,0.0068610848105165045,0.8410750415595486,0.0,0.0
218,1.0,logistic_shift,True,0.0,logistic:C5:E8,4,state_UT,False,False,0.0025309528695534045,0.8668541612700292,0.0,0.0
218,1.0,logistic_shift,True,0.005,logistic:C5:E8,4,state_CO,False,False,0.0068610848105165045,0.8410750415595486,0.0,0.0
218,1.0,logistic_shift,True,0.005,logistic:C5:E8,4,state_UT,False,False,0.0025309528695534045,0.8668541612700292,0.0,0.0
218,1.0,logistic_shift,True,0.01,,4,state_CO,True,,,,,
218,1.0,logistic_shift,True,0.01,,4,state_UT,True,,,,,
218,1.0,logistic_shift,True,0.02,,4,state_CO,True,,,,,
218,1.0,logistic_shift,True,0.02,,4,state_UT,True,,,,,
219,1.0,epsilon_source,False,0.0,,2,state_CO,True,,,,,
219,1.0,epsilon_source,False,0.0,,2,state_UT,True,,,,,
219,1.0,epsilon_source,False,0.005,,2,state_CO,True,,,,,
219,1.0,epsilon_source,False,0.005,,2,state_UT,True,,,,,
219,1.0,epsilon_source,False,0.01,,2,state_CO,True,,,,,
219,1.0,epsilon_source,False,0.01,,2,state_UT,True,,,,,
219,1.0,epsilon_source,False,0.02,,2,state_CO,True,,,,,
219,1.0,epsilon_source,False,0.02,,2,state_UT,True,,,,,
219,1.0,epsilon_source,True,0.0,,2,state_CO,True,,,,,
219,1.0,epsilon_source,True,0.0,,2,state_UT,True,,,,,
219,1.0,epsilon_source,True,0.005,,2,state_CO,True,,,,,
219,1.0,epsilon_source,True,0.005,,2,state_UT,True,,,,,
219,1.0,epsilon_source,True,0.01,,2,state_CO,True,,,,,
219,1.0,epsilon_source,True,0.01,,2,state_UT,True,,,,,
219,1.0,epsilon_source,True,0.02,,2,state_CO,True,,,,,
219,1.0,epsilon_source,True,0.02,,2,state_UT,True,,,,,
219,1.0,epsilon_shift,False,0.0,,2,state_CO,True,,,,,
219,1.0,epsilon_shift,False,0.0,,2,state_UT,True,,,,,
219,1.0,epsilon_shift,False,0.005,,2,state_CO,True,,,,,
219,1.0,epsilon_shift,False,0.005,,2,state_UT,True,,,,,
219,1.0,epsilon_shift,False,0.01,,2,state_CO,True,,,,,
219,1.0,epsilon_shift,False,0.01,,2,state_UT,True,,,,,
219,1.0,epsilon_shift,False,0.02,,2,state_CO,True,,,,,
219,1.0,epsilon_shift,False,0.02,,2,state_UT,True,,,,,
219,1.0,epsilon_shift,True,0.0,,2,state_CO,True,,,,,
219,1.0,epsilon_shift,True,0.0,,2,state_UT,True,,,,,
219,1.0,epsilon_shift,True,0.005,,2,state_CO,True,,,,,
219,1.0,epsilon_shift,True,0.005,,2,state_UT,True,,,,,
219,1.0,epsilon_shift,True,0.01,,2,state_CO,True,,,,,
219,1.0,epsilon_shift,True,0.01,,2,state_UT,True,,,,,
219,1.0,epsilon_shift,True,0.02,,2,state_CO,True,,,,,
219,1.0,epsilon_shift,True,0.02,,2,state_UT,True,,,,,
219,1.0,joint_clip_source,False,0.0,mlp_base:C5:E2,4,state_CO,False,False,0.017014026894541567,0.79992009472708,0.0,0.0
219,1.0,joint_clip_source,False,0.0,mlp_base:C5:E2,4,state_UT,False,False,0.006436125326655051,0.8612906957752613,0.0,0.0
219,1.0,joint_clip_source,False,0.005,mlp_base:C5:E2,4,state_CO,False,False,0.017014026894541567,0.79992009472708,0.0,0.0
219,1.0,joint_clip_source,False,0.005,mlp_base:C5:E2,4,state_UT,False,False,0.006436125326655051,0.8612906957752613,0.0,0.0
219,1.0,joint_clip_source,False,0.01,mlp_base:C5:E8,4,state_CO,False,False,0.0009418885797563004,0.8159922330418653,0.0,0.0
219,1.0,joint_clip_source,False,0.01,mlp_base:C5:E8,4,state_UT,False,False,-0.0012317617595819508,0.8689585828614983,0.0,0.0
219,1.0,joint_clip_source,False,0.02,mlp_base:C5:E8,4,state_CO,False,False,0.0009418885797563004,0.8159922330418653,0.0,0.0
219,1.0,joint_clip_source,False,0.02,mlp_base:C5:E8,4,state_UT,False,False,-0.0012317617595819508,0.8689585828614983,0.0,0.0
219,1.0,joint_clip_source,True,0.0,mlp_base:C5:E8,4,state_CO,False,False,0.0009418885797563004,0.8159922330418653,0.0,0.0
219,1.0,joint_clip_source,True,0.0,mlp_base:C5:E8,4,state_UT,False,False,-0.0012317617595819508,0.8689585828614983,0.0,0.0
219,1.0,joint_clip_source,True,0.005,mlp_base:C5:E8,4,state_CO,False,False,0.0009418885797563004,0.8159922330418653,0.0,0.0
219,1.0,joint_clip_source,True,0.005,mlp_base:C5:E8,4,state_UT,False,False,-0.0012317617595819508,0.8689585828614983,0.0,0.0
219,1.0,joint_clip_source,True,0.01,mlp_base:C5:E8,4,state_CO,False,False,0.0009418885797563004,0.8159922330418653,0.0,0.0
219,1.0,joint_clip_source,True,0.01,mlp_base:C5:E8,4,state_UT,False,False,-0.0012317617595819508,0.8689585828614983,0.0,0.0
219,1.0,joint_clip_source,True,0.02,mlp_base:C5:E8,4,state_CO,False,False,0.0009418885797563004,0.8159922330418653,0.0,0.0
219,1.0,joint_clip_source,True,0.02,mlp_base:C5:E8,4,state_UT,False,False,-0.0012317617595819508,0.8689585828614983,0.0,0.0
219,1.0,joint_clip_shift,False,0.0,mlp_base:C5:E2,4,state_CO,False,False,0.017014026894541567,0.79992009472708,0.0,0.0
219,1.0,joint_clip_shift,False,0.0,mlp_base:C5:E2,4,state_UT,False,False,0.006436125326655051,0.8612906957752613,0.0,0.0
219,1.0,joint_clip_shift,False,0.005,mlp_base:C5:E2,4,state_CO,False,False,0.017014026894541567,0.79992009472708,0.0,0.0
219,1.0,joint_clip_shift,False,0.005,mlp_base:C5:E2,4,state_UT,False,False,0.006436125326655051,0.8612906957752613,0.0,0.0
219,1.0,joint_clip_shift,False,0.01,mlp_base:C5:E8,4,state_CO,False,False,0.0009418885797563004,0.8159922330418653,0.0,0.0
219,1.0,joint_clip_shift,False,0.01,mlp_base:C5:E8,4,state_UT,False,False,-0.0012317617595819508,0.8689585828614983,0.0,0.0
219,1.0,joint_clip_shift,False,0.02,mlp_base:C5:E8,4,state_CO,False,False,0.0009418885797563004,0.8159922330418653,0.0,0.0
219,1.0,joint_clip_shift,False,0.02,mlp_base:C5:E8,4,state_UT,False,False,-0.0012317617595819508,0.8689585828614983,0.0,0.0
219,1.0,joint_clip_shift,True,0.0,mlp_base:C5:E8,4,state_CO,False,False,0.0009418885797563004,0.8159922330418653,0.0,0.0
219,1.0,joint_clip_shift,True,0.0,mlp_base:C5:E8,4,state_UT,False,False,-0.0012317617595819508,0.8689585828614983,0.0,0.0
219,1.0,joint_clip_shift,True,0.005,mlp_base:C5:E8,4,state_CO,False,False,0.0009418885797563004,0.8159922330418653,0.0,0.0
219,1.0,joint_clip_shift,True,0.005,mlp_base:C5:E8,4,state_UT,False,False,-0.0012317617595819508,0.8689585828614983,0.0,0.0
219,1.0,joint_clip_shift,True,0.01,mlp_base:C5:E8,4,state_CO,False,False,0.0009418885797563004,0.8159922330418653,0.0,0.0
219,1.0,joint_clip_shift,True,0.01,mlp_base:C5:E8,4,state_UT,False,False,-0.0012317617595819508,0.8689585828614983,0.0,0.0
219,1.0,joint_clip_shift,True,0.02,mlp_base:C5:E8,4,state_CO,False,False,0.0009418885797563004,0.8159922330418653,0.0,0.0
219,1.0,joint_clip_shift,True,0.02,mlp_base:C5:E8,4,state_UT,False,False,-0.0012317617595819508,0.8689585828614983,0.0,0.0
219,1.0,joint_recipe_source,False,0.0,mlp_base:C5:E2,12,state_CO,False,False,0.017014026894541567,0.79992009472708,0.0,0.0
219,1.0,joint_recipe_source,False,0.0,mlp_base:C5:E2,12,state_UT,False,False,0.006436125326655051,0.8612906957752613,0.0,0.0
219,1.0,joint_recipe_source,False,0.005,mlp_base:C5:E2,12,state_CO,False,False,0.017014026894541567,0.79992009472708,0.0,0.0
219,1.0,joint_recipe_source,False,0.005,mlp_base:C5:E2,12,state_UT,False,False,0.006436125326655051,0.8612906957752613,0.0,0.0
219,1.0,joint_recipe_source,False,0.01,mlp_stronger:C5:E2,12,state_CO,False,False,0.005567493044514982,0.8113666285771066,0.0,0.0
219,1.0,joint_recipe_source,False,0.01,mlp_stronger:C5:E2,12,state_UT,False,False,0.009139536149825767,0.8585872849520906,0.0,0.0
219,1.0,joint_recipe_source,False,0.02,mlp_stronger:C5:E8,12,state_CO,False,False,0.0001769922496026588,0.8167571293720189,0.0,0.0
219,1.0,joint_recipe_source,False,0.02,mlp_stronger:C5:E8,12,state_UT,False,False,0.0019792120354239495,0.8657476090664924,0.0,0.0
219,1.0,joint_recipe_source,True,0.0,mlp_stronger:C5:E2,12,state_CO,False,False,0.005567493044514982,0.8113666285771066,0.0,0.0
219,1.0,joint_recipe_source,True,0.0,mlp_stronger:C5:E2,12,state_UT,False,False,0.009139536149825767,0.8585872849520906,0.0,0.0
219,1.0,joint_recipe_source,True,0.005,mlp_stronger:C5:E2,12,state_CO,False,False,0.005567493044514982,0.8113666285771066,0.0,0.0
219,1.0,joint_recipe_source,True,0.005,mlp_stronger:C5:E2,12,state_UT,False,False,0.009139536149825767,0.8585872849520906,0.0,0.0
219,1.0,joint_recipe_source,True,0.01,mlp_stronger:C5:E8,12,state_CO,False,False,0.0001769922496026588,0.8167571293720189,0.0,0.0
219,1.0,joint_recipe_source,True,0.01,mlp_stronger:C5:E8,12,state_UT,False,False,0.0019792120354239495,0.8657476090664924,0.0,0.0
219,1.0,joint_recipe_source,True,0.02,mlp_stronger:C5:E8,12,state_CO,False,False,0.0001769922496026588,0.8167571293720189,0.0,0.0
219,1.0,joint_recipe_source,True,0.02,mlp_stronger:C5:E8,12,state_UT,False,False,0.0019792120354239495,0.8657476090664924,0.0,0.0
219,1.0,joint_recipe_shift,False,0.0,mlp_base:C5:E2,12,state_CO,False,False,0.017014026894541567,0.79992009472708,0.0,0.0
219,1.0,joint_recipe_shift,False,0.0,mlp_base:C5:E2,12,state_UT,False,False,0.006436125326655051,0.8612906957752613,0.0,0.0
219,1.0,joint_recipe_shift,False,0.005,mlp_base:C5:E2,12,state_CO,False,False,0.017014026894541567,0.79992009472708,0.0,0.0
219,1.0,joint_recipe_shift,False,0.005,mlp_base:C5:E2,12,state_UT,False,False,0.006436125326655051,0.8612906957752613,0.0,0.0
219,1.0,joint_recipe_shift,False,0.01,mlp_stronger:C5:E2,12,state_CO,False,False,0.005567493044514982,0.8113666285771066,0.0,0.0
219,1.0,joint_recipe_shift,False,0.01,mlp_stronger:C5:E2,12,state_UT,False,False,0.009139536149825767,0.8585872849520906,0.0,0.0
219,1.0,joint_recipe_shift,False,0.02,logistic:C5:E8,12,state_CO,False,False,-0.000618955352411299,0.8175530769740329,0.0,0.0
219,1.0,joint_recipe_shift,False,0.02,logistic:C5:E8,12,state_UT,False,False,-0.0006816655778165703,0.8684084866797329,0.0,0.0
219,1.0,joint_recipe_shift,True,0.0,mlp_stronger:C5:E2,12,state_CO,False,False,0.005567493044514982,0.8113666285771066,0.0,0.0
219,1.0,joint_recipe_shift,True,0.0,mlp_stronger:C5:E2,12,state_UT,False,False,0.009139536149825767,0.8585872849520906,0.0,0.0
219,1.0,joint_recipe_shift,True,0.005,logistic:C5:E8,12,state_CO,False,False,-0.000618955352411299,0.8175530769740329,0.0,0.0
219,1.0,joint_recipe_shift,True,0.005,logistic:C5:E8,12,state_UT,False,False,-0.0006816655778165703,0.8684084866797329,0.0,0.0
219,1.0,joint_recipe_shift,True,0.01,logistic:C5:E8,12,state_CO,False,False,-0.000618955352411299,0.8175530769740329,0.0,0.0
219,1.0,joint_recipe_shift,True,0.01,logistic:C5:E8,12,state_UT,False,False,-0.0006816655778165703,0.8684084866797329,0.0,0.0
219,1.0,joint_recipe_shift,True,0.02,mlp_stronger:C5:E8,12,state_CO,False,False,0.0001769922496026588,0.8167571293720189,0.0,0.0
219,1.0,joint_recipe_shift,True,0.02,mlp_stronger:C5:E8,12,state_UT,False,False,0.0019792120354239495,0.8657476090664924,0.0,0.0
219,1.0,joint_recipe_proxy,False,0.0,mlp_base:C5:E2,12,state_CO,False,False,0.017014026894541567,0.79992009472708,0.0,0.0
219,1.0,joint_recipe_proxy,False,0.0,mlp_base:C5:E2,12,state_UT,False,False,0.006436125326655051,0.8612906957752613,0.0,0.0
219,1.0,joint_recipe_proxy,False,0.005,mlp_base:C5:E2,12,state_CO,False,False,0.017014026894541567,0.79992009472708,0.0,0.0
219,1.0,joint_recipe_proxy,False,0.005,mlp_base:C5:E2,12,state_UT,False,False,0.006436125326655051,0.8612906957752613,0.0,0.0
219,1.0,joint_recipe_proxy,False,0.01,mlp_stronger:C5:E2,12,state_CO,False,False,0.005567493044514982,0.8113666285771066,0.0,0.0
219,1.0,joint_recipe_proxy,False,0.01,mlp_stronger:C5:E2,12,state_UT,False,False,0.009139536149825767,0.8585872849520906,0.0,0.0
219,1.0,joint_recipe_proxy,False,0.02,mlp_stronger:C5:E8,12,state_CO,False,False,0.0001769922496026588,0.8167571293720189,0.0,0.0
219,1.0,joint_recipe_proxy,False,0.02,mlp_stronger:C5:E8,12,state_UT,False,False,0.0019792120354239495,0.8657476090664924,0.0,0.0
219,1.0,joint_recipe_proxy,True,0.0,mlp_stronger:C5:E2,12,state_CO,False,False,0.005567493044514982,0.8113666285771066,0.0,0.0
219,1.0,joint_recipe_proxy,True,0.0,mlp_stronger:C5:E2,12,state_UT,False,False,0.009139536149825767,0.8585872849520906,0.0,0.0
219,1.0,joint_recipe_proxy,True,0.005,mlp_stronger:C5:E2,12,state_CO,False,False,0.005567493044514982,0.8113666285771066,0.0,0.0
219,1.0,joint_recipe_proxy,True,0.005,mlp_stronger:C5:E2,12,state_UT,False,False,0.009139536149825767,0.8585872849520906,0.0,0.0
219,1.0,joint_recipe_proxy,True,0.01,mlp_stronger:C5:E8,12,state_CO,False,False,0.0001769922496026588,0.8167571293720189,0.0,0.0
219,1.0,joint_recipe_proxy,True,0.01,mlp_stronger:C5:E8,12,state_UT,False,False,0.0019792120354239495,0.8657476090664924,0.0,0.0
219,1.0,joint_recipe_proxy,True,0.02,mlp_stronger:C5:E8,12,state_CO,False,False,0.0001769922496026588,0.8167571293720189,0.0,0.0
219,1.0,joint_recipe_proxy,True,0.02,mlp_stronger:C5:E8,12,state_UT,False,False,0.0019792120354239495,0.8657476090664924,0.0,0.0
219,1.0,logistic_shift,False,0.0,logistic:C1:E2,4,state_CO,False,False,0.009203596979332263,0.8077305246422893,0.0,0.0
219,1.0,logistic_shift,False,0.0,logistic:C1:E2,4,state_UT,False,False,0.007059378629500457,0.8606674424724159,0.0,0.0
219,1.0,logistic_shift,False,0.005,logistic:C1:E2,4,state_CO,False,False,0.009203596979332263,0.8077305246422893,0.0,0.0
219,1.0,logistic_shift,False,0.005,logistic:C1:E2,4,state_UT,False,False,0.007059378629500457,0.8606674424724159,0.0,0.0
219,1.0,logistic_shift,False,0.01,logistic:C5:E2,4,state_CO,False,False,0.008822701377848352,0.8081114202437732,0.0,0.0
219,1.0,logistic_shift,False,0.01,logistic:C5:E2,4,state_UT,False,False,0.015098722415795685,0.8526280986861207,0.0,0.0
219,1.0,logistic_shift,False,0.02,logistic:C5:E8,4,state_CO,False,False,-0.000618955352411299,0.8175530769740329,0.0,0.0
219,1.0,logistic_shift,False,0.02,logistic:C5:E8,4,state_UT,False,False,-0.0006816655778165703,0.8684084866797329,0.0,0.0
219,1.0,logistic_shift,True,0.0,logistic:C5:E8,4,state_CO,False,False,-0.000618955352411299,0.8175530769740329,0.0,0.0
219,1.0,logistic_shift,True,0.0,logistic:C5:E8,4,state_UT,False,False,-0.0006816655778165703,0.8684084866797329,0.0,0.0
219,1.0,logistic_shift,True,0.005,logistic:C5:E8,4,state_CO,False,False,-0.000618955352411299,0.8175530769740329,0.0,0.0
219,1.0,logistic_shift,True,0.005,logistic:C5:E8,4,state_UT,False,False,-0.0006816655778165703,0.8684084866797329,0.0,0.0
219,1.0,logistic_shift,True,0.01,logistic:C5:E8,4,state_CO,False,False,-0.000618955352411299,0.8175530769740329,0.0,0.0
219,1.0,logistic_shift,True,0.01,logistic:C5:E8,4,state_UT,False,False,-0.0006816655778165703,0.8684084866797329,0.0,0.0
219,1.0,logistic_shift,True,0.02,,4,state_CO,True,,,,,
219,1.0,logistic_shift,True,0.02,,4,state_UT,True,,,,,
