seed,strength,partition,environment,reference_recipe,candidate_id,recipe,architecture,clip_norm,requested_epsilon,achieved_epsilon,reference_auc,auc,gap,gap_se,auc_se,clusters,gap_upper,auc_lower,bounds_supported,alpha,family,method,optimization_gap,clipping_gap,noise_gap
200,1.0,validation,source,mlp_stronger,mlp_base:C1:E2,mlp_base,mlp,1.0,2.0,1.9909995955023065,0.8649469314838166,0.8369015342580917,0.028045397225724966,0.004557875157825843,0.009089016648056903,1166,0.04466481009730961,0.803760187678775,True,0.05,360,paired cluster influence sandwich; asymptotic Bonferroni bounds,,,
200,1.0,validation,source,mlp_stronger,mlp_base:C1:E8,mlp_base,mlp,1.0,8.0,7.998197999765249,0.8649469314838166,0.838713219840269,0.026233711643547597,0.004428268674951848,0.009028909365760084,1166,0.04238053946724682,0.8057910428754085,True,0.05,360,paired cluster influence sandwich; asymptotic Bonferroni bounds,,,
200,1.0,validation,source,mlp_stronger,mlp_base:C5:E2,mlp_base,mlp,5.0,2.0,1.9909995955023065,0.8649469314838166,0.8500183900798656,0.014928541403951057,0.0032132721432728264,0.008916985286592162,1166,0.02664511866169378,0.81750432268746,True,0.05,360,paired cluster influence sandwich; asymptotic Bonferroni bounds,,,
200,1.0,validation,source,mlp_stronger,mlp_base:C5:E8,mlp_base,mlp,5.0,8.0,7.998197999765249,0.8649469314838166,0.8622357082807901,0.002711223203026525,0.0011321584012088405,0.008493817863790446,1166,0.006839420499834067,0.8312646392965948,True,0.05,360,paired cluster influence sandwich; asymptotic Bonferroni bounds,,,
200,1.0,validation,source,mlp_stronger,mlp_stronger:C1:E2,mlp_stronger,mlp,1.0,2.0,1.9948093103901194,0.8649469314838166,0.8389591214796132,0.02598781000420347,0.004300810932505264,0.009044422451381696,1166,0.041669887747645934,0.8059803790394093,True,0.05,360,paired cluster influence sandwich; asymptotic Bonferroni bounds,,,
200,1.0,validation,source,mlp_stronger,mlp_stronger:C1:E8,mlp_stronger,mlp,1.0,8.0,7.995742559457445,0.8649469314838166,0.840347309794031,0.024599621689785578,0.0042279758936734696,0.009007742085640822,1166,0.04001612050885028,0.8075023152344556,True,0.05,360,paired cluster influence sandwich; asymptotic Bonferroni bounds,,,
200,1.0,validation,source,mlp_stronger,mlp_stronger:C5:E2,mlp_stronger,mlp,5.0,2.0,1.9948093103901194,0.8649469314838166,0.8525467633459437,0.012400168137872924,0.0027930321617414496,0.008724812022764143,1166,0.022584421337501562,0.8207334187034699,True,0.05,360,paired cluster influence sandwich; asymptotic Bonferroni bounds,,,
200,1.0,validation,source,mlp_stronger,mlp_stronger:C5:E8,mlp_stronger,mlp,5.0,8.0,7.995742559457445,0.8649469314838166,0.8632098570828078,0.0017370744010087869,0.0009340863246682908,0.008452693549246531,1166,0.005143040064791576,0.8323887399816281,True,0.05,360,paired cluster influence sandwich; asymptotic Bonferroni bounds,,,
200,1.0,validation,source,mlp_stronger,logistic:C1:E2,logistic,logistic,1.0,2.0,1.9948093103901194,0.8649469314838166,0.8453220891130727,0.01962484237074391,0.003692533448448403,0.008881114285369978,1166,0.033088953562234576,0.8129388184096473,True,0.05,360,paired cluster influence sandwich; asymptotic Bonferroni bounds,,,
200,1.0,validation,source,mlp_stronger,logistic:C1:E8,logistic,logistic,1.0,8.0,7.995742559457445,0.8649469314838166,0.846656683480454,0.018290248003362652,0.0035093612164403378,0.008834455886173861,1166,0.031086456971791146,0.8144435436325953,True,0.05,360,paired cluster influence sandwich; asymptotic Bonferroni bounds,,,
200,1.0,validation,source,mlp_stronger,logistic:C5:E2,logistic,logistic,5.0,2.0,1.9948093103901194,0.8649469314838166,0.8412027112232031,0.023744220260613513,0.004099022339787699,0.009065150656722856,1166,0.03869051481144458,0.808148387379226,True,0.05,360,paired cluster influence sandwich; asymptotic Bonferroni bounds,,,
200,1.0,validation,source,mlp_stronger,logistic:C5:E8,logistic,logistic,5.0,8.0,7.995742559457445,0.8649469314838166,0.8575887978142077,0.007358133669608913,0.0019448550397206043,0.008579663337935748,1166,0.014449672547105722,0.8263047098620557,True,0.05,360,paired cluster influence sandwich; asymptotic Bonferroni bounds,,,
200,1.0,validation,state_OR,mlp_stronger,mlp_base:C1:E2,mlp_base,mlp,1.0,2.0,1.9909995955023065,0.8295209647084855,0.8116528377032858,0.017868127005199685,0.005638628253723336,0.009766174530549685,1210,0.038426009884529655,0.7760463279026866,True,0.05,360,paired cluster influence sandwich; asymptotic Bonferroni bounds,,,
200,1.0,validation,state_OR,mlp_stronger,mlp_base:C1:E8,mlp_base,mlp,1.0,8.0,7.998197999765249,0.8295209647084855,0.8133609912600951,0.016159973448390375,0.005475956201629169,0.00973610113895208,1210,0.036124770058469674,0.7778641260812776,True,0.05,360,paired cluster influence sandwich; asymptotic Bonferroni bounds,,,
200,1.0,validation,state_OR,mlp_stronger,mlp_base:C5:E2,mlp_base,mlp,5.0,2.0,1.9909995955023065,0.8295209647084855,0.8176169930302024,0.011903971678283054,0.004156426367782858,0.009573012313552275,1210,0.027057892564806424,0.7827147336350315,True,0.05,360,paired cluster influence sandwich; asymptotic Bonferroni bounds,,,
200,1.0,validation,state_OR,mlp_stronger,mlp_base:C5:E8,mlp_base,mlp,5.0,8.0,7.998197999765249,0.8295209647084855,0.8296105763911937,-8.961168270826825e-05,0.0014100861707169645,0.009378538032918417,1210,0.0050514235199973605,0.795417351056155,True,0.05,360,paired cluster influence sandwich; asymptotic Bonferroni bounds,,,
200,1.0,validation,state_OR,mlp_stronger,mlp_stronger:C1:E2,mlp_stronger,mlp,1.0,2.0,1.9948093103901194,0.8295209647084855,0.8115654386547184,0.017955526053767046,0.005548914780275003,0.009731879281467841,1210,0.03818632245091389,0.7760839659521893,True,0.05,360,paired cluster influence sandwich; asymptotic Bonferroni bounds,,,
200,1.0,validation,state_OR,mlp_stronger,mlp_stronger:C1:E8,mlp_stronger,mlp,1.0,8.0,7.995742559457445,0.8295209647084855,0.8132625290408231,0.016258435667662385,0.005369755232158413,0.009678192487848854,1210,0.035836034010040776,0.7779767930965484,True,0.05,360,paired cluster influence sandwich; asymptotic Bonferroni bounds,,,
200,1.0,validation,state_OR,mlp_stronger,mlp_stronger:C5:E2,mlp_stronger,mlp,5.0,2.0,1.9948093103901194,0.8295209647084855,0.816431021130656,0.013089943577829444,0.0033247062611948077,0.009664036957502774,1210,0.025211494928671783,0.7811968948548779,True,0.05,360,paired cluster influence sandwich; asymptotic Bonferroni bounds,,,
200,1.0,validation,state_OR,mlp_stronger,mlp_stronger:C5:E8,mlp_stronger,mlp,5.0,8.0,7.995742559457445,0.8295209647084855,0.8282542316627945,0.0012667330456909154,0.0010478238548027564,0.009368282370638636,1210,0.005086995548539723,0.7940983974616469,True,0.05,360,paired cluster influence sandwich; asymptotic Bonferroni bounds,,,
200,1.0,validation,state_OR,mlp_stronger,logistic:C1:E2,logistic,logistic,1.0,2.0,1.9948093103901194,0.8295209647084855,0.8188638123686248,0.010657152339860643,0.0046134281180894195,0.00957473395064903,1210,0.027477256566675566,0.7839552760542808,True,0.05,360,paired cluster influence sandwich; asymptotic Bonferroni bounds,,,
200,1.0,validation,state_OR,mlp_stronger,logistic:C1:E8,logistic,logistic,1.0,8.0,7.995742559457445,0.8295209647084855,0.819557473171811,0.009963491536674418,0.004408934964272536,0.009549330270746005,1210,0.02603803387917531,0.7847415561706494,True,0.05,360,paired cluster influence sandwich; asymptotic Bonferroni bounds,,,
200,1.0,validation,state_OR,mlp_stronger,logistic:C5:E2,logistic,logistic,5.0,2.0,1.9948093103901194,0.8295209647084855,0.8133399712357561,0.016180993472729388,0.004915211162381248,0.0097881571802886,1210,0.03410136893580153,0.7776533148607818,True,0.05,360,paired cluster influence sandwich; asymptotic Bonferroni bounds,,,
200,1.0,validation,state_OR,mlp_stronger,logistic:C5:E8,logistic,logistic,5.0,8.0,7.995742559457445,0.8295209647084855,0.8280207987609249,0.0015001659475605278,0.0024313965661394757,0.009394396847553978,1210,0.010364798193336687,0.793769753750743,True,0.05,360,paired cluster influence sandwich; asymptotic Bonferroni bounds,,,
200,1.0,validation,state_WA,mlp_stronger,mlp_base:C1:E2,mlp_base,mlp,1.0,2.0,1.9909995955023065,0.8430910895911763,0.829616707119741,0.013474382471435287,0.004850318107932267,0.009371508828265302,1237,0.031157026216082427,0.7954513084237211,True,0.05,360,paired cluster influence sandwich; asymptotic Bonferroni bounds,,,
200,1.0,validation,state_WA,mlp_stronger,mlp_base:C1:E8,mlp_base,mlp,1.0,8.0,7.998197999765249,0.8430910895911763,0.830120822600885,0.012970266990291246,0.004764522228947327,0.009348068070050671,1237,0.03034012754647731,0.7960408810990924,True,0.05,360,paired cluster influence sandwich; asymptotic Bonferroni bounds,,,
200,1.0,validation,state_WA,mlp_stronger,mlp_base:C5:E2,mlp_base,mlp,5.0,2.0,1.9909995955023065,0.8430910895911763,0.828390731292517,0.014700358298659344,0.0038239947105650333,0.009475839094623026,1237,0.028641368897067872,0.7938449792071449,True,0.05,360,paired cluster influence sandwich; asymptotic Bonferroni bounds,,,
200,1.0,validation,state_WA,mlp_stronger,mlp_base:C5:E8,mlp_base,mlp,5.0,8.0,7.998197999765249,0.8430910895911763,0.8419734702133281,0.0011176193778481558,0.0013793760015086004,0.009147884965044586,1237,0.006146364685233889,0.8086233296134043,True,0.05,360,paired cluster influence sandwich; asymptotic Bonferroni bounds,,,
200,1.0,validation,state_WA,mlp_stronger,mlp_stronger:C1:E2,mlp_stronger,mlp,1.0,2.0,1.9948093103901194,0.8430910895911763,0.8266467084406578,0.016444381150518494,0.004833583069690958,0.00949005945042878,1237,0.034066014521683084,0.7920491136760965,True,0.05,360,paired cluster influence sandwich; asymptotic Bonferroni bounds,,,
200,1.0,validation,state_WA,mlp_stronger,mlp_stronger:C1:E8,mlp_stronger,mlp,1.0,8.0,7.995742559457445,0.8430910895911763,0.8273174864606035,0.015773603130572744,0.004724641072025307,0.009430553702217914,1237,0.03299807027661873,0.7929368298273064,True,0.05,360,paired cluster influence sandwich; asymptotic Bonferroni bounds,,,
200,1.0,validation,state_WA,mlp_stronger,mlp_stronger:C5:E2,mlp_stronger,mlp,5.0,2.0,1.9948093103901194,0.8430910895911763,0.83398605194505,0.009105037646126246,0.0032091036799580578,0.009316507683161907,1237,0.020804360422406076,0.8000211690982526,True,0.05,360,paired cluster influence sandwich; asymptotic Bonferroni bounds,,,
200,1.0,validation,state_WA,mlp_stronger,mlp_stronger:C5:E8,mlp_stronger,mlp,5.0,8.0,7.995742559457445,0.8430910895911763,0.8417330220923321,0.001358067498844151,0.0010466060322069702,0.009145190736106416,1237,0.005173644373739917,0.8083927037534272,True,0.05,360,paired cluster influence sandwich; asymptotic Bonferroni bounds,,,
200,1.0,validation,state_WA,mlp_stronger,logistic:C1:E2,logistic,logistic,1.0,2.0,1.9948093103901194,0.8430910895911763,0.8338033939303877,0.009287695660788575,0.004168864996767864,0.009230603008435345,1237,0.0244859884154058,0.8001516909050757,True,0.05,360,paired cluster influence sandwich; asymptotic Bonferroni bounds,,,
200,1.0,validation,state_WA,mlp_stronger,logistic:C1:E8,logistic,logistic,1.0,8.0,7.995742559457445,0.8430910895911763,0.8346176152499836,0.008473474341192722,0.003926086079547735,0.009227272505112268,1237,0.02278667605510193,0.8009780541300975,True,0.05,360,paired cluster influence sandwich; asymptotic Bonferroni bounds,,,
200,1.0,validation,state_WA,mlp_stronger,logistic:C5:E2,logistic,logistic,5.0,2.0,1.9948093103901194,0.8430910895911763,0.8207841085463311,0.022306981044845187,0.005214969445735243,0.009471666751269942,1237,0.04131902206898908,0.7862535674346419,True,0.05,360,paired cluster influence sandwich; asymptotic Bonferroni bounds,,,
200,1.0,validation,state_WA,mlp_stronger,logistic:C5:E8,logistic,logistic,5.0,8.0,7.995742559457445,0.8430910895911763,0.8406246904101448,0.002466399181031531,0.002371077614883072,0.009075452927122583,1237,0.011110558145846074,0.8075386128868631,True,0.05,360,paired cluster influence sandwich; asymptotic Bonferroni bounds,,,
200,1.0,validation,proxy_0.5,mlp_stronger,mlp_base:C1:E2,mlp_base,mlp,1.0,2.0,1.9909995955023065,0.8641361916771754,0.8354439890710383,0.02869220260613703,0.004574726621216769,0.00911961900674276,1166,0.04537306108952245,0.802191056891802,True,0.05,360,paired cluster influence sandwich; asymptotic Bonferroni bounds,,,
200,1.0,validation,proxy_0.5,mlp_stronger,mlp_base:C1:E8,mlp_base,mlp,1.0,8.0,7.998197999765249,0.8641361916771754,0.8371195880622111,0.027016603614964274,0.004466951418334989,0.009066835829825686,1166,0.043304480603247604,0.8040591195594651,True,0.05,360,paired cluster influence sandwich; asymptotic Bonferroni bounds,,,
200,1.0,validation,proxy_0.5,mlp_stronger,mlp_base:C5:E2,mlp_base,mlp,5.0,2.0,1.9909995955023065,0.8641361916771754,0.8491083438419504,0.015027847835224928,0.003090898878915851,0.008957569110427934,1166,0.02629821458162879,0.816446295361674,True,0.05,360,paired cluster influence sandwich; asymptotic Bonferroni bounds,,,
200,1.0,validation,proxy_0.5,mlp_stronger,mlp_base:C5:E8,mlp_base,mlp,5.0,8.0,7.998197999765249,0.8641361916771754,0.8612683900798656,0.002867801597309816,0.001082542351975878,0.008546494955700088,1166,0.006815083538012516,0.8301052442377033,True,0.05,360,paired cluster influence sandwich; asymptotic Bonferroni bounds,,,
200,1.0,validation,proxy_0.5,mlp_stronger,mlp_stronger:C1:E2,mlp_stronger,mlp,1.0,2.0,1.9948093103901194,0.8641361916771754,0.8378509878100041,0.02628520386717126,0.004293256065520016,0.009073920195488926,1166,0.04193973424495098,0.8047646875339397,True,0.05,360,paired cluster influence sandwich; asymptotic Bonferroni bounds,,,
200,1.0,validation,proxy_0.5,mlp_stronger,mlp_stronger:C1:E8,mlp_stronger,mlp,1.0,8.0,7.995742559457445,0.8641361916771754,0.8389218158890291,0.025214375788146226,0.0042346322296252965,0.009042107254623614,1166,0.04065514565272332,0.8059515153673661,True,0.05,360,paired cluster influence sandwich; asymptotic Bonferroni bounds,,,
200,1.0,validation,proxy_0.5,mlp_stronger,mlp_stronger:C5:E2,mlp_stronger,mlp,5.0,2.0,1.9948093103901194,0.8641361916771754,0.8531105506515342,0.011025641025641186,0.0026651863512944774,0.008708864905827085,1166,0.020743729129880487,0.8213553540959017,True,0.05,360,paired cluster influence sandwich; asymptotic Bonferroni bounds,,,
200,1.0,validation,proxy_0.5,mlp_stronger,mlp_stronger:C5:E8,mlp_stronger,mlp,5.0,8.0,7.995742559457445,0.8641361916771754,0.862810004203447,0.0013261874737283685,0.0009153884718402472,0.008487372808347488,1166,0.004663975022665728,0.8318624358711295,True,0.05,360,paired cluster influence sandwich; asymptotic Bonferroni bounds,,,
200,1.0,validation,proxy_0.5,mlp_stronger,logistic:C1:E2,logistic,logistic,1.0,2.0,1.9948093103901194,0.8641361916771754,0.843250315258512,0.02088587641866335,0.003687666677401003,0.008914475605943831,1166,0.03433224186798525,0.8107453989326509,True,0.05,360,paired cluster influence sandwich; asymptotic Bonferroni bounds,,,
200,1.0,validation,proxy_0.5,mlp_stronger,logistic:C1:E8,logistic,logistic,1.0,8.0,7.995742559457445,0.8641361916771754,0.8446122320302647,0.01952395964691067,0.003526874641384475,0.008876861482230294,1166,0.032384027942298214,0.8122444683534236,True,0.05,360,paired cluster influence sandwich; asymptotic Bonferroni bounds,,,
200,1.0,validation,proxy_0.5,mlp_stronger,logistic:C5:E2,logistic,logistic,5.0,2.0,1.9948093103901194,0.8641361916771754,0.8423013871374526,0.021834804539722752,0.0038160257458448883,0.00900151821446329,1166,0.0357492065807486,0.8094790867239819,True,0.05,360,paired cluster influence sandwich; asymptotic Bonferroni bounds,,,
200,1.0,validation,proxy_0.5,mlp_stronger,logistic:C5:E8,logistic,logistic,5.0,8.0,7.995742559457445,0.8641361916771754,0.8566540563261874,0.007482135350987962,0.0018287162809319602,0.008607339923725305,1166,0.014150196639506103,0.8252690510408077,True,0.05,360,paired cluster influence sandwich; asymptotic Bonferroni bounds,,,
200,1.0,validation,proxy_0.75,mlp_stronger,mlp_base:C1:E2,mlp_base,mlp,1.0,2.0,1.9909995955023065,0.8634688944934846,0.8351408154686842,0.02832807902480039,0.004576821912373379,0.009122459433532239,1166,0.045016577583355075,0.8018775262208774,True,0.05,360,paired cluster influence sandwich; asymptotic Bonferroni bounds,,,
200,1.0,validation,proxy_0.75,mlp_stronger,mlp_base:C1:E8,mlp_base,mlp,1.0,8.0,7.998197999765249,0.8634688944934846,0.8369020596889448,0.026566834804539807,0.004450337349242038,0.009065597527618013,1166,0.04279413179355336,0.8038461064164183,True,0.05,360,paired cluster influence sandwich; asymptotic Bonferroni bounds,,,
200,1.0,validation,proxy_0.75,mlp_stronger,mlp_base:C5:E2,mlp_base,mlp,5.0,2.0,1.9909995955023065,0.8634688944934846,0.8481699243379571,0.015298970155527503,0.003147398248461206,0.008977928512090875,1166,0.026775350958250187,0.815433639225404,True,0.05,360,paired cluster influence sandwich; asymptotic Bonferroni bounds,,,
200,1.0,validation,proxy_0.75,mlp_stronger,mlp_base:C5:E8,mlp_base,mlp,5.0,8.0,7.998197999765249,0.8634688944934846,0.8605989911727616,0.0028699033207230107,0.0010997772132129218,0.008538331919955372,1166,0.006880028859542061,0.8294656102663708,True,0.05,360,paired cluster influence sandwich; asymptotic Bonferroni bounds,,,
200,1.0,validation,proxy_0.75,mlp_stronger,mlp_stronger:C1:E2,mlp_stronger,mlp,1.0,2.0,1.9948093103901194,0.8634688944934846,0.8374432534678435,0.02602564102564109,0.004298662976324271,0.009079257836329967,1166,0.041699886661058234,0.8043374905137053,True,0.05,360,paired cluster influence sandwich; asymptotic Bonferroni bounds,,,
200,1.0,validation,proxy_0.75,mlp_stronger,mlp_stronger:C1:E8,mlp_stronger,mlp,1.0,8.0,7.995742559457445,0.8634688944934846,0.838753678015973,0.024715216477511626,0.004230273487328234,0.009039544755151506,1166,0.04014009302879527,0.8057927211545103,True,0.05,360,paired cluster influence sandwich; asymptotic Bonferroni bounds,,,
200,1.0,validation,proxy_0.75,mlp_stronger,mlp_stronger:C5:E2,mlp_stronger,mlp,5.0,2.0,1.9948093103901194,0.8634688944934846,0.851817990752417,0.011650903741067586,0.002716635208511649,0.008749093255246266,1166,0.021556590182307246,0.819916109277828,True,0.05,360,paired cluster influence sandwich; asymptotic Bonferroni bounds,,,
200,1.0,validation,proxy_0.75,mlp_stronger,mlp_stronger:C5:E8,mlp_stronger,mlp,5.0,8.0,7.995742559457445,0.8634688944934846,0.8618253467843632,0.0016435477091214512,0.000937759899127358,0.008489063834691616,1166,0.0050629083537968,0.8308716124505611,True,0.05,360,paired cluster influence sandwich; asymptotic Bonferroni bounds,,,
200,1.0,validation,proxy_0.75,mlp_stronger,logistic:C1:E2,logistic,logistic,1.0,2.0,1.9948093103901194,0.8634688944934846,0.843402690205969,0.0200662042875156,0.0036880301122980425,0.008914877079992408,1166,0.03351389493210869,0.8108963099824057,True,0.05,360,paired cluster influence sandwich; asymptotic Bonferroni bounds,,,
200,1.0,validation,proxy_0.75,mlp_stronger,logistic:C1:E8,logistic,logistic,1.0,8.0,7.995742559457445,0.8634688944934846,0.8446658259773013,0.018803068516183297,0.0035101328378171655,0.008868808636743074,1166,0.03160209105317126,0.8123274254487055,True,0.05,360,paired cluster influence sandwich; asymptotic Bonferroni bounds,,,
200,1.0,validation,proxy_0.75,mlp_stronger,logistic:C5:E2,logistic,logistic,5.0,2.0,1.9948093103901194,0.8634688944934846,0.8417307692307692,0.021738125262715458,0.003957832353866063,0.009052322451076794,1166,0.036169597755435524,0.8087232209650278,True,0.05,360,paired cluster influence sandwich; asymptotic Bonferroni bounds,,,
200,1.0,validation,proxy_0.75,mlp_stronger,logistic:C5:E8,logistic,logistic,5.0,8.0,7.995742559457445,0.8634688944934846,0.8561475409836066,0.007321353509878059,0.001894008385607215,0.00861571211812727,1166,0.014227489867870109,0.8247320081057438,True,0.05,360,paired cluster influence sandwich; asymptotic Bonferroni bounds,,,
200,1.0,test,source,mlp_stronger,mlp_base:C1:E2,mlp_base,mlp,1.0,2.0,1.9909995955023065,0.8510410777187397,0.8256932795640145,0.02534779815472521,0.004958121759895899,0.009338542265591651,1146,0.043427598722210706,0.7916402671675468,True,0.05,360,paired cluster influence sandwich; asymptotic Bonferroni bounds,0.0007194926275432278,0.02267703319141323,0.00195127233576875
200,1.0,test,source,mlp_stronger,mlp_base:C1:E8,mlp_base,mlp,1.0,8.0,7.998197999765249,0.8510410777187397,0.8271603781345044,0.023880699584235332,0.004814662205129852,0.009258594074316272,1146,0.0414373746083649,0.7933988969718361,True,0.05,360,paired cluster influence sandwich; asymptotic Bonferroni bounds,0.0007194926275432278,0.02267703319141323,0.00048417376527887246
200,1.0,test,source,mlp_stronger,mlp_base:C5:E2,mlp_base,mlp,5.0,2.0,1.9909995955023065,0.8510410777187397,0.8391803823202649,0.011860695398474785,0.0032275072026886884,0.008901549824972469,1146,0.02362980664272137,0.8067208637019854,True,0.05,360,paired cluster influence sandwich; asymptotic Bonferroni bounds,0.0007194926275432278,0.0001499376821507692,0.010991265088780788
200,1.0,test,source,mlp_stronger,mlp_base:C5:E8,mlp_base,mlp,5.0,8.0,7.998197999765249,0.8510410777187397,0.8493355365842739,0.00170554113446586,0.0011673651447832785,0.008583449174490911,1146,0.005962340388132968,0.8180359726019641,True,0.05,360,paired cluster influence sandwich; asymptotic Bonferroni bounds,0.0007194926275432278,0.0001499376821507692,0.0008361108247718629
200,1.0,test,source,mlp_stronger,mlp_stronger:C1:E2,mlp_stronger,mlp,1.0,2.0,1.9948093103901194,0.8510410777187397,0.8294958657807848,0.02154521193795489,0.00457748664698491,0.009130065445319918,1146,0.03823702583151943,0.796203064511834,True,0.05,360,paired cluster influence sandwich; asymptotic Bonferroni bounds,0.0,0.020257205598922856,0.0012880063390320329
200,1.0,test,source,mlp_stronger,mlp_stronger:C1:E8,mlp_stronger,mlp,1.0,8.0,7.995742559457445,0.8510410777187397,0.8305818727424746,0.020459204976265077,0.004519010150094864,0.009107562255576311,1146,0.03693778421105041,0.7973711293983589,True,0.05,360,paired cluster influence sandwich; asymptotic Bonferroni bounds,0.0,0.020257205598922856,0.0002019993773422213
200,1.0,test,source,mlp_stronger,mlp_stronger:C5:E2,mlp_stronger,mlp,5.0,2.0,1.9948093103901194,0.8510410777187397,0.8407078724571767,0.010333205261563005,0.0027388335772274637,0.008937347693967309,1146,0.02032036718734135,0.8081178168405115,True,0.05,360,paired cluster influence sandwich; asymptotic Bonferroni bounds,0.0,0.00017284482803492374,0.010160360433528082
200,1.0,test,source,mlp_stronger,mlp_stronger:C5:E8,mlp_stronger,mlp,5.0,8.0,7.995742559457445,0.8510410777187397,0.8497520301458039,0.0012890475729357975,0.0009018259132331681,0.00855989588317562,1146,0.004577557506219182,0.8185383532857373,True,0.05,360,paired cluster influence sandwich; asymptotic Bonferroni bounds,0.0,0.00017284482803492374,0.0011162027449008738
200,1.0,test,source,mlp_stronger,logistic:C1:E2,logistic,logistic,1.0,2.0,1.9948093103901194,0.8510410777187397,0.8336503890570482,0.017390688661691467,0.00398928726163578,0.008990176564379003,1146,0.03193763236125475,0.8008676928624581,True,0.05,360,paired cluster influence sandwich; asymptotic Bonferroni bounds,0.0030669544637175195,0.01188099945959964,0.002442734738374308
200,1.0,test,source,mlp_stronger,logistic:C1:E8,logistic,logistic,1.0,8.0,7.995742559457445,0.8510410777187397,0.8355110740431841,0.01553000367555557,0.0038340268868270397,0.008964193334789192,1146,0.029510790118699635,0.8028231257454452,True,0.05,360,paired cluster influence sandwich; asymptotic Bonferroni bounds,0.0030669544637175195,0.01188099945959964,0.0005820497522384116
200,1.0,test,source,mlp_stronger,logistic:C5:E2,logistic,logistic,5.0,2.0,1.9948093103901194,0.8510410777187397,0.8269469251842203,0.02409415253451941,0.003954083700646925,0.009020023781951705,1146,0.03851272638098792,0.7940553910531409,True,0.05,360,paired cluster influence sandwich; asymptotic Bonferroni bounds,0.0030669544637175195,5.206169519933468e-07,0.021026677453849896
200,1.0,test,source,mlp_stronger,logistic:C5:E8,logistic,logistic,5.0,8.0,7.995742559457445,0.8510410777187397,0.8442897170863359,0.00675136063240378,0.0020086836707489866,0.008646612423500835,1146,0.014076029514893847,0.8127598281945956,True,0.05,360,paired cluster influence sandwich; asymptotic Bonferroni bounds,0.0030669544637175195,5.206169519933468e-07,0.0036838855517342672
200,1.0,test,state_CO,mlp_stronger,mlp_base:C1:E2,mlp_base,mlp,1.0,2.0,1.9909995955023065,0.8225463109269904,0.8053006338190491,0.017245677107941226,0.0052709412094873245,0.009955385876257657,1200,0.036463481482951025,0.7690033862035206,True,0.05,360,paired cluster influence sandwich; asymptotic Bonferroni bounds,-0.00018147854954830844,0.015860599442422907,0.001566556215066628
200,1.0,test,state_CO,mlp_stronger,mlp_base:C1:E8,mlp_base,mlp,1.0,8.0,7.998197999765249,0.8225463109269904,0.8065042329350193,0.016042077991971104,0.005147787639597104,0.009928503308341182,1200,0.03481086555571873,0.7703049989210059,True,0.05,360,paired cluster influence sandwich; asymptotic Bonferroni bounds,-0.00018147854954830844,0.015860599442422907,0.00036295709909650586
200,1.0,test,state_CO,mlp_stronger,mlp_base:C5:E2,mlp_base,mlp,5.0,2.0,1.9909995955023065,0.8225463109269904,0.8068098261247759,0.015736484802214457,0.003951738414159684,0.009747232586728844,1200,0.030144487617316786,0.771271503535954,True,0.05,360,paired cluster influence sandwich; asymptotic Bonferroni bounds,-0.00018147854954830844,-0.0002169398753222307,0.016134903227084996
200,1.0,test,state_CO,mlp_stronger,mlp_base:C5:E8,mlp_base,mlp,5.0,8.0,7.998197999765249,0.8225463109269904,0.822010219119704,0.0005360918072864207,0.0013844914941644815,0.009463406447675356,1200,0.005583935377582271,0.7875067240882501,True,0.05,360,paired cluster influence sandwich; asymptotic Bonferroni bounds,-0.00018147854954830844,-0.0002169398753222307,0.0009345102321569598
200,1.0,test,state_CO,mlp_stronger,mlp_stronger:C1:E2,mlp_stronger,mlp,1.0,2.0,1.9948093103901194,0.8225463109269904,0.8065595108840196,0.015986800042970817,0.004994517542106699,0.009949102029889799,1200,0.03419676620593948,0.7702851741159887,True,0.05,360,paired cluster influence sandwich; asymptotic Bonferroni bounds,-1.1102230246251565e-16,0.015484083601118637,0.0005027164418522911
200,1.0,test,state_CO,mlp_stronger,mlp_stronger:C1:E8,mlp_stronger,mlp,1.0,8.0,7.995742559457445,0.8225463109269904,0.8070444966629851,0.01550181426400532,0.004857086973456658,0.009913078043719058,1200,0.03321070980628313,0.7709015030254356,True,0.05,360,paired cluster influence sandwich; asymptotic Bonferroni bounds,-1.1102230246251565e-16,0.015484083601118637,1.773066288679459e-05
200,1.0,test,state_CO,mlp_stronger,mlp_stronger:C5:E2,mlp_stronger,mlp,5.0,2.0,1.9948093103901194,0.8225463109269904,0.8125691626225111,0.009977148304479266,0.0033098814020287247,0.00974009153511425,1200,0.02204494621013226,0.7770568762438284,True,0.05,360,paired cluster influence sandwich; asymptotic Bonferroni bounds,-1.1102230246251565e-16,-0.00015123212462353486,0.010128380429102912
200,1.0,test,state_CO,mlp_stronger,mlp_stronger:C5:E8,mlp_stronger,mlp,5.0,8.0,7.995742559457445,0.8225463109269904,0.8226339212612551,-8.761033426474274e-05,0.001070929852587436,0.009485598332840978,1200,0.0038169903031582686,0.7880495148155252,True,0.05,360,paired cluster influence sandwich; asymptotic Bonferroni bounds,-1.1102230246251565e-16,-0.00015123212462353486,6.362179035890314e-05
200,1.0,test,state_CO,mlp_stronger,logistic:C1:E2,logistic,logistic,1.0,2.0,1.9948093103901194,0.8225463109269904,0.8117472942486945,0.010799016678295859,0.004335307310574017,0.009752630063410808,1200,0.02660550824951657,0.7761892925082998,True,0.05,360,paired cluster influence sandwich; asymptotic Bonferroni bounds,0.0007561606231181184,0.009183440395247544,0.0008594156599301961
200,1.0,test,state_CO,mlp_stronger,logistic:C1:E8,logistic,logistic,1.0,8.0,7.995742559457445,0.8225463109269904,0.8125159706338503,0.010030340293140094,0.0041110978666611,0.00974813369663233,1200,0.025019366242776446,0.7769743626064023,True,0.05,360,paired cluster influence sandwich; asymptotic Bonferroni bounds,0.0007561606231181184,0.009183440395247544,9.073927477443178e-05
200,1.0,test,state_CO,mlp_stronger,logistic:C5:E2,logistic,logistic,5.0,2.0,1.9948093103901194,0.8225463109269904,0.8067858375808702,0.015760473346120185,0.004828523418756177,0.009780146335501286,1200,0.03336522642414498,0.7711275117592256,True,0.05,360,paired cluster influence sandwich; asymptotic Bonferroni bounds,0.0007561606231181184,0.0,0.015004312723002067
200,1.0,test,state_CO,mlp_stronger,logistic:C5:E8,logistic,logistic,5.0,8.0,7.995742559457445,0.8225463109269904,0.8207575999357524,0.0017887109912380073,0.0023588025565441017,0.009486644382131685,1200,0.010388883956427774,0.7861693796036905,True,0.05,360,paired cluster influence sandwich; asymptotic Bonferroni bounds,0.0007561606231181184,0.0,0.0010325503681198889
200,1.0,test,state_UT,mlp_stronger,mlp_base:C1:E2,mlp_base,mlp,1.0,2.0,1.9909995955023065,0.860072787884583,0.849873512458108,0.010199275426474919,0.004448019215711083,0.009226371761581538,1085,0.026421826291490404,0.8162236386731381,True,0.05,360,paired cluster influence sandwich; asymptotic Bonferroni bounds,0.0018002193316405402,0.006437112141269297,0.0019619439535650818
200,1.0,test,state_UT,mlp_stronger,mlp_base:C1:E8,mlp_base,mlp,1.0,8.0,7.998197999765249,0.860072787884583,0.8513042441498773,0.008768543734705703,0.004366299981366871,0.00914389180014981,1085,0.024693053073480353,0.8179551863696909,True,0.05,360,paired cluster influence sandwich; asymptotic Bonferroni bounds,0.0018002193316405402,0.006437112141269297,0.0005312122617958659
200,1.0,test,state_UT,mlp_stronger,mlp_base:C5:E2,mlp_base,mlp,5.0,2.0,1.9909995955023065,0.860072787884583,0.8392114921280245,0.020861295756558484,0.003281300538801309,0.009512669483393953,1085,0.032828659725240704,0.8045174503371622,True,0.05,360,paired cluster influence sandwich; asymptotic Bonferroni bounds,0.0018002193316405402,-0.00036712669648530927,0.019428203121403254
200,1.0,test,state_UT,mlp_stronger,mlp_base:C5:E8,mlp_base,mlp,5.0,8.0,7.998197999765249,0.860072787884583,0.8564003404480363,0.003672447436546711,0.0011754313146423718,0.008985733117823542,1085,0.007959410546500253,0.8236281095978504,True,0.05,360,paired cluster influence sandwich; asymptotic Bonferroni bounds,0.0018002193316405402,-0.00036712669648530927,0.00223935480139148
200,1.0,test,state_UT,mlp_stronger,mlp_stronger:C1:E2,mlp_stronger,mlp,1.0,2.0,1.9948093103901194,0.860072787884583,0.8512027235842898,0.008870064300293135,0.004334392966365766,0.0091452920149307,1085,0.024678204273580796,0.8178485590241181,True,0.05,360,paired cluster influence sandwich; asymptotic Bonferroni bounds,0.0,0.008788611753484443,8.14525468086913e-05
200,1.0,test,state_UT,mlp_stronger,mlp_stronger:C1:E8,mlp_stronger,mlp,1.0,8.0,7.995742559457445,0.860072787884583,0.8515533236770749,0.008519464207508043,0.004158184641181277,0.009098167290331598,1085,0.023684947667971357,0.8183710296068302,True,0.05,360,paired cluster influence sandwich; asymptotic Bonferroni bounds,0.0,0.008788611753484443,-0.00026914754597640034
200,1.0,test,state_UT,mlp_stronger,mlp_stronger:C5:E2,mlp_stronger,mlp,5.0,2.0,1.9948093103901194,0.860072787884583,0.8527574048038113,0.00731538308077162,0.0030315313786561954,0.009282320244858361,1085,0.018371803838899713,0.8189034790415988,True,0.05,360,paired cluster influence sandwich; asymptotic Bonferroni bounds,0.0,6.964782987983753e-05,0.007245735250891783
200,1.0,test,state_UT,mlp_stronger,mlp_stronger:C5:E8,mlp_stronger,mlp,5.0,8.0,7.995742559457445,0.860072787884583,0.8616109425004044,-0.0015381546158214077,0.001082193067387392,0.00892751394096899,1085,0.0024087555098023456,0.829051045165889,True,0.05,360,paired cluster influence sandwich; asymptotic Bonferroni bounds,0.0,6.964782987983753e-05,-0.0016078024457012452
200,1.0,test,state_UT,mlp_stronger,logistic:C1:E2,logistic,logistic,1.0,2.0,1.9948093103901194,0.860072787884583,0.8550616855483114,0.005011102336271556,0.003640805921906086,0.008962038193556836,1085,0.018289632934599682,0.8223758734152034,True,0.05,360,paired cluster influence sandwich; asymptotic Bonferroni bounds,-0.0007696675437569578,0.006615363366894056,-0.0008345934868655425
200,1.0,test,state_UT,mlp_stronger,logistic:C1:E8,logistic,logistic,1.0,8.0,7.995742559457445,0.860072787884583,0.8547075440404477,0.005365243844135281,0.003477873548036919,0.008980814738018901,1085,0.018049537188875524,0.8219532512122631,True,0.05,360,paired cluster influence sandwich; asymptotic Bonferroni bounds,-0.0007696675437569578,0.006615363366894056,-0.0004804519790018169
200,1.0,test,state_UT,mlp_stronger,logistic:C5:E2,logistic,logistic,5.0,2.0,1.9948093103901194,0.860072787884583,0.8482456419936277,0.011827145890955237,0.004050149847641664,0.009019198315646192,1085,0.0265986112844108,0.8153513588663365,True,0.05,360,paired cluster influence sandwich; asymptotic Bonferroni bounds,-0.0007696675437569578,0.0,0.012596813434712195
200,1.0,test,state_UT,mlp_stronger,logistic:C5:E8,logistic,logistic,5.0,8.0,7.995742559457445,0.860072787884583,0.8609239079751487,-0.0008511200905657601,0.001965114188713265,0.008805943867540142,1085,0.006315927382916932,0.8288073937746129,True,0.05,360,paired cluster influence sandwich; asymptotic Bonferroni bounds,-0.0007696675437569578,0.0,-8.145254680880232e-05
201,1.0,validation,source,mlp_base,mlp_base:C1:E2,mlp_base,mlp,1.0,2.0,1.9909995955023065,0.8591150060876623,0.8256286356872294,0.0334863704004329,0.004357142237978242,0.009553124611804457,1149,0.049374568801926644,0.790793431579463,True,0.05,360,paired cluster influence sandwich; asymptotic Bonferroni bounds,,,
201,1.0,validation,source,mlp_base,mlp_base:C1:E8,mlp_base,mlp,1.0,8.0,7.998197999765249,0.8591150060876623,0.8266950334821429,0.03241997260551943,0.00425510446227673,0.009506613240765129,1149,0.047936093086154444,0.7920294317996903,True,0.05,360,paired cluster influence sandwich; asymptotic Bonferroni bounds,,,
201,1.0,validation,source,mlp_base,mlp_base:C5:E2,mlp_base,mlp,5.0,2.0,1.9909995955023065,0.8591150060876623,0.8435291108630952,0.015585895224567103,0.003120392750089359,0.008975627334478795,1149,0.026964320898135857,0.8107997345702891,True,0.05,360,paired cluster influence sandwich; asymptotic Bonferroni bounds,,,
201,1.0,validation,source,mlp_base,mlp_base:C5:E8,mlp_base,mlp,5.0,8.0,7.998197999765249,0.8591150060876623,0.8569991206709956,0.0021158854166667407,0.0009682420920448934,0.008550403918113653,1149,0.005646553368012942,0.8258203097798149,True,0.05,360,paired cluster influence sandwich; asymptotic Bonferroni bounds,,,
201,1.0,validation,source,mlp_base,mlp_stronger:C1:E2,mlp_stronger,mlp,1.0,2.0,1.9948093103901194,0.8591150060876623,0.8207722453327922,0.03834276075487009,0.004676508593736139,0.009691319865893085,1149,0.0553955197205831,0.7854331160614251,True,0.05,360,paired cluster influence sandwich; asymptotic Bonferroni bounds,,,
201,1.0,validation,source,mlp_base,mlp_stronger:C1:E8,mlp_stronger,mlp,1.0,8.0,7.995742559457445,0.8591150060876623,0.8218576670725107,0.0372573390151516,0.004555445251244921,0.009651441691061788,1149,0.05386864385804925,0.7866639524603407,True,0.05,360,paired cluster influence sandwich; asymptotic Bonferroni bounds,,,
201,1.0,validation,source,mlp_base,mlp_stronger:C5:E2,mlp_stronger,mlp,5.0,2.0,1.9948093103901194,0.8591150060876623,0.8452264694940476,0.013888536593614775,0.003137718622158067,0.008869290815037897,1149,0.025330140579451405,0.8128848463719951,True,0.05,360,paired cluster influence sandwich; asymptotic Bonferroni bounds,,,
201,1.0,validation,source,mlp_base,mlp_stronger:C5:E8,mlp_stronger,mlp,5.0,8.0,7.995742559457445,0.8591150060876623,0.8548726663961039,0.0042423396915584055,0.00125027603770596,0.008580809446752187,1149,0.008801436608468598,0.8235829825875095,True,0.05,360,paired cluster influence sandwich; asymptotic Bonferroni bounds,,,
201,1.0,validation,source,mlp_base,logistic:C1:E2,logistic,logistic,1.0,2.0,1.9948093103901194,0.8591150060876623,0.8303634841720781,0.028751521915584277,0.0037232980495304126,0.009417810828255557,1149,0.04232842505250898,0.7960216980254566,True,0.05,360,paired cluster influence sandwich; asymptotic Bonferroni bounds,,,
201,1.0,validation,source,mlp_base,logistic:C1:E8,logistic,logistic,1.0,8.0,7.995742559457445,0.8591150060876623,0.8317628010010824,0.027352205086579984,0.003627123615811863,0.009372133350311897,1149,0.040578410816669366,0.7975875765117147,True,0.05,360,paired cluster influence sandwich; asymptotic Bonferroni bounds,,,
201,1.0,validation,source,mlp_base,logistic:C5:E2,logistic,logistic,5.0,2.0,1.9948093103901194,0.8591150060876623,0.8246763815611472,0.03443862452651514,0.00446034618037992,0.009543829480020428,1149,0.05070315324341651,0.789875071893793,True,0.05,360,paired cluster influence sandwich; asymptotic Bonferroni bounds,,,
201,1.0,validation,source,mlp_base,logistic:C5:E8,logistic,logistic,5.0,8.0,7.995742559457445,0.8591150060876623,0.8463721337256493,0.012742872362012991,0.002148005215450479,0.008898755991803883,1149,0.020575513842718073,0.8139230666532222,True,0.05,360,paired cluster influence sandwich; asymptotic Bonferroni bounds,,,
201,1.0,validation,state_OR,mlp_base,mlp_base:C1:E2,mlp_base,mlp,1.0,2.0,1.9909995955023065,0.8378753020438859,0.8140633413285036,0.023811960715382385,0.005190640321478838,0.00993063994888409,1224,0.042735885519141384,0.7778584278675866,True,0.05,360,paired cluster influence sandwich; asymptotic Bonferroni bounds,,,
201,1.0,validation,state_OR,mlp_base,mlp_base:C1:E8,mlp_base,mlp,1.0,8.0,7.998197999765249,0.8378753020438859,0.815478441965299,0.02239686007858699,0.0050441232976839445,0.009893447733790549,1224,0.0407866162694117,0.7794091230819533,True,0.05,360,paired cluster influence sandwich; asymptotic Bonferroni bounds,,,
201,1.0,validation,state_OR,mlp_base,mlp_base:C5:E2,mlp_base,mlp,5.0,2.0,1.9909995955023065,0.8378753020438859,0.812040815418367,0.025834486625518904,0.004027319851188507,0.0099509677436921,1224,0.040517202688354056,0.7757617913205058,True,0.05,360,paired cluster influence sandwich; asymptotic Bonferroni bounds,,,
201,1.0,validation,state_OR,mlp_base,mlp_base:C5:E8,mlp_base,mlp,5.0,8.0,7.998197999765249,0.8378753020438859,0.8339120190104086,0.003963283033477372,0.0012797715740005123,0.009398067631371238,1224,0.008629046702780136,0.7996487462460108,True,0.05,360,paired cluster influence sandwich; asymptotic Bonferroni bounds,,,
201,1.0,validation,state_OR,mlp_base,mlp_stronger:C1:E2,mlp_stronger,mlp,1.0,2.0,1.9948093103901194,0.8378753020438859,0.811978515390332,0.025896786653553994,0.0057529804502718,0.010051133055477729,1224,0.04687087899972176,0.7753343107538901,True,0.05,360,paired cluster influence sandwich; asymptotic Bonferroni bounds,,,
201,1.0,validation,state_OR,mlp_base,mlp_stronger:C1:E8,mlp_stronger,mlp,1.0,8.0,7.995742559457445,0.8378753020438859,0.8119095403592932,0.025965761684592747,0.005544013990081394,0.01004028181601095,1224,0.04617800860625915,0.7753048969382272,True,0.05,360,paired cluster influence sandwich; asymptotic Bonferroni bounds,,,
201,1.0,validation,state_OR,mlp_base,mlp_stronger:C5:E2,mlp_stronger,mlp,5.0,2.0,1.9948093103901194,0.8378753020438859,0.82460873357393,0.013266568469955886,0.004134592143471896,0.009657751742836406,1224,0.02834037554795877,0.7893987100632395,True,0.05,360,paired cluster influence sandwich; asymptotic Bonferroni bounds,,,
201,1.0,validation,state_OR,mlp_base,mlp_stronger:C5:E8,mlp_stronger,mlp,5.0,8.0,7.995742559457445,0.8378753020438859,0.8356747760536491,0.00220052599023679,0.0015938155000062694,0.009392331951655404,1224,0.008011224248094716,0.8014324143069522,True,0.05,360,paired cluster influence sandwich; asymptotic Bonferroni bounds,,,
201,1.0,validation,state_OR,mlp_base,logistic:C1:E2,logistic,logistic,1.0,2.0,1.9948093103901194,0.8378753020438859,0.8181317556592901,0.019743546384595856,0.004898216669130697,0.00985857749146219,1224,0.03760135932832519,0.7821895659551673,True,0.05,360,paired cluster influence sandwich; asymptotic Bonferroni bounds,,,
201,1.0,validation,state_OR,mlp_base,logistic:C1:E8,logistic,logistic,1.0,8.0,7.995742559457445,0.8378753020438859,0.8194767687645459,0.018398533279340046,0.004540425211836905,0.00981819653953881,1224,0.03495191782620329,0.7836817990661207,True,0.05,360,paired cluster influence sandwich; asymptotic Bonferroni bounds,,,
201,1.0,validation,state_OR,mlp_base,logistic:C5:E2,logistic,logistic,5.0,2.0,1.9948093103901194,0.8378753020438859,0.8048529496838273,0.03302235236005868,0.006448015759087393,0.010223675612391729,1224,0.056530389480931316,0.7675796931057631,True,0.05,360,paired cluster influence sandwich; asymptotic Bonferroni bounds,,,
201,1.0,validation,state_OR,mlp_base,logistic:C5:E8,logistic,logistic,5.0,8.0,7.995742559457445,0.8378753020438859,0.8307230363253663,0.007152265718519679,0.002971368518234591,0.009494797455653375,1224,0.017985217131209357,0.7961071080488111,True,0.05,360,paired cluster influence sandwich; asymptotic Bonferroni bounds,,,
201,1.0,validation,state_WA,mlp_base,mlp_base:C1:E2,mlp_base,mlp,1.0,2.0,1.9909995955023065,0.8446895273401298,0.8287735557615077,0.015915971578622123,0.0042089630510422004,0.00899826606815801,1202,0.031261737193401036,0.7959661206885913,True,0.05,360,paired cluster influence sandwich; asymptotic Bonferroni bounds,,,
201,1.0,validation,state_WA,mlp_base,mlp_base:C1:E8,mlp_base,mlp,1.0,8.0,7.998197999765249,0.8446895273401298,0.8292287097106373,0.015460817629492474,0.0041009627747790505,0.008993226016882428,1202,0.030412817153724386,0.7964396505285576,True,0.05,360,paired cluster influence sandwich; asymptotic Bonferroni bounds,,,
201,1.0,validation,state_WA,mlp_base,mlp_base:C5:E2,mlp_base,mlp,5.0,2.0,1.9909995955023065,0.8446895273401298,0.8326619297703635,0.012027597569766346,0.0031992370236051627,0.008930825418089643,1202,0.023691929357666258,0.8001003814862611,True,0.05,360,paired cluster influence sandwich; asymptotic Bonferroni bounds,,,
201,1.0,validation,state_WA,mlp_base,mlp_base:C5:E8,mlp_base,mlp,5.0,8.0,7.998197999765249,0.8446895273401298,0.8434404283801875,0.0012490989599422964,0.0010331176715709272,0.008689831638356653,1202,0.005015818089607242,0.8117575369085953,True,0.05,360,paired cluster influence sandwich; asymptotic Bonferroni bounds,,,
201,1.0,validation,state_WA,mlp_base,mlp_stronger:C1:E2,mlp_stronger,mlp,1.0,2.0,1.9948093103901194,0.8446895273401298,0.8255370198743694,0.01915250746576036,0.004529815393609903,0.00912712065859188,1202,0.035668092056445354,0.7922597844446415,True,0.05,360,paired cluster influence sandwich; asymptotic Bonferroni bounds,,,
201,1.0,validation,state_WA,mlp_base,mlp_stronger:C1:E8,mlp_stronger,mlp,1.0,8.0,7.995742559457445,0.8446895273401298,0.8254391926681084,0.01925033467202142,0.004411294902239303,0.009110600747847225,1202,0.03533379675199173,0.7922221883868106,True,0.05,360,paired cluster influence sandwich; asymptotic Bonferroni bounds,,,
201,1.0,validation,state_WA,mlp_base,mlp_stronger:C5:E2,mlp_stronger,mlp,5.0,2.0,1.9948093103901194,0.8446895273401298,0.8274214807949749,0.017268046545154903,0.003704968801154827,0.009167908013436903,1202,0.03077626273596041,0.7939955357710052,True,0.05,360,paired cluster influence sandwich; asymptotic Bonferroni bounds,,,
201,1.0,validation,state_WA,mlp_base,mlp_stronger:C5:E8,mlp_stronger,mlp,5.0,8.0,7.995742559457445,0.8446895273401298,0.840344969622078,0.004344557718051756,0.0014727224870214274,0.00880407614066493,1202,0.009714064132665921,0.808245545780413,True,0.05,360,paired cluster influence sandwich; asymptotic Bonferroni bounds,,,
201,1.0,validation,state_WA,mlp_base,logistic:C1:E2,logistic,logistic,1.0,2.0,1.9948093103901194,0.8446895273401298,0.8252795798578931,0.019409947482236678,0.0037619949944407223,0.009109421898849347,1202,0.03312607963368521,0.792066873628205,True,0.05,360,paired cluster influence sandwich; asymptotic Bonferroni bounds,,,
201,1.0,validation,state_WA,mlp_base,logistic:C1:E8,logistic,logistic,1.0,8.0,7.995742559457445,0.8446895273401298,0.8294542271650707,0.015235300175059141,0.0035389023130514754,0.009008599080766561,1202,0.028138042435112875,0.7966091182072419,True,0.05,360,paired cluster influence sandwich; asymptotic Bonferroni bounds,,,
201,1.0,validation,state_WA,mlp_base,logistic:C5:E2,logistic,logistic,5.0,2.0,1.9948093103901194,0.8446895273401298,0.7957048707651118,0.04898465657501805,0.00551535801298102,0.009808367245600018,1202,0.06909350293988267,0.7599438286772316,True,0.05,360,paired cluster influence sandwich; asymptotic Bonferroni bounds,,,
201,1.0,validation,state_WA,mlp_base,logistic:C5:E8,logistic,logistic,5.0,8.0,7.995742559457445,0.8446895273401298,0.8302399340953558,0.014449593244774017,0.0024710567451770816,0.00897996517168756,1202,0.02345899940311897,0.7974992235967276,True,0.05,360,paired cluster influence sandwich; asymptotic Bonferroni bounds,,,
201,1.0,validation,proxy_0.5,mlp_base,mlp_base:C1:E2,mlp_base,mlp,1.0,2.0,1.9909995955023065,0.8566619740936149,0.8230212983630952,0.033640675730519654,0.004250931888311595,0.009621146078362619,1149,0.04914158103584432,0.7879380558629127,True,0.05,360,paired cluster influence sandwich; asymptotic Bonferroni bounds,,,
201,1.0,validation,proxy_0.5,mlp_base,mlp_base:C1:E8,mlp_base,mlp,1.0,8.0,7.998197999765249,0.8566619740936149,0.8236247801677489,0.033037193925866015,0.004147304324168538,0.009589800683508847,1149,0.048160224190844876,0.7886558377810832,True,0.05,360,paired cluster influence sandwich; asymptotic Bonferroni bounds,,,
201,1.0,validation,proxy_0.5,mlp_base,mlp_base:C5:E2,mlp_base,mlp,5.0,2.0,1.9909995955023065,0.8566619740936149,0.8432934253246754,0.013368548768939448,0.0029676679478512703,0.008995650653293937,1149,0.024190067684303866,0.8104910345548071,True,0.05,360,paired cluster influence sandwich; asymptotic Bonferroni bounds,,,
201,1.0,validation,proxy_0.5,mlp_base,mlp_base:C5:E8,mlp_base,mlp,5.0,8.0,7.998197999765249,0.8566619740936149,0.8552341213474026,0.0014278527462122659,0.0009057311610786592,0.008580831139147895,1149,0.004730576320439749,0.8239443584380886,True,0.05,360,paired cluster influence sandwich; asymptotic Bonferroni bounds,,,
201,1.0,validation,proxy_0.5,mlp_base,mlp_stronger:C1:E2,mlp_stronger,mlp,1.0,2.0,1.9948093103901194,0.8566619740936149,0.8176037016369048,0.03905827245671012,0.004599933344347234,0.00978200374885337,1149,0.055831801898004546,0.7819338960998576,True,0.05,360,paired cluster influence sandwich; asymptotic Bonferroni bounds,,,
201,1.0,validation,proxy_0.5,mlp_base,mlp_stronger:C1:E8,mlp_stronger,mlp,1.0,8.0,7.995742559457445,0.8566619740936149,0.8187166024080087,0.03794537168560619,0.004486892618343976,0.009737545536250246,1149,0.054306701252741355,0.7832089125109463,True,0.05,360,paired cluster influence sandwich; asymptotic Bonferroni bounds,,,
201,1.0,validation,proxy_0.5,mlp_base,mlp_stronger:C5:E2,mlp_stronger,mlp,5.0,2.0,1.9948093103901194,0.8566619740936149,0.8420600395698052,0.014601934523809645,0.0029259565605382885,0.00899041181344162,1149,0.025271354021474606,0.8092767520842505,True,0.05,360,paired cluster influence sandwich; asymptotic Bonferroni bounds,,,
201,1.0,validation,proxy_0.5,mlp_base,mlp_stronger:C5:E8,mlp_stronger,mlp,5.0,8.0,7.995742559457445,0.8566619740936149,0.8522875236742423,0.004374450419372566,0.0011887302046392715,0.008659171275723016,1149,0.008709122161904587,0.8207120956283035,True,0.05,360,paired cluster influence sandwich; asymptotic Bonferroni bounds,,,
201,1.0,validation,proxy_0.5,mlp_base,logistic:C1:E2,logistic,logistic,1.0,2.0,1.9948093103901194,0.8566619740936149,0.8293034276920995,0.02735854640151536,0.003614804158926579,0.009471765973686454,1149,0.040539829573537675,0.7947648956031685,True,0.05,360,paired cluster influence sandwich; asymptotic Bonferroni bounds,,,
201,1.0,validation,proxy_0.5,mlp_base,logistic:C1:E8,logistic,logistic,1.0,8.0,7.995742559457445,0.8566619740936149,0.8296595982142859,0.027002375879328966,0.003531817969104788,0.009445438633420745,1149,0.03988105221033972,0.7952170680419046,True,0.05,360,paired cluster influence sandwich; asymptotic Bonferroni bounds,,,
201,1.0,validation,proxy_0.5,mlp_base,logistic:C5:E2,logistic,logistic,5.0,2.0,1.9948093103901194,0.8566619740936149,0.8308750169101732,0.025786957183441706,0.004153636328262136,0.009477453213120907,1149,0.04093307692584025,0.7963157464602808,True,0.05,360,paired cluster influence sandwich; asymptotic Bonferroni bounds,,,
201,1.0,validation,proxy_0.5,mlp_base,logistic:C5:E8,logistic,logistic,5.0,8.0,7.995742559457445,0.8566619740936149,0.8463520528950216,0.010309921198593308,0.0020110880080201,0.00892993674028351,1149,0.017643297877412617,0.8137892860875173,True,0.05,360,paired cluster influence sandwich; asymptotic Bonferroni bounds,,,
201,1.0,validation,proxy_0.75,mlp_base,mlp_base:C1:E2,mlp_base,mlp,1.0,2.0,1.9909995955023065,0.8583329105790044,0.8243593158143939,0.03397359476461048,0.004337502516341871,0.009574324042533383,1149,0.04979017746552211,0.7894468085700707,True,0.05,360,paired cluster influence sandwich; asymptotic Bonferroni bounds,,,
201,1.0,validation,proxy_0.75,mlp_base,mlp_base:C1:E8,mlp_base,mlp,1.0,8.0,7.998197999765249,0.8583329105790044,0.8252788064799783,0.033054104099026094,0.00422727123490308,0.00953283385984144,1149,0.04846873148751187,0.7905175920368351,True,0.05,360,paired cluster influence sandwich; asymptotic Bonferroni bounds,,,
201,1.0,validation,proxy_0.75,mlp_base,mlp_base:C5:E2,mlp_base,mlp,5.0,2.0,1.9909995955023065,0.8583329105790044,0.844091374120671,0.01424153645833337,0.0030485942410231506,0.008961610469351523,1149,0.02535815085867073,0.8114131099380383,True,0.05,360,paired cluster influence sandwich; asymptotic Bonferroni bounds,,,
201,1.0,validation,proxy_0.75,mlp_base,mlp_base:C5:E8,mlp_base,mlp,5.0,8.0,7.998197999765249,0.8583329105790044,0.8564294592126623,0.0019034513663420682,0.0009519523718871582,0.00853963308518647,1149,0.005374719304644169,0.8252899238652096,True,0.05,360,paired cluster influence sandwich; asymptotic Bonferroni bounds,,,
201,1.0,validation,proxy_0.75,mlp_base,mlp_stronger:C1:E2,mlp_stronger,mlp,1.0,2.0,1.9948093103901194,0.8583329105790044,0.8193866680194805,0.03894624255952395,0.004678781706793835,0.009714353629851569,1149,0.05600729036899673,0.7839635467662781,True,0.05,360,paired cluster influence sandwich; asymptotic Bonferroni bounds,,,
201,1.0,validation,proxy_0.75,mlp_base,mlp_stronger:C1:E8,mlp_stronger,mlp,1.0,8.0,7.995742559457445,0.8583329105790044,0.820509080762987,0.037823829816017396,0.0045597827029894705,0.009674260239929648,1149,0.05445095105647802,0.7852321589448445,True,0.05,360,paired cluster influence sandwich; asymptotic Bonferroni bounds,,,
201,1.0,validation,proxy_0.75,mlp_base,mlp_stronger:C5:E2,mlp_stronger,mlp,5.0,2.0,1.9948093103901194,0.8583329105790044,0.8434783803436147,0.01485453023538974,0.003090143528575241,0.008882697256027396,1149,0.026122652961141475,0.8110878710060877,True,0.05,360,paired cluster influence sandwich; asymptotic Bonferroni bounds,,,
201,1.0,validation,proxy_0.75,mlp_base,mlp_stronger:C5:E8,mlp_stronger,mlp,5.0,8.0,7.995742559457445,0.8583329105790044,0.8537259452786797,0.0046069653003246724,0.0012439477037266347,0.008579719739680487,1149,0.009142986122785149,0.8224402350567183,True,0.05,360,paired cluster influence sandwich; asymptotic Bonferroni bounds,,,
201,1.0,validation,proxy_0.75,mlp_base,logistic:C1:E2,logistic,logistic,1.0,2.0,1.9948093103901194,0.8583329105790044,0.8299132508116883,0.028419659767316086,0.0036991292298325226,0.009422331759388277,1149,0.04190843197311282,0.7955549792150005,True,0.05,360,paired cluster influence sandwich; asymptotic Bonferroni bounds,,,
201,1.0,validation,proxy_0.75,mlp_base,logistic:C1:E8,logistic,logistic,1.0,8.0,7.995742559457445,0.8583329105790044,0.8308876995400434,0.027445211038961026,0.003608863547050201,0.009381816402150855,1149,0.040604831934435315,0.7966771660705355,True,0.05,360,paired cluster influence sandwich; asymptotic Bonferroni bounds,,,
201,1.0,validation,proxy_0.75,mlp_base,logistic:C5:E2,logistic,logistic,5.0,2.0,1.9948093103901194,0.8583329105790044,0.8281746736336579,0.030158236945346473,0.004345047962869228,0.009503336279774609,1149,0.04600233390787885,0.7935210212986279,True,0.05,360,paired cluster influence sandwich; asymptotic Bonferroni bounds,,,
201,1.0,validation,proxy_0.75,mlp_base,logistic:C5:E8,logistic,logistic,5.0,8.0,7.995742559457445,0.8583329105790044,0.8466934270156926,0.011639483563311792,0.002096476414722773,0.00888375230163226,1149,0.019284226700415238,0.8142990704836108,True,0.05,360,paired cluster influence sandwich; asymptotic Bonferroni bounds,,,
201,1.0,test,source,mlp_base,mlp_base:C1:E2,mlp_base,mlp,1.0,2.0,1.9909995955023065,0.8532969762793332,0.826348500429079,0.026948475850254172,0.004405869820308024,0.009568129643109656,1133,0.04301506271444382,0.7914570505432307,True,0.05,360,paired cluster influence sandwich; asymptotic Bonferroni bounds,1.1102230246251565e-16,0.025626051033623698,0.0013224248166303632
201,1.0,test,source,mlp_base,mlp_base:C1:E8,mlp_base,mlp,1.0,8.0,7.998197999765249,0.8532969762793332,0.8274020286984042,0.02589494758092903,0.00426223021608429,0.009536981819798066,1133,0.041437733635625605,0.7926241634687704,True,0.05,360,paired cluster influence sandwich; asymptotic Bonferroni bounds,1.1102230246251565e-16,0.025626051033623698,0.0002688965473052196
201,1.0,test,source,mlp_base,mlp_base:C5:E2,mlp_base,mlp,5.0,2.0,1.9909995955023065,0.8532969762793332,0.8440851687798504,0.009211807499482805,0.0031362369950889966,0.00903218090572879,1133,0.020648510389801002,0.8111481268304763,True,0.05,360,paired cluster influence sandwich; asymptotic Bonferroni bounds,1.1102230246251565e-16,0.0001291963879632707,0.009082611111519423
201,1.0,test,source,mlp_base,mlp_base:C5:E8,mlp_base,mlp,5.0,8.0,7.998197999765249,0.8532969762793332,0.8529167397554092,0.00038023652392404905,0.0009643764383604562,0.00876498907313527,1133,0.003896962720707791,0.8209540481529243,True,0.05,360,paired cluster influence sandwich; asymptotic Bonferroni bounds,1.1102230246251565e-16,0.0001291963879632707,0.0002510401359606673
201,1.0,test,source,mlp_base,mlp_stronger:C1:E2,mlp_stronger,mlp,1.0,2.0,1.9948093103901194,0.8532969762793332,0.8217657049763718,0.031531271302961406,0.00462896537915571,0.009716006351667783,1133,0.0484114056212133,0.7863350031198255,True,0.05,360,paired cluster influence sandwich; asymptotic Bonferroni bounds,0.000139700159342393,0.02917842651403979,0.0022131446295792223
201,1.0,test,source,mlp_base,mlp_stronger:C1:E8,mlp_stronger,mlp,1.0,8.0,7.995742559457445,0.8532969762793332,0.8233622782259971,0.02993469805333615,0.004551776965640872,0.009651219882167335,1133,0.04653335461549801,0.7881678287968501,True,0.05,360,paired cluster influence sandwich; asymptotic Bonferroni bounds,0.000139700159342393,0.02917842651403979,0.0006165713799539674
201,1.0,test,source,mlp_base,mlp_stronger:C5:E2,mlp_stronger,mlp,5.0,2.0,1.9948093103901194,0.8532969762793332,0.8404403601112981,0.012856616168035129,0.00291660938185446,0.009125375024320617,1133,0.023492417926517198,0.8071634734859225,True,0.05,360,paired cluster influence sandwich; asymptotic Bonferroni bounds,0.000139700159342393,7.142564537776508e-05,0.01264549036331497
201,1.0,test,source,mlp_base,mlp_stronger:C5:E8,mlp_stronger,mlp,5.0,8.0,7.995742559457445,0.8532969762793332,0.8516762443555358,0.0016207319237974138,0.0011947723320217753,0.008838442974216232,1133,0.005977627210825268,0.8194456933903455,True,0.05,360,paired cluster influence sandwich; asymptotic Bonferroni bounds,0.000139700159342393,7.142564537776508e-05,0.0014096061190772557
201,1.0,test,source,mlp_base,logistic:C1:E2,logistic,logistic,1.0,2.0,1.9948093103901194,0.8532969762793332,0.8315982853643601,0.021698690914973118,0.0036238458086709515,0.00939662567726129,1133,0.034913523817905086,0.7973322473670235,True,0.05,360,paired cluster influence sandwich; asymptotic Bonferroni bounds,0.005844298395338843,0.015016191563580916,0.0008382009560533588
201,1.0,test,source,mlp_base,logistic:C1:E8,logistic,logistic,1.0,8.0,7.995742559457445,0.8532969762793332,0.8323146425724155,0.02098233370691771,0.0035112664987797786,0.009393528807868862,1133,0.03378663127057572,0.7980598977188007,True,0.05,360,paired cluster influence sandwich; asymptotic Bonferroni bounds,0.005844298395338843,0.015016191563580916,0.00012184374799795172
201,1.0,test,source,mlp_base,logistic:C5:E2,logistic,logistic,5.0,2.0,1.9948093103901194,0.8532969762793332,0.8272192630764076,0.026077713202925623,0.004414969373700777,0.009446578495658811,1133,0.04217748279174688,0.7927710655217923,True,0.05,360,paired cluster influence sandwich; asymptotic Bonferroni bounds,0.005844298395338843,0.0,0.02023341480758678
201,1.0,test,source,mlp_base,logistic:C5:E8,logistic,logistic,5.0,8.0,7.995742559457445,0.8532969762793332,0.8453708303966538,0.00792614588267937,0.0020135424827330134,0.009010433490195948,1133,0.015268794785842907,0.8125130932735639,True,0.05,360,paired cluster influence sandwich; asymptotic Bonferroni bounds,0.005844298395338843,0.0,0.002081847487340527
201,1.0,test,state_CO,mlp_base,mlp_base:C1:E2,mlp_base,mlp,1.0,2.0,1.9909995955023065,0.8253861553668057,0.8012420214102628,0.024144133956542913,0.004734893399509995,0.009764286154816733,1206,0.0414072574593564,0.7656420482778461,True,0.05,360,paired cluster influence sandwich; asymptotic Bonferroni bounds,0.0,0.023293922031797143,0.0008502119247457696
201,1.0,test,state_CO,mlp_base,mlp_base:C1:E8,mlp_base,mlp,1.0,8.0,7.998197999765249,0.8253861553668057,0.8020388333249567,0.023347322041848972,0.0046297653535038764,0.009748613244583532,1206,0.040227155301633774,0.766496002637401,True,0.05,360,paired cluster influence sandwich; asymptotic Bonferroni bounds,0.0,0.023293922031797143,5.340001005182948e-05
201,1.0,test,state_CO,mlp_base,mlp_base:C5:E2,mlp_base,mlp,5.0,2.0,1.9909995955023065,0.8253861553668057,0.8091022934780787,0.01628386188872699,0.003809175549010742,0.009730574842363057,1206,0.030171876337642567,0.7736252296703767,True,0.05,360,paired cluster influence sandwich; asymptotic Bonferroni bounds,0.0,6.805883634053433e-05,0.016215803052386457
201,1.0,test,state_CO,mlp_base,mlp_base:C5:E8,mlp_base,mlp,5.0,8.0,7.998197999765249,0.8253861553668057,0.8236825903402524,0.001703565026553333,0.0011986902405606852,0.0093429491394131,1206,0.0060739142442480356,0.7896187854632757,True,0.05,360,paired cluster influence sandwich; asymptotic Bonferroni bounds,0.0,6.805883634053433e-05,0.0016355061902127987
201,1.0,test,state_CO,mlp_base,mlp_stronger:C1:E2,mlp_stronger,mlp,1.0,2.0,1.9948093103901194,0.8253861553668057,0.8013268331909332,0.024059322175872477,0.005125130290651214,0.009816562704001492,1206,0.042745224837309054,0.7655362630484611,True,0.05,360,paired cluster influence sandwich; asymptotic Bonferroni bounds,0.0009727178301586203,0.023798604479737362,-0.0007120001340235049
201,1.0,test,state_CO,mlp_base,mlp_stronger:C1:E8,mlp_stronger,mlp,1.0,8.0,7.995742559457445,0.8253861553668057,0.8009614095927359,0.024424745774069834,0.005009504604187203,0.009787661244664566,1206,0.04268908445568537,0.7652762123530616,True,0.05,360,paired cluster influence sandwich; asymptotic Bonferroni bounds,0.0009727178301586203,0.023798604479737362,-0.00034657653582614856
201,1.0,test,state_CO,mlp_base,mlp_stronger:C5:E2,mlp_stronger,mlp,5.0,2.0,1.9948093103901194,0.8253861553668057,0.8143941297683068,0.010992025598498878,0.003887874137817983,0.009635778636161812,1206,0.025166970151947986,0.7792626869655929,True,0.05,360,paired cluster influence sandwich; asymptotic Bonferroni bounds,0.0009727178301586203,-1.675294432990082e-05,0.010036060712670158
201,1.0,test,state_CO,mlp_base,mlp_stronger:C5:E8,mlp_stronger,mlp,5.0,8.0,7.995742559457445,0.8253861553668057,0.8243171081067497,0.0010690472600559664,0.0015942992210282053,0.0093207261916601,1206,0.006881761936145084,0.7903343266994242,True,0.05,360,paired cluster influence sandwich; asymptotic Bonferroni bounds,0.0009727178301586203,-1.675294432990082e-05,0.00011308237422724687
201,1.0,test,state_CO,mlp_base,logistic:C1:E2,logistic,logistic,1.0,2.0,1.9948093103901194,0.8253861553668057,0.8073804049186645,0.018005750448141233,0.003980018080563287,0.009682621309346556,1206,0.0325166460208494,0.7720781766759924,True,0.05,360,paired cluster influence sandwich; asymptotic Bonferroni bounds,0.0029548005561977897,0.013309167211137396,0.0017417826808060477
201,1.0,test,state_CO,mlp_base,logistic:C1:E8,logistic,logistic,1.0,8.0,7.995742559457445,0.8253861553668057,0.8088918346149335,0.016494320751872182,0.0038817695063167014,0.009649383503265531,1206,0.03064700820285797,0.7737107893225257,True,0.05,360,paired cluster influence sandwich; asymptotic Bonferroni bounds,0.0029548005561977897,0.013309167211137396,0.0002303529845369967
201,1.0,test,state_CO,mlp_base,logistic:C5:E2,logistic,logistic,5.0,2.0,1.9948093103901194,0.8253861553668057,0.7942602318607496,0.03112592350605614,0.00529988999581528,0.010014905456918712,1206,0.050448989059876895,0.7577465165171939,True,0.05,360,paired cluster influence sandwich; asymptotic Bonferroni bounds,0.0029548005561977897,0.0,0.02817112294985835
201,1.0,test,state_CO,mlp_base,logistic:C5:E8,logistic,logistic,5.0,8.0,7.995742559457445,0.8253861553668057,0.8181090951734767,0.007277060193328966,0.00240847511186291,0.009475057791955585,1206,0.01605820895453334,0.7835636304591599,True,0.05,360,paired cluster influence sandwich; asymptotic Bonferroni bounds,0.0029548005561977897,0.0,0.004322259637131176
201,1.0,test,state_UT,mlp_base,mlp_base:C1:E2,mlp_base,mlp,1.0,2.0,1.9909995955023065,0.8646550993122083,0.8456638683379972,0.01899123097421107,0.004174910113355991,0.009279857367375055,1094,0.03421730249638853,0.8118198410045134,True,0.05,360,paired cluster influence sandwich; asymptotic Bonferroni bounds,1.1102230246251565e-16,0.017960879156110443,0.0010303518181005167
201,1.0,test,state_UT,mlp_base,mlp_base:C1:E8,mlp_base,mlp,1.0,8.0,7.998197999765249,0.8646550993122083,0.8464212408130833,0.018233858499124955,0.004075335022296071,0.009263412430543343,1094,0.03309677550608174,0.8126371888509438,True,0.05,360,paired cluster influence sandwich; asymptotic Bonferroni bounds,1.1102230246251565e-16,0.017960879156110443,0.0002729793430144012
201,1.0,test,state_UT,mlp_base,mlp_base:C5:E2,mlp_base,mlp,5.0,2.0,1.9909995955023065,0.8646550993122083,0.8498352250220998,0.014819874290108448,0.0030524407232957363,0.009082882823730019,1094,0.025952253073887297,0.816709572074688,True,0.05,360,paired cluster influence sandwich; asymptotic Bonferroni bounds,1.1102230246251565e-16,0.00019515118989954505,0.014624723100208792
201,1.0,test,state_UT,mlp_base,mlp_base:C5:E8,mlp_base,mlp,5.0,8.0,7.998197999765249,0.8646550993122083,0.8618631595209969,0.0027919397912113952,0.000953990323263786,0.008761673821204387,1094,0.006271182337538529,0.8299089692190625,True,0.05,360,paired cluster influence sandwich; asymptotic Bonferroni bounds,1.1102230246251565e-16,0.00019515118989954505,0.002596788601311739
201,1.0,test,state_UT,mlp_base,mlp_stronger:C1:E2,mlp_stronger,mlp,1.0,2.0,1.9948093103901194,0.8646550993122083,0.8410685224615535,0.023586576850654795,0.004530681282342665,0.009436637320976835,1094,0.04011016068266384,0.8066527120903589,True,0.05,360,paired cluster influence sandwich; asymptotic Bonferroni bounds,0.0039994377787149205,0.018176939402070658,0.0014101996698692165
201,1.0,test,state_UT,mlp_base,mlp_stronger:C1:E8,mlp_stronger,mlp,1.0,8.0,7.995742559457445,0.8646550993122083,0.8421592782193849,0.022495821092823443,0.004457122380207732,0.009392396489212982,1094,0.038751132537023156,0.807904816009072,True,0.05,360,paired cluster influence sandwich; asymptotic Bonferroni bounds,0.0039994377787149205,0.018176939402070658,0.0003194439120378645
201,1.0,test,state_UT,mlp_base,mlp_stronger:C5:E2,mlp_stronger,mlp,5.0,2.0,1.9948093103901194,0.8646550993122083,0.8452294246176256,0.019425674694582673,0.0032248970623351796,0.009215748296011588,1094,0.0311870089483888,0.8116192057445151,True,0.05,360,paired cluster influence sandwich; asymptotic Bonferroni bounds,0.0039994377787149205,0.00015914114890624997,0.015267095766961503
201,1.0,test,state_UT,mlp_base,mlp_stronger:C5:E8,mlp_stronger,mlp,5.0,8.0,7.995742559457445,0.8646550993122083,0.8581163728363483,0.006538726475859957,0.0012231938155975197,0.00888284704274933,1094,0.01099976540031282,0.8257202587354048,True,0.05,360,paired cluster influence sandwich; asymptotic Bonferroni bounds,0.0039994377787149205,0.00015914114890624997,0.002380147548238787
201,1.0,test,state_UT,mlp_base,logistic:C1:E2,logistic,logistic,1.0,2.0,1.9948093103901194,0.8646550993122083,0.8451341722511271,0.019520927061081217,0.003571996683033185,0.009265197787656982,1094,0.03254814812599768,0.81134360901704,True,0.05,360,paired cluster influence sandwich; asymptotic Bonferroni bounds,0.005529283713820221,0.010564881381763369,0.0034267619654976267
201,1.0,test,state_UT,mlp_base,logistic:C1:E8,logistic,logistic,1.0,8.0,7.995742559457445,0.8646550993122083,0.8476757841767234,0.016979315135484896,0.0034691126127317207,0.009234891839656551,1094,0.02963131369970814,0.8139957480005304,True,0.05,360,paired cluster influence sandwich; asymptotic Bonferroni bounds,0.005529283713820221,0.010564881381763369,0.0008851500399013057
201,1.0,test,state_UT,mlp_base,logistic:C5:E2,logistic,logistic,5.0,2.0,1.9948093103901194,0.8646550993122083,0.8276878881969539,0.03696721111525436,0.004483323842453466,0.009428764430208608,1094,0.053318080386402955,0.7933007905871526,True,0.05,360,paired cluster influence sandwich; asymptotic Bonferroni bounds,0.005529283713820221,0.0,0.03143792740143414
201,1.0,test,state_UT,mlp_base,logistic:C5:E8,logistic,logistic,5.0,8.0,7.995742559457445,0.8646550993122083,0.8534867593402495,0.011168339971958763,0.0020102186277346007,0.00897038685406699,1094,0.018499691251399008,0.8207713838918829,True,0.05,360,paired cluster influence sandwich; asymptotic Bonferroni bounds,0.005529283713820221,0.0,0.005639056258138542
202,1.0,validation,source,mlp_stronger,mlp_base:C1:E2,mlp_base,mlp,1.0,2.0,1.9909995955023065,0.8437299191693723,0.8213440205627704,0.022385898606601895,0.004261720891758187,0.009995864793405525,1136,0.03792669806942397,0.7848930811049049,True,0.05,360,paired cluster influence sandwich; asymptotic Bonferroni bounds,,,
202,1.0,validation,source,mlp_stronger,mlp_base:C1:E8,mlp_base,mlp,1.0,8.0,7.998197999765249,0.8437299191693723,0.8216663707386364,0.02206354843073599,0.004196211044885997,0.009952051410188041,1136,0.037365459562074474,0.785375201246863,True,0.05,360,paired cluster influence sandwich; asymptotic Bonferroni bounds,,,
202,1.0,validation,source,mlp_stronger,mlp_base:C5:E2,mlp_base,mlp,5.0,2.0,1.9909995955023065,0.8437299191693723,0.8352822307900434,0.008447688379328966,0.0031972829474014534,0.00992349000032139,1136,0.02010690642140201,0.7990952133894995,True,0.05,360,paired cluster influence sandwich; asymptotic Bonferroni bounds,,,
202,1.0,validation,source,mlp_stronger,mlp_base:C5:E8,mlp_base,mlp,5.0,8.0,7.998197999765249,0.8437299191693723,0.8430292038690478,0.0007007153003245614,0.0012272832567619333,0.009492175343609695,1136,0.005176128745231735,0.8084150193112871,True,0.05,360,paired cluster influence sandwich; asymptotic Bonferroni bounds,,,
202,1.0,validation,source,mlp_stronger,mlp_stronger:C1:E2,mlp_stronger,mlp,1.0,2.0,1.9948093103901194,0.8437299191693723,0.8146169423024893,0.029112976866883078,0.004627614597532467,0.01007253137178084,1136,0.04598804500908857,0.7778864303549433,True,0.05,360,paired cluster influence sandwich; asymptotic Bonferroni bounds,,,
202,1.0,validation,source,mlp_stronger,mlp_stronger:C1:E8,mlp_stronger,mlp,1.0,8.0,7.995742559457445,0.8437299191693723,0.8164960852949134,0.02723383387445899,0.004494775832493298,0.010039646819579051,1136,0.043624491924873846,0.7798854902176113,True,0.05,360,paired cluster influence sandwich; asymptotic Bonferroni bounds,,,
202,1.0,validation,source,mlp_stronger,mlp_stronger:C5:E2,mlp_stronger,mlp,5.0,2.0,1.9948093103901194,0.8437299191693723,0.831841010551948,0.01188890861742431,0.002960167459960707,0.009535153400744616,1136,0.022683460874609294,0.7970701021297674,True,0.05,360,paired cluster influence sandwich; asymptotic Bonferroni bounds,,,
202,1.0,validation,source,mlp_stronger,mlp_stronger:C5:E8,mlp_stronger,mlp,5.0,8.0,7.995742559457445,0.8437299191693723,0.8412620907738094,0.002467828395562921,0.0010003650677770717,0.009375878187846153,1136,0.006115761543414406,0.8070719956441745,True,0.05,360,paired cluster influence sandwich; asymptotic Bonferroni bounds,,,
202,1.0,validation,source,mlp_stronger,logistic:C1:E2,logistic,logistic,1.0,2.0,1.9948093103901194,0.8437299191693723,0.8279548413825758,0.015775077786796543,0.0033760594919053834,0.009780507637808918,1136,0.02808622271412501,0.7922892237355503,True,0.05,360,paired cluster influence sandwich; asymptotic Bonferroni bounds,,,
202,1.0,validation,source,mlp_stronger,logistic:C1:E8,logistic,logistic,1.0,8.0,7.995742559457445,0.8437299191693723,0.827874518060065,0.015855401109307388,0.0034189103818544784,0.00978218505559021,1136,0.028322806172955482,0.7922027835381862,True,0.05,360,paired cluster influence sandwich; asymptotic Bonferroni bounds,,,
202,1.0,validation,source,mlp_stronger,logistic:C5:E2,logistic,logistic,5.0,2.0,1.9948093103901194,0.8437299191693723,0.8197618624864719,0.023968056682900474,0.00397844463618779,0.009842769123475835,1136,0.03847586041648265,0.7838692019880766,True,0.05,360,paired cluster influence sandwich; asymptotic Bonferroni bounds,,,
202,1.0,validation,source,mlp_stronger,logistic:C5:E8,logistic,logistic,5.0,8.0,7.995742559457445,0.8437299191693723,0.838236226663961,0.005493692505411318,0.001653502469057005,0.009481836447514928,1136,0.011523357735856478,0.8036597439442504,True,0.05,360,paired cluster influence sandwich; asymptotic Bonferroni bounds,,,
202,1.0,validation,state_OR,mlp_stronger,mlp_base:C1:E2,mlp_base,mlp,1.0,2.0,1.9909995955023065,0.8350107166154132,0.8141931919538852,0.020817524661527975,0.005390696650271766,0.009713909701123312,1243,0.040469934937405846,0.7787800067545879,True,0.05,360,paired cluster influence sandwich; asymptotic Bonferroni bounds,,,
202,1.0,validation,state_OR,mlp_stronger,mlp_base:C1:E8,mlp_base,mlp,1.0,8.0,7.998197999765249,0.8350107166154132,0.8149153986447808,0.020095317970632354,0.005267794443109623,0.00968055555692488,1243,0.039299673986428724,0.7796238098491979,True,0.05,360,paired cluster influence sandwich; asymptotic Bonferroni bounds,,,
202,1.0,validation,state_OR,mlp_stronger,mlp_base:C5:E2,mlp_base,mlp,5.0,2.0,1.9909995955023065,0.8350107166154132,0.8262987517250867,0.00871196489032644,0.0038982402504729226,0.0094420503225462,1243,0.02292345214816956,0.7918766614420417,True,0.05,360,paired cluster influence sandwich; asymptotic Bonferroni bounds,,,
202,1.0,validation,state_OR,mlp_stronger,mlp_base:C5:E8,mlp_base,mlp,5.0,8.0,7.998197999765249,0.8350107166154132,0.8343706040798575,0.0006401125355556259,0.0015146410636173143,0.009204619417388229,1243,0.006161912320264131,0.8008140957174911,True,0.05,360,paired cluster influence sandwich; asymptotic Bonferroni bounds,,,
202,1.0,validation,state_OR,mlp_stronger,mlp_stronger:C1:E2,mlp_stronger,mlp,1.0,2.0,1.9948093103901194,0.8350107166154132,0.8092686520139692,0.025742064601443904,0.005604501472419685,0.00972592641793406,1243,0.04617392517037438,0.7738116584788937,True,0.05,360,paired cluster influence sandwich; asymptotic Bonferroni bounds,,,
202,1.0,validation,state_OR,mlp_stronger,mlp_stronger:C1:E8,mlp_stronger,mlp,1.0,8.0,7.995742559457445,0.8350107166154132,0.8103347666529104,0.024675949962502775,0.005506954801277284,0.009722391850577466,1243,0.04475219282064258,0.7748906587933506,True,0.05,360,paired cluster influence sandwich; asymptotic Bonferroni bounds,,,
202,1.0,validation,state_OR,mlp_stronger,mlp_stronger:C5:E2,mlp_stronger,mlp,5.0,2.0,1.9948093103901194,0.8350107166154132,0.8227886718940675,0.012222044721345693,0.003992811826605494,0.009438953085890515,1243,0.026778303635835457,0.788377872946712,True,0.05,360,paired cluster influence sandwich; asymptotic Bonferroni bounds,,,
202,1.0,validation,state_OR,mlp_stronger,mlp_stronger:C5:E8,mlp_stronger,mlp,5.0,8.0,7.995742559457445,0.8350107166154132,0.8339934147174851,0.0010173018979280357,0.0011309630052444772,0.009186932694560548,1243,0.005140358791656934,0.8005013853558852,True,0.05,360,paired cluster influence sandwich; asymptotic Bonferroni bounds,,,
202,1.0,validation,state_OR,mlp_stronger,logistic:C1:E2,logistic,logistic,1.0,2.0,1.9948093103901194,0.8350107166154132,0.8193118734773752,0.015698843138037932,0.0041195661534536125,0.009594222550895275,1243,0.03071719966199648,0.7843350216749708,True,0.05,360,paired cluster influence sandwich; asymptotic Bonferroni bounds,,,
202,1.0,validation,state_OR,mlp_stronger,logistic:C1:E8,logistic,logistic,1.0,8.0,7.995742559457445,0.8350107166154132,0.8202459718394859,0.014764744775927263,0.004247643527960335,0.009576336454910492,1243,0.030250022233145237,0.7853343258758313,True,0.05,360,paired cluster influence sandwich; asymptotic Bonferroni bounds,,,
202,1.0,validation,state_OR,mlp_stronger,logistic:C5:E2,logistic,logistic,5.0,2.0,1.9948093103901194,0.8350107166154132,0.7982635976765136,0.03674711893889959,0.004572929966278235,0.010069325416274104,1243,0.05341826585933066,0.7615547032385438,True,0.05,360,paired cluster influence sandwich; asymptotic Bonferroni bounds,,,
202,1.0,validation,state_OR,mlp_stronger,logistic:C5:E8,logistic,logistic,5.0,8.0,7.995742559457445,0.8350107166154132,0.8256464360042777,0.009364280611135478,0.0019127801326366766,0.009458736071211527,1243,0.016337542579461774,0.7911635158879468,True,0.05,360,paired cluster influence sandwich; asymptotic Bonferroni bounds,,,
202,1.0,validation,state_WA,mlp_stronger,mlp_base:C1:E2,mlp_base,mlp,1.0,2.0,1.9909995955023065,0.8445483750221093,0.8218961708849045,0.022652204137204812,0.004941835672778155,0.009853662863603601,1213,0.04066951854871663,0.7859709492316361,True,0.05,360,paired cluster influence sandwich; asymptotic Bonferroni bounds,,,
202,1.0,validation,state_WA,mlp_stronger,mlp_base:C1:E8,mlp_base,mlp,1.0,8.0,7.998197999765249,0.8445483750221093,0.8229286210825509,0.021619753939558395,0.004799473294468903,0.009815462575870878,1213,0.03911803293585042,0.7871426728977392,True,0.05,360,paired cluster influence sandwich; asymptotic Bonferroni bounds,,,
202,1.0,validation,state_WA,mlp_stronger,mlp_base:C5:E2,mlp_base,mlp,5.0,2.0,1.9909995955023065,0.8445483750221093,0.8363751537363591,0.008173221285750265,0.0035419856511925466,0.009276038193326126,1213,0.021086857704324953,0.8025558793434504,True,0.05,360,paired cluster influence sandwich; asymptotic Bonferroni bounds,,,
202,1.0,validation,state_WA,mlp_stronger,mlp_base:C5:E8,mlp_base,mlp,5.0,8.0,7.998197999765249,0.8445483750221093,0.8438295675637877,0.0007188074583216464,0.0014176462554807414,0.00905359231055476,1213,0.005887368292911248,0.8108213030212298,True,0.05,360,paired cluster influence sandwich; asymptotic Bonferroni bounds,,,
202,1.0,validation,state_WA,mlp_stronger,mlp_stronger:C1:E2,mlp_stronger,mlp,1.0,2.0,1.9948093103901194,0.8445483750221093,0.8174609540497962,0.027087420972313092,0.005131057606164256,0.009884968930009294,1213,0.045794614872564546,0.7814215943962447,True,0.05,360,paired cluster influence sandwich; asymptotic Bonferroni bounds,,,
202,1.0,validation,state_WA,mlp_stronger,mlp_stronger:C1:E8,mlp_stronger,mlp,1.0,8.0,7.995742559457445,0.8445483750221093,0.8182753968351905,0.02627297818691887,0.005039228331835157,0.009875052221718096,1213,0.04464537404504154,0.7822721922590312,True,0.05,360,paired cluster influence sandwich; asymptotic Bonferroni bounds,,,
202,1.0,validation,state_WA,mlp_stronger,mlp_stronger:C5:E2,mlp_stronger,mlp,5.0,2.0,1.9948093103901194,0.8445483750221093,0.8249647280460366,0.019583646976072733,0.0033308880677824205,0.009503663259505893,1213,0.03172764802357236,0.7903155611482247,True,0.05,360,paired cluster influence sandwich; asymptotic Bonferroni bounds,,,
202,1.0,validation,state_WA,mlp_stronger,mlp_stronger:C5:E8,mlp_stronger,mlp,5.0,8.0,7.995742559457445,0.8445483750221093,0.8430202664626447,0.0015281085594646138,0.0010222899219537946,0.009044299327077225,1213,0.005255249679316302,0.8100458829748653,True,0.05,360,paired cluster influence sandwich; asymptotic Bonferroni bounds,,,
202,1.0,validation,state_WA,mlp_stronger,logistic:C1:E2,logistic,logistic,1.0,2.0,1.9948093103901194,0.8445483750221093,0.8281865073978553,0.016361867624254067,0.003906843675984515,0.009652317717313254,1213,0.030605730740663188,0.7929953649504027,True,0.05,360,paired cluster influence sandwich; asymptotic Bonferroni bounds,,,
202,1.0,validation,state_WA,mlp_stronger,logistic:C1:E8,logistic,logistic,1.0,8.0,7.995742559457445,0.8445483750221093,0.8285587653376442,0.015989609684465167,0.00397133332945618,0.009621848378761705,1213,0.030468594006803663,0.7934787102854317,True,0.05,360,paired cluster influence sandwich; asymptotic Bonferroni bounds,,,
202,1.0,validation,state_WA,mlp_stronger,logistic:C5:E2,logistic,logistic,5.0,2.0,1.9948093103901194,0.8445483750221093,0.8104775184997799,0.03407085652232944,0.004761836548610363,0.009983135971586904,1213,0.05143191665331301,0.7740802540978583,True,0.05,360,paired cluster influence sandwich; asymptotic Bonferroni bounds,,,
202,1.0,validation,state_WA,mlp_stronger,logistic:C5:E8,logistic,logistic,5.0,8.0,7.995742559457445,0.8445483750221093,0.8364255422420211,0.008122832780088185,0.0020891286135501226,0.009312471633337168,1213,0.015739534258803672,0.8024734360863349,True,0.05,360,paired cluster influence sandwich; asymptotic Bonferroni bounds,,,
202,1.0,validation,proxy_0.5,mlp_stronger,mlp_base:C1:E2,mlp_base,mlp,1.0,2.0,1.9909995955023065,0.8395213998241342,0.8181067792884198,0.021414620535714413,0.004217586223834332,0.010054774402744718,1136,0.036794478435026465,0.7814410199377395,True,0.05,360,paired cluster influence sandwich; asymptotic Bonferroni bounds,,,
202,1.0,validation,proxy_0.5,mlp_stronger,mlp_base:C1:E8,mlp_base,mlp,1.0,8.0,7.998197999765249,0.8395213998241342,0.8181490547213205,0.021372345102813717,0.004167901024640958,0.01001256459858217,1136,0.03657102086079224,0.7816372177223183,True,0.05,360,paired cluster influence sandwich; asymptotic Bonferroni bounds,,,
202,1.0,validation,proxy_0.5,mlp_stronger,mlp_base:C5:E2,mlp_base,mlp,5.0,2.0,1.9909995955023065,0.8395213998241342,0.8319456422483767,0.007575757575757458,0.0029578613484074847,0.009893185898605035,1136,0.01836190036219159,0.795869131842457,True,0.05,360,paired cluster influence sandwich; asymptotic Bonferroni bounds,,,
202,1.0,validation,proxy_0.5,mlp_stronger,mlp_base:C5:E8,mlp_base,mlp,5.0,8.0,7.998197999765249,0.8395213998241342,0.8391652293019481,0.00035617052218606116,0.0011136028657915589,0.009577508826771322,1136,0.004417036838410449,0.8042398675031242,True,0.05,360,paired cluster influence sandwich; asymptotic Bonferroni bounds,,,
202,1.0,validation,proxy_0.5,mlp_stronger,mlp_stronger:C1:E2,mlp_stronger,mlp,1.0,2.0,1.9948093103901194,0.8395213998241342,0.8105870366612554,0.028934363162878785,0.0046677451992565575,0.010123344169695491,1136,0.045955771633218526,0.7736712306687467,True,0.05,360,paired cluster influence sandwich; asymptotic Bonferroni bounds,,,
202,1.0,validation,proxy_0.5,mlp_stronger,mlp_stronger:C1:E8,mlp_stronger,mlp,1.0,8.0,7.995742559457445,0.8395213998241342,0.8128382034632035,0.02668319636093075,0.004514348898938044,0.010083308381919854,1136,0.043145229592455786,0.7760683920501052,True,0.05,360,paired cluster influence sandwich; asymptotic Bonferroni bounds,,,
202,1.0,validation,proxy_0.5,mlp_stronger,mlp_stronger:C5:E2,mlp_stronger,mlp,5.0,2.0,1.9948093103901194,0.8395213998241342,0.8285519818722943,0.010969417951839922,0.0028055801222111815,0.00959459938976229,1136,0.021200251730862013,0.7935642975941491,True,0.05,360,paired cluster influence sandwich; asymptotic Bonferroni bounds,,,
202,1.0,validation,proxy_0.5,mlp_stronger,mlp_stronger:C5:E8,mlp_stronger,mlp,5.0,8.0,7.995742559457445,0.8395213998241342,0.8369499966179653,0.0025714032061688874,0.0009228606365348886,0.009498988889784073,1136,0.00593670854849134,0.8023109657698406,True,0.05,360,paired cluster influence sandwich; asymptotic Bonferroni bounds,,,
202,1.0,validation,proxy_0.5,mlp_stronger,logistic:C1:E2,logistic,logistic,1.0,2.0,1.9948093103901194,0.8395213998241342,0.8254383962391775,0.014083003584956733,0.003331621766688551,0.009799172458857813,1136,0.026232101819477525,0.7897047154204198,True,0.05,360,paired cluster influence sandwich; asymptotic Bonferroni bounds,,,
202,1.0,validation,proxy_0.5,mlp_stronger,logistic:C1:E8,logistic,logistic,1.0,8.0,7.995742559457445,0.8395213998241342,0.8248941000405844,0.014627299783549819,0.0034039148107736497,0.009817731018310709,1136,0.027040021969337857,0.7890927435438314,True,0.05,360,paired cluster influence sandwich; asymptotic Bonferroni bounds,,,
202,1.0,validation,proxy_0.5,mlp_stronger,logistic:C5:E2,logistic,logistic,5.0,2.0,1.9948093103901194,0.8395213998241342,0.823328852137446,0.016192547686688208,0.0035723538507888837,0.009754469869253995,1136,0.02921949999431491,0.7877581838664705,True,0.05,360,paired cluster influence sandwich; asymptotic Bonferroni bounds,,,
202,1.0,validation,proxy_0.5,mlp_stronger,logistic:C5:E8,logistic,logistic,5.0,8.0,7.995742559457445,0.8395213998241342,0.8362704190340908,0.0032509807900433785,0.0015009983044304758,0.009520856210406556,1136,0.008724524045375256,0.801551646773233,True,0.05,360,paired cluster influence sandwich; asymptotic Bonferroni bounds,,,
202,1.0,validation,proxy_0.75,mlp_stronger,mlp_base:C1:E2,mlp_base,mlp,1.0,2.0,1.9909995955023065,0.8419649198457794,0.8199034851866883,0.02206143465909105,0.004284286515720564,0.010077754826590478,1136,0.03768452196892604,0.783153925378956,True,0.05,360,paired cluster influence sandwich; asymptotic Bonferroni bounds,,,
202,1.0,validation,proxy_0.75,mlp_stronger,mlp_base:C1:E8,mlp_base,mlp,1.0,8.0,7.998197999765249,0.8419649198457794,0.8200842126623377,0.021880707183441706,0.0042148639311090485,0.010037410799553878,1136,0.03725063796495387,0.7834817714598877,True,0.05,360,paired cluster influence sandwich; asymptotic Bonferroni bounds,,,
202,1.0,validation,proxy_0.75,mlp_stronger,mlp_base:C5:E2,mlp_base,mlp,5.0,2.0,1.9909995955023065,0.8419649198457794,0.8323123816287877,0.009652538216991635,0.003189026409832036,0.010036547924310442,1136,0.02128164795355089,0.7957130869888323,True,0.05,360,paired cluster influence sandwich; asymptotic Bonferroni bounds,,,
202,1.0,validation,proxy_0.75,mlp_stronger,mlp_base:C5:E8,mlp_base,mlp,5.0,8.0,7.998197999765249,0.8419649198457794,0.8409090909090908,0.001055828936688541,0.001207203390301501,0.00961805624604758,1136,0.005458019102589968,0.8058358688144587,True,0.05,360,paired cluster influence sandwich; asymptotic Bonferroni bounds,,,
202,1.0,validation,proxy_0.75,mlp_stronger,mlp_stronger:C1:E2,mlp_stronger,mlp,1.0,2.0,1.9948093103901194,0.8419649198457794,0.8128202364042209,0.029144683441558517,0.004669893443448607,0.010150770125605767,1136,0.046173925703231325,0.7758044188690271,True,0.05,360,paired cluster influence sandwich; asymptotic Bonferroni bounds,,,
202,1.0,validation,proxy_0.75,mlp_stronger,mlp_stronger:C1:E8,mlp_stronger,mlp,1.0,8.0,7.995742559457445,0.8419649198457794,0.8149329511634199,0.027031968682359464,0.0045277785122310975,0.010119227442866916,1136,0.04354297436711442,0.778032157234749,True,0.05,360,paired cluster influence sandwich; asymptotic Bonferroni bounds,,,
202,1.0,validation,proxy_0.75,mlp_stronger,mlp_stronger:C5:E2,mlp_stronger,mlp,5.0,2.0,1.9948093103901194,0.8419649198457794,0.8307724989853895,0.011192420860389851,0.0029128964210872717,0.009570238683329051,1136,0.021814594457829184,0.79587364850539,True,0.05,360,paired cluster influence sandwich; asymptotic Bonferroni bounds,,,
202,1.0,validation,proxy_0.75,mlp_stronger,mlp_stronger:C5:E8,mlp_stronger,mlp,5.0,8.0,7.995742559457445,0.8419649198457794,0.8393808340097403,0.002584085836039085,0.0009645606723037067,0.009486359432231363,1136,0.006101454607651097,0.8047878577654097,True,0.05,360,paired cluster influence sandwich; asymptotic Bonferroni bounds,,,
202,1.0,validation,proxy_0.75,mlp_stronger,logistic:C1:E2,logistic,logistic,1.0,2.0,1.9948093103901194,0.8419649198457794,0.827386236810065,0.014578683035714413,0.003368190774912179,0.009842532319165412,1136,0.02686113388477567,0.7914944398427158,True,0.05,360,paired cluster influence sandwich; asymptotic Bonferroni bounds,,,
202,1.0,validation,proxy_0.75,mlp_stronger,logistic:C1:E8,logistic,logistic,1.0,8.0,7.995742559457445,0.8419649198457794,0.8267933238636364,0.015171595982143016,0.003431208298409673,0.00985188528005911,1136,0.02768384665155671,0.7908674203714058,True,0.05,360,paired cluster influence sandwich; asymptotic Bonferroni bounds,,,
202,1.0,validation,proxy_0.75,mlp_stronger,logistic:C5:E2,logistic,logistic,5.0,2.0,1.9948093103901194,0.8419649198457794,0.8232506425865801,0.018714277259199275,0.0037226988947490487,0.009837327989965906,1136,0.03228947808843439,0.7873778237359313,True,0.05,360,paired cluster influence sandwich; asymptotic Bonferroni bounds,,,
202,1.0,validation,proxy_0.75,mlp_stronger,logistic:C5:E8,logistic,logistic,5.0,8.0,7.995742559457445,0.8419649198457794,0.8379941998106061,0.003970720035173292,0.0015580961828997736,0.00955320022545699,1136,0.0096524765221037,0.8031574818033026,True,0.05,360,paired cluster influence sandwich; asymptotic Bonferroni bounds,,,
202,1.0,test,source,mlp_stronger,mlp_base:C1:E2,mlp_base,mlp,1.0,2.0,1.9909995955023065,0.8546870516953301,0.8228162815817455,0.031870770113584634,0.004270652870531061,0.009695835952617355,1155,0.047443336184121214,0.7874612549479741,True,0.05,360,paired cluster influence sandwich; asymptotic Bonferroni bounds,-0.0002753118090833562,0.03223363318762551,-8.755126495751941e-05
202,1.0,test,source,mlp_stronger,mlp_base:C1:E8,mlp_base,mlp,1.0,8.0,7.998197999765249,0.8546870516953301,0.8228067880710873,0.03188026362424279,0.0041883865882399686,0.009680049178317161,1155,0.04715285281649093,0.787509326543468,True,0.05,360,paired cluster influence sandwich; asymptotic Bonferroni bounds,-0.0002753118090833562,0.03223363318762551,-7.805775429936546e-05
202,1.0,test,source,mlp_stronger,mlp_base:C5:E2,mlp_base,mlp,5.0,2.0,1.9909995955023065,0.8546870516953301,0.8504972489915782,0.00418980270375191,0.003018951442974125,0.008849369711131637,1155,0.015198147852537135,0.8182287882463558,True,0.05,360,paired cluster influence sandwich; asymptotic Bonferroni bounds,-0.0002753118090833562,7.805775429947648e-05,0.00438705675853579
202,1.0,test,source,mlp_stronger,mlp_base:C5:E8,mlp_base,mlp,5.0,8.0,7.998197999765249,0.8546870516953301,0.8558494793336823,-0.0011624276383521703,0.0011490068677996628,0.008694955511786055,1155,0.0030273264593826616,0.8241440766019386,True,0.05,360,paired cluster influence sandwich; asymptotic Bonferroni bounds,-0.0002753118090833562,7.805775429947648e-05,-0.0009651735835682906
202,1.0,test,source,mlp_stronger,mlp_stronger:C1:E2,mlp_stronger,mlp,1.0,2.0,1.9948093103901194,0.8546870516953301,0.8167467637677001,0.037940287927630045,0.004576584248456962,0.009709355136020762,1155,0.05462840628963839,0.7813424406017235,True,0.05,360,paired cluster influence sandwich; asymptotic Bonferroni bounds,-1.1102230246251565e-16,0.03656161921317813,0.0013786687144520249
202,1.0,test,source,mlp_stronger,mlp_stronger:C1:E8,mlp_stronger,mlp,1.0,8.0,7.995742559457445,0.8546870516953301,0.8178575045146916,0.03682954718063847,0.004469899530327184,0.009715410583698738,1155,0.05312864895147021,0.7824311006828519,True,0.05,360,paired cluster influence sandwich; asymptotic Bonferroni bounds,-1.1102230246251565e-16,0.03656161921317813,0.0002679279674604462
202,1.0,test,source,mlp_stronger,mlp_stronger:C5:E2,mlp_stronger,mlp,5.0,2.0,1.9948093103901194,0.8546870516953301,0.8435363960101939,0.01115065568513618,0.002752247802010398,0.008950772207091104,1155,0.02118648909015052,0.8108981798397666,True,0.05,360,paired cluster influence sandwich; asymptotic Bonferroni bounds,-1.1102230246251565e-16,0.000158225177634308,0.010992430507501982
202,1.0,test,source,mlp_stronger,mlp_stronger:C5:E8,mlp_stronger,mlp,5.0,8.0,7.995742559457445,0.8546870516953301,0.8524835023881453,0.0022035493071848045,0.0009081128456421742,0.008728247797070607,1155,0.005514904202322234,0.8206567022195342,True,0.05,360,paired cluster influence sandwich; asymptotic Bonferroni bounds,-1.1102230246251565e-16,0.000158225177634308,0.0020453241295506075
202,1.0,test,source,mlp_stronger,logistic:C1:E2,logistic,logistic,1.0,2.0,1.9948093103901194,0.8546870516953301,0.8282676663685001,0.02641938532682997,0.0033727106200267267,0.009492567071031025,1155,0.03871768269714175,0.7936538421186616,True,0.05,360,paired cluster influence sandwich; asymptotic Bonferroni bounds,0.0073490320838467404,0.019132588479519264,-6.223523653603458e-05
202,1.0,test,source,mlp_stronger,logistic:C1:E8,logistic,logistic,1.0,8.0,7.995742559457445,0.8546870516953301,0.8282993114040268,0.026387740291303308,0.003416920569165193,0.009495071669717135,1155,0.03884724541481002,0.7936763543518506,True,0.05,360,paired cluster influence sandwich; asymptotic Bonferroni bounds,0.0073490320838467404,0.019132588479519264,-9.388027206269633e-05
202,1.0,test,source,mlp_stronger,logistic:C5:E2,logistic,logistic,5.0,2.0,1.9948093103901194,0.8546870516953301,0.8274670469696713,0.027220004725658775,0.0039037467032257667,0.009535966316876287,1155,0.04145467921257466,0.7926949711260307,True,0.05,360,paired cluster influence sandwich; asymptotic Bonferroni bounds,0.0073490320838467404,0.0,0.019870972641812035
202,1.0,test,source,mlp_stronger,logistic:C5:E8,logistic,logistic,5.0,8.0,7.995742559457445,0.8546870516953301,0.8446028337074479,0.010084217987882171,0.0016404077978671543,0.009029324001758304,1155,0.016065823046720183,0.8116781852163666,True,0.05,360,paired cluster influence sandwich; asymptotic Bonferroni bounds,0.0073490320838467404,0.0,0.002735185904035431
202,1.0,test,state_CO,mlp_stronger,mlp_base:C1:E2,mlp_base,mlp,1.0,2.0,1.9909995955023065,0.838092315893545,0.8234770274360794,0.014615288457465625,0.004933352374362523,0.009261842939689036,1202,0.032602157981857005,0.7897085982078472,True,0.05,360,paired cluster influence sandwich; asymptotic Bonferroni bounds,0.0013523300057129983,0.014407635034128563,-0.0011446765823759364
202,1.0,test,state_CO,mlp_stronger,mlp_base:C1:E8,mlp_base,mlp,1.0,8.0,7.998197999765249,0.838092315893545,0.8229387814979766,0.015153534395568435,0.004737463853206288,0.009251594321120814,1202,0.03242619966208568,0.7892077184562649,True,0.05,360,paired cluster influence sandwich; asymptotic Bonferroni bounds,0.0013523300057129983,0.014407635034128563,-0.000606430644273126
202,1.0,test,state_CO,mlp_stronger,mlp_base:C5:E2,mlp_base,mlp,5.0,2.0,1.9909995955023065,0.838092315893545,0.8413889431267234,-0.003296627233178362,0.003749496587690934,0.008673372347726662,1202,0.010373936064798545,0.8097660617842605,True,0.05,360,paired cluster influence sandwich; asymptotic Bonferroni bounds,0.0013523300057129983,-0.00017356107025190415,-0.004475396168639456
202,1.0,test,state_CO,mlp_stronger,mlp_base:C5:E8,mlp_base,mlp,5.0,8.0,7.998197999765249,0.838092315893545,0.8418362761232655,-0.0037439602297204555,0.0013872411993947854,0.008671955905053841,1202,0.0013138837187565621,0.8102185590925346,True,0.05,360,paired cluster influence sandwich; asymptotic Bonferroni bounds,0.0013523300057129983,-0.00017356107025190415,-0.00492272916518155
202,1.0,test,state_CO,mlp_stronger,mlp_stronger:C1:E2,mlp_stronger,mlp,1.0,2.0,1.9948093103901194,0.838092315893545,0.815906458847947,0.022185857045598056,0.0051497755486336816,0.009433660827613304,1202,0.04096179961855167,0.7815115862405411,True,0.05,360,paired cluster influence sandwich; asymptotic Bonferroni bounds,0.0,0.02035830029990937,0.0018275567456886854
202,1.0,test,state_CO,mlp_stronger,mlp_stronger:C1:E8,mlp_stronger,mlp,1.0,8.0,7.995742559457445,0.838092315893545,0.8172846163938763,0.020807699499668764,0.005064160880023427,0.00941099385947663,1202,0.03927149330302113,0.7829723869401414,True,0.05,360,paired cluster influence sandwich; asymptotic Bonferroni bounds,0.0,0.02035830029990937,0.0004493991997593927
202,1.0,test,state_CO,mlp_stronger,mlp_stronger:C5:E2,mlp_stronger,mlp,5.0,2.0,1.9948093103901194,0.838092315893545,0.8160108021104199,0.022081513783125173,0.003471916667281893,0.009393461957281125,1202,0.034740028187750224,0.7817624934986147,True,0.05,360,paired cluster influence sandwich; asymptotic Bonferroni bounds,0.0,-0.00026654021502980907,0.022348053998154982
202,1.0,test,state_CO,mlp_stronger,mlp_stronger:C5:E8,mlp_stronger,mlp,5.0,8.0,7.995742559457445,0.838092315893545,0.8359661927829587,0.002126123110586353,0.0011031711729462595,0.008842863637688606,1202,0.006148255414366536,0.8037253507746595,True,0.05,360,paired cluster influence sandwich; asymptotic Bonferroni bounds,0.0,-0.00026654021502980907,0.0023926633256161622
202,1.0,test,state_CO,mlp_stronger,logistic:C1:E2,logistic,logistic,1.0,2.0,1.9948093103901194,0.838092315893545,0.825336610331636,0.012755705561909081,0.0037589505141742236,0.009218468171999847,1202,0.026460737620526684,0.7917263243349982,True,0.05,360,paired cluster influence sandwich; asymptotic Bonferroni bounds,0.0016632935899143497,0.010191547369258425,0.0009008646027363065
202,1.0,test,state_CO,mlp_stronger,logistic:C1:E8,logistic,logistic,1.0,8.0,7.995742559457445,0.838092315893545,0.8262653686778054,0.011826947215739625,0.003798276377344646,0.009168672154251952,1202,0.025675360309423037,0.7928366376170609,True,0.05,360,paired cluster influence sandwich; asymptotic Bonferroni bounds,0.0016632935899143497,0.010191547369258425,-2.789374343314943e-05
202,1.0,test,state_CO,mlp_stronger,logistic:C5:E2,logistic,logistic,5.0,2.0,1.9948093103901194,0.838092315893545,0.8065021349044743,0.03159018098907074,0.004379667782820177,0.009679792821288198,1202,0.047558331445776425,0.7712098716952911,True,0.05,360,paired cluster influence sandwich; asymptotic Bonferroni bounds,0.0016632935899143497,0.0,0.029926887399156388
202,1.0,test,state_CO,mlp_stronger,logistic:C5:E8,logistic,logistic,5.0,8.0,7.995742559457445,0.838092315893545,0.8309670140987376,0.007125301794807415,0.0017791002437817054,0.008998083743734966,1202,0.013611853236381557,0.7981602437757437,True,0.05,360,paired cluster influence sandwich; asymptotic Bonferroni bounds,0.0016632935899143497,0.0,0.005462008204893065
202,1.0,test,state_UT,mlp_stronger,mlp_base:C1:E2,mlp_base,mlp,1.0,2.0,1.9909995955023065,0.8741801802217901,0.86149722185016,0.012682958371630138,0.004311064931871979,0.008373293478381639,1150,0.0284030946978745,0.8309643217292019,True,0.05,360,paired cluster influence sandwich; asymptotic Bonferroni bounds,0.0004330034039841113,0.011416279080508684,0.0008336758871373418
202,1.0,test,state_UT,mlp_stronger,mlp_base:C1:E8,mlp_base,mlp,1.0,8.0,7.998197999765249,0.8741801802217901,0.8621426855910325,0.01203749463075765,0.004132146070574997,0.008336214827107575,1150,0.027105210050480517,0.8317449913790627,True,0.05,360,paired cluster influence sandwich; asymptotic Bonferroni bounds,0.0004330034039841113,0.011416279080508684,0.0001882121462648545
202,1.0,test,state_UT,mlp_stronger,mlp_base:C5:E2,mlp_base,mlp,5.0,2.0,1.9909995955023065,0.8741801802217901,0.862752354383842,0.011427825837948102,0.004148713973242256,0.008204240366961794,1150,0.026555955492363593,0.8328359000830914,True,0.05,360,paired cluster influence sandwich; asymptotic Bonferroni bounds,0.0004330034039841113,-0.00011489023652389019,0.011109712670487881
202,1.0,test,state_UT,mlp_stronger,mlp_base:C5:E8,mlp_base,mlp,5.0,8.0,7.998197999765249,0.8741801802217901,0.8750490737191182,-0.0008688934973281048,0.0015544966553777237,0.007734639799948997,1150,0.004799520160876197,0.8468450002451434,True,0.05,360,paired cluster influence sandwich; asymptotic Bonferroni bounds,0.0004330034039841113,-0.00011489023652389019,-0.001187006664788326
202,1.0,test,state_UT,mlp_stronger,mlp_stronger:C1:E2,mlp_stronger,mlp,1.0,2.0,1.9948093103901194,0.8741801802217901,0.8541107611160634,0.020069419105726682,0.004451994699753053,0.008572732622514827,1150,0.036303450536435286,0.8228506136480788,True,0.05,360,paired cluster influence sandwich; asymptotic Bonferroni bounds,0.0,0.01641371570035699,0.0036557034053696924
202,1.0,test,state_UT,mlp_stronger,mlp_stronger:C1:E8,mlp_stronger,mlp,1.0,8.0,7.995742559457445,0.8741801802217901,0.8567491951910063,0.017430985030783774,0.004289631790924153,0.008486963318310422,1150,0.03307296621371112,0.8258018022688259,True,0.05,360,paired cluster influence sandwich; asymptotic Bonferroni bounds,0.0,0.01641371570035699,0.0010172693304267844
202,1.0,test,state_UT,mlp_stronger,mlp_stronger:C5:E2,mlp_stronger,mlp,5.0,2.0,1.9948093103901194,0.8741801802217901,0.8544929587873135,0.019687221434476654,0.0033503210903814517,0.008631570611011219,1150,0.03190404143366383,0.8230182608045622,True,0.05,360,paired cluster influence sandwich; asymptotic Bonferroni bounds,0.0,-6.350716591752015e-05,0.019750728600394174
202,1.0,test,state_UT,mlp_stronger,mlp_stronger:C5:E8,mlp_stronger,mlp,5.0,8.0,7.995742559457445,0.8741801802217901,0.87151634328048,0.002663836941310116,0.0009686330251033417,0.007972987353796243,1150,0.00619592088004936,0.8424431444050748,True,0.05,360,paired cluster influence sandwich; asymptotic Bonferroni bounds,0.0,-6.350716591752015e-05,0.002727344107227636
202,1.0,test,state_UT,mlp_stronger,logistic:C1:E2,logistic,logistic,1.0,2.0,1.9948093103901194,0.8741801802217901,0.8633239188771009,0.0108562613446892,0.003113531100220286,0.008311657335518011,1150,0.022209635539916464,0.8330157726356952,True,0.05,360,paired cluster influence sandwich; asymptotic Bonferroni bounds,0.002044930742548967,0.007888744682718163,0.0009225859194220698
202,1.0,test,state_UT,mlp_stronger,logistic:C1:E8,logistic,logistic,1.0,8.0,7.995742559457445,0.8741801802217901,0.864137965276591,0.01004221494519908,0.0032064311575185685,0.00826382700635284,1150,0.021734345709516285,0.8340042305337101,True,0.05,360,paired cluster influence sandwich; asymptotic Bonferroni bounds,0.002044930742548967,0.007888744682718163,0.00010853951993194944
202,1.0,test,state_UT,mlp_stronger,logistic:C5:E2,logistic,logistic,5.0,2.0,1.9948093103901194,0.8741801802217901,0.8421275362452717,0.03205264397651841,0.0037868714311943457,0.00892331936474244,1150,0.04586132839419561,0.8095889873917623,True,0.05,360,paired cluster influence sandwich; asymptotic Bonferroni bounds,0.002044930742548967,0.0,0.030007713233969446
202,1.0,test,state_UT,mlp_stronger,logistic:C5:E8,logistic,logistic,5.0,8.0,7.995742559457445,0.8741801802217901,0.8667152015371042,0.0074649786846858746,0.0015218635790360251,0.008115720828834994,1150,0.013014397055891917,0.8371215304068417,True,0.05,360,paired cluster influence sandwich; asymptotic Bonferroni bounds,0.002044930742548967,0.0,0.0054200479421369074
203,1.0,validation,source,mlp_stronger,mlp_base:C1:E2,mlp_base,mlp,1.0,2.0,1.9909995955023065,0.8681677809145948,0.8479130465880452,0.02025473432654956,0.004210271565962761,0.008893239594820062,1114,0.03560887117448418,0.8154809301269035,True,0.05,360,paired cluster influence sandwich; asymptotic Bonferroni bounds,,,
203,1.0,validation,source,mlp_stronger,mlp_base:C1:E8,mlp_base,mlp,1.0,8.0,7.998197999765249,0.8681677809145948,0.8487476806953917,0.01942010021920304,0.0041694351094628745,0.008869919389267523,1114,0.03462531352820184,0.8164006090162234,True,0.05,360,paired cluster influence sandwich; asymptotic Bonferroni bounds,,,
203,1.0,validation,source,mlp_stronger,mlp_base:C5:E2,mlp_base,mlp,5.0,2.0,1.9909995955023065,0.8681677809145948,0.857218138750163,0.010949642164431839,0.003120394872111275,0.008659694878820479,1114,0.022329186009849837,0.8256377197326159,True,0.05,360,paired cluster influence sandwich; asymptotic Bonferroni bounds,,,
203,1.0,validation,source,mlp_stronger,mlp_base:C5:E8,mlp_base,mlp,5.0,8.0,7.998197999765249,0.8681677809145948,0.8660893473971195,0.0020784335174752755,0.0012878811409774188,0.008372245943810997,1114,0.0067751147107511485,0.8355572052462261,True,0.05,360,paired cluster influence sandwich; asymptotic Bonferroni bounds,,,
203,1.0,validation,source,mlp_stronger,mlp_stronger:C1:E2,mlp_stronger,mlp,1.0,2.0,1.9948093103901194,0.8681677809145948,0.8458793162206167,0.02228846469397805,0.004322789979812106,0.008983493321011837,1114,0.03805293686045175,0.8131180599305415,True,0.05,360,paired cluster influence sandwich; asymptotic Bonferroni bounds,,,
203,1.0,validation,source,mlp_stronger,mlp_stronger:C1:E8,mlp_stronger,mlp,1.0,8.0,7.995742559457445,0.8681677809145948,0.8475412215635373,0.020626559351057505,0.004199362029907531,0.008929858718794424,1114,0.03594091099584901,0.8149755614504137,True,0.05,360,paired cluster influence sandwich; asymptotic Bonferroni bounds,,,
203,1.0,validation,source,mlp_stronger,mlp_stronger:C5:E2,mlp_stronger,mlp,5.0,2.0,1.9948093103901194,0.8681677809145948,0.8569436088169338,0.011224172097661023,0.00286404755029238,0.008642935494897907,1114,0.021668861314786465,0.8254243083923807,True,0.05,360,paired cluster influence sandwich; asymptotic Bonferroni bounds,,,
203,1.0,validation,source,mlp_stronger,mlp_stronger:C5:E8,mlp_stronger,mlp,5.0,8.0,7.995742559457445,0.8681677809145948,0.8669108335191581,0.0012569473954366917,0.000831978939012847,0.008388711142164731,1114,0.0042910316068862685,0.8363186456194832,True,0.05,360,paired cluster influence sandwich; asymptotic Bonferroni bounds,,,
203,1.0,validation,source,mlp_stronger,logistic:C1:E2,logistic,logistic,1.0,2.0,1.9948093103901194,0.8681677809145948,0.8532474471871726,0.014920333727422186,0.003586161305365531,0.008773793744158069,1114,0.02799844771096973,0.8212509292161161,True,0.05,360,paired cluster influence sandwich; asymptotic Bonferroni bounds,,,
203,1.0,validation,source,mlp_stronger,logistic:C1:E8,logistic,logistic,1.0,8.0,7.995742559457445,0.8681677809145948,0.854439180575482,0.013728600339112829,0.0035010431573357153,0.008726195574385242,1114,0.026496303064712526,0.8226162449496385,True,0.05,360,paired cluster influence sandwich; asymptotic Bonferroni bounds,,,
203,1.0,validation,source,mlp_stronger,logistic:C5:E2,logistic,logistic,5.0,2.0,1.9948093103901194,0.8681677809145948,0.8448579807218981,0.023309800192696684,0.0038420183889644396,0.009050679159214082,1114,0.037320980989998025,0.8118517092260722,True,0.05,360,paired cluster influence sandwich; asymptotic Bonferroni bounds,,,
203,1.0,validation,source,mlp_stronger,logistic:C5:E8,logistic,logistic,5.0,8.0,7.995742559457445,0.8681677809145948,0.8628959647255331,0.0052718161890616955,0.0018616821666330617,0.008474329970997754,1114,0.012061051112749337,0.8319915396710652,True,0.05,360,paired cluster influence sandwich; asymptotic Bonferroni bounds,,,
203,1.0,validation,state_OR,mlp_stronger,mlp_base:C1:E2,mlp_base,mlp,1.0,2.0,1.9909995955023065,0.8531163730221074,0.8253349792391426,0.027781393782964847,0.005332415271342661,0.009653269879123632,1215,0.047222618403609876,0.7901405357282764,True,0.05,360,paired cluster influence sandwich; asymptotic Bonferroni bounds,,,
203,1.0,validation,state_OR,mlp_stronger,mlp_base:C1:E8,mlp_base,mlp,1.0,8.0,7.998197999765249,0.8531163730221074,0.8265099315452811,0.026606441476826337,0.005244648301002129,0.009646654703624188,1215,0.04572768025656476,0.7913396060196515,True,0.05,360,paired cluster influence sandwich; asymptotic Bonferroni bounds,,,
203,1.0,validation,state_OR,mlp_stronger,mlp_base:C5:E2,mlp_base,mlp,5.0,2.0,1.9909995955023065,0.8531163730221074,0.8337874537088992,0.019328919313208237,0.0034991489097069084,0.009376183483729376,1215,0.032086316566248566,0.7996032276282348,True,0.05,360,paired cluster influence sandwich; asymptotic Bonferroni bounds,,,
203,1.0,validation,state_OR,mlp_stronger,mlp_base:C5:E8,mlp_base,mlp,5.0,8.0,7.998197999765249,0.8531163730221074,0.8532476714173493,-0.00013129839524184117,0.0016534191757291378,0.008841068459151873,1215,0.005896831814380446,0.8210143983028956,True,0.05,360,paired cluster influence sandwich; asymptotic Bonferroni bounds,,,
203,1.0,validation,state_OR,mlp_stronger,mlp_stronger:C1:E2,mlp_stronger,mlp,1.0,2.0,1.9948093103901194,0.8531163730221074,0.8168982156884749,0.03621815733363254,0.005405670495865806,0.009827409167176839,1215,0.055926460042183435,0.781068885200123,True,0.05,360,paired cluster influence sandwich; asymptotic Bonferroni bounds,,,
203,1.0,validation,state_OR,mlp_stronger,mlp_stronger:C1:E8,mlp_stronger,mlp,1.0,8.0,7.995742559457445,0.8531163730221074,0.8195275502188305,0.03358882280327691,0.0052557826268409885,0.009800811696231922,1215,0.05275065574506345,0.7837951903114759,True,0.05,360,paired cluster influence sandwich; asymptotic Bonferroni bounds,,,
203,1.0,validation,state_OR,mlp_stronger,mlp_stronger:C5:E2,mlp_stronger,mlp,5.0,2.0,1.9948093103901194,0.8531163730221074,0.8452755021883066,0.007840870833800806,0.0036029207798465904,0.009029755874016363,1215,0.020976605506946445,0.8123543017034578,True,0.05,360,paired cluster influence sandwich; asymptotic Bonferroni bounds,,,
203,1.0,validation,state_OR,mlp_stronger,mlp_stronger:C5:E8,mlp_stronger,mlp,5.0,8.0,7.995742559457445,0.8531163730221074,0.8534395690719335,-0.0003231960498261133,0.0010756861341091335,0.008827203717011562,1215,0.0035986019892195794,0.8212568448274649,True,0.05,360,paired cluster influence sandwich; asymptotic Bonferroni bounds,,,
203,1.0,validation,state_OR,mlp_stronger,logistic:C1:E2,logistic,logistic,1.0,2.0,1.9948093103901194,0.8531163730221074,0.8322859387274154,0.020830434294692002,0.004520933730180856,0.009560639537767424,1215,0.03731311309426831,0.7974292122136989,True,0.05,360,paired cluster influence sandwich; asymptotic Bonferroni bounds,,,
203,1.0,validation,state_OR,mlp_stronger,logistic:C1:E8,logistic,logistic,1.0,8.0,7.995742559457445,0.8531163730221074,0.83255751318595,0.02055885983615746,0.004338233224561295,0.009518698060426238,1215,0.03637543868152654,0.7978536993094569,True,0.05,360,paired cluster influence sandwich; asymptotic Bonferroni bounds,,,
203,1.0,validation,state_OR,mlp_stronger,logistic:C5:E2,logistic,logistic,5.0,2.0,1.9948093103901194,0.8531163730221074,0.833549545505555,0.019566827516552365,0.005080272613470063,0.009567235588744963,1215,0.0380887760120817,0.7986687707318779,True,0.05,360,paired cluster influence sandwich; asymptotic Bonferroni bounds,,,
203,1.0,validation,state_OR,mlp_stronger,logistic:C5:E8,logistic,logistic,5.0,8.0,7.995742559457445,0.8531163730221074,0.8497800471327571,0.003336325889350289,0.002463496729083205,0.009037502816724543,1215,0.01231788318098105,0.8168306024010429,True,0.05,360,paired cluster influence sandwich; asymptotic Bonferroni bounds,,,
203,1.0,validation,state_WA,mlp_stronger,mlp_base:C1:E2,mlp_base,mlp,1.0,2.0,1.9909995955023065,0.8399311046739216,0.8072862026670842,0.03264490200683745,0.004723421561459776,0.009852477604607304,1193,0.049866755109583244,0.771363530977327,True,0.05,360,paired cluster influence sandwich; asymptotic Bonferroni bounds,,,
203,1.0,validation,state_WA,mlp_stronger,mlp_base:C1:E8,mlp_base,mlp,1.0,8.0,7.998197999765249,0.8399311046739216,0.8081233852657951,0.031807719408126545,0.004648583043832379,0.009846547292100351,1193,0.04875670718639599,0.772222335819473,True,0.05,360,paired cluster influence sandwich; asymptotic Bonferroni bounds,,,
203,1.0,validation,state_WA,mlp_stronger,mlp_base:C5:E2,mlp_base,mlp,5.0,2.0,1.9909995955023065,0.8399311046739216,0.8163501135207077,0.02358099115321388,0.003907268069416938,0.009777452490918746,1193,0.03782710402901477,0.7807009874948616,True,0.05,360,paired cluster influence sandwich; asymptotic Bonferroni bounds,,,
203,1.0,validation,state_WA,mlp_stronger,mlp_base:C5:E8,mlp_base,mlp,5.0,8.0,7.998197999765249,0.8399311046739216,0.8365447950103082,0.0033863096636134182,0.0015003648689695481,0.00925894304973282,1193,0.008856721956419318,0.8027861827385914,True,0.05,360,paired cluster influence sandwich; asymptotic Bonferroni bounds,,,
203,1.0,validation,state_WA,mlp_stronger,mlp_stronger:C1:E2,mlp_stronger,mlp,1.0,2.0,1.9948093103901194,0.8399311046739216,0.8043837260888854,0.035547378585036205,0.0047365690918458585,0.00997564775117529,1193,0.05281716830195603,0.7680119693146747,True,0.05,360,paired cluster influence sandwich; asymptotic Bonferroni bounds,,,
203,1.0,validation,state_WA,mlp_stronger,mlp_stronger:C1:E8,mlp_stronger,mlp,1.0,8.0,7.995742559457445,0.8399311046739216,0.8053686160912342,0.0345624885826874,0.004643771527099703,0.009957349746382304,1193,0.05149393330804629,0.7690635748423091,True,0.05,360,paired cluster influence sandwich; asymptotic Bonferroni bounds,,,
203,1.0,validation,state_WA,mlp_stronger,mlp_stronger:C5:E2,mlp_stronger,mlp,5.0,2.0,1.9948093103901194,0.8399311046739216,0.834183564289256,0.005747540384665628,0.003463750321273133,0.009370735179349528,1193,0.018376563316745163,0.8000173518045895,True,0.05,360,paired cluster influence sandwich; asymptotic Bonferroni bounds,,,
203,1.0,validation,state_WA,mlp_stronger,mlp_stronger:C5:E8,mlp_stronger,mlp,5.0,8.0,7.995742559457445,0.8399311046739216,0.8398726480336127,5.845664030890152e-05,0.0011045003705143328,0.009239929700628417,1193,0.004085525341550872,0.8061833594716277,True,0.05,360,paired cluster influence sandwich; asymptotic Bonferroni bounds,,,
203,1.0,validation,state_WA,mlp_stronger,logistic:C1:E2,logistic,logistic,1.0,2.0,1.9948093103901194,0.8399311046739216,0.8128876014509774,0.027043503222944243,0.00390711318347785,0.0098029844024076,1193,0.04128905137614819,0.7771453846807689,True,0.05,360,paired cluster influence sandwich; asymptotic Bonferroni bounds,,,
203,1.0,validation,state_WA,mlp_stronger,logistic:C1:E8,logistic,logistic,1.0,8.0,7.995742559457445,0.8399311046739216,0.8146245987630157,0.025306505910905885,0.0038099363261636706,0.009756745752988292,1193,0.039197741932559566,0.7790509706350885,True,0.05,360,paired cluster influence sandwich; asymptotic Bonferroni bounds,,,
203,1.0,validation,state_WA,mlp_stronger,logistic:C5:E2,logistic,logistic,5.0,2.0,1.9948093103901194,0.8399311046739216,0.8034092747723063,0.036521829901615344,0.0048735707294315055,0.010093626443120642,1193,0.05429113507499729,0.7666073612408595,True,0.05,360,paired cluster influence sandwich; asymptotic Bonferroni bounds,,,
203,1.0,validation,state_WA,mlp_stronger,logistic:C5:E8,logistic,logistic,5.0,8.0,7.995742559457445,0.8399311046739216,0.8288619222839845,0.011069182389937149,0.0021351324937184638,0.009447803056065445,1193,0.0188539921265372,0.7944147161097919,True,0.05,360,paired cluster influence sandwich; asymptotic Bonferroni bounds,,,
203,1.0,validation,proxy_0.5,mlp_stronger,mlp_base:C1:E2,mlp_base,mlp,1.0,2.0,1.9909995955023065,0.8661966349572323,0.8467239427967973,0.019472692160435012,0.0042222582605603125,0.008950234229901408,1114,0.03487054242360229,0.8140839766962851,True,0.05,360,paired cluster influence sandwich; asymptotic Bonferroni bounds,,,
203,1.0,validation,proxy_0.5,mlp_stronger,mlp_base:C1:E8,mlp_base,mlp,1.0,8.0,7.998197999765249,0.8661966349572323,0.8472971949562226,0.018899440001009737,0.004188479056180661,0.008933211157730821,1114,0.03417410331090481,0.8147193090744289,True,0.05,360,paired cluster influence sandwich; asymptotic Bonferroni bounds,,,
203,1.0,validation,proxy_0.5,mlp_stronger,mlp_base:C5:E2,mlp_base,mlp,5.0,2.0,1.9909995955023065,0.8661966349572323,0.8581605863370343,0.008036048620198022,0.0029100523550029777,0.008675800170316956,1114,0.018648509453981044,0.8265214340891626,True,0.05,360,paired cluster influence sandwich; asymptotic Bonferroni bounds,,,
203,1.0,validation,proxy_0.5,mlp_stronger,mlp_base:C5:E8,mlp_base,mlp,5.0,8.0,7.998197999765249,0.8661966349572323,0.8643117397834894,0.0018848951737429065,0.001218016806281737,0.008472587773157078,1114,0.006326793144867619,0.8334136682251423,True,0.05,360,paired cluster influence sandwich; asymptotic Bonferroni bounds,,,
203,1.0,validation,proxy_0.5,mlp_stronger,mlp_stronger:C1:E2,mlp_stronger,mlp,1.0,2.0,1.9948093103901194,0.8661966349572323,0.8448684991101443,0.021328135847088037,0.004318556265871307,0.009024942175361749,1114,0.037077168386401446,0.8119560859714174,True,0.05,360,paired cluster influence sandwich; asymptotic Bonferroni bounds,,,
203,1.0,validation,proxy_0.5,mlp_stronger,mlp_stronger:C1:E8,mlp_stronger,mlp,1.0,8.0,7.995742559457445,0.8661966349572323,0.8460181589454684,0.020178476011763924,0.004219979473898521,0.008980963475116363,1114,0.03556801593159485,0.8132661285686091,True,0.05,360,paired cluster influence sandwich; asymptotic Bonferroni bounds,,,
203,1.0,validation,proxy_0.5,mlp_stronger,mlp_stronger:C5:E2,mlp_stronger,mlp,5.0,2.0,1.9948093103901194,0.8661966349572323,0.8562557062256236,0.009940928731608678,0.002761378586609281,0.008685207916646401,1114,0.0200112018822813,0.8245822455436498,True,0.05,360,paired cluster influence sandwich; asymptotic Bonferroni bounds,,,
203,1.0,validation,proxy_0.5,mlp_stronger,mlp_stronger:C5:E8,mlp_stronger,mlp,5.0,8.0,7.995742559457445,0.8661966349572323,0.8649386357229709,0.0012579992342613977,0.0007875603626342357,0.008488379316918104,1114,0.00413009653118004,0.8339829751183716,True,0.05,360,paired cluster influence sandwich; asymptotic Bonferroni bounds,,,
203,1.0,validation,proxy_0.5,mlp_stronger,logistic:C1:E2,logistic,logistic,1.0,2.0,1.9948093103901194,0.8661966349572323,0.851885841828685,0.014310793128547328,0.003570455635651498,0.008829000657889639,1114,0.02733163123373414,0.8196879937307932,True,0.05,360,paired cluster influence sandwich; asymptotic Bonferroni bounds,,,
203,1.0,validation,proxy_0.5,mlp_stronger,logistic:C1:E8,logistic,logistic,1.0,8.0,7.995742559457445,0.8661966349572323,0.8529413620892043,0.013255272868027967,0.0034993441133369324,0.008783962857194152,1114,0.026016779472152064,0.8209077591105107,True,0.05,360,paired cluster influence sandwich; asymptotic Bonferroni bounds,,,
203,1.0,validation,proxy_0.5,mlp_stronger,logistic:C5:E2,logistic,logistic,5.0,2.0,1.9948093103901194,0.8661966349572323,0.8457299551075189,0.0204666798497134,0.003525838383614178,0.009015035921395092,1114,0.033324806504385227,0.8128536683745764,True,0.05,360,paired cluster influence sandwich; asymptotic Bonferroni bounds,,,
203,1.0,validation,proxy_0.5,mlp_stronger,logistic:C5:E8,logistic,logistic,5.0,8.0,7.995742559457445,0.8661966349572323,0.8612866513238443,0.004909983633388015,0.0017718939106176016,0.008556904958842657,1114,0.01137177621788215,0.83008108947957,True,0.05,360,paired cluster influence sandwich; asymptotic Bonferroni bounds,,,
203,1.0,validation,proxy_0.75,mlp_stronger,mlp_base:C1:E2,mlp_base,mlp,1.0,2.0,1.9909995955023065,0.8674483231585458,0.84728983208445,0.02015849107409584,0.004194460039556687,0.008921909835029192,1114,0.03545496600250577,0.8147531601843686,True,0.05,360,paired cluster influence sandwich; asymptotic Bonferroni bounds,,,
203,1.0,validation,proxy_0.75,mlp_stronger,mlp_base:C1:E8,mlp_base,mlp,1.0,8.0,7.998197999765249,0.8674483231585458,0.8481554954371232,0.0192928277214226,0.004164036398291604,0.008901122934107513,1114,0.03447835285857133,0.8156946297923856,True,0.05,360,paired cluster influence sandwich; asymptotic Bonferroni bounds,,,
203,1.0,validation,proxy_0.75,mlp_stronger,mlp_base:C5:E2,mlp_base,mlp,5.0,2.0,1.9909995955023065,0.8674483231585458,0.8561789219914254,0.011269401167120385,0.0030482127059095684,0.00870798512963454,1114,0.022385709057213987,0.8244223967280451,True,0.05,360,paired cluster influence sandwich; asymptotic Bonferroni bounds,,,
203,1.0,validation,proxy_0.75,mlp_stronger,mlp_base:C5:E8,mlp_base,mlp,5.0,8.0,7.998197999765249,0.8674483231585458,0.8650143681183444,0.0024339550402013854,0.0012587614280608985,0.008449725618971692,1114,0.007024441644817612,0.8341996709073527,True,0.05,360,paired cluster influence sandwich; asymptotic Bonferroni bounds,,,
203,1.0,validation,proxy_0.75,mlp_stronger,mlp_stronger:C1:E2,mlp_stronger,mlp,1.0,2.0,1.9948093103901194,0.8674483231585458,0.845821465085262,0.021626858073283795,0.004286623244791039,0.008985374695932986,1114,0.03725943637254338,0.8130533477441717,True,0.05,360,paired cluster influence sandwich; asymptotic Bonferroni bounds,,,
203,1.0,validation,proxy_0.75,mlp_stronger,mlp_stronger:C1:E8,mlp_stronger,mlp,1.0,8.0,7.995742559457445,0.8674483231585458,0.8471204860336841,0.020327837124861747,0.004183424840472109,0.008937004431271652,1114,0.03558406857865627,0.8145287667351773,True,0.05,360,paired cluster influence sandwich; asymptotic Bonferroni bounds,,,
203,1.0,validation,proxy_0.75,mlp_stronger,mlp_stronger:C5:E2,mlp_stronger,mlp,5.0,2.0,1.9948093103901194,0.8674483231585458,0.8565954501659802,0.010852872992565654,0.0028146147209957817,0.008664824446263455,1114,0.02111728917648902,0.8249963244975066,True,0.05,360,paired cluster influence sandwich; asymptotic Bonferroni bounds,,,
203,1.0,validation,proxy_0.75,mlp_stronger,mlp_stronger:C5:E8,mlp_stronger,mlp,5.0,8.0,7.995742559457445,0.8674483231585458,0.8660925029135935,0.0013558202449522883,0.0008140820850443436,0.008450351935766766,1114,0.004324637705629443,0.8352755216328854,True,0.05,360,paired cluster influence sandwich; asymptotic Bonferroni bounds,,,
203,1.0,validation,proxy_0.75,mlp_stronger,logistic:C1:E2,logistic,logistic,1.0,2.0,1.9948093103901194,0.8674483231585458,0.8529865911586635,0.014461731999882321,0.0035587913930816267,0.008793443544893925,1114,0.02744003261696666,0.8209184137412254,True,0.05,360,paired cluster influence sandwich; asymptotic Bonferroni bounds,,,
203,1.0,validation,proxy_0.75,mlp_stronger,logistic:C1:E8,logistic,logistic,1.0,8.0,7.995742559457445,0.8674483231585458,0.8541499248987079,0.013298398259837918,0.0034774693993710483,0.00874332955878646,1114,0.02598013154139136,0.8222645045763014,True,0.05,360,paired cluster influence sandwich; asymptotic Bonferroni bounds,,,
203,1.0,validation,proxy_0.75,mlp_stronger,logistic:C5:E2,logistic,logistic,5.0,2.0,1.9948093103901194,0.8674483231585458,0.8456447561627237,0.021803566995822088,0.003645030026124757,0.00902661170006282,1114,0.035096365087137704,0.812726254554327,True,0.05,360,paired cluster influence sandwich; asymptotic Bonferroni bounds,,,
203,1.0,validation,proxy_0.75,mlp_stronger,logistic:C5:E8,logistic,logistic,5.0,8.0,7.995742559457445,0.8674483231585458,0.862641419729972,0.004806903428573817,0.0018020676050837135,0.008512927993024413,1114,0.011378734291307733,0.8315962343224077,True,0.05,360,paired cluster influence sandwich; asymptotic Bonferroni bounds,,,
203,1.0,test,source,mlp_stronger,mlp_base:C1:E2,mlp_base,mlp,1.0,2.0,1.9909995955023065,0.8487732518437231,0.8278055316357713,0.02096772020795179,0.00426610730812751,0.009413114192271766,1165,0.03652329874022271,0.7934823356926792,True,0.05,360,paired cluster influence sandwich; asymptotic Bonferroni bounds,-0.00023211689572666394,0.019362072306485345,0.0018377647971931088
203,1.0,test,source,mlp_stronger,mlp_base:C1:E8,mlp_base,mlp,1.0,8.0,7.998197999765249,0.8487732518437231,0.8291925337113523,0.019580718132370833,0.004171809628602252,0.009376104187924927,1165,0.03479245745636129,0.7950042879670047,True,0.05,360,paired cluster influence sandwich; asymptotic Bonferroni bounds,-0.00023211689572666394,0.019362072306485345,0.00045076272161215236
203,1.0,test,source,mlp_stronger,mlp_base:C5:E2,mlp_base,mlp,5.0,2.0,1.9909995955023065,0.8487732518437231,0.8330328248522586,0.015740426991464496,0.003298812057326509,0.009208023750635095,1165,0.02776894064914555,0.7994574536216438,True,0.05,360,paired cluster influence sandwich; asymptotic Bonferroni bounds,-0.00023211689572666394,8.497136361418356e-05,0.015887572523576976
203,1.0,test,source,mlp_stronger,mlp_base:C5:E8,mlp_base,mlp,5.0,8.0,7.998197999765249,0.8487732518437231,0.8459557257746124,0.0028175260691106763,0.0013653517373576867,0.008699442014108022,1165,0.007796030977830901,0.8142348046483242,True,0.05,360,paired cluster influence sandwich; asymptotic Bonferroni bounds,-0.00023211689572666394,8.497136361418356e-05,0.0029646716012231566
203,1.0,test,source,mlp_stronger,mlp_stronger:C1:E2,mlp_stronger,mlp,1.0,2.0,1.9948093103901194,0.8487732518437231,0.8253025032356474,0.023470748608075742,0.004352919721140347,0.009531781674461197,1165,0.039342872695969325,0.7905466080646415,True,0.05,360,paired cluster influence sandwich; asymptotic Bonferroni bounds,0.0,0.02090917286594951,0.002561575742126232
203,1.0,test,source,mlp_stronger,mlp_stronger:C1:E8,mlp_stronger,mlp,1.0,8.0,7.995742559457445,0.8487732518437231,0.8271014091775291,0.02167184266619404,0.004202733877733612,0.009459488458350805,1165,0.03699634159775412,0.7926091179712929,True,0.05,360,paired cluster influence sandwich; asymptotic Bonferroni bounds,0.0,0.02090917286594951,0.0007626698002445309
203,1.0,test,source,mlp_stronger,mlp_stronger:C5:E2,mlp_stronger,mlp,5.0,2.0,1.9948093103901194,0.8487732518437231,0.8369611960652041,0.01181205577851896,0.0030152782471613957,0.00908642221938404,1165,0.022806715355179884,0.8038292225347401,True,0.05,360,paired cluster influence sandwich; asymptotic Bonferroni bounds,0.0,9.636996117212693e-05,0.011715685817346833
203,1.0,test,source,mlp_stronger,mlp_stronger:C5:E8,mlp_stronger,mlp,5.0,8.0,7.995742559457445,0.8487732518437231,0.8466209893775432,0.002152262466179944,0.0009221138400865633,0.008729532364644977,1165,0.00551458160612121,0.8147903493020974,True,0.05,360,paired cluster influence sandwich; asymptotic Bonferroni bounds,0.0,9.636996117212693e-05,0.002055892505007817
203,1.0,test,source,mlp_stronger,logistic:C1:E2,logistic,logistic,1.0,2.0,1.9948093103901194,0.8487732518437231,0.8335234826653236,0.015249769178399486,0.003436757626869492,0.009233375163980468,1165,0.027781276076807658,0.7998556721516071,True,0.05,360,paired cluster influence sandwich; asymptotic Bonferroni bounds,0.003892102947988141,0.011271140512584488,8.652571782685747e-05
203,1.0,test,source,mlp_stronger,logistic:C1:E8,logistic,logistic,1.0,8.0,7.995742559457445,0.8487732518437231,0.8336721825516485,0.015101069292074554,0.003379513066380174,0.009233023416609766,1165,0.027423844390759722,0.8000056546202614,True,0.05,360,paired cluster influence sandwich; asymptotic Bonferroni bounds,0.003892102947988141,0.011271140512584488,-6.217416849807478e-05
203,1.0,test,source,mlp_stronger,logistic:C5:E2,logistic,logistic,5.0,2.0,1.9948093103901194,0.8487732518437231,0.8344711206168507,0.014302131226872405,0.0036611563995394662,0.009081323342951904,1165,0.02765186712860706,0.8013577392049241,True,0.05,360,paired cluster influence sandwich; asymptotic Bonferroni bounds,0.003892102947988141,0.0,0.010410028278884265
203,1.0,test,source,mlp_stronger,logistic:C5:E8,logistic,logistic,5.0,8.0,7.995742559457445,0.8487732518437231,0.84476405421173,0.004009197631993144,0.0016928717903577587,0.008783748818086969,1165,0.01018194439572483,0.8127357237740067,True,0.05,360,paired cluster influence sandwich; asymptotic Bonferroni bounds,0.003892102947988141,0.0,0.00011709468400500356
203,1.0,test,state_CO,mlp_stronger,mlp_base:C1:E2,mlp_base,mlp,1.0,2.0,1.9909995955023065,0.8266546098159036,0.7995569420238613,0.027097667792042257,0.004808215317901453,0.009791562451436439,1215,0.0446277342371883,0.7638583035422566,True,0.05,360,paired cluster influence sandwich; asymptotic Bonferroni bounds,-4.380516713242688e-05,0.02460077326549792,0.0025406996936767623
203,1.0,test,state_CO,mlp_stronger,mlp_base:C1:E8,mlp_base,mlp,1.0,8.0,7.998197999765249,0.8266546098159036,0.8015125298422703,0.02514207997363327,0.00470715233746959,0.009763115959190802,1215,0.04230368522372445,0.7659176032092887,True,0.05,360,paired cluster influence sandwich; asymptotic Bonferroni bounds,-4.380516713242688e-05,0.02460077326549792,0.0005851118752677742
203,1.0,test,state_CO,mlp_stronger,mlp_base:C5:E2,mlp_base,mlp,5.0,2.0,1.9909995955023065,0.8266546098159036,0.8030999456607332,0.02355466415517038,0.0038735189666540943,0.009691827963584346,1215,0.037676961176514256,0.7677649248799437,True,0.05,360,paired cluster influence sandwich; asymptotic Bonferroni bounds,-4.380516713242688e-05,-2.8160464585091916e-05,0.0236266297868879
203,1.0,test,state_CO,mlp_stronger,mlp_base:C5:E8,mlp_base,mlp,5.0,8.0,7.998197999765249,0.8266546098159036,0.8218151818279479,0.004839427987955669,0.0017300771735956017,0.009269755291916114,1215,0.01114704231118406,0.7880189777368931,True,0.05,360,paired cluster influence sandwich; asymptotic Bonferroni bounds,-4.380516713242688e-05,-2.8160464585091916e-05,0.004911393619673188
203,1.0,test,state_CO,mlp_stronger,mlp_stronger:C1:E2,mlp_stronger,mlp,1.0,2.0,1.9948093103901194,0.8266546098159036,0.7963101447552178,0.030344465060685777,0.005016963209339451,0.009862349539569543,1215,0.04863559650921635,0.7603534266585402,True,0.05,360,paired cluster influence sandwich; asymptotic Bonferroni bounds,-1.1102230246251565e-16,0.02648439545218928,0.003860069608496608
203,1.0,test,state_CO,mlp_stronger,mlp_stronger:C1:E8,mlp_stronger,mlp,1.0,8.0,7.995742559457445,0.8266546098159036,0.7991022026698206,0.02755240714608298,0.004847166863086535,0.009813551115792378,1215,0.04522448536276791,0.7633233966579133,True,0.05,360,paired cluster influence sandwich; asymptotic Bonferroni bounds,-1.1102230246251565e-16,0.02648439545218928,0.0010680116938938111
203,1.0,test,state_CO,mlp_stronger,mlp_stronger:C5:E2,mlp_stronger,mlp,5.0,2.0,1.9948093103901194,0.8266546098159036,0.8085297004248059,0.018124909391097677,0.003980972468843854,0.009617102150251664,1215,0.032638966537271455,0.7734671192887246,True,0.05,360,paired cluster influence sandwich; asymptotic Bonferroni bounds,-1.1102230246251565e-16,-0.00011368483851004196,0.01823859422960783
203,1.0,test,state_CO,mlp_stronger,mlp_stronger:C5:E8,mlp_stronger,mlp,5.0,8.0,7.995742559457445,0.8266546098159036,0.8231689700883718,0.0034856397275317974,0.001156989804822227,0.00926628859893013,1215,0.007703859339989236,0.7893854050649067,True,0.05,360,paired cluster influence sandwich; asymptotic Bonferroni bounds,-1.1102230246251565e-16,-0.00011368483851004196,0.0035993245660419504
203,1.0,test,state_CO,mlp_stronger,logistic:C1:E2,logistic,logistic,1.0,2.0,1.9948093103901194,0.8266546098159036,0.8060463646404691,0.02060824517543447,0.004061389230214543,0.009703221880067293,1215,0.03541549035020654,0.7706698032672122,True,0.05,360,paired cluster influence sandwich; asymptotic Bonferroni bounds,0.003819393381873648,0.014974066298077626,0.0018147854954831955
203,1.0,test,state_CO,mlp_stronger,logistic:C1:E8,logistic,logistic,1.0,8.0,7.995742559457445,0.8266546098159036,0.8075284394617804,0.019126170354123118,0.003956317323758803,0.009668658735567468,1215,0.033550338362024215,0.7722778903778192,True,0.05,360,paired cluster influence sandwich; asymptotic Bonferroni bounds,0.003819393381873648,0.014974066298077626,0.0003327106741718433
203,1.0,test,state_CO,mlp_stronger,logistic:C5:E2,logistic,logistic,5.0,2.0,1.9948093103901194,0.8266546098159036,0.7889195872718873,0.03773502254401628,0.005331077948774963,0.009965816908070194,1215,0.057171371477546584,0.752585641924598,True,0.05,360,paired cluster influence sandwich; asymptotic Bonferroni bounds,0.003819393381873648,0.0,0.033915629162142635
203,1.0,test,state_CO,mlp_stronger,logistic:C5:E8,logistic,logistic,5.0,8.0,7.995742559457445,0.8266546098159036,0.8172896908711075,0.009364918944796075,0.0023528671954313792,0.009402153675947737,1215,0.017943136754417437,0.7830107811781086,True,0.05,360,paired cluster influence sandwich; asymptotic Bonferroni bounds,0.003819393381873648,0.0,0.0055455255629224265
203,1.0,test,state_UT,mlp_stronger,mlp_base:C1:E2,mlp_base,mlp,1.0,2.0,1.9909995955023065,0.8556655889441215,0.8351118804048091,0.020553708539312376,0.004492690158628723,0.009120124579578281,1135,0.036936806313627814,0.80185432481438,True,0.05,360,paired cluster influence sandwich; asymptotic Bonferroni bounds,-0.0018452378230310318,0.021730133396746787,0.0006688129655966213
203,1.0,test,state_UT,mlp_stronger,mlp_base:C1:E8,mlp_base,mlp,1.0,8.0,7.998197999765249,0.8556655889441215,0.8358241376314189,0.01984145131270254,0.00439798414498515,0.00908590511543568,1135,0.03587919300267766,0.8026913671490294,True,0.05,360,paired cluster influence sandwich; asymptotic Bonferroni bounds,-0.0018452378230310318,0.021730133396746787,-4.3444261013214636e-05
203,1.0,test,state_UT,mlp_stronger,mlp_base:C5:E2,mlp_base,mlp,5.0,2.0,1.9909995955023065,0.8556655889441215,0.8452126710903595,0.010452917853762012,0.00321695429362528,0.008899103959264958,1135,0.022183901933922404,0.8127610919427479,True,0.05,360,paired cluster influence sandwich; asymptotic Bonferroni bounds,-0.0018452378230310318,2.9725020693205373e-05,0.012268430656099838
203,1.0,test,state_UT,mlp_stronger,mlp_base:C5:E8,mlp_base,mlp,5.0,8.0,7.998197999765249,0.8556655889441215,0.8548024200739924,0.0008631688701290496,0.0014673398497702921,0.008579890957032849,1135,0.006213987951379354,0.8235148868858729,True,0.05,360,paired cluster influence sandwich; asymptotic Bonferroni bounds,-0.0018452378230310318,2.9725020693205373e-05,0.002678681672466876
203,1.0,test,state_UT,mlp_stronger,mlp_stronger:C1:E2,mlp_stronger,mlp,1.0,2.0,1.9948093103901194,0.8556655889441215,0.8267488601597834,0.02891672878433804,0.0046717085704390485,0.009342519132452334,1135,0.04595263724457588,0.7926803179275952,True,0.05,360,paired cluster influence sandwich; asymptotic Bonferroni bounds,1.1102230246251565e-16,0.02755795235765135,0.001358776426686581
203,1.0,test,state_UT,mlp_stronger,mlp_stronger:C1:E8,mlp_stronger,mlp,1.0,8.0,7.995742559457445,0.8556655889441215,0.827684055041592,0.027981533902529443,0.004515669882246213,0.009324374993615932,1135,0.0444484298123849,0.7936816774435298,True,0.05,360,paired cluster influence sandwich; asymptotic Bonferroni bounds,1.1102230246251565e-16,0.02755795235765135,0.0004235815448779823
203,1.0,test,state_UT,mlp_stronger,mlp_stronger:C5:E2,mlp_stronger,mlp,5.0,2.0,1.9948093103901194,0.8556655889441215,0.85054373922468,0.005121849719441518,0.0031892089238530924,0.008631503217076833,1135,0.01675165720168112,0.8190679961505459,True,0.05,360,paired cluster influence sandwich; asymptotic Bonferroni bounds,1.1102230246251565e-16,-0.00017492031407928543,0.005296770033520692
203,1.0,test,state_UT,mlp_stronger,mlp_stronger:C5:E8,mlp_stronger,mlp,5.0,8.0,7.995742559457445,0.8556655889441215,0.8553351839064166,0.00033040503770487284,0.0010811522840742916,0.008540156253438663,1135,0.00427294791369076,0.8241925477646173,True,0.05,360,paired cluster influence sandwich; asymptotic Bonferroni bounds,1.1102230246251565e-16,-0.00017492031407928543,0.0005053253517840472
203,1.0,test,state_UT,mlp_stronger,logistic:C1:E2,logistic,logistic,1.0,2.0,1.9948093103901194,0.8556655889441215,0.8371223207466923,0.01854326819742913,0.00362133616604818,0.009092823361167707,1135,0.03174887605981074,0.8039643221065059,True,0.05,360,paired cluster influence sandwich; asymptotic Bonferroni bounds,0.0029770751494253567,0.014505810098275451,0.0010603829497283224
203,1.0,test,state_UT,mlp_stronger,logistic:C1:E8,logistic,logistic,1.0,8.0,7.995742559457445,0.8556655889441215,0.8379849179818084,0.017680670962313072,0.003596289057115391,0.009060726342073184,1135,0.030794941737087675,0.8049439647161132,True,0.05,360,paired cluster influence sandwich; asymptotic Bonferroni bounds,0.0029770751494253567,0.014505810098275451,0.00019778571461226413
203,1.0,test,state_UT,mlp_stronger,logistic:C5:E2,logistic,logistic,5.0,2.0,1.9948093103901194,0.8556655889441215,0.8291097127648385,0.02655587617928301,0.004230961386747797,0.00928920963627765,1135,0.041984550677414745,0.7952355695802792,True,0.05,360,paired cluster influence sandwich; asymptotic Bonferroni bounds,0.0029770751494253567,0.0,0.023578801029857654
203,1.0,test,state_UT,mlp_stronger,logistic:C5:E8,logistic,logistic,5.0,8.0,7.995742559457445,0.8556655889441215,0.8488322639947685,0.006833324949352959,0.0018907001369376853,0.008748681982613414,1135,0.013727974727475242,0.8169292154299204,True,0.05,360,paired cluster influence sandwich; asymptotic Bonferroni bounds,0.0029770751494253567,0.0,0.0038562497999276024
204,1.0,validation,source,mlp_stronger,mlp_base:C1:E2,mlp_base,mlp,1.0,2.0,1.9909995955023065,0.8608457503452636,0.8163150593187906,0.044530691026473,0.005333329739166509,0.009571456933559926,1153,0.06397832055007138,0.7814133829649035,True,0.05,360,paired cluster influence sandwich; asymptotic Bonferroni bounds,,,
204,1.0,validation,source,mlp_stronger,mlp_base:C1:E8,mlp_base,mlp,1.0,8.0,7.998197999765249,0.8608457503452636,0.8181838508128254,0.04266189953243815,0.005202629224089912,0.009505252999225446,1153,0.06163293838565537,0.783523582669364,True,0.05,360,paired cluster influence sandwich; asymptotic Bonferroni bounds,,,
204,1.0,validation,source,mlp_stronger,mlp_base:C5:E2,mlp_base,mlp,5.0,2.0,1.9909995955023065,0.8608457503452636,0.8458122223331503,0.015033528012113218,0.003364570756512,0.008743966350566406,1153,0.027302209826038405,0.8139279349425115,True,0.05,360,paired cluster influence sandwich; asymptotic Bonferroni bounds,,,
204,1.0,validation,source,mlp_stronger,mlp_base:C5:E8,mlp_base,mlp,5.0,8.0,7.998197999765249,0.8608457503452636,0.8582604327859031,0.0025853175593604227,0.0015132302184714971,0.008296117477116862,1153,0.00810321015404305,0.8280091963033015,True,0.05,360,paired cluster influence sandwich; asymptotic Bonferroni bounds,,,
204,1.0,validation,source,mlp_stronger,mlp_stronger:C1:E2,mlp_stronger,mlp,1.0,2.0,1.9948093103901194,0.8608457503452636,0.8187974217541057,0.04204832859115781,0.004980625528171927,0.009408478984243254,1153,0.06020984584300536,0.7844900335717432,True,0.05,360,paired cluster influence sandwich; asymptotic Bonferroni bounds,,,
204,1.0,validation,source,mlp_stronger,mlp_stronger:C1:E8,mlp_stronger,mlp,1.0,8.0,7.995742559457445,0.8608457503452636,0.820075521223315,0.04077022912194861,0.004929755459819936,0.009401359548480464,1153,0.05874625207819983,0.7857940935864096,True,0.05,360,paired cluster influence sandwich; asymptotic Bonferroni bounds,,,
204,1.0,validation,source,mlp_stronger,mlp_stronger:C5:E2,mlp_stronger,mlp,5.0,2.0,1.9948093103901194,0.8608457503452636,0.8487812817184978,0.0120644686267658,0.0029789878522029473,0.008511481587179157,1153,0.022927148216870592,0.8177447344394506,True,0.05,360,paired cluster influence sandwich; asymptotic Bonferroni bounds,,,
204,1.0,validation,source,mlp_stronger,mlp_stronger:C5:E8,mlp_stronger,mlp,5.0,8.0,7.995742559457445,0.8608457503452636,0.8593814996921745,0.001464250653089083,0.0008576280888549003,0.008206539187950513,1153,0.0045915340120378165,0.8294569044386481,True,0.05,360,paired cluster influence sandwich; asymptotic Bonferroni bounds,,,
204,1.0,validation,source,mlp_stronger,logistic:C1:E2,logistic,logistic,1.0,2.0,1.9948093103901194,0.8608457503452636,0.8312019542754456,0.02964379606981793,0.004118023573391457,0.009123195685182533,1153,0.04465989309390284,0.7979348325271381,True,0.05,360,paired cluster influence sandwich; asymptotic Bonferroni bounds,,,
204,1.0,validation,source,mlp_stronger,logistic:C1:E8,logistic,logistic,1.0,8.0,7.995742559457445,0.8608457503452636,0.832428056207258,0.028417694138005545,0.00409472750821019,0.009106584849787361,1153,0.043348843621405744,0.7992215047571772,True,0.05,360,paired cluster influence sandwich; asymptotic Bonferroni bounds,,,
204,1.0,validation,source,mlp_stronger,logistic:C5:E2,logistic,logistic,5.0,2.0,1.9948093103901194,0.8608457503452636,0.8364433060450257,0.024402444300237858,0.003542479716702968,0.00879947559459743,1153,0.03731985921635883,0.804356607915534,True,0.05,360,paired cluster influence sandwich; asymptotic Bonferroni bounds,,,
204,1.0,validation,source,mlp_stronger,logistic:C5:E8,logistic,logistic,5.0,8.0,7.995742559457445,0.8608457503452636,0.8513302010016807,0.009515549343582896,0.0018809986882400223,0.008431274465605423,1153,0.016374485020225184,0.8205861236170159,True,0.05,360,paired cluster influence sandwich; asymptotic Bonferroni bounds,,,
204,1.0,validation,state_OR,mlp_stronger,mlp_base:C1:E2,mlp_base,mlp,1.0,2.0,1.9909995955023065,0.8254143203325834,0.7888212624469501,0.036593057885633384,0.0060201999334271745,0.010689844434940138,1213,0.058541953438395154,0.7498474274294471,True,0.05,360,paired cluster influence sandwich; asymptotic Bonferroni bounds,,,
204,1.0,validation,state_OR,mlp_stronger,mlp_base:C1:E8,mlp_base,mlp,1.0,8.0,7.998197999765249,0.8254143203325834,0.7899743799825732,0.03543994035001019,0.005852419915345029,0.010646985023064439,1213,0.056777130953858564,0.7511568050170812,True,0.05,360,paired cluster influence sandwich; asymptotic Bonferroni bounds,,,
204,1.0,validation,state_OR,mlp_stronger,mlp_base:C5:E2,mlp_base,mlp,5.0,2.0,1.9909995955023065,0.8254143203325834,0.8034758257145211,0.0219384946180623,0.004320491397856352,0.010358164765585766,1213,0.03769046556201897,0.7657112532630688,True,0.05,360,paired cluster influence sandwich; asymptotic Bonferroni bounds,,,
204,1.0,validation,state_OR,mlp_stronger,mlp_base:C5:E8,mlp_base,mlp,5.0,8.0,7.998197999765249,0.8254143203325834,0.8211096372014791,0.004304683131104325,0.0017857872843654835,0.009894800047798228,1213,0.010815440085595466,0.7850344345227951,True,0.05,360,paired cluster influence sandwich; asymptotic Bonferroni bounds,,,
204,1.0,validation,state_OR,mlp_stronger,mlp_stronger:C1:E2,mlp_stronger,mlp,1.0,2.0,1.9948093103901194,0.8254143203325834,0.7917777517676078,0.033636568564975655,0.005549959199451918,0.010476906225935171,1213,0.05387102525045528,0.7535802628117516,True,0.05,360,paired cluster influence sandwich; asymptotic Bonferroni bounds,,,
204,1.0,validation,state_OR,mlp_stronger,mlp_stronger:C1:E8,mlp_stronger,mlp,1.0,8.0,7.995742559457445,0.8254143203325834,0.7924496811586663,0.03296463917391712,0.0054658946973231036,0.010497995136887615,1213,0.052892607204979264,0.7541753046726724,True,0.05,360,paired cluster influence sandwich; asymptotic Bonferroni bounds,,,
204,1.0,validation,state_OR,mlp_stronger,mlp_stronger:C5:E2,mlp_stronger,mlp,5.0,2.0,1.9948093103901194,0.8254143203325834,0.8111195644163535,0.014294755916229973,0.003925393746948429,0.009976993128239438,1213,0.028606250269904574,0.7747446960525238,True,0.05,360,paired cluster influence sandwich; asymptotic Bonferroni bounds,,,
204,1.0,validation,state_OR,mlp_stronger,mlp_stronger:C5:E8,mlp_stronger,mlp,5.0,8.0,7.995742559457445,0.8254143203325834,0.8241056836556426,0.0013086366769408109,0.0011684630837542316,0.009705560761004766,1213,0.005568706851716477,0.7887204237340497,True,0.05,360,paired cluster influence sandwich; asymptotic Bonferroni bounds,,,
204,1.0,validation,state_OR,mlp_stronger,logistic:C1:E2,logistic,logistic,1.0,2.0,1.9948093103901194,0.8254143203325834,0.8012248622544749,0.024189458078108572,0.004763023512825463,0.010434448100036582,1213,0.04155484573207646,0.7631821703121763,True,0.05,360,paired cluster influence sandwich; asymptotic Bonferroni bounds,,,
204,1.0,validation,state_OR,mlp_stronger,logistic:C1:E8,logistic,logistic,1.0,8.0,7.995742559457445,0.8254143203325834,0.8011717581574397,0.024242562175143756,0.0047079825808216775,0.01042132763698002,1213,0.04140727747918355,0.7631769017814706,True,0.05,360,paired cluster influence sandwich; asymptotic Bonferroni bounds,,,
204,1.0,validation,state_OR,mlp_stronger,logistic:C5:E2,logistic,logistic,5.0,2.0,1.9948093103901194,0.8254143203325834,0.8077588337039782,0.017655486628605277,0.003967945749037978,0.010193626114235507,1213,0.03212212025668147,0.7705941485839791,True,0.05,360,paired cluster influence sandwich; asymptotic Bonferroni bounds,,,
204,1.0,validation,state_OR,mlp_stronger,logistic:C5:E8,logistic,logistic,5.0,8.0,7.995742559457445,0.8254143203325834,0.8180350183588451,0.0073793019737383725,0.002197183453829914,0.009952729482164377,1213,0.015389957877472656,0.7817486122121046,True,0.05,360,paired cluster influence sandwich; asymptotic Bonferroni bounds,,,
204,1.0,validation,state_WA,mlp_stronger,mlp_base:C1:E2,mlp_base,mlp,1.0,2.0,1.9909995955023065,0.8303171182266009,0.7851144293924465,0.04520268883415446,0.005501902805890471,0.010323074711145925,1215,0.06526184080326604,0.7474779731108719,True,0.05,360,paired cluster influence sandwich; asymptotic Bonferroni bounds,,,
204,1.0,validation,state_WA,mlp_stronger,mlp_base:C1:E8,mlp_base,mlp,1.0,8.0,7.998197999765249,0.8303171182266009,0.7876580459770115,0.042659072249589425,0.005288182451197176,0.01026085096224829,1215,0.06193903032434587,0.7502484485984858,True,0.05,360,paired cluster influence sandwich; asymptotic Bonferroni bounds,,,
204,1.0,validation,state_WA,mlp_stronger,mlp_base:C5:E2,mlp_base,mlp,5.0,2.0,1.9909995955023065,0.8303171182266009,0.8076113505747128,0.022705767651888142,0.0041709580690571495,0.00981338134984797,1215,0.03791248516686038,0.7718331635051965,True,0.05,360,paired cluster influence sandwich; asymptotic Bonferroni bounds,,,
204,1.0,validation,state_WA,mlp_stronger,mlp_base:C5:E8,mlp_base,mlp,5.0,8.0,7.998197999765249,0.8303171182266009,0.8251139162561577,0.005203201970443216,0.001721310423751254,0.009363752282414452,1215,0.011478853975614173,0.7909750125603359,True,0.05,360,paired cluster influence sandwich; asymptotic Bonferroni bounds,,,
204,1.0,validation,state_WA,mlp_stronger,mlp_stronger:C1:E2,mlp_stronger,mlp,1.0,2.0,1.9948093103901194,0.8303171182266009,0.7857584154351395,0.04455870279146146,0.005340790250844843,0.010185988537322775,1215,0.06403046139144043,0.7486217557676815,True,0.05,360,paired cluster influence sandwich; asymptotic Bonferroni bounds,,,
204,1.0,validation,state_WA,mlp_stronger,mlp_stronger:C1:E8,mlp_stronger,mlp,1.0,8.0,7.995742559457445,0.8303171182266009,0.7879361658456486,0.0423809523809523,0.0051214742188503085,0.010166047196614925,1215,0.06105311604618781,0.7508722094588264,True,0.05,360,paired cluster influence sandwich; asymptotic Bonferroni bounds,,,
204,1.0,validation,state_WA,mlp_stronger,mlp_stronger:C5:E2,mlp_stronger,mlp,5.0,2.0,1.9948093103901194,0.8303171182266009,0.8047034072249589,0.025613711001642003,0.00454059734060115,0.009653724943675645,1215,0.042168080516884865,0.7695073046137184,True,0.05,360,paired cluster influence sandwich; asymptotic Bonferroni bounds,,,
204,1.0,validation,state_WA,mlp_stronger,mlp_stronger:C5:E8,mlp_stronger,mlp,5.0,8.0,7.995742559457445,0.8303171182266009,0.8267775041050903,0.0035396141215106036,0.0015253844438137072,0.009214763327131588,1215,0.00910094798168331,0.7931817928648928,True,0.05,360,paired cluster influence sandwich; asymptotic Bonferroni bounds,,,
204,1.0,validation,state_WA,mlp_stronger,logistic:C1:E2,logistic,logistic,1.0,2.0,1.9948093103901194,0.8303171182266009,0.8007266009852217,0.029590517241379177,0.0042552197869983825,0.00999655489344241,1215,0.04510444094755349,0.7642805893325908,True,0.05,360,paired cluster influence sandwich; asymptotic Bonferroni bounds,,,
204,1.0,validation,state_WA,mlp_stronger,logistic:C1:E8,logistic,logistic,1.0,8.0,7.995742559457445,0.8303171182266009,0.8012623152709359,0.029054802955664982,0.004157594999127553,0.00994668238584419,1215,0.044212800625894666,0.7649981316593096,True,0.05,360,paired cluster influence sandwich; asymptotic Bonferroni bounds,,,
204,1.0,validation,state_WA,mlp_stronger,logistic:C5:E2,logistic,logistic,5.0,2.0,1.9948093103901194,0.8303171182266009,0.8110960591133004,0.01922105911330052,0.003892475145007773,0.009818441717120121,1215,0.03341246765401601,0.7752994226673207,True,0.05,360,paired cluster influence sandwich; asymptotic Bonferroni bounds,,,
204,1.0,validation,state_WA,mlp_stronger,logistic:C5:E8,logistic,logistic,5.0,8.0,7.995742559457445,0.8303171182266009,0.8226436781609195,0.007673440065681381,0.001986354318269644,0.009443666104985891,1215,0.014915404262506746,0.7882134200795428,True,0.05,360,paired cluster influence sandwich; asymptotic Bonferroni bounds,,,
204,1.0,validation,proxy_0.5,mlp_stronger,mlp_base:C1:E2,mlp_base,mlp,1.0,2.0,1.9909995955023065,0.8551135418226593,0.811852630659412,0.04326091116324726,0.005308278030607411,0.009703273295941825,1153,0.062617191310224,0.7764702947727146,True,0.05,360,paired cluster influence sandwich; asymptotic Bonferroni bounds,,,
204,1.0,validation,proxy_0.5,mlp_stronger,mlp_base:C1:E8,mlp_base,mlp,1.0,8.0,7.998197999765249,0.8551135418226593,0.8137276618579344,0.04138587996472487,0.0051631631687991154,0.009637823619780338,1153,0.06021300849182503,0.7785839838297752,True,0.05,360,paired cluster influence sandwich; asymptotic Bonferroni bounds,,,
204,1.0,validation,proxy_0.5,mlp_stronger,mlp_base:C5:E2,mlp_base,mlp,5.0,2.0,1.9909995955023065,0.8551135418226593,0.8389953451804523,0.01611819664220704,0.0033293716810729145,0.008934458901380598,1153,0.02825852738612703,0.8064164394675983,True,0.05,360,paired cluster influence sandwich; asymptotic Bonferroni bounds,,,
204,1.0,validation,proxy_0.5,mlp_stronger,mlp_base:C5:E8,mlp_base,mlp,5.0,8.0,7.998197999765249,0.8551135418226593,0.8523597522421338,0.002753789580525523,0.0014938401938448076,0.008480671317975698,1153,0.008200977749673748,0.8214355525452343,True,0.05,360,paired cluster influence sandwich; asymptotic Bonferroni bounds,,,
204,1.0,validation,proxy_0.5,mlp_stronger,mlp_stronger:C1:E2,mlp_stronger,mlp,1.0,2.0,1.9948093103901194,0.8551135418226593,0.8144223489575533,0.04069119286510603,0.004922702780184784,0.009548131279031076,1153,0.05864149869764637,0.7796057280399242,True,0.05,360,paired cluster influence sandwich; asymptotic Bonferroni bounds,,,
204,1.0,validation,proxy_0.5,mlp_stronger,mlp_stronger:C1:E8,mlp_stronger,mlp,1.0,8.0,7.995742559457445,0.8551135418226593,0.8155704545832708,0.039543087239388486,0.0048676224881097786,0.009541782453002138,1153,0.05729254647764086,0.7807769842343406,True,0.05,360,paired cluster influence sandwich; asymptotic Bonferroni bounds,,,
204,1.0,validation,proxy_0.5,mlp_stronger,mlp_stronger:C5:E2,mlp_stronger,mlp,5.0,2.0,1.9948093103901194,0.8551135418226593,0.8446329181849948,0.010480623637664555,0.0029241785668047966,0.008683698896956827,1153,0.0211434448411692,0.8129683920256037,True,0.05,360,paired cluster influence sandwich; asymptotic Bonferroni bounds,,,
204,1.0,validation,proxy_0.5,mlp_stronger,mlp_stronger:C5:E8,mlp_stronger,mlp,5.0,8.0,7.995742559457445,0.8551135418226593,0.8542514226526231,0.0008621191700362019,0.0008412396782028963,0.00837206437525149,1153,0.003929643287680164,0.8237232508949451,True,0.05,360,paired cluster influence sandwich; asymptotic Bonferroni bounds,,,
204,1.0,validation,proxy_0.5,mlp_stronger,logistic:C1:E2,logistic,logistic,1.0,2.0,1.9948093103901194,0.8551135418226593,0.8265528544568129,0.028560687365846382,0.004136993979823403,0.0092845660019246,1153,0.043645958705835916,0.7926973066614417,True,0.05,360,paired cluster influence sandwich; asymptotic Bonferroni bounds,,,
204,1.0,validation,proxy_0.5,mlp_stronger,logistic:C1:E8,logistic,logistic,1.0,8.0,7.995742559457445,0.8551135418226593,0.8274383725186774,0.02767516930398195,0.004104915719676636,0.009269461452694408,1153,0.04264346941781334,0.7936379024499639,True,0.05,360,paired cluster influence sandwich; asymptotic Bonferroni bounds,,,
204,1.0,validation,proxy_0.5,mlp_stronger,logistic:C5:E2,logistic,logistic,5.0,2.0,1.9948093103901194,0.8551135418226593,0.8353471979567048,0.01976634386595455,0.003299129730522441,0.008865764351696444,1153,0.03179639936361375,0.8030187823162603,True,0.05,360,paired cluster influence sandwich; asymptotic Bonferroni bounds,,,
204,1.0,validation,proxy_0.5,mlp_stronger,logistic:C5:E8,logistic,logistic,5.0,8.0,7.995742559457445,0.8551135418226593,0.846620264064294,0.00849327775836528,0.0018550950132102358,0.00860062956640253,1153,0.01525775741973826,0.8152586446525449,True,0.05,360,paired cluster influence sandwich; asymptotic Bonferroni bounds,,,
204,1.0,validation,proxy_0.75,mlp_stronger,mlp_base:C1:E2,mlp_base,mlp,1.0,2.0,1.9909995955023065,0.8572600001663921,0.8140958044227025,0.04316419574368968,0.005314066552606274,0.009645238729591065,1153,0.06254158334826396,0.7789250876934826,True,0.05,360,paired cluster influence sandwich; asymptotic Bonferroni bounds,,,
204,1.0,validation,proxy_0.75,mlp_stronger,mlp_base:C1:E8,mlp_base,mlp,1.0,8.0,7.998197999765249,0.8572600001663921,0.8160394723705885,0.04122052779580365,0.005173483639228469,0.009577274162254316,1153,0.06008528922678098,0.7811165838820622,True,0.05,360,paired cluster influence sandwich; asymptotic Bonferroni bounds,,,
204,1.0,validation,proxy_0.75,mlp_stronger,mlp_base:C5:E2,mlp_base,mlp,5.0,2.0,1.9909995955023065,0.8572600001663921,0.841651379390672,0.015608620775720117,0.003334959850330943,0.008854161401370094,1153,0.027769328404393216,0.8093652731311141,True,0.05,360,paired cluster influence sandwich; asymptotic Bonferroni bounds,,,
204,1.0,validation,proxy_0.75,mlp_stronger,mlp_base:C5:E8,mlp_base,mlp,5.0,8.0,7.998197999765249,0.8572600001663921,0.8546518036905772,0.0026081964758148946,0.001499701050580561,0.008397656369278602,1153,0.008076755866331787,0.8240303124415214,True,0.05,360,paired cluster influence sandwich; asymptotic Bonferroni bounds,,,
204,1.0,validation,proxy_0.75,mlp_stronger,mlp_stronger:C1:E2,mlp_stronger,mlp,1.0,2.0,1.9948093103901194,0.8572600001663921,0.8167715976971331,0.040488402469259,0.004952029654663711,0.009482762520780248,1153,0.05854564678448171,0.7821933395763032,True,0.05,360,paired cluster influence sandwich; asymptotic Bonferroni bounds,,,
204,1.0,validation,proxy_0.75,mlp_stronger,mlp_stronger:C1:E8,mlp_stronger,mlp,1.0,8.0,7.995742559457445,0.8572600001663921,0.818068416279805,0.03919158388658717,0.004894847275907501,0.009472966324165546,1153,0.05704031648929336,0.7835258793335171,True,0.05,360,paired cluster influence sandwich; asymptotic Bonferroni bounds,,,
204,1.0,validation,proxy_0.75,mlp_stronger,mlp_stronger:C5:E2,mlp_stronger,mlp,5.0,2.0,1.9948093103901194,0.8572600001663921,0.8450592979916471,0.012200702174745004,0.002953417910849337,0.008636287166484822,1153,0.022970142687068183,0.8135676555305058,True,0.05,360,paired cluster influence sandwich; asymptotic Bonferroni bounds,,,
204,1.0,validation,proxy_0.75,mlp_stronger,mlp_stronger:C5:E8,mlp_stronger,mlp,5.0,8.0,7.995742559457445,0.8572600001663921,0.8557676708431089,0.001492329323283248,0.0008303636706610782,0.008306342627120171,1153,0.004520194808194294,0.8254791490361765,True,0.05,360,paired cluster influence sandwich; asymptotic Bonferroni bounds,,,
204,1.0,validation,proxy_0.75,mlp_stronger,logistic:C1:E2,logistic,logistic,1.0,2.0,1.9948093103901194,0.8572600001663921,0.8286847534900748,0.02857524667631739,0.004102029160874378,0.009205945857419148,1153,0.04353302114689592,0.7951158887835449,True,0.05,360,paired cluster influence sandwich; asymptotic Bonferroni bounds,,,
204,1.0,validation,proxy_0.75,mlp_stronger,logistic:C1:E8,logistic,logistic,1.0,8.0,7.995742559457445,0.8572600001663921,0.8297460232283398,0.027513976938052354,0.004082713262779401,0.009191484413970524,1153,0.04240131728052737,0.7962298912063278,True,0.05,360,paired cluster influence sandwich; asymptotic Bonferroni bounds,,,
204,1.0,validation,proxy_0.75,mlp_stronger,logistic:C5:E2,logistic,logistic,5.0,2.0,1.9948093103901194,0.8572600001663921,0.8352848009118288,0.02197519925456337,0.003368252453020785,0.00882855681251127,1153,0.03425730612810851,0.8030920600698586,True,0.05,360,paired cluster influence sandwich; asymptotic Bonferroni bounds,,,
204,1.0,validation,proxy_0.75,mlp_stronger,logistic:C5:E8,logistic,logistic,5.0,8.0,7.995742559457445,0.8572600001663921,0.8485254538345063,0.008734546331885862,0.0018483201910759772,0.008515992252094965,1153,0.015474322058306579,0.8174724587180897,True,0.05,360,paired cluster influence sandwich; asymptotic Bonferroni bounds,,,
204,1.0,test,source,mlp_stronger,mlp_base:C1:E2,mlp_base,mlp,1.0,2.0,1.9909995955023065,0.8540494519064735,0.82508005948318,0.02896939242329355,0.005013288570426428,0.009447720030972875,1149,0.047250210239292934,0.7906292102578595,True,0.05,360,paired cluster influence sandwich; asymptotic Bonferroni bounds,0.0004022513570773878,0.027558386367638965,0.0010087546985771967
204,1.0,test,source,mlp_stronger,mlp_base:C1:E8,mlp_base,mlp,1.0,8.0,7.998197999765249,0.8540494519064735,0.8259543830287444,0.028095068877729168,0.004882974319432826,0.009405173351650122,1149,0.045900699389471736,0.7916586790902848,True,0.05,360,paired cluster influence sandwich; asymptotic Bonferroni bounds,0.0004022513570773878,0.027558386367638965,0.00013443115301281505
204,1.0,test,source,mlp_stronger,mlp_base:C5:E2,mlp_base,mlp,5.0,2.0,1.9909995955023065,0.8540494519064735,0.8415077548017452,0.0125416971047283,0.0033165417774028714,0.009028546225246646,1149,0.024635374769625934,0.8085854112405358,True,0.05,360,paired cluster influence sandwich; asymptotic Bonferroni bounds,0.0004022513570773878,-9.378917652069774e-06,0.012148824665302982
204,1.0,test,source,mlp_stronger,mlp_base:C5:E8,mlp_base,mlp,5.0,8.0,7.998197999765249,0.8540494519064735,0.8520975949328834,0.001951856973590127,0.0014572530485249548,0.008703214198349445,1149,0.007265689823556799,0.820361565590349,True,0.05,360,paired cluster influence sandwich; asymptotic Bonferroni bounds,0.0004022513570773878,-9.378917652069774e-06,0.001558984534164809
204,1.0,test,source,mlp_stronger,mlp_stronger:C1:E2,mlp_stronger,mlp,1.0,2.0,1.9948093103901194,0.8540494519064735,0.8256016315148306,0.028447820391642953,0.004677679861767458,0.00942461725798226,1149,0.045504850353767494,0.7912350259108683,True,0.05,360,paired cluster influence sandwich; asymptotic Bonferroni bounds,1.1102230246251565e-16,0.02808360575615443,0.0003642146354884135
204,1.0,test,source,mlp_stronger,mlp_stronger:C1:E8,mlp_stronger,mlp,1.0,8.0,7.995742559457445,0.8540494519064735,0.8259616777424738,0.028087774163999768,0.004621358111203578,0.009400596429307856,1149,0.04493942842379388,0.7916826634244741,True,0.05,360,paired cluster influence sandwich; asymptotic Bonferroni bounds,1.1102230246251565e-16,0.02808360575615443,4.16840784522865e-06
204,1.0,test,source,mlp_stronger,mlp_stronger:C5:E2,mlp_stronger,mlp,5.0,2.0,1.9948093103901194,0.8540494519064735,0.8469287692046364,0.007120682701837078,0.002880555094054518,0.008976284125335745,1149,0.01762454701038624,0.814196997942175,True,0.05,360,paired cluster influence sandwich; asymptotic Bonferroni bounds,1.1102230246251565e-16,-5.2105098067301014e-06,0.007125893211643697
204,1.0,test,source,mlp_stronger,mlp_stronger:C5:E8,mlp_stronger,mlp,5.0,8.0,7.995742559457445,0.8540494519064735,0.8548737545578934,-0.0008243026514198615,0.0008230802913051056,0.008640476744866184,1149,0.0021770368170577095,0.8233664956005574,True,0.05,360,paired cluster influence sandwich; asymptotic Bonferroni bounds,1.1102230246251565e-16,-5.2105098067301014e-06,-0.0008190921416132424
204,1.0,test,source,mlp_stronger,logistic:C1:E2,logistic,logistic,1.0,2.0,1.9948093103901194,0.8540494519064735,0.8359773196929133,0.018072132213560188,0.0038937932142008654,0.009177192159861345,1149,0.03227074124274799,0.8025129428512321,True,0.05,360,paired cluster influence sandwich; asymptotic Bonferroni bounds,0.00430075479445069,0.013859956085823355,-8.857866671385661e-05
204,1.0,test,source,mlp_stronger,logistic:C1:E8,logistic,logistic,1.0,8.0,7.995742559457445,0.8540494519064735,0.8360700667674726,0.01797938513900088,0.0038404435988283973,0.009161022953088384,1149,0.03198345627445344,0.8026646504901183,True,0.05,360,paired cluster influence sandwich; asymptotic Bonferroni bounds,0.00430075479445069,0.013859956085823355,-0.00018132574127316392
204,1.0,test,source,mlp_stronger,logistic:C5:E2,logistic,logistic,5.0,2.0,1.9948093103901194,0.8540494519064735,0.8409502302524284,0.01309922165404509,0.0034494835440607675,0.009009579606868118,1149,0.0256776677862411,0.8080970479394283,True,0.05,360,paired cluster influence sandwich; asymptotic Bonferroni bounds,0.00430075479445069,0.0,0.0087984668595944
204,1.0,test,source,mlp_stronger,logistic:C5:E8,logistic,logistic,5.0,8.0,7.995742559457445,0.8540494519064735,0.8497528655198682,0.00429658638660535,0.0018440675928068702,0.008764553683708178,1149,0.011020927750745792,0.8177931634441532,True,0.05,360,paired cluster influence sandwich; asymptotic Bonferroni bounds,0.00430075479445069,0.0,-4.168407845339672e-06
204,1.0,test,state_CO,mlp_stronger,mlp_base:C1:E2,mlp_base,mlp,1.0,2.0,1.9909995955023065,0.8345082613275582,0.8034602760686163,0.031047985258941924,0.005282176883437614,0.009844759814579315,1182,0.0503076268587435,0.7675647447660878,True,0.05,360,paired cluster influence sandwich; asymptotic Bonferroni bounds,0.0013290945425042944,0.02783521753268281,0.0018836731837548193
204,1.0,test,state_CO,mlp_stronger,mlp_base:C1:E8,mlp_base,mlp,1.0,8.0,7.998197999765249,0.8345082613275582,0.8049766855981083,0.029531575729449866,0.0051589900586823615,0.009792440643586253,1182,0.048342058933582635,0.7692719181613802,True,0.05,360,paired cluster influence sandwich; asymptotic Bonferroni bounds,0.0013290945425042944,0.02783521753268281,0.00036726365426276164
204,1.0,test,state_CO,mlp_stronger,mlp_base:C5:E2,mlp_base,mlp,5.0,2.0,1.9909995955023065,0.8345082613275582,0.8109076252984675,0.023600636029090682,0.004076965610924641,0.009710955081966382,1182,0.038465889165033317,0.7754999669413838,True,0.05,360,paired cluster influence sandwich; asymptotic Bonferroni bounds,0.0013290945425042944,-3.7883929952631235e-05,0.02230942541653902
204,1.0,test,state_CO,mlp_stronger,mlp_base:C5:E8,mlp_base,mlp,5.0,8.0,7.998197999765249,0.8345082613275582,0.8304367911890399,0.004071470138518274,0.0017202338688388076,0.00927796702603158,1182,0.010343711396768976,0.7966078748843942,True,0.05,360,paired cluster influence sandwich; asymptotic Bonferroni bounds,0.0013290945425042944,-3.7883929952631235e-05,0.0027802595259666107
204,1.0,test,state_CO,mlp_stronger,mlp_stronger:C1:E2,mlp_stronger,mlp,1.0,2.0,1.9948093103901194,0.8345082613275582,0.802370060751091,0.03213820057646721,0.00496931945367955,0.009762714501435584,1182,0.050257115142331596,0.7667736794696546,True,0.05,360,paired cluster influence sandwich; asymptotic Bonferroni bounds,1.1102230246251565e-16,0.03081331535951315,0.0013248852169539527
204,1.0,test,state_CO,mlp_stronger,mlp_stronger:C1:E8,mlp_stronger,mlp,1.0,8.0,7.995742559457445,0.8345082613275582,0.8035286776088084,0.03097958371874976,0.004963798855123618,0.009752822497119208,1182,0.04907836932037271,0.7679683641195041,True,0.05,360,paired cluster influence sandwich; asymptotic Bonferroni bounds,1.1102230246251565e-16,0.03081331535951315,0.00016626835923649885
204,1.0,test,state_CO,mlp_stronger,mlp_stronger:C5:E2,mlp_stronger,mlp,5.0,2.0,1.9948093103901194,0.8345082613275582,0.8150822239129679,0.019426037414590258,0.003588622444450201,0.009548308155080187,1182,0.032510715122720066,0.7802676016446527,True,0.05,360,paired cluster influence sandwich; asymptotic Bonferroni bounds,1.1102230246251565e-16,-0.00013364608622179475,0.019559683500811942
204,1.0,test,state_CO,mlp_stronger,mlp_stronger:C5:E8,mlp_stronger,mlp,5.0,8.0,7.995742559457445,0.8345082613275582,0.8324772617495431,0.0020309995780151135,0.001111475068367336,0.009190314071624215,1182,0.00608361120694234,0.7989679418015326,True,0.05,360,paired cluster influence sandwich; asymptotic Bonferroni bounds,1.1102230246251565e-16,-0.00013364608622179475,0.0021646456642367973
204,1.0,test,state_CO,mlp_stronger,logistic:C1:E2,logistic,logistic,1.0,2.0,1.9948093103901194,0.8345082613275582,0.8158935714127864,0.018614689914771776,0.004102278374205311,0.009577626429237542,1182,0.0335722373376049,0.7809720501395617,True,0.05,360,paired cluster influence sandwich; asymptotic Bonferroni bounds,0.0021972679372516124,0.016237473310245276,0.00017994866727488734
204,1.0,test,state_CO,mlp_stronger,logistic:C1:E8,logistic,logistic,1.0,8.0,7.995742559457445,0.8345082613275582,0.8162145324859961,0.018293728841562107,0.004055975508092361,0.009543665040301252,1182,0.03308244878548683,0.7814168397390737,True,0.05,360,paired cluster influence sandwich; asymptotic Bonferroni bounds,0.0021972679372516124,0.016237473310245276,-0.0001410124059347817
204,1.0,test,state_CO,mlp_stronger,logistic:C5:E2,logistic,logistic,5.0,2.0,1.9948093103901194,0.8345082613275582,0.82163614379477,0.012872117532788163,0.0035774093302987815,0.009575649693303974,1182,0.025915910476068244,0.7867218300093781,True,0.05,360,paired cluster influence sandwich; asymptotic Bonferroni bounds,0.0021972679372516124,0.0,0.01067484959553655
204,1.0,test,state_CO,mlp_stronger,logistic:C5:E8,logistic,logistic,5.0,8.0,7.995742559457445,0.8345082613275582,0.8314807039255118,0.0030275574020464102,0.0019476593959293113,0.00925062006662776,1182,0.010129027639005318,0.7977514989044115,True,0.05,360,paired cluster influence sandwich; asymptotic Bonferroni bounds,0.0021972679372516124,0.0,0.0008302894647947978
204,1.0,test,state_UT,mlp_stronger,mlp_base:C1:E2,mlp_base,mlp,1.0,2.0,1.9909995955023065,0.8856691619849516,0.8598814125129913,0.025787749471960275,0.00463425220580808,0.008591988557864501,1089,0.04268931397425966,0.8285456020381613,True,0.05,360,paired cluster influence sandwich; asymptotic Bonferroni bounds,0.00029694766536880746,0.024416761258866493,0.0010740405477249748
204,1.0,test,state_UT,mlp_stronger,mlp_base:C1:E8,mlp_base,mlp,1.0,8.0,7.998197999765249,0.8856691619849516,0.8607530975952028,0.024916064389748804,0.0045682668837155925,0.008547792833548822,1089,0.04157697406187873,0.8295784731870938,True,0.05,360,paired cluster influence sandwich; asymptotic Bonferroni bounds,0.00029694766536880746,0.024416761258866493,0.00020235546551350403
204,1.0,test,state_UT,mlp_stronger,mlp_base:C5:E2,mlp_base,mlp,5.0,2.0,1.9909995955023065,0.8856691619849516,0.8797637350268929,0.005905426958058735,0.0032512712488020367,0.00790193172498122,1089,0.017763126600997596,0.850944628337975,True,0.05,360,paired cluster influence sandwich; asymptotic Bonferroni bounds,0.00029694766536880746,6.825006825006419e-05,0.005540229224439863
204,1.0,test,state_UT,mlp_stronger,mlp_base:C5:E8,mlp_base,mlp,5.0,8.0,7.998197999765249,0.8856691619849516,0.8849405625721416,0.0007285994128100048,0.001469239440895273,0.007712431269646023,1089,0.0060870572775959106,0.8568125823102768,True,0.05,360,paired cluster influence sandwich; asymptotic Bonferroni bounds,0.00029694766536880746,6.825006825006419e-05,0.0003634016791911332
204,1.0,test,state_UT,mlp_stronger,mlp_stronger:C1:E2,mlp_stronger,mlp,1.0,2.0,1.9948093103901194,0.8856691619849516,0.8560965271491587,0.029572634835792866,0.004445140420030067,0.008686934778829428,1089,0.04578449042637911,0.8244144386543545,True,0.05,360,paired cluster influence sandwich; asymptotic Bonferroni bounds,1.1102230246251565e-16,0.0270593560067246,0.002513278829068155
204,1.0,test,state_UT,mlp_stronger,mlp_stronger:C1:E8,mlp_stronger,mlp,1.0,8.0,7.995742559457445,0.8856691619849516,0.8580147132778713,0.027654448707080337,0.0043470184083949995,0.008600295660222494,1089,0.04350844386299559,0.8266486059999982,True,0.05,360,paired cluster influence sandwich; asymptotic Bonferroni bounds,1.1102230246251565e-16,0.0270593560067246,0.0005950927003556261
204,1.0,test,state_UT,mlp_stronger,mlp_stronger:C5:E2,mlp_stronger,mlp,5.0,2.0,1.9948093103901194,0.8856691619849516,0.8702578176262388,0.01541134435871283,0.002907354043794831,0.008382211748586577,1089,0.026014744803909553,0.8396870833957818,True,0.05,360,paired cluster influence sandwich; asymptotic Bonferroni bounds,1.1102230246251565e-16,-3.711845817100379e-05,0.015448462816883723
204,1.0,test,state_UT,mlp_stronger,mlp_stronger:C5:E8,mlp_stronger,mlp,5.0,8.0,7.995742559457445,0.8856691619849516,0.8829439487334224,0.0027252132515291905,0.000907058511508497,0.007817509407690033,1089,0.006033343076748165,0.854432738373354,True,0.05,360,paired cluster influence sandwich; asymptotic Bonferroni bounds,1.1102230246251565e-16,-3.711845817100379e-05,0.0027623317097000832
204,1.0,test,state_UT,mlp_stronger,logistic:C1:E2,logistic,logistic,1.0,2.0,1.9948093103901194,0.8856691619849516,0.8685252237883817,0.017143938196569897,0.003503553010346395,0.008291822331420253,1089,0.029921733741961304,0.8382841484752032,True,0.05,360,paired cluster influence sandwich; asymptotic Bonferroni bounds,0.002061870482923167,0.014764764764764737,0.0003173029488819923
204,1.0,test,state_UT,mlp_stronger,logistic:C1:E8,logistic,logistic,1.0,8.0,7.995742559457445,0.8856691619849516,0.8688281583018426,0.016841003683109035,0.0035293445732564564,0.008272612086399168,1089,0.029712863544549786,0.8386571446039818,True,0.05,360,paired cluster influence sandwich; asymptotic Bonferroni bounds,0.002061870482923167,0.014764764764764737,1.4368435421130421e-05
204,1.0,test,state_UT,mlp_stronger,logistic:C5:E2,logistic,logistic,5.0,2.0,1.9948093103901194,0.8856691619849516,0.8727232016705702,0.012945960314381444,0.003207972126569018,0.008183801764571251,1089,0.024645743884820596,0.8428760877770756,True,0.05,360,paired cluster influence sandwich; asymptotic Bonferroni bounds,0.002061870482923167,0.0,0.010884089831458277
204,1.0,test,state_UT,mlp_stronger,logistic:C5:E8,logistic,logistic,5.0,8.0,7.995742559457445,0.8856691619849516,0.882381185012764,0.003287976972187634,0.0016285572796717728,0.007761295433425316,1089,0.009227482352055515,0.8540749924354513,True,0.05,360,paired cluster influence sandwich; asymptotic Bonferroni bounds,0.002061870482923167,0.0,0.0012261064892644669
205,1.0,validation,source,mlp_stronger,mlp_base:C1:E2,mlp_base,mlp,1.0,2.0,1.9909995955023065,0.8615103534878953,0.8283559139601236,0.03315443952777164,0.005052668012206814,0.00960890214319135,1097,0.05158156634528437,0.7933121592661908,True,0.05,360,paired cluster influence sandwich; asymptotic Bonferroni bounds,,,
205,1.0,validation,source,mlp_stronger,mlp_base:C1:E8,mlp_base,mlp,1.0,8.0,7.998197999765249,0.8615103534878953,0.8297387281953154,0.03177162529257993,0.00495123784569753,0.009553285354467304,1097,0.0498288353578199,0.7948978084425512,True,0.05,360,paired cluster influence sandwich; asymptotic Bonferroni bounds,,,
205,1.0,validation,source,mlp_stronger,mlp_base:C5:E2,mlp_base,mlp,5.0,2.0,1.9909995955023065,0.8615103534878953,0.8495871845688608,0.011923168919034444,0.003291104801763354,0.008901935644764113,1097,0.023925858469446983,0.8171217432117193,True,0.05,360,paired cluster influence sandwich; asymptotic Bonferroni bounds,,,
205,1.0,validation,source,mlp_stronger,mlp_base:C5:E8,mlp_base,mlp,5.0,8.0,7.998197999765249,0.8615103534878953,0.8607639541439578,0.0007463993439374983,0.001253149481603767,0.008554734718854635,1097,0.005316647055250569,0.8295647577642093,True,0.05,360,paired cluster influence sandwich; asymptotic Bonferroni bounds,,,
205,1.0,validation,source,mlp_stronger,mlp_stronger:C1:E2,mlp_stronger,mlp,1.0,2.0,1.9948093103901194,0.8615103534878953,0.829586031333823,0.03192432215407226,0.004969009947638099,0.009522677213299184,1097,0.050046347238918,0.7948567397540539,True,0.05,360,paired cluster influence sandwich; asymptotic Bonferroni bounds,,,
205,1.0,validation,source,mlp_stronger,mlp_stronger:C1:E8,mlp_stronger,mlp,1.0,8.0,7.995742559457445,0.8615103534878953,0.8302576839623449,0.03125266952555039,0.0049213869406424665,0.009513957909257005,1097,0.049201013064880034,0.7955601917647948,True,0.05,360,paired cluster influence sandwich; asymptotic Bonferroni bounds,,,
205,1.0,validation,source,mlp_stronger,mlp_stronger:C5:E2,mlp_stronger,mlp,5.0,2.0,1.9948093103901194,0.8615103534878953,0.8445887649279867,0.01692158855990855,0.003439310431598329,0.009030674298852508,1097,0.02946478540853276,0.8116538125126337,True,0.05,360,paired cluster influence sandwich; asymptotic Bonferroni bounds,,,
205,1.0,validation,source,mlp_stronger,mlp_stronger:C5:E8,mlp_stronger,mlp,5.0,8.0,7.995742559457445,0.8615103534878953,0.8590928311493056,0.002417522338589717,0.0010406818523003246,0.008575076054051368,1097,0.006212898647243419,0.8278194497325821,True,0.05,360,paired cluster influence sandwich; asymptotic Bonferroni bounds,,,
205,1.0,validation,source,mlp_stronger,logistic:C1:E2,logistic,logistic,1.0,2.0,1.9948093103901194,0.8615103534878953,0.8403730501785379,0.02113730330935737,0.004109534707531002,0.009184312843724786,1097,0.036124814270634485,0.8068777765737499,True,0.05,360,paired cluster influence sandwich; asymptotic Bonferroni bounds,,,
205,1.0,validation,source,mlp_stronger,logistic:C1:E8,logistic,logistic,1.0,8.0,7.995742559457445,0.8615103534878953,0.8401253182074457,0.02138503528044955,0.004076281333765037,0.009207823610482968,1097,0.03625127088106271,0.8065443006195614,True,0.05,360,paired cluster influence sandwich; asymptotic Bonferroni bounds,,,
205,1.0,validation,source,mlp_stronger,logistic:C5:E2,logistic,logistic,5.0,2.0,1.9948093103901194,0.8615103534878953,0.8519417061044576,0.009568647383437656,0.0034038582731732007,0.008733666370612644,1097,0.021982549883476896,0.8200899443413027,True,0.05,360,paired cluster influence sandwich; asymptotic Bonferroni bounds,,,
205,1.0,validation,source,mlp_stronger,logistic:C5:E8,logistic,logistic,5.0,8.0,7.995742559457445,0.8615103534878953,0.8587767593241188,0.0027335941637764982,0.0018713005109264897,0.008578598996667674,1097,0.00955824437732933,0.8274905297031983,True,0.05,360,paired cluster influence sandwich; asymptotic Bonferroni bounds,,,
205,1.0,validation,state_OR,mlp_stronger,mlp_base:C1:E2,mlp_base,mlp,1.0,2.0,1.9909995955023065,0.8438033628125342,0.822075008188667,0.02172835462386724,0.00537186937790293,0.009596110419670508,1209,0.04131370870000392,0.7870884500463465,True,0.05,360,paired cluster influence sandwich; asymptotic Bonferroni bounds,,,
205,1.0,validation,state_OR,mlp_stronger,mlp_base:C1:E8,mlp_base,mlp,1.0,8.0,7.998197999765249,0.8438033628125342,0.8225226553117153,0.021280707500818896,0.005247953155088457,0.009575955421655107,1209,0.04041427413968428,0.7876095804849348,True,0.05,360,paired cluster influence sandwich; asymptotic Bonferroni bounds,,,
205,1.0,validation,state_OR,mlp_stronger,mlp_base:C5:E2,mlp_base,mlp,5.0,2.0,1.9909995955023065,0.8438033628125342,0.8400474942679331,0.003755868544601082,0.003681488977791115,0.008973268765210119,1209,0.01717824725210069,0.8073317609498633,True,0.05,360,paired cluster influence sandwich; asymptotic Bonferroni bounds,,,
205,1.0,validation,state_OR,mlp_stronger,mlp_base:C5:E8,mlp_base,mlp,5.0,8.0,7.998197999765249,0.8438033628125342,0.8450480401790588,-0.0012446773665245603,0.0014550158089730347,0.008771171970413253,1209,0.004060179807094577,0.8130691336535447,True,0.05,360,paired cluster influence sandwich; asymptotic Bonferroni bounds,,,
205,1.0,validation,state_OR,mlp_stronger,mlp_stronger:C1:E2,mlp_stronger,mlp,1.0,2.0,1.9948093103901194,0.8438033628125342,0.8227082650944426,0.021095097718091593,0.005194100877037588,0.00956950092854146,1209,0.040032323779918486,0.7878187227708039,True,0.05,360,paired cluster influence sandwich; asymptotic Bonferroni bounds,,,
205,1.0,validation,state_OR,mlp_stronger,mlp_stronger:C1:E8,mlp_stronger,mlp,1.0,8.0,7.995742559457445,0.8438033628125342,0.8234703570258761,0.020333005786658087,0.005090909822857595,0.009554382585900292,1209,0.03889400651770564,0.7886359348239012,True,0.05,360,paired cluster influence sandwich; asymptotic Bonferroni bounds,,,
205,1.0,validation,state_OR,mlp_stronger,mlp_stronger:C5:E2,mlp_stronger,mlp,5.0,2.0,1.9948093103901194,0.8438033628125342,0.8270220548094771,0.016781308003057105,0.004302630077989869,0.009206263802257265,1209,0.032468311466451794,0.7934568424781383,True,0.05,360,paired cluster influence sandwich; asymptotic Bonferroni bounds,,,
205,1.0,validation,state_OR,mlp_stronger,mlp_stronger:C5:E8,mlp_stronger,mlp,5.0,8.0,7.995742559457445,0.8438033628125342,0.84306529097063,0.0007380718419042198,0.0012987294320018878,0.008823671863647952,1209,0.0054731228987090624,0.8108949745418539,True,0.05,360,paired cluster influence sandwich; asymptotic Bonferroni bounds,,,
205,1.0,validation,state_OR,mlp_stronger,logistic:C1:E2,logistic,logistic,1.0,2.0,1.9948093103901194,0.8438033628125342,0.8296446118571896,0.014158750955344579,0.004314544122179045,0.009347548386963314,1209,0.02988919195556464,0.7955642885984797,True,0.05,360,paired cluster influence sandwich; asymptotic Bonferroni bounds,,,
205,1.0,validation,state_OR,mlp_stronger,logistic:C1:E8,logistic,logistic,1.0,8.0,7.995742559457445,0.8438033628125342,0.8304623867234414,0.013340976089092793,0.004251340796853725,0.00933310064169992,1209,0.02884098343238561,0.7964347386484859,True,0.05,360,paired cluster influence sandwich; asymptotic Bonferroni bounds,,,
205,1.0,validation,state_OR,mlp_stronger,logistic:C5:E2,logistic,logistic,5.0,2.0,1.9948093103901194,0.8438033628125342,0.8279042471885577,0.0158991156239765,0.004128680244862774,0.009318719154759342,1209,0.03095191359322922,0.7939290327254527,True,0.05,360,paired cluster influence sandwich; asymptotic Bonferroni bounds,,,
205,1.0,validation,state_OR,mlp_stronger,logistic:C5:E8,logistic,logistic,5.0,8.0,7.995742559457445,0.8438033628125342,0.8413598646140409,0.0024434981984933213,0.0021317197637944077,0.008933276475376797,1209,0.01021555731384554,0.8087899395987423,True,0.05,360,paired cluster influence sandwich; asymptotic Bonferroni bounds,,,
205,1.0,validation,state_WA,mlp_stronger,mlp_base:C1:E2,mlp_base,mlp,1.0,2.0,1.9909995955023065,0.8453848494634341,0.8287620685943295,0.016622780869104514,0.005020492890320528,0.009018995599754926,1175,0.03492861098987454,0.7958768111273987,True,0.05,360,paired cluster influence sandwich; asymptotic Bonferroni bounds,,,
205,1.0,validation,state_WA,mlp_stronger,mlp_base:C1:E8,mlp_base,mlp,1.0,8.0,7.998197999765249,0.8453848494634341,0.8299616827305246,0.015423166732909444,0.004877917074500229,0.008988692196824155,1175,0.03320913382015769,0.7971869181889402,True,0.05,360,paired cluster influence sandwich; asymptotic Bonferroni bounds,,,
205,1.0,validation,state_WA,mlp_stronger,mlp_base:C5:E2,mlp_base,mlp,5.0,2.0,1.9909995955023065,0.8453848494634341,0.8337271669647589,0.01165768249867516,0.0037385700192635743,0.008991808305528315,1175,0.025289337629427394,0.8009410403999981,True,0.05,360,paired cluster influence sandwich; asymptotic Bonferroni bounds,,,
205,1.0,validation,state_WA,mlp_stronger,mlp_base:C5:E8,mlp_base,mlp,5.0,8.0,7.998197999765249,0.8453848494634341,0.8451933666202968,0.0001914828431373028,0.0014729942573410795,0.008736592342942705,1175,0.0055623464680500554,0.8133378140364709,True,0.05,360,paired cluster influence sandwich; asymptotic Bonferroni bounds,,,
205,1.0,validation,state_WA,mlp_stronger,mlp_stronger:C1:E2,mlp_stronger,mlp,1.0,2.0,1.9948093103901194,0.8453848494634341,0.830196637354266,0.015188212109168098,0.004857619424648933,0.008969254460754023,1175,0.032900169465072016,0.7974927471077369,True,0.05,360,paired cluster influence sandwich; asymptotic Bonferroni bounds,,,
205,1.0,validation,state_WA,mlp_stronger,mlp_stronger:C1:E8,mlp_stronger,mlp,1.0,8.0,7.995742559457445,0.8453848494634341,0.8305692526165871,0.014815596846846968,0.004857125917452175,0.008951862942364337,1175,0.03252575476610103,0.7979287757018043,True,0.05,360,paired cluster influence sandwich; asymptotic Bonferroni bounds,,,
205,1.0,validation,state_WA,mlp_stronger,mlp_stronger:C5:E2,mlp_stronger,mlp,5.0,2.0,1.9948093103901194,0.8453848494634341,0.8203927157856385,0.024992133677795514,0.004203215184273945,0.009341475673651983,1175,0.04031798809195196,0.786331624475486,True,0.05,360,paired cluster influence sandwich; asymptotic Bonferroni bounds,,,
205,1.0,validation,state_WA,mlp_stronger,mlp_stronger:C5:E8,mlp_stronger,mlp,5.0,8.0,7.995742559457445,0.8453848494634341,0.8424318735095389,0.0029529759538952094,0.001183269944510253,0.0087670758631138,1175,0.007267440502381955,0.8104651712529765,True,0.05,360,paired cluster influence sandwich; asymptotic Bonferroni bounds,,,
205,1.0,validation,state_WA,mlp_stronger,logistic:C1:E2,logistic,logistic,1.0,2.0,1.9948093103901194,0.8453848494634341,0.8340314694289879,0.011353380034446192,0.004101787464575881,0.008952463302742335,1175,0.026309406496070414,0.8013888034671671,True,0.05,360,paired cluster influence sandwich; asymptotic Bonferroni bounds,,,
205,1.0,validation,state_WA,mlp_stronger,logistic:C1:E8,logistic,logistic,1.0,8.0,7.995742559457445,0.8453848494634341,0.8354422322138314,0.009942617249602659,0.004018157557294236,0.00889411059400741,1175,0.024593710528537763,0.8030123331648467,True,0.05,360,paired cluster influence sandwich; asymptotic Bonferroni bounds,,,
205,1.0,validation,state_WA,mlp_stronger,logistic:C5:E2,logistic,logistic,5.0,2.0,1.9948093103901194,0.8453848494634341,0.8266060752848438,0.018778774178590307,0.0039904549315194935,0.009317526827615696,1175,0.033328857542281945,0.7926323067767957,True,0.05,360,paired cluster influence sandwich; asymptotic Bonferroni bounds,,,
205,1.0,validation,state_WA,mlp_stronger,logistic:C5:E8,logistic,logistic,5.0,8.0,7.995742559457445,0.8453848494634341,0.8416938882816641,0.003690961181769925,0.002014029729755932,0.008817833118380577,1175,0.011034560086605468,0.8095421138195218,True,0.05,360,paired cluster influence sandwich; asymptotic Bonferroni bounds,,,
205,1.0,validation,proxy_0.5,mlp_stronger,mlp_base:C1:E2,mlp_base,mlp,1.0,2.0,1.9909995955023065,0.8593998265876204,0.8265902897609814,0.03280953682663901,0.005029070904426746,0.009662254270105182,1097,0.05115060477455269,0.791351959368378,True,0.05,360,paired cluster influence sandwich; asymptotic Bonferroni bounds,,,
205,1.0,validation,proxy_0.5,mlp_stronger,mlp_base:C1:E8,mlp_base,mlp,1.0,8.0,7.998197999765249,0.8593998265876204,0.8279741718063932,0.031425654781227164,0.004930412970979422,0.009598533531998221,1097,0.04940691633640032,0.7929682315330626,True,0.05,360,paired cluster influence sandwich; asymptotic Bonferroni bounds,,,
205,1.0,validation,proxy_0.5,mlp_stronger,mlp_base:C5:E2,mlp_base,mlp,5.0,2.0,1.9909995955023065,0.8593998265876204,0.849378427670807,0.010021398916813418,0.002977365789406898,0.00894688523013985,1097,0.020879879397022558,0.8167490547614414,True,0.05,360,paired cluster influence sandwich; asymptotic Bonferroni bounds,,,
205,1.0,validation,proxy_0.5,mlp_stronger,mlp_base:C5:E8,mlp_base,mlp,5.0,8.0,7.998197999765249,0.8593998265876204,0.8593539107481506,4.591583946977895e-05,0.0011873583821852768,0.008630813685701589,1097,0.00437622280472172,0.8278772536749928,True,0.05,360,paired cluster influence sandwich; asymptotic Bonferroni bounds,,,
205,1.0,validation,proxy_0.5,mlp_stronger,mlp_stronger:C1:E2,mlp_stronger,mlp,1.0,2.0,1.9948093103901194,0.8593998265876204,0.8272694170610446,0.032130409526575754,0.004963806160516377,0.009591633629109059,1097,0.05023345635181852,0.7922886407971562,True,0.05,360,paired cluster influence sandwich; asymptotic Bonferroni bounds,,,
205,1.0,validation,proxy_0.5,mlp_stronger,mlp_stronger:C1:E8,mlp_stronger,mlp,1.0,8.0,7.995742559457445,0.8593998265876204,0.8278022543609369,0.03159757222668347,0.004912993099926834,0.009586584732992702,1097,0.04951530335154629,0.792839891467727,True,0.05,360,paired cluster influence sandwich; asymptotic Bonferroni bounds,,,
205,1.0,validation,proxy_0.5,mlp_stronger,mlp_stronger:C5:E2,mlp_stronger,mlp,5.0,2.0,1.9948093103901194,0.8593998265876204,0.8451509670089354,0.014248859578684936,0.0031878323936092084,0.0090109860239543,1097,0.025874913704563574,0.8122878179136285,True,0.05,360,paired cluster influence sandwich; asymptotic Bonferroni bounds,,,
205,1.0,validation,proxy_0.5,mlp_stronger,mlp_stronger:C5:E8,mlp_stronger,mlp,5.0,8.0,7.995742559457445,0.8593998265876204,0.8572417821325452,0.00215804445507517,0.0009863178580436678,0.008648796533865515,1097,0.005755154775531398,0.8256995414463624,True,0.05,360,paired cluster influence sandwich; asymptotic Bonferroni bounds,,,
205,1.0,validation,proxy_0.5,mlp_stronger,logistic:C1:E2,logistic,logistic,1.0,2.0,1.9948093103901194,0.8593998265876204,0.8378044326937862,0.021595393893834136,0.0040774805562828,0.009269835519825135,1097,0.03646600307002437,0.8039972571008869,True,0.05,360,paired cluster influence sandwich; asymptotic Bonferroni bounds,,,
205,1.0,validation,proxy_0.5,mlp_stronger,logistic:C1:E8,logistic,logistic,1.0,8.0,7.995742559457445,0.8593998265876204,0.8376175659052469,0.021782260682373433,0.004046283567773915,0.009285969354974787,1097,0.03653909415388866,0.8037515500668303,True,0.05,360,paired cluster influence sandwich; asymptotic Bonferroni bounds,,,
205,1.0,validation,proxy_0.5,mlp_stronger,logistic:C5:E2,logistic,logistic,5.0,2.0,1.9948093103901194,0.8593998265876204,0.8498247723428611,0.00957505424475924,0.003229159716009422,0.008845242894813417,1097,0.02135182949639899,0.8175660899674004,True,0.05,360,paired cluster influence sandwich; asymptotic Bonferroni bounds,,,
205,1.0,validation,proxy_0.5,mlp_stronger,logistic:C5:E8,logistic,logistic,5.0,8.0,7.995742559457445,0.8593998265876204,0.8561205814013089,0.003279245186311508,0.0018067911874020926,0.008695762230689491,1097,0.009868629302304758,0.8244070563858652,True,0.05,360,paired cluster influence sandwich; asymptotic Bonferroni bounds,,,
205,1.0,validation,proxy_0.75,mlp_stronger,mlp_base:C1:E2,mlp_base,mlp,1.0,2.0,1.9909995955023065,0.8601905400556972,0.8270403717688062,0.03315016828689099,0.005020244843040395,0.009641369871212703,1097,0.05145904750756739,0.7918782069714823,True,0.05,360,paired cluster influence sandwich; asymptotic Bonferroni bounds,,,
205,1.0,validation,proxy_0.75,mlp_stronger,mlp_base:C1:E8,mlp_base,mlp,1.0,8.0,7.998197999765249,0.8601905400556972,0.8285182211135979,0.03167231894209932,0.004914887622967434,0.009579387416448256,1097,0.04959695940995548,0.7935821069001726,True,0.05,360,paired cluster influence sandwich; asymptotic Bonferroni bounds,,,
205,1.0,validation,proxy_0.75,mlp_stronger,mlp_base:C5:E2,mlp_base,mlp,5.0,2.0,1.9909995955023065,0.8601905400556972,0.8486848849327706,0.011505655122926561,0.0031438190754172024,0.008920949508067441,1097,0.022971192271631115,0.8161500998408864,True,0.05,360,paired cluster influence sandwich; asymptotic Bonferroni bounds,,,
205,1.0,validation,proxy_0.75,mlp_stronger,mlp_base:C5:E8,mlp_base,mlp,5.0,8.0,7.998197999765249,0.8601905400556972,0.8596288718798584,0.0005616681758388031,0.0012286110353786981,0.008594322188296982,1097,0.005042423947566361,0.8282852996341247,True,0.05,360,paired cluster influence sandwich; asymptotic Bonferroni bounds,,,
205,1.0,validation,proxy_0.75,mlp_stronger,mlp_stronger:C1:E2,mlp_stronger,mlp,1.0,2.0,1.9948093103901194,0.8601905400556972,0.8279650954195215,0.032225444636175715,0.004958666033049018,0.009564446476527181,1097,0.0503097453691618,0.7930834709517184,True,0.05,360,paired cluster influence sandwich; asymptotic Bonferroni bounds,,,
205,1.0,validation,proxy_0.75,mlp_stronger,mlp_stronger:C1:E8,mlp_stronger,mlp,1.0,8.0,7.995742559457445,0.8601905400556972,0.828589764398353,0.031600775657344204,0.004900370863142753,0.009556374342790682,1097,0.04947247336829995,0.7937375790766982,True,0.05,360,paired cluster influence sandwich; asymptotic Bonferroni bounds,,,
205,1.0,validation,proxy_0.75,mlp_stronger,mlp_stronger:C5:E2,mlp_stronger,mlp,5.0,2.0,1.9948093103901194,0.8601905400556972,0.8446325451470161,0.015557994908681039,0.0033171641940462184,0.009000036597735649,1097,0.027655723302972404,0.8118093287100636,True,0.05,360,paired cluster influence sandwich; asymptotic Bonferroni bounds,,,
205,1.0,validation,proxy_0.75,mlp_stronger,mlp_stronger:C5:E8,mlp_stronger,mlp,5.0,8.0,7.995742559457445,0.8601905400556972,0.8579759016589501,0.0022146383967470706,0.0010171130165985687,0.008605670908957223,1097,0.00592405894433194,0.8265909405243526,True,0.05,360,paired cluster influence sandwich; asymptotic Bonferroni bounds,,,
205,1.0,validation,proxy_0.75,mlp_stronger,logistic:C1:E2,logistic,logistic,1.0,2.0,1.9948093103901194,0.8601905400556972,0.8390201346295124,0.021170405426184757,0.004064541699403349,0.009227560029050045,1097,0.03599382647206141,0.8053671381411778,True,0.05,360,paired cluster influence sandwich; asymptotic Bonferroni bounds,,,
205,1.0,validation,proxy_0.75,mlp_stronger,logistic:C1:E8,logistic,logistic,1.0,8.0,7.995742559457445,0.8601905400556972,0.8386997915634449,0.0214907484922523,0.004035281157920811,0.009248109468135316,1097,0.03620745607360977,0.8049718510813354,True,0.05,360,paired cluster influence sandwich; asymptotic Bonferroni bounds,,,
205,1.0,validation,proxy_0.75,mlp_stronger,logistic:C5:E2,logistic,logistic,5.0,2.0,1.9948093103901194,0.8601905400556972,0.8506389776357827,0.009551562419914505,0.0033015345655280823,0.008796402587306431,1097,0.021592289414921667,0.8185584163120243,True,0.05,360,paired cluster influence sandwich; asymptotic Bonferroni bounds,,,
205,1.0,validation,proxy_0.75,mlp_stronger,logistic:C5:E8,logistic,logistic,5.0,8.0,7.995742559457445,0.8601905400556972,0.8571622302711384,0.0030283097845588136,0.0018207140116245743,0.008642903633739396,1097,0.009668470568836185,0.825641481046038,True,0.05,360,paired cluster influence sandwich; asymptotic Bonferroni bounds,,,
205,1.0,test,source,mlp_stronger,mlp_base:C1:E2,mlp_base,mlp,1.0,2.0,1.9909995955023065,0.8517562521076275,0.8235629623770289,0.028193289730598647,0.004827649351239994,0.0094025600551331,1166,0.04579638217812569,0.7892783402241337,True,0.05,360,paired cluster influence sandwich; asymptotic Bonferroni bounds,0.00014050849503954854,0.025383119829807677,0.0026696614057514223
205,1.0,test,source,mlp_stronger,mlp_base:C1:E8,mlp_base,mlp,1.0,8.0,7.998197999765249,0.8517562521076275,0.8255363261295842,0.026219925978043346,0.004696014360925758,0.009364528085480972,1166,0.043343036816459596,0.7913903802203511,True,0.05,360,paired cluster influence sandwich; asymptotic Bonferroni bounds,0.00014050849503954854,0.025383119829807677,0.0006962976531961207
205,1.0,test,source,mlp_stronger,mlp_base:C5:E2,mlp_base,mlp,5.0,2.0,1.9909995955023065,0.8517562521076275,0.8386598195662762,0.013096432541351288,0.003226761780501482,0.00895763225174085,1166,0.024862197160052328,0.8059975408533778,True,0.05,360,paired cluster influence sandwich; asymptotic Bonferroni bounds,0.00014050849503954854,0.00021440555539387063,0.01274151849091787
205,1.0,test,source,mlp_stronger,mlp_base:C5:E8,mlp_base,mlp,5.0,8.0,7.998197999765249,0.8517562521076275,0.8506405105766468,0.0011157415309807073,0.0012423748642181223,0.008638198545771615,1166,0.0056458219071990395,0.8191429852764187,True,0.05,360,paired cluster influence sandwich; asymptotic Bonferroni bounds,0.00014050849503954854,0.00021440555539387063,0.0007608274805472881
205,1.0,test,source,mlp_stronger,mlp_stronger:C1:E2,mlp_stronger,mlp,1.0,2.0,1.9948093103901194,0.8517562521076275,0.8273889566567721,0.024367295450855364,0.004639055677111143,0.009303794315430285,1166,0.04128271743203914,0.7934644647287845,True,0.05,360,paired cluster influence sandwich; asymptotic Bonferroni bounds,0.0,0.0238614648687131,0.0005058305821422637
205,1.0,test,source,mlp_stronger,mlp_stronger:C1:E8,mlp_stronger,mlp,1.0,8.0,7.995742559457445,0.8517562521076275,0.8276564431991807,0.024099808908446763,0.004584948817655538,0.009311542267624508,1166,0.040817940660008184,0.7937036998575483,True,0.05,360,paired cluster influence sandwich; asymptotic Bonferroni bounds,0.0,0.0238614648687131,0.00023834403973366225
205,1.0,test,source,mlp_stronger,mlp_stronger:C5:E2,mlp_stronger,mlp,5.0,2.0,1.9948093103901194,0.8517562521076275,0.843523495101978,0.008232757005649516,0.00312601829525655,0.008885095421468276,1166,0.019631179931690727,0.8111257079534494,True,0.05,360,paired cluster influence sandwich; asymptotic Bonferroni bounds,0.0,0.00013010045837003048,0.008102656547279485
205,1.0,test,source,mlp_stronger,mlp_stronger:C5:E8,mlp_stronger,mlp,5.0,8.0,7.995742559457445,0.8517562521076275,0.8521913080404165,-0.0004350559327890302,0.0008793680501671649,0.008652707248639957,1166,0.002771390094306584,0.8206408795528807,True,0.05,360,paired cluster influence sandwich; asymptotic Bonferroni bounds,0.0,0.00013010045837003048,-0.0005651563911590607
205,1.0,test,source,mlp_stronger,logistic:C1:E2,logistic,logistic,1.0,2.0,1.9948093103901194,0.8517562521076275,0.833094642359044,0.018661609748583552,0.0039030715678056785,0.009196320285309511,1166,0.03289340759441308,0.7995620337577604,True,0.05,360,paired cluster influence sandwich; asymptotic Bonferroni bounds,0.004295396733541734,0.013344143814087661,0.0010220692009541565
205,1.0,test,source,mlp_stronger,logistic:C1:E8,logistic,logistic,1.0,8.0,7.995742559457445,0.8517562521076275,0.8339106324339403,0.017845619673687252,0.0038116233865211455,0.009158552256347395,1166,0.0317439693603425,0.8005157376674881,True,0.05,360,paired cluster influence sandwich; asymptotic Bonferroni bounds,0.004295396733541734,0.013344143814087661,0.0002060791260578565
205,1.0,test,source,mlp_stronger,logistic:C5:E2,logistic,logistic,5.0,2.0,1.9948093103901194,0.8517562521076275,0.8337222469702206,0.01803400513740694,0.0035213150747611267,0.009191054776372262,1166,0.030873801545149234,0.8002088380319328,True,0.05,360,paired cluster influence sandwich; asymptotic Bonferroni bounds,0.004295396733541734,0.0,0.013738608403865205
205,1.0,test,source,mlp_stronger,logistic:C5:E8,logistic,logistic,5.0,8.0,7.995742559457445,0.8517562521076275,0.8453043101761455,0.006451941931482019,0.001837533736093365,0.00882614175413245,1166,0.013152154369983385,0.8131214862075684,True,0.05,360,paired cluster influence sandwich; asymptotic Bonferroni bounds,0.004295396733541734,0.0,0.002156545197940285
205,1.0,test,state_CO,mlp_stronger,mlp_base:C1:E2,mlp_base,mlp,1.0,2.0,1.9909995955023065,0.8303964485334125,0.8015335691085061,0.028862879424906396,0.0052770100582043514,0.010054684835895998,1194,0.048103098240814615,0.7648737306329545,True,0.05,360,paired cluster influence sandwich; asymptotic Bonferroni bounds,-0.001125290597022266,0.026011524954246412,0.00397664506768225
205,1.0,test,state_CO,mlp_stronger,mlp_base:C1:E8,mlp_base,mlp,1.0,8.0,7.998197999765249,0.8303964485334125,0.804570926283161,0.025825522250251587,0.005079897860917551,0.009975135783212104,1194,0.04434706102476284,0.7682011272737757,True,0.05,360,paired cluster influence sandwich; asymptotic Bonferroni bounds,-0.001125290597022266,0.026011524954246412,0.0009392878930274406
205,1.0,test,state_CO,mlp_stronger,mlp_base:C5:E2,mlp_base,mlp,5.0,2.0,1.9909995955023065,0.8303964485334125,0.810905838320885,0.019490610212527515,0.0043024463762558335,0.00982916566732682,1194,0.035177525494065144,0.775068252996757,True,0.05,360,paired cluster influence sandwich; asymptotic Bonferroni bounds,-0.001125290597022266,0.00013087170862813302,0.020485029100921648
205,1.0,test,state_CO,mlp_stronger,mlp_base:C5:E8,mlp_base,mlp,5.0,8.0,7.998197999765249,0.8303964485334125,0.829640071886696,0.0007563766467165722,0.0015534606903189086,0.009340405634363015,1194,0.0064203650177787576,0.795584527885016,True,0.05,360,paired cluster influence sandwich; asymptotic Bonferroni bounds,-0.001125290597022266,0.00013087170862813302,0.0017507955351107052
205,1.0,test,state_CO,mlp_stronger,mlp_stronger:C1:E2,mlp_stronger,mlp,1.0,2.0,1.9948093103901194,0.8303964485334125,0.8038944122932845,0.026502036240128035,0.005137949759369639,0.00995560190326838,1194,0.04523523487819413,0.7675958346991126,True,0.05,360,paired cluster influence sandwich; asymptotic Bonferroni bounds,1.1102230246251565e-16,0.02575699493825323,0.0007450413018746938
205,1.0,test,state_CO,mlp_stronger,mlp_stronger:C1:E8,mlp_stronger,mlp,1.0,8.0,7.995742559457445,0.8303964485334125,0.8044261430149544,0.025970305518458137,0.0049945329696705724,0.009946275916977767,1194,0.04418060001473753,0.7681615683912008,True,0.05,360,paired cluster influence sandwich; asymptotic Bonferroni bounds,1.1102230246251565e-16,0.02575699493825323,0.0002133105802047952
205,1.0,test,state_CO,mlp_stronger,mlp_stronger:C5:E2,mlp_stronger,mlp,5.0,2.0,1.9948093103901194,0.8303964485334125,0.8148412639527789,0.015555184580633652,0.00485428635665052,0.009733335059547214,1194,0.03325413354356494,0.7793530813856295,True,0.05,360,paired cluster influence sandwich; asymptotic Bonferroni bounds,1.1102230246251565e-16,-3.812797810420765e-05,0.015593312558737749
205,1.0,test,state_CO,mlp_stronger,mlp_stronger:C5:E8,mlp_stronger,mlp,5.0,8.0,7.995742559457445,0.8303964485334125,0.8312527823119157,-0.0008563337785031377,0.0014331458205767093,0.00927076004734706,1194,0.004368981102246408,0.7974511692898945,True,0.05,360,paired cluster influence sandwich; asymptotic Bonferroni bounds,1.1102230246251565e-16,-3.812797810420765e-05,-0.0008182058003990411
205,1.0,test,state_CO,mlp_stronger,logistic:C1:E2,logistic,logistic,1.0,2.0,1.9948093103901194,0.8303964485334125,0.8125803778997873,0.017816070633625225,0.00412791989805596,0.009781827885255353,1194,0.03286665443337712,0.7769153882833174,True,0.05,360,paired cluster influence sandwich; asymptotic Bonferroni bounds,0.0011829978071261626,0.014485540221925386,0.0021475326045736765
205,1.0,test,state_CO,mlp_stronger,logistic:C1:E8,logistic,logistic,1.0,8.0,7.995742559457445,0.8303964485334125,0.8141209543123773,0.016275494221035247,0.0040495911529136895,0.009741633633792218,1194,0.03104048785145068,0.778602514765883,True,0.05,360,paired cluster influence sandwich; asymptotic Bonferroni bounds,0.0011829978071261626,0.014485540221925386,0.0006069561919836985
205,1.0,test,state_CO,mlp_stronger,logistic:C5:E2,logistic,logistic,5.0,2.0,1.9948093103901194,0.8303964485334125,0.8077432771100227,0.02265317142338985,0.0038864015008352342,0.009873288042777569,1194,0.0368231681559692,0.7717448195971008,True,0.05,360,paired cluster influence sandwich; asymptotic Bonferroni bounds,0.0011829978071261626,0.0,0.021470173616263688
205,1.0,test,state_CO,mlp_stronger,logistic:C5:E8,logistic,logistic,5.0,8.0,7.995742559457445,0.8303964485334125,0.8251842508779741,0.005212197655438455,0.0019321802492960028,0.00945814920131739,1194,0.012257014773122934,0.7906994084729595,True,0.05,360,paired cluster influence sandwich; asymptotic Bonferroni bounds,0.0011829978071261626,0.0,0.004029199848312293
205,1.0,test,state_UT,mlp_stronger,mlp_base:C1:E2,mlp_base,mlp,1.0,2.0,1.9909995955023065,0.8540360587002097,0.8426538085255065,0.011382250174703179,0.005012487833255412,0.009293762415180283,1118,0.029661722353017773,0.8087614426681673,True,0.05,360,paired cluster influence sandwich; asymptotic Bonferroni bounds,-0.0009593291404611515,0.011888749126484965,0.0004528301886793651
205,1.0,test,state_UT,mlp_stronger,mlp_base:C1:E8,mlp_base,mlp,1.0,8.0,7.998197999765249,0.8540360587002097,0.8430552061495458,0.010980852550663944,0.004877360875628781,0.009269002183335885,1118,0.028767545585239033,0.8092531355675637,True,0.05,360,paired cluster influence sandwich; asymptotic Bonferroni bounds,-0.0009593291404611515,0.011888749126484965,5.143256464013035e-05
205,1.0,test,state_UT,mlp_stronger,mlp_base:C5:E2,mlp_base,mlp,5.0,2.0,1.9909995955023065,0.8540360587002097,0.850961285814116,0.003074772886093702,0.0037089665106985552,0.009044611413426754,1118,0.016600581306576732,0.8179775204274926,True,0.05,360,paired cluster influence sandwich; asymptotic Bonferroni bounds,-0.0009593291404611515,8.497554157937959e-05,0.003949126484975474
205,1.0,test,state_UT,mlp_stronger,mlp_base:C5:E8,mlp_base,mlp,5.0,8.0,7.998197999765249,0.8540360587002097,0.8565350104821802,-0.00249895178197046,0.0014798211586346728,0.008800514070579031,1118,0.0028976398104675095,0.824441415951989,True,0.05,360,paired cluster influence sandwich; asymptotic Bonferroni bounds,-0.0009593291404611515,8.497554157937959e-05,-0.001624598183088688
205,1.0,test,state_UT,mlp_stronger,mlp_stronger:C1:E2,mlp_stronger,mlp,1.0,2.0,1.9948093103901194,0.8540360587002097,0.8401313766596786,0.01390468204053108,0.004614153944603858,0.009352592162735074,1118,0.03073151563347538,0.8060244712823529,True,0.05,360,paired cluster influence sandwich; asymptotic Bonferroni bounds,1.1102230246251565e-16,0.011685255066386957,0.002219426974144012
205,1.0,test,state_UT,mlp_stronger,mlp_stronger:C1:E8,mlp_stronger,mlp,1.0,8.0,7.995742559457445,0.8540360587002097,0.8418275331935708,0.012208525506638868,0.004625012914113517,0.009294559010739794,1118,0.02907495944129773,0.8079322623224238,True,0.05,360,paired cluster influence sandwich; asymptotic Bonferroni bounds,1.1102230246251565e-16,0.011685255066386957,0.0005232704402517996
205,1.0,test,state_UT,mlp_stronger,mlp_stronger:C5:E2,mlp_stronger,mlp,5.0,2.0,1.9948093103901194,0.8540360587002097,0.8325394828791055,0.021496575821104202,0.0035089086928955632,0.009514788277199624,1118,0.03429281612367141,0.7978410829265481,True,0.05,360,paired cluster influence sandwich; asymptotic Bonferroni bounds,1.1102230246251565e-16,-3.0188679245424233e-05,0.021526764500349516
205,1.0,test,state_UT,mlp_stronger,mlp_stronger:C5:E8,mlp_stronger,mlp,5.0,8.0,7.995742559457445,0.8540360587002097,0.8501126484975541,0.0039234102026556306,0.0010923788121101083,0.009043859856237159,1118,0.007907082336813925,0.8171316238794262,True,0.05,360,paired cluster influence sandwich; asymptotic Bonferroni bounds,1.1102230246251565e-16,-3.0188679245424233e-05,0.003953598881900944
205,1.0,test,state_UT,mlp_stronger,logistic:C1:E2,logistic,logistic,1.0,2.0,1.9948093103901194,0.8540360587002097,0.8482733752620546,0.005762683438155114,0.0040016607766363895,0.00912504084441761,1118,0.02035588531054166,0.8149963009248615,True,0.05,360,paired cluster influence sandwich; asymptotic Bonferroni bounds,-0.0023222921034242727,0.007646680642907189,0.00043829489867219795
205,1.0,test,state_UT,mlp_stronger,logistic:C1:E8,logistic,logistic,1.0,8.0,7.995742559457445,0.8540360587002097,0.8486926624737946,0.005343396226415109,0.003917927508018455,0.009118963374857769,1118,0.0196312407582918,0.8154377513695967,True,0.05,360,paired cluster influence sandwich; asymptotic Bonferroni bounds,-0.0023222921034242727,0.007646680642907189,1.9007686932193124e-05
205,1.0,test,state_UT,mlp_stronger,logistic:C5:E2,logistic,logistic,5.0,2.0,1.9948093103901194,0.8540360587002097,0.8445713487071976,0.009464709993012077,0.003480879835651354,0.009135931034132672,1118,0.022158735041751382,0.8112545601748713,True,0.05,360,paired cluster influence sandwich; asymptotic Bonferroni bounds,-0.0023222921034242727,0.0,0.01178700209643635
205,1.0,test,state_UT,mlp_stronger,logistic:C5:E8,logistic,logistic,5.0,8.0,7.995742559457445,0.8540360587002097,0.8550043326345214,-0.0009682739343116475,0.0018879728743311567,0.008882221384862226,1118,0.005916759761088944,0.8226127689864212,True,0.05,360,paired cluster influence sandwich; asymptotic Bonferroni bounds,-0.0023222921034242727,0.0,0.0013540181691126252
206,1.0,validation,source,mlp_base,mlp_base:C1:E2,mlp_base,mlp,1.0,2.0,1.9909995955023065,0.8626368084729154,0.8324367594241118,0.03020004904880358,0.004473351903622978,0.00926827827873061,1158,0.046511609038981994,0.7986410553511233,True,0.05,360,paired cluster influence sandwich; asymptotic Bonferroni bounds,,,
206,1.0,validation,source,mlp_base,mlp_base:C1:E8,mlp_base,mlp,1.0,8.0,7.998197999765249,0.8626368084729154,0.8343031619491696,0.028333646523745704,0.0043720078154824895,0.009232315191670799,1158,0.04427566702564584,0.8006385931109328,True,0.05,360,paired cluster influence sandwich; asymptotic Bonferroni bounds,,,
206,1.0,validation,source,mlp_base,mlp_base:C5:E2,mlp_base,mlp,5.0,2.0,1.9909995955023065,0.8626368084729154,0.8505996800149481,0.012037128457967228,0.00303628096004781,0.008715462886799337,1158,0.02310857557276827,0.8188197532881769,True,0.05,360,paired cluster influence sandwich; asymptotic Bonferroni bounds,,,
206,1.0,validation,source,mlp_base,mlp_base:C5:E8,mlp_base,mlp,5.0,8.0,7.998197999765249,0.8626368084729154,0.860922223673161,0.0017145847997543928,0.0009483152853815405,0.00840294901364173,1158,0.005172506733992606,0.8302818426158562,True,0.05,360,paired cluster influence sandwich; asymptotic Bonferroni bounds,,,
206,1.0,validation,source,mlp_base,mlp_stronger:C1:E2,mlp_stronger,mlp,1.0,2.0,1.9948093103901194,0.8626368084729154,0.833941135065754,0.028695673407161393,0.004263495312619991,0.00920152941858946,1158,0.04424201562614072,0.8003888229860461,True,0.05,360,paired cluster influence sandwich; asymptotic Bonferroni bounds,,,
206,1.0,validation,source,mlp_base,mlp_stronger:C1:E8,mlp_stronger,mlp,1.0,8.0,7.995742559457445,0.8626368084729154,0.8336619178506857,0.028974890622229688,0.004322476304624276,0.00922355971310668,1158,0.04473630020234798,0.8000292748517116,True,0.05,360,paired cluster influence sandwich; asymptotic Bonferroni bounds,,,
206,1.0,validation,source,mlp_base,mlp_stronger:C5:E2,mlp_stronger,mlp,5.0,2.0,1.9948093103901194,0.8626368084729154,0.8528695142575954,0.009767294215319966,0.0028817538102530764,0.008698232047801227,1158,0.02027527596269783,0.821152417791008,True,0.05,360,paired cluster influence sandwich; asymptotic Bonferroni bounds,,,
206,1.0,validation,source,mlp_base,mlp_stronger:C5:E8,mlp_stronger,mlp,5.0,8.0,7.995742559457445,0.8626368084729154,0.8606281431842866,0.0020086652886287526,0.0011501857404592711,0.00842614933163524,1158,0.006202684473695401,0.8299031648525229,True,0.05,360,paired cluster influence sandwich; asymptotic Bonferroni bounds,,,
206,1.0,validation,source,mlp_base,logistic:C1:E2,logistic,logistic,1.0,2.0,1.9948093103901194,0.8626368084729154,0.8415362679805801,0.02110054049233523,0.003717550162777487,0.00904655013063355,1158,0.034656156907741945,0.8085490699377716,True,0.05,360,paired cluster influence sandwich; asymptotic Bonferroni bounds,,,
206,1.0,validation,source,mlp_base,logistic:C1:E8,logistic,logistic,1.0,8.0,7.995742559457445,0.8626368084729154,0.8428235336584143,0.019813274814501014,0.0035740189806469837,0.008997428562511539,1158,0.03284552138594647,0.8100154517286451,True,0.05,360,paired cluster influence sandwich; asymptotic Bonferroni bounds,,,
206,1.0,validation,source,mlp_base,logistic:C5:E2,logistic,logistic,5.0,2.0,1.9948093103901194,0.8626368084729154,0.8399214794478083,0.02271532902510709,0.003840905325239794,0.009130466574651733,1158,0.03672074576384014,0.8066282898040134,True,0.05,360,paired cluster influence sandwich; asymptotic Bonferroni bounds,,,
206,1.0,validation,source,mlp_base,logistic:C5:E8,logistic,logistic,5.0,8.0,7.995742559457445,0.8626368084729154,0.8562636489974191,0.006373159475496215,0.0017214090866034498,0.008592011803726264,1158,0.012650078481360533,0.8249338723573799,True,0.05,360,paired cluster influence sandwich; asymptotic Bonferroni bounds,,,
206,1.0,validation,state_OR,mlp_base,mlp_base:C1:E2,mlp_base,mlp,1.0,2.0,1.9909995955023065,0.8341890909989343,0.8083905803766458,0.02579851062228855,0.005450445289922548,0.00993955561774894,1190,0.04567128180230439,0.7721501442442481,True,0.05,360,paired cluster influence sandwich; asymptotic Bonferroni bounds,,,
206,1.0,validation,state_OR,mlp_base,mlp_base:C1:E8,mlp_base,mlp,1.0,8.0,7.998197999765249,0.8341890909989343,0.8098831026044456,0.02430598839448872,0.005266549786396425,0.009910548275561867,1190,0.04350826146504452,0.7737484296240771,True,0.05,360,paired cluster influence sandwich; asymptotic Bonferroni bounds,,,
206,1.0,validation,state_OR,mlp_base,mlp_base:C5:E2,mlp_base,mlp,5.0,2.0,1.9909995955023065,0.8341890909989343,0.8200174296049476,0.014171661393986734,0.0035007810815399676,0.009571331170272243,1190,0.026935796741497167,0.7851195700508566,True,0.05,360,paired cluster influence sandwich; asymptotic Bonferroni bounds,,,
206,1.0,validation,state_OR,mlp_base,mlp_base:C5:E8,mlp_base,mlp,5.0,8.0,7.998197999765249,0.8341890909989343,0.8321743544476377,0.002014736551296692,0.0012016059548738591,0.009276403429978972,1190,0.00639589055240253,0.7983518256574981,True,0.05,360,paired cluster influence sandwich; asymptotic Bonferroni bounds,,,
206,1.0,validation,state_OR,mlp_base,mlp_stronger:C1:E2,mlp_stronger,mlp,1.0,2.0,1.9948093103901194,0.8341890909989343,0.8121707382538277,0.022018352745106662,0.005005769001988596,0.009777595710805526,1190,0.04026979765740836,0.7765208212441472,True,0.05,360,paired cluster influence sandwich; asymptotic Bonferroni bounds,,,
206,1.0,validation,state_OR,mlp_base,mlp_stronger:C1:E8,mlp_stronger,mlp,1.0,8.0,7.995742559457445,0.8341890909989343,0.8110892492354895,0.023099841763444817,0.005028534575611303,0.009823520377820045,1190,0.0414342918269444,0.7752718871180148,True,0.05,360,paired cluster influence sandwich; asymptotic Bonferroni bounds,,,
206,1.0,validation,state_OR,mlp_base,mlp_stronger:C5:E2,mlp_stronger,mlp,5.0,2.0,1.9948093103901194,0.8341890909989343,0.8247106202670818,0.009478470731852595,0.003419067306104599,0.009392622031569887,1190,0.021944670942855064,0.7904643489103398,True,0.05,360,paired cluster influence sandwich; asymptotic Bonferroni bounds,,,
206,1.0,validation,state_OR,mlp_base,mlp_stronger:C5:E8,mlp_stronger,mlp,5.0,8.0,7.995742559457445,0.8341890909989343,0.8337230287532328,0.0004660622457015595,0.0014724309929610518,0.009226725623773909,1190,0.005834666578925553,0.8000816293246269,True,0.05,360,paired cluster influence sandwich; asymptotic Bonferroni bounds,,,
206,1.0,validation,state_OR,mlp_base,logistic:C1:E2,logistic,logistic,1.0,2.0,1.9948093103901194,0.8341890909989343,0.8148570536555565,0.01933203734337785,0.0044218151512991416,0.009791109469409425,1190,0.03545433855509108,0.7791578643721017,True,0.05,360,paired cluster influence sandwich; asymptotic Bonferroni bounds,,,
206,1.0,validation,state_OR,mlp_base,logistic:C1:E8,logistic,logistic,1.0,8.0,7.995742559457445,0.8341890909989343,0.8166292132307772,0.01755987776815715,0.00425733888796199,0.009738557337790579,1190,0.03308248501506963,0.7811216333353873,True,0.05,360,paired cluster influence sandwich; asymptotic Bonferroni bounds,,,
206,1.0,validation,state_OR,mlp_base,logistic:C5:E2,logistic,logistic,5.0,2.0,1.9948093103901194,0.8341890909989343,0.8059760410314463,0.02821304996748808,0.0046458281705986215,0.010056407247673555,1190,0.04515212104608063,0.76930955425915,True,0.05,360,paired cluster influence sandwich; asymptotic Bonferroni bounds,,,
206,1.0,validation,state_OR,mlp_base,logistic:C5:E8,logistic,logistic,5.0,8.0,7.995742559457445,0.8341890909989343,0.8277203716369117,0.006468719362022646,0.002119553023207153,0.009480745599418113,1190,0.014196783766592627,0.7931527945140789,True,0.05,360,paired cluster influence sandwich; asymptotic Bonferroni bounds,,,
206,1.0,validation,state_WA,mlp_base,mlp_base:C1:E2,mlp_base,mlp,1.0,2.0,1.9909995955023065,0.854469702882447,0.8290033642924921,0.02546633858995484,0.004905862634188898,0.009132811566509583,1208,0.04335271755909076,0.7957058708824863,True,0.05,360,paired cluster influence sandwich; asymptotic Bonferroni bounds,,,
206,1.0,validation,state_WA,mlp_base,mlp_base:C1:E8,mlp_base,mlp,1.0,8.0,7.998197999765249,0.854469702882447,0.8295281364119965,0.024941566470450427,0.004812133476355046,0.009150497248226546,1208,0.04248621649964601,0.7961661624347379,True,0.05,360,paired cluster influence sandwich; asymptotic Bonferroni bounds,,,
206,1.0,validation,state_WA,mlp_base,mlp_base:C5:E2,mlp_base,mlp,5.0,2.0,1.9909995955023065,0.854469702882447,0.8498155595446909,0.004654143337756045,0.003519889159672821,0.00836453668791235,1208,0.01748737494936037,0.8193191342965395,True,0.05,360,paired cluster influence sandwich; asymptotic Bonferroni bounds,,,
206,1.0,validation,state_WA,mlp_base,mlp_base:C5:E8,mlp_base,mlp,5.0,8.0,7.998197999765249,0.854469702882447,0.8562319513307235,-0.0017622484482765488,0.0011858922539306064,0.00829222573794693,1208,0.002561418937463966,0.8259991659663483,True,0.05,360,paired cluster influence sandwich; asymptotic Bonferroni bounds,,,
206,1.0,validation,state_WA,mlp_base,mlp_stronger:C1:E2,mlp_stronger,mlp,1.0,2.0,1.9948093103901194,0.854469702882447,0.8309217093399167,0.023547993542530232,0.004668683528977024,0.009059567548512417,1208,0.04056963664853461,0.7978912577043769,True,0.05,360,paired cluster influence sandwich; asymptotic Bonferroni bounds,,,
206,1.0,validation,state_WA,mlp_base,mlp_stronger:C1:E8,mlp_stronger,mlp,1.0,8.0,7.995742559457445,0.854469702882447,0.8296328854456353,0.024836817436811653,0.004722412444053564,0.009095303538055304,1208,0.042054351828063635,0.7964721432782434,True,0.05,360,paired cluster influence sandwich; asymptotic Bonferroni bounds,,,
206,1.0,validation,state_WA,mlp_base,mlp_stronger:C5:E2,mlp_stronger,mlp,5.0,2.0,1.9948093103901194,0.854469702882447,0.8413658041644929,0.013103898717954032,0.0032215468238697897,0.008786472752685211,1208,0.024849398267204663,0.8093310340995341,True,0.05,360,paired cluster influence sandwich; asymptotic Bonferroni bounds,,,
206,1.0,validation,state_WA,mlp_base,mlp_stronger:C5:E8,mlp_stronger,mlp,5.0,8.0,7.995742559457445,0.854469702882447,0.8524496896553141,0.0020200132271328552,0.001473619071713916,0.008448226152510075,1208,0.007392709353831312,0.8216481393779603,True,0.05,360,paired cluster influence sandwich; asymptotic Bonferroni bounds,,,
206,1.0,validation,state_WA,mlp_base,logistic:C1:E2,logistic,logistic,1.0,2.0,1.9948093103901194,0.854469702882447,0.8344770147757755,0.01999268810667143,0.004140618252316089,0.009039930903626843,1208,0.03508904786026887,0.8015181567616424,True,0.05,360,paired cluster influence sandwich; asymptotic Bonferroni bounds,,,
206,1.0,validation,state_WA,mlp_base,logistic:C1:E8,logistic,logistic,1.0,8.0,7.995742559457445,0.854469702882447,0.8357709734266079,0.018698729455839058,0.003999779162797293,0.009001310054223048,1208,0.033281601263148386,0.8029529239103997,True,0.05,360,paired cluster influence sandwich; asymptotic Bonferroni bounds,,,
206,1.0,validation,state_WA,mlp_base,logistic:C5:E2,logistic,logistic,5.0,2.0,1.9948093103901194,0.854469702882447,0.829386417131191,0.025083285751255957,0.004224624561195728,0.00912512966145936,1208,0.040485925722719286,0.7961169313266114,True,0.05,360,paired cluster influence sandwich; asymptotic Bonferroni bounds,,,
206,1.0,validation,state_WA,mlp_base,logistic:C5:E8,logistic,logistic,5.0,8.0,7.995742559457445,0.854469702882447,0.8484486873508353,0.0060210155316116065,0.0019736468970256928,0.008590272889405046,1208,0.013216772727389104,0.817129246142389,True,0.05,360,paired cluster influence sandwich; asymptotic Bonferroni bounds,,,
206,1.0,validation,proxy_0.5,mlp_base,mlp_base:C1:E2,mlp_base,mlp,1.0,2.0,1.9909995955023065,0.8595091509991837,0.8294014665804598,0.030107684418723912,0.004437866637935267,0.009319220540604141,1158,0.046289851494483114,0.7954200074453863,True,0.05,360,paired cluster influence sandwich; asymptotic Bonferroni bounds,,,
206,1.0,validation,proxy_0.5,mlp_base,mlp_base:C1:E8,mlp_base,mlp,1.0,8.0,7.998197999765249,0.8595091509991837,0.8311967377237321,0.02831241327545153,0.004336730300891094,0.009281420488858116,1158,0.04412579840326095,0.7973531121025362,True,0.05,360,paired cluster influence sandwich; asymptotic Bonferroni bounds,,,
206,1.0,validation,proxy_0.5,mlp_base,mlp_base:C5:E2,mlp_base,mlp,5.0,2.0,1.9909995955023065,0.8595091509991837,0.8475495238974903,0.011959627101693404,0.002860353780867056,0.008754259832411777,1158,0.0223895761186619,0.8156281285987338,True,0.05,360,paired cluster influence sandwich; asymptotic Bonferroni bounds,,,
206,1.0,validation,proxy_0.5,mlp_base,mlp_base:C5:E8,mlp_base,mlp,5.0,8.0,7.998197999765249,0.8595091509991837,0.8577648396518173,0.0017443113473664118,0.0009136741109115628,0.008435209472721904,1158,0.005075918248119412,0.8270068245641625,True,0.05,360,paired cluster influence sandwich; asymptotic Bonferroni bounds,,,
206,1.0,validation,proxy_0.5,mlp_base,mlp_stronger:C1:E2,mlp_stronger,mlp,1.0,2.0,1.9948093103901194,0.8595091509991837,0.8312583141437853,0.02825083685539842,0.004175246546245381,0.009252595024729743,1158,0.0434753901613229,0.797519797241399,True,0.05,360,paired cluster influence sandwich; asymptotic Bonferroni bounds,,,
206,1.0,validation,proxy_0.5,mlp_base,mlp_stronger:C1:E8,mlp_stronger,mlp,1.0,8.0,7.995742559457445,0.8595091509991837,0.8309706036293991,0.02853854736978456,0.004242996840245007,0.009280564988052915,1158,0.04401014428165296,0.7971300974928774,True,0.05,360,paired cluster influence sandwich; asymptotic Bonferroni bounds,,,
206,1.0,validation,proxy_0.5,mlp_base,mlp_stronger:C5:E2,mlp_stronger,mlp,5.0,2.0,1.9948093103901194,0.8595091509991837,0.8507260178422986,0.008783133156885059,0.0027470153217643237,0.008737816179175684,1158,0.01879980660003802,0.8188645824219503,True,0.05,360,paired cluster influence sandwich; asymptotic Bonferroni bounds,,,
206,1.0,validation,proxy_0.5,mlp_base,mlp_stronger:C5:E8,mlp_stronger,mlp,5.0,8.0,7.995742559457445,0.8595091509991837,0.8575047323602135,0.0020044186389701624,0.001094475493766012,0.008473531425078841,1158,0.005995296857132606,0.826606980708506,True,0.05,360,paired cluster influence sandwich; asymptotic Bonferroni bounds,,,
206,1.0,validation,proxy_0.5,mlp_base,logistic:C1:E2,logistic,logistic,1.0,2.0,1.9948093103901194,0.8595091509991837,0.8375051357919312,0.02200401520725248,0.003759976403225978,0.009125801353485114,1158,0.035714333998225226,0.8042289573371879,True,0.05,360,paired cluster influence sandwich; asymptotic Bonferroni bounds,,,
206,1.0,validation,proxy_0.5,mlp_base,logistic:C1:E8,logistic,logistic,1.0,8.0,7.995742559457445,0.8595091509991837,0.8389245784403967,0.020584572558786984,0.003599990138181463,0.009078840037727045,1158,0.033711519950392586,0.8058196389884659,True,0.05,360,paired cluster influence sandwich; asymptotic Bonferroni bounds,,,
206,1.0,validation,proxy_0.5,mlp_base,logistic:C5:E2,logistic,logistic,5.0,2.0,1.9948093103901194,0.8595091509991837,0.8361122347038334,0.023396916295350234,0.0038085710185655442,0.00919807972672107,1158,0.037284429727028306,0.8025725015262712,True,0.05,360,paired cluster influence sandwich; asymptotic Bonferroni bounds,,,
206,1.0,validation,proxy_0.5,mlp_base,logistic:C5:E8,logistic,logistic,5.0,8.0,7.995742559457445,0.8595091509991837,0.8520732674465639,0.007435883552619815,0.0017592660812066362,0.008672274558972445,1158,0.013850843707899994,0.8204508219587833,True,0.05,360,paired cluster influence sandwich; asymptotic Bonferroni bounds,,,
206,1.0,validation,proxy_0.75,mlp_base,mlp_base:C1:E2,mlp_base,mlp,1.0,2.0,1.9909995955023065,0.8603616659181946,0.8303803193268211,0.029981346591373526,0.004446523121733961,0.009311456916480549,1158,0.04619507853344071,0.796427169348586,True,0.05,360,paired cluster influence sandwich; asymptotic Bonferroni bounds,,,
206,1.0,validation,proxy_0.75,mlp_base,mlp_base:C1:E8,mlp_base,mlp,1.0,8.0,7.998197999765249,0.8603616659181946,0.8322000087056317,0.02816165721256292,0.004348283273074254,0.009271580531039396,1158,0.044017168916347243,0.7983922633517876,True,0.05,360,paired cluster influence sandwich; asymptotic Bonferroni bounds,,,
206,1.0,validation,proxy_0.75,mlp_base,mlp_base:C5:E2,mlp_base,mlp,5.0,2.0,1.9909995955023065,0.8603616659181946,0.848581459764587,0.011780206153607642,0.002953859766798408,0.008749160084148128,1158,0.022551113926296815,0.8166786601076511,True,0.05,360,paired cluster influence sandwich; asymptotic Bonferroni bounds,,,
206,1.0,validation,proxy_0.75,mlp_base,mlp_base:C5:E8,mlp_base,mlp,5.0,8.0,7.998197999765249,0.8603616659181946,0.8585196816286751,0.0018419842895195382,0.0009365110826263433,0.008441171025368295,1158,0.0052568635645782475,0.8277399284292596,True,0.05,360,paired cluster influence sandwich; asymptotic Bonferroni bounds,,,
206,1.0,validation,proxy_0.75,mlp_base,mlp_stronger:C1:E2,mlp_stronger,mlp,1.0,2.0,1.9948093103901194,0.8603616659181946,0.8322775100619054,0.028084155856289206,0.00420980311169417,0.009226371187736412,1158,0.04343471567869542,0.798634615346082,True,0.05,360,paired cluster influence sandwich; asymptotic Bonferroni bounds,,,
206,1.0,validation,proxy_0.75,mlp_base,mlp_stronger:C1:E8,mlp_stronger,mlp,1.0,8.0,7.995742559457445,0.8603616659181946,0.8318687700322427,0.02849289588595194,0.004279720791754854,0.00925712190253508,1158,0.04409840243672984,0.7981137463938606,True,0.05,360,paired cluster influence sandwich; asymptotic Bonferroni bounds,,,
206,1.0,validation,proxy_0.75,mlp_base,mlp_stronger:C5:E2,mlp_stronger,mlp,5.0,2.0,1.9948093103901194,0.8603616659181946,0.8519065864474545,0.00845507947074009,0.0028355851278563005,0.008709217182189774,1158,0.018794712461121535,0.8201494339596912,True,0.05,360,paired cluster influence sandwich; asymptotic Bonferroni bounds,,,
206,1.0,validation,proxy_0.75,mlp_base,mlp_stronger:C5:E8,mlp_stronger,mlp,5.0,8.0,7.995742559457445,0.8603616659181946,0.8586046146218518,0.0017570512963428486,0.0011375438759462962,0.008449083862395585,1158,0.005904973385577601,0.8277960081780138,True,0.05,360,paired cluster influence sandwich; asymptotic Bonferroni bounds,,,
206,1.0,validation,proxy_0.75,mlp_base,logistic:C1:E2,logistic,logistic,1.0,2.0,1.9948093103901194,0.8603616659181946,0.8386432379004989,0.021718428017695746,0.0037362932999911312,0.009101381573830085,1158,0.03534238911370245,0.8054561033460281,True,0.05,360,paired cluster influence sandwich; asymptotic Bonferroni bounds,,,
206,1.0,validation,proxy_0.75,mlp_base,logistic:C1:E8,logistic,logistic,1.0,8.0,7.995742559457445,0.8603616659181946,0.8401120478512483,0.020249618066946362,0.0035823165289857076,0.009047946113391672,1158,0.03331212068808666,0.8071197595188773,True,0.05,360,paired cluster influence sandwich; asymptotic Bonferroni bounds,,,
206,1.0,validation,proxy_0.75,mlp_base,logistic:C5:E2,logistic,logistic,5.0,2.0,1.9948093103901194,0.8603616659181946,0.8364530283389549,0.023908637579239778,0.0038172760752911003,0.009209056228870747,1158,0.03782789299278201,0.8028732706166767,True,0.05,360,paired cluster influence sandwich; asymptotic Bonferroni bounds,,,
206,1.0,validation,proxy_0.75,mlp_base,logistic:C5:E8,logistic,logistic,5.0,8.0,7.995742559457445,0.8603616659181946,0.8531009566640019,0.007260709254192754,0.001741705201336294,0.00865482992093918,1158,0.01361163569344594,0.8215421210298427,True,0.05,360,paired cluster influence sandwich; asymptotic Bonferroni bounds,,,
206,1.0,test,source,mlp_base,mlp_base:C1:E2,mlp_base,mlp,1.0,2.0,1.9909995955023065,0.8515905334241477,0.8139707164927903,0.03761981693135741,0.004556623752768135,0.00970353781664924,1164,0.05423475416293952,0.7785884509173261,True,0.05,360,paired cluster influence sandwich; asymptotic Bonferroni bounds,-1.1102230246251565e-16,0.035113421157551894,0.0025063957738056253
206,1.0,test,source,mlp_base,mlp_base:C1:E8,mlp_base,mlp,1.0,8.0,7.998197999765249,0.8515905334241477,0.8157991187122069,0.035791414711940805,0.004440798508454355,0.009685567642848841,1164,0.05198401530382624,0.7804823782548859,True,0.05,360,paired cluster influence sandwich; asymptotic Bonferroni bounds,-1.1102230246251565e-16,0.035113421157551894,0.0006779935543890225
206,1.0,test,source,mlp_base,mlp_base:C5:E2,mlp_base,mlp,5.0,2.0,1.9909995955023065,0.8515905334241477,0.8356395150840588,0.01595101834008894,0.0029825426835350236,0.00906653392168757,1164,0.0268263423005859,0.8025799735923269,True,0.05,360,paired cluster influence sandwich; asymptotic Bonferroni bounds,-1.1102230246251565e-16,0.00029279354109912337,0.015658224798989928
206,1.0,test,source,mlp_base,mlp_base:C5:E8,mlp_base,mlp,5.0,8.0,7.998197999765249,0.8515905334241477,0.8492243047710811,0.002366228653066571,0.001035351603911887,0.00880674454349919,1164,0.006141458482205639,0.8171120401330525,True,0.05,360,paired cluster influence sandwich; asymptotic Bonferroni bounds,-1.1102230246251565e-16,0.00029279354109912337,0.0020734351119675587
206,1.0,test,source,mlp_base,mlp_stronger:C1:E2,mlp_stronger,mlp,1.0,2.0,1.9948093103901194,0.8515905334241477,0.8164771122665958,0.035113421157551894,0.004374450316292364,0.009629916741904977,1164,0.05106409458844873,0.7813632931554803,True,0.05,360,paired cluster influence sandwich; asymptotic Bonferroni bounds,-0.00034886038939463404,0.036172461625357144,-0.000710180078410616
206,1.0,test,source,mlp_base,mlp_stronger:C1:E8,mlp_stronger,mlp,1.0,8.0,7.995742559457445,0.8515905334241477,0.8161552470263804,0.035435286397767274,0.004390971202328204,0.009639918831076778,1164,0.051446200370650674,0.781004957034018,True,0.05,360,paired cluster influence sandwich; asymptotic Bonferroni bounds,-0.00034886038939463404,0.036172461625357144,-0.00038831483819523616
206,1.0,test,source,mlp_base,mlp_stronger:C5:E2,mlp_stronger,mlp,5.0,2.0,1.9948093103901194,0.8515905334241477,0.8447711434314573,0.006819389992690383,0.0029696553670780774,0.00887149368071005,1164,0.017647722591680785,0.8124227823086347,True,0.05,360,paired cluster influence sandwich; asymptotic Bonferroni bounds,-0.00034886038939463404,0.00023568841783494499,0.006932561964250072
206,1.0,test,source,mlp_base,mlp_stronger:C5:E8,mlp_stronger,mlp,5.0,8.0,7.995742559457445,0.8515905334241477,0.852004805136554,-0.0004142717124062667,0.0012493075203339214,0.0087332883747603,1164,0.004141111211338902,0.8201603856617623,True,0.05,360,paired cluster influence sandwich; asymptotic Bonferroni bounds,-0.00034886038939463404,0.00023568841783494499,-0.00030109974084657765
206,1.0,test,source,mlp_base,logistic:C1:E2,logistic,logistic,1.0,2.0,1.9948093103901194,0.8515905334241477,0.8236515922984915,0.027938941125656203,0.0038636905890658837,0.00951581544551431,1164,0.04202721790746991,0.7889538237503441,True,0.05,360,paired cluster influence sandwich; asymptotic Bonferroni bounds,0.006702064921257245,0.020131113363013986,0.0011057628413849718
206,1.0,test,source,mlp_base,logistic:C1:E8,logistic,logistic,1.0,8.0,7.995742559457445,0.8515905334241477,0.8245247815469466,0.02706575187720106,0.0037238924733842944,0.009471653244173298,1164,0.04064427910689693,0.789988042796979,True,0.05,360,paired cluster influence sandwich; asymptotic Bonferroni bounds,0.006702064921257245,0.020131113363013986,0.00023257359292983004
206,1.0,test,source,mlp_base,logistic:C5:E2,logistic,logistic,5.0,2.0,1.9948093103901194,0.8515905334241477,0.8282573800584755,0.02333315336567221,0.003910529887539576,0.009520770919608913,1164,0.0375922215154673,0.7935415422345875,True,0.05,360,paired cluster influence sandwich; asymptotic Bonferroni bounds,0.006702064921257245,0.0,0.016631088444414965
206,1.0,test,source,mlp_base,logistic:C5:E8,logistic,logistic,5.0,8.0,7.995742559457445,0.8515905334241477,0.8431493579307594,0.008441175493388298,0.001829936298272562,0.009024184478058894,1164,0.015113720426491853,0.8102442363310047,True,0.05,360,paired cluster influence sandwich; asymptotic Bonferroni bounds,0.006702064921257245,0.0,0.001739110572131053
206,1.0,test,state_CO,mlp_base,mlp_base:C1:E2,mlp_base,mlp,1.0,2.0,1.9909995955023065,0.8372800880060763,0.8131083440657817,0.024171743940294643,0.005053640472351124,0.009900747137815493,1176,0.042598389910269444,0.7770081182295953,True,0.05,360,paired cluster influence sandwich; asymptotic Bonferroni bounds,2.220446049250313e-16,0.02132454923717053,0.0028471947031238898
206,1.0,test,state_CO,mlp_base,mlp_base:C1:E8,mlp_base,mlp,1.0,8.0,7.998197999765249,0.8372800880060763,0.8153425508552936,0.021937537150782727,0.004914940454783744,0.009851872303548906,1176,0.03985845341289124,0.7794205330401959,True,0.05,360,paired cluster influence sandwich; asymptotic Bonferroni bounds,2.220446049250313e-16,0.02132454923717053,0.0006129879136119731
206,1.0,test,state_CO,mlp_base,mlp_base:C5:E2,mlp_base,mlp,5.0,2.0,1.9909995955023065,0.8372800880060763,0.814212547883231,0.023067540122845287,0.004007454964845148,0.009956977318152808,1176,0.03767957164384992,0.7779072948727587,True,0.05,360,paired cluster influence sandwich; asymptotic Bonferroni bounds,2.220446049250313e-16,-7.842943002467351e-05,0.02314596955286974
206,1.0,test,state_CO,mlp_base,mlp_base:C5:E8,mlp_base,mlp,5.0,8.0,7.998197999765249,0.8372800880060763,0.8341398149065451,0.0031402730995312433,0.0012847233525808215,0.009505549420916285,1176,0.007824647169448482,0.7994805638403855,True,0.05,360,paired cluster influence sandwich; asymptotic Bonferroni bounds,2.220446049250313e-16,-7.842943002467351e-05,0.003218702529555695
206,1.0,test,state_CO,mlp_base,mlp_stronger:C1:E2,mlp_stronger,mlp,1.0,2.0,1.9948093103901194,0.8372800880060763,0.8156232456574865,0.02165684234858989,0.004937173436193637,0.009868673078093063,1176,0.039658824780628474,0.7796399686518626,True,0.05,360,paired cluster influence sandwich; asymptotic Bonferroni bounds,-0.0010123588270258832,0.02302006967835679,-0.00035086850274101966
206,1.0,test,state_CO,mlp_base,mlp_stronger:C1:E8,mlp_stronger,mlp,1.0,8.0,7.995742559457445,0.8372800880060763,0.8155541039231226,0.021725984082953786,0.004904844083482709,0.009863054440050536,1176,0.0396100868319991,0.7795913136645496,True,0.05,360,paired cluster influence sandwich; asymptotic Bonferroni bounds,-0.0010123588270258832,0.02302006967835679,-0.00028172676837712185
206,1.0,test,state_CO,mlp_base,mlp_stronger:C5:E2,mlp_stronger,mlp,5.0,2.0,1.9948093103901194,0.8372800880060763,0.8257055552803647,0.011574532725711628,0.0034340351657962554,0.009737214613842774,1176,0.024095753931448166,0.790201603741946,True,0.05,360,paired cluster influence sandwich; asymptotic Bonferroni bounds,-0.0010123588270258832,-1.9607357506168377e-05,0.01260649891024368
206,1.0,test,state_CO,mlp_base,mlp_stronger:C5:E8,mlp_stronger,mlp,5.0,8.0,7.995742559457445,0.8372800880060763,0.8361077744204477,0.001172313585628637,0.0015276363451466352,0.00949332490365688,1176,0.006742399993019489,0.8014930965392871,True,0.05,360,paired cluster influence sandwich; asymptotic Bonferroni bounds,-0.0010123588270258832,-1.9607357506168377e-05,0.0022042797701606887
206,1.0,test,state_CO,mlp_base,logistic:C1:E2,logistic,logistic,1.0,2.0,1.9948093103901194,0.8372800880060763,0.8201350018162605,0.017145086189815806,0.004109466133987856,0.009763973351967785,1176,0.032129072088869295,0.784533482238182,True,0.05,360,paired cluster influence sandwich; asymptotic Bonferroni bounds,0.0012445512185458307,0.013935671355921109,0.0019648636153488663
206,1.0,test,state_CO,mlp_base,logistic:C1:E8,logistic,logistic,1.0,8.0,7.995742559457445,0.8372800880060763,0.8217840837791426,0.015496004226933757,0.004055202695549565,0.009724969084882693,1176,0.03028213411017322,0.786324782038844,True,0.05,360,paired cluster influence sandwich; asymptotic Bonferroni bounds,0.0012445512185458307,0.013935671355921109,0.0003157816524668178
206,1.0,test,state_CO,mlp_base,logistic:C5:E2,logistic,logistic,5.0,2.0,1.9948093103901194,0.8372800880060763,0.8124850364903243,0.02479505151575201,0.004113930995008773,0.009942980153091164,1176,0.039795317245907,0.776230820115043,True,0.05,360,paired cluster influence sandwich; asymptotic Bonferroni bounds,0.0012445512185458307,0.0,0.02355050029720618
206,1.0,test,state_CO,mlp_base,logistic:C5:E8,logistic,logistic,5.0,8.0,7.995742559457445,0.8372800880060763,0.8322348053298988,0.005045282676177543,0.001850789525651347,0.009519417522403612,1176,0.01179365417998749,0.7975249882217381,True,0.05,360,paired cluster influence sandwich; asymptotic Bonferroni bounds,0.0012445512185458307,0.0,0.003800731457631712
206,1.0,test,state_UT,mlp_base,mlp_base:C1:E2,mlp_base,mlp,1.0,2.0,1.9909995955023065,0.8760678911467539,0.8556897848600731,0.020378106286680797,0.004484641420377397,0.00896991128103091,1114,0.036732822842035516,0.8229780599356767,True,0.05,360,paired cluster influence sandwich; asymptotic Bonferroni bounds,-1.1102230246251565e-16,0.02068869108685978,-0.00031058480017887025
206,1.0,test,state_UT,mlp_base,mlp_base:C1:E8,mlp_base,mlp,1.0,8.0,7.998197999765249,0.8760678911467539,0.8555669547131098,0.020500936433644035,0.004363708772127004,0.008966960003789047,1114,0.036414632403621125,0.822865992589625,True,0.05,360,paired cluster influence sandwich; asymptotic Bonferroni bounds,-1.1102230246251565e-16,0.02068869108685978,-0.00018775465321563267
206,1.0,test,state_UT,mlp_base,mlp_base:C5:E2,mlp_base,mlp,5.0,2.0,1.9909995955023065,0.8760678911467539,0.8675774034642779,0.008490487682475956,0.0031746694463499823,0.008337480862899855,1114,0.02006796157282538,0.83717204358894,True,0.05,360,paired cluster influence sandwich; asymptotic Bonferroni bounds,-1.1102230246251565e-16,-0.00012984901250401304,0.00862033669498008
206,1.0,test,state_UT,mlp_base,mlp_base:C5:E8,mlp_base,mlp,5.0,8.0,7.998197999765249,0.8760678911467539,0.8752443442566379,0.0008235468901159892,0.001071004354383162,0.008042150777546327,1114,0.004729315713883681,0.8459160024488491,True,0.05,360,paired cluster influence sandwich; asymptotic Bonferroni bounds,-1.1102230246251565e-16,-0.00012984901250401304,0.0009533959026201133
206,1.0,test,state_UT,mlp_base,mlp_stronger:C1:E2,mlp_stronger,mlp,1.0,2.0,1.9948093103901194,0.8760678911467539,0.858885708302967,0.01718218284378692,0.004268575534239879,0.008880040004223369,1114,0.03274894424424248,0.8265017284803254,True,0.05,360,paired cluster influence sandwich; asymptotic Bonferroni bounds,0.000705395986846491,0.019457465089917636,-0.0029806782329772075
206,1.0,test,state_UT,mlp_base,mlp_stronger:C1:E8,mlp_stronger,mlp,1.0,8.0,7.995742559457445,0.8760678911467539,0.8570081617708131,0.019059729375940804,0.004288564678012235,0.008915944189050434,1114,0.034699387748514506,0.8244932455563946,True,0.05,360,paired cluster influence sandwich; asymptotic Bonferroni bounds,0.000705395986846491,0.019457465089917636,-0.0011031317008233232
206,1.0,test,state_UT,mlp_base,mlp_stronger:C5:E2,mlp_stronger,mlp,5.0,2.0,1.9948093103901194,0.8760678911467539,0.8657372908816748,0.010330600265079037,0.003117303206899194,0.008468038879467215,1114,0.021698869338784434,0.8348558083568679,True,0.05,360,paired cluster influence sandwich; asymptotic Bonferroni bounds,0.000705395986846491,-0.00017079239482520325,0.00979599667305775
206,1.0,test,state_UT,mlp_base,mlp_stronger:C5:E8,mlp_stronger,mlp,5.0,8.0,7.995742559457445,0.8760678911467539,0.8753461178069787,0.0007217733397751891,0.0015248916111269613,0.008099816550674517,1114,0.006282790986425952,0.8458074788347005,True,0.05,360,paired cluster influence sandwich; asymptotic Bonferroni bounds,0.000705395986846491,-0.00017079239482520325,0.00018716974775390138
206,1.0,test,state_UT,mlp_base,logistic:C1:E2,logistic,logistic,1.0,2.0,1.9948093103901194,0.8760678911467539,0.8589477082819104,0.017120182864843514,0.003618303727925529,0.008785765793850124,1114,0.030315514739654915,0.8269075303030747,True,0.05,360,paired cluster influence sandwich; asymptotic Bonferroni bounds,0.004580979576271016,0.012170712847682452,0.0003684904408900458
206,1.0,test,state_UT,mlp_base,logistic:C1:E8,logistic,logistic,1.0,8.0,7.995742559457445,0.8760678911467539,0.8594249911386823,0.01664290000807156,0.003504483582384492,0.008786618766014859,1114,0.02942314937257242,0.8273817025169489,True,0.05,360,paired cluster influence sandwich; asymptotic Bonferroni bounds,0.004580979576271016,0.012170712847682452,-0.00010879241588190869
206,1.0,test,state_UT,mlp_base,logistic:C5:E2,logistic,logistic,5.0,2.0,1.9948093103901194,0.8760678911467539,0.8574000484301723,0.018667842716581617,0.0035197956058138392,0.00848139839369612,1114,0.03150393239909276,0.826469846052862,True,0.05,360,paired cluster influence sandwich; asymptotic Bonferroni bounds,0.004580979576271016,1.1102230246251565e-16,0.01408686314031049
206,1.0,test,state_UT,mlp_base,logistic:C5:E8,logistic,logistic,5.0,8.0,7.995742559457445,0.8760678911467539,0.8704633270124551,0.005604564134298773,0.0016406144718774786,0.00823621146377012,1114,0.011587603166639326,0.840427279232165,True,0.05,360,paired cluster influence sandwich; asymptotic Bonferroni bounds,0.004580979576271016,1.1102230246251565e-16,0.001023584558027646
207,1.0,validation,source,mlp_stronger,mlp_base:C1:E2,mlp_base,mlp,1.0,2.0,1.9909995955023065,0.8412271287486012,0.8036454242895479,0.03758170445905329,0.0047898162067782045,0.010188491449067286,1175,0.055046436250635405,0.7664959256789371,True,0.05,360,paired cluster influence sandwich; asymptotic Bonferroni bounds,,,
207,1.0,validation,source,mlp_stronger,mlp_base:C1:E8,mlp_base,mlp,1.0,8.0,7.998197999765249,0.8412271287486012,0.8037726678702658,0.03745446087833537,0.004743631855992951,0.010194387887654015,1175,0.054750794287889516,0.7666016695373281,True,0.05,360,paired cluster influence sandwich; asymptotic Bonferroni bounds,,,
207,1.0,validation,source,mlp_stronger,mlp_base:C5:E2,mlp_base,mlp,5.0,2.0,1.9909995955023065,0.8412271287486012,0.8316212813845768,0.009605847364024367,0.00307257176111326,0.009597242734017467,1175,0.02080912519382796,0.7966276066688056,True,0.05,360,paired cluster influence sandwich; asymptotic Bonferroni bounds,,,
207,1.0,validation,source,mlp_stronger,mlp_base:C5:E8,mlp_base,mlp,5.0,8.0,7.998197999765249,0.8412271287486012,0.8396720453154024,0.0015550834331987673,0.001353562883355649,0.009408507341357645,1175,0.006490473790639596,0.8053665416838824,True,0.05,360,paired cluster influence sandwich; asymptotic Bonferroni bounds,,,
207,1.0,validation,source,mlp_stronger,mlp_stronger:C1:E2,mlp_stronger,mlp,1.0,2.0,1.9948093103901194,0.8412271287486012,0.8029747880403549,0.038252340708246235,0.0048470862477572796,0.010209667558460998,1175,0.05592589176599916,0.7657480766401538,True,0.05,360,paired cluster influence sandwich; asymptotic Bonferroni bounds,,,
207,1.0,validation,source,mlp_stronger,mlp_stronger:C1:E8,mlp_stronger,mlp,1.0,8.0,7.995742559457445,0.8412271287486012,0.8049136881760467,0.03631344057255448,0.004699515159532569,0.010142514397387583,1175,0.05344891472614785,0.7679318320889669,True,0.05,360,paired cluster influence sandwich; asymptotic Bonferroni bounds,,,
207,1.0,validation,source,mlp_stronger,mlp_stronger:C5:E2,mlp_stronger,mlp,5.0,2.0,1.9948093103901194,0.8412271287486012,0.8302205590165114,0.0110065697320898,0.0032632566290216177,0.00973243293105879,1175,0.02290512686509922,0.7947339508706773,True,0.05,360,paired cluster influence sandwich; asymptotic Bonferroni bounds,,,
207,1.0,validation,source,mlp_stronger,mlp_stronger:C5:E8,mlp_stronger,mlp,5.0,8.0,7.995742559457445,0.8412271287486012,0.8404793119668417,0.0007478167817595027,0.0009923912261186978,0.009419219075370019,1175,0.004366295205202054,0.8061347509783225,True,0.05,360,paired cluster influence sandwich; asymptotic Bonferroni bounds,,,
207,1.0,validation,source,mlp_stronger,logistic:C1:E2,logistic,logistic,1.0,2.0,1.9948093103901194,0.8412271287486012,0.8120497584979417,0.029177370250659473,0.004087114184676071,0.009962285708122333,1175,0.044079894680704626,0.7757250561686013,True,0.05,360,paired cluster influence sandwich; asymptotic Bonferroni bounds,,,
207,1.0,validation,source,mlp_stronger,logistic:C1:E8,logistic,logistic,1.0,8.0,7.995742559457445,0.8412271287486012,0.8135641657045174,0.027662963044083777,0.003911172059492591,0.009946112655484575,1175,0.04192396347936227,0.7772984339106581,True,0.05,360,paired cluster influence sandwich; asymptotic Bonferroni bounds,,,
207,1.0,validation,source,mlp_stronger,logistic:C5:E2,logistic,logistic,5.0,2.0,1.9948093103901194,0.8412271287486012,0.8144183664635984,0.02680876228500273,0.004502884875899585,0.009848736533334734,1175,0.04322727883156034,0.7785076895993719,True,0.05,360,paired cluster influence sandwich; asymptotic Bonferroni bounds,,,
207,1.0,validation,source,mlp_stronger,logistic:C5:E8,logistic,logistic,5.0,8.0,7.995742559457445,0.8412271287486012,0.8314460607160475,0.00978106803255363,0.0021774096165610986,0.009508377086719668,1175,0.017720386225981787,0.7967764098518273,True,0.05,360,paired cluster influence sandwich; asymptotic Bonferroni bounds,,,
207,1.0,validation,state_OR,mlp_stronger,mlp_base:C1:E2,mlp_base,mlp,1.0,2.0,1.9909995955023065,0.8330589327929753,0.8052122771467677,0.027846655646207585,0.0054594155543806885,0.010449326134771775,1219,0.04775071337629544,0.7671158932838238,True,0.05,360,paired cluster influence sandwich; asymptotic Bonferroni bounds,,,
207,1.0,validation,state_OR,mlp_stronger,mlp_base:C1:E8,mlp_base,mlp,1.0,8.0,7.998197999765249,0.8330589327929753,0.806048809968183,0.027010122824792315,0.005454735819791422,0.010416054209455404,1219,0.04689711907522205,0.7680737296249458,True,0.05,360,paired cluster influence sandwich; asymptotic Bonferroni bounds,,,
207,1.0,validation,state_OR,mlp_stronger,mlp_base:C5:E2,mlp_base,mlp,5.0,2.0,1.9909995955023065,0.8330589327929753,0.8134698448248281,0.01958908796814718,0.003719227165499956,0.010220374237207558,1219,0.03314872846007155,0.7762081788435217,True,0.05,360,paired cluster influence sandwich; asymptotic Bonferroni bounds,,,
207,1.0,validation,state_OR,mlp_stronger,mlp_base:C5:E8,mlp_base,mlp,5.0,8.0,7.998197999765249,0.8330589327929753,0.8299016601788158,0.0031572726141594343,0.0014943146978847162,0.009818458938051482,1219,0.00860527812268867,0.7941053058663728,True,0.05,360,paired cluster influence sandwich; asymptotic Bonferroni bounds,,,
207,1.0,validation,state_OR,mlp_stronger,mlp_stronger:C1:E2,mlp_stronger,mlp,1.0,2.0,1.9948093103901194,0.8330589327929753,0.8044690627277414,0.028589870065233836,0.005668125909730051,0.010418754335874759,1219,0.0492548486155746,0.7664841382040066,True,0.05,360,paired cluster influence sandwich; asymptotic Bonferroni bounds,,,
207,1.0,validation,state_OR,mlp_stronger,mlp_stronger:C1:E8,mlp_stronger,mlp,1.0,8.0,7.995742559457445,0.8330589327929753,0.8060310350343944,0.027027897758580832,0.005527692851405869,0.010389424104182332,1219,0.04718088236520093,0.7681530433167499,True,0.05,360,paired cluster influence sandwich; asymptotic Bonferroni bounds,,,
207,1.0,validation,state_OR,mlp_stronger,mlp_stronger:C5:E2,mlp_stronger,mlp,5.0,2.0,1.9948093103901194,0.8330589327929753,0.8227861319966582,0.010272800796317094,0.0034721828869474954,0.009954983022243742,1219,0.022931761804656364,0.7864920351646647,True,0.05,360,paired cluster influence sandwich; asymptotic Bonferroni bounds,,,
207,1.0,validation,state_OR,mlp_stronger,mlp_stronger:C5:E8,mlp_stronger,mlp,5.0,8.0,7.995742559457445,0.8330589327929753,0.8324868021116621,0.0005721306813131211,0.0011434469416364602,0.009674153174942489,1219,0.0047409347796496665,0.7972165609355237,True,0.05,360,paired cluster influence sandwich; asymptotic Bonferroni bounds,,,
207,1.0,validation,state_OR,mlp_stronger,logistic:C1:E2,logistic,logistic,1.0,2.0,1.9948093103901194,0.8330589327929753,0.8163316091647559,0.01672732362821938,0.004716254724320758,0.010207485296111289,1219,0.03392194920079659,0.779116933969387,True,0.05,360,paired cluster influence sandwich; asymptotic Bonferroni bounds,,,
207,1.0,validation,state_OR,mlp_stronger,logistic:C1:E8,logistic,logistic,1.0,8.0,7.995742559457445,0.8330589327929753,0.8162571766295169,0.01680175616345836,0.004540726406052006,0.010185910767621893,1219,0.03335643671897544,0.7791211583263145,True,0.05,360,paired cluster influence sandwich; asymptotic Bonferroni bounds,,,
207,1.0,validation,state_OR,mlp_stronger,logistic:C5:E2,logistic,logistic,5.0,2.0,1.9948093103901194,0.8330589327929753,0.8135065056257664,0.01955242716720884,0.005121792195404698,0.010252232445270536,1219,0.0382255702030137,0.7761286902863197,True,0.05,360,paired cluster influence sandwich; asymptotic Bonferroni bounds,,,
207,1.0,validation,state_OR,mlp_stronger,logistic:C5:E8,logistic,logistic,5.0,8.0,7.995742559457445,0.8330589327929753,0.8305526671288148,0.0025062656641604564,0.0025626918348119385,0.009768657772725014,1219,0.011849384120053102,0.7949378790041459,True,0.05,360,paired cluster influence sandwich; asymptotic Bonferroni bounds,,,
207,1.0,validation,state_WA,mlp_stronger,mlp_base:C1:E2,mlp_base,mlp,1.0,2.0,1.9909995955023065,0.8547068083187502,0.8230553866266203,0.03165142169212998,0.004802643093710085,0.009016044618562341,1175,0.049162923157185,0.7901808890913498,True,0.05,360,paired cluster influence sandwich; asymptotic Bonferroni bounds,,,
207,1.0,validation,state_WA,mlp_stronger,mlp_base:C1:E8,mlp_base,mlp,1.0,8.0,7.998197999765249,0.8547068083187502,0.8236262974776496,0.03108051084110064,0.004760612592503997,0.008992054727701192,1175,0.048438759780601276,0.7908392724030148,True,0.05,360,paired cluster influence sandwich; asymptotic Bonferroni bounds,,,
207,1.0,validation,state_WA,mlp_stronger,mlp_base:C5:E2,mlp_base,mlp,5.0,2.0,1.9909995955023065,0.8547068083187502,0.8400658409144502,0.014640967404299987,0.003134521700936785,0.008650189147331882,1175,0.026070128448994256,0.8085253335373994,True,0.05,360,paired cluster influence sandwich; asymptotic Bonferroni bounds,,,
207,1.0,validation,state_WA,mlp_stronger,mlp_base:C5:E8,mlp_base,mlp,5.0,8.0,7.998197999765249,0.8547068083187502,0.8512068765798302,0.003499931738920048,0.0015152841456644943,0.008376277799804837,1175,0.009024993672323053,0.8206651107019752,True,0.05,360,paired cluster influence sandwich; asymptotic Bonferroni bounds,,,
207,1.0,validation,state_WA,mlp_stronger,mlp_stronger:C1:E2,mlp_stronger,mlp,1.0,2.0,1.9948093103901194,0.8547068083187502,0.8227099441913958,0.031996864127354474,0.004959382961758086,0.009025569893316548,1175,0.05007987390052213,0.7898007153926192,True,0.05,360,paired cluster influence sandwich; asymptotic Bonferroni bounds,,,
207,1.0,validation,state_WA,mlp_stronger,mlp_stronger:C1:E8,mlp_stronger,mlp,1.0,8.0,7.995742559457445,0.8547068083187502,0.8249092955042838,0.02979751281446641,0.004816994779733112,0.008965259984480438,1175,0.04736134370852843,0.7922199700038232,True,0.05,360,paired cluster influence sandwich; asymptotic Bonferroni bounds,,,
207,1.0,validation,state_WA,mlp_stronger,mlp_stronger:C5:E2,mlp_stronger,mlp,5.0,2.0,1.9948093103901194,0.8547068083187502,0.8339326863010356,0.02077412201771467,0.004071475237241409,0.008884667074058005,1175,0.03561962337826031,0.8015372204194136,True,0.05,360,paired cluster influence sandwich; asymptotic Bonferroni bounds,,,
207,1.0,validation,state_WA,mlp_stronger,mlp_stronger:C5:E8,mlp_stronger,mlp,5.0,8.0,7.995742559457445,0.8547068083187502,0.851448893136245,0.0032579151825051778,0.0012365845047062154,0.008344810328318426,1175,0.007766776437297894,0.8210218646357642,True,0.05,360,paired cluster influence sandwich; asymptotic Bonferroni bounds,,,
207,1.0,validation,state_WA,mlp_stronger,logistic:C1:E2,logistic,logistic,1.0,2.0,1.9948093103901194,0.8547068083187502,0.8324950665855809,0.02221174173316931,0.00402585730094663,0.008808691303299004,1175,0.03689090998449327,0.8003766252079653,True,0.05,360,paired cluster influence sandwich; asymptotic Bonferroni bounds,,,
207,1.0,validation,state_WA,mlp_stronger,logistic:C1:E8,logistic,logistic,1.0,8.0,7.995742559457445,0.8547068083187502,0.8329759969220459,0.021730811396704297,0.003882792090226644,0.008748680818795594,1175,0.03588833217220342,0.8010763670752469,True,0.05,360,paired cluster influence sandwich; asymptotic Bonferroni bounds,,,
207,1.0,validation,state_WA,mlp_stronger,logistic:C5:E2,logistic,logistic,5.0,2.0,1.9948093103901194,0.8547068083187502,0.8292392199206516,0.025467588398098595,0.004623880586819048,0.009113467335328784,1175,0.042327282131402924,0.7960094975614463,True,0.05,360,paired cluster influence sandwich; asymptotic Bonferroni bounds,,,
207,1.0,validation,state_WA,mlp_stronger,logistic:C5:E8,logistic,logistic,5.0,8.0,7.995742559457445,0.8547068083187502,0.8480420446882538,0.006664763630496395,0.002206637028398088,0.008444752835558567,1175,0.014710651447195855,0.8172506036491337,True,0.05,360,paired cluster influence sandwich; asymptotic Bonferroni bounds,,,
207,1.0,validation,proxy_0.5,mlp_stronger,mlp_base:C1:E2,mlp_base,mlp,1.0,2.0,1.9909995955023065,0.838619678324056,0.8007271657743972,0.03789251254965886,0.004885621240358615,0.010290935994578828,1175,0.05570657073363941,0.7632041316389081,True,0.05,360,paired cluster influence sandwich; asymptotic Bonferroni bounds,,,
207,1.0,validation,proxy_0.5,mlp_stronger,mlp_base:C1:E8,mlp_base,mlp,1.0,8.0,7.998197999765249,0.838619678324056,0.8008669251171527,0.0377527532069033,0.004830129985610287,0.010288771415855782,1175,0.05536447797366704,0.7633517835155746,True,0.05,360,paired cluster influence sandwich; asymptotic Bonferroni bounds,,,
207,1.0,validation,proxy_0.5,mlp_stronger,mlp_base:C5:E2,mlp_base,mlp,5.0,2.0,1.9909995955023065,0.838619678324056,0.8289522951300126,0.009667383194043477,0.0031377120948331777,0.009741930758542528,1175,0.02110817712219393,0.7934310557995057,True,0.05,360,paired cluster influence sandwich; asymptotic Bonferroni bounds,,,
207,1.0,validation,proxy_0.5,mlp_stronger,mlp_base:C5:E8,mlp_base,mlp,5.0,8.0,7.998197999765249,0.838619678324056,0.8371542911854617,0.0014653871385943429,0.0013733476255928672,0.009536766447118317,1175,0.00647291705250701,0.8023811264193103,True,0.05,360,paired cluster influence sandwich; asymptotic Bonferroni bounds,,,
207,1.0,validation,proxy_0.5,mlp_stronger,mlp_stronger:C1:E2,mlp_stronger,mlp,1.0,2.0,1.9948093103901194,0.838619678324056,0.7999803919728075,0.03863928635124858,0.004933752271031553,0.010296447947810374,1175,0.05662884094370629,0.7624372600338367,True,0.05,360,paired cluster influence sandwich; asymptotic Bonferroni bounds,,,
207,1.0,validation,proxy_0.5,mlp_stronger,mlp_stronger:C1:E8,mlp_stronger,mlp,1.0,8.0,7.995742559457445,0.838619678324056,0.8017096530943657,0.036910025229690335,0.004791859383877184,0.010234954624968458,1175,0.05438220689794744,0.7643907394435389,True,0.05,360,paired cluster influence sandwich; asymptotic Bonferroni bounds,,,
207,1.0,validation,proxy_0.5,mlp_stronger,mlp_stronger:C5:E2,mlp_stronger,mlp,5.0,2.0,1.9948093103901194,0.838619678324056,0.8285924669714254,0.010027211352630627,0.0030207765587414023,0.009813982367501157,1175,0.021041632391596378,0.7928085115008224,True,0.05,360,paired cluster influence sandwich; asymptotic Bonferroni bounds,,,
207,1.0,validation,proxy_0.5,mlp_stronger,mlp_stronger:C5:E8,mlp_stronger,mlp,5.0,8.0,7.995742559457445,0.838619678324056,0.8378374431966925,0.0007822351273635286,0.0009292287758053384,0.009552783729432558,1175,0.004170409253856041,0.8030058758681938,True,0.05,360,paired cluster influence sandwich; asymptotic Bonferroni bounds,,,
207,1.0,validation,proxy_0.5,mlp_stronger,logistic:C1:E2,logistic,logistic,1.0,2.0,1.9948093103901194,0.838619678324056,0.8090856088553188,0.029534069468737267,0.004179496089130369,0.010077127353110867,1175,0.04477343880347974,0.7723421684279715,True,0.05,360,paired cluster influence sandwich; asymptotic Bonferroni bounds,,,
207,1.0,validation,proxy_0.5,mlp_stronger,logistic:C1:E8,logistic,logistic,1.0,8.0,7.995742559457445,0.838619678324056,0.8104675575803277,0.028152120743728304,0.003991718164830563,0.010053943735425482,1175,0.04270681013613077,0.7738086497628667,True,0.05,360,paired cluster influence sandwich; asymptotic Bonferroni bounds,,,
207,1.0,validation,proxy_0.5,mlp_stronger,logistic:C5:E2,logistic,logistic,5.0,2.0,1.9948093103901194,0.838619678324056,0.8131626183391375,0.02545705998491854,0.004467615530310571,0.009978361972576013,1175,0.04174697667824899,0.7767792983854932,True,0.05,360,paired cluster influence sandwich; asymptotic Bonferroni bounds,,,
207,1.0,validation,proxy_0.5,mlp_stronger,logistic:C5:E8,logistic,logistic,5.0,8.0,7.995742559457445,0.838619678324056,0.8287395271753698,0.009880151148686234,0.002227925133636982,0.00964762706559243,1175,0.018003660116657036,0.7935621400164762,True,0.05,360,paired cluster influence sandwich; asymptotic Bonferroni bounds,,,
207,1.0,validation,proxy_0.75,mlp_stronger,mlp_base:C1:E2,mlp_base,mlp,1.0,2.0,1.9909995955023065,0.8402728018932176,0.8023333552359168,0.03793944665730087,0.004856201349175339,0.010227793739197558,1175,0.05564623339564091,0.7650405517621781,True,0.05,360,paired cluster influence sandwich; asymptotic Bonferroni bounds,,,
207,1.0,validation,proxy_0.75,mlp_stronger,mlp_base:C1:E8,mlp_base,mlp,1.0,8.0,7.998197999765249,0.8402728018932176,0.8026107879610885,0.03766201393212909,0.004797002314353324,0.010231414288097769,1175,0.05515294786508926,0.7653047831633845,True,0.05,360,paired cluster influence sandwich; asymptotic Bonferroni bounds,,,
207,1.0,validation,proxy_0.75,mlp_stronger,mlp_base:C5:E2,mlp_base,mlp,5.0,2.0,1.9909995955023065,0.8402728018932176,0.8307785534073641,0.009494248485853563,0.0031149146374320836,0.00961888405117542,1175,0.0208519178301261,0.7957059696513576,True,0.05,360,paired cluster influence sandwich; asymptotic Bonferroni bounds,,,
207,1.0,validation,proxy_0.75,mlp_stronger,mlp_base:C5:E8,mlp_base,mlp,5.0,8.0,7.998197999765249,0.8402728018932176,0.8388011568736043,0.0014716450196132769,0.0013588067877865599,0.009454157785622303,1175,0.00642615581518218,0.8043292016015976,True,0.05,360,paired cluster influence sandwich; asymptotic Bonferroni bounds,,,
207,1.0,validation,proxy_0.75,mlp_stronger,mlp_stronger:C1:E2,mlp_stronger,mlp,1.0,2.0,1.9948093103901194,0.8402728018932176,0.8016940083918186,0.038578793501399034,0.004903649633868723,0.010252232802731067,1175,0.05645858720501008,0.7643120946742993,True,0.05,360,paired cluster influence sandwich; asymptotic Bonferroni bounds,,,
207,1.0,validation,proxy_0.75,mlp_stronger,mlp_stronger:C1:E8,mlp_stronger,mlp,1.0,8.0,7.995742559457445,0.8402728018932176,0.8037205188617748,0.03655228303144287,0.004755985299188847,0.010177160534563823,1175,0.0538936598336461,0.7666123352775059,True,0.05,360,paired cluster influence sandwich; asymptotic Bonferroni bounds,,,
207,1.0,validation,proxy_0.75,mlp_stronger,mlp_stronger:C5:E2,mlp_stronger,mlp,5.0,2.0,1.9948093103901194,0.8402728018932176,0.8298586448975845,0.010414156995633084,0.003186744895788574,0.009795913790746315,1175,0.0220337353866329,0.7941405714636309,True,0.05,360,paired cluster influence sandwich; asymptotic Bonferroni bounds,,,
207,1.0,validation,proxy_0.75,mlp_stronger,mlp_stronger:C5:E8,mlp_stronger,mlp,5.0,8.0,7.995742559457445,0.8402728018932176,0.8395927788224962,0.0006800230707214583,0.0009854865389782145,0.009484576322507135,1175,0.00427332547408151,0.8050099108212214,True,0.05,360,paired cluster influence sandwich; asymptotic Bonferroni bounds,,,
207,1.0,validation,proxy_0.75,mlp_stronger,logistic:C1:E2,logistic,logistic,1.0,2.0,1.9948093103901194,0.8402728018932176,0.8111110763451054,0.02916172554811225,0.004147715810718998,0.010006008424298048,1175,0.04428521694208301,0.7746269512992675,True,0.05,360,paired cluster influence sandwich; asymptotic Bonferroni bounds,,,
207,1.0,validation,proxy_0.75,mlp_stronger,logistic:C1:E8,logistic,logistic,1.0,8.0,7.995742559457445,0.8402728018932176,0.8124200164582271,0.02785278543499048,0.003962648022144968,0.009987064523570312,1175,0.04230147864231418,0.7760049650743032,True,0.05,360,paired cluster influence sandwich; asymptotic Bonferroni bounds,,,
207,1.0,validation,proxy_0.75,mlp_stronger,logistic:C5:E2,logistic,logistic,5.0,2.0,1.9948093103901194,0.8402728018932176,0.8154769913359637,0.024795810557253883,0.004466168073126433,0.00989046357197844,1175,0.04108044950078989,0.7794141684379629,True,0.05,360,paired cluster influence sandwich; asymptotic Bonferroni bounds,,,
207,1.0,validation,proxy_0.75,mlp_stronger,logistic:C5:E8,logistic,logistic,5.0,8.0,7.995742559457445,0.8402728018932176,0.8307806393677036,0.009492162525513992,0.0022099468695239294,0.0095643052162529,1175,0.017550118756749642,0.7959070621439458,True,0.05,360,paired cluster influence sandwich; asymptotic Bonferroni bounds,,,
207,1.0,test,source,mlp_stronger,mlp_base:C1:E2,mlp_base,mlp,1.0,2.0,1.9909995955023065,0.8581027834920923,0.8202231449824313,0.03787963850966103,0.004586384943420429,0.009674020132041338,1156,0.05460344956009835,0.7849477621303044,True,0.05,360,paired cluster influence sandwich; asymptotic Bonferroni bounds,0.0001627592430253344,0.03582454553601877,0.0018923337306169241
207,1.0,test,source,mlp_stronger,mlp_base:C1:E8,mlp_base,mlp,1.0,8.0,7.998197999765249,0.8581027834920923,0.8215015261254337,0.036601257366658646,0.00453254491110431,0.009641221394133814,1156,0.053128745923778885,0.7863457407127334,True,0.05,360,paired cluster influence sandwich; asymptotic Bonferroni bounds,0.0001627592430253344,0.03582454553601877,0.0006139525876145413
207,1.0,test,source,mlp_stronger,mlp_base:C5:E2,mlp_base,mlp,5.0,2.0,1.9909995955023065,0.8581027834920923,0.8459154125792292,0.012187370912863149,0.00295460471254536,0.009131421741589594,1156,0.022961052483623245,0.8126185625083954,True,0.05,360,paired cluster influence sandwich; asymptotic Bonferroni bounds,0.0001627592430253344,0.00014936765973849742,0.011875244010099317
207,1.0,test,source,mlp_stronger,mlp_base:C5:E8,mlp_base,mlp,5.0,8.0,7.998197999765249,0.8581027834920923,0.8555068765780178,0.0025959069140745195,0.0012946061581595178,0.008778507040764646,1156,0.007316563605757637,0.8234968959798359,True,0.05,360,paired cluster influence sandwich; asymptotic Bonferroni bounds,0.0001627592430253344,0.00014936765973849742,0.0022837800113106876
207,1.0,test,source,mlp_stronger,mlp_stronger:C1:E2,mlp_stronger,mlp,1.0,2.0,1.9948093103901194,0.8581027834920923,0.8178837383943904,0.04021904509770191,0.004748964938447289,0.009724192076044363,1156,0.05753568844437089,0.7824254083797617,True,0.05,360,paired cluster influence sandwich; asymptotic Bonferroni bounds,1.1102230246251565e-16,0.03692471560912636,0.0032943294885754426
207,1.0,test,source,mlp_stronger,mlp_stronger:C1:E8,mlp_stronger,mlp,1.0,8.0,7.995742559457445,0.8581027834920923,0.8203539704499263,0.03774881304216604,0.004547747838571539,0.009640105384585073,1156,0.054331737610330263,0.7852022544585795,True,0.05,360,paired cluster influence sandwich; asymptotic Bonferroni bounds,1.1102230246251565e-16,0.03692471560912636,0.0008240974330395723
207,1.0,test,source,mlp_stronger,mlp_stronger:C5:E2,mlp_stronger,mlp,5.0,2.0,1.9948093103901194,0.8581027834920923,0.8418690941830054,0.016233689309086974,0.003105961324246035,0.009219680921824715,1156,0.027559278189535023,0.8082504155103583,True,0.05,360,paired cluster influence sandwich; asymptotic Bonferroni bounds,1.1102230246251565e-16,9.374108300808093e-05,0.016139948226078782
207,1.0,test,source,mlp_stronger,mlp_stronger:C5:E8,mlp_stronger,mlp,5.0,8.0,7.995742559457445,0.8581027834920923,0.856278437799701,0.001824345692391316,0.0009664541496344405,0.00871800009354213,1156,0.005348427684371602,0.824489089958052,True,0.05,360,paired cluster influence sandwich; asymptotic Bonferroni bounds,1.1102230246251565e-16,9.374108300808093e-05,0.001730604609383124
207,1.0,test,source,mlp_stronger,logistic:C1:E2,logistic,logistic,1.0,2.0,1.9948093103901194,0.8581027834920923,0.8299438892660279,0.028158894226064435,0.003938032832708035,0.009363554705382877,1156,0.042518551737828245,0.7958005886959559,True,0.05,360,paired cluster influence sandwich; asymptotic Bonferroni bounds,0.006523761304299103,0.020832152985447494,0.000802979936317838
207,1.0,test,source,mlp_stronger,logistic:C1:E8,logistic,logistic,1.0,8.0,7.995742559457445,0.8581027834920923,0.830720086035772,0.027382697456320382,0.0038019526974186753,0.009366576043782377,1156,0.04124615185858245,0.7965657684461658,True,0.05,360,paired cluster influence sandwich; asymptotic Bonferroni bounds,0.006523761304299103,0.020832152985447494,2.678316657378499e-05
207,1.0,test,source,mlp_stronger,logistic:C5:E2,logistic,logistic,5.0,2.0,1.9948093103901194,0.8581027834920923,0.8364506535607704,0.02165212993132193,0.004387727558369415,0.009134463753565816,1156,0.03765155595687526,0.8031427110861957,True,0.05,360,paired cluster influence sandwich; asymptotic Bonferroni bounds,0.006523761304299103,0.0,0.015128368627022826
207,1.0,test,source,mlp_stronger,logistic:C5:E8,logistic,logistic,5.0,8.0,7.995742559457445,0.8581027834920923,0.8506271896526326,0.0074755938394597266,0.0021207136655047457,0.00878975075818941,1156,0.015208572006689534,0.8185762099215746,True,0.05,360,paired cluster influence sandwich; asymptotic Bonferroni bounds,0.006523761304299103,0.0,0.0009518325351606238
207,1.0,test,state_CO,mlp_stronger,mlp_base:C1:E2,mlp_base,mlp,1.0,2.0,1.9909995955023065,0.8369437518228386,0.804786825447032,0.032156926375806694,0.005257135126421423,0.010174525247322106,1198,0.051324489039322206,0.7676904135116744,True,0.05,360,paired cluster influence sandwich; asymptotic Bonferroni bounds,-0.0013288749953785928,0.03224010943193156,0.0012456919392537236
207,1.0,test,state_CO,mlp_stronger,mlp_base:C1:E8,mlp_base,mlp,1.0,8.0,7.998197999765249,0.8369437518228386,0.8057100546748878,0.03123369714795088,0.0052218966668640945,0.010152717257464049,1198,0.05027278006622715,0.7686931548696386,True,0.05,360,paired cluster influence sandwich; asymptotic Bonferroni bounds,-0.0013288749953785928,0.03224010943193156,0.0003224627113979084
207,1.0,test,state_CO,mlp_stronger,mlp_base:C5:E2,mlp_base,mlp,5.0,2.0,1.9909995955023065,0.8369437518228386,0.8191133096997605,0.01783044212307816,0.004035156238887822,0.009713274348084685,1198,0.03254265860715524,0.7836986227537993,True,0.05,360,paired cluster influence sandwich; asymptotic Bonferroni bounds,-0.0013288749953785928,0.00021925410472423135,0.018940063013732522
207,1.0,test,state_CO,mlp_stronger,mlp_base:C5:E8,mlp_base,mlp,5.0,8.0,7.998197999765249,0.8369437518228386,0.8345807368581041,0.0023630149647345666,0.0017826769253054733,0.00927982194290426,1198,0.008862671308522583,0.8007464213384339,True,0.05,360,paired cluster influence sandwich; asymptotic Bonferroni bounds,-0.0013288749953785928,0.00021925410472423135,0.003472635855388928
207,1.0,test,state_CO,mlp_stronger,mlp_stronger:C1:E2,mlp_stronger,mlp,1.0,2.0,1.9948093103901194,0.8369437518228386,0.8063426566819614,0.030601095140877277,0.005443458384802983,0.01009837492178251,1198,0.050447994105403945,0.7695238895287003,True,0.05,360,paired cluster influence sandwich; asymptotic Bonferroni bounds,2.220446049250313e-16,0.02885527791356335,0.0017458172273137063
207,1.0,test,state_CO,mlp_stronger,mlp_stronger:C1:E8,mlp_stronger,mlp,1.0,8.0,7.995742559457445,0.8369437518228386,0.8076201841118308,0.02932356771100786,0.005270626426368679,0.0100789380046206,1198,0.048540319777293645,0.7708722841359824,True,0.05,360,paired cluster influence sandwich; asymptotic Bonferroni bounds,2.220446049250313e-16,0.02885527791356335,0.0004682897974442879
207,1.0,test,state_CO,mlp_stronger,mlp_stronger:C5:E2,mlp_stronger,mlp,5.0,2.0,1.9948093103901194,0.8369437518228386,0.8317001384330365,0.005243613389802171,0.003815949775485569,0.009295810676467727,1198,0.01915660110717064,0.7978075278448321,True,0.05,360,paired cluster influence sandwich; asymptotic Bonferroni bounds,2.220446049250313e-16,-4.4158906338021e-05,0.00528777229613997
207,1.0,test,state_CO,mlp_stronger,mlp_stronger:C5:E8,mlp_stronger,mlp,5.0,8.0,7.995742559457445,0.8369437518228386,0.8379470832528888,-0.0010033314300501583,0.0011866450176645242,0.009132755198053611,1198,0.0033231871372814024,0.8046489744275219,True,0.05,360,paired cluster influence sandwich; asymptotic Bonferroni bounds,2.220446049250313e-16,-4.4158906338021e-05,-0.0009591725237123594
207,1.0,test,state_CO,mlp_stronger,logistic:C1:E2,logistic,logistic,1.0,2.0,1.9948093103901194,0.8369437518228386,0.8195471966283134,0.01739655519452521,0.004429944535317035,0.009803514238060852,1198,0.03354817341142031,0.7838034942196958,True,0.05,360,paired cluster influence sandwich; asymptotic Bonferroni bounds,0.0013042281639342734,0.018735699703005593,-0.0026433726724146567
207,1.0,test,state_CO,mlp_stronger,logistic:C1:E8,logistic,logistic,1.0,8.0,7.995742559457445,0.8369437518228386,0.8180149852735181,0.01892876654932052,0.004267546168793903,0.009839209851653014,1198,0.03448827883933152,0.7821411363318769,True,0.05,360,paired cluster influence sandwich; asymptotic Bonferroni bounds,0.0013042281639342734,0.018735699703005593,-0.0011111613176193469
207,1.0,test,state_CO,mlp_stronger,logistic:C5:E2,logistic,logistic,5.0,2.0,1.9948093103901194,0.8369437518228386,0.8253771992162308,0.011566552606607883,0.005228740420434378,0.009475740740502928,1198,0.030630587912878295,0.7908285619719658,True,0.05,360,paired cluster influence sandwich; asymptotic Bonferroni bounds,0.0013042281639342734,0.0,0.01026232444267361
207,1.0,test,state_CO,mlp_stronger,logistic:C5:E8,logistic,logistic,5.0,8.0,7.995742559457445,0.8369437518228386,0.8383352708481386,-0.001391519025299992,0.002639648465400964,0.009211125513182797,1198,0.008232663377001393,0.8047514231383652,True,0.05,360,paired cluster influence sandwich; asymptotic Bonferroni bounds,0.0013042281639342734,0.0,-0.0026957471892342655
207,1.0,test,state_UT,mlp_stronger,mlp_base:C1:E2,mlp_base,mlp,1.0,2.0,1.9909995955023065,0.8657542725685429,0.8442463045379809,0.021507968030561986,0.004527805092653295,0.008929102377203926,1131,0.038019299957605474,0.8116849707032304,True,0.05,360,paired cluster influence sandwich; asymptotic Bonferroni bounds,0.0006223697804392803,0.020749808479844867,0.00013578977027783878
207,1.0,test,state_UT,mlp_stronger,mlp_base:C1:E8,mlp_base,mlp,1.0,8.0,7.998197999765249,0.8657542725685429,0.844477147147453,0.021277125421089838,0.004492264481187735,0.008929360358390542,1131,0.03765885308717472,0.811914872544954,True,0.05,360,paired cluster influence sandwich; asymptotic Bonferroni bounds,0.0006223697804392803,0.020749808479844867,-9.505283919430951e-05
207,1.0,test,state_UT,mlp_stronger,mlp_base:C5:E2,mlp_base,mlp,5.0,2.0,1.9909995955023065,0.8657542725685429,0.8530273763492694,0.012726896219273476,0.002918598962672394,0.008737328387917638,1131,0.023370012530264984,0.8211653756190329,True,0.05,360,paired cluster influence sandwich; asymptotic Bonferroni bounds,0.0006223697804392803,0.00013918451453476255,0.011965341924299433
207,1.0,test,state_UT,mlp_stronger,mlp_base:C5:E8,mlp_base,mlp,5.0,8.0,7.998197999765249,0.8657542725685429,0.8635239255917322,0.002230346976810682,0.0014323770775276545,0.0083485871299927,1131,0.007453728480162548,0.8330795291558479,True,0.05,360,paired cluster influence sandwich; asymptotic Bonferroni bounds,0.0006223697804392803,0.00013918451453476255,0.0014687926818366392
207,1.0,test,state_UT,mlp_stronger,mlp_stronger:C1:E2,mlp_stronger,mlp,1.0,2.0,1.9948093103901194,0.8657542725685429,0.8422694317990223,0.02348484076952062,0.004722588482776482,0.008957322173076676,1131,0.04070648004027401,0.8096051901740658,True,0.05,360,paired cluster influence sandwich; asymptotic Bonferroni bounds,1.1102230246251565e-16,0.02025757056258848,0.0032272702069320314
207,1.0,test,state_UT,mlp_stronger,mlp_stronger:C1:E8,mlp_stronger,mlp,1.0,8.0,7.995742559457445,0.8657542725685429,0.8445156209156983,0.021238651652844553,0.0045832420779103105,0.008882511355655348,1131,0.03795214300280543,0.8121241883478679,True,0.05,360,paired cluster influence sandwich; asymptotic Bonferroni bounds,1.1102230246251565e-16,0.02025757056258848,0.0009810810902559641
207,1.0,test,state_UT,mlp_stronger,mlp_stronger:C5:E2,mlp_stronger,mlp,5.0,2.0,1.9948093103901194,0.8657542725685429,0.851609504831287,0.014144767737255926,0.0029574894630428495,0.008682725525721401,1131,0.024929704190078915,0.8199466217669923,True,0.05,360,paired cluster influence sandwich; asymptotic Bonferroni bounds,1.1102230246251565e-16,0.00015842139865740457,0.01398634633859841
207,1.0,test,state_UT,mlp_stronger,mlp_stronger:C5:E8,mlp_stronger,mlp,5.0,8.0,7.995742559457445,0.8657542725685429,0.8634028463799013,0.002351426188641592,0.0009438727861068301,0.008301095220361666,1131,0.005793402278469393,0.8331316364367481,True,0.05,360,paired cluster influence sandwich; asymptotic Bonferroni bounds,1.1102230246251565e-16,0.00015842139865740457,0.0021930047899840766
207,1.0,test,state_UT,mlp_stronger,logistic:C1:E2,logistic,logistic,1.0,2.0,1.9948093103901194,0.8657542725685429,0.8516706102279118,0.014083662340631076,0.0037589770581134803,0.008650933938703947,1131,0.02779134556519377,0.8201236600350617,True,0.05,360,paired cluster influence sandwich; asymptotic Bonferroni bounds,0.001894267295373342,0.012399869189188228,-0.00021047414393049468
207,1.0,test,state_UT,mlp_stronger,logistic:C1:E8,logistic,logistic,1.0,8.0,7.995742559457445,0.8657542725685429,0.8517294524616987,0.014024820106844138,0.0036226969997681657,0.00865745840044399,1131,0.02723553731093316,0.8201587098238934,True,0.05,360,paired cluster influence sandwich; asymptotic Bonferroni bounds,0.001894267295373342,0.012399869189188228,-0.00026931637771743233
207,1.0,test,state_UT,mlp_stronger,logistic:C5:E2,logistic,logistic,5.0,2.0,1.9948093103901194,0.8657542725685429,0.8449716482275474,0.020782624340995426,0.0042582588778476375,0.008782764888259893,1131,0.036311014880045914,0.8129439563680767,True,0.05,360,paired cluster influence sandwich; asymptotic Bonferroni bounds,0.001894267295373342,0.0,0.018888357045622084
207,1.0,test,state_UT,mlp_stronger,logistic:C5:E8,logistic,logistic,5.0,8.0,7.995742559457445,0.8657542725685429,0.8616025003423035,0.004151772226239414,0.0019391316665623081,0.008310740241392564,1131,0.011223111637205298,0.831296118358741,True,0.05,360,paired cluster influence sandwich; asymptotic Bonferroni bounds,0.001894267295373342,0.0,0.002257504930866072
208,1.0,validation,source,mlp_stronger,mlp_base:C1:E2,mlp_base,mlp,1.0,2.0,1.9909995955023065,0.8545730687166205,0.8284257275583503,0.02614734115827022,0.004302162861190722,0.009247502684104215,1133,0.04183574688342599,0.7947034862732911,True,0.05,360,paired cluster influence sandwich; asymptotic Bonferroni bounds,,,
208,1.0,validation,source,mlp_stronger,mlp_base:C1:E8,mlp_base,mlp,1.0,8.0,7.998197999765249,0.8545730687166205,0.8284735289133013,0.02609953980331925,0.00433466696891779,0.00926707035771036,1133,0.04190647605514487,0.7946799315191092,True,0.05,360,paired cluster influence sandwich; asymptotic Bonferroni bounds,,,
208,1.0,validation,source,mlp_stronger,mlp_base:C5:E2,mlp_base,mlp,5.0,2.0,1.9909995955023065,0.8545730687166205,0.8403174009968756,0.014255667719744958,0.003476617790678267,0.008916128310390955,1133,0.026933614187898747,0.8078035601814105,True,0.05,360,paired cluster influence sandwich; asymptotic Bonferroni bounds,,,
208,1.0,validation,source,mlp_stronger,mlp_base:C5:E8,mlp_base,mlp,5.0,8.0,7.998197999765249,0.8545730687166205,0.852152581925004,0.0024204867916165496,0.0013582502977517242,0.008583765820980565,1133,0.007373526096489583,0.8208507448736758,True,0.05,360,paired cluster influence sandwich; asymptotic Bonferroni bounds,,,
208,1.0,validation,source,mlp_stronger,mlp_stronger:C1:E2,mlp_stronger,mlp,1.0,2.0,1.9948093103901194,0.8545730687166205,0.829823917190671,0.024749151525949586,0.0042355034327689585,0.009300852458124145,1133,0.0401944748313482,0.7959071289004949,True,0.05,360,paired cluster influence sandwich; asymptotic Bonferroni bounds,,,
208,1.0,validation,source,mlp_stronger,mlp_stronger:C1:E8,mlp_stronger,mlp,1.0,8.0,7.995742559457445,0.8545730687166205,0.828494170407485,0.026078898309135568,0.004348648261062,0.00933478756437251,1133,0.041936819191436006,0.7944536332653179,True,0.05,360,paired cluster influence sandwich; asymptotic Bonferroni bounds,,,
208,1.0,validation,source,mlp_stronger,mlp_stronger:C5:E2,mlp_stronger,mlp,5.0,2.0,1.9948093103901194,0.8545730687166205,0.8443099005297258,0.010263168186894767,0.002841302820987975,0.008830472074366977,1133,0.020624354613796254,0.8121084165047849,True,0.05,360,paired cluster influence sandwich; asymptotic Bonferroni bounds,,,
208,1.0,validation,source,mlp_stronger,mlp_stronger:C5:E8,mlp_stronger,mlp,5.0,8.0,7.995742559457445,0.8545730687166205,0.8534997110190815,0.0010733576975390235,0.0009975097505745942,0.008597407610815433,1133,0.004710908898351038,0.8221481273773401,True,0.05,360,paired cluster influence sandwich; asymptotic Bonferroni bounds,,,
208,1.0,validation,source,mlp_stronger,logistic:C1:E2,logistic,logistic,1.0,2.0,1.9948093103901194,0.8545730687166205,0.8363618388746692,0.018211229841951337,0.003602650295296912,0.009147893361125049,1133,0.031348770502796296,0.8030028361566579,True,0.05,360,paired cluster influence sandwich; asymptotic Bonferroni bounds,,,
208,1.0,validation,source,mlp_stronger,logistic:C1:E8,logistic,logistic,1.0,8.0,7.995742559457445,0.8545730687166205,0.8362944824199655,0.01827858629665502,0.003591829018161195,0.009144370812168935,1133,0.03137666573958539,0.8029483251424904,True,0.05,360,paired cluster influence sandwich; asymptotic Bonferroni bounds,,,
208,1.0,validation,source,mlp_stronger,logistic:C5:E2,logistic,logistic,5.0,2.0,1.9948093103901194,0.8545730687166205,0.8344324023657325,0.02014066635088807,0.003970312653332803,0.00926819787623442,1133,0.034618936414324286,0.8006346933261568,True,0.05,360,paired cluster influence sandwich; asymptotic Bonferroni bounds,,,
208,1.0,validation,source,mlp_stronger,logistic:C5:E8,logistic,logistic,5.0,8.0,7.995742559457445,0.8545730687166205,0.8486207136307736,0.005952355085846905,0.0018765190894166146,0.008802585254423291,1133,0.012795330067416903,0.8165209225820814,True,0.05,360,paired cluster influence sandwich; asymptotic Bonferroni bounds,,,
208,1.0,validation,state_OR,mlp_stronger,mlp_base:C1:E2,mlp_base,mlp,1.0,2.0,1.9909995955023065,0.8138264538309111,0.7967593593743793,0.017067094456531873,0.005397181488283269,0.010400238317074598,1209,0.036744734217471764,0.7588410230213037,True,0.05,360,paired cluster influence sandwich; asymptotic Bonferroni bounds,,,
208,1.0,validation,state_OR,mlp_stronger,mlp_base:C1:E8,mlp_base,mlp,1.0,8.0,7.998197999765249,0.8138264538309111,0.7962694899620903,0.017556963868820774,0.005373507967903012,0.010401196706205786,1209,0.03714829209717143,0.7583476594081777,True,0.05,360,paired cluster influence sandwich; asymptotic Bonferroni bounds,,,
208,1.0,validation,state_OR,mlp_stronger,mlp_base:C5:E2,mlp_base,mlp,5.0,2.0,1.9909995955023065,0.8138264538309111,0.8065225450260602,0.007303908804850878,0.004340905451030081,0.010057866845912807,1209,0.023130460846338772,0.7698524643576546,True,0.05,360,paired cluster influence sandwich; asymptotic Bonferroni bounds,,,
208,1.0,validation,state_OR,mlp_stronger,mlp_base:C5:E8,mlp_base,mlp,5.0,8.0,7.998197999765249,0.8138264538309111,0.8142457114360236,-0.00041925760511252186,0.0018066721542879226,0.009899959624376635,1209,0.006167707071798315,0.7781513463383812,True,0.05,360,paired cluster influence sandwich; asymptotic Bonferroni bounds,,,
208,1.0,validation,state_OR,mlp_stronger,mlp_stronger:C1:E2,mlp_stronger,mlp,1.0,2.0,1.9948093103901194,0.8138264538309111,0.7969987775330882,0.01682767629782289,0.004897491859260538,0.01038556876295343,1209,0.03468349247667039,0.7591339250589737,True,0.05,360,paired cluster influence sandwich; asymptotic Bonferroni bounds,,,
208,1.0,validation,state_OR,mlp_stronger,mlp_stronger:C1:E8,mlp_stronger,mlp,1.0,8.0,7.995742559457445,0.8138264538309111,0.7958590588328751,0.017967394998036013,0.0051007804138194154,0.010408898346086264,1209,0.036564383018670904,0.757909148790536,True,0.05,360,paired cluster influence sandwich; asymptotic Bonferroni bounds,,,
208,1.0,validation,state_OR,mlp_stronger,mlp_stronger:C5:E2,mlp_stronger,mlp,5.0,2.0,1.9948093103901194,0.8138264538309111,0.799193260103005,0.014633193727906169,0.0036352576215431323,0.010287395271777964,1209,0.02788701705592069,0.7616863393748616,True,0.05,360,paired cluster influence sandwich; asymptotic Bonferroni bounds,,,
208,1.0,validation,state_OR,mlp_stronger,mlp_stronger:C5:E8,mlp_stronger,mlp,5.0,8.0,7.995742559457445,0.8138264538309111,0.8121703862907177,0.0016560675401934288,0.001205550765183737,0.009989834351023753,1209,0.006051397532766388,0.7757483459984549,True,0.05,360,paired cluster influence sandwich; asymptotic Bonferroni bounds,,,
208,1.0,validation,state_OR,mlp_stronger,logistic:C1:E2,logistic,logistic,1.0,2.0,1.9948093103901194,0.8138264538309111,0.798182628612787,0.01564382521812413,0.004562214142185428,0.010399159149260805,1209,0.03227724890363102,0.7602682268087956,True,0.05,360,paired cluster influence sandwich; asymptotic Bonferroni bounds,,,
208,1.0,validation,state_OR,mlp_stronger,logistic:C1:E8,logistic,logistic,1.0,8.0,7.995742559457445,0.8138264538309111,0.7989781147530132,0.014848339077897954,0.0044359451392291345,0.010394845626959252,1209,0.031021397300701584,0.7610794396645556,True,0.05,360,paired cluster influence sandwich; asymptotic Bonferroni bounds,,,
208,1.0,validation,state_OR,mlp_stronger,logistic:C5:E2,logistic,logistic,5.0,2.0,1.9948093103901194,0.8138264538309111,0.7880553508303508,0.02577110300056029,0.005342367007856756,0.01053047934761969,1209,0.04524889408087723,0.7496621673581404,True,0.05,360,paired cluster influence sandwich; asymptotic Bonferroni bounds,,,
208,1.0,validation,state_OR,mlp_stronger,logistic:C5:E8,logistic,logistic,5.0,8.0,7.995742559457445,0.8138264538309111,0.8080098062147216,0.0058166476161894964,0.002565831435307594,0.010140325217002368,1209,0.015171438960687686,0.7710390897190612,True,0.05,360,paired cluster influence sandwich; asymptotic Bonferroni bounds,,,
208,1.0,validation,state_WA,mlp_stronger,mlp_base:C1:E2,mlp_base,mlp,1.0,2.0,1.9909995955023065,0.8490434734305033,0.8314446601262614,0.017598813304241956,0.004657997414432927,0.009004582172224308,1198,0.03458191440029685,0.7986138713231644,True,0.05,360,paired cluster influence sandwich; asymptotic Bonferroni bounds,,,
208,1.0,validation,state_WA,mlp_stronger,mlp_base:C1:E8,mlp_base,mlp,1.0,8.0,7.998197999765249,0.8490434734305033,0.8319759780518892,0.017067495378614184,0.0047304110493223556,0.008985075543501012,1198,0.03431461724854271,0.7992163105951942,True,0.05,360,paired cluster influence sandwich; asymptotic Bonferroni bounds,,,
208,1.0,validation,state_WA,mlp_stronger,mlp_base:C5:E2,mlp_base,mlp,5.0,2.0,1.9909995955023065,0.8490434734305033,0.8347385226584207,0.014304950772082603,0.0034064640579858124,0.008975840170018047,1198,0.026724949825236544,0.8020125274577546,True,0.05,360,paired cluster influence sandwich; asymptotic Bonferroni bounds,,,
208,1.0,validation,state_WA,mlp_stronger,mlp_base:C5:E8,mlp_base,mlp,5.0,8.0,7.998197999765249,0.8490434734305033,0.8456611436348317,0.003382329795671657,0.0015546397510740229,0.008652984201919933,1198,0.00905056052045192,0.8141122842412155,True,0.05,360,paired cluster influence sandwich; asymptotic Bonferroni bounds,,,
208,1.0,validation,state_WA,mlp_stronger,mlp_stronger:C1:E2,mlp_stronger,mlp,1.0,2.0,1.9948093103901194,0.8490434734305033,0.8307132621686206,0.018330211261882723,0.004464801820753919,0.00904090862617478,1198,0.03460891945969416,0.7977500267827947,True,0.05,360,paired cluster influence sandwich; asymptotic Bonferroni bounds,,,
208,1.0,validation,state_WA,mlp_stronger,mlp_stronger:C1:E8,mlp_stronger,mlp,1.0,8.0,7.995742559457445,0.8490434734305033,0.8304509464454162,0.018592526985087177,0.004624654013975719,0.009053981506345506,1198,0.035454057738681946,0.797440047219145,True,0.05,360,paired cluster influence sandwich; asymptotic Bonferroni bounds,,,
208,1.0,validation,state_WA,mlp_stronger,mlp_stronger:C5:E2,mlp_stronger,mlp,5.0,2.0,1.9948093103901194,0.8490434734305033,0.8294294581585848,0.019614015271918528,0.003696504030306013,0.009209667645396255,1198,0.03309150271193766,0.79585092584807,True,0.05,360,paired cluster influence sandwich; asymptotic Bonferroni bounds,,,
208,1.0,validation,state_WA,mlp_stronger,mlp_stronger:C5:E8,mlp_stronger,mlp,5.0,8.0,7.995742559457445,0.8490434734305033,0.844645827482664,0.004397645947839313,0.0012707797675235522,0.008725555237993362,1198,0.009030920581226164,0.8128323734290205,True,0.05,360,paired cluster influence sandwich; asymptotic Bonferroni bounds,,,
208,1.0,validation,state_WA,mlp_stronger,logistic:C1:E2,logistic,logistic,1.0,2.0,1.9948093103901194,0.8490434734305033,0.8346042787294866,0.014439194701016733,0.003930533960962963,0.008997684102427692,1198,0.028769957404679088,0.8017986403518409,True,0.05,360,paired cluster influence sandwich; asymptotic Bonferroni bounds,,,
208,1.0,validation,state_WA,mlp_stronger,logistic:C1:E8,logistic,logistic,1.0,8.0,7.995742559457445,0.8490434734305033,0.835486379641831,0.013557093788672314,0.003871608572942229,0.008973600325256568,1198,0.02767301398967901,0.802768550935613,True,0.05,360,paired cluster influence sandwich; asymptotic Bonferroni bounds,,,
208,1.0,validation,state_WA,mlp_stronger,logistic:C5:E2,logistic,logistic,5.0,2.0,1.9948093103901194,0.8490434734305033,0.8192474933418097,0.029795980088693663,0.004769003808048139,0.009530575147501632,1198,0.04718381150925113,0.7844989293490421,True,0.05,360,paired cluster influence sandwich; asymptotic Bonferroni bounds,,,
208,1.0,validation,state_WA,mlp_stronger,logistic:C5:E8,logistic,logistic,5.0,8.0,7.995742559457445,0.8490434734305033,0.8414198584318047,0.00762361499869868,0.002272772580245745,0.008877216787038011,1198,0.015910164574500472,0.8090534449858203,True,0.05,360,paired cluster influence sandwich; asymptotic Bonferroni bounds,,,
208,1.0,validation,proxy_0.5,mlp_stronger,mlp_base:C1:E2,mlp_base,mlp,1.0,2.0,1.9909995955023065,0.8518869584866962,0.8258645526879571,0.026022405798739046,0.004205866044728638,0.009292147998824177,1133,0.041359652449856434,0.7919795063595622,True,0.05,360,paired cluster influence sandwich; asymptotic Bonferroni bounds,,,
208,1.0,validation,proxy_0.5,mlp_stronger,mlp_base:C1:E8,mlp_base,mlp,1.0,8.0,7.998197999765249,0.8518869584866962,0.8258612935046649,0.026025664982031294,0.004250468073910334,0.009318844264611579,1133,0.04152555883004583,0.7918788957131727,True,0.05,360,paired cluster influence sandwich; asymptotic Bonferroni bounds,,,
208,1.0,validation,proxy_0.5,mlp_stronger,mlp_base:C5:E2,mlp_base,mlp,5.0,2.0,1.9909995955023065,0.8518869584866962,0.8370011819971406,0.01488577648955558,0.0033856495399189196,0.008988569420255122,1133,0.027231995203073567,0.804223175096058,True,0.05,360,paired cluster influence sandwich; asymptotic Bonferroni bounds,,,
208,1.0,validation,proxy_0.5,mlp_stronger,mlp_base:C5:E8,mlp_base,mlp,5.0,8.0,7.998197999765249,0.8518869584866962,0.8489949765121525,0.002891981974543656,0.0013573343693550125,0.00868599026211848,1133,0.007841681225409802,0.8173203645196276,True,0.05,360,paired cluster influence sandwich; asymptotic Bonferroni bounds,,,
208,1.0,validation,proxy_0.5,mlp_stronger,mlp_stronger:C1:E2,mlp_stronger,mlp,1.0,2.0,1.9948093103901194,0.8518869584866962,0.8277798660692945,0.02410709241740161,0.004110165320438059,0.009345918025052625,1133,0.039095353723402074,0.7936987402305365,True,0.05,360,paired cluster influence sandwich; asymptotic Bonferroni bounds,,,
208,1.0,validation,proxy_0.5,mlp_stronger,mlp_stronger:C1:E8,mlp_stronger,mlp,1.0,8.0,7.995742559457445,0.8518869584866962,0.8264935750633368,0.025393383423359395,0.004235490206128954,0.009379638777470351,1133,0.04083865849606634,0.7922894820421741,True,0.05,360,paired cluster influence sandwich; asymptotic Bonferroni bounds,,,
208,1.0,validation,proxy_0.5,mlp_stronger,mlp_stronger:C5:E2,mlp_stronger,mlp,5.0,2.0,1.9948093103901194,0.8518869584866962,0.8425526575380564,0.00933430094863974,0.002632400116218299,0.008914846686458382,1133,0.018933696040519095,0.8100434903337237,True,0.05,360,paired cluster influence sandwich; asymptotic Bonferroni bounds,,,
208,1.0,validation,proxy_0.5,mlp_stronger,mlp_stronger:C5:E8,mlp_stronger,mlp,5.0,8.0,7.995742559457445,0.8518869584866962,0.8507886137172507,0.0010983447694454807,0.0009524717798488549,0.008718856419540039,1133,0.004571659054877792,0.818994150935973,True,0.05,360,paired cluster influence sandwich; asymptotic Bonferroni bounds,,,
208,1.0,validation,proxy_0.5,mlp_stronger,logistic:C1:E2,logistic,logistic,1.0,2.0,1.9948093103901194,0.8518869584866962,0.8340994224727206,0.017787536013975536,0.0034976079710269162,0.009172143476003796,1133,0.03054202595018917,0.8006519885043418,True,0.05,360,paired cluster influence sandwich; asymptotic Bonferroni bounds,,,
208,1.0,validation,proxy_0.5,mlp_stronger,logistic:C1:E8,logistic,logistic,1.0,8.0,7.995742559457445,0.8518869584866962,0.8339364633081146,0.017950495178581605,0.003488840697217272,0.00918241440594835,1133,0.030673014091598977,0.8004515750356233,True,0.05,360,paired cluster influence sandwich; asymptotic Bonferroni bounds,,,
208,1.0,validation,proxy_0.5,mlp_stronger,logistic:C5:E2,logistic,logistic,5.0,2.0,1.9948093103901194,0.8518869584866962,0.8340179428904176,0.017869015596278515,0.0037190069387827577,0.009254621684273117,1133,0.03143086614280688,0.8002697412299355,True,0.05,360,paired cluster influence sandwich; asymptotic Bonferroni bounds,,,
208,1.0,validation,proxy_0.5,mlp_stronger,logistic:C5:E8,logistic,logistic,5.0,8.0,7.995742559457445,0.8518869584866962,0.8460856122267175,0.005801346259978635,0.001781535687711729,0.008865314610301057,1133,0.012297951708088136,0.8137570702874521,True,0.05,360,paired cluster influence sandwich; asymptotic Bonferroni bounds,,,
208,1.0,validation,proxy_0.75,mlp_stronger,mlp_base:C1:E2,mlp_base,mlp,1.0,2.0,1.9909995955023065,0.8509684119955329,0.825572855783312,0.025395556212220893,0.0042020796849728485,0.009325419713798598,1133,0.04071899540183884,0.7915664797469231,True,0.05,360,paired cluster influence sandwich; asymptotic Bonferroni bounds,,,
208,1.0,validation,proxy_0.75,mlp_stronger,mlp_base:C1:E8,mlp_base,mlp,1.0,8.0,7.998197999765249,0.8509684119955329,0.8258292448689591,0.025139167126573714,0.004244051242508227,0.009347449214838465,1133,0.04061566115041741,0.7917425353441861,True,0.05,360,paired cluster influence sandwich; asymptotic Bonferroni bounds,,,
208,1.0,validation,proxy_0.75,mlp_stronger,mlp_base:C5:E2,mlp_base,mlp,5.0,2.0,1.9909995955023065,0.8509684119955329,0.8347854805557124,0.016182931439820414,0.0034305230386110835,0.009062012834398286,1133,0.028692787299700418,0.8017396525339298,True,0.05,360,paired cluster influence sandwich; asymptotic Bonferroni bounds,,,
208,1.0,validation,proxy_0.75,mlp_stronger,mlp_base:C5:E8,mlp_base,mlp,5.0,8.0,7.998197999765249,0.8509684119955329,0.8475875525271708,0.003380859468362085,0.0013672192407651682,0.008742230145492065,1133,0.00836660520984867,0.8157078543636272,True,0.05,360,paired cluster influence sandwich; asymptotic Bonferroni bounds,,,
208,1.0,validation,proxy_0.75,mlp_stronger,mlp_stronger:C1:E2,mlp_stronger,mlp,1.0,2.0,1.9948093103901194,0.8509684119955329,0.8278955670761647,0.02307284491936812,0.004112238449910773,0.009365747488399568,1133,0.03806866616610958,0.793742130477369,True,0.05,360,paired cluster influence sandwich; asymptotic Bonferroni bounds,,,
208,1.0,validation,proxy_0.75,mlp_stronger,mlp_stronger:C1:E8,mlp_stronger,mlp,1.0,8.0,7.995742559457445,0.8509684119955329,0.8264593536387697,0.024509058356763203,0.004243528864237884,0.009403388987847403,1133,0.03998364745917283,0.7921686523351046,True,0.05,360,paired cluster influence sandwich; asymptotic Bonferroni bounds,,,
208,1.0,validation,proxy_0.75,mlp_stronger,mlp_stronger:C5:E2,mlp_stronger,mlp,5.0,2.0,1.9948093103901194,0.8509684119955329,0.8419850164480116,0.008983395547521256,0.002810417335890356,0.008956367503431926,1133,0.01923195396919293,0.8093244380945108,True,0.05,360,paired cluster influence sandwich; asymptotic Bonferroni bounds,,,
208,1.0,validation,proxy_0.75,mlp_stronger,mlp_stronger:C5:E8,mlp_stronger,mlp,5.0,8.0,7.995742559457445,0.8509684119955329,0.8498581168873496,0.001110295108183279,0.0009920158105806067,0.00874737098604966,1133,0.004727811930373123,0.8179596719689671,True,0.05,360,paired cluster influence sandwich; asymptotic Bonferroni bounds,,,
208,1.0,validation,proxy_0.75,mlp_stronger,logistic:C1:E2,logistic,logistic,1.0,2.0,1.9948093103901194,0.8509684119955329,0.8342748751732799,0.01669353682225294,0.0035144419488497983,0.009221615491047757,1133,0.029509414084463934,0.8006470349606253,True,0.05,360,paired cluster influence sandwich; asymptotic Bonferroni bounds,,,
208,1.0,validation,proxy_0.75,mlp_stronger,logistic:C1:E8,logistic,logistic,1.0,8.0,7.995742559457445,0.8509684119955329,0.8341586309691943,0.016809781026338566,0.0034956456610681975,0.009222919406676999,1133,0.029557115139822055,0.8005260358557879,True,0.05,360,paired cluster influence sandwich; asymptotic Bonferroni bounds,,,
208,1.0,validation,proxy_0.75,mlp_stronger,logistic:C5:E2,logistic,logistic,5.0,2.0,1.9948093103901194,0.8509684119955329,0.8314991374028221,0.01946927459271075,0.003915638067616099,0.009367803910707621,1133,0.03374816655000501,0.7973382017881704,True,0.05,360,paired cluster influence sandwich; asymptotic Bonferroni bounds,,,
208,1.0,validation,proxy_0.75,mlp_stronger,logistic:C5:E8,logistic,logistic,5.0,8.0,7.995742559457445,0.8509684119955329,0.8455679452804854,0.005400466715047458,0.0018403219319182357,0.008916662805531564,1133,0.012111443975644436,0.8130521553578167,True,0.05,360,paired cluster influence sandwich; asymptotic Bonferroni bounds,,,
208,1.0,test,source,mlp_stronger,mlp_base:C1:E2,mlp_base,mlp,1.0,2.0,1.9909995955023065,0.8786734193006859,0.851703700447629,0.02696971885305688,0.0039643434210102375,0.008693829775626919,1120,0.04142674988931849,0.8199993414801143,True,0.05,360,paired cluster influence sandwich; asymptotic Bonferroni bounds,0.0003610754396486948,0.025835209355726252,0.0007734340576819321
208,1.0,test,source,mlp_stronger,mlp_base:C1:E8,mlp_base,mlp,1.0,8.0,7.998197999765249,0.8786734193006859,0.852391313676177,0.026282105624508834,0.003979645255573353,0.008676931608615202,1120,0.040794938863984796,0.8207485783620647,True,0.05,360,paired cluster influence sandwich; asymptotic Bonferroni bounds,0.0003610754396486948,0.025835209355726252,8.582082913388689e-05
208,1.0,test,source,mlp_stronger,mlp_base:C5:E2,mlp_base,mlp,5.0,2.0,1.9909995955023065,0.8786734193006859,0.8640744589886328,0.0145989603120531,0.003071137076530509,0.008329917403394383,1120,0.025798677217684085,0.8336972031252444,True,0.05,360,paired cluster influence sandwich; asymptotic Bonferroni bounds,0.0003610754396486948,-0.00010675273867866153,0.014344637611083066
208,1.0,test,source,mlp_stronger,mlp_base:C5:E8,mlp_base,mlp,5.0,8.0,7.998197999765249,0.8786734193006859,0.8756749232583866,0.0029984960422992923,0.0013032953640536803,0.007970039988682263,1120,0.00775130868403013,0.8466100559550228,True,0.05,360,paired cluster influence sandwich; asymptotic Bonferroni bounds,0.0003610754396486948,-0.00010675273867866153,0.002744173341329259
208,1.0,test,source,mlp_stronger,mlp_stronger:C1:E2,mlp_stronger,mlp,1.0,2.0,1.9948093103901194,0.8786734193006859,0.8531396294424053,0.025533789858280587,0.0038667720760736835,0.008659394513387321,1120,0.03963500107466441,0.8215608478031062,True,0.05,360,paired cluster influence sandwich; asymptotic Bonferroni bounds,0.0,0.027587210184630062,-0.0020534203263494755
208,1.0,test,source,mlp_stronger,mlp_stronger:C1:E8,mlp_stronger,mlp,1.0,8.0,7.995742559457445,0.8786734193006859,0.8519663959124167,0.026707023388269135,0.004015687224539646,0.008716825767913083,1120,0.041351293238708765,0.8201781759523279,True,0.05,360,paired cluster influence sandwich; asymptotic Bonferroni bounds,0.0,0.027587210184630062,-0.0008801867963609267
208,1.0,test,source,mlp_stronger,mlp_stronger:C5:E2,mlp_stronger,mlp,5.0,2.0,1.9948093103901194,0.8786734193006859,0.8664858149681993,0.012187604332486557,0.0028739609858281835,0.00812959007314406,1120,0.022668266262258298,0.8368391059125097,True,0.05,360,paired cluster influence sandwich; asymptotic Bonferroni bounds,0.0,-0.000149663153245716,0.012337267485732273
208,1.0,test,source,mlp_stronger,mlp_stronger:C5:E8,mlp_stronger,mlp,5.0,8.0,7.995742559457445,0.8786734193006859,0.8773191247531342,0.0013542945475516488,0.0009403223603062661,0.007875676359070752,1120,0.004783429741791259,0.8485983794838904,True,0.05,360,paired cluster influence sandwich; asymptotic Bonferroni bounds,0.0,-0.000149663153245716,0.0015039577007973648
208,1.0,test,source,mlp_stronger,logistic:C1:E2,logistic,logistic,1.0,2.0,1.9948093103901194,0.8786734193006859,0.8595908439641268,0.019082575336559104,0.0033083000420797096,0.008501122025638864,1120,0.031147169975896342,0.8285892449814661,True,0.05,360,paired cluster influence sandwich; asymptotic Bonferroni bounds,0.004438611418984828,0.014601053503007222,4.291041456705447e-05
208,1.0,test,source,mlp_stronger,logistic:C1:E8,logistic,logistic,1.0,8.0,7.995742559457445,0.8786734193006859,0.859803302846007,0.018870116454678842,0.0032787481276932875,0.008495878354632615,1120,0.030826942190544902,0.8288208263021543,True,0.05,360,paired cluster influence sandwich; asymptotic Bonferroni bounds,0.004438611418984828,0.014601053503007222,-0.0001695484673132075
208,1.0,test,source,mlp_stronger,logistic:C5:E2,logistic,logistic,5.0,2.0,1.9948093103901194,0.8786734193006859,0.8563579105349254,0.022315508765760494,0.0035990601102051678,0.008638633046252397,1120,0.03544043720633135,0.824854841098847,True,0.05,360,paired cluster influence sandwich; asymptotic Bonferroni bounds,0.004438611418984828,0.0,0.017876897346775666
208,1.0,test,source,mlp_stronger,logistic:C5:E8,logistic,logistic,5.0,8.0,7.995742559457445,0.8786734193006859,0.8718098461609309,0.0068635731397549415,0.0017392227554710996,0.00816273853317964,1120,0.013206110777024181,0.8420422524429795,True,0.05,360,paired cluster influence sandwich; asymptotic Bonferroni bounds,0.004438611418984828,0.0,0.0024249617207701135
208,1.0,test,state_CO,mlp_stronger,mlp_base:C1:E2,mlp_base,mlp,1.0,2.0,1.9909995955023065,0.834032135461718,0.8241922885376529,0.009839846924065032,0.004454367635502379,0.009329219338482374,1208,0.026080111590509762,0.790178708252832,True,0.05,360,paired cluster influence sandwich; asymptotic Bonferroni bounds,0.0004330161725774051,0.00777856412675948,0.0016282666247281474
208,1.0,test,state_CO,mlp_stronger,mlp_base:C1:E8,mlp_base,mlp,1.0,8.0,7.998197999765249,0.834032135461718,0.8254698435165526,0.008562291945165335,0.004542868926885484,0.009323584005817873,1208,0.025125225172670962,0.7914768091995197,True,0.05,360,paired cluster influence sandwich; asymptotic Bonferroni bounds,0.0004330161725774051,0.00777856412675948,0.0003507116458284498
208,1.0,test,state_CO,mlp_stronger,mlp_base:C5:E2,mlp_base,mlp,5.0,2.0,1.9909995955023065,0.834032135461718,0.8086770988964903,0.02535503656522764,0.004420652968033093,0.009604479695941854,1208,0.04147238027685975,0.7736599415782668,True,0.05,360,paired cluster influence sandwich; asymptotic Bonferroni bounds,0.0004330161725774051,-0.0001179523472516486,0.025039972739901883
208,1.0,test,state_CO,mlp_stronger,mlp_base:C5:E8,mlp_base,mlp,5.0,8.0,7.998197999765249,0.834032135461718,0.8274351917380934,0.006596943723624515,0.0016825806512593363,0.009165989644183395,1208,0.012731496893708488,0.7940167337363346,True,0.05,360,paired cluster influence sandwich; asymptotic Bonferroni bounds,0.0004330161725774051,-0.0001179523472516486,0.006281879898298759
208,1.0,test,state_CO,mlp_stronger,mlp_stronger:C1:E2,mlp_stronger,mlp,1.0,2.0,1.9948093103901194,0.834032135461718,0.8261309008938167,0.00790123456790126,0.004261920849050336,0.009284653623480094,1208,0.02343985379285215,0.7922798036067883,True,0.05,360,paired cluster influence sandwich; asymptotic Bonferroni bounds,0.0,0.00928520877565464,-0.00138397420775338
208,1.0,test,state_CO,mlp_stronger,mlp_stronger:C1:E8,mlp_stronger,mlp,1.0,8.0,7.995742559457445,0.834032135461718,0.825580456606642,0.008451678855075917,0.004460699931541191,0.009341196231816694,1208,0.024715030561484958,0.7915232095359723,True,0.05,360,paired cluster influence sandwich; asymptotic Bonferroni bounds,0.0,0.00928520877565464,-0.0008335299205787239
208,1.0,test,state_CO,mlp_stronger,mlp_stronger:C5:E2,mlp_stronger,mlp,5.0,2.0,1.9948093103901194,0.834032135461718,0.8133207517496265,0.02071138371209147,0.003748892117196975,0.009509152067489974,1208,0.034379541612659686,0.7786511512661248,True,0.05,360,paired cluster influence sandwich; asymptotic Bonferroni bounds,0.0,-0.0002327592985766902,0.02094414301066816
208,1.0,test,state_CO,mlp_stronger,mlp_stronger:C5:E8,mlp_stronger,mlp,5.0,8.0,7.995742559457445,0.834032135461718,0.8290980577180153,0.004934077743702692,0.0014634155318088663,0.009144998255941988,1208,0.010269572587940333,0.7957561326225302,True,0.05,360,paired cluster influence sandwich; asymptotic Bonferroni bounds,0.0,-0.0002327592985766902,0.005166837042279382
208,1.0,test,state_CO,mlp_stronger,logistic:C1:E2,logistic,logistic,1.0,2.0,1.9948093103901194,0.834032135461718,0.8276553694529631,0.006376766008754808,0.003727185325864607,0.009315970749095704,1208,0.019965782701155285,0.7936900924550963,True,0.05,360,paired cluster influence sandwich; asymptotic Bonferroni bounds,-0.001893528347880702,0.005244423475138205,0.0030258708814973057
208,1.0,test,state_CO,mlp_stronger,logistic:C1:E8,logistic,logistic,1.0,8.0,7.995742559457445,0.834032135461718,0.8300458703572645,0.003986265104453435,0.0037912509461640064,0.009254668892280554,1208,0.017808859874556708,0.7963040949786371,True,0.05,360,paired cluster influence sandwich; asymptotic Bonferroni bounds,-0.001893528347880702,0.005244423475138205,0.000635369977195932
208,1.0,test,state_CO,mlp_stronger,logistic:C5:E2,logistic,logistic,5.0,2.0,1.9948093103901194,0.834032135461718,0.8006091583444732,0.033422977117244734,0.004548927697448816,0.010012133338826727,1208,0.05000800013292086,0.7641057287662044,True,0.05,360,paired cluster influence sandwich; asymptotic Bonferroni bounds,-0.001893528347880702,0.0,0.035316505465125436
208,1.0,test,state_CO,mlp_stronger,logistic:C5:E8,logistic,logistic,5.0,8.0,7.995742559457445,0.834032135461718,0.8284259914550077,0.005606144006710223,0.0020291832640891207,0.00928564756736989,1208,0.013004382311710572,0.7945712703288276,True,0.05,360,paired cluster influence sandwich; asymptotic Bonferroni bounds,-0.001893528347880702,0.0,0.007499672354590925
208,1.0,test,state_UT,mlp_stronger,mlp_base:C1:E2,mlp_base,mlp,1.0,2.0,1.9909995955023065,0.8731749287749287,0.8570985754985755,0.01607635327635326,0.004213798942270837,0.008510489663580307,1115,0.03144330970422583,0.826062371438583,True,0.05,360,paired cluster influence sandwich; asymptotic Bonferroni bounds,0.0007920227920227285,0.013576638176638012,0.001707692307692521
208,1.0,test,state_UT,mlp_stronger,mlp_base:C1:E8,mlp_base,mlp,1.0,8.0,7.998197999765249,0.8731749287749287,0.8585025641025641,0.014672364672364657,0.004191404374499507,0.008482860774554632,1115,0.029957652194843844,0.82756711756319,True,0.05,360,paired cluster influence sandwich; asymptotic Bonferroni bounds,0.0007920227920227285,0.013576638176638012,0.00030370370370391697
208,1.0,test,state_UT,mlp_stronger,mlp_base:C5:E2,mlp_base,mlp,5.0,2.0,1.9909995955023065,0.8731749287749287,0.8512558404558406,0.021919088319088176,0.004134067329449272,0.008550184196923053,1115,0.036995278092704406,0.8200748776703702,True,0.05,360,paired cluster influence sandwich; asymptotic Bonferroni bounds,0.0007920227920227285,-0.00017207977207966962,0.021299145299145117
208,1.0,test,state_UT,mlp_stronger,mlp_base:C5:E8,mlp_base,mlp,5.0,8.0,7.998197999765249,0.8731749287749287,0.8687304843304845,0.004444444444444251,0.0015941174776641792,0.008062567527877838,1115,0.010257900225268516,0.8393277706284135,True,0.05,360,paired cluster influence sandwich; asymptotic Bonferroni bounds,0.0007920227920227285,-0.00017207977207966962,0.003824501424501192
208,1.0,test,state_UT,mlp_stronger,mlp_stronger:C1:E2,mlp_stronger,mlp,1.0,2.0,1.9948093103901194,0.8731749287749287,0.8622256410256409,0.010949287749287828,0.00394099594929102,0.008381740194540783,1115,0.02532138140275026,0.831658962803959,True,0.05,360,paired cluster influence sandwich; asymptotic Bonferroni bounds,0.0,0.013507692307692332,-0.0025584045584045034
208,1.0,test,state_UT,mlp_stronger,mlp_stronger:C1:E8,mlp_stronger,mlp,1.0,8.0,7.995742559457445,0.8731749287749287,0.8607680911680912,0.012406837606837584,0.004079518039161415,0.008439663221160009,1115,0.02728409606490958,0.829990178229608,True,0.05,360,paired cluster influence sandwich; asymptotic Bonferroni bounds,0.0,0.013507692307692332,-0.0011008547008547476
208,1.0,test,state_UT,mlp_stronger,mlp_stronger:C5:E2,mlp_stronger,mlp,5.0,2.0,1.9948093103901194,0.8731749287749287,0.8626233618233619,0.010551566951566893,0.002998683103147385,0.00826722059173645,1115,0.021487217469868675,0.8324743157124049,True,0.05,360,paired cluster influence sandwich; asymptotic Bonferroni bounds,0.0,-0.0001971509971510077,0.0107487179487179
208,1.0,test,state_UT,mlp_stronger,mlp_stronger:C5:E8,mlp_stronger,mlp,5.0,8.0,7.995742559457445,0.8731749287749287,0.8718541310541311,0.0013207977207976285,0.001017645057729956,0.00800095356277968,1115,0.005031963696065697,0.8426761122485142,True,0.05,360,paired cluster influence sandwich; asymptotic Bonferroni bounds,0.0,-0.0001971509971510077,0.0015179487179486362
208,1.0,test,state_UT,mlp_stronger,logistic:C1:E2,logistic,logistic,1.0,2.0,1.9948093103901194,0.8731749287749287,0.8628330484330483,0.010341880341880438,0.0033719035329704103,0.00837682098142177,1115,0.022638597717347348,0.8322843096846765,True,0.05,360,paired cluster influence sandwich; asymptotic Bonferroni bounds,0.0005424501424499129,0.008172079772079899,0.0016273504273506267
208,1.0,test,state_UT,mlp_stronger,logistic:C1:E8,logistic,logistic,1.0,8.0,7.995742559457445,0.8731749287749287,0.864234757834758,0.008940170940170744,0.003374058058595354,0.00833835530350558,1115,0.02124474547775071,0.8338262964001842,True,0.05,360,paired cluster influence sandwich; asymptotic Bonferroni bounds,0.0005424501424499129,0.008172079772079899,0.00022564102564093247
208,1.0,test,state_UT,mlp_stronger,logistic:C5:E2,logistic,logistic,5.0,2.0,1.9948093103901194,0.8731749287749287,0.846350997150997,0.026823931623931707,0.004128822861095647,0.00877888293035987,1115,0.0418809957777019,0.814336011784008,True,0.05,360,paired cluster influence sandwich; asymptotic Bonferroni bounds,0.0005424501424499129,0.0,0.026281481481481794
208,1.0,test,state_UT,mlp_stronger,logistic:C5:E8,logistic,logistic,5.0,8.0,7.995742559457445,0.8731749287749287,0.8681299145299144,0.0050450142450143565,0.0017602626338371866,0.008171068565140945,1115,0.011464371116657348,0.8383315173282642,True,0.05,360,paired cluster influence sandwich; asymptotic Bonferroni bounds,0.0005424501424499129,0.0,0.004502564102564444
209,1.0,validation,source,mlp_base,mlp_base:C1:E2,mlp_base,mlp,1.0,2.0,1.9909995955023065,0.8527028604050427,0.8380623008350865,0.014640559569956246,0.004644849416815134,0.009074593497772475,1148,0.03157792004734099,0.8049719576474074,True,0.05,360,paired cluster influence sandwich; asymptotic Bonferroni bounds,,,
209,1.0,validation,source,mlp_base,mlp_base:C1:E8,mlp_base,mlp,1.0,8.0,7.998197999765249,0.8527028604050427,0.8371681285673583,0.01553473183768439,0.004601314595242533,0.00910214199726848,1148,0.03231334336539933,0.8039773302680698,True,0.05,360,paired cluster influence sandwich; asymptotic Bonferroni bounds,,,
209,1.0,validation,source,mlp_base,mlp_base:C5:E2,mlp_base,mlp,5.0,2.0,1.9909995955023065,0.8527028604050427,0.8505107978792189,0.0021920625258238235,0.002717964769729114,0.008750948623601418,1148,0.012103072536843567,0.8186006199474141,True,0.05,360,paired cluster influence sandwich; asymptotic Bonferroni bounds,,,
209,1.0,validation,source,mlp_base,mlp_base:C5:E8,mlp_base,mlp,5.0,8.0,7.998197999765249,0.8527028604050427,0.8541043085330633,-0.001401448128020566,0.0009314734170409098,0.008626063198462137,1148,0.001995153058319063,0.8226495230745424,True,0.05,360,paired cluster influence sandwich; asymptotic Bonferroni bounds,,,
209,1.0,validation,source,mlp_base,mlp_stronger:C1:E2,mlp_stronger,mlp,1.0,2.0,1.9948093103901194,0.8527028604050427,0.8335725152156473,0.01913034518939538,0.004861122311542326,0.00920124241047406,1148,0.03685634091644417,0.8000203490287705,True,0.05,360,paired cluster influence sandwich; asymptotic Bonferroni bounds,,,
209,1.0,validation,source,mlp_base,mlp_stronger:C1:E8,mlp_stronger,mlp,1.0,8.0,7.995742559457445,0.8527028604050427,0.8335125883264524,0.019190272078590365,0.004876716919067646,0.009219059109063196,1148,0.03697313326358134,0.7998954538662384,True,0.05,360,paired cluster influence sandwich; asymptotic Bonferroni bounds,,,
209,1.0,validation,source,mlp_base,mlp_stronger:C5:E2,mlp_stronger,mlp,5.0,2.0,1.9948093103901194,0.8527028604050427,0.8457786763306661,0.006924184074376671,0.002549213618891663,0.008883851220307262,1148,0.01621984602645606,0.8133838714525843,True,0.05,360,paired cluster influence sandwich; asymptotic Bonferroni bounds,,,
209,1.0,validation,source,mlp_base,mlp_stronger:C5:E8,mlp_stronger,mlp,5.0,8.0,7.995742559457445,0.8527028604050427,0.8521466968193542,0.0005561635856885516,0.0010750621477201823,0.00872741605767762,1148,0.004476358515067654,0.820322329969081,True,0.05,360,paired cluster influence sandwich; asymptotic Bonferroni bounds,,,
209,1.0,validation,source,mlp_base,logistic:C1:E2,logistic,logistic,1.0,2.0,1.9948093103901194,0.8527028604050427,0.8414891726830109,0.011213687722031795,0.003837364326755702,0.009007305190653105,1148,0.02520656823394376,0.8086441951059946,True,0.05,360,paired cluster influence sandwich; asymptotic Bonferroni bounds,,,
209,1.0,validation,source,mlp_base,logistic:C1:E8,logistic,logistic,1.0,8.0,7.995742559457445,0.8527028604050427,0.8421778062342888,0.01052505417075389,0.0038487270870613656,0.008999301980716534,1148,0.02455936878526957,0.8093620122194309,True,0.05,360,paired cluster influence sandwich; asymptotic Bonferroni bounds,,,
209,1.0,validation,source,mlp_base,logistic:C5:E2,logistic,logistic,5.0,2.0,1.9948093103901194,0.8527028604050427,0.8352925220704424,0.017410338334600373,0.003592094664927442,0.00915822811484518,1148,0.03050884740327189,0.801897206744674,True,0.05,360,paired cluster influence sandwich; asymptotic Bonferroni bounds,,,
209,1.0,validation,source,mlp_base,logistic:C5:E8,logistic,logistic,5.0,8.0,7.995742559457445,0.8527028604050427,0.8494752191799688,0.0032276412250739073,0.0018305918926250031,0.008801198936453486,1148,0.009902861881339518,0.8173818043794302,True,0.05,360,paired cluster influence sandwich; asymptotic Bonferroni bounds,,,
209,1.0,validation,state_OR,mlp_base,mlp_base:C1:E2,mlp_base,mlp,1.0,2.0,1.9909995955023065,0.8382329064542461,0.8186241631404445,0.01960874331380158,0.005504812994656565,0.009972241315649036,1220,0.03967826388701459,0.7822672328614806,True,0.05,360,paired cluster influence sandwich; asymptotic Bonferroni bounds,,,
209,1.0,validation,state_OR,mlp_base,mlp_base:C1:E8,mlp_base,mlp,1.0,8.0,7.998197999765249,0.8382329064542461,0.8185916909181912,0.019641215536054912,0.0054851670034730396,0.009958230519256858,1220,0.03963911049280799,0.7822858413874222,True,0.05,360,paired cluster influence sandwich; asymptotic Bonferroni bounds,,,
209,1.0,validation,state_OR,mlp_base,mlp_base:C5:E2,mlp_base,mlp,5.0,2.0,1.9909995955023065,0.8382329064542461,0.8310677426542794,0.007165163799966678,0.003231063979018832,0.009576070852608467,1220,0.018945019911923766,0.7961551759288477,True,0.05,360,paired cluster influence sandwich; asymptotic Bonferroni bounds,,,
209,1.0,validation,state_OR,mlp_base,mlp_base:C5:E8,mlp_base,mlp,5.0,8.0,7.998197999765249,0.8382329064542461,0.8379843259942379,0.00024858046000819645,0.0010838594167959402,0.009399377704824389,1220,0.004200129565304166,0.8037159495016153,True,0.05,360,paired cluster influence sandwich; asymptotic Bonferroni bounds,,,
209,1.0,validation,state_OR,mlp_base,mlp_stronger:C1:E2,mlp_stronger,mlp,1.0,2.0,1.9948093103901194,0.8382329064542461,0.8141217215652506,0.02411118488899544,0.005794238036073167,0.010098255465436298,1220,0.04523589513509141,0.7773053672197242,True,0.05,360,paired cluster influence sandwich; asymptotic Bonferroni bounds,,,
209,1.0,validation,state_OR,mlp_base,mlp_stronger:C1:E8,mlp_stronger,mlp,1.0,8.0,7.995742559457445,0.8382329064542461,0.8149312876579802,0.02330161879626591,0.005835182202160137,0.010074769964716096,1220,0.044575603828704874,0.778200557063948,True,0.05,360,paired cluster influence sandwich; asymptotic Bonferroni bounds,,,
209,1.0,validation,state_OR,mlp_base,mlp_stronger:C5:E2,mlp_stronger,mlp,5.0,2.0,1.9948093103901194,0.8382329064542461,0.8243963805789236,0.01383652587532247,0.0028705881486328897,0.009775831042597436,1220,0.02430215440114735,0.7887555254908202,True,0.05,360,paired cluster influence sandwich; asymptotic Bonferroni bounds,,,
209,1.0,validation,state_OR,mlp_base,mlp_stronger:C5:E8,mlp_stronger,mlp,5.0,8.0,7.995742559457445,0.8382329064542461,0.8360807819311119,0.00215212452313418,0.0011729539224303667,0.009461687750175652,1220,0.006428495564348051,0.8015852346448021,True,0.05,360,paired cluster influence sandwich; asymptotic Bonferroni bounds,,,
209,1.0,validation,state_OR,mlp_base,logistic:C1:E2,logistic,logistic,1.0,2.0,1.9948093103901194,0.8382329064542461,0.8235409054823188,0.014692000971927244,0.004631432059929606,0.009836828357919512,1220,0.0315773376946136,0.7876776655691622,True,0.05,360,paired cluster influence sandwich; asymptotic Bonferroni bounds,,,
209,1.0,validation,state_OR,mlp_base,logistic:C1:E8,logistic,logistic,1.0,8.0,7.995742559457445,0.8382329064542461,0.8254220549094081,0.012810851544837965,0.004590236739416334,0.00978017253860704,1220,0.02954599781902702,0.7897653715372979,True,0.05,360,paired cluster influence sandwich; asymptotic Bonferroni bounds,,,
209,1.0,validation,state_OR,mlp_base,logistic:C5:E2,logistic,logistic,5.0,2.0,1.9948093103901194,0.8382329064542461,0.8067046181098704,0.03152828834437571,0.004607773385027936,0.010252949375670915,1220,0.04832736995482938,0.7693242786449551,True,0.05,360,paired cluster influence sandwich; asymptotic Bonferroni bounds,,,
209,1.0,validation,state_OR,mlp_base,logistic:C5:E8,logistic,logistic,5.0,8.0,7.995742559457445,0.8382329064542461,0.831751898785203,0.006481007669043137,0.002183602406171973,0.009605038013768498,1220,0.014442014420212517,0.7967337231975967,True,0.05,360,paired cluster influence sandwich; asymptotic Bonferroni bounds,,,
209,1.0,validation,state_WA,mlp_base,mlp_base:C1:E2,mlp_base,mlp,1.0,2.0,1.9909995955023065,0.8297169575767581,0.8128004516775356,0.016916505899222556,0.005394859924483218,0.009858532010709126,1239,0.03658427610996413,0.7768596960479183,True,0.05,360,paired cluster influence sandwich; asymptotic Bonferroni bounds,,,
209,1.0,validation,state_WA,mlp_base,mlp_base:C1:E8,mlp_base,mlp,1.0,8.0,7.998197999765249,0.8297169575767581,0.8130959988015054,0.016620958775252714,0.005355117665644699,0.009820192637555007,1239,0.0361438426264904,0.7772950151014236,True,0.05,360,paired cluster influence sandwich; asymptotic Bonferroni bounds,,,
209,1.0,validation,state_WA,mlp_base,mlp_base:C5:E2,mlp_base,mlp,5.0,2.0,1.9909995955023065,0.8297169575767581,0.8244837352264656,0.0052332223502925546,0.0033095487427448984,0.00974232447968404,1239,0.017298678188757265,0.7889666315635261,True,0.05,360,paired cluster influence sandwich; asymptotic Bonferroni bounds,,,
209,1.0,validation,state_WA,mlp_base,mlp_base:C5:E8,mlp_base,mlp,5.0,8.0,7.998197999765249,0.8297169575767581,0.8310897230111972,-0.0013727654344390938,0.0011299951200876104,0.009546984137044965,1239,0.002746801092262036,0.7962847618367915,True,0.05,360,paired cluster influence sandwich; asymptotic Bonferroni bounds,,,
209,1.0,validation,state_WA,mlp_base,mlp_stronger:C1:E2,mlp_stronger,mlp,1.0,2.0,1.9948093103901194,0.8297169575767581,0.8104972223665986,0.019219735210159516,0.0056099553045927866,0.009786561025797013,1239,0.03967166785859262,0.7748188477464804,True,0.05,360,paired cluster influence sandwich; asymptotic Bonferroni bounds,,,
209,1.0,validation,state_WA,mlp_base,mlp_stronger:C1:E8,mlp_stronger,mlp,1.0,8.0,7.995742559457445,0.8297169575767581,0.8104737824222837,0.01924317515447438,0.005677253473110696,0.009785067797523432,1239,0.03994045336007518,0.7748008515895795,True,0.05,360,paired cluster influence sandwich; asymptotic Bonferroni bounds,,,
209,1.0,validation,state_WA,mlp_base,mlp_stronger:C5:E2,mlp_stronger,mlp,5.0,2.0,1.9948093103901194,0.8297169575767581,0.8081695339833331,0.021547423593424986,0.003894265970025781,0.010022236431315446,1239,0.03574455369691224,0.7716319693592216,True,0.05,360,paired cluster influence sandwich; asymptotic Bonferroni bounds,,,
209,1.0,validation,state_WA,mlp_base,mlp_stronger:C5:E8,mlp_stronger,mlp,5.0,8.0,7.995742559457445,0.8297169575767581,0.8302856310083966,-0.0005686734316384667,0.0012529337875143017,0.009507688229241714,1239,0.003999084428073883,0.7956239289539153,True,0.05,360,paired cluster influence sandwich; asymptotic Bonferroni bounds,,,
209,1.0,validation,state_WA,mlp_base,logistic:C1:E2,logistic,logistic,1.0,2.0,1.9948093103901194,0.8297169575767581,0.817405891171396,0.01231106640536217,0.0045011178293967846,0.009695959662645177,1239,0.028720565891769682,0.7820578173961918,True,0.05,360,paired cluster influence sandwich; asymptotic Bonferroni bounds,,,
209,1.0,validation,state_WA,mlp_base,logistic:C1:E8,logistic,logistic,1.0,8.0,7.995742559457445,0.8297169575767581,0.8181488354933751,0.011568122083382981,0.004512970545492241,0.009710504251800036,1239,0.028020832422305988,0.7827477372390721,True,0.05,360,paired cluster influence sandwich; asymptotic Bonferroni bounds,,,
209,1.0,validation,state_WA,mlp_base,logistic:C5:E2,logistic,logistic,5.0,2.0,1.9948093103901194,0.8297169575767581,0.7981148170002783,0.03160214057647981,0.005395661260399392,0.010035525501129926,1239,0.05127283217737451,0.761528805080948,True,0.05,360,paired cluster influence sandwich; asymptotic Bonferroni bounds,,,
209,1.0,validation,state_WA,mlp_base,logistic:C5:E8,logistic,logistic,5.0,8.0,7.995742559457445,0.8297169575767581,0.8268786860586346,0.0028382715181235474,0.0023099129282716496,0.009456871849770865,1239,0.011259405211306485,0.7924022427297486,True,0.05,360,paired cluster influence sandwich; asymptotic Bonferroni bounds,,,
209,1.0,validation,proxy_0.5,mlp_base,mlp_base:C1:E2,mlp_base,mlp,1.0,2.0,1.9909995955023065,0.8504534993623568,0.8356746874076784,0.01477881195467845,0.004664366584241844,0.009115805695855822,1148,0.03178734143465926,0.8024340646754189,True,0.05,360,paired cluster influence sandwich; asymptotic Bonferroni bounds,,,
209,1.0,validation,proxy_0.5,mlp_base,mlp_base:C1:E8,mlp_base,mlp,1.0,8.0,7.998197999765249,0.8504534993623568,0.8347484489974861,0.015705050364870687,0.004614525815154435,0.009148289103875978,1148,0.032531836370144326,0.8013893760977833,True,0.05,360,paired cluster influence sandwich; asymptotic Bonferroni bounds,,,
209,1.0,validation,proxy_0.5,mlp_base,mlp_base:C5:E2,mlp_base,mlp,5.0,2.0,1.9909995955023065,0.8504534993623568,0.8511431842625682,-0.0006896849002113736,0.002616246355760705,0.00871157396781095,1148,0.00885041073017553,0.8193765853101769,True,0.05,360,paired cluster influence sandwich; asymptotic Bonferroni bounds,,,
209,1.0,validation,proxy_0.5,mlp_base,mlp_base:C5:E8,mlp_base,mlp,5.0,8.0,7.998197999765249,0.8504534993623568,0.8526150727691164,-0.002161573406759598,0.000898926485729536,0.008626283244844025,1148,0.0011163459755891914,0.8211594849153924,True,0.05,360,paired cluster influence sandwich; asymptotic Bonferroni bounds,,,
209,1.0,validation,proxy_0.5,mlp_base,mlp_stronger:C1:E2,mlp_stronger,mlp,1.0,2.0,1.9948093103901194,0.8504534993623568,0.8308195580339354,0.019633941328421445,0.004904184001057695,0.009261169375189515,1148,0.03751696073753981,0.7970488692400549,True,0.05,360,paired cluster influence sandwich; asymptotic Bonferroni bounds,,,
209,1.0,validation,proxy_0.5,mlp_base,mlp_stronger:C1:E8,mlp_stronger,mlp,1.0,8.0,7.995742559457445,0.8504534993623568,0.8306429314131497,0.019810567949207103,0.00490379328500026,0.009282189740788675,1148,0.037692162619197195,0.7967955922313729,True,0.05,360,paired cluster influence sandwich; asymptotic Bonferroni bounds,,,
209,1.0,validation,proxy_0.5,mlp_base,mlp_stronger:C5:E2,mlp_stronger,mlp,5.0,2.0,1.9948093103901194,0.8504534993623568,0.8450337956114592,0.00541970375089762,0.0024184375822599554,0.008865150246402258,1148,0.014238493220046512,0.8127071835008675,True,0.05,360,paired cluster influence sandwich; asymptotic Bonferroni bounds,,,
209,1.0,validation,proxy_0.5,mlp_base,mlp_stronger:C5:E8,mlp_stronger,mlp,5.0,8.0,7.995742559457445,0.8504534993623568,0.8499131060106669,0.0005403933516898718,0.00104406803105436,0.0087389825709097,1148,0.004347568787961897,0.8180465620763814,True,0.05,360,paired cluster influence sandwich; asymptotic Bonferroni bounds,,,
209,1.0,validation,proxy_0.5,mlp_base,logistic:C1:E2,logistic,logistic,1.0,2.0,1.9948093103901194,0.8504534993623568,0.8393438951847169,0.011109604177639953,0.003861822350289749,0.009034657323496323,1148,0.02519167043573797,0.806399178543585,True,0.05,360,paired cluster influence sandwich; asymptotic Bonferroni bounds,,,
209,1.0,validation,proxy_0.5,mlp_base,logistic:C1:E8,logistic,logistic,1.0,8.0,7.995742559457445,0.8504534993623568,0.8394900326864384,0.01096346667591841,0.0038709995732552674,0.009041687171483693,1148,0.025078997513726074,0.8065196818301192,True,0.05,360,paired cluster influence sandwich; asymptotic Bonferroni bounds,,,
209,1.0,validation,proxy_0.5,mlp_base,logistic:C5:E2,logistic,logistic,5.0,2.0,1.9948093103901194,0.8504534993623568,0.8369247412893113,0.013528758073045544,0.003437448773509344,0.009118390742151403,1148,0.026063353659438702,0.8036746922318839,True,0.05,360,paired cluster influence sandwich; asymptotic Bonferroni bounds,,,
209,1.0,validation,proxy_0.5,mlp_base,logistic:C5:E8,logistic,logistic,5.0,8.0,7.995742559457445,0.8504534993623568,0.8478408972632336,0.0026126020991231735,0.0018033578382410536,0.008804106780624713,1148,0.009188514262266969,0.8157368790608363,True,0.05,360,paired cluster influence sandwich; asymptotic Bonferroni bounds,,,
209,1.0,validation,proxy_0.75,mlp_base,mlp_base:C1:E2,mlp_base,mlp,1.0,2.0,1.9909995955023065,0.8517345680375206,0.836509458460678,0.015225109576842533,0.004688263210177117,0.00909397693459998,1148,0.03232077767668767,0.8033484339166455,True,0.05,360,paired cluster influence sandwich; asymptotic Bonferroni bounds,,,
209,1.0,validation,proxy_0.75,mlp_base,mlp_base:C1:E8,mlp_base,mlp,1.0,8.0,7.998197999765249,0.8517345680375206,0.8356047727036174,0.01612979533390313,0.0046411920104774945,0.00912148186552657,1148,0.03305381914437061,0.802343451919986,True,0.05,360,paired cluster influence sandwich; asymptotic Bonferroni bounds,,,
209,1.0,validation,proxy_0.75,mlp_base,mlp_base:C5:E2,mlp_base,mlp,5.0,2.0,1.9909995955023065,0.8517345680375206,0.8503520441902983,0.0013825238472222612,0.0026994538845747517,0.008761370949420068,1148,0.011226034245987646,0.8184038614334578,True,0.05,360,paired cluster influence sandwich; asymptotic Bonferroni bounds,,,
209,1.0,validation,proxy_0.75,mlp_base,mlp_base:C5:E8,mlp_base,mlp,5.0,8.0,7.998197999765249,0.8517345680375206,0.853460882985915,-0.0017263149483944806,0.0009277505983626728,0.008635244496788541,1148,0.001656711046095662,0.8219726180869539,True,0.05,360,paired cluster influence sandwich; asymptotic Bonferroni bounds,,,
209,1.0,validation,proxy_0.75,mlp_base,mlp_stronger:C1:E2,mlp_stronger,mlp,1.0,2.0,1.9948093103901194,0.8517345680375206,0.832075394334701,0.019659173702819555,0.004906692314904886,0.009217072258556933,1148,0.037551339633602646,0.7984655048893884,True,0.05,360,paired cluster influence sandwich; asymptotic Bonferroni bounds,,,
209,1.0,validation,proxy_0.75,mlp_base,mlp_stronger:C1:E8,mlp_stronger,mlp,1.0,8.0,7.995742559457445,0.8517345680375206,0.8319019217607151,0.019832646276805477,0.004906217878398592,0.009235459272340162,1148,0.03772308218333813,0.7982249843978916,True,0.05,360,paired cluster influence sandwich; asymptotic Bonferroni bounds,,,
209,1.0,validation,proxy_0.75,mlp_base,mlp_stronger:C5:E2,mlp_stronger,mlp,5.0,2.0,1.9948093103901194,0.8517345680375206,0.8461161593382389,0.005618408699281652,0.0024890511573387795,0.0088894597957105,1148,0.014694689309343997,0.8137009028900749,True,0.05,360,paired cluster influence sandwich; asymptotic Bonferroni bounds,,,
209,1.0,validation,proxy_0.75,mlp_base,mlp_stronger:C5:E8,mlp_stronger,mlp,5.0,8.0,7.995742559457445,0.8517345680375206,0.8513350554428861,0.00039951259463444355,0.0010653027533308258,0.008733947186880118,1148,0.004284120066599946,0.8194868729465715,True,0.05,360,paired cluster influence sandwich; asymptotic Bonferroni bounds,,,
209,1.0,validation,proxy_0.75,mlp_base,logistic:C1:E2,logistic,logistic,1.0,2.0,1.9948093103901194,0.8517345680375206,0.8404714669156261,0.011263101121894437,0.003874239763027104,0.009011036834606542,1148,0.02539044725386041,0.8076128819655519,True,0.05,360,paired cluster influence sandwich; asymptotic Bonferroni bounds,,,
209,1.0,validation,proxy_0.75,mlp_base,logistic:C1:E8,logistic,logistic,1.0,8.0,7.995742559457445,0.8517345680375206,0.8408625687187947,0.010871999318725845,0.003878132069239786,0.009016022967908845,1148,0.025013538675809924,0.8079858019226474,True,0.05,360,paired cluster influence sandwich; asymptotic Bonferroni bounds,,,
209,1.0,validation,proxy_0.75,mlp_base,logistic:C5:E2,logistic,logistic,5.0,2.0,1.9948093103901194,0.8517345680375206,0.8362818414166295,0.015452726620891033,0.0034900494590199807,0.009139497157365459,1148,0.02817912966795793,0.8029548281929212,True,0.05,360,paired cluster influence sandwich; asymptotic Bonferroni bounds,,,
209,1.0,validation,proxy_0.75,mlp_base,logistic:C5:E8,logistic,logistic,5.0,8.0,7.995742559457445,0.8517345680375206,0.8486709372460336,0.003063630791486971,0.0018163631000994009,0.00881303294160007,1148,0.009686966409823992,0.8165343699569917,True,0.05,360,paired cluster influence sandwich; asymptotic Bonferroni bounds,,,
209,1.0,test,source,mlp_base,mlp_base:C1:E2,mlp_base,mlp,1.0,2.0,1.9909995955023065,0.8646882227195547,0.8464288649187459,0.018259357800808784,0.004758808515939374,0.009157994544814781,1106,0.03561431682564936,0.8130304586700758,True,0.05,360,paired cluster influence sandwich; asymptotic Bonferroni bounds,0.0,0.018130222124036477,0.0001291356767723073
209,1.0,test,source,mlp_base,mlp_base:C1:E8,mlp_base,mlp,1.0,8.0,7.998197999765249,0.8646882227195547,0.8466850017982943,0.018003220921260388,0.00472523267132255,0.009165447102396659,1106,0.035235731773286774,0.813259416723027,True,0.05,360,paired cluster influence sandwich; asymptotic Bonferroni bounds,0.0,0.018130222124036477,-0.00012700120277608917
209,1.0,test,source,mlp_base,mlp_base:C5:E2,mlp_base,mlp,5.0,2.0,1.9909995955023065,0.8646882227195547,0.858096967019175,0.006591255700379661,0.002742375881435902,0.008897012261465208,1106,0.016592461021757522,0.8256503403637729,True,0.05,360,paired cluster influence sandwich; asymptotic Bonferroni bounds,0.0,-0.0003094987294542939,0.006900754429833955
209,1.0,test,source,mlp_base,mlp_base:C5:E8,mlp_base,mlp,5.0,8.0,7.998197999765249,0.8646882227195547,0.8646412642916375,4.695842791724303e-05,0.0008865974037058783,0.008736409374567496,1106,0.003280301724103271,0.8327803423377473,True,0.05,360,paired cluster influence sandwich; asymptotic Bonferroni bounds,0.0,-0.0003094987294542939,0.00035645715737153694
209,1.0,test,source,mlp_base,mlp_stronger:C1:E2,mlp_stronger,mlp,1.0,2.0,1.9948093103901194,0.8646882227195547,0.844168456956731,0.02051976576282366,0.005058905455123602,0.009248426628430255,1106,0.0389691521144999,0.8104402527974242,True,0.05,360,paired cluster influence sandwich; asymptotic Bonferroni bounds,-0.001142477206485748,0.021140364077229523,0.0005218788920798856
209,1.0,test,source,mlp_base,mlp_stronger:C1:E8,mlp_stronger,mlp,1.0,8.0,7.995742559457445,0.8646882227195547,0.8446102930739521,0.02007792964560262,0.005051502432194972,0.00925549241509643,1106,0.03850031781923577,0.8108563206077971,True,0.05,360,paired cluster influence sandwich; asymptotic Bonferroni bounds,-0.001142477206485748,0.021140364077229523,8.004277485884614e-05
209,1.0,test,source,mlp_base,mlp_stronger:C5:E2,mlp_stronger,mlp,5.0,2.0,1.9948093103901194,0.8646882227195547,0.8612912073545436,0.0033970153650111357,0.0024613172321606112,0.008807493633417311,1106,0.01237322434005316,0.8291710473171042,True,0.05,360,paired cluster influence sandwich; asymptotic Bonferroni bounds,-0.001142477206485748,-0.0004316973657390033,0.004971189937235887
209,1.0,test,source,mlp_base,mlp_stronger:C5:E8,mlp_stronger,mlp,5.0,8.0,7.995742559457445,0.8646882227195547,0.8653733888723467,-0.0006851661527920161,0.001023965381509617,0.008693906138810836,1106,0.003049146160769677,0.8336674725070423,True,0.05,360,paired cluster influence sandwich; asymptotic Bonferroni bounds,-0.001142477206485748,-0.0004316973657390033,0.0008890084194327352
209,1.0,test,source,mlp_base,logistic:C1:E2,logistic,logistic,1.0,2.0,1.9948093103901194,0.8646882227195547,0.8551919479102965,0.009496274809258187,0.003977752911137921,0.008991054261289856,1106,0.024002792260530734,0.8224023582951316,True,0.05,360,paired cluster influence sandwich; asymptotic Bonferroni bounds,-0.0016755620870460008,0.010536830882423631,0.0006350060138805569
209,1.0,test,source,mlp_base,logistic:C1:E8,logistic,logistic,1.0,8.0,7.995742559457445,0.8646882227195547,0.8557479783863163,0.008940244333238367,0.003961478279948275,0.008979682201417474,1106,0.023387409625983277,0.8229998616802741,True,0.05,360,paired cluster influence sandwich; asymptotic Bonferroni bounds,-0.0016755620870460008,0.010536830882423631,7.897553786073708e-05
209,1.0,test,source,mlp_base,logistic:C5:E2,logistic,logistic,5.0,2.0,1.9948093103901194,0.8646882227195547,0.8510617407275781,0.01362648199197658,0.003568257089885396,0.009027209772567895,1106,0.02663960394837321,0.8181402951205929,True,0.05,360,paired cluster influence sandwich; asymptotic Bonferroni bounds,-0.0016755620870460008,0.0,0.015302044079022581
209,1.0,test,source,mlp_base,logistic:C5:E8,logistic,logistic,5.0,8.0,7.995742559457445,0.8646882227195547,0.8649464940730993,-0.0002582713535446146,0.0018790245162131612,0.008711433164647932,1106,0.006594366943693766,0.8331766581753718,True,0.05,360,paired cluster influence sandwich; asymptotic Bonferroni bounds,-0.0016755620870460008,0.0,0.0014172907335013862
209,1.0,test,state_CO,mlp_base,mlp_base:C1:E2,mlp_base,mlp,1.0,2.0,1.9909995955023065,0.836909244825875,0.824548893031247,0.012360351794628022,0.005361512946467418,0.009182823047356337,1215,0.031907662383685725,0.7910696314900993,True,0.05,360,paired cluster influence sandwich; asymptotic Bonferroni bounds,0.0,0.011419980900670978,0.0009403708939570432
209,1.0,test,state_CO,mlp_base,mlp_base:C1:E8,mlp_base,mlp,1.0,8.0,7.998197999765249,0.836909244825875,0.8254058607417045,0.01150338408417051,0.0052588093925598775,0.009145583247913078,1215,0.03067625218155178,0.7920623701915551,True,0.05,360,paired cluster influence sandwich; asymptotic Bonferroni bounds,0.0,0.011419980900670978,8.34031834995308e-05
209,1.0,test,state_CO,mlp_base,mlp_base:C5:E2,mlp_base,mlp,5.0,2.0,1.9909995955023065,0.836909244825875,0.8359897247277929,0.0009195200980821605,0.003601988228302884,0.009117171698878533,1215,0.01405185482146602,0.8027498186283087,True,0.05,360,paired cluster influence sandwich; asymptotic Bonferroni bounds,0.0,-0.0003878248032727072,0.0013073449013548677
209,1.0,test,state_CO,mlp_base,mlp_base:C5:E8,mlp_base,mlp,5.0,8.0,7.998197999765249,0.836909244825875,0.8395447854244596,-0.002635540598584618,0.001212040385224011,0.008982832157439192,1215,0.00178338556890046,0.8067946621096346,True,0.05,360,paired cluster influence sandwich; asymptotic Bonferroni bounds,0.0,-0.0003878248032727072,-0.002247715795311911
209,1.0,test,state_CO,mlp_base,mlp_stronger:C1:E2,mlp_stronger,mlp,1.0,2.0,1.9948093103901194,0.836909244825875,0.824138132352512,0.012771112473363044,0.005449069841642068,0.009116741064681968,1215,0.032637642999270876,0.7908997962838148,True,0.05,360,paired cluster influence sandwich; asymptotic Bonferroni bounds,-0.0010435823335375183,0.014071159596161564,-0.0002564647892610017
209,1.0,test,state_CO,mlp_base,mlp_stronger:C1:E8,mlp_stronger,mlp,1.0,8.0,7.995742559457445,0.836909244825875,0.8241537704494181,0.012755474376456966,0.005544371968472977,0.009132713683791512,1215,0.03296946284782942,0.7908572004923068,True,0.05,360,paired cluster influence sandwich; asymptotic Bonferroni bounds,-0.0010435823335375183,0.014071159596161564,-0.00027210288616708045
209,1.0,test,state_CO,mlp_base,mlp_stronger:C5:E2,mlp_stronger,mlp,5.0,2.0,1.9948093103901194,0.836909244825875,0.8271052006055071,0.009804044220367958,0.002803605423327066,0.00920837394596264,1215,0.020025589244342806,0.7935327841366602,True,0.05,360,paired cluster influence sandwich; asymptotic Bonferroni bounds,-0.0010435823335375183,-0.00042222861646645793,0.011269855170371934
209,1.0,test,state_CO,mlp_base,mlp_stronger:C5:E8,mlp_stronger,mlp,5.0,8.0,7.995742559457445,0.836909244825875,0.8357155367620381,0.0011937080638368958,0.0012815399084848023,0.008974565154179801,1215,0.005866019568732234,0.8029955537605846,True,0.05,360,paired cluster influence sandwich; asymptotic Bonferroni bounds,-0.0010435823335375183,-0.00042222861646645793,0.002659519013840872
209,1.0,test,state_CO,mlp_base,logistic:C1:E2,logistic,logistic,1.0,2.0,1.9948093103901194,0.836909244825875,0.8292663855979383,0.007642859227936727,0.004485367470475572,0.009007193120180022,1215,0.02399586852342122,0.7964274456916589,True,0.05,360,paired cluster influence sandwich; asymptotic Bonferroni bounds,-0.0027674218824931263,0.006631074358108169,0.0037792067523216843
209,1.0,test,state_CO,mlp_base,logistic:C1:E8,logistic,logistic,1.0,8.0,7.995742559457445,0.836909244825875,0.832028073511566,0.004881171314308985,0.004393334142637947,0.00895784583825546,1215,0.020898640238680145,0.7993690467484864,True,0.05,360,paired cluster influence sandwich; asymptotic Bonferroni bounds,-0.0027674218824931263,0.006631074358108169,0.0010175188386939427
209,1.0,test,state_CO,mlp_base,logistic:C5:E2,logistic,logistic,5.0,2.0,1.9948093103901194,0.836909244825875,0.8069258003577996,0.029983444468075438,0.004819891284426444,0.009584997984710231,1215,0.047556079819865975,0.7719802664248692,True,0.05,360,paired cluster influence sandwich; asymptotic Bonferroni bounds,-0.0027674218824931263,-5.212698969137008e-07,0.03275138762046548
209,1.0,test,state_CO,mlp_base,logistic:C5:E8,logistic,logistic,5.0,8.0,7.995742559457445,0.836909244825875,0.8338869219638114,0.003022322862063609,0.0022349226795210105,0.00894087764280726,1215,0.011170531808926359,0.8012897588183101,True,0.05,360,paired cluster influence sandwich; asymptotic Bonferroni bounds,-0.0027674218824931263,-5.212698969137008e-07,0.005790266014453649
209,1.0,test,state_UT,mlp_base,mlp_base:C1:E2,mlp_base,mlp,1.0,2.0,1.9909995955023065,0.8621245488576954,0.8594509820556417,0.002673566802053662,0.0050048966509146624,0.008590668679729723,1119,0.020925303491153967,0.8281227382052772,True,0.05,360,paired cluster influence sandwich; asymptotic Bonferroni bounds,0.0,0.0027501564195651085,-7.658961751144666e-05
209,1.0,test,state_UT,mlp_base,mlp_base:C1:E8,mlp_base,mlp,1.0,8.0,7.998197999765249,0.8621245488576954,0.8595699905382366,0.002554558319458833,0.004922203730888749,0.00856290901800052,1119,0.020504732457394374,0.8283429799543706,True,0.05,360,paired cluster influence sandwich; asymptotic Bonferroni bounds,0.0,0.0027501564195651085,-0.00019559810010627565
209,1.0,test,state_UT,mlp_base,mlp_base:C5:E2,mlp_base,mlp,5.0,2.0,1.9909995955023065,0.8621245488576954,0.8644245939866545,-0.002300045128959094,0.0033075591987769557,0.00844261146858185,1119,0.009761882177503064,0.833636281611658,True,0.05,360,paired cluster influence sandwich; asymptotic Bonferroni bounds,0.0,-0.0001178301807868154,-0.0021822149481722786
209,1.0,test,state_UT,mlp_base,mlp_base:C5:E8,mlp_base,mlp,5.0,8.0,7.998197999765249,0.8621245488576954,0.8653259948696739,-0.0032014460119784705,0.0010972324802625175,0.00836654350230764,1119,0.0007999149977079177,0.8348150853238964,True,0.05,360,paired cluster influence sandwich; asymptotic Bonferroni bounds,0.0,-0.0001178301807868154,-0.003083615831191655
209,1.0,test,state_UT,mlp_base,mlp_stronger:C1:E2,mlp_stronger,mlp,1.0,2.0,1.9948093103901194,0.8621245488576954,0.8572605189948143,0.004864029862881147,0.005017256323827014,0.008606355680812762,1119,0.02316083950978537,0.8258750681663282,True,0.05,360,paired cluster influence sandwich; asymptotic Bonferroni bounds,0.0031743450703977105,0.0018416857256983166,-0.00015200093321487973
209,1.0,test,state_UT,mlp_base,mlp_stronger:C1:E8,mlp_stronger,mlp,1.0,8.0,7.995742559457445,0.8621245488576954,0.8573359303105178,0.004788618547177603,0.005072886521278152,0.008620403699117297,1119,0.023288299059688065,0.825899249506873,True,0.05,360,paired cluster influence sandwich; asymptotic Bonferroni bounds,0.0031743450703977105,0.0018416857256983166,-0.00022741224891842382
209,1.0,test,state_UT,mlp_base,mlp_stronger:C5:E2,mlp_stronger,mlp,5.0,2.0,1.9948093103901194,0.8621245488576954,0.8455953310969164,0.01652921776077898,0.002779136084484497,0.008933991306942703,1119,0.026664104367861718,0.8130150665499494,True,0.05,360,paired cluster influence sandwich; asymptotic Bonferroni bounds,0.0031743450703977105,-0.00015200093321499075,0.01350687362359626
209,1.0,test,state_UT,mlp_base,mlp_stronger:C5:E8,mlp_stronger,mlp,5.0,8.0,7.995742559457445,0.8621245488576954,0.8569800831645417,0.005144465693153744,0.0011733711344402665,0.008596467875800515,1119,0.009423487315004975,0.8256306909454743,True,0.05,360,paired cluster influence sandwich; asymptotic Bonferroni bounds,0.0031743450703977105,-0.00015200093321499075,0.002122121555971024
209,1.0,test,state_UT,mlp_base,logistic:C1:E2,logistic,logistic,1.0,2.0,1.9948093103901194,0.8621245488576954,0.8607895329093805,0.001335015948314866,0.004054938086234092,0.008455786903392796,1119,0.016122466599673157,0.8299531726757156,True,0.05,360,paired cluster influence sandwich; asymptotic Bonferroni bounds,-0.0021174083487394135,0.0024343715350561013,0.0010180527619981783
209,1.0,test,state_UT,mlp_base,logistic:C1:E8,logistic,logistic,1.0,8.0,7.995742559457445,0.8621245488576954,0.8616720809634738,0.0004524678942215976,0.004048337910322128,0.008452727475172445,1119,0.0152158491828639,0.8308468777790331,True,0.05,360,paired cluster influence sandwich; asymptotic Bonferroni bounds,-0.0021174083487394135,0.0024343715350561013,0.00013550470790490987
209,1.0,test,state_UT,mlp_base,logistic:C5:E2,logistic,logistic,5.0,2.0,1.9948093103901194,0.8621245488576954,0.8437489321639866,0.018375616693708796,0.0042698933039911225,0.008965166724723023,1119,0.03394696086137627,0.8110549778535365,True,0.05,360,paired cluster influence sandwich; asymptotic Bonferroni bounds,-0.0021174083487394135,0.0,0.02049302504244821
209,1.0,test,state_UT,mlp_base,logistic:C5:E8,logistic,logistic,5.0,8.0,7.995742559457445,0.8621245488576954,0.8614976922959092,0.0006268565617861821,0.0020131700329883415,0.008395216842386501,1119,0.007968436601361128,0.8308822175034106,True,0.05,360,paired cluster influence sandwich; asymptotic Bonferroni bounds,-0.0021174083487394135,0.0,0.0027442649105255956
210,1.0,validation,source,mlp_base,mlp_base:C1:E2,mlp_base,mlp,1.0,2.0,1.9909995955023065,0.8730269934403397,0.8450493955354276,0.027977597904912166,0.004194089722547003,0.00872586907715833,1150,0.04327118852459926,0.8132308417382512,True,0.05,360,paired cluster influence sandwich; asymptotic Bonferroni bounds,,,
210,1.0,validation,source,mlp_base,mlp_base:C1:E8,mlp_base,mlp,1.0,8.0,7.998197999765249,0.8730269934403397,0.844258107831976,0.02876888560836377,0.004226812449471229,0.008756270847058087,1150,0.04418179842253053,0.8123286951229215,True,0.05,360,paired cluster influence sandwich; asymptotic Bonferroni bounds,,,
210,1.0,validation,source,mlp_base,mlp_base:C5:E2,mlp_base,mlp,5.0,2.0,1.9909995955023065,0.8730269934403397,0.8708449576520336,0.0021820357883061137,0.0025970516905168294,0.008018713362533996,1150,0.011652087217918938,0.8416050206034921,True,0.05,360,paired cluster influence sandwich; asymptotic Bonferroni bounds,,,
210,1.0,validation,source,mlp_base,mlp_base:C5:E8,mlp_base,mlp,5.0,8.0,7.998197999765249,0.8730269934403397,0.8736243687421549,-0.0005973753018151395,0.0009548769378573825,0.007812180715717929,1150,0.0028845475815376604,0.8451375452317011,True,0.05,360,paired cluster influence sandwich; asymptotic Bonferroni bounds,,,
210,1.0,validation,source,mlp_base,mlp_stronger:C1:E2,mlp_stronger,mlp,1.0,2.0,1.9948093103901194,0.8730269934403397,0.8439933027243649,0.029033690715974836,0.004395712062061881,0.008819193895313968,1150,0.04506248962263476,0.8118344434835887,True,0.05,360,paired cluster influence sandwich; asymptotic Bonferroni bounds,,,
210,1.0,validation,source,mlp_base,mlp_stronger:C1:E8,mlp_stronger,mlp,1.0,8.0,7.995742559457445,0.8730269934403397,0.844290426565582,0.028736566874757785,0.00436257176156338,0.008793608137196025,1150,0.04464452092058586,0.8122248648306379,True,0.05,360,paired cluster influence sandwich; asymptotic Bonferroni bounds,,,
210,1.0,validation,source,mlp_base,mlp_stronger:C5:E2,mlp_stronger,mlp,5.0,2.0,1.9948093103901194,0.8730269934403397,0.862472320568476,0.010554672871863735,0.002933932307390837,0.008217941838017447,1150,0.021253146815778407,0.8325059043682252,True,0.05,360,paired cluster influence sandwich; asymptotic Bonferroni bounds,,,
210,1.0,validation,source,mlp_base,mlp_stronger:C5:E8,mlp_stronger,mlp,5.0,8.0,7.995742559457445,0.8730269934403397,0.8715684802688918,0.0014585131714479616,0.0011152727784447772,0.007836744929748632,1150,0.005525313462133507,0.842992084274745,True,0.05,360,paired cluster influence sandwich; asymptotic Bonferroni bounds,,,
210,1.0,validation,source,mlp_base,logistic:C1:E2,logistic,logistic,1.0,2.0,1.9948093103901194,0.8730269934403397,0.8510377441106928,0.021989249329646965,0.0037627125912241036,0.008544122053822645,1150,0.03570983944491448,0.8198819240066704,True,0.05,360,paired cluster influence sandwich; asymptotic Bonferroni bounds,,,
210,1.0,validation,source,mlp_base,logistic:C1:E8,logistic,logistic,1.0,8.0,7.995742559457445,0.8730269934403397,0.8519697746862998,0.021057218754039986,0.0035961281972240783,0.008498907259882551,1150,0.034170365134432445,0.8209788286298582,True,0.05,360,paired cluster influence sandwich; asymptotic Bonferroni bounds,,,
210,1.0,validation,source,mlp_base,logistic:C5:E2,logistic,logistic,5.0,2.0,1.9948093103901194,0.8730269934403397,0.8518404997518754,0.02118649368846437,0.0043632299031486485,0.008628807993981873,1150,0.03709684762285963,0.8203758755483421,True,0.05,360,paired cluster influence sandwich; asymptotic Bonferroni bounds,,,
210,1.0,validation,source,mlp_base,logistic:C5:E8,logistic,logistic,5.0,8.0,7.995742559457445,0.8730269934403397,0.86779761383492,0.005229379605419693,0.00199608206344662,0.008017512765767213,1150,0.012508017865717612,0.8385620547173874,True,0.05,360,paired cluster influence sandwich; asymptotic Bonferroni bounds,,,
210,1.0,validation,state_OR,mlp_base,mlp_base:C1:E2,mlp_base,mlp,1.0,2.0,1.9909995955023065,0.829685859417123,0.805689718777491,0.02399614063963207,0.005103756550811069,0.009753353573217495,1232,0.042602954290098,0.7701318251755471,True,0.05,360,paired cluster influence sandwich; asymptotic Bonferroni bounds,,,
210,1.0,validation,state_OR,mlp_base,mlp_base:C1:E8,mlp_base,mlp,1.0,8.0,7.998197999765249,0.829685859417123,0.804106245920713,0.025579613496410025,0.005118912152414265,0.00976140691173357,1232,0.04424168006734422,0.7685189921861804,True,0.05,360,paired cluster influence sandwich; asymptotic Bonferroni bounds,,,
210,1.0,validation,state_OR,mlp_base,mlp_base:C5:E2,mlp_base,mlp,5.0,2.0,1.9909995955023065,0.829685859417123,0.8287562076108855,0.000929651806237497,0.0031649937683672844,0.009362338040876215,1232,0.01246829959764466,0.7946238430427581,True,0.05,360,paired cluster influence sandwich; asymptotic Bonferroni bounds,,,
210,1.0,validation,state_OR,mlp_base,mlp_base:C5:E8,mlp_base,mlp,5.0,8.0,7.998197999765249,0.829685859417123,0.8311297142370669,-0.0014438548199439127,0.0011101341240005258,0.009249762811078399,1232,0.0026033716820761414,0.7974077662516375,True,0.05,360,paired cluster influence sandwich; asymptotic Bonferroni bounds,,,
210,1.0,validation,state_OR,mlp_base,mlp_stronger:C1:E2,mlp_stronger,mlp,1.0,2.0,1.9948093103901194,0.829685859417123,0.8020301370640484,0.027655722353074674,0.005000766555545369,0.009881625552590723,1232,0.045887064401262334,0.7660046010906448,True,0.05,360,paired cluster influence sandwich; asymptotic Bonferroni bounds,,,
210,1.0,validation,state_OR,mlp_base,mlp_stronger:C1:E8,mlp_stronger,mlp,1.0,8.0,7.995742559457445,0.829685859417123,0.8029087091007122,0.026777150316410814,0.005044408447581713,0.009856079219670393,1232,0.04516759802420227,0.7669763076354634,True,0.05,360,paired cluster influence sandwich; asymptotic Bonferroni bounds,,,
210,1.0,validation,state_OR,mlp_base,mlp_stronger:C5:E2,mlp_stronger,mlp,5.0,2.0,1.9948093103901194,0.829685859417123,0.812210902693039,0.017474956724084056,0.003486019697006512,0.009777445465692132,1232,0.030183971787458498,0.7765651770502641,True,0.05,360,paired cluster influence sandwich; asymptotic Bonferroni bounds,,,
210,1.0,validation,state_OR,mlp_base,mlp_stronger:C5:E8,mlp_stronger,mlp,5.0,8.0,7.995742559457445,0.829685859417123,0.8257686086438321,0.00391725077329097,0.001443079918421699,0.0094515704007747,1232,0.009178300914982201,0.7913109288151328,True,0.05,360,paired cluster influence sandwich; asymptotic Bonferroni bounds,,,
210,1.0,validation,state_OR,mlp_base,logistic:C1:E2,logistic,logistic,1.0,2.0,1.9948093103901194,0.829685859417123,0.8118646953659298,0.017821164051193272,0.004828654338968634,0.009666911077405752,1232,0.035425034959460866,0.7766219459906036,True,0.05,360,paired cluster influence sandwich; asymptotic Bonferroni bounds,,,
210,1.0,validation,state_OR,mlp_base,logistic:C1:E8,logistic,logistic,1.0,8.0,7.995742559457445,0.829685859417123,0.8118919379097024,0.01779392150742065,0.004500653638327415,0.00965786487107008,1232,0.034201997151299394,0.7766821683745891,True,0.05,360,paired cluster influence sandwich; asymptotic Bonferroni bounds,,,
210,1.0,validation,state_OR,mlp_base,logistic:C5:E2,logistic,logistic,5.0,2.0,1.9948093103901194,0.829685859417123,0.8157501631714861,0.013935696245636953,0.0058931259214178525,0.009693815324128684,1232,0.03542032129522455,0.7804093287287794,True,0.05,360,paired cluster influence sandwich; asymptotic Bonferroni bounds,,,
210,1.0,validation,state_OR,mlp_base,logistic:C5:E8,logistic,logistic,5.0,8.0,7.995742559457445,0.829685859417123,0.8295155935185449,0.0001702658985781591,0.0026413225270929645,0.009272865235591538,1232,0.009799760480287066,0.7957094208050136,True,0.05,360,paired cluster influence sandwich; asymptotic Bonferroni bounds,,,
210,1.0,validation,state_WA,mlp_base,mlp_base:C1:E2,mlp_base,mlp,1.0,2.0,1.9909995955023065,0.83742076679402,0.8064984440914333,0.030922322702586658,0.004476132990475911,0.009844364602260248,1206,0.04724202203047443,0.7706065099766903,True,0.05,360,paired cluster influence sandwich; asymptotic Bonferroni bounds,,,
210,1.0,validation,state_WA,mlp_base,mlp_base:C1:E8,mlp_base,mlp,1.0,8.0,7.998197999765249,0.83742076679402,0.8073657737419836,0.030054993052036405,0.004458470026253042,0.009805430374959243,1206,0.046310294323394174,0.7716157913709596,True,0.05,360,paired cluster influence sandwich; asymptotic Bonferroni bounds,,,
210,1.0,validation,state_WA,mlp_base,mlp_base:C5:E2,mlp_base,mlp,5.0,2.0,1.9909995955023065,0.83742076679402,0.8263941780108619,0.011026588783158098,0.003119800814604703,0.00922141412928229,1206,0.022401186313119957,0.7927734821360902,True,0.05,360,paired cluster influence sandwich; asymptotic Bonferroni bounds,,,
210,1.0,validation,state_WA,mlp_base,mlp_base:C5:E8,mlp_base,mlp,5.0,8.0,7.998197999765249,0.83742076679402,0.8352757579808318,0.0021450088131882428,0.0011155804972168392,0.009037209991159426,1206,0.006212345134377097,0.8023266588069432,True,0.05,360,paired cluster influence sandwich; asymptotic Bonferroni bounds,,,
210,1.0,validation,state_WA,mlp_base,mlp_stronger:C1:E2,mlp_stronger,mlp,1.0,2.0,1.9948093103901194,0.83742076679402,0.8061554499285515,0.03126531686546852,0.004599264381458511,0.009833420710313763,1206,0.04803394549973219,0.7703034165554584,True,0.05,360,paired cluster influence sandwich; asymptotic Bonferroni bounds,,,
210,1.0,validation,state_WA,mlp_base,mlp_stronger:C1:E8,mlp_stronger,mlp,1.0,8.0,7.995742559457445,0.83742076679402,0.806770974196684,0.030649792597336023,0.004563973155654515,0.009816417937039074,1206,0.04728975164218864,0.7709809318654508,True,0.05,360,paired cluster influence sandwich; asymptotic Bonferroni bounds,,,
210,1.0,validation,state_WA,mlp_base,mlp_stronger:C5:E2,mlp_stronger,mlp,5.0,2.0,1.9948093103901194,0.83742076679402,0.8198213321644588,0.01759943462956115,0.003337369472828769,0.00941847235244577,1206,0.029767273802017467,0.7854821744032869,True,0.05,360,paired cluster influence sandwich; asymptotic Bonferroni bounds,,,
210,1.0,validation,state_WA,mlp_base,mlp_stronger:C5:E8,mlp_stronger,mlp,5.0,8.0,7.995742559457445,0.83742076679402,0.8352446708965826,0.002176095897437391,0.0013923224622754892,0.009030693962949922,1206,0.00725241601575105,0.8023193287516781,True,0.05,360,paired cluster influence sandwich; asymptotic Bonferroni bounds,,,
210,1.0,validation,state_WA,mlp_base,logistic:C1:E2,logistic,logistic,1.0,2.0,1.9948093103901194,0.83742076679402,0.8154484156467512,0.02197235114726881,0.004089914110515775,0.009601776692732412,1206,0.036883920732560874,0.7804409417910083,True,0.05,360,paired cluster influence sandwich; asymptotic Bonferroni bounds,,,
210,1.0,validation,state_WA,mlp_base,logistic:C1:E8,logistic,logistic,1.0,8.0,7.995742559457445,0.83742076679402,0.8164779162534676,0.02094285054055245,0.003903186044983244,0.009587646026028736,1206,0.03517362134438448,0.7815219619196865,True,0.05,360,paired cluster influence sandwich; asymptotic Bonferroni bounds,,,
210,1.0,validation,state_WA,mlp_base,logistic:C5:E2,logistic,logistic,5.0,2.0,1.9948093103901194,0.83742076679402,0.814113225378252,0.023307541415767963,0.004847657130916281,0.009494233860385724,1206,0.04098179439028323,0.7794978459246419,True,0.05,360,paired cluster influence sandwich; asymptotic Bonferroni bounds,,,
210,1.0,validation,state_WA,mlp_base,logistic:C5:E8,logistic,logistic,5.0,8.0,7.995742559457445,0.83742076679402,0.832712109766422,0.00470865702759804,0.002243615466744751,0.009065195768751007,1206,0.012888737892617184,0.7996609762077813,True,0.05,360,paired cluster influence sandwich; asymptotic Bonferroni bounds,,,
210,1.0,validation,proxy_0.5,mlp_base,mlp_base:C1:E2,mlp_base,mlp,1.0,2.0,1.9909995955023065,0.8699874686716792,0.8427886479926939,0.02719882067898527,0.004195916035837408,0.008818422210453121,1150,0.04249907088147924,0.810632602671774,True,0.05,360,paired cluster influence sandwich; asymptotic Bonferroni bounds,,,
210,1.0,validation,proxy_0.5,mlp_base,mlp_base:C1:E8,mlp_base,mlp,1.0,8.0,7.998197999765249,0.8699874686716792,0.8417982351886371,0.028189233483042142,0.0042329383429182636,0.00885439000715916,1150,0.04362448413754053,0.8095110346481811,True,0.05,360,paired cluster influence sandwich; asymptotic Bonferroni bounds,,,
210,1.0,validation,proxy_0.5,mlp_base,mlp_base:C5:E2,mlp_base,mlp,5.0,2.0,1.9909995955023065,0.8699874686716792,0.8695860908510877,0.0004013778205914642,0.002394147330175061,0.008020176705147887,1150,0.009131546122446117,0.840340817778676,True,0.05,360,paired cluster influence sandwich; asymptotic Bonferroni bounds,,,
210,1.0,validation,proxy_0.5,mlp_base,mlp_base:C5:E8,mlp_base,mlp,5.0,8.0,7.998197999765249,0.8699874686716792,0.8715418955041514,-0.0015544268324722,0.0009087807428883659,0.007900077816051137,1150,0.0017594080075582223,0.8427345585192417,True,0.05,360,paired cluster influence sandwich; asymptotic Bonferroni bounds,,,
210,1.0,validation,proxy_0.5,mlp_base,mlp_stronger:C1:E2,mlp_stronger,mlp,1.0,2.0,1.9948093103901194,0.8699874686716792,0.8416303862818444,0.02835708238983481,0.004374123948419721,0.008903309952849709,1150,0.044307161051069466,0.809164800997136,True,0.05,360,paired cluster influence sandwich; asymptotic Bonferroni bounds,,,
210,1.0,validation,proxy_0.5,mlp_base,mlp_stronger:C1:E8,mlp_stronger,mlp,1.0,8.0,7.995742559457445,0.8699874686716792,0.8417023215276127,0.02828514714406649,0.004352250689168314,0.00888678713662704,1150,0.04415546578712344,0.8092969860715703,True,0.05,360,paired cluster influence sandwich; asymptotic Bonferroni bounds,,,
210,1.0,validation,proxy_0.5,mlp_base,mlp_stronger:C5:E2,mlp_stronger,mlp,5.0,2.0,1.9948093103901194,0.8699874686716792,0.8588781646295438,0.011109304042135393,0.0029171770189958535,0.008358493467229878,1150,0.021746680456340553,0.8283992321932789,True,0.05,360,paired cluster influence sandwich; asymptotic Bonferroni bounds,,,
210,1.0,validation,proxy_0.5,mlp_base,mlp_stronger:C5:E8,mlp_stronger,mlp,5.0,8.0,7.995742559457445,0.8699874686716792,0.8684247015208572,0.001562767150822042,0.0011008158800982252,0.007966155775438825,1150,0.005576850904769235,0.8393764137392998,True,0.05,360,paired cluster influence sandwich; asymptotic Bonferroni bounds,,,
210,1.0,validation,proxy_0.5,mlp_base,logistic:C1:E2,logistic,logistic,1.0,2.0,1.9948093103901194,0.8699874686716792,0.8482505139721184,0.02173695469956083,0.003764005489914065,0.008639168786101652,1150,0.03546225932133275,0.81674810952933,True,0.05,360,paired cluster influence sandwich; asymptotic Bonferroni bounds,,,
210,1.0,validation,proxy_0.5,mlp_base,logistic:C1:E8,logistic,logistic,1.0,8.0,7.995742559457445,0.8699874686716792,0.8492628201118437,0.020724648559835468,0.0036010994223515677,0.008605946989419919,1150,0.03385592232590816,0.8178815577026579,True,0.05,360,paired cluster influence sandwich; asymptotic Bonferroni bounds,,,
210,1.0,validation,proxy_0.5,mlp_base,logistic:C5:E2,logistic,logistic,5.0,2.0,1.9948093103901194,0.8699874686716792,0.8523737588563756,0.017613709815303635,0.004148031700874421,0.008600692616003349,1150,0.032739351589159804,0.8210116563224694,True,0.05,360,paired cluster influence sandwich; asymptotic Bonferroni bounds,,,
210,1.0,validation,proxy_0.5,mlp_base,logistic:C5:E8,logistic,logistic,5.0,8.0,7.995742559457445,0.8699874686716792,0.8653116776967377,0.004675790974941529,0.001969638041799731,0.008118713144216479,1150,0.011858002103690132,0.8357070952008447,True,0.05,360,paired cluster influence sandwich; asymptotic Bonferroni bounds,,,
210,1.0,validation,proxy_0.75,mlp_base,mlp_base:C1:E2,mlp_base,mlp,1.0,2.0,1.9909995955023065,0.8710962097423259,0.8433146093186377,0.02778160042368827,0.004217129878899999,0.008792564118619553,1150,0.04315920610799881,0.8112528545582135,True,0.05,360,paired cluster influence sandwich; asymptotic Bonferroni bounds,,,
210,1.0,validation,proxy_0.75,mlp_base,mlp_base:C1:E8,mlp_base,mlp,1.0,8.0,7.998197999765249,0.8710962097423259,0.8426150651170355,0.02848114462529039,0.004253020490501014,0.00882385874801365,1150,0.04398962407655095,0.810439195666128,True,0.05,360,paired cluster influence sandwich; asymptotic Bonferroni bounds,,,
210,1.0,validation,proxy_0.75,mlp_base,mlp_base:C5:E2,mlp_base,mlp,5.0,2.0,1.9909995955023065,0.8710962097423259,0.8691633409647246,0.0019328687776013487,0.0025166167013885863,0.008052168681169097,1150,0.011109617040948268,0.8398014103535499,True,0.05,360,paired cluster influence sandwich; asymptotic Bonferroni bounds,,,
210,1.0,validation,proxy_0.75,mlp_base,mlp_base:C5:E8,mlp_base,mlp,5.0,8.0,7.998197999765249,0.8710962097423259,0.8715893310647668,-0.0004931213224408371,0.0009300545078113043,0.007891274363141453,1150,0.002898287502218912,0.842814095540185,True,0.05,360,paired cluster influence sandwich; asymptotic Bonferroni bounds,,,
210,1.0,validation,proxy_0.75,mlp_base,mlp_stronger:C1:E2,mlp_stronger,mlp,1.0,2.0,1.9948093103901194,0.8710962097423259,0.8425598105079669,0.028536399234359022,0.004401068029470963,0.008875551201738103,1150,0.044584728474975924,0.8101954464664122,True,0.05,360,paired cluster influence sandwich; asymptotic Bonferroni bounds,,,
210,1.0,validation,proxy_0.75,mlp_base,mlp_stronger:C1:E8,mlp_stronger,mlp,1.0,8.0,7.995742559457445,0.8710962097423259,0.8428079349788781,0.028288274763447863,0.004376433096380279,0.008860186989804559,1150,0.04424677364597612,0.8104995959589729,True,0.05,360,paired cluster influence sandwich; asymptotic Bonferroni bounds,,,
210,1.0,validation,proxy_0.75,mlp_base,mlp_stronger:C5:E2,mlp_stronger,mlp,5.0,2.0,1.9948093103901194,0.8710962097423259,0.8600505006276089,0.011045709114717028,0.0029362069320816534,0.008313037059970949,1150,0.021752477392119076,0.8297373232728157,True,0.05,360,paired cluster influence sandwich; asymptotic Bonferroni bounds,,,
210,1.0,validation,proxy_0.75,mlp_base,mlp_stronger:C5:E8,mlp_stronger,mlp,5.0,8.0,7.995742559457445,0.8710962097423259,0.8696324838719095,0.0014637258704164324,0.0011025948886586867,0.007934020456757198,1150,0.005484296712249788,0.8407013763227416,True,0.05,360,paired cluster influence sandwich; asymptotic Bonferroni bounds,,,
210,1.0,validation,proxy_0.75,mlp_base,logistic:C1:E2,logistic,logistic,1.0,2.0,1.9948093103901194,0.8710962097423259,0.8493363191673026,0.021759890575023366,0.003790936452947418,0.008618705510224693,1150,0.035583397941818085,0.8179085332912839,True,0.05,360,paired cluster influence sandwich; asymptotic Bonferroni bounds,,,
210,1.0,validation,proxy_0.75,mlp_base,logistic:C1:E8,logistic,logistic,1.0,8.0,7.995742559457445,0.8710962097423259,0.8504017948365089,0.020694414905817027,0.003621590161892639,0.008568583101519223,1150,0.0339004073838789,0.8191567784409554,True,0.05,360,paired cluster influence sandwich; asymptotic Bonferroni bounds,,,
210,1.0,validation,proxy_0.75,mlp_base,logistic:C5:E2,logistic,logistic,5.0,2.0,1.9948093103901194,0.8710962097423259,0.850825065992769,0.020271143749556964,0.0043034918834175175,0.008699050838890695,1150,0.0359636652390984,0.8191043038939918,True,0.05,360,paired cluster influence sandwich; asymptotic Bonferroni bounds,,,
210,1.0,validation,proxy_0.75,mlp_base,logistic:C5:E8,logistic,logistic,5.0,8.0,7.995742559457445,0.8710962097423259,0.865823043465569,0.005273166276756891,0.0020162123803899945,0.008116168751863767,1150,0.012625208981580989,0.8362277390008086,True,0.05,360,paired cluster influence sandwich; asymptotic Bonferroni bounds,,,
210,1.0,test,source,mlp_base,mlp_base:C1:E2,mlp_base,mlp,1.0,2.0,1.9909995955023065,0.8552568698976611,0.8262820539574952,0.028974815940165932,0.0041434211076718215,0.009146596553767566,1175,0.04408264789469155,0.7929315351231184,True,0.05,360,paired cluster influence sandwich; asymptotic Bonferroni bounds,1.1102230246251565e-16,0.029708342376333463,-0.0007335264361676419
210,1.0,test,source,mlp_base,mlp_base:C1:E8,mlp_base,mlp,1.0,8.0,7.998197999765249,0.8552568698976611,0.8258959874121439,0.02936088248551727,0.004162821385021697,0.009147889085479734,1175,0.04453945215229966,0.7925407557205904,True,0.05,360,paired cluster influence sandwich; asymptotic Bonferroni bounds,1.1102230246251565e-16,0.029708342376333463,-0.000347459890816304
210,1.0,test,source,mlp_base,mlp_base:C5:E2,mlp_base,mlp,5.0,2.0,1.9909995955023065,0.8552568698976611,0.8481052480008013,0.0071516218968598055,0.0025927609190778927,0.00860881810724907,1175,0.016605403022597297,0.816715588607847,True,0.05,360,paired cluster influence sandwich; asymptotic Bonferroni bounds,1.1102230246251565e-16,-3.1302692867773985e-06,0.007154752166146472
210,1.0,test,source,mlp_base,mlp_base:C5:E8,mlp_base,mlp,5.0,8.0,7.998197999765249,0.8552568698976611,0.8542437060718876,0.0010131638257735442,0.0009751781562570878,0.00838652045654267,1175,0.004568879580365177,0.8236645931967708,True,0.05,360,paired cluster influence sandwich; asymptotic Bonferroni bounds,1.1102230246251565e-16,-3.1302692867773985e-06,0.0010162940950602106
210,1.0,test,source,mlp_base,mlp_stronger:C1:E2,mlp_stronger,mlp,1.0,2.0,1.9948093103901194,0.8552568698976611,0.8265043030768461,0.028752566820815062,0.004199101431178231,0.00909127034133698,1175,0.04406342157916598,0.7933555158788057,True,0.05,360,paired cluster influence sandwich; asymptotic Bonferroni bounds,-0.0009390807859896988,0.030290572463647192,-0.000598924856842431
210,1.0,test,source,mlp_base,mlp_stronger:C1:E8,mlp_stronger,mlp,1.0,8.0,7.995742559457445,0.8552568698976611,0.8263050092655971,0.028951860632064008,0.0042091852074762365,0.009110550746867221,1175,0.04429948307436943,0.7930859214345299,True,0.05,360,paired cluster influence sandwich; asymptotic Bonferroni bounds,-0.0009390807859896988,0.030290572463647192,-0.00039963104559348483
210,1.0,test,source,mlp_base,mlp_stronger:C5:E2,mlp_stronger,mlp,5.0,2.0,1.9948093103901194,0.8552568698976611,0.8444657882435432,0.010791081654117907,0.002800878144160716,0.00864695901995827,1175,0.021003704322070785,0.8129370586270154,True,0.05,360,paired cluster influence sandwich; asymptotic Bonferroni bounds,-0.0009390807859896988,6.156196263717995e-05,0.011668600477470426
210,1.0,test,source,mlp_base,mlp_stronger:C5:E8,mlp_stronger,mlp,5.0,8.0,7.995742559457445,0.8552568698976611,0.8550878353561827,0.00016903454147843,0.0011073892711408555,0.008368432455968165,1175,0.004206821332124322,0.824574675341268,True,0.05,360,paired cluster influence sandwich; asymptotic Bonferroni bounds,-0.0009390807859896988,6.156196263717995e-05,0.0010465533648309489
210,1.0,test,source,mlp_base,logistic:C1:E2,logistic,logistic,1.0,2.0,1.9948093103901194,0.8552568698976611,0.8331707332342776,0.02208613666338355,0.003707173227747515,0.008929741885476232,1175,0.03560331213160338,0.8006109145971445,True,0.05,360,paired cluster influence sandwich; asymptotic Bonferroni bounds,0.0038022337601629763,0.01755559358253067,0.0007283093206899016
210,1.0,test,source,mlp_base,logistic:C1:E8,logistic,logistic,1.0,8.0,7.995742559457445,0.8552568698976611,0.8338604359004324,0.021396433997228792,0.003540552609795384,0.008911476110757781,1175,0.034306073752624476,0.8013672183274427,True,0.05,360,paired cluster influence sandwich; asymptotic Bonferroni bounds,0.0038022337601629763,0.01755559358253067,3.860665453514489e-05
210,1.0,test,source,mlp_base,logistic:C5:E2,logistic,logistic,5.0,2.0,1.9948093103901194,0.8552568698976611,0.8360469289971452,0.019209940900515976,0.004299936189246833,0.008867538832479956,1175,0.034888461541838584,0.8037139164816457,True,0.05,360,paired cluster influence sandwich; asymptotic Bonferroni bounds,0.0038022337601629763,-1.0434230954814439e-06,0.015408750563448481
210,1.0,test,source,mlp_base,logistic:C5:E8,logistic,logistic,5.0,8.0,7.995742559457445,0.8552568698976611,0.8505729436217633,0.004683926275897865,0.0019368842322671617,0.008441724145875611,1175,0.01174623559374197,0.8197925458566874,True,0.05,360,paired cluster influence sandwich; asymptotic Bonferroni bounds,0.0038022337601629763,-1.0434230954814439e-06,0.0008827359388303702
210,1.0,test,state_CO,mlp_base,mlp_base:C1:E2,mlp_base,mlp,1.0,2.0,1.9909995955023065,0.8137862864694198,0.7895668479200406,0.024219438549379135,0.00494377513129308,0.010328939328784773,1205,0.042244175960657264,0.7519080923751311,True,0.05,360,paired cluster influence sandwich; asymptotic Bonferroni bounds,1.1102230246251565e-16,0.024676549164844963,-0.0004571106154659388
210,1.0,test,state_CO,mlp_base,mlp_base:C1:E8,mlp_base,mlp,1.0,8.0,7.998197999765249,0.8137862864694198,0.7894565474467031,0.024329739022716623,0.0049378179780594856,0.0103336653820383,1205,0.04233275697469439,0.7517805609666026,True,0.05,360,paired cluster influence sandwich; asymptotic Bonferroni bounds,1.1102230246251565e-16,0.024676549164844963,-0.00034681014212845085
210,1.0,test,state_CO,mlp_base,mlp_base:C5:E2,mlp_base,mlp,5.0,2.0,1.9909995955023065,0.8137862864694198,0.8076338533364301,0.006152433132989632,0.0034677276209748586,0.009941882420131542,1205,0.01879558095463407,0.7713862863986916,True,0.05,360,paired cluster influence sandwich; asymptotic Bonferroni bounds,1.1102230246251565e-16,-0.0003362043273845705,0.0064886374603740915
210,1.0,test,state_CO,mlp_base,mlp_base:C5:E8,mlp_base,mlp,5.0,8.0,7.998197999765249,0.8137862864694198,0.8142550634811041,-0.0004687770116843515,0.0013949805596978157,0.00980686967493117,1205,0.004617246849561597,0.7784997457284081,True,0.05,360,paired cluster influence sandwich; asymptotic Bonferroni bounds,1.1102230246251565e-16,-0.0003362043273845705,-0.000132572684299892
210,1.0,test,state_CO,mlp_base,mlp_stronger:C1:E2,mlp_stronger,mlp,1.0,2.0,1.9948093103901194,0.8137862864694198,0.7900324431873019,0.023753843282117826,0.005066798606073502,0.010362055044307105,1205,0.04222711764531029,0.7522529495301958,True,0.05,360,paired cluster influence sandwich; asymptotic Bonferroni bounds,0.001247243813893406,0.022705988785411413,-0.00019938931718699315
210,1.0,test,state_CO,mlp_base,mlp_stronger:C1:E8,mlp_stronger,mlp,1.0,8.0,7.995742559457445,0.8137862864694198,0.7901385013347416,0.023647785134678134,0.005052871045351644,0.010354797306188487,1205,0.04207028036287272,0.75238546899926,True,0.05,360,paired cluster influence sandwich; asymptotic Bonferroni bounds,0.001247243813893406,0.022705988785411413,-0.0003054474646266847
210,1.0,test,state_CO,mlp_base,mlp_stronger:C5:E2,mlp_stronger,mlp,5.0,2.0,1.9948093103901194,0.8137862864694198,0.7957224627974533,0.01806382367196646,0.004088104591244098,0.010143621088210859,1205,0.03296883245778112,0.7587393675597291,True,0.05,360,paired cluster influence sandwich; asymptotic Bonferroni bounds,0.001247243813893406,-0.0004952915485443299,0.017311871406617385
210,1.0,test,state_CO,mlp_base,mlp_stronger:C5:E8,mlp_stronger,mlp,5.0,8.0,7.995742559457445,0.8137862864694198,0.8111624079017562,0.002623878567663551,0.0016607032868338717,0.009905226967190256,1205,0.00867871315626622,0.7750484847678742,True,0.05,360,paired cluster influence sandwich; asymptotic Bonferroni bounds,0.001247243813893406,-0.0004952915485443299,0.001871926302314475
210,1.0,test,state_CO,mlp_base,logistic:C1:E2,logistic,logistic,1.0,2.0,1.9948093103901194,0.8137862864694198,0.7988352694248149,0.014951017044604886,0.004616689563524139,0.010158904459386124,1205,0.031783218122113335,0.761796451840326,True,0.05,360,paired cluster influence sandwich; asymptotic Bonferroni bounds,0.0018485935098778716,0.013412113325251496,-0.0003096897905244811
210,1.0,test,state_CO,mlp_base,logistic:C1:E8,logistic,logistic,1.0,8.0,7.995742559457445,0.8137862864694198,0.7988745109393677,0.014911775530052074,0.004371274756465721,0.010155104885688371,1205,0.03084920746119151,0.7618495463955932,True,0.05,360,paired cluster influence sandwich; asymptotic Bonferroni bounds,0.0018485935098778716,0.013412113325251496,-0.00034893130507729353
210,1.0,test,state_CO,mlp_base,logistic:C5:E2,logistic,logistic,5.0,2.0,1.9948093103901194,0.8137862864694198,0.7984152791609527,0.015371007308467077,0.005531208001685071,0.010197998289989041,1205,0.035537493273102155,0.7612339275792036,True,0.05,360,paired cluster influence sandwich; asymptotic Bonferroni bounds,0.0018485935098778716,0.0,0.013522413798589206
210,1.0,test,state_CO,mlp_base,logistic:C5:E8,logistic,logistic,5.0,8.0,7.995742559457445,0.8137862864694198,0.8137746200732013,1.16663962184127e-05,0.002635830950807803,0.009846161598024695,1205,0.009621763839385006,0.7778760460887114,True,0.05,360,paired cluster influence sandwich; asymptotic Bonferroni bounds,0.0018485935098778716,0.0,-0.001836927113659459
210,1.0,test,state_UT,mlp_base,mlp_base:C1:E2,mlp_base,mlp,1.0,2.0,1.9909995955023065,0.860939415960295,0.8412593259506731,0.019680090009621898,0.004242560314600751,0.008932222706308947,1133,0.035151147167713614,0.8086867947924178,True,0.05,360,paired cluster influence sandwich; asymptotic Bonferroni bounds,2.220446049250313e-16,0.01977404825647988,-9.395824685820564e-05
210,1.0,test,state_UT,mlp_base,mlp_base:C1:E8,mlp_base,mlp,1.0,8.0,7.998197999765249,0.860939415960295,0.8413627989567066,0.01957661700358837,0.004281041695264001,0.008910745817007846,1133,0.03518800160445434,0.8088685861150612,True,0.05,360,paired cluster influence sandwich; asymptotic Bonferroni bounds,2.220446049250313e-16,0.01977404825647988,-0.00019743125289173324
210,1.0,test,state_UT,mlp_base,mlp_base:C5:E2,mlp_base,mlp,5.0,2.0,1.9909995955023065,0.860939415960295,0.8406777362960708,0.020261679664224208,0.0033045069508996954,0.008990058067214562,1133,0.032312001197836074,0.8078943008470149,True,0.05,360,paired cluster influence sandwich; asymptotic Bonferroni bounds,2.220446049250313e-16,-0.0005732642403238897,0.020834943904547876
210,1.0,test,state_UT,mlp_base,mlp_base:C5:E8,mlp_base,mlp,5.0,8.0,7.998197999765249,0.860939415960295,0.8595347996370121,0.0014046163232829256,0.0009588497604287459,0.008349702969914023,1133,0.00490118875822583,0.8290865037209681,True,0.05,360,paired cluster influence sandwich; asymptotic Bonferroni bounds,2.220446049250313e-16,-0.0005732642403238897,0.0019778805636065933
210,1.0,test,state_UT,mlp_base,mlp_stronger:C1:E2,mlp_stronger,mlp,1.0,2.0,1.9948093103901194,0.860939415960295,0.8406706002266892,0.02026881573360584,0.0045070628445454146,0.008979748919738571,1133,0.036704416340885705,0.8079247584470275,True,0.05,360,paired cluster influence sandwich; asymptotic Bonferroni bounds,-0.0007944823911539833,0.020737417622998966,0.0003258805017608557
210,1.0,test,state_UT,mlp_base,mlp_stronger:C1:E8,mlp_stronger,mlp,1.0,8.0,7.995742559457445,0.860939415960295,0.8411463381854641,0.01979307777483086,0.004509235702673495,0.008949365132402397,1133,0.0362366019965801,0.8085112949038084,True,0.05,360,paired cluster influence sandwich; asymptotic Bonferroni bounds,-0.0007944823911539833,0.020737417622998966,-0.00014985745701412423
210,1.0,test,state_UT,mlp_base,mlp_stronger:C5:E2,mlp_stronger,mlp,5.0,2.0,1.9948093103901194,0.860939415960295,0.8394812553297518,0.021458160630543177,0.0030490671034360713,0.008931784440288955,1133,0.032576986984943705,0.806910322366488,True,0.05,360,paired cluster influence sandwich; asymptotic Bonferroni bounds,-0.0007944823911539833,-0.0007326364565134469,0.022985279478210607
210,1.0,test,state_UT,mlp_base,mlp_stronger:C5:E8,mlp_stronger,mlp,5.0,8.0,7.995742559457445,0.860939415960295,0.8589258550497799,0.0020135609105150776,0.0012057153417589232,0.00834995021507522,1133,0.006410361329484681,0.8284766575215639,True,0.05,360,paired cluster influence sandwich; asymptotic Bonferroni bounds,-0.0007944823911539833,-0.0007326364565134469,0.003540679758182508
210,1.0,test,state_UT,mlp_base,logistic:C1:E2,logistic,logistic,1.0,2.0,1.9948093103901194,0.860939415960295,0.8485797437913223,0.012359672168972713,0.003874886002575169,0.008654595932666402,1133,0.02648995633266915,0.8170196153722475,True,0.05,360,paired cluster influence sandwich; asymptotic Bonferroni bounds,2.0218863248100405e-05,0.011165569892447436,0.001173883413277177
210,1.0,test,state_UT,mlp_base,logistic:C1:E8,logistic,logistic,1.0,8.0,7.995742559457445,0.860939415960295,0.8495561959517078,0.011383220008587158,0.003705319718803499,0.008651774136501462,1133,0.024895158297673782,0.8180063575854594,True,0.05,360,paired cluster influence sandwich; asymptotic Bonferroni bounds,2.0218863248100405e-05,0.011165569892447436,0.00019743125289162222
210,1.0,test,state_UT,mlp_base,logistic:C5:E2,logistic,logistic,5.0,2.0,1.9948093103901194,0.860939415960295,0.8431135146449984,0.0178259013152966,0.004812506529495373,0.00876134102157508,1133,0.03537534270691984,0.81116412614489,True,0.05,360,paired cluster influence sandwich; asymptotic Bonferroni bounds,2.0218863248100405e-05,0.0,0.0178056824520485
210,1.0,test,state_UT,mlp_base,logistic:C5:E8,logistic,logistic,5.0,8.0,7.995742559457445,0.860939415960295,0.8601603950528012,0.0007790209074938215,0.002131526941106175,0.008261337530514364,1133,0.008551915738564564,0.8300343353956142,True,0.05,360,paired cluster influence sandwich; asymptotic Bonferroni bounds,2.0218863248100405e-05,0.0,0.0007588020442457211
211,1.0,validation,source,mlp_stronger,mlp_base:C1:E2,mlp_base,mlp,1.0,2.0,1.9909995955023065,0.8759921000658328,0.83607952600395,0.039912574061882866,0.00484318644513915,0.009353931314749382,1135,0.05757379579504871,0.80196936797103,True,0.05,360,paired cluster influence sandwich; asymptotic Bonferroni bounds,,,
211,1.0,validation,source,mlp_stronger,mlp_base:C1:E8,mlp_base,mlp,1.0,8.0,7.998197999765249,0.8759921000658328,0.8368105332455563,0.039181566820276514,0.00480964098597756,0.009308763662184902,1135,0.056720461280044016,0.8028650841157818,True,0.05,360,paired cluster influence sandwich; asymptotic Bonferroni bounds,,,
211,1.0,validation,source,mlp_stronger,mlp_base:C5:E2,mlp_base,mlp,5.0,2.0,1.9909995955023065,0.8759921000658328,0.8553016458196181,0.02069045424621474,0.003593876085035045,0.0088611741671525,1135,0.03379592584808331,0.8229883819064868,True,0.05,360,paired cluster influence sandwich; asymptotic Bonferroni bounds,,,
211,1.0,validation,source,mlp_stronger,mlp_base:C5:E8,mlp_base,mlp,5.0,8.0,7.998197999765249,0.8759921000658328,0.8703662936142199,0.005625806451612925,0.0014853207862871483,0.008298421631565049,1135,0.011042195031454986,0.8401051698415712,True,0.05,360,paired cluster influence sandwich; asymptotic Bonferroni bounds,,,
211,1.0,validation,source,mlp_stronger,mlp_stronger:C1:E2,mlp_stronger,mlp,1.0,2.0,1.9948093103901194,0.8759921000658328,0.8426459512837394,0.03334614878209341,0.004425264569487994,0.009120404536323684,1135,0.04948337159499808,0.8093873747996875,True,0.05,360,paired cluster influence sandwich; asymptotic Bonferroni bounds,,,
211,1.0,validation,source,mlp_stronger,mlp_stronger:C1:E8,mlp_stronger,mlp,1.0,8.0,7.995742559457445,0.8759921000658328,0.8438435813034891,0.0321485187623437,0.004309518043334268,0.009079760530448587,1135,0.04786365890583218,0.8107332177383523,True,0.05,360,paired cluster influence sandwich; asymptotic Bonferroni bounds,,,
211,1.0,validation,source,mlp_stronger,mlp_stronger:C5:E2,mlp_stronger,mlp,5.0,2.0,1.9948093103901194,0.8759921000658328,0.8664015799868335,0.009590520078999298,0.0023836056947693068,0.008366965892737083,1135,0.018282605171450875,0.8358905018899382,True,0.05,360,paired cluster influence sandwich; asymptotic Bonferroni bounds,,,
211,1.0,validation,source,mlp_stronger,mlp_stronger:C5:E8,mlp_stronger,mlp,5.0,8.0,7.995742559457445,0.8759921000658328,0.8750398946675444,0.0009522053982884415,0.0007132463366435372,0.008102989657884599,1135,0.003553138037268819,0.8454914354722392,True,0.05,360,paired cluster influence sandwich; asymptotic Bonferroni bounds,,,
211,1.0,validation,source,mlp_stronger,logistic:C1:E2,logistic,logistic,1.0,2.0,1.9948093103901194,0.8759921000658328,0.8541924950625412,0.02179960500329159,0.0035042678033932076,0.00876797638437938,1135,0.03457830997143024,0.8222190873009829,True,0.05,360,paired cluster influence sandwich; asymptotic Bonferroni bounds,,,
211,1.0,validation,source,mlp_stronger,logistic:C1:E8,logistic,logistic,1.0,8.0,7.995742559457445,0.8759921000658328,0.8533961816984857,0.02259591836734709,0.00356517850313866,0.00879967204922583,1135,0.03559674102315115,0.8213071921456472,True,0.05,360,paired cluster influence sandwich; asymptotic Bonferroni bounds,,,
211,1.0,validation,source,mlp_stronger,logistic:C5:E2,logistic,logistic,5.0,2.0,1.9948093103901194,0.8759921000658328,0.8606356813693219,0.015356418696510943,0.0034763858613731363,0.008557577031654643,1135,0.028033449040732947,0.8294295184089039,True,0.05,360,paired cluster influence sandwich; asymptotic Bonferroni bounds,,,
211,1.0,validation,source,mlp_stronger,logistic:C5:E8,logistic,logistic,5.0,8.0,7.995742559457445,0.8759921000658328,0.8707886767610269,0.005203423304805943,0.001623188161658091,0.008227786600126179,1135,0.011122560707923147,0.8407851315405364,True,0.05,360,paired cluster influence sandwich; asymptotic Bonferroni bounds,,,
211,1.0,validation,state_OR,mlp_stronger,mlp_base:C1:E2,mlp_base,mlp,1.0,2.0,1.9909995955023065,0.8241148147984696,0.7856457229104422,0.038469091888027385,0.005831600925957794,0.010475618219062852,1217,0.05973017352281028,0.747453299087522,True,0.05,360,paired cluster influence sandwich; asymptotic Bonferroni bounds,,,
211,1.0,validation,state_OR,mlp_stronger,mlp_base:C1:E8,mlp_base,mlp,1.0,8.0,7.998197999765249,0.8241148147984696,0.7849252618153414,0.039189552983128206,0.005804143442604279,0.010491726416168787,1217,0.06035052903756073,0.7466741100893964,True,0.05,360,paired cluster influence sandwich; asymptotic Bonferroni bounds,,,
211,1.0,validation,state_OR,mlp_stronger,mlp_base:C5:E2,mlp_base,mlp,5.0,2.0,1.9909995955023065,0.8241148147984696,0.8041813222943542,0.019933492504115358,0.004573295283390901,0.010034157658978972,1217,0.03660699358806886,0.767598392866824,True,0.05,360,paired cluster influence sandwich; asymptotic Bonferroni bounds,,,
211,1.0,validation,state_OR,mlp_stronger,mlp_base:C5:E8,mlp_base,mlp,5.0,8.0,7.998197999765249,0.8241148147984696,0.8202764010927177,0.0038384137057518863,0.0019540601310856906,0.009631616920801259,1217,0.010962603528371466,0.7851610706323299,True,0.05,360,paired cluster influence sandwich; asymptotic Bonferroni bounds,,,
211,1.0,validation,state_OR,mlp_stronger,mlp_stronger:C1:E2,mlp_stronger,mlp,1.0,2.0,1.9948093103901194,0.8241148147984696,0.7919478267009723,0.032166988097497295,0.005387407115811532,0.010289163839044985,1217,0.05180861034555376,0.7544351856418343,True,0.05,360,paired cluster influence sandwich; asymptotic Bonferroni bounds,,,
211,1.0,validation,state_OR,mlp_stronger,mlp_stronger:C1:E8,mlp_stronger,mlp,1.0,8.0,7.995742559457445,0.8241148147984696,0.7929816276904202,0.031133187108049354,0.005236678379902931,0.010259521642965922,1217,0.05022527656064381,0.7555770573238199,True,0.05,360,paired cluster influence sandwich; asymptotic Bonferroni bounds,,,
211,1.0,validation,state_OR,mlp_stronger,mlp_stronger:C5:E2,mlp_stronger,mlp,5.0,2.0,1.9948093103901194,0.8241148147984696,0.8166564426654191,0.0074583721330504504,0.0031465038373428887,0.009748805665350135,1217,0.018930020450432065,0.7811138608385255,True,0.05,360,paired cluster influence sandwich; asymptotic Bonferroni bounds,,,
211,1.0,validation,state_OR,mlp_stronger,mlp_stronger:C5:E8,mlp_stronger,mlp,5.0,8.0,7.995742559457445,0.8241148147984696,0.8239868308979615,0.0001279839005080552,0.000950597344831808,0.009534274339841834,1217,0.0035937093516983706,0.7892263958747952,True,0.05,360,paired cluster influence sandwich; asymptotic Bonferroni bounds,,,
211,1.0,validation,state_OR,mlp_stronger,logistic:C1:E2,logistic,logistic,1.0,2.0,1.9948093103901194,0.8241148147984696,0.8005415042962871,0.023573310502182476,0.0042740554620806,0.010103912512694798,1217,0.039155831193267064,0.763704259860219,True,0.05,360,paired cluster influence sandwich; asymptotic Bonferroni bounds,,,
211,1.0,validation,state_OR,mlp_stronger,logistic:C1:E8,logistic,logistic,1.0,8.0,7.995742559457445,0.8241148147984696,0.8012663786293366,0.022848436169133013,0.004337600441535161,0.010089413048056144,1217,0.03866263166321214,0.764481996915745,True,0.05,360,paired cluster influence sandwich; asymptotic Bonferroni bounds,,,
211,1.0,validation,state_OR,mlp_stronger,logistic:C5:E2,logistic,logistic,5.0,2.0,1.9948093103901194,0.8241148147984696,0.7872731044039702,0.03684171039449935,0.004916635208015962,0.010275460930491441,1217,0.05476697377471024,0.7498104219515836,True,0.05,360,paired cluster influence sandwich; asymptotic Bonferroni bounds,,,
211,1.0,validation,state_OR,mlp_stronger,logistic:C5:E8,logistic,logistic,5.0,8.0,7.995742559457445,0.8241148147984696,0.8139169252088566,0.010197889589612985,0.002094991097806715,0.009756246856593776,1217,0.017835891112718986,0.7783472139921952,True,0.05,360,paired cluster influence sandwich; asymptotic Bonferroni bounds,,,
211,1.0,validation,state_WA,mlp_stronger,mlp_base:C1:E2,mlp_base,mlp,1.0,2.0,1.9909995955023065,0.8429271412957074,0.8120114599894012,0.030915681306306286,0.004997736967035496,0.009698266377991819,1202,0.04913729531678143,0.7766518426913824,True,0.05,360,paired cluster influence sandwich; asymptotic Bonferroni bounds,,,
211,1.0,validation,state_WA,mlp_stronger,mlp_base:C1:E8,mlp_base,mlp,1.0,8.0,7.998197999765249,0.8429271412957074,0.8122132932564918,0.03071384803921562,0.004973274729161843,0.009675004369276296,1202,0.048846273391042624,0.7769384886140247,True,0.05,360,paired cluster influence sandwich; asymptotic Bonferroni bounds,,,
211,1.0,validation,state_WA,mlp_stronger,mlp_base:C5:E2,mlp_base,mlp,5.0,2.0,1.9909995955023065,0.8429271412957074,0.8208310562400636,0.022096085055643866,0.004044290210797243,0.009524420474699381,1202,0.03684145794212518,0.7861052764104813,True,0.05,360,paired cluster influence sandwich; asymptotic Bonferroni bounds,,,
211,1.0,validation,state_WA,mlp_stronger,mlp_base:C5:E8,mlp_base,mlp,5.0,8.0,7.998197999765249,0.8429271412957074,0.8388211281134075,0.004106013182299972,0.0017480266919199267,0.00903609627015959,1202,0.010479271292973654,0.8058757651456543,True,0.05,360,paired cluster influence sandwich; asymptotic Bonferroni bounds,,,
211,1.0,validation,state_WA,mlp_stronger,mlp_stronger:C1:E2,mlp_stronger,mlp,1.0,2.0,1.9948093103901194,0.8429271412957074,0.8167209028881823,0.026206238407525118,0.004695466653761738,0.009553619707976345,1202,0.04332578301906451,0.7818886634426412,True,0.05,360,paired cluster influence sandwich; asymptotic Bonferroni bounds,,,
211,1.0,validation,state_WA,mlp_stronger,mlp_stronger:C1:E8,mlp_stronger,mlp,1.0,8.0,7.995742559457445,0.8429271412957074,0.8169361917064124,0.025990949589295043,0.004593570945730457,0.00956684657044882,1202,0.04273898520119786,0.7820557274775077,True,0.05,360,paired cluster influence sandwich; asymptotic Bonferroni bounds,,,
211,1.0,validation,state_WA,mlp_stronger,mlp_stronger:C5:E2,mlp_stronger,mlp,5.0,2.0,1.9948093103901194,0.8429271412957074,0.8307012205219926,0.012225920773714871,0.003139784544471322,0.009188152943869687,1202,0.02367349042829562,0.7972014630284096,True,0.05,360,paired cluster influence sandwich; asymptotic Bonferroni bounds,,,
211,1.0,validation,state_WA,mlp_stronger,mlp_stronger:C5:E8,mlp_stronger,mlp,5.0,8.0,7.995742559457445,0.8429271412957074,0.8427356584525703,0.00019148284313719177,0.0009069540347393454,0.00888115399690426,1202,0.003498212760151258,0.810355210828659,True,0.05,360,paired cluster influence sandwich; asymptotic Bonferroni bounds,,,
211,1.0,validation,state_WA,mlp_stronger,logistic:C1:E2,logistic,logistic,1.0,2.0,1.9948093103901194,0.8429271412957074,0.8239413586380498,0.0189857826576576,0.003718817562215895,0.009400168531451827,1202,0.03254449105728533,0.7896685980379393,True,0.05,360,paired cluster influence sandwich; asymptotic Bonferroni bounds,,,
211,1.0,validation,state_WA,mlp_stronger,logistic:C1:E8,logistic,logistic,1.0,8.0,7.995742559457445,0.8429271412957074,0.8245209823794383,0.018406158916269177,0.003745469312550445,0.00939264033920556,1202,0.03206203887784643,0.7902756693649475,True,0.05,360,paired cluster influence sandwich; asymptotic Bonferroni bounds,,,
211,1.0,validation,state_WA,mlp_stronger,logistic:C5:E2,logistic,logistic,5.0,2.0,1.9948093103901194,0.8429271412957074,0.813028906664017,0.0298982346316905,0.004151940914569332,0.009647678374150289,1202,0.04503609907685713,0.7778537318618001,True,0.05,360,paired cluster influence sandwich; asymptotic Bonferroni bounds,,,
211,1.0,validation,state_WA,mlp_stronger,logistic:C5:E8,logistic,logistic,5.0,8.0,7.995742559457445,0.8429271412957074,0.8351105011261261,0.00781664016958139,0.001801729725159995,0.009118416651113992,1202,0.0143856980891179,0.8018650002725978,True,0.05,360,paired cluster influence sandwich; asymptotic Bonferroni bounds,,,
211,1.0,validation,proxy_0.5,mlp_stronger,mlp_base:C1:E2,mlp_base,mlp,1.0,2.0,1.9909995955023065,0.8728337063857802,0.8332581961816984,0.03957551020408179,0.004805073223361214,0.009431469342075964,1135,0.05709774780595096,0.7988652870490883,True,0.05,360,paired cluster influence sandwich; asymptotic Bonferroni bounds,,,
211,1.0,validation,proxy_0.5,mlp_stronger,mlp_base:C1:E8,mlp_base,mlp,1.0,8.0,7.998197999765249,0.8728337063857802,0.8340608294930876,0.0387728768926926,0.004780810686069981,0.009386440929765231,1135,0.056206638435305434,0.799832121508445,True,0.05,360,paired cluster influence sandwich; asymptotic Bonferroni bounds,,,
211,1.0,validation,proxy_0.5,mlp_stronger,mlp_base:C5:E2,mlp_base,mlp,5.0,2.0,1.9909995955023065,0.8728337063857802,0.8525445687952599,0.020289137590520312,0.003528012152031337,0.00897244448046486,1135,0.033154428984962764,0.8198255452241041,True,0.05,360,paired cluster influence sandwich; asymptotic Bonferroni bounds,,,
211,1.0,validation,proxy_0.5,mlp_stronger,mlp_base:C5:E8,mlp_base,mlp,5.0,8.0,7.998197999765249,0.8728337063857802,0.867733508887426,0.00510019749835422,0.001473206142657568,0.008427233010871294,1135,0.010472408673550825,0.8370026599952817,True,0.05,360,paired cluster influence sandwich; asymptotic Bonferroni bounds,,,
211,1.0,validation,proxy_0.5,mlp_stronger,mlp_stronger:C1:E2,mlp_stronger,mlp,1.0,2.0,1.9948093103901194,0.8728337063857802,0.8389566820276497,0.03387702435813045,0.004457224414848628,0.009241127254087574,1135,0.05013079232614438,0.8052578766342197,True,0.05,360,paired cluster influence sandwich; asymptotic Bonferroni bounds,,,
211,1.0,validation,proxy_0.5,mlp_stronger,mlp_stronger:C1:E8,mlp_stronger,mlp,1.0,8.0,7.995742559457445,0.8728337063857802,0.8402048716260698,0.032628834759710346,0.004338957637996852,0.009199134722509321,1135,0.04845132968190908,0.8066591967015452,True,0.05,360,paired cluster influence sandwich; asymptotic Bonferroni bounds,,,
211,1.0,validation,proxy_0.5,mlp_stronger,mlp_stronger:C5:E2,mlp_stronger,mlp,5.0,2.0,1.9948093103901194,0.8728337063857802,0.8644840026333115,0.008349703752468685,0.0023348013550807487,0.008449963555777311,1135,0.016863818354924887,0.8336702642637026,True,0.05,360,paired cluster influence sandwich; asymptotic Bonferroni bounds,,,
211,1.0,validation,proxy_0.5,mlp_stronger,mlp_stronger:C5:E8,mlp_stronger,mlp,5.0,8.0,7.995742559457445,0.8728337063857802,0.8718372613561554,0.000996445029624815,0.0006738725131546075,0.008252976204171045,1135,0.003453796612001756,0.8417418594236744,True,0.05,360,paired cluster influence sandwich; asymptotic Bonferroni bounds,,,
211,1.0,validation,proxy_0.5,mlp_stronger,logistic:C1:E2,logistic,logistic,1.0,2.0,1.9948093103901194,0.8728337063857802,0.8513332455562871,0.021500460829493084,0.0035115812139988054,0.008862300922713253,1135,0.0343058349683924,0.8190158728028245,True,0.05,360,paired cluster influence sandwich; asymptotic Bonferroni bounds,,,
211,1.0,validation,proxy_0.5,mlp_stronger,logistic:C1:E8,logistic,logistic,1.0,8.0,7.995742559457445,0.8728337063857802,0.8502767610269913,0.022556945358788827,0.003575927023012373,0.00890866441860693,1135,0.035596963695978125,0.8177903185937677,True,0.05,360,paired cluster influence sandwich; asymptotic Bonferroni bounds,,,
211,1.0,validation,proxy_0.5,mlp_stronger,logistic:C5:E2,logistic,logistic,5.0,2.0,1.9948093103901194,0.8728337063857802,0.8599736668861093,0.01286003949967085,0.003394822931355825,0.0086288632455828,1135,0.025239641485815048,0.8285075507636638,True,0.05,360,paired cluster influence sandwich; asymptotic Bonferroni bounds,,,
211,1.0,validation,proxy_0.5,mlp_stronger,logistic:C5:E8,logistic,logistic,5.0,8.0,7.995742559457445,0.8728337063857802,0.8679104674127714,0.004923238973008726,0.0016046823268113424,0.008340994315011513,1135,0.010774892776993833,0.837494097582462,True,0.05,360,paired cluster influence sandwich; asymptotic Bonferroni bounds,,,
211,1.0,validation,proxy_0.75,mlp_stronger,mlp_base:C1:E2,mlp_base,mlp,1.0,2.0,1.9909995955023065,0.8725424621461488,0.833838051349572,0.03870441079657683,0.0048094729840031354,0.009428483274012626,1135,0.056242692618330994,0.7994560312485477,True,0.05,360,paired cluster influence sandwich; asymptotic Bonferroni bounds,,,
211,1.0,validation,proxy_0.75,mlp_stronger,mlp_base:C1:E8,mlp_base,mlp,1.0,8.0,7.998197999765249,0.8725424621461488,0.8345500987491771,0.03799236339697176,0.00478228624412274,0.009382195800528832,1135,0.05543150572726335,0.8003368711036829,True,0.05,360,paired cluster influence sandwich; asymptotic Bonferroni bounds,,,
211,1.0,validation,proxy_0.75,mlp_stronger,mlp_base:C5:E2,mlp_base,mlp,5.0,2.0,1.9909995955023065,0.8725424621461488,0.8524818959842001,0.020060566161948734,0.003517365550670986,0.008956277999540678,1135,0.032887033532278204,0.8198218252961268,True,0.05,360,paired cluster influence sandwich; asymptotic Bonferroni bounds,,,
211,1.0,validation,proxy_0.75,mlp_stronger,mlp_base:C5:E8,mlp_base,mlp,5.0,8.0,7.998197999765249,0.8725424621461488,0.8671052007899934,0.0054372613561554095,0.001462315656423006,0.008440598412158856,1135,0.010769759153733932,0.8363256134653386,True,0.05,360,paired cluster influence sandwich; asymptotic Bonferroni bounds,,,
211,1.0,validation,proxy_0.75,mlp_stronger,mlp_stronger:C1:E2,mlp_stronger,mlp,1.0,2.0,1.9948093103901194,0.8725424621461488,0.8397714285714285,0.03277103357472033,0.004438341963984068,0.009220883692137166,1135,0.04895594457111813,0.8061464435936122,True,0.05,360,paired cluster influence sandwich; asymptotic Bonferroni bounds,,,
211,1.0,validation,proxy_0.75,mlp_stronger,mlp_stronger:C1:E8,mlp_stronger,mlp,1.0,8.0,7.995742559457445,0.8725424621461488,0.84087952600395,0.03166293614219884,0.00432599486903503,0.009178912437884474,1135,0.04743816087575135,0.8074075939048887,True,0.05,360,paired cluster influence sandwich; asymptotic Bonferroni bounds,,,
211,1.0,validation,proxy_0.75,mlp_stronger,mlp_stronger:C5:E2,mlp_stronger,mlp,5.0,2.0,1.9948093103901194,0.8725424621461488,0.8634670177748519,0.009075444371296926,0.0023398526858137538,0.008485397339139347,1135,0.017607979216940895,0.8325240661461851,True,0.05,360,paired cluster influence sandwich; asymptotic Bonferroni bounds,,,
211,1.0,validation,proxy_0.75,mlp_stronger,mlp_stronger:C5:E8,mlp_stronger,mlp,5.0,8.0,7.995742559457445,0.8725424621461488,0.8714585911784068,0.0010838709677419844,0.0006990352230033422,0.00826269621196196,1135,0.0036329811894114192,0.8413277441490279,True,0.05,360,paired cluster influence sandwich; asymptotic Bonferroni bounds,,,
211,1.0,validation,proxy_0.75,mlp_stronger,logistic:C1:E2,logistic,logistic,1.0,2.0,1.9948093103901194,0.8725424621461488,0.8518151415404871,0.020727320605661737,0.003483840829304545,0.00885503334546047,1135,0.03343153632528517,0.8195242708213316,True,0.05,360,paired cluster influence sandwich; asymptotic Bonferroni bounds,,,
211,1.0,validation,proxy_0.75,mlp_stronger,logistic:C1:E8,logistic,logistic,1.0,8.0,7.995742559457445,0.8725424621461488,0.8506406846609612,0.021901777485187623,0.0035616330531835112,0.008899303761652471,1135,0.03488967126069541,0.8181883769115689,True,0.05,360,paired cluster influence sandwich; asymptotic Bonferroni bounds,,,
211,1.0,validation,proxy_0.75,mlp_stronger,logistic:C5:E2,logistic,logistic,5.0,2.0,1.9948093103901194,0.8725424621461488,0.8599752468729428,0.012567215273206034,0.0033777387083044736,0.00862683155435499,1135,0.024884517726828287,0.828516539540077,True,0.05,360,paired cluster influence sandwich; asymptotic Bonferroni bounds,,,
211,1.0,validation,proxy_0.75,mlp_stronger,logistic:C5:E8,logistic,logistic,5.0,8.0,7.995742559457445,0.8725424621461488,0.8681616853192892,0.004380776826859667,0.001595080640530462,0.00834171791512645,1135,0.010197417006583186,0.8377426768001287,True,0.05,360,paired cluster influence sandwich; asymptotic Bonferroni bounds,,,
211,1.0,test,source,mlp_stronger,mlp_base:C1:E2,mlp_base,mlp,1.0,2.0,1.9909995955023065,0.8657281181104941,0.8266773289501067,0.0390507891603874,0.004743134229717824,0.009094382535756314,1133,0.05634725528814624,0.7935134605322507,True,0.05,360,paired cluster influence sandwich; asymptotic Bonferroni bounds,0.001544411333148199,0.03792575628090533,-0.00041937845366613047
211,1.0,test,source,mlp_stronger,mlp_base:C1:E8,mlp_base,mlp,1.0,8.0,7.998197999765249,0.8657281181104941,0.8265547901575996,0.03917332795289452,0.0046653440271819495,0.009099495888883457,1133,0.05618612182132679,0.7933722752214543,True,0.05,360,paired cluster influence sandwich; asymptotic Bonferroni bounds,0.001544411333148199,0.03792575628090533,-0.0002968396611590096
211,1.0,test,source,mlp_stronger,mlp_base:C5:E2,mlp_base,mlp,5.0,2.0,1.9909995955023065,0.8657281181104941,0.8480191498554359,0.01770896825505819,0.0036378634804249033,0.00859718382038299,1133,0.030974918451522178,0.816668382295097,True,0.05,360,paired cluster influence sandwich; asymptotic Bonferroni bounds,0.001544411333148199,8.873498767736354e-05,0.016075821934232626
211,1.0,test,source,mlp_stronger,mlp_base:C5:E8,mlp_base,mlp,5.0,8.0,7.998197999765249,0.8657281181104941,0.8620593489175916,0.003668769192902488,0.0015228316430171078,0.008153690301785107,1133,0.009221976134990597,0.8323258391135792,True,0.05,360,paired cluster influence sandwich; asymptotic Bonferroni bounds,0.001544411333148199,8.873498767736354e-05,0.0020356228720769254
211,1.0,test,source,mlp_stronger,mlp_stronger:C1:E2,mlp_stronger,mlp,1.0,2.0,1.9948093103901194,0.8657281181104941,0.8331845613797868,0.0325435567307073,0.004302367160127568,0.008949449974610888,1133,0.04823270745894963,0.8005492087097995,True,0.05,360,paired cluster influence sandwich; asymptotic Bonferroni bounds,0.0,0.031280139525204476,0.0012634172055028259
211,1.0,test,source,mlp_stronger,mlp_stronger:C1:E8,mlp_stronger,mlp,1.0,8.0,7.995742559457445,0.8657281181104941,0.8342208592715914,0.03150725883890271,0.004217602253768116,0.008920665446563307,1133,0.04688730312809826,0.8016904731891528,True,0.05,360,paired cluster influence sandwich; asymptotic Bonferroni bounds,0.0,0.031280139525204476,0.0002271193136982319
211,1.0,test,source,mlp_stronger,mlp_stronger:C5:E2,mlp_stronger,mlp,5.0,2.0,1.9948093103901194,0.8657281181104941,0.8555605674391188,0.010167550671375314,0.0024586765878630177,0.00843595511605298,1133,0.019133439946580656,0.8247977416675224,True,0.05,360,paired cluster influence sandwich; asymptotic Bonferroni bounds,0.0,7.817129866827255e-05,0.010089379372707041
211,1.0,test,source,mlp_stronger,mlp_stronger:C5:E8,mlp_stronger,mlp,5.0,8.0,7.995742559457445,0.8657281181104941,0.8642058905242653,0.0015222275862287749,0.0007732148907553162,0.00813648213061596,1133,0.004341857923408525,0.8345351325917649,True,0.05,360,paired cluster influence sandwich; asymptotic Bonferroni bounds,0.0,7.817129866827255e-05,0.0014440562875605023
211,1.0,test,source,mlp_stronger,logistic:C1:E2,logistic,logistic,1.0,2.0,1.9948093103901194,0.8657281181104941,0.8447021515065405,0.021025966603953616,0.003454837123683516,0.00867838491277723,1133,0.03362448698997076,0.8130552734260028,True,0.05,360,paired cluster influence sandwich; asymptotic Bonferroni bounds,0.004702954346905153,0.018266731034745187,-0.0019437187776967235
211,1.0,test,source,mlp_stronger,logistic:C1:E8,logistic,logistic,1.0,8.0,7.995742559457445,0.8657281181104941,0.8435042291728947,0.022223888937599412,0.0035019630125238043,0.008712743623876593,1133,0.03499426010847513,0.8117320575092659,True,0.05,360,paired cluster influence sandwich; asymptotic Bonferroni bounds,0.004702954346905153,0.018266731034745187,-0.0007457964440509279
211,1.0,test,source,mlp_stronger,logistic:C5:E2,logistic,logistic,5.0,2.0,1.9948093103901194,0.8657281181104941,0.8526476301948261,0.01308048791566796,0.003446170121165763,0.008450682122085159,1133,0.025647402931013055,0.8218311004484607,True,0.05,360,paired cluster influence sandwich; asymptotic Bonferroni bounds,0.004702954346905153,0.0,0.008377533568762807
211,1.0,test,source,mlp_stronger,logistic:C5:E8,logistic,logistic,5.0,8.0,7.995742559457445,0.8657281181104941,0.8613853855588033,0.00434273255169082,0.0016225698579481094,0.008200507027799115,1133,0.0102596480823718,0.8314811523730572,True,0.05,360,paired cluster influence sandwich; asymptotic Bonferroni bounds,0.004702954346905153,0.0,-0.00036022179521433273
211,1.0,test,state_CO,mlp_stronger,mlp_base:C1:E2,mlp_base,mlp,1.0,2.0,1.9909995955023065,0.8346226035939357,0.80436480478639,0.030257798807545644,0.00528742628378457,0.009822915643475942,1187,0.04953633539639904,0.7685493761679838,True,0.05,360,paired cluster influence sandwich; asymptotic Bonferroni bounds,0.002984242866198916,0.02473213286872633,0.002541423072620397
211,1.0,test,state_CO,mlp_stronger,mlp_base:C1:E8,mlp_base,mlp,1.0,8.0,7.998197999765249,0.8346226035939357,0.8061619798550658,0.028460623738869928,0.0052456108183145484,0.00978587494599192,1187,0.04758669655087294,0.7704816056853452,True,0.05,360,paired cluster influence sandwich; asymptotic Bonferroni bounds,0.002984242866198916,0.02473213286872633,0.0007442480039446808
211,1.0,test,state_CO,mlp_stronger,mlp_base:C5:E2,mlp_base,mlp,5.0,2.0,1.9909995955023065,0.8346226035939357,0.805784935633165,0.028837667960770696,0.004414536726288653,0.009786655725815385,1187,0.04493355341294136,0.770101714654508,True,0.05,360,paired cluster influence sandwich; asymptotic Bonferroni bounds,0.002984242866198916,-3.9361759429201726e-05,0.025892786854000982
211,1.0,test,state_CO,mlp_stronger,mlp_base:C5:E8,mlp_base,mlp,5.0,8.0,7.998197999765249,0.8346226035939357,0.824241457462368,0.010381146131567709,0.0020377859930095082,0.009344436590359472,1187,0.017811137533427487,0.7901706159904143,True,0.05,360,paired cluster influence sandwich; asymptotic Bonferroni bounds,0.002984242866198916,-3.9361759429201726e-05,0.0074362650247979944
211,1.0,test,state_CO,mlp_stronger,mlp_stronger:C1:E2,mlp_stronger,mlp,1.0,2.0,1.9948093103901194,0.8346226035939357,0.8120797096345157,0.022542893959419996,0.004971202504612112,0.009579234774732964,1187,0.040668443940074635,0.7771527682104317,True,0.05,360,paired cluster influence sandwich; asymptotic Bonferroni bounds,-1.1102230246251565e-16,0.021749443756189146,0.0007934502032309609
211,1.0,test,state_CO,mlp_stronger,mlp_stronger:C1:E8,mlp_stronger,mlp,1.0,8.0,7.995742559457445,0.8346226035939357,0.8127353936797445,0.02188720991419124,0.00482791721408876,0.009580221748681204,1187,0.039490325998326054,0.7778048536403129,True,0.05,360,paired cluster influence sandwich; asymptotic Bonferroni bounds,-1.1102230246251565e-16,0.021749443756189146,0.00013776615800220604
211,1.0,test,state_CO,mlp_stronger,mlp_stronger:C5:E2,mlp_stronger,mlp,5.0,2.0,1.9948093103901194,0.8346226035939357,0.827790230825644,0.006832372768291739,0.003220247328531498,0.009173328012891703,1187,0.018573747988716718,0.7943432700083474,True,0.05,360,paired cluster influence sandwich; asymptotic Bonferroni bounds,-1.1102230246251565e-16,-7.768768308380469e-05,0.006910060451375655
211,1.0,test,state_CO,mlp_stronger,mlp_stronger:C5:E8,mlp_stronger,mlp,5.0,8.0,7.995742559457445,0.8346226035939357,0.8336530613090477,0.000969542284887992,0.0009724509552181705,0.009082832667218758,1187,0.004515205205718375,0.8005360564550196,True,0.05,360,paired cluster influence sandwich; asymptotic Bonferroni bounds,-1.1102230246251565e-16,-7.768768308380469e-05,0.0010472299679719077
211,1.0,test,state_CO,mlp_stronger,logistic:C1:E2,logistic,logistic,1.0,2.0,1.9948093103901194,0.8346226035939357,0.8200017816375321,0.014620821956403574,0.0038376291867152044,0.009412144699369289,1187,0.028613239196797795,0.7856840689683551,True,0.05,360,paired cluster influence sandwich; asymptotic Bonferroni bounds,0.0034700498444173444,0.011973225716901958,-0.0008224536049157294
211,1.0,test,state_CO,mlp_stronger,logistic:C1:E8,logistic,logistic,1.0,8.0,7.995742559457445,0.8346226035939357,0.8195719097911341,0.015050693802801551,0.003877993731353995,0.0094351633920998,1187,0.029190284603439594,0.7851702684416852,True,0.05,360,paired cluster influence sandwich; asymptotic Bonferroni bounds,0.0034700498444173444,0.011973225716901958,-0.00039258175851775157
211,1.0,test,state_CO,mlp_stronger,logistic:C5:E2,logistic,logistic,5.0,2.0,1.9948093103901194,0.8346226035939357,0.8166565500039361,0.017966053589999587,0.004002458901363901,0.009410427185696369,1187,0.03255945806203246,0.7823450995781281,True,0.05,360,paired cluster influence sandwich; asymptotic Bonferroni bounds,0.0034700498444173444,0.0,0.014496003745582242
211,1.0,test,state_CO,mlp_stronger,logistic:C5:E8,logistic,logistic,5.0,8.0,7.995742559457445,0.8346226035939357,0.8300193494122667,0.004603254181668959,0.0017730088023902941,0.009154562926015766,1187,0.011067838884072555,0.7966408081614123,True,0.05,360,paired cluster influence sandwich; asymptotic Bonferroni bounds,0.0034700498444173444,0.0,0.0011332043372516143
211,1.0,test,state_UT,mlp_stronger,mlp_base:C1:E2,mlp_base,mlp,1.0,2.0,1.9909995955023065,0.8685830354516524,0.8441916401064748,0.024391395345177536,0.0046526739171162375,0.00913950729311503,1114,0.041358897539037334,0.810861427671806,True,0.05,360,paired cluster influence sandwich; asymptotic Bonferroni bounds,0.0023907198911525818,0.02367236364120573,-0.0016716881871807754
211,1.0,test,state_UT,mlp_stronger,mlp_base:C1:E8,mlp_base,mlp,1.0,8.0,7.998197999765249,0.8685830354516524,0.8430876722377502,0.025495363213902222,0.004682599692751505,0.0092018961845437,1114,0.04257199956863163,0.8095299382378381,True,0.05,360,paired cluster influence sandwich; asymptotic Bonferroni bounds,0.0023907198911525818,0.02367236364120573,-0.0005677203184560886
211,1.0,test,state_UT,mlp_stronger,mlp_base:C5:E2,mlp_base,mlp,5.0,2.0,1.9909995955023065,0.8685830354516524,0.8553572098664707,0.013225825585181705,0.0036887439089469047,0.008963581868137824,1114,0.026678040694732424,0.8226685672231588,True,0.05,360,paired cluster influence sandwich; asymptotic Bonferroni bounds,0.0023907198911525818,0.00011136517973986404,0.01072374051428926
211,1.0,test,state_UT,mlp_stronger,mlp_base:C5:E8,mlp_base,mlp,5.0,8.0,7.998197999765249,0.8685830354516524,0.8654127593023214,0.003170276149330964,0.0016856378202785656,0.008653286748940338,1114,0.009317507595835767,0.8338557096331828,True,0.05,360,paired cluster influence sandwich; asymptotic Bonferroni bounds,0.0023907198911525818,0.00011136517973986404,0.0006681910784385181
211,1.0,test,state_UT,mlp_stronger,mlp_stronger:C1:E2,mlp_stronger,mlp,1.0,2.0,1.9948093103901194,0.8685830354516524,0.8476161193834727,0.020966916068179686,0.0044995350759658844,0.009140917795196138,1114,0.03737594722592737,0.8142807630901149,True,0.05,360,paired cluster influence sandwich; asymptotic Bonferroni bounds,1.1102230246251565e-16,0.019860527217286594,0.0011063888508929809
211,1.0,test,state_UT,mlp_stronger,mlp_stronger:C1:E8,mlp_stronger,mlp,1.0,8.0,7.995742559457445,0.8685830354516524,0.8485397240806624,0.020043311370990025,0.004333565444821733,0.009112793828265336,1114,0.035847079806544196,0.8153069310614774,True,0.05,360,paired cluster influence sandwich; asymptotic Bonferroni bounds,1.1102230246251565e-16,0.019860527217286594,0.00018278415370331924
211,1.0,test,state_UT,mlp_stronger,mlp_stronger:C5:E2,mlp_stronger,mlp,5.0,2.0,1.9948093103901194,0.8685830354516524,0.8594256704002247,0.009157365051427724,0.0027305552069552914,0.008809199709160654,1114,0.019115230633631547,0.8273000329594699,True,0.05,360,paired cluster influence sandwich; asymptotic Bonferroni bounds,1.1102230246251565e-16,0.0002045729932175222,0.00895279205821009
211,1.0,test,state_UT,mlp_stronger,mlp_stronger:C5:E8,mlp_stronger,mlp,5.0,8.0,7.995742559457445,0.8685830354516524,0.8676727461563881,0.000910289295264266,0.0008751595918633071,0.008625013973590641,1114,0.00410184592688005,0.8362188024401527,True,0.05,360,paired cluster influence sandwich; asymptotic Bonferroni bounds,1.1102230246251565e-16,0.0002045729932175222,0.0007057163020466328
211,1.0,test,state_UT,mlp_stronger,logistic:C1:E2,logistic,logistic,1.0,2.0,1.9948093103901194,0.8685830354516524,0.8570712652415958,0.01151177021005656,0.003466930038825126,0.008897441450685963,1114,0.024155068254933094,0.824623825334218,True,0.05,360,paired cluster influence sandwich; asymptotic Bonferroni bounds,0.0030952257021150675,0.011163148777827647,-0.002746604269886155
211,1.0,test,state_UT,mlp_stronger,logistic:C1:E8,logistic,logistic,1.0,8.0,7.995742559457445,0.8685830354516524,0.855294264330096,0.013288771121556353,0.0035009032405546392,0.008961941653390478,1114,0.026055963594700762,0.8226116032680899,True,0.05,360,paired cluster influence sandwich; asymptotic Bonferroni bounds,0.0030952257021150675,0.011163148777827647,-0.0009696033583863617
211,1.0,test,state_UT,mlp_stronger,logistic:C5:E2,logistic,logistic,5.0,2.0,1.9948093103901194,0.8685830354516524,0.8587393219555243,0.009843713496128115,0.0037631286682236888,0.008848754651808783,1114,0.023567197039423025,0.8264694344366175,True,0.05,360,paired cluster influence sandwich; asymptotic Bonferroni bounds,0.0030952257021150675,1.1102230246251565e-16,0.006748487794012936
211,1.0,test,state_UT,mlp_stronger,logistic:C5:E8,logistic,logistic,5.0,8.0,7.995742559457445,0.8685830354516524,0.867718744817585,0.000864290634067344,0.0015896201395102128,0.00861598370605822,1114,0.00666136209985806,0.8362977329351504,True,0.05,360,paired cluster influence sandwich; asymptotic Bonferroni bounds,0.0030952257021150675,1.1102230246251565e-16,-0.0022309350680478346
212,1.0,validation,source,mlp_stronger,mlp_base:C1:E2,mlp_base,mlp,1.0,2.0,1.9909995955023065,0.8479443985117817,0.8274441918147994,0.02050020669698227,0.0045441429293836145,0.009211159764391401,1132,0.03707107084623372,0.7938543863256738,True,0.05,360,paired cluster influence sandwich; asymptotic Bonferroni bounds,,,
212,1.0,validation,source,mlp_stronger,mlp_base:C1:E8,mlp_base,mlp,1.0,8.0,7.998197999765249,0.8479443985117817,0.8274741628772221,0.02047023563455963,0.0044184017170100206,0.0092256195076232,1132,0.03658256655090337,0.7938316278757438,True,0.05,360,paired cluster influence sandwich; asymptotic Bonferroni bounds,,,
212,1.0,validation,source,mlp_stronger,mlp_base:C5:E2,mlp_base,mlp,5.0,2.0,1.9909995955023065,0.8479443985117817,0.8419842910293509,0.00596010748243081,0.0031735257936052626,0.008513423077992995,1132,0.017532821109004934,0.81093888170512,True,0.05,360,paired cluster influence sandwich; asymptotic Bonferroni bounds,,,
212,1.0,validation,source,mlp_stronger,mlp_base:C5:E8,mlp_base,mlp,5.0,8.0,7.998197999765249,0.8479443985117817,0.8471289789169077,0.0008154195948739673,0.0011448393371551507,0.008436260330578621,1132,0.00499023923050774,0.8163649545369132,True,0.05,360,paired cluster influence sandwich; asymptotic Bonferroni bounds,,,
212,1.0,validation,source,mlp_stronger,mlp_stronger:C1:E2,mlp_stronger,mlp,1.0,2.0,1.9948093103901194,0.8479443985117817,0.8260066143034311,0.021937784208350575,0.00461603357984304,0.009304657957337209,1132,0.03877080784969486,0.792075854342234,True,0.05,360,paired cluster influence sandwich; asymptotic Bonferroni bounds,,,
212,1.0,validation,source,mlp_stronger,mlp_stronger:C1:E8,mlp_stronger,mlp,1.0,8.0,7.995742559457445,0.8479443985117817,0.8255849524596941,0.022359446052087617,0.004580985058192657,0.009298594702798382,1132,0.039064660269316945,0.7916763030194086,True,0.05,360,paired cluster influence sandwich; asymptotic Bonferroni bounds,,,
212,1.0,validation,source,mlp_stronger,mlp_stronger:C5:E2,mlp_stronger,mlp,5.0,2.0,1.9948093103901194,0.8479443985117817,0.8431304257957833,0.004813972715998371,0.0028855464778058627,0.008852236514667022,1132,0.015336528767411553,0.810849485037283,True,0.05,360,paired cluster influence sandwich; asymptotic Bonferroni bounds,,,
212,1.0,validation,source,mlp_stronger,mlp_stronger:C5:E8,mlp_stronger,mlp,5.0,8.0,7.995742559457445,0.8479443985117817,0.8494181479950392,-0.0014737494832575138,0.0009192219922074497,0.00848780441738273,1132,0.001878324382504472,0.8184661607640953,True,0.05,360,paired cluster influence sandwich; asymptotic Bonferroni bounds,,,
212,1.0,validation,source,mlp_stronger,logistic:C1:E2,logistic,logistic,1.0,2.0,1.9948093103901194,0.8479443985117817,0.8339572137246797,0.013987184787102036,0.0036156241628536273,0.00898499613496699,1132,0.02717207305942701,0.8011921461095457,True,0.05,360,paired cluster influence sandwich; asymptotic Bonferroni bounds,,,
212,1.0,validation,source,mlp_stronger,logistic:C1:E8,logistic,logistic,1.0,8.0,7.995742559457445,0.8479443985117817,0.8330177759404712,0.0149266225713105,0.003634092371439806,0.009022886275508365,1132,0.02817885779559482,0.8001145365333702,True,0.05,360,paired cluster influence sandwich; asymptotic Bonferroni bounds,,,
212,1.0,validation,source,mlp_stronger,logistic:C5:E2,logistic,logistic,5.0,2.0,1.9948093103901194,0.8479443985117817,0.8381324927656055,0.009811905746176186,0.003654256511815668,0.008764176918077867,1132,0.02313767237914359,0.8061726738632602,True,0.05,360,paired cluster influence sandwich; asymptotic Bonferroni bounds,,,
212,1.0,validation,source,mlp_stronger,logistic:C5:E8,logistic,logistic,5.0,8.0,7.995742559457445,0.8479443985117817,0.8458133526250515,0.0021310458867301874,0.0016286749683051022,0.0085236642760624,1132,0.00807024103584296,0.814730597314004,True,0.05,360,paired cluster influence sandwich; asymptotic Bonferroni bounds,,,
212,1.0,validation,state_OR,mlp_stronger,mlp_base:C1:E2,mlp_base,mlp,1.0,2.0,1.9909995955023065,0.8473422030252937,0.823429362413125,0.023912840612168695,0.005260862980563986,0.009520219678180791,1198,0.04309399506591971,0.7887185545560367,True,0.05,360,paired cluster influence sandwich; asymptotic Bonferroni bounds,,,
212,1.0,validation,state_OR,mlp_stronger,mlp_base:C1:E8,mlp_base,mlp,1.0,8.0,7.998197999765249,0.8473422030252937,0.8249291224515188,0.02241308057377489,0.00507004237035507,0.009489730123004447,1198,0.04089850134069571,0.7903294797909437,True,0.05,360,paired cluster influence sandwich; asymptotic Bonferroni bounds,,,
212,1.0,validation,state_OR,mlp_stronger,mlp_base:C5:E2,mlp_base,mlp,5.0,2.0,1.9909995955023065,0.8473422030252937,0.833902131214561,0.013440071810732701,0.0042682120766716035,0.0092313768818585,1198,0.029002012006944897,0.8002444468297204,True,0.05,360,paired cluster influence sandwich; asymptotic Bonferroni bounds,,,
212,1.0,validation,state_OR,mlp_stronger,mlp_base:C5:E8,mlp_base,mlp,5.0,8.0,7.998197999765249,0.8473422030252937,0.8473710872926998,-2.8884267406104058e-05,0.0015236192911929416,0.008932653483189088,1198,0.0055262455774608005,0.814802551146465,True,0.05,360,paired cluster influence sandwich; asymptotic Bonferroni bounds,,,
212,1.0,validation,state_OR,mlp_stronger,mlp_stronger:C1:E2,mlp_stronger,mlp,1.0,2.0,1.9948093103901194,0.8473422030252937,0.8204642812705523,0.026877921754741463,0.005099815409806879,0.009633486967699305,1198,0.045471895295302774,0.7853404998418582,True,0.05,360,paired cluster influence sandwich; asymptotic Bonferroni bounds,,,
212,1.0,validation,state_OR,mlp_stronger,mlp_stronger:C1:E8,mlp_stronger,mlp,1.0,8.0,7.995742559457445,0.8473422030252937,0.8211886098224285,0.026153593202865255,0.005079054468386752,0.009598791174071065,1198,0.04467187216148137,0.786191329574042,True,0.05,360,paired cluster influence sandwich; asymptotic Bonferroni bounds,,,
212,1.0,validation,state_OR,mlp_stronger,mlp_stronger:C5:E2,mlp_stronger,mlp,5.0,2.0,1.9948093103901194,0.8473422030252937,0.8396878721626763,0.007654330862617464,0.002978294654030286,0.009193504517597392,1198,0.018513220360175067,0.8061682707636699,True,0.05,360,paired cluster influence sandwich; asymptotic Bonferroni bounds,,,
212,1.0,validation,state_OR,mlp_stronger,mlp_stronger:C5:E8,mlp_stronger,mlp,5.0,8.0,7.995742559457445,0.8473422030252937,0.8451236691018327,0.0022185339234610524,0.0010147677438388572,0.009054662837725498,1198,0.005918386381350177,0.8121102857351301,True,0.05,360,paired cluster influence sandwich; asymptotic Bonferroni bounds,,,
212,1.0,validation,state_OR,mlp_stronger,logistic:C1:E2,logistic,logistic,1.0,2.0,1.9948093103901194,0.8473422030252937,0.8309192751382001,0.016422927887093652,0.004061601818824661,0.00928411664923003,1198,0.03123156519704313,0.7970693010800596,True,0.05,360,paired cluster influence sandwich; asymptotic Bonferroni bounds,,,
212,1.0,validation,state_OR,mlp_stronger,logistic:C1:E8,logistic,logistic,1.0,8.0,7.995742559457445,0.8473422030252937,0.8309626015393093,0.016379601485984385,0.004095657777431942,0.009335862655135481,1198,0.03131240713191413,0.7969239610712464,True,0.05,360,paired cluster influence sandwich; asymptotic Bonferroni bounds,,,
212,1.0,validation,state_OR,mlp_stronger,logistic:C5:E2,logistic,logistic,5.0,2.0,1.9948093103901194,0.8473422030252937,0.8312014522120905,0.01614075081320321,0.00408675070571071,0.00914389673712943,1198,0.03104108119432435,0.7978627212335416,True,0.05,360,paired cluster influence sandwich; asymptotic Bonferroni bounds,,,
212,1.0,validation,state_OR,mlp_stronger,logistic:C5:E8,logistic,logistic,5.0,8.0,7.995742559457445,0.8473422030252937,0.8446231936223538,0.002719009402939898,0.001827889338425479,0.00890777958690839,1198,0.009383510617709263,0.8121453479290331,True,0.05,360,paired cluster influence sandwich; asymptotic Bonferroni bounds,,,
212,1.0,validation,state_WA,mlp_stronger,mlp_base:C1:E2,mlp_base,mlp,1.0,2.0,1.9909995955023065,0.8288112148676722,0.8080222024238235,0.020789012443848676,0.004902711098982261,0.009537618196620029,1196,0.03866443089474336,0.7732477862187076,True,0.05,360,paired cluster influence sandwich; asymptotic Bonferroni bounds,,,
212,1.0,validation,state_WA,mlp_stronger,mlp_base:C1:E8,mlp_base,mlp,1.0,8.0,7.998197999765249,0.8288112148676722,0.809209239005991,0.01960197586168122,0.004784934215268006,0.009534284701748986,1196,0.037047976580686356,0.7744469768141384,True,0.05,360,paired cluster influence sandwich; asymptotic Bonferroni bounds,,,
212,1.0,validation,state_WA,mlp_stronger,mlp_base:C5:E2,mlp_base,mlp,5.0,2.0,1.9909995955023065,0.8288112148676722,0.8151818908488377,0.013629324018834432,0.00426903119387662,0.009417533839165635,1196,0.029194328244008583,0.7808453054878337,True,0.05,360,paired cluster influence sandwich; asymptotic Bonferroni bounds,,,
212,1.0,validation,state_WA,mlp_stronger,mlp_base:C5:E8,mlp_base,mlp,5.0,8.0,7.998197999765249,0.8288112148676722,0.8273707425926004,0.0014404722750718246,0.0014354665041149768,0.009166016927391591,1196,0.006674222319740934,0.7939511947552577,True,0.05,360,paired cluster influence sandwich; asymptotic Bonferroni bounds,,,
212,1.0,validation,state_WA,mlp_stronger,mlp_stronger:C1:E2,mlp_stronger,mlp,1.0,2.0,1.9948093103901194,0.8288112148676722,0.8042232690394215,0.024587945828250635,0.004847997650286823,0.00965158544868909,1196,0.04226387755219428,0.7690333251233508,True,0.05,360,paired cluster influence sandwich; asymptotic Bonferroni bounds,,,
212,1.0,validation,state_WA,mlp_stronger,mlp_stronger:C1:E8,mlp_stronger,mlp,1.0,8.0,7.995742559457445,0.8288112148676722,0.8048165271295884,0.023994687738083775,0.004806385574987823,0.009635284108079217,1196,0.04151890069998693,0.7696860183462083,True,0.05,360,paired cluster influence sandwich; asymptotic Bonferroni bounds,,,
212,1.0,validation,state_WA,mlp_stronger,mlp_stronger:C5:E2,mlp_stronger,mlp,5.0,2.0,1.9948093103901194,0.8288112148676722,0.8253130737430214,0.0034981411246507443,0.003135562838065466,0.009322224790070936,1196,0.014930488794724611,0.7913239877757872,True,0.05,360,paired cluster influence sandwich; asymptotic Bonferroni bounds,,,
212,1.0,validation,state_WA,mlp_stronger,mlp_stronger:C5:E8,mlp_stronger,mlp,5.0,8.0,7.995742559457445,0.8288112148676722,0.8275268631426443,0.0012843517250278325,0.0011327701876143689,0.009165801910478213,1196,0.005414462739831193,0.7941080992628351,True,0.05,360,paired cluster influence sandwich; asymptotic Bonferroni bounds,,,
212,1.0,validation,state_WA,mlp_stronger,logistic:C1:E2,logistic,logistic,1.0,2.0,1.9948093103901194,0.8288112148676722,0.8124237611313954,0.016387453736276814,0.003994165807141155,0.009504948723679714,1196,0.030950291260952667,0.7777684587160966,True,0.05,360,paired cluster influence sandwich; asymptotic Bonferroni bounds,,,
212,1.0,validation,state_WA,mlp_stronger,logistic:C1:E8,logistic,logistic,1.0,8.0,7.995742559457445,0.8288112148676722,0.8126298402574532,0.016181374610218957,0.003976144176021248,0.009506083382536345,1196,0.03067850477606168,0.7779704008450008,True,0.05,360,paired cluster influence sandwich; asymptotic Bonferroni bounds,,,
212,1.0,validation,state_WA,mlp_stronger,logistic:C5:E2,logistic,logistic,5.0,2.0,1.9948093103901194,0.8288112148676722,0.8118773392062415,0.016933875661430675,0.0045255880001258035,0.009607061914507602,1196,0.03343429300304998,0.7768497293107439,True,0.05,360,paired cluster influence sandwich; asymptotic Bonferroni bounds,,,
212,1.0,validation,state_WA,mlp_stronger,logistic:C5:E8,logistic,logistic,5.0,8.0,7.995742559457445,0.8288112148676722,0.8257200279768026,0.003091186890869624,0.002132557044858706,0.009217240558885582,1196,0.010866548069129962,0.7921137173812546,True,0.05,360,paired cluster influence sandwich; asymptotic Bonferroni bounds,,,
212,1.0,validation,proxy_0.5,mlp_stronger,mlp_base:C1:E2,mlp_base,mlp,1.0,2.0,1.9909995955023065,0.8468380529144274,0.8245886730053741,0.02224937990905329,0.004519069577526955,0.009394992718586738,1132,0.03872881051102425,0.790328494476169,True,0.05,360,paired cluster influence sandwich; asymptotic Bonferroni bounds,,,
212,1.0,validation,proxy_0.5,mlp_stronger,mlp_base:C1:E8,mlp_base,mlp,1.0,8.0,7.998197999765249,0.8468380529144274,0.8249023356758991,0.021935717238528274,0.004382716021058215,0.009391440286538292,1132,0.03791791518395134,0.7906551115959244,True,0.05,360,paired cluster influence sandwich; asymptotic Bonferroni bounds,,,
212,1.0,validation,proxy_0.5,mlp_stronger,mlp_base:C5:E2,mlp_base,mlp,5.0,2.0,1.9909995955023065,0.8468380529144274,0.840081128565523,0.006756924348904403,0.002891741613044943,0.008758163365190783,1132,0.01730207184297869,0.8081432389399399,True,0.05,360,paired cluster influence sandwich; asymptotic Bonferroni bounds,,,
212,1.0,validation,proxy_0.5,mlp_stronger,mlp_base:C5:E8,mlp_base,mlp,5.0,8.0,7.998197999765249,0.8468380529144274,0.8461611202976437,0.0006769326167836986,0.001085859626771227,0.008619992237904158,1132,0.004636674341462156,0.8147270913593666,True,0.05,360,paired cluster influence sandwich; asymptotic Bonferroni bounds,,,
212,1.0,validation,proxy_0.5,mlp_stronger,mlp_stronger:C1:E2,mlp_stronger,mlp,1.0,2.0,1.9948093103901194,0.8468380529144274,0.8240486771393136,0.02278937577511375,0.004572374261879433,0.009432908951891845,1132,0.039463189497653386,0.7896502316671637,True,0.05,360,paired cluster influence sandwich; asymptotic Bonferroni bounds,,,
212,1.0,validation,proxy_0.5,mlp_stronger,mlp_stronger:C1:E8,mlp_stronger,mlp,1.0,8.0,7.995742559457445,0.8468380529144274,0.8237448325754444,0.023093220338982978,0.004538351235917143,0.009427383879715565,1132,0.03964296425343583,0.7893665350655992,True,0.05,360,paired cluster influence sandwich; asymptotic Bonferroni bounds,,,
212,1.0,validation,proxy_0.5,mlp_stronger,mlp_stronger:C5:E2,mlp_stronger,mlp,5.0,2.0,1.9948093103901194,0.8468380529144274,0.8415817486564695,0.005256304257957867,0.002857690388444334,0.008939148219918569,1132,0.015677279113596048,0.8089838719910042,True,0.05,360,paired cluster influence sandwich; asymptotic Bonferroni bounds,,,
212,1.0,validation,proxy_0.5,mlp_stronger,mlp_stronger:C5:E8,mlp_stronger,mlp,5.0,8.0,7.995742559457445,0.8468380529144274,0.8476700082678792,-0.0008319553534518187,0.0009204453519016509,0.008617637042286564,1132,0.0025245796676068443,0.8162445678857349,True,0.05,360,paired cluster influence sandwich; asymptotic Bonferroni bounds,,,
212,1.0,validation,proxy_0.5,mlp_stronger,logistic:C1:E2,logistic,logistic,1.0,2.0,1.9948093103901194,0.8468380529144274,0.8313905539479124,0.015447498966514983,0.0035682798544706025,0.009148790932258025,1132,0.028459739477832625,0.7980281852847164,True,0.05,360,paired cluster influence sandwich; asymptotic Bonferroni bounds,,,
212,1.0,validation,proxy_0.5,mlp_stronger,logistic:C1:E8,logistic,logistic,1.0,8.0,7.995742559457445,0.8468380529144274,0.8305782348077718,0.016259818106655555,0.00359473374705147,0.00918675736181536,1132,0.02936852650355441,0.7970774161538507,True,0.05,360,paired cluster influence sandwich; asymptotic Bonferroni bounds,,,
212,1.0,validation,proxy_0.5,mlp_stronger,logistic:C5:E2,logistic,logistic,5.0,2.0,1.9948093103901194,0.8468380529144274,0.8360412360479538,0.010796816866473602,0.0034597233351457636,0.00889322116596463,1132,0.023413190574699403,0.8036108389234432,True,0.05,360,paired cluster influence sandwich; asymptotic Bonferroni bounds,,,
212,1.0,validation,proxy_0.5,mlp_stronger,logistic:C5:E8,logistic,logistic,5.0,8.0,7.995742559457445,0.8468380529144274,0.8435763745349318,0.003261678379495536,0.001559060451027515,0.008692463000924008,1132,0.008947014280219946,0.8118780706415187,True,0.05,360,paired cluster influence sandwich; asymptotic Bonferroni bounds,,,
212,1.0,validation,proxy_0.75,mlp_stronger,mlp_base:C1:E2,mlp_base,mlp,1.0,2.0,1.9909995955023065,0.8487577511368333,0.8269165977676727,0.021841153369160593,0.004531378253087059,0.009282453002816812,1132,0.038365469308968274,0.7930668113344909,True,0.05,360,paired cluster influence sandwich; asymptotic Bonferroni bounds,,,
212,1.0,validation,proxy_0.75,mlp_stronger,mlp_base:C1:E8,mlp_base,mlp,1.0,8.0,7.998197999765249,0.8487577511368333,0.8270928069450185,0.02166494419181475,0.004402237208187282,0.009292117898807576,1132,0.037718328925368125,0.793207776092599,True,0.05,360,paired cluster influence sandwich; asymptotic Bonferroni bounds,,,
212,1.0,validation,proxy_0.75,mlp_stronger,mlp_base:C5:E2,mlp_base,mlp,5.0,2.0,1.9909995955023065,0.8487577511368333,0.8418912773873501,0.006866473749483126,0.0030605617025778963,0.00859594986576249,1132,0.018027247735238762,0.8105449223820405,True,0.05,360,paired cluster influence sandwich; asymptotic Bonferroni bounds,,,
212,1.0,validation,proxy_0.75,mlp_stronger,mlp_base:C5:E8,mlp_base,mlp,5.0,8.0,7.998197999765249,0.8487577511368333,0.8478007441091361,0.0009570070276971876,0.0011277817319863387,0.008488125897408544,1132,0.005069623677563016,0.8168475845555084,True,0.05,360,paired cluster influence sandwich; asymptotic Bonferroni bounds,,,
212,1.0,validation,proxy_0.75,mlp_stronger,mlp_stronger:C1:E2,mlp_stronger,mlp,1.0,2.0,1.9948093103901194,0.8487577511368333,0.8258216205043407,0.022936130632492557,0.004589470657462457,0.00935301946310508,1132,0.03967228879556822,0.7917145034270523,True,0.05,360,paired cluster influence sandwich; asymptotic Bonferroni bounds,,,
212,1.0,validation,proxy_0.75,mlp_stronger,mlp_stronger:C1:E8,mlp_stronger,mlp,1.0,8.0,7.995742559457445,0.8487577511368333,0.8254402645721373,0.02331748656469601,0.004550233082700723,0.009344730131174341,1132,0.039910559325083646,0.7913633757239005,True,0.05,360,paired cluster influence sandwich; asymptotic Bonferroni bounds,,,
212,1.0,validation,proxy_0.75,mlp_stronger,mlp_stronger:C5:E2,mlp_stronger,mlp,5.0,2.0,1.9948093103901194,0.8487577511368333,0.8427459694088467,0.006011781727986554,0.0028907929614323032,0.008900069713127673,1132,0.01655346982889423,0.8102905980820669,True,0.05,360,paired cluster influence sandwich; asymptotic Bonferroni bounds,,,
212,1.0,validation,proxy_0.75,mlp_stronger,mlp_stronger:C5:E8,mlp_stronger,mlp,5.0,8.0,7.995742559457445,0.8487577511368333,0.8496010748243074,-0.0008433236874740846,0.0009433407774101173,0.008523024696512263,1132,0.00259670276236135,0.8185206518311474,True,0.05,360,paired cluster influence sandwich; asymptotic Bonferroni bounds,,,
212,1.0,validation,proxy_0.75,mlp_stronger,logistic:C1:E2,logistic,logistic,1.0,2.0,1.9948093103901194,0.8487577511368333,0.8336120297643655,0.015145721372467724,0.003593774430388385,0.009045106934998102,1132,0.028250931484575116,0.8006277595588426,True,0.05,360,paired cluster influence sandwich; asymptotic Bonferroni bounds,,,
212,1.0,validation,proxy_0.75,mlp_stronger,logistic:C1:E8,logistic,logistic,1.0,8.0,7.995742559457445,0.8487577511368333,0.8326994625878461,0.016058288548987165,0.0036225382457564428,0.009086524973787605,1132,0.02926839000898684,0.7995641556071216,True,0.05,360,paired cluster influence sandwich; asymptotic Bonferroni bounds,,,
212,1.0,validation,proxy_0.75,mlp_stronger,logistic:C5:E2,logistic,logistic,5.0,2.0,1.9948093103901194,0.8487577511368333,0.8382523770152955,0.010505374121537736,0.0035184909346276994,0.00880184518844901,1132,0.02333605224811617,0.8061551954021469,True,0.05,360,paired cluster influence sandwich; asymptotic Bonferroni bounds,,,
212,1.0,validation,proxy_0.75,mlp_stronger,logistic:C5:E8,logistic,logistic,5.0,8.0,7.995742559457445,0.8487577511368333,0.8458660603555188,0.00289169078131446,0.0015804214341900902,0.008577379395779936,1132,0.008654922548340218,0.8145874252129095,True,0.05,360,paired cluster influence sandwich; asymptotic Bonferroni bounds,,,
212,1.0,test,source,mlp_stronger,mlp_base:C1:E2,mlp_base,mlp,1.0,2.0,1.9909995955023065,0.8629577418344297,0.8326192066082999,0.030338535226129837,0.004354963910686011,0.008988184396751222,1143,0.046219049327272686,0.7998435069736741,True,0.05,360,paired cluster influence sandwich; asymptotic Bonferroni bounds,-0.0021248619148900305,0.03016541359581859,0.0022979835452012765
212,1.0,test,source,mlp_stronger,mlp_base:C1:E8,mlp_base,mlp,1.0,8.0,7.998197999765249,0.8629577418344297,0.834223673146362,0.028734068688067715,0.004259362949100541,0.008955037379028176,1143,0.044265970848979416,0.8015688451637538,True,0.05,360,paired cluster influence sandwich; asymptotic Bonferroni bounds,-0.0021248619148900305,0.03016541359581859,0.000693517007139155
212,1.0,test,source,mlp_stronger,mlp_base:C5:E2,mlp_base,mlp,5.0,2.0,1.9909995955023065,0.8629577418344297,0.851881048952202,0.01107669288222779,0.0030503624630496733,0.008337202008245807,1143,0.022199936404222097,0.8214791772555963,True,0.05,360,paired cluster influence sandwich; asymptotic Bonferroni bounds,-0.0021248619148900305,0.0001659082290480507,0.01303564656806977
212,1.0,test,source,mlp_stronger,mlp_base:C5:E8,mlp_base,mlp,5.0,8.0,7.998197999765249,0.8629577418344297,0.8629340406588514,2.3701175578372258e-05,0.0011106141625831802,0.008061668386106008,1143,0.004073590963770183,0.8335369110591879,True,0.05,360,paired cluster influence sandwich; asymptotic Bonferroni bounds,-0.0021248619148900305,0.0001659082290480507,0.001982654861420352
212,1.0,test,source,mlp_stronger,mlp_stronger:C1:E2,mlp_stronger,mlp,1.0,2.0,1.9948093103901194,0.8629577418344297,0.8310899655405518,0.031867776293877936,0.004451756952153253,0.00903762765979625,1143,0.04810124929237039,0.7981339694781953,True,0.05,360,paired cluster influence sandwich; asymptotic Bonferroni bounds,0.0,0.03309611548037139,-0.0012283391864934545
212,1.0,test,source,mlp_stronger,mlp_stronger:C1:E8,mlp_stronger,mlp,1.0,8.0,7.995742559457445,0.8629577418344297,0.8303016438310994,0.03265609800333036,0.004428895492058435,0.00907224126971848,1143,0.04880620596209937,0.79721942814173,True,0.05,360,paired cluster influence sandwich; asymptotic Bonferroni bounds,0.0,0.03309611548037139,-0.00044001747704103256
212,1.0,test,source,mlp_stronger,mlp_stronger:C5:E2,mlp_stronger,mlp,5.0,2.0,1.9948093103901194,0.8629577418344297,0.8517944881370464,0.011163253697383357,0.0026290943818371125,0.008469214362854225,1143,0.02075032979267593,0.820911229200069,True,0.05,360,paired cluster influence sandwich; asymptotic Bonferroni bounds,0.0,6.595109726126314e-05,0.011097302600122094
212,1.0,test,source,mlp_stronger,mlp_stronger:C5:E8,mlp_stronger,mlp,5.0,8.0,7.995742559457445,0.8629577418344297,0.8617335245915155,0.0012242172429142162,0.0008769712823522247,0.008135667226606432,1143,0.004422120853899142,0.8320665558716812,True,0.05,360,paired cluster influence sandwich; asymptotic Bonferroni bounds,0.0,6.595109726126314e-05,0.001158266145652953
212,1.0,test,source,mlp_stronger,logistic:C1:E2,logistic,logistic,1.0,2.0,1.9948093103901194,0.8629577418344297,0.8419822014476267,0.02097554038680305,0.00352693602347619,0.008719813111717318,1143,0.03383662452052196,0.8101851262203962,True,0.05,360,paired cluster influence sandwich; asymptotic Bonferroni bounds,0.0037782765329508194,0.0179196344660435,-0.0007223706121912699
212,1.0,test,source,mlp_stronger,logistic:C1:E8,logistic,logistic,1.0,8.0,7.995742559457445,0.8629577418344297,0.8416380191587938,0.021319722675635977,0.003509050806980167,0.00872272046400272,1143,0.03411558779983103,0.8098303421791924,True,0.05,360,paired cluster influence sandwich; asymptotic Bonferroni bounds,0.0037782765329508194,0.0179196344660435,-0.0003781883233583416
212,1.0,test,source,mlp_stronger,logistic:C5:E2,logistic,logistic,5.0,2.0,1.9948093103901194,0.8629577418344297,0.8457620237094196,0.017195718125010195,0.003589928547399627,0.00861396787635423,1143,0.03028650649622648,0.814350916491843,True,0.05,360,paired cluster influence sandwich; asymptotic Bonferroni bounds,0.0037782765329508194,0.0,0.013417441592059376
212,1.0,test,source,mlp_stronger,logistic:C5:E8,logistic,logistic,5.0,8.0,7.995742559457445,0.8629577418344297,0.8586534022522301,0.004304339582199668,0.001569332043065518,0.008204008846164148,1143,0.010026958678565841,0.8287372236479194,True,0.05,360,paired cluster influence sandwich; asymptotic Bonferroni bounds,0.0037782765329508194,0.0,0.0005260630492488483
212,1.0,test,state_CO,mlp_stronger,mlp_base:C1:E2,mlp_base,mlp,1.0,2.0,1.9909995955023065,0.8331173312410911,0.8134296476735445,0.019687683567546577,0.004828320188961854,0.009743197219921729,1200,0.037291695671564026,0.7779060379959084,True,0.05,360,paired cluster influence sandwich; asymptotic Bonferroni bounds,-0.0024102547250031137,0.018845583493195428,0.0032523547993542623
212,1.0,test,state_CO,mlp_stronger,mlp_base:C1:E8,mlp_base,mlp,1.0,8.0,7.998197999765249,0.8331173312410911,0.8157988243461402,0.017318506894950958,0.004739414372088002,0.009720392011993853,1200,0.034598369188037714,0.7803583622520703,True,0.05,360,paired cluster influence sandwich; asymptotic Bonferroni bounds,-0.0024102547250031137,0.018845583493195428,0.0008831781267586436
212,1.0,test,state_CO,mlp_stronger,mlp_base:C5:E2,mlp_base,mlp,5.0,2.0,1.9909995955023065,0.8331173312410911,0.8121326081687814,0.020984723072309697,0.0036739063311320825,0.00961868579269731,1200,0.03437975260455402,0.7770629660380693,True,0.05,360,paired cluster influence sandwich; asymptotic Bonferroni bounds,-0.0024102547250031137,-0.00011193769281014898,0.02350691549012296
212,1.0,test,state_CO,mlp_stronger,mlp_base:C5:E8,mlp_base,mlp,5.0,8.0,7.998197999765249,0.8331173312410911,0.8305509799169402,0.0025663513241509506,0.0012588755973448966,0.009257873452206212,1200,0.007156200461284645,0.7967968563435527,True,0.05,360,paired cluster influence sandwich; asymptotic Bonferroni bounds,-0.0024102547250031137,-0.00011193769281014898,0.005088543741964213
212,1.0,test,state_CO,mlp_stronger,mlp_stronger:C1:E2,mlp_stronger,mlp,1.0,2.0,1.9948093103901194,0.8331173312410911,0.8123236211124758,0.020793710128615306,0.004986980785989801,0.009807429330409165,1200,0.03897619734637851,0.7765658217360967,True,0.05,360,paired cluster influence sandwich; asymptotic Bonferroni bounds,-1.1102230246251565e-16,0.021758017408878727,-0.0009643072802633101
212,1.0,test,state_CO,mlp_stronger,mlp_stronger:C1:E8,mlp_stronger,mlp,1.0,8.0,7.995742559457445,0.8331173312410911,0.8116848573975409,0.02143247384355018,0.0048497310509649965,0.009831355320160225,1200,0.03911454975839825,0.7758398240771204,True,0.05,360,paired cluster influence sandwich; asymptotic Bonferroni bounds,-1.1102230246251565e-16,0.021758017408878727,-0.0003255435653284344
212,1.0,test,state_CO,mlp_stronger,mlp_stronger:C5:E2,mlp_stronger,mlp,5.0,2.0,1.9948093103901194,0.8331173312410911,0.8327219549866702,0.0003953762544208761,0.0032363224703483347,0.00919971045423519,1200,0.012194978954913168,0.7991798931822244,True,0.05,360,paired cluster influence sandwich; asymptotic Bonferroni bounds,-1.1102230246251565e-16,-0.00012118025460183812,0.0005165565090228252
212,1.0,test,state_CO,mlp_stronger,mlp_stronger:C5:E8,mlp_stronger,mlp,5.0,8.0,7.995742559457445,0.8331173312410911,0.8356076881682886,-0.002490356927197457,0.0011892785833250259,0.009157712604494559,1200,0.0018457421210315685,0.8022187501473207,True,0.05,360,paired cluster influence sandwich; asymptotic Bonferroni bounds,-1.1102230246251565e-16,-0.00012118025460183812,-0.0023691766725955077
212,1.0,test,state_CO,mlp_stronger,logistic:C1:E2,logistic,logistic,1.0,2.0,1.9948093103901194,0.8331173312410911,0.8208411552791459,0.01227617596194519,0.0038801462823532334,0.009577295887592947,1200,0.026423154506587082,0.7859224203712206,True,0.05,360,paired cluster influence sandwich; asymptotic Bonferroni bounds,0.00019203989500449214,0.011535744067302178,0.00054839199963852
212,1.0,test,state_CO,mlp_stronger,logistic:C1:E8,logistic,logistic,1.0,8.0,7.995742559457445,0.8331173312410911,0.8214480835034649,0.011669247737626232,0.0039439142690318695,0.009599473597433914,1200,0.026048723789766876,0.78644848886437,True,0.05,360,paired cluster influence sandwich; asymptotic Bonferroni bounds,0.00019203989500449214,0.011535744067302178,-5.853622468043884e-05
212,1.0,test,state_CO,mlp_stronger,logistic:C5:E2,logistic,logistic,5.0,2.0,1.9948093103901194,0.8331173312410911,0.8168380990720466,0.016279232169044477,0.0037291551940730676,0.00959958318646143,1200,0.02987569856004763,0.7818381048723404,True,0.05,360,paired cluster influence sandwich; asymptotic Bonferroni bounds,0.00019203989500449214,0.0,0.016087192274039985
212,1.0,test,state_CO,mlp_stronger,logistic:C5:E8,logistic,logistic,5.0,8.0,7.995742559457445,0.8331173312410911,0.8309658682462546,0.002151462994836484,0.001711816433179224,0.00929262168996794,1200,0.008392730357020761,0.7970850529096429,True,0.05,360,paired cluster influence sandwich; asymptotic Bonferroni bounds,0.00019203989500449214,0.0,0.0019594230998319917
212,1.0,test,state_UT,mlp_stronger,mlp_base:C1:E2,mlp_base,mlp,1.0,2.0,1.9909995955023065,0.8461658810234524,0.8367730549139845,0.0093928261094679,0.0048326840605951845,0.009281178705607558,1116,0.027016693171392537,0.8029263855197828,True,0.05,360,paired cluster influence sandwich; asymptotic Bonferroni bounds,-0.0002048525286905134,0.007035896466181413,0.0025617821719770006
212,1.0,test,state_UT,mlp_stronger,mlp_base:C1:E8,mlp_base,mlp,1.0,8.0,7.998197999765249,0.8461658810234524,0.8385762073917996,0.007589673631652749,0.00468700318304474,0.009243387848608174,1116,0.024682270619386493,0.8048673539672666,True,0.05,360,paired cluster influence sandwich; asymptotic Bonferroni bounds,-0.0002048525286905134,0.007035896466181413,0.0007586296941618498
212,1.0,test,state_UT,mlp_stronger,mlp_base:C5:E2,mlp_base,mlp,5.0,2.0,1.9909995955023065,0.8461658810234524,0.8447352900126515,0.0014305910108008968,0.0037291683564172388,0.008732811795219678,1116,0.01503014904955652,0.8128884090193998,True,0.05,360,paired cluster influence sandwich; asymptotic Bonferroni bounds,-0.0002048525286905134,-0.00018571795183475182,0.001821161491326162
212,1.0,test,state_UT,mlp_stronger,mlp_base:C5:E8,mlp_base,mlp,5.0,8.0,7.998197999765249,0.8461658810234524,0.8448197072634852,0.0013461737599671508,0.0011721765125839868,0.00891250436498831,1116,0.005620875514078173,0.8123175221117349,True,0.05,360,paired cluster influence sandwich; asymptotic Bonferroni bounds,-0.0002048525286905134,-0.00018571795183475182,0.001736744240492416
212,1.0,test,state_UT,mlp_stronger,mlp_stronger:C1:E2,mlp_stronger,mlp,1.0,2.0,1.9948093103901194,0.8461658810234524,0.8350115482799141,0.011154332743538276,0.0047367297214349615,0.009410551708266683,1116,0.028428272829858735,0.800693080487208,True,0.05,360,paired cluster influence sandwich; asymptotic Bonferroni bounds,1.1102230246251565e-16,0.010382196289242751,0.0007721364542954134
212,1.0,test,state_UT,mlp_stronger,mlp_stronger:C1:E8,mlp_stronger,mlp,1.0,8.0,7.995742559457445,0.8461658810234524,0.8354257555906732,0.010740125432779135,0.00471262623859365,0.009386176864463035,1116,0.027926164764157144,0.8011961781540228,True,0.05,360,paired cluster influence sandwich; asymptotic Bonferroni bounds,1.1102230246251565e-16,0.010382196289242751,0.00035792914353627303
212,1.0,test,state_UT,mlp_stronger,mlp_stronger:C5:E2,mlp_stronger,mlp,5.0,2.0,1.9948093103901194,0.8461658810234524,0.8520987254120687,-0.0059328443886162985,0.003314853035685504,0.008714982901138044,1116,0.006155785552473557,0.8203168629582489,True,0.05,360,paired cluster influence sandwich; asymptotic Bonferroni bounds,1.1102230246251565e-16,0.0001384442913678896,-0.006071288679984299
212,1.0,test,state_UT,mlp_stronger,mlp_stronger:C5:E8,mlp_stronger,mlp,5.0,8.0,7.995742559457445,0.8461658810234524,0.8482312897605252,-0.002065408737072838,0.001097867016007005,0.008896111214031093,1116,0.0019383006093636008,0.8157888872698331,True,0.05,360,paired cluster influence sandwich; asymptotic Bonferroni bounds,1.1102230246251565e-16,0.0001384442913678896,-0.0022038530284408386
212,1.0,test,state_UT,mlp_stronger,logistic:C1:E2,logistic,logistic,1.0,2.0,1.9948093103901194,0.8461658810234524,0.8434622778700739,0.0027036031533784755,0.0038955985943230744,0.00900057215241703,1116,0.016910100183212214,0.8106389264764132,True,0.05,360,paired cluster influence sandwich; asymptotic Bonferroni bounds,-0.0018875697286490078,0.006511383947665705,-0.001920211065638222
212,1.0,test,state_UT,mlp_stronger,logistic:C1:E8,logistic,logistic,1.0,8.0,7.995742559457445,0.8461658810234524,0.8423310867088978,0.0038347943145545793,0.0038963098511217496,0.009098434164277802,1116,0.018043885160807842,0.8091508514250797,True,0.05,360,paired cluster influence sandwich; asymptotic Bonferroni bounds,-0.0018875697286490078,0.006511383947665705,-0.0007890199044621182
212,1.0,test,state_UT,mlp_stronger,logistic:C5:E2,logistic,logistic,5.0,2.0,1.9948093103901194,0.8461658810234524,0.8457077767422596,0.0004581042811927505,0.00407687058718235,0.00871376363160621,1116,0.015325665321035159,0.813930360729356,True,0.05,360,paired cluster influence sandwich; asymptotic Bonferroni bounds,-0.0018875697286490078,0.0,0.0023456740098417583
212,1.0,test,state_UT,mlp_stronger,logistic:C5:E8,logistic,logistic,5.0,8.0,7.995742559457445,0.8461658810234524,0.8506793900347124,-0.00451350901126002,0.0018316553300360124,0.008674658069879162,1116,0.0021661848472796855,0.8190445844661536,True,0.05,360,paired cluster influence sandwich; asymptotic Bonferroni bounds,-0.0018875697286490078,0.0,-0.0026259392826110117
213,1.0,validation,source,mlp_stronger,mlp_base:C1:E2,mlp_base,mlp,1.0,2.0,1.9909995955023065,0.869214425414618,0.8285981175901485,0.040616307824469566,0.005054773770823768,0.00935238544426332,1152,0.05904825119471855,0.7944951791203009,True,0.05,360,paired cluster influence sandwich; asymptotic Bonferroni bounds,,,
213,1.0,validation,source,mlp_stronger,mlp_base:C1:E8,mlp_base,mlp,1.0,8.0,7.998197999765249,0.869214425414618,0.8308812797384476,0.03833314567617041,0.004889620375691908,0.009261127460163134,1152,0.05616286663954426,0.7971111082867258,True,0.05,360,paired cluster influence sandwich; asymptotic Bonferroni bounds,,,
213,1.0,validation,source,mlp_stronger,mlp_base:C5:E2,mlp_base,mlp,5.0,2.0,1.9909995955023065,0.869214425414618,0.8525400439534778,0.016674381461140197,0.0029937108436178775,0.008745345028868708,1152,0.027590776781335202,0.8206506436294101,True,0.05,360,paired cluster influence sandwich; asymptotic Bonferroni bounds,,,
213,1.0,validation,source,mlp_stronger,mlp_base:C5:E8,mlp_base,mlp,5.0,8.0,7.998197999765249,0.869214425414618,0.8661597838189485,0.003054641595669483,0.001130253145183802,0.008218546690623314,1152,0.00717604502747501,0.8361913234970083,True,0.05,360,paired cluster influence sandwich; asymptotic Bonferroni bounds,,,
213,1.0,validation,source,mlp_stronger,mlp_stronger:C1:E2,mlp_stronger,mlp,1.0,2.0,1.9948093103901194,0.869214425414618,0.8271938164879754,0.04202060892664261,0.005118618033042483,0.009389650689804569,1152,0.060685356746523554,0.792954992432217,True,0.05,360,paired cluster influence sandwich; asymptotic Bonferroni bounds,,,
213,1.0,validation,source,mlp_stronger,mlp_stronger:C1:E8,mlp_stronger,mlp,1.0,8.0,7.995742559457445,0.869214425414618,0.8303829457170381,0.03883147969757994,0.004861858129910794,0.009281952384357492,1152,0.056559967219999015,0.7965368373706415,True,0.05,360,paired cluster influence sandwich; asymptotic Bonferroni bounds,,,
213,1.0,validation,source,mlp_stronger,mlp_stronger:C5:E2,mlp_stronger,mlp,5.0,2.0,1.9948093103901194,0.869214425414618,0.8589516636850029,0.010262761729615155,0.003065461295333789,0.008422547571613967,1152,0.02144079096712827,0.8282393258214793,True,0.05,360,paired cluster influence sandwich; asymptotic Bonferroni bounds,,,
213,1.0,validation,source,mlp_stronger,mlp_stronger:C5:E8,mlp_stronger,mlp,5.0,8.0,7.995742559457445,0.869214425414618,0.8675098728518468,0.0017045525627712443,0.0010761588074862062,0.008152071280473199,1152,0.0056287040869150914,0.8377838113099416,True,0.05,360,paired cluster influence sandwich; asymptotic Bonferroni bounds,,,
213,1.0,validation,source,mlp_stronger,logistic:C1:E2,logistic,logistic,1.0,2.0,1.9948093103901194,0.869214425414618,0.8378788068340569,0.03133561858056111,0.004327717146054774,0.009031684469568785,1152,0.04711639156370838,0.804945286121038,True,0.05,360,paired cluster influence sandwich; asymptotic Bonferroni bounds,,,
213,1.0,validation,source,mlp_stronger,logistic:C1:E8,logistic,logistic,1.0,8.0,7.995742559457445,0.869214425414618,0.8417497570882282,0.02746466832638983,0.004094840687656976,0.008944507451248085,1152,0.04239627062691863,0.8091341223850935,True,0.05,360,paired cluster influence sandwich; asymptotic Bonferroni bounds,,,
213,1.0,validation,source,mlp_stronger,logistic:C5:E2,logistic,logistic,5.0,2.0,1.9948093103901194,0.869214425414618,0.8330132736166539,0.036201151797964126,0.00458339170890347,0.00912855545918004,1152,0.05291422744732395,0.7997265183820347,True,0.05,360,paired cluster influence sandwich; asymptotic Bonferroni bounds,,,
213,1.0,validation,source,mlp_stronger,logistic:C5:E8,logistic,logistic,5.0,8.0,7.995742559457445,0.869214425414618,0.8587671341415102,0.01044729127310784,0.0022633305989638794,0.008381618948052052,1152,0.018700396816435705,0.8282040401622668,True,0.05,360,paired cluster influence sandwich; asymptotic Bonferroni bounds,,,
213,1.0,validation,state_OR,mlp_stronger,mlp_base:C1:E2,mlp_base,mlp,1.0,2.0,1.9909995955023065,0.8307904146526224,0.799481796948272,0.03130861770435034,0.006041838668025312,0.010440431571526361,1226,0.053335718388620654,0.7614184771462541,True,0.05,360,paired cluster influence sandwich; asymptotic Bonferroni bounds,,,
213,1.0,validation,state_OR,mlp_stronger,mlp_base:C1:E8,mlp_base,mlp,1.0,8.0,7.998197999765249,0.8307904146526224,0.8012437098694177,0.029546704783204647,0.005794795323360001,0.010364492367441537,1226,0.05067314443938098,0.7634572462673364,True,0.05,360,paired cluster influence sandwich; asymptotic Bonferroni bounds,,,
213,1.0,validation,state_OR,mlp_stronger,mlp_base:C5:E2,mlp_base,mlp,5.0,2.0,1.9909995955023065,0.8307904146526224,0.8221454305244932,0.008644984128129196,0.003653619373873462,0.009784418985449609,1226,0.021965207694544735,0.7864737759220334,True,0.05,360,paired cluster influence sandwich; asymptotic Bonferroni bounds,,,
213,1.0,validation,state_OR,mlp_stronger,mlp_base:C5:E8,mlp_base,mlp,5.0,8.0,7.998197999765249,0.8307904146526224,0.8309313225957724,-0.00014090794315002597,0.0013712667583013797,0.009552618634558863,1226,0.004858403129148027,0.7961047567069092,True,0.05,360,paired cluster influence sandwich; asymptotic Bonferroni bounds,,,
213,1.0,validation,state_OR,mlp_stronger,mlp_stronger:C1:E2,mlp_stronger,mlp,1.0,2.0,1.9948093103901194,0.8307904146526224,0.7978168286920136,0.03297358596060873,0.006034506565593206,0.01045149746194048,1226,0.05497395555069176,0.759713165296645,True,0.05,360,paired cluster influence sandwich; asymptotic Bonferroni bounds,,,
213,1.0,validation,state_OR,mlp_stronger,mlp_stronger:C1:E8,mlp_stronger,mlp,1.0,8.0,7.995742559457445,0.8307904146526224,0.7999315751028064,0.030858839549815942,0.005719203480683373,0.010377918412649406,1226,0.05170968940278228,0.7620961633467218,True,0.05,360,paired cluster influence sandwich; asymptotic Bonferroni bounds,,,
213,1.0,validation,state_OR,mlp_stronger,mlp_stronger:C5:E2,mlp_stronger,mlp,5.0,2.0,1.9948093103901194,0.8307904146526224,0.8214127092201138,0.009377705432508598,0.0038445211326003006,0.009835386272035972,1226,0.02339391121416172,0.7855552400643487,True,0.05,360,paired cluster influence sandwich; asymptotic Bonferroni bounds,,,
213,1.0,validation,state_OR,mlp_stronger,mlp_stronger:C5:E8,mlp_stronger,mlp,5.0,8.0,7.995742559457445,0.8307904146526224,0.8308264870860689,-3.607243344649902e-05,0.0013061813386408773,0.009565858535652498,1226,0.004725952744488466,0.7959516516801822,True,0.05,360,paired cluster influence sandwich; asymptotic Bonferroni bounds,,,
213,1.0,validation,state_OR,mlp_stronger,logistic:C1:E2,logistic,logistic,1.0,2.0,1.9948093103901194,0.8307904146526224,0.8052962223144072,0.02549419233821515,0.005054824320987211,0.01026433761157763,1226,0.0439228744625716,0.7678748990301397,True,0.05,360,paired cluster influence sandwich; asymptotic Bonferroni bounds,,,
213,1.0,validation,state_OR,mlp_stronger,logistic:C1:E8,logistic,logistic,1.0,8.0,7.995742559457445,0.8307904146526224,0.8078731467787316,0.022917267873890812,0.004826890839260393,0.010188640729911963,1226,0.040514958966016694,0.7707277962447394,True,0.05,360,paired cluster influence sandwich; asymptotic Bonferroni bounds,,,
213,1.0,validation,state_OR,mlp_stronger,logistic:C5:E2,logistic,logistic,5.0,2.0,1.9948093103901194,0.8307904146526224,0.802361955306255,0.028428459346367396,0.0051266938389787076,0.010387483172614783,1226,0.04711916056721291,0.7644916727198894,True,0.05,360,paired cluster influence sandwich; asymptotic Bonferroni bounds,,,
213,1.0,validation,state_OR,mlp_stronger,logistic:C5:E8,logistic,logistic,5.0,8.0,7.995742559457445,0.8307904146526224,0.8232997483947767,0.007490666257845668,0.002562995786716161,0.009794509155045044,1226,0.016834736722045787,0.7875913074440193,True,0.05,360,paired cluster influence sandwich; asymptotic Bonferroni bounds,,,
213,1.0,validation,state_WA,mlp_stronger,mlp_base:C1:E2,mlp_base,mlp,1.0,2.0,1.9909995955023065,0.8385468228180365,0.8060243017758042,0.0325225210422323,0.004786251383004361,0.01006748261903461,1192,0.04997349889320779,0.7693176179556214,True,0.05,360,paired cluster influence sandwich; asymptotic Bonferroni bounds,,,
213,1.0,validation,state_WA,mlp_stronger,mlp_base:C1:E8,mlp_base,mlp,1.0,8.0,7.998197999765249,0.8385468228180365,0.8082651095346268,0.030281713283409672,0.004621393429811791,0.009990063568887904,1192,0.047131608520977836,0.7718407005097361,True,0.05,360,paired cluster influence sandwich; asymptotic Bonferroni bounds,,,
213,1.0,validation,state_WA,mlp_stronger,mlp_base:C5:E2,mlp_base,mlp,5.0,2.0,1.9909995955023065,0.8385468228180365,0.8225818377499086,0.015964985068127935,0.0034615425316759955,0.009784756654945983,1192,0.028585989945763376,0.7869059908295021,True,0.05,360,paired cluster influence sandwich; asymptotic Bonferroni bounds,,,
213,1.0,validation,state_WA,mlp_stronger,mlp_base:C5:E8,mlp_base,mlp,5.0,8.0,7.998197999765249,0.8385468228180365,0.8359373395388577,0.0026094832791787592,0.001187363150758389,0.009378475225613404,1192,0.006938685067143067,0.801742820625944,True,0.05,360,paired cluster influence sandwich; asymptotic Bonferroni bounds,,,
213,1.0,validation,state_WA,mlp_stronger,mlp_stronger:C1:E2,mlp_stronger,mlp,1.0,2.0,1.9948093103901194,0.8385468228180365,0.8047888793496524,0.03375794346838412,0.004911108314045666,0.01011751420944316,1192,0.051664157654392,0.7678997771593921,True,0.05,360,paired cluster influence sandwich; asymptotic Bonferroni bounds,,,
213,1.0,validation,state_WA,mlp_stronger,mlp_stronger:C1:E8,mlp_stronger,mlp,1.0,8.0,7.995742559457445,0.8385468228180365,0.8075082464190209,0.031038576399015638,0.004641223985299586,0.01003618079111719,1192,0.047960775106856784,0.7709156910601265,True,0.05,360,paired cluster influence sandwich; asymptotic Bonferroni bounds,,,
213,1.0,validation,state_WA,mlp_stronger,mlp_stronger:C5:E2,mlp_stronger,mlp,5.0,2.0,1.9948093103901194,0.8385468228180365,0.8239897879961715,0.01455703482186499,0.0033750781922187085,0.009774392238483143,1192,0.026862785202395184,0.7883517303993207,True,0.05,360,paired cluster influence sandwich; asymptotic Bonferroni bounds,,,
213,1.0,validation,state_WA,mlp_stronger,mlp_stronger:C5:E8,mlp_stronger,mlp,5.0,8.0,7.995742559457445,0.8385468228180365,0.8364004945797511,0.002146328238285422,0.001189066631215256,0.009389388808132434,1192,0.006481741024658196,0.8021661840488102,True,0.05,360,paired cluster influence sandwich; asymptotic Bonferroni bounds,,,
213,1.0,validation,state_WA,mlp_stronger,logistic:C1:E2,logistic,logistic,1.0,2.0,1.9948093103901194,0.8385468228180365,0.8141690526168772,0.024377770201159277,0.004137478592075584,0.009870162141886895,1192,0.03946328107206426,0.7781818118431829,True,0.05,360,paired cluster influence sandwich; asymptotic Bonferroni bounds,,,
213,1.0,validation,state_WA,mlp_stronger,logistic:C1:E8,logistic,logistic,1.0,8.0,7.995742559457445,0.8385468228180365,0.8153746934550339,0.023172129363002614,0.00390723740828258,0.009853678706999745,1192,0.0374181661910227,0.7794475523363943,True,0.05,360,paired cluster influence sandwich; asymptotic Bonferroni bounds,,,
213,1.0,validation,state_WA,mlp_stronger,logistic:C5:E2,logistic,logistic,5.0,2.0,1.9948093103901194,0.8385468228180365,0.8175415607195232,0.021005262098513278,0.0046612921560106255,0.009688374218286316,1192,0.0380006306368885,0.7822171303112839,True,0.05,360,paired cluster influence sandwich; asymptotic Bonferroni bounds,,,
213,1.0,validation,state_WA,mlp_stronger,logistic:C5:E8,logistic,logistic,5.0,8.0,7.995742559457445,0.8385468228180365,0.832798976334934,0.005747846483102448,0.0021840560502497663,0.009406396628931125,1192,0.013711054160312527,0.7985026542044552,True,0.05,360,paired cluster influence sandwich; asymptotic Bonferroni bounds,,,
213,1.0,validation,proxy_0.5,mlp_stronger,mlp_base:C1:E2,mlp_base,mlp,1.0,2.0,1.9909995955023065,0.8675046601528779,0.8252359267553242,0.04226873339755366,0.005069953941049563,0.009429560442700258,1152,0.060756030390069105,0.7908515740688802,True,0.05,360,paired cluster influence sandwich; asymptotic Bonferroni bounds,,,
213,1.0,validation,proxy_0.5,mlp_stronger,mlp_base:C1:E8,mlp_base,mlp,1.0,8.0,7.998197999765249,0.8675046601528779,0.8279798914924583,0.03952476866041954,0.004899913477246942,0.009326854613179269,1152,0.057392022829742526,0.7939700497375326,True,0.05,360,paired cluster influence sandwich; asymptotic Bonferroni bounds,,,
213,1.0,validation,proxy_0.5,mlp_stronger,mlp_base:C5:E2,mlp_base,mlp,5.0,2.0,1.9909995955023065,0.8675046601528779,0.8508261085325628,0.016678551620315063,0.002856890948666162,0.00880001516612216,1152,0.02709604102107414,0.8187373566806946,True,0.05,360,paired cluster influence sandwich; asymptotic Bonferroni bounds,,,
213,1.0,validation,proxy_0.5,mlp_stronger,mlp_base:C5:E8,mlp_base,mlp,5.0,8.0,7.998197999765249,0.8675046601528779,0.8644958903081331,0.003008769844744741,0.0010941921775981273,0.008272615667498623,1152,0.006998679021307423,0.8343302705553188,True,0.05,360,paired cluster influence sandwich; asymptotic Bonferroni bounds,,,
213,1.0,validation,proxy_0.5,mlp_stronger,mlp_stronger:C1:E2,mlp_stronger,mlp,1.0,2.0,1.9948093103901194,0.8675046601528779,0.8245488930312469,0.04295576712163096,0.005096927205174452,0.009460157874622338,1152,0.06154142057862963,0.7900529685597869,True,0.05,360,paired cluster influence sandwich; asymptotic Bonferroni bounds,,,
213,1.0,validation,proxy_0.5,mlp_stronger,mlp_stronger:C1:E8,mlp_stronger,mlp,1.0,8.0,7.995742559457445,0.8675046601528779,0.8276577466961914,0.03984691345668645,0.004860250809489363,0.009343819837554312,1152,0.057569539977144035,0.7935860422211674,True,0.05,360,paired cluster influence sandwich; asymptotic Bonferroni bounds,,,
213,1.0,validation,proxy_0.5,mlp_stronger,mlp_stronger:C5:E2,mlp_stronger,mlp,5.0,2.0,1.9948093103901194,0.8675046601528779,0.8590215138511837,0.008483146301694111,0.0028073599931540765,0.008435260575277832,1152,0.018720023906858566,0.8282628187471145,True,0.05,360,paired cluster influence sandwich; asymptotic Bonferroni bounds,,,
213,1.0,validation,proxy_0.5,mlp_stronger,mlp_stronger:C5:E8,mlp_stronger,mlp,5.0,8.0,7.995742559457445,0.8675046601528779,0.8655571958181644,0.001947464334713489,0.0010130989627317058,0.008218009394371688,1152,0.005641671742631889,0.8355906947162669,True,0.05,360,paired cluster influence sandwich; asymptotic Bonferroni bounds,,,
213,1.0,validation,proxy_0.5,mlp_stronger,logistic:C1:E2,logistic,logistic,1.0,2.0,1.9948093103901194,0.8675046601528779,0.8362670403129286,0.031237619839949216,0.004312042255028911,0.009084915706560894,1152,0.04696123522973569,0.8031394149395924,True,0.05,360,paired cluster influence sandwich; asymptotic Bonferroni bounds,,,
213,1.0,validation,proxy_0.5,mlp_stronger,logistic:C1:E8,logistic,logistic,1.0,8.0,7.995742559457445,0.8675046601528779,0.8393685961993169,0.02813606395356094,0.00410139333380469,0.009020813711589517,1152,0.043091560103388604,0.8064747150833502,True,0.05,360,paired cluster influence sandwich; asymptotic Bonferroni bounds,,,
213,1.0,validation,proxy_0.5,mlp_stronger,logistic:C5:E2,logistic,logistic,5.0,2.0,1.9948093103901194,0.8675046601528779,0.8351108636816666,0.03239379647121121,0.004410775765444165,0.009084741144645919,1152,0.048477437958154415,0.8019838748383666,True,0.05,360,paired cluster influence sandwich; asymptotic Bonferroni bounds,,,
213,1.0,validation,proxy_0.5,mlp_stronger,logistic:C5:E8,logistic,logistic,5.0,8.0,7.995742559457445,0.8675046601528779,0.8577642108599286,0.00974044929294926,0.0022314366040899897,0.008411775738444883,1152,0.017877255208634098,0.8270911518697964,True,0.05,360,paired cluster influence sandwich; asymptotic Bonferroni bounds,,,
213,1.0,validation,proxy_0.75,mlp_stronger,mlp_base:C1:E2,mlp_base,mlp,1.0,2.0,1.9909995955023065,0.8678007414543012,0.8268831396294396,0.040917601824861594,0.005056477322015781,0.009397346000368826,1152,0.0593557570970716,0.7926162550639596,True,0.05,360,paired cluster influence sandwich; asymptotic Bonferroni bounds,,,
213,1.0,validation,proxy_0.75,mlp_stronger,mlp_base:C1:E8,mlp_base,mlp,1.0,8.0,7.998197999765249,0.8678007414543012,0.829340405923294,0.03846033553100714,0.004882175252571999,0.009301984953856585,1152,0.05626290827886187,0.7954212499582881,True,0.05,360,paired cluster influence sandwich; asymptotic Bonferroni bounds,,,
213,1.0,validation,proxy_0.75,mlp_stronger,mlp_base:C5:E2,mlp_base,mlp,5.0,2.0,1.9909995955023065,0.8678007414543012,0.8511649339655294,0.016635807488771803,0.0029347739740875315,0.008780975816667343,1152,0.02733729288601964,0.8191456080122016,True,0.05,360,paired cluster influence sandwich; asymptotic Bonferroni bounds,,,
213,1.0,validation,proxy_0.75,mlp_stronger,mlp_base:C5:E8,mlp_base,mlp,5.0,8.0,7.998197999765249,0.8678007414543012,0.8648065671666687,0.0029941742876324895,0.00112845114933478,0.008271547176682667,1152,0.007109006844667258,0.8346448436044861,True,0.05,360,paired cluster influence sandwich; asymptotic Bonferroni bounds,,,
213,1.0,validation,proxy_0.75,mlp_stronger,mlp_stronger:C1:E2,mlp_stronger,mlp,1.0,2.0,1.9948093103901194,0.8678007414543012,0.8255747521882911,0.04222598926601007,0.005113881256134316,0.009439765099946134,1152,0.06087346469988775,0.7911531888030113,True,0.05,360,paired cluster influence sandwich; asymptotic Bonferroni bounds,,,
213,1.0,validation,proxy_0.75,mlp_stronger,mlp_stronger:C1:E8,mlp_stronger,mlp,1.0,8.0,7.995742559457445,0.8678007414543012,0.8287826471336411,0.03901809432066006,0.00486392895883206,0.009328023738399003,1152,0.05675413300226781,0.7947685422304875,True,0.05,360,paired cluster influence sandwich; asymptotic Bonferroni bounds,,,
213,1.0,validation,proxy_0.75,mlp_stronger,mlp_stronger:C5:E2,mlp_stronger,mlp,5.0,2.0,1.9948093103901194,0.8678007414543012,0.8593405310280694,0.008460210426231796,0.002949708413282235,0.008398274365796685,1152,0.019216153401599562,0.8287167040208815,True,0.05,360,paired cluster influence sandwich; asymptotic Bonferroni bounds,,,
213,1.0,validation,proxy_0.75,mlp_stronger,mlp_stronger:C5:E8,mlp_stronger,mlp,5.0,8.0,7.995742559457445,0.8678007414543012,0.866190017472967,0.0016107239813342167,0.001038796396866854,0.008194949871719613,1152,0.005398635612668844,0.8363076016011783,True,0.05,360,paired cluster influence sandwich; asymptotic Bonferroni bounds,,,
213,1.0,validation,proxy_0.75,mlp_stronger,logistic:C1:E2,logistic,logistic,1.0,2.0,1.9948093103901194,0.8678007414543012,0.8365016117665212,0.031299129687780036,0.004329570365779163,0.00908805204031316,1152,0.047086660330629054,0.8033625499315878,True,0.05,360,paired cluster influence sandwich; asymptotic Bonferroni bounds,,,
213,1.0,validation,proxy_0.75,mlp_stronger,logistic:C1:E8,logistic,logistic,1.0,8.0,7.995742559457445,0.8678007414543012,0.8401557137435935,0.027645027710707648,0.004108433395284748,0.009010848871124492,1152,0.04262619504195841,0.8072981688482912,True,0.05,360,paired cluster influence sandwich; asymptotic Bonferroni bounds,,,
213,1.0,validation,proxy_0.75,mlp_stronger,logistic:C5:E2,logistic,logistic,5.0,2.0,1.9948093103901194,0.8678007414543012,0.8333197803160147,0.03448096113828647,0.0045170995559982614,0.009126971967779679,1152,0.05095230624467057,0.800038799192195,True,0.05,360,paired cluster influence sandwich; asymptotic Bonferroni bounds,,,
213,1.0,validation,proxy_0.75,mlp_stronger,logistic:C5:E8,logistic,logistic,5.0,8.0,7.995742559457445,0.8678007414543012,0.857680807676429,0.010119933777872236,0.0022519773951027154,0.008425781001046675,1152,0.018331640512840423,0.8269566792974644,True,0.05,360,paired cluster influence sandwich; asymptotic Bonferroni bounds,,,
213,1.0,test,source,mlp_stronger,mlp_base:C1:E2,mlp_base,mlp,1.0,2.0,1.9909995955023065,0.8652680552955961,0.8325356292949009,0.03273242600069526,0.004684954314219483,0.009314503621002028,1109,0.04981789605017492,0.7985667446551126,True,0.05,360,paired cluster influence sandwich; asymptotic Bonferroni bounds,-0.0005197999946523479,0.03022433754913234,0.0030278884462152655
213,1.0,test,source,mlp_stronger,mlp_base:C1:E8,mlp_base,mlp,1.0,8.0,7.998197999765249,0.8652680552955961,0.8347346185726892,0.03053343672290698,0.004525647043127529,0.009247044411270451,1109,0.04703793214032999,0.8010117496312679,True,0.05,360,paired cluster influence sandwich; asymptotic Bonferroni bounds,-0.0005197999946523479,0.03022433754913234,0.0008288991684269886
213,1.0,test,source,mlp_stronger,mlp_base:C5:E2,mlp_base,mlp,5.0,2.0,1.9909995955023065,0.8652680552955961,0.8538634722853551,0.011404583010241054,0.0029067596168848324,0.008695936866016812,1109,0.022005188916810442,0.8221504268826383,True,0.05,360,paired cluster influence sandwich; asymptotic Bonferroni bounds,-0.0005197999946523479,0.0003240728361720846,0.011600310168721317
213,1.0,test,source,mlp_stronger,mlp_base:C5:E8,mlp_base,mlp,5.0,8.0,7.998197999765249,0.8652680552955961,0.8640412845263242,0.001226770769271912,0.0010924591870578127,0.008337371434247884,1109,0.00521083922947093,0.833635884520847,True,0.05,360,paired cluster influence sandwich; asymptotic Bonferroni bounds,-0.0005197999946523479,0.0003240728361720846,0.0014224979277521754
213,1.0,test,source,mlp_stronger,mlp_stronger:C1:E2,mlp_stronger,mlp,1.0,2.0,1.9948093103901194,0.8652680552955961,0.8302457284954143,0.0350223268001818,0.004668182720924137,0.00937459139150144,1109,0.05204663284768604,0.7960577109176394,True,0.05,360,paired cluster influence sandwich; asymptotic Bonferroni bounds,1.1102230246251565e-16,0.030676756062996136,0.004345570737185556
213,1.0,test,source,mlp_stronger,mlp_stronger:C1:E8,mlp_stronger,mlp,1.0,8.0,7.995742559457445,0.8652680552955961,0.8335131955399877,0.03175485975560843,0.004439226835803816,0.009280815058563483,1109,0.04794419097614319,0.7996671690725421,True,0.05,360,paired cluster influence sandwich; asymptotic Bonferroni bounds,1.1102230246251565e-16,0.030676756062996136,0.0010781036926121867
213,1.0,test,source,mlp_stronger,mlp_stronger:C5:E2,mlp_stronger,mlp,5.0,2.0,1.9948093103901194,0.8652680552955961,0.849650525415118,0.015617529880478154,0.0028773455946475546,0.00880124586456529,1109,0.02611086635339599,0.8175534306450083,True,0.05,360,paired cluster influence sandwich; asymptotic Bonferroni bounds,1.1102230246251565e-16,0.0004000106954730187,0.015217519185005024
213,1.0,test,source,mlp_stronger,mlp_stronger:C5:E8,mlp_stronger,mlp,5.0,8.0,7.995742559457445,0.8652680552955961,0.8621235861921441,0.003144469103452008,0.0009413813973221295,0.00842174081049155,1109,0.0065775748693433795,0.8314105011263176,True,0.05,360,paired cluster influence sandwich; asymptotic Bonferroni bounds,1.1102230246251565e-16,0.0004000106954730187,0.002744458407978878
213,1.0,test,source,mlp_stronger,logistic:C1:E2,logistic,logistic,1.0,2.0,1.9948093103901194,0.8652680552955961,0.8395711115270462,0.025696943768549918,0.00405771976498265,0.009136696130963783,1109,0.040494964168316154,0.8062506696130282,True,0.05,360,paired cluster influence sandwich; asymptotic Bonferroni bounds,0.005333832455413301,0.017537367309286345,0.0028257440038502724
213,1.0,test,source,mlp_stronger,logistic:C1:E8,logistic,logistic,1.0,8.0,7.995742559457445,0.8652680552955961,0.8417283884595844,0.02353966683601172,0.0038232749824991252,0.009049039384114995,1109,0.037482695054270126,0.8087276202547367,True,0.05,360,paired cluster influence sandwich; asymptotic Bonferroni bounds,0.005333832455413301,0.017537367309286345,0.0006684670713120733
213,1.0,test,source,mlp_stronger,logistic:C5:E2,logistic,logistic,5.0,2.0,1.9948093103901194,0.8652680552955961,0.8390213642075991,0.026246691087997043,0.004382879874080145,0.00927230214294554,1109,0.042230531654335456,0.8052063833288762,True,0.05,360,paired cluster influence sandwich; asymptotic Bonferroni bounds,0.005333832455413301,0.0,0.020912858632583742
213,1.0,test,source,mlp_stronger,logistic:C5:E8,logistic,logistic,5.0,8.0,7.995742559457445,0.8652680552955961,0.8570100804834354,0.008257974812160729,0.002142807710708119,0.008581605331058307,1109,0.01607253916169528,0.8257139885631284,True,0.05,360,paired cluster influence sandwich; asymptotic Bonferroni bounds,0.005333832455413301,0.0,0.002924142356747428
213,1.0,test,state_CO,mlp_stronger,mlp_base:C1:E2,mlp_base,mlp,1.0,2.0,1.9909995955023065,0.8464382786016228,0.8248407343332507,0.021597544268372126,0.004973209009120546,0.009379306709250815,1176,0.03973092004908327,0.7906417909931504,True,0.05,360,paired cluster influence sandwich; asymptotic Bonferroni bounds,0.0017520008289034772,0.017356739394586485,0.0024888040448821647
213,1.0,test,state_CO,mlp_stronger,mlp_base:C1:E8,mlp_base,mlp,1.0,8.0,7.998197999765249,0.8464382786016228,0.8266502979134027,0.019787980688220075,0.00483819325497896,0.009344717831710406,1176,0.03742906036762611,0.7925774729634852,True,0.05,360,paired cluster influence sandwich; asymptotic Bonferroni bounds,0.0017520008289034772,0.017356739394586485,0.0006792404647301131
213,1.0,test,state_CO,mlp_stronger,mlp_base:C5:E2,mlp_base,mlp,5.0,2.0,1.9909995955023065,0.8464382786016228,0.8311380993198176,0.01530017928180516,0.0032937801933217254,0.009262536680834873,1176,0.027310001083991654,0.7973649242917482,True,0.05,360,paired cluster influence sandwich; asymptotic Bonferroni bounds,0.0017520008289034772,-0.000252229510015356,0.013800407962917038
213,1.0,test,state_CO,mlp_stronger,mlp_base:C5:E8,mlp_base,mlp,5.0,8.0,7.998197999765249,0.8464382786016228,0.8425836674589394,0.003854611142683373,0.0012670616028852674,0.008997398210934902,1176,0.008474586723901063,0.8097772435768206,True,0.05,360,paired cluster influence sandwich; asymptotic Bonferroni bounds,0.0017520008289034772,-0.000252229510015356,0.0023548398237952517
213,1.0,test,state_CO,mlp_stronger,mlp_stronger:C1:E2,mlp_stronger,mlp,1.0,2.0,1.9948093103901194,0.8464382786016228,0.8263603909662066,0.02007788763541618,0.004945457813878744,0.00930967277722864,1176,0.03811007666713676,0.7924153477244393,True,0.05,360,paired cluster influence sandwich; asymptotic Bonferroni bounds,0.0,0.017874804155821322,0.0022030834795948584
213,1.0,test,state_CO,mlp_stronger,mlp_stronger:C1:E8,mlp_stronger,mlp,1.0,8.0,7.995742559457445,0.8464382786016228,0.8281029724358149,0.01833530616580792,0.004782033501651869,0.009267852399829505,1176,0.03577161546275776,0.7943104151678482,True,0.05,360,paired cluster influence sandwich; asymptotic Bonferroni bounds,0.0,0.017874804155821322,0.0004605020099865964
213,1.0,test,state_CO,mlp_stronger,mlp_stronger:C5:E2,mlp_stronger,mlp,5.0,2.0,1.9948093103901194,0.8464382786016228,0.8340403085782104,0.012397970023412364,0.0033752781942426808,0.009171756458245809,1176,0.024704950837690684,0.8005981375129033,True,0.05,360,paired cluster influence sandwich; asymptotic Bonferroni bounds,0.0,-0.00015070974872311016,0.012548679772135474
213,1.0,test,state_CO,mlp_stronger,mlp_stronger:C5:E8,mlp_stronger,mlp,5.0,8.0,7.995742559457445,0.8464382786016228,0.8451331740415017,0.0013051045601211175,0.0011310567258555452,0.0089361604162733,1176,0.005429177488008441,0.8125500361585324,True,0.05,360,paired cluster influence sandwich; asymptotic Bonferroni bounds,0.0,-0.00015070974872311016,0.0014558143088442277
213,1.0,test,state_CO,mlp_stronger,logistic:C1:E2,logistic,logistic,1.0,2.0,1.9948093103901194,0.8464382786016228,0.8323270317819649,0.014111246819657919,0.004357219185133149,0.009244679614892002,1176,0.029998592937233535,0.7986189674070954,True,0.05,360,paired cluster influence sandwich; asymptotic Bonferroni bounds,0.0012914988189169918,0.010522470928194139,0.0022972770725467884
213,1.0,test,state_CO,mlp_stronger,logistic:C1:E8,logistic,logistic,1.0,8.0,7.995742559457445,0.8464382786016228,0.8340947315430272,0.012343547058595639,0.004090944297362063,0.00919815205762067,1176,0.027259998409419103,0.8005563165190319,True,0.05,360,paired cluster influence sandwich; asymptotic Bonferroni bounds,0.0012914988189169918,0.010522470928194139,0.0005295773114845082
213,1.0,test,state_CO,mlp_stronger,logistic:C5:E2,logistic,logistic,5.0,2.0,1.9948093103901194,0.8464382786016228,0.8239762464690485,0.02246203213257425,0.005007019760136625,0.009374421418615024,1176,0.04071868908897663,0.7897951159356761,True,0.05,360,paired cluster influence sandwich; asymptotic Bonferroni bounds,0.0012914988189169918,0.0,0.021170533313657258
213,1.0,test,state_CO,mlp_stronger,logistic:C5:E8,logistic,logistic,5.0,8.0,7.995742559457445,0.8464382786016228,0.8433864061899844,0.003051872411638401,0.0023839647834323794,0.008968973136024901,1176,0.011744314089975501,0.8106836261651804,True,0.05,360,paired cluster influence sandwich; asymptotic Bonferroni bounds,0.0012914988189169918,0.0,0.0017603735927214093
213,1.0,test,state_UT,mlp_stronger,mlp_base:C1:E2,mlp_base,mlp,1.0,2.0,1.9909995955023065,0.8784894586894587,0.8671652421652422,0.011324216524216557,0.004613317527523905,0.00850398858084594,1108,0.028148484618447968,0.8361521192009476,True,0.05,360,paired cluster influence sandwich; asymptotic Bonferroni bounds,-0.0006928774928773862,0.011300284900284896,0.0007168091168090474
213,1.0,test,state_UT,mlp_stronger,mlp_base:C1:E8,mlp_base,mlp,1.0,8.0,7.998197999765249,0.8784894586894587,0.8677589743589743,0.010730484330484402,0.004464863789844921,0.008460042000945385,1108,0.027013357762978214,0.836906119799718,True,0.05,360,paired cluster influence sandwich; asymptotic Bonferroni bounds,-0.0006928774928773862,0.011300284900284896,0.00012307692307689244
213,1.0,test,state_UT,mlp_stronger,mlp_base:C5:E2,mlp_base,mlp,5.0,2.0,1.9909995955023065,0.8784894586894587,0.8704119658119658,0.008077492877492931,0.0033551523573011675,0.00813486219852252,1108,0.020313369211486472,0.8407450066830914,True,0.05,360,paired cluster influence sandwich; asymptotic Bonferroni bounds,-0.0006928774928773862,-6.609686609693188e-05,0.00883646723646725
213,1.0,test,state_UT,mlp_stronger,mlp_base:C5:E8,mlp_base,mlp,5.0,8.0,7.998197999765249,0.8784894586894587,0.8786421652421653,-0.00015270655270660516,0.001304802222806396,0.0078117653907495066,1108,0.004605765474304789,0.850153505088363,True,0.05,360,paired cluster influence sandwich; asymptotic Bonferroni bounds,-0.0006928774928773862,-6.609686609693188e-05,0.0006062678062677129
213,1.0,test,state_UT,mlp_stronger,mlp_stronger:C1:E2,mlp_stronger,mlp,1.0,2.0,1.9948093103901194,0.8784894586894587,0.8641019943019942,0.014387464387464521,0.00459317844119167,0.008560704266110063,1108,0.031138287420608136,0.8328820353919103,True,0.05,360,paired cluster influence sandwich; asymptotic Bonferroni bounds,0.0,0.010855840455840315,0.003531623931624206
213,1.0,test,state_UT,mlp_stronger,mlp_stronger:C1:E8,mlp_stronger,mlp,1.0,8.0,7.995742559457445,0.8784894586894587,0.8667641025641027,0.011725356125355968,0.004380273873074572,0.008439786635279499,1108,0.02769973931642976,0.835985117124038,True,0.05,360,paired cluster influence sandwich; asymptotic Bonferroni bounds,0.0,0.010855840455840315,0.0008695156695156525
213,1.0,test,state_UT,mlp_stronger,mlp_stronger:C5:E2,mlp_stronger,mlp,5.0,2.0,1.9948093103901194,0.8784894586894587,0.8621019943019942,0.016387464387464523,0.0032800072921376736,0.008454763354831836,1108,0.028349294828296297,0.8312683903919418,True,0.05,360,paired cluster influence sandwich; asymptotic Bonferroni bounds,0.0,-0.00016068376068378853,0.01654814814814831
213,1.0,test,state_UT,mlp_stronger,mlp_stronger:C5:E8,mlp_stronger,mlp,5.0,8.0,7.995742559457445,0.8784894586894587,0.8755310541310541,0.0029584045584045704,0.001144476562315032,0.007919225920551424,1108,0.007132186310272649,0.8466504970934694,True,0.05,360,paired cluster influence sandwich; asymptotic Bonferroni bounds,0.0,-0.00016068376068378853,0.003119088319088359
213,1.0,test,state_UT,mlp_stronger,logistic:C1:E2,logistic,logistic,1.0,2.0,1.9948093103901194,0.8784894586894587,0.8699413105413107,0.008548148148147972,0.004008338474627498,0.008327989471746188,1108,0.02316612332701044,0.8395700372173615,True,0.05,360,paired cluster influence sandwich; asymptotic Bonferroni bounds,-0.0002256410256410435,0.006885470085470136,0.0018883190883188794
213,1.0,test,state_UT,mlp_stronger,logistic:C1:E8,logistic,logistic,1.0,8.0,7.995742559457445,0.8784894586894587,0.8713498575498576,0.007139601139601104,0.003784042730711145,0.008273529754282615,1108,0.02093959409514386,0.8411771929020891,True,0.05,360,paired cluster influence sandwich; asymptotic Bonferroni bounds,-0.0002256410256410435,0.006885470085470136,0.00047977207977201175
213,1.0,test,state_UT,mlp_stronger,logistic:C5:E2,logistic,logistic,5.0,2.0,1.9948093103901194,0.8784894586894587,0.8540917378917379,0.024397720797720845,0.005015610288933588,0.00871090419685345,1108,0.04268910691058947,0.8223240161434177,True,0.05,360,paired cluster influence sandwich; asymptotic Bonferroni bounds,-0.0002256410256410435,0.0,0.02462336182336189
213,1.0,test,state_UT,mlp_stronger,logistic:C5:E8,logistic,logistic,5.0,8.0,7.995742559457445,0.8784894586894587,0.876385754985755,0.0021037037037037187,0.0022979768679029272,0.007953989237681744,1108,0.010484175819329346,0.8473784199053072,True,0.05,360,paired cluster influence sandwich; asymptotic Bonferroni bounds,-0.0002256410256410435,0.0,0.0023293447293447622
214,1.0,validation,source,mlp_stronger,mlp_base:C1:E2,mlp_base,mlp,1.0,2.0,1.9909995955023065,0.8754889219447272,0.8455857407552391,0.029903181189488093,0.004460477586220547,0.008653685355023776,1145,0.046168365552681265,0.8140299745845161,True,0.05,360,paired cluster influence sandwich; asymptotic Bonferroni bounds,,,
214,1.0,validation,source,mlp_stronger,mlp_base:C1:E8,mlp_base,mlp,1.0,8.0,7.998197999765249,0.8754889219447272,0.8463571596336023,0.02913176231112491,0.004439905133946021,0.008650503295499233,1145,0.04532192898336905,0.8148129968806346,True,0.05,360,paired cluster influence sandwich; asymptotic Bonferroni bounds,,,
214,1.0,validation,source,mlp_stronger,mlp_base:C5:E2,mlp_base,mlp,5.0,2.0,1.9909995955023065,0.8754889219447272,0.8642887340483832,0.011200187896343916,0.0028577574756354727,0.008027119787831941,1145,0.021621034388230355,0.8350177466415951,True,0.05,360,paired cluster influence sandwich; asymptotic Bonferroni bounds,,,
214,1.0,validation,source,mlp_stronger,mlp_base:C5:E8,mlp_base,mlp,5.0,8.0,7.998197999765249,0.8754889219447272,0.8716459197787,0.0038430021660271763,0.0010773604433923618,0.007823644786317339,1145,0.0077716097867721766,0.8431169063755836,True,0.05,360,paired cluster influence sandwich; asymptotic Bonferroni bounds,,,
214,1.0,validation,source,mlp_stronger,mlp_stronger:C1:E2,mlp_stronger,mlp,1.0,2.0,1.9948093103901194,0.8754889219447272,0.8392515462303296,0.03623737571439756,0.005034535845557116,0.008912391910381203,1145,0.054595870321356495,0.806752403540497,True,0.05,360,paired cluster influence sandwich; asymptotic Bonferroni bounds,,,
214,1.0,validation,source,mlp_stronger,mlp_stronger:C1:E8,mlp_stronger,mlp,1.0,8.0,7.995742559457445,0.8754889219447272,0.8431869307654167,0.03230199117931043,0.0047054320679859015,0.00877054975495984,1145,0.049460404962333476,0.8112050171757882,True,0.05,360,paired cluster influence sandwich; asymptotic Bonferroni bounds,,,
214,1.0,validation,source,mlp_stronger,mlp_stronger:C5:E2,mlp_stronger,mlp,5.0,2.0,1.9948093103901194,0.8754889219447272,0.8562248492914742,0.019264072653252917,0.003168816330212355,0.008362747401697372,1145,0.030819198943591086,0.8257299918144129,True,0.05,360,paired cluster influence sandwich; asymptotic Bonferroni bounds,,,
214,1.0,validation,source,mlp_stronger,mlp_stronger:C5:E8,mlp_stronger,mlp,5.0,8.0,7.995742559457445,0.8754889219447272,0.8732774863644668,0.002211435580260379,0.001001539075445212,0.007802947709947659,1145,0.005863559684500402,0.8448239450955388,True,0.05,360,paired cluster influence sandwich; asymptotic Bonferroni bounds,,,
214,1.0,validation,source,mlp_stronger,logistic:C1:E2,logistic,logistic,1.0,2.0,1.9948093103901194,0.8754889219447272,0.8551308750228347,0.02035804692189247,0.0038083283480033524,0.008402534512987957,1145,0.034245161361657006,0.8244909333730785,True,0.05,360,paired cluster influence sandwich; asymptotic Bonferroni bounds,,,
214,1.0,validation,source,mlp_stronger,logistic:C1:E8,logistic,logistic,1.0,8.0,7.995742559457445,0.8754889219447272,0.855628800334038,0.019860121610689174,0.00370948384535847,0.008380465300888843,1145,0.033386798400509274,0.8250693343276639,True,0.05,360,paired cluster influence sandwich; asymptotic Bonferroni bounds,,,
214,1.0,validation,source,mlp_stronger,logistic:C5:E2,logistic,logistic,5.0,2.0,1.9948093103901194,0.8754889219447272,0.8583313760797515,0.017157545864975643,0.004000673747045564,0.008447237851564354,1145,0.031746050081139524,0.8275284231762584,True,0.05,360,paired cluster influence sandwich; asymptotic Bonferroni bounds,,,
214,1.0,validation,source,mlp_stronger,logistic:C5:E8,logistic,logistic,5.0,8.0,7.995742559457445,0.8754889219447272,0.8712085388449595,0.004280383099767637,0.0020321897202193657,0.007910391554315336,1145,0.011690786990701928,0.8423632023246151,True,0.05,360,paired cluster influence sandwich; asymptotic Bonferroni bounds,,,
214,1.0,validation,state_OR,mlp_stronger,mlp_base:C1:E2,mlp_base,mlp,1.0,2.0,1.9909995955023065,0.8286510310228749,0.8026637563745442,0.025987274648330616,0.005631838482725287,0.009874537045140106,1207,0.04652055317676386,0.7666619036742022,True,0.05,360,paired cluster influence sandwich; asymptotic Bonferroni bounds,,,
214,1.0,validation,state_OR,mlp_stronger,mlp_base:C1:E8,mlp_base,mlp,1.0,8.0,7.998197999765249,0.8286510310228749,0.803658511003576,0.02499252001929886,0.005634637764498407,0.00987123797631788,1207,0.045536004527982316,0.7676686864711615,True,0.05,360,paired cluster influence sandwich; asymptotic Bonferroni bounds,,,
214,1.0,validation,state_OR,mlp_stronger,mlp_base:C5:E2,mlp_base,mlp,5.0,2.0,1.9909995955023065,0.8286510310228749,0.8161674676594339,0.01248356336344092,0.003618303876579921,0.009687036304786626,1207,0.025675639366013546,0.7808492291887568,True,0.05,360,paired cluster influence sandwich; asymptotic Bonferroni bounds,,,
214,1.0,validation,state_OR,mlp_stronger,mlp_base:C5:E8,mlp_base,mlp,5.0,8.0,7.998197999765249,0.8286510310228749,0.8255199276622381,0.003131103360636711,0.0014998700908444762,0.009450554297151876,1207,0.008599521964302543,0.7910638856030208,True,0.05,360,paired cluster influence sandwich; asymptotic Bonferroni bounds,,,
214,1.0,validation,state_OR,mlp_stronger,mlp_stronger:C1:E2,mlp_stronger,mlp,1.0,2.0,1.9948093103901194,0.8286510310228749,0.7972075106734632,0.03144352034941167,0.006191340612557831,0.010062540825679384,1207,0.05401670344974306,0.760520209695076,True,0.05,360,paired cluster influence sandwich; asymptotic Bonferroni bounds,,,
214,1.0,validation,state_OR,mlp_stronger,mlp_stronger:C1:E8,mlp_stronger,mlp,1.0,8.0,7.995742559457445,0.8286510310228749,0.8021426418518999,0.026508389170974977,0.005825292833766222,0.009924212209304785,1207,0.04774698836594457,0.765959677071574,True,0.05,360,paired cluster influence sandwich; asymptotic Bonferroni bounds,,,
214,1.0,validation,state_OR,mlp_stronger,mlp_stronger:C5:E2,mlp_stronger,mlp,5.0,2.0,1.9948093103901194,0.8286510310228749,0.8102541426948464,0.018396888328028438,0.004145600639793152,0.009737986574211696,1207,0.033511450449371864,0.774750143202007,True,0.05,360,paired cluster influence sandwich; asymptotic Bonferroni bounds,,,
214,1.0,validation,state_OR,mlp_stronger,mlp_stronger:C5:E8,mlp_stronger,mlp,5.0,8.0,7.995742559457445,0.8286510310228749,0.8260057123867378,0.0026453186361370395,0.0014031099086153304,0.009408940779336792,1207,0.007760956566445993,0.7917013902240455,True,0.05,360,paired cluster influence sandwich; asymptotic Bonferroni bounds,,,
214,1.0,validation,state_OR,mlp_stronger,logistic:C1:E2,logistic,logistic,1.0,2.0,1.9948093103901194,0.8286510310228749,0.8122922304253598,0.016358800597515044,0.004915574571713871,0.009705502095707108,1207,0.03428063236131285,0.7769066670075306,True,0.05,360,paired cluster influence sandwich; asymptotic Bonferroni bounds,,,
214,1.0,validation,state_OR,mlp_stronger,logistic:C1:E8,logistic,logistic,1.0,8.0,7.995742559457445,0.8286510310228749,0.8128519869147262,0.015799044108148697,0.004812573704473625,0.009690665842631115,1207,0.03334534210935701,0.7775205154098064,True,0.05,360,paired cluster influence sandwich; asymptotic Bonferroni bounds,,,
214,1.0,validation,state_OR,mlp_stronger,logistic:C5:E2,logistic,logistic,5.0,2.0,1.9948093103901194,0.8286510310228749,0.8092218501552855,0.01942918086758938,0.004983751652943486,0.0099718103341566,1207,0.037599581371850405,0.7728653460311004,True,0.05,360,paired cluster influence sandwich; asymptotic Bonferroni bounds,,,
214,1.0,validation,state_OR,mlp_stronger,logistic:C5:E8,logistic,logistic,5.0,8.0,7.995742559457445,0.8286510310228749,0.825037455106315,0.0036135759165598635,0.0025894680690735717,0.009494340349181367,1207,0.013054590474392566,0.7904217722468972,True,0.05,360,paired cluster influence sandwich; asymptotic Bonferroni bounds,,,
214,1.0,validation,state_WA,mlp_stronger,mlp_base:C1:E2,mlp_base,mlp,1.0,2.0,1.9909995955023065,0.8387967145875971,0.8037430947270336,0.035053619860563434,0.005088708614302977,0.009637088817452854,1200,0.053607005827965196,0.7686063553331186,True,0.05,360,paired cluster influence sandwich; asymptotic Bonferroni bounds,,,
214,1.0,validation,state_WA,mlp_stronger,mlp_base:C1:E8,mlp_base,mlp,1.0,8.0,7.998197999765249,0.8387967145875971,0.8060278665202416,0.03276884806735547,0.005060645983631965,0.009592797047639004,1200,0.05121991793502291,0.7710526145218174,True,0.05,360,paired cluster influence sandwich; asymptotic Bonferroni bounds,,,
214,1.0,validation,state_WA,mlp_stronger,mlp_base:C5:E2,mlp_base,mlp,5.0,2.0,1.9909995955023065,0.8387967145875971,0.824268602638979,0.014528111948618028,0.0036061751641543096,0.009300226589983805,1200,0.027676194253538493,0.7903600599051175,True,0.05,360,paired cluster influence sandwich; asymptotic Bonferroni bounds,,,
214,1.0,validation,state_WA,mlp_stronger,mlp_base:C5:E8,mlp_base,mlp,5.0,8.0,7.998197999765249,0.8387967145875971,0.835960768897985,0.002835945689612096,0.0013308085116311619,0.008954289708301425,1200,0.007688061587071172,0.8033135089320484,True,0.05,360,paired cluster influence sandwich; asymptotic Bonferroni bounds,,,
214,1.0,validation,state_WA,mlp_stronger,mlp_stronger:C1:E2,mlp_stronger,mlp,1.0,2.0,1.9948093103901194,0.8387967145875971,0.7994751368575185,0.039321577730078605,0.005534313319157626,0.009786836845091941,1200,0.05949963445477639,0.7637924174979132,True,0.05,360,paired cluster influence sandwich; asymptotic Bonferroni bounds,,,
214,1.0,validation,state_WA,mlp_stronger,mlp_stronger:C1:E8,mlp_stronger,mlp,1.0,8.0,7.995742559457445,0.8387967145875971,0.8032324789097989,0.035564235677798206,0.005198993281013307,0.00967539462830096,1200,0.05451971855088874,0.7679560768730943,True,0.05,360,paired cluster influence sandwich; asymptotic Bonferroni bounds,,,
214,1.0,validation,state_WA,mlp_stronger,mlp_stronger:C5:E2,mlp_stronger,mlp,5.0,2.0,1.9948093103901194,0.8387967145875971,0.8137432611191534,0.025053453468443676,0.004950269120068363,0.009458097495858108,1200,0.04310209028152222,0.7792591224784096,True,0.05,360,paired cluster influence sandwich; asymptotic Bonferroni bounds,,,
214,1.0,validation,state_WA,mlp_stronger,mlp_stronger:C5:E8,mlp_stronger,mlp,5.0,8.0,7.995742559457445,0.8387967145875971,0.8360346054010882,0.0027621091865088765,0.0017914121434233414,0.008928431849543568,1200,0.009293581794353672,0.8034816229562651,True,0.05,360,paired cluster influence sandwich; asymptotic Bonferroni bounds,,,
214,1.0,validation,state_WA,mlp_stronger,logistic:C1:E2,logistic,logistic,1.0,2.0,1.9948093103901194,0.8387967145875971,0.8156224521206675,0.02317426246692955,0.004366936663416373,0.009401284020801889,1200,0.03909607437493157,0.7813454549004217,True,0.05,360,paired cluster influence sandwich; asymptotic Bonferroni bounds,,,
214,1.0,validation,state_WA,mlp_stronger,logistic:C1:E8,logistic,logistic,1.0,8.0,7.995742559457445,0.8387967145875971,0.816911991048104,0.02188472353949311,0.0042581961440028475,0.009346779160833553,1200,0.03741006848900114,0.7828337180584516,True,0.05,360,paired cluster influence sandwich; asymptotic Bonferroni bounds,,,
214,1.0,validation,state_WA,mlp_stronger,logistic:C5:E2,logistic,logistic,5.0,2.0,1.9948093103901194,0.8387967145875971,0.8116238414948668,0.02717287309273031,0.0046957132614108,0.009659467325232811,1200,0.044293401528240836,0.7764055102622976,True,0.05,360,paired cluster influence sandwich; asymptotic Bonferroni bounds,,,
214,1.0,validation,state_WA,mlp_stronger,logistic:C5:E8,logistic,logistic,5.0,8.0,7.995742559457445,0.8387967145875971,0.8321462295545683,0.006650485033028786,0.002461271509109104,0.009034351770921763,1200,0.015624258880232165,0.7992070640263903,True,0.05,360,paired cluster influence sandwich; asymptotic Bonferroni bounds,,,
214,1.0,validation,proxy_0.5,mlp_stronger,mlp_base:C1:E2,mlp_base,mlp,1.0,2.0,1.9909995955023065,0.8719564706803414,0.8438487434432006,0.028107727237140834,0.00446751128492511,0.008737103911896242,1145,0.0443985600659912,0.8119887905165496,True,0.05,360,paired cluster influence sandwich; asymptotic Bonferroni bounds,,,
214,1.0,validation,proxy_0.5,mlp_stronger,mlp_base:C1:E8,mlp_base,mlp,1.0,8.0,7.998197999765249,0.8719564706803414,0.8445648372869856,0.02739163339335582,0.004453350218635154,0.008729358685147261,1145,0.04363082772620812,0.8127331274214356,True,0.05,360,paired cluster influence sandwich; asymptotic Bonferroni bounds,,,
214,1.0,validation,proxy_0.5,mlp_stronger,mlp_base:C5:E2,mlp_base,mlp,5.0,2.0,1.9909995955023065,0.8719564706803414,0.8623471384952636,0.009609332185077868,0.002689784487739585,0.008204527441822311,1145,0.019417663186559613,0.832429231976381,True,0.05,360,paired cluster influence sandwich; asymptotic Bonferroni bounds,,,
214,1.0,validation,proxy_0.5,mlp_stronger,mlp_base:C5:E8,mlp_base,mlp,5.0,8.0,7.998197999765249,0.8719564706803414,0.8691542054855294,0.0028022651948120814,0.0010095490427876619,0.008006336467591168,1145,0.006483597739863594,0.8399590047022274,True,0.05,360,paired cluster influence sandwich; asymptotic Bonferroni bounds,,,
214,1.0,validation,proxy_0.5,mlp_stronger,mlp_stronger:C1:E2,mlp_stronger,mlp,1.0,2.0,1.9948093103901194,0.8719564706803414,0.8369654740468175,0.034990996633523896,0.005058183587306681,0.00900332343232918,1145,0.053435723010936756,0.8041347484849,True,0.05,360,paired cluster influence sandwich; asymptotic Bonferroni bounds,,,
214,1.0,validation,proxy_0.5,mlp_stronger,mlp_stronger:C1:E8,mlp_stronger,mlp,1.0,8.0,7.995742559457445,0.8719564706803414,0.8403966700592396,0.03155980062110186,0.0047456791897239605,0.008888840779158575,1145,0.048864976010366296,0.8079834068484298,True,0.05,360,paired cluster influence sandwich; asymptotic Bonferroni bounds,,,
214,1.0,validation,proxy_0.5,mlp_stronger,mlp_stronger:C5:E2,mlp_stronger,mlp,5.0,2.0,1.9948093103901194,0.8719564706803414,0.8569806101411832,0.014975860539158226,0.0028713107614648102,0.008372060233553004,1145,0.025446129248392478,0.8264517933124275,True,0.05,360,paired cluster influence sandwich; asymptotic Bonferroni bounds,,,
214,1.0,validation,proxy_0.5,mlp_stronger,mlp_stronger:C5:E8,mlp_stronger,mlp,5.0,8.0,7.995742559457445,0.8719564706803414,0.8701510999765131,0.0018053707038283573,0.0009465800711855758,0.007984610552363564,1145,0.005257086147914583,0.841035123000484,True,0.05,360,paired cluster influence sandwich; asymptotic Bonferroni bounds,,,
214,1.0,validation,proxy_0.5,mlp_stronger,logistic:C1:E2,logistic,logistic,1.0,2.0,1.9948093103901194,0.8719564706803414,0.8518437328740313,0.020112737806310177,0.0038252638934228116,0.00854084936415881,1145,0.03406160791308887,0.8206994244808099,True,0.05,360,paired cluster influence sandwich; asymptotic Bonferroni bounds,,,
214,1.0,validation,proxy_0.5,mlp_stronger,logistic:C1:E8,logistic,logistic,1.0,8.0,7.995742559457445,0.8719564706803414,0.8523249562880034,0.019631514392338012,0.003734034180796054,0.008516575412558168,1145,0.03324771427118879,0.8212691631468769,True,0.05,360,paired cluster influence sandwich; asymptotic Bonferroni bounds,,,
214,1.0,validation,proxy_0.5,mlp_stronger,logistic:C5:E2,logistic,logistic,5.0,2.0,1.9948093103901194,0.8719564706803414,0.8565975103734441,0.015358960306897318,0.003922263516789254,0.008551346200772296,1145,0.029661540689474596,0.8254149251411516,True,0.05,360,paired cluster influence sandwich; asymptotic Bonferroni bounds,,,
214,1.0,validation,proxy_0.5,mlp_stronger,logistic:C5:E8,logistic,logistic,5.0,8.0,7.995742559457445,0.8719564706803414,0.8678817296902321,0.0040747409901092935,0.0019967423393005405,0.00809031858534623,1145,0.011355885586563964,0.838380287119567,True,0.05,360,paired cluster influence sandwich; asymptotic Bonferroni bounds,,,
214,1.0,validation,proxy_0.75,mlp_stronger,mlp_base:C1:E2,mlp_base,mlp,1.0,2.0,1.9909995955023065,0.8721704637386155,0.843628487173465,0.028541976565150562,0.004471104318709147,0.008714599823393485,1145,0.04484591143426252,0.811850595672154,True,0.05,360,paired cluster influence sandwich; asymptotic Bonferroni bounds,,,
214,1.0,validation,proxy_0.75,mlp_stronger,mlp_base:C1:E8,mlp_base,mlp,1.0,8.0,7.998197999765249,0.8721704637386155,0.8446629609332186,0.027507502805396933,0.004446202349114686,0.008701702744787036,1145,0.043720632347359206,0.8129320987818429,True,0.05,360,paired cluster influence sandwich; asymptotic Bonferroni bounds,,,
214,1.0,validation,proxy_0.75,mlp_stronger,mlp_base:C5:E2,mlp_base,mlp,5.0,2.0,1.9909995955023065,0.8721704637386155,0.8611498212375063,0.011020642501109235,0.002817970408997307,0.008188893149356002,1145,0.02129640498312651,0.8312889253513277,True,0.05,360,paired cluster influence sandwich; asymptotic Bonferroni bounds,,,
214,1.0,validation,proxy_0.75,mlp_stronger,mlp_base:C5:E8,mlp_base,mlp,5.0,8.0,7.998197999765249,0.8721704637386155,0.8687220438946737,0.003448419843941841,0.0010530360695240907,0.00795468160260726,1145,0.0072883283471957255,0.8397152031885111,True,0.05,360,paired cluster influence sandwich; asymptotic Bonferroni bounds,,,
214,1.0,validation,proxy_0.75,mlp_stronger,mlp_stronger:C1:E2,mlp_stronger,mlp,1.0,2.0,1.9948093103901194,0.8721704637386155,0.8373433544716722,0.034827109266943324,0.005042029095196326,0.00896952675834659,1145,0.05321292809748712,0.8046358688818347,True,0.05,360,paired cluster influence sandwich; asymptotic Bonferroni bounds,,,
214,1.0,validation,proxy_0.75,mlp_stronger,mlp_stronger:C1:E8,mlp_stronger,mlp,1.0,8.0,7.995742559457445,0.8721704637386155,0.8410971058743705,0.031073357864245033,0.0047234207536289196,0.008837420219107679,1145,0.04829736760258441,0.808871348344986,True,0.05,360,paired cluster influence sandwich; asymptotic Bonferroni bounds,,,
214,1.0,validation,proxy_0.75,mlp_stronger,mlp_stronger:C5:E2,mlp_stronger,mlp,5.0,2.0,1.9948093103901194,0.8721704637386155,0.854968031524831,0.01720243221378448,0.003034011110563653,0.008404335038818662,1145,0.028265989673582965,0.8243215242363017,True,0.05,360,paired cluster influence sandwich; asymptotic Bonferroni bounds,,,
214,1.0,validation,proxy_0.75,mlp_stronger,mlp_stronger:C5:E8,mlp_stronger,mlp,5.0,8.0,7.995742559457445,0.8721704637386155,0.8700258357472794,0.002144627991336079,0.0009792801200982477,0.007931073246220164,1145,0.005715584551192759,0.8411050831923799,True,0.05,360,paired cluster influence sandwich; asymptotic Bonferroni bounds,,,
214,1.0,validation,proxy_0.75,mlp_stronger,logistic:C1:E2,logistic,logistic,1.0,2.0,1.9948093103901194,0.8721704637386155,0.8524011586941204,0.019769305044495145,0.003812089757525262,0.008497997805772432,1145,0.03367013550864423,0.8214131090162343,True,0.05,360,paired cluster influence sandwich; asymptotic Bonferroni bounds,,,
214,1.0,validation,proxy_0.75,mlp_stronger,logistic:C1:E8,logistic,logistic,1.0,8.0,7.995742559457445,0.8721704637386155,0.8529596283827866,0.019210835355828904,0.0037170873741038603,0.008468795510008138,1145,0.03276523850330108,0.8220780652223761,True,0.05,360,paired cluster influence sandwich; asymptotic Bonferroni bounds,,,
214,1.0,validation,proxy_0.75,mlp_stronger,logistic:C5:E2,logistic,logistic,5.0,2.0,1.9948093103901194,0.8721704637386155,0.855608966831076,0.016561496907539497,0.003957666031625862,0.008573586452719143,1145,0.030993172979896042,0.8243452822565702,True,0.05,360,paired cluster influence sandwich; asymptotic Bonferroni bounds,,,
214,1.0,validation,proxy_0.75,mlp_stronger,logistic:C5:E8,logistic,logistic,5.0,8.0,7.995742559457445,0.8721704637386155,0.8679161773532713,0.004254286385344197,0.002015206237274005,0.008045245876545733,1145,0.0116027598045082,0.8385790929492414,True,0.05,360,paired cluster influence sandwich; asymptotic Bonferroni bounds,,,
214,1.0,test,source,mlp_stronger,mlp_base:C1:E2,mlp_base,mlp,1.0,2.0,1.9909995955023065,0.8596004539668486,0.8325907004742447,0.027009753492603927,0.004715559877647207,0.009411189728107625,1145,0.04420509845354509,0.7982726856326179,True,0.05,360,paired cluster influence sandwich; asymptotic Bonferroni bounds,-0.00015924936220623742,0.02704797333953357,0.00012102951527659389
214,1.0,test,source,mlp_stronger,mlp_base:C1:E8,mlp_base,mlp,1.0,8.0,7.998197999765249,0.8596004539668486,0.8327170383015949,0.02688341566525365,0.004687233741998911,0.009421344779671052,1145,0.04397546903696238,0.7983619929441312,True,0.05,360,paired cluster influence sandwich; asymptotic Bonferroni bounds,-0.00015924936220623742,0.02704797333953357,-5.308312073681876e-06
214,1.0,test,source,mlp_stronger,mlp_base:C5:E2,mlp_base,mlp,5.0,2.0,1.9909995955023065,0.8596004539668486,0.8515689777995772,0.0080314761672714,0.0027255320363197633,0.008908830196414452,1145,0.017970161028166096,0.8190828229419214,True,0.05,360,paired cluster influence sandwich; asymptotic Bonferroni bounds,-0.00015924936220623742,0.00024949066745660886,0.00794123486202103
214,1.0,test,source,mlp_stronger,mlp_base:C5:E8,mlp_base,mlp,5.0,8.0,7.998197999765249,0.8596004539668486,0.8584326253106689,0.0011678286561797036,0.001066408137638206,0.008692776425822099,1145,0.005056498564235882,0.8267343130871525,True,0.05,360,paired cluster influence sandwich; asymptotic Bonferroni bounds,-0.00015924936220623742,0.00024949066745660886,0.0010775873509293321
214,1.0,test,source,mlp_stronger,mlp_stronger:C1:E2,mlp_stronger,mlp,1.0,2.0,1.9948093103901194,0.8596004539668486,0.8270222811090976,0.032578172857751,0.005269646389110125,0.009565672399664533,1145,0.051794000847223465,0.7921409433754213,True,0.05,360,paired cluster influence sandwich; asymptotic Bonferroni bounds,-1.1102230246251565e-16,0.029667094516619974,0.0029110783411311347
214,1.0,test,source,mlp_stronger,mlp_stronger:C1:E8,mlp_stronger,mlp,1.0,8.0,7.995742559457445,0.8596004539668486,0.8291233110278061,0.030477142939042468,0.004965509360304789,0.009524940293356609,1145,0.048583931649744755,0.7943905034023511,True,0.05,360,paired cluster influence sandwich; asymptotic Bonferroni bounds,-1.1102230246251565e-16,0.029667094516619974,0.0008100484224226046
214,1.0,test,source,mlp_stronger,mlp_stronger:C5:E2,mlp_stronger,mlp,5.0,2.0,1.9948093103901194,0.8596004539668486,0.8520254926379021,0.007574961328946528,0.003009461753965676,0.008710503923413227,1145,0.018548999269064566,0.8202625368843949,True,0.05,360,paired cluster influence sandwich; asymptotic Bonferroni bounds,-1.1102230246251565e-16,0.0003110670875097199,0.007263894241436919
214,1.0,test,source,mlp_stronger,mlp_stronger:C5:E8,mlp_stronger,mlp,5.0,8.0,7.995742559457445,0.8596004539668486,0.8586683143667343,0.0009321396001142901,0.0010222918967246375,0.008610791131155413,1145,0.004659939113016608,0.8272689624915321,True,0.05,360,paired cluster influence sandwich; asymptotic Bonferroni bounds,-1.1102230246251565e-16,0.0003110670875097199,0.0006210725126046812
214,1.0,test,source,mlp_stronger,logistic:C1:E2,logistic,logistic,1.0,2.0,1.9948093103901194,0.8596004539668486,0.8388131038868524,0.020787350079996214,0.004001839741942561,0.009240228425847317,1145,0.035380106110366,0.8051185014593639,True,0.05,360,paired cluster influence sandwich; asymptotic Bonferroni bounds,0.004384665772746876,0.01535694682876132,0.001045737478488018
214,1.0,test,source,mlp_stronger,logistic:C1:E8,logistic,logistic,1.0,8.0,7.995742559457445,0.8596004539668486,0.8397176402641842,0.019882813702664426,0.003919298144995374,0.009242542600467927,1145,0.034174580821863386,0.8060145991715246,True,0.05,360,paired cluster influence sandwich; asymptotic Bonferroni bounds,0.004384665772746876,0.01535694682876132,0.00014120110115622975
214,1.0,test,source,mlp_stronger,logistic:C5:E2,logistic,logistic,5.0,2.0,1.9948093103901194,0.8596004539668486,0.8413196888479795,0.018280765118869113,0.004112403831519724,0.00912868248434038,1145,0.03327669441177847,0.8080318400177249,True,0.05,360,paired cluster influence sandwich; asymptotic Bonferroni bounds,0.004384665772746876,0.0,0.013896099346122237
214,1.0,test,source,mlp_stronger,logistic:C5:E8,logistic,logistic,5.0,8.0,7.995742559457445,0.8596004539668486,0.8541010426586576,0.005499411308190982,0.0020299507549492524,0.008744570288914772,1145,0.0129016507857419,0.8222138634997513,True,0.05,360,paired cluster influence sandwich; asymptotic Bonferroni bounds,0.004384665772746876,0.0,0.001114745535444106
214,1.0,test,state_CO,mlp_stronger,mlp_base:C1:E2,mlp_base,mlp,1.0,2.0,1.9909995955023065,0.8305635184028116,0.8047178430923129,0.02584567531049875,0.005571923003560023,0.009433174393912055,1208,0.046160456595645355,0.7703252510707558,True,0.05,360,paired cluster influence sandwich; asymptotic Bonferroni bounds,-0.0010288033541292485,0.02366561693140312,0.003208861733224877
214,1.0,test,state_CO,mlp_stronger,mlp_base:C1:E8,mlp_base,mlp,1.0,8.0,7.998197999765249,0.8305635184028116,0.8070193065467687,0.02354421185604294,0.005520830872353732,0.009392996489971276,1208,0.04367271535698745,0.7727731999182315,True,0.05,360,paired cluster influence sandwich; asymptotic Bonferroni bounds,-0.0010288033541292485,0.02366561693140312,0.0009073982787690671
214,1.0,test,state_CO,mlp_stronger,mlp_base:C5:E2,mlp_base,mlp,5.0,2.0,1.9909995955023065,0.8305635184028116,0.8138054316212079,0.01675808678160373,0.0038875679939759434,0.009296697541293395,1208,0.030931845729510674,0.7799104231824932,True,0.05,360,paired cluster influence sandwich; asymptotic Bonferroni bounds,-0.0010288033541292485,5.6516155771069165e-05,0.01773037397996191
214,1.0,test,state_CO,mlp_stronger,mlp_base:C5:E8,mlp_base,mlp,5.0,8.0,7.998197999765249,0.8305635184028116,0.8280495960664757,0.002513922336335961,0.0014586740053515253,0.00903941850854391,1208,0.007832129958033542,0.7950926062034341,True,0.05,360,paired cluster influence sandwich; asymptotic Bonferroni bounds,-0.0010288033541292485,5.6516155771069165e-05,0.00348620953469414
214,1.0,test,state_CO,mlp_stronger,mlp_stronger:C1:E2,mlp_stronger,mlp,1.0,2.0,1.9948093103901194,0.8305635184028116,0.7994021846633992,0.031161333739412433,0.0060511343248539,0.00956610841685639,1208,0.05322328080111971,0.7645249259298751,True,0.05,360,paired cluster influence sandwich; asymptotic Bonferroni bounds,0.0,0.02459604031067142,0.006565293428741015
214,1.0,test,state_CO,mlp_stronger,mlp_stronger:C1:E8,mlp_stronger,mlp,1.0,8.0,7.995742559457445,0.8305635184028116,0.8040281366728101,0.026535381730001473,0.005747136172307083,0.0094606431800851,1208,0.047488976078268255,0.7695353956752322,True,0.05,360,paired cluster influence sandwich; asymptotic Bonferroni bounds,0.0,0.02459604031067142,0.001939341419330054
214,1.0,test,state_CO,mlp_stronger,mlp_stronger:C5:E2,mlp_stronger,mlp,5.0,2.0,1.9948093103901194,0.8305635184028116,0.8147369015959534,0.015826616806858262,0.0038685867021352855,0.009338105009427064,1208,0.029931171497634204,0.7806909248724706,True,0.05,360,paired cluster influence sandwich; asymptotic Bonferroni bounds,0.0,-4.7096796475853964e-05,0.015873713603334116
214,1.0,test,state_CO,mlp_stronger,mlp_stronger:C5:E8,mlp_stronger,mlp,5.0,8.0,7.995742559457445,0.8305635184028116,0.8284242772473284,0.0021392411554832513,0.0013083570846031806,0.008990994764016796,1208,0.006909405423654898,0.7956438364461542,True,0.05,360,paired cluster influence sandwich; asymptotic Bonferroni bounds,0.0,-4.7096796475853964e-05,0.0021863379519591053
214,1.0,test,state_CO,mlp_stronger,logistic:C1:E2,logistic,logistic,1.0,2.0,1.9948093103901194,0.8305635184028116,0.8153135757039139,0.015249942698897678,0.0046905400825314,0.00921841843361886,1208,0.03235127303403651,0.7817039665699974,True,0.05,360,paired cluster influence sandwich; asymptotic Bonferroni bounds,0.00017687463565396744,0.015143189960218906,-7.012189697519489e-05
214,1.0,test,state_CO,mlp_stronger,logistic:C1:E8,logistic,logistic,1.0,8.0,7.995742559457445,0.8305635184028116,0.8155459198998618,0.015017598502949814,0.004618616260465364,0.009210829071869086,1208,0.0318567003913693,0.7819639809659716,True,0.05,360,paired cluster influence sandwich; asymptotic Bonferroni bounds,0.00017687463565396744,0.015143189960218906,-0.00030246609292305937
214,1.0,test,state_CO,mlp_stronger,logistic:C5:E2,logistic,logistic,5.0,2.0,1.9948093103901194,0.8305635184028116,0.8038795201150417,0.026683998287769906,0.005531427153574301,0.00965831882332184,1208,0.04685113497429401,0.7686660696864128,True,0.05,360,paired cluster influence sandwich; asymptotic Bonferroni bounds,0.00017687463565396744,0.0,0.026507123652115938
214,1.0,test,state_CO,mlp_stronger,logistic:C5:E8,logistic,logistic,5.0,8.0,7.995742559457445,0.8305635184028116,0.8269914880389836,0.003572030363828027,0.002698393029699562,0.009028861052801953,1208,0.013410153429183875,0.7940729898069622,True,0.05,360,paired cluster influence sandwich; asymptotic Bonferroni bounds,0.00017687463565396744,0.0,0.0033951557281740596
214,1.0,test,state_UT,mlp_stronger,mlp_base:C1:E2,mlp_base,mlp,1.0,2.0,1.9909995955023065,0.8798076702499092,0.8585571139526242,0.021250556297285006,0.004698472506756215,0.008652604900418573,1081,0.038386754099539185,0.8269994643409438,True,0.05,360,paired cluster influence sandwich; asymptotic Bonferroni bounds,-0.00151060520556634,0.021926142072591692,0.0008350194302596536
214,1.0,test,state_UT,mlp_stronger,mlp_base:C1:E8,mlp_base,mlp,1.0,8.0,7.998197999765249,0.8798076702499092,0.8591529829004536,0.020654687349455636,0.004630056007940571,0.008663795740883917,1081,0.03754135753290249,0.8275545182248323,True,0.05,360,paired cluster influence sandwich; asymptotic Bonferroni bounds,-0.00151060520556634,0.021926142072591692,0.0002391504824302837
214,1.0,test,state_UT,mlp_stronger,mlp_base:C5:E2,mlp_base,mlp,5.0,2.0,1.9909995955023065,0.8798076702499092,0.8712682201698486,0.008539450080060629,0.0032615502048774763,0.008181146772943843,1081,0.020434926614699214,0.8414300655038702,True,0.05,360,paired cluster influence sandwich; asymptotic Bonferroni bounds,-0.00151060520556634,-8.143733454457625e-05,0.010131492620171545
214,1.0,test,state_UT,mlp_stronger,mlp_base:C5:E8,mlp_base,mlp,5.0,8.0,7.998197999765249,0.8798076702499092,0.8800909804137476,-0.00028331016383831287,0.0011936756709317045,0.007923673753902542,1081,0.004070245673598343,0.8511918774452497,True,0.05,360,paired cluster influence sandwich; asymptotic Bonferroni bounds,-0.00151060520556634,-8.143733454457625e-05,0.0013087323762726033
214,1.0,test,state_UT,mlp_stronger,mlp_stronger:C1:E2,mlp_stronger,mlp,1.0,2.0,1.9948093103901194,0.8798076702499092,0.8566599681591492,0.023147702090760003,0.004920464684032489,0.00877797082603803,1081,0.04109354640151011,0.8246450858413098,True,0.05,360,paired cluster influence sandwich; asymptotic Bonferroni bounds,-1.1102230246251565e-16,0.020775696346560624,0.00237200574419949
214,1.0,test,state_UT,mlp_stronger,mlp_stronger:C1:E8,mlp_stronger,mlp,1.0,8.0,7.995742559457445,0.8798076702499092,0.8583770342128566,0.02143063603705264,0.004702314881591754,0.008726731229121798,1081,0.03858084769064202,0.826549032177237,True,0.05,360,paired cluster influence sandwich; asymptotic Bonferroni bounds,-1.1102230246251565e-16,0.020775696346560624,0.000654939690492129
214,1.0,test,state_UT,mlp_stronger,mlp_stronger:C5:E2,mlp_stronger,mlp,5.0,2.0,1.9948093103901194,0.8798076702499092,0.8734211480140761,0.006386522235833136,0.0030119375707256825,0.008204960366026203,1081,0.017371615349771462,0.8434961407718924,True,0.05,360,paired cluster influence sandwich; asymptotic Bonferroni bounds,-1.1102230246251565e-16,-0.00020072582458174892,0.006587248060414996
214,1.0,test,state_UT,mlp_stronger,mlp_stronger:C5:E8,mlp_stronger,mlp,5.0,8.0,7.995742559457445,0.8798076702499092,0.8797732601085524,3.4410141356855384e-05,0.0009383550527710103,0.007913829418705044,1081,0.0034567644852221283,0.8509100612503656,True,0.05,360,paired cluster influence sandwich; asymptotic Bonferroni bounds,-1.1102230246251565e-16,-0.00020072582458174892,0.00023513596593871533
214,1.0,test,state_UT,mlp_stronger,logistic:C1:E2,logistic,logistic,1.0,2.0,1.9948093103901194,0.8798076702499092,0.8659329277524671,0.013874742497442139,0.00379432991397204,0.008451846815070423,1081,0.027713365121994744,0.8351074799906391,True,0.05,360,paired cluster influence sandwich; asymptotic Bonferroni bounds,0.0005345041957430796,0.011677654971806617,0.001662583329892442
214,1.0,test,state_UT,mlp_stronger,logistic:C1:E8,logistic,logistic,1.0,8.0,7.995742559457445,0.8798076702499092,0.8672754967677407,0.012532173482168507,0.003720430588484875,0.008424026369874656,1081,0.026101271605475176,0.8365515153124913,True,0.05,360,paired cluster influence sandwich; asymptotic Bonferroni bounds,0.0005345041957430796,0.011677654971806617,0.0003200143146188106
214,1.0,test,state_UT,mlp_stronger,logistic:C5:E2,logistic,logistic,5.0,2.0,1.9948093103901194,0.8798076702499092,0.8532785982684818,0.0265290719814274,0.004242085465712179,0.00873283470158195,1081,0.04200074187626695,0.8214283357404984,True,0.05,360,paired cluster influence sandwich; asymptotic Bonferroni bounds,0.0005345041957430796,0.0,0.02599456778568432
214,1.0,test,state_UT,mlp_stronger,logistic:C5:E8,logistic,logistic,5.0,8.0,7.995742559457445,0.8798076702499092,0.8749099601301161,0.004897710119793119,0.001996735418949029,0.008112047932368034,1081,0.012180173313666349,0.8453238217094836,True,0.05,360,paired cluster influence sandwich; asymptotic Bonferroni bounds,0.0005345041957430796,0.0,0.00436320592405004
215,1.0,validation,source,mlp_stronger,mlp_base:C1:E2,mlp_base,mlp,1.0,2.0,1.9909995955023065,0.8575731519896025,0.8235774710573357,0.03399568093226679,0.0051536159356671135,0.009382829611365438,1165,0.052787397038353195,0.7893647022888504,True,0.05,360,paired cluster influence sandwich; asymptotic Bonferroni bounds,,,
215,1.0,validation,source,mlp_stronger,mlp_base:C1:E8,mlp_base,mlp,1.0,8.0,7.998197999765249,0.8575731519896025,0.82398597504469,0.033587176944912533,0.00505373930201188,0.009354814854360946,1165,0.05201471120883033,0.7898753569538999,True,0.05,360,paired cluster influence sandwich; asymptotic Bonferroni bounds,,,
215,1.0,validation,source,mlp_stronger,mlp_base:C5:E2,mlp_base,mlp,5.0,2.0,1.9909995955023065,0.8575731519896025,0.8454601207124057,0.012113031277196762,0.003221288384575869,0.008938199861068858,1165,0.023858869068453824,0.8128686128496987,True,0.05,360,paired cluster influence sandwich; asymptotic Bonferroni bounds,,,
215,1.0,validation,source,mlp_stronger,mlp_base:C5:E8,mlp_base,mlp,5.0,8.0,7.998197999765249,0.8575731519896025,0.8562786853902885,0.0012944665993139814,0.001234774110606239,0.008544969359210088,1165,0.0057968441205163215,0.8251210204928756,True,0.05,360,paired cluster influence sandwich; asymptotic Bonferroni bounds,,,
215,1.0,validation,source,mlp_stronger,mlp_stronger:C1:E2,mlp_stronger,mlp,1.0,2.0,1.9948093103901194,0.8575731519896025,0.8282956398729145,0.029277512116687943,0.004589906715603608,0.009219802272835493,1165,0.04601376585187776,0.7946773204195174,True,0.05,360,paired cluster influence sandwich; asymptotic Bonferroni bounds,,,
215,1.0,validation,source,mlp_stronger,mlp_stronger:C1:E8,mlp_stronger,mlp,1.0,8.0,7.995742559457445,0.8575731519896025,0.8269458006103529,0.030627351379249546,0.00467349857379844,0.009277944428288809,1165,0.04766840750708684,0.7931154764416815,True,0.05,360,paired cluster influence sandwich; asymptotic Bonferroni bounds,,,
215,1.0,validation,source,mlp_stronger,mlp_stronger:C5:E2,mlp_stronger,mlp,5.0,2.0,1.9948093103901194,0.8575731519896025,0.845967877586713,0.011605274402889498,0.002994999029919018,0.008843077741754954,1165,0.02252598953005526,0.8137232151008966,True,0.05,360,paired cluster influence sandwich; asymptotic Bonferroni bounds,,,
215,1.0,validation,source,mlp_stronger,mlp_stronger:C5:E8,mlp_stronger,mlp,5.0,8.0,7.995742559457445,0.8575731519896025,0.8564280871043337,0.0011450648852687761,0.001042993956835421,0.008533720093875544,1165,0.004948151219578219,0.8253114405915284,True,0.05,360,paired cluster influence sandwich; asymptotic Bonferroni bounds,,,
215,1.0,validation,source,mlp_stronger,logistic:C1:E2,logistic,logistic,1.0,2.0,1.9948093103901194,0.8575731519896025,0.8302963691204418,0.027276782869160687,0.004315618476803362,0.009168859485974302,1165,0.04301289480505566,0.7968638032040367,True,0.05,360,paired cluster influence sandwich; asymptotic Bonferroni bounds,,,
215,1.0,validation,source,mlp_stronger,logistic:C1:E8,logistic,logistic,1.0,8.0,7.995742559457445,0.8575731519896025,0.8339676811704736,0.023605470819128893,0.004095391197995923,0.00907968221520552,1165,0.03853856433963828,0.8008602838301366,True,0.05,360,paired cluster influence sandwich; asymptotic Bonferroni bounds,,,
215,1.0,validation,source,mlp_stronger,logistic:C5:E2,logistic,logistic,5.0,2.0,1.9948093103901194,0.8575731519896025,0.8205883920092023,0.036984759980400184,0.00473499264703805,0.00943823135223711,1165,0.05425004297747857,0.7861736109450318,True,0.05,360,paired cluster influence sandwich; asymptotic Bonferroni bounds,,,
215,1.0,validation,source,mlp_stronger,logistic:C5:E8,logistic,logistic,5.0,8.0,7.995742559457445,0.8575731519896025,0.8481493515652181,0.009423800424384399,0.002124178693500425,0.008703216580189771,1165,0.017169228773167716,0.8164146671754043,True,0.05,360,paired cluster influence sandwich; asymptotic Bonferroni bounds,,,
215,1.0,validation,state_OR,mlp_stronger,mlp_base:C1:E2,mlp_base,mlp,1.0,2.0,1.9909995955023065,0.8326039554973707,0.8026071517704286,0.029996803726942023,0.006163395130014906,0.010040763038528055,1227,0.05246701694659697,0.7660010147948798,True,0.05,360,paired cluster influence sandwich; asymptotic Bonferroni bounds,,,
215,1.0,validation,state_OR,mlp_stronger,mlp_base:C1:E8,mlp_base,mlp,1.0,8.0,7.998197999765249,0.8326039554973707,0.8032310817851843,0.02937287371218633,0.006039904567363459,0.01000752802207668,1227,0.051392870904009486,0.7667461114540365,True,0.05,360,paired cluster influence sandwich; asymptotic Bonferroni bounds,,,
215,1.0,validation,state_OR,mlp_stronger,mlp_base:C5:E2,mlp_base,mlp,5.0,2.0,1.9909995955023065,0.8326039554973707,0.8214695412691394,0.011134414228231249,0.004173560926523941,0.009499631524281706,1227,0.0263501844207853,0.7868362358658804,True,0.05,360,paired cluster influence sandwich; asymptotic Bonferroni bounds,,,
215,1.0,validation,state_OR,mlp_stronger,mlp_base:C5:E8,mlp_base,mlp,5.0,8.0,7.998197999765249,0.8326039554973707,0.832077446134042,0.0005265093633286533,0.0015083291213487185,0.00922813010704139,1227,0.0060255040322033954,0.7984339677021415,True,0.05,360,paired cluster influence sandwich; asymptotic Bonferroni bounds,,,
215,1.0,validation,state_OR,mlp_stronger,mlp_stronger:C1:E2,mlp_stronger,mlp,1.0,2.0,1.9948093103901194,0.8326039554973707,0.8078810023162034,0.02472295318116724,0.005371574347652852,0.009884875921312286,1227,0.04430638380192912,0.7718431911883643,True,0.05,360,paired cluster influence sandwich; asymptotic Bonferroni bounds,,,
215,1.0,validation,state_OR,mlp_stronger,mlp_stronger:C1:E8,mlp_stronger,mlp,1.0,8.0,7.995742559457445,0.8326039554973707,0.8068706735379242,0.025733281959446463,0.005495761349755121,0.009886689905671318,1227,0.04576946765391087,0.7708262490720685,True,0.05,360,paired cluster influence sandwich; asymptotic Bonferroni bounds,,,
215,1.0,validation,state_OR,mlp_stronger,mlp_stronger:C5:E2,mlp_stronger,mlp,5.0,2.0,1.9948093103901194,0.8326039554973707,0.8162164883905234,0.016387467106847242,0.0033783053143421828,0.009751541605790667,1227,0.028703932161097092,0.7806647811771774,True,0.05,360,paired cluster influence sandwich; asymptotic Bonferroni bounds,,,
215,1.0,validation,state_OR,mlp_stronger,mlp_stronger:C5:E8,mlp_stronger,mlp,5.0,8.0,7.995742559457445,0.8326039554973707,0.8298148788700078,0.00278907662736283,0.0012116286948154358,0.009277795117439957,1227,0.007206374973686642,0.7959903341021559,True,0.05,360,paired cluster influence sandwich; asymptotic Bonferroni bounds,,,
215,1.0,validation,state_OR,mlp_stronger,logistic:C1:E2,logistic,logistic,1.0,2.0,1.9948093103901194,0.8326039554973707,0.8109152724932244,0.02168868300414628,0.005005216517758509,0.009792236764577036,1227,0.03993646364973026,0.77521520080289,True,0.05,360,paired cluster influence sandwich; asymptotic Bonferroni bounds,,,
215,1.0,validation,state_OR,mlp_stronger,logistic:C1:E8,logistic,logistic,1.0,8.0,7.995742559457445,0.8326039554973707,0.8134033302538192,0.019200625243551483,0.004809227991018867,0.009719886494943363,1227,0.03673388022729701,0.7779670297400643,True,0.05,360,paired cluster influence sandwich; asymptotic Bonferroni bounds,,,
215,1.0,validation,state_OR,mlp_stronger,logistic:C5:E2,logistic,logistic,5.0,2.0,1.9948093103901194,0.8326039554973707,0.8050306273014259,0.027573328195944713,0.005204810472933624,0.010046920375819331,1227,0.04654877900310866,0.7684020421980382,True,0.05,360,paired cluster influence sandwich; asymptotic Bonferroni bounds,,,
215,1.0,validation,state_OR,mlp_stronger,logistic:C5:E8,logistic,logistic,5.0,8.0,7.995742559457445,0.8326039554973707,0.827040032225438,0.005563923271932669,0.0024858933378413967,0.009393208091425836,1227,0.014626875129520427,0.7927947203188466,True,0.05,360,paired cluster influence sandwich; asymptotic Bonferroni bounds,,,
215,1.0,validation,state_WA,mlp_stronger,mlp_base:C1:E2,mlp_base,mlp,1.0,2.0,1.9909995955023065,0.8343961301263778,0.8097463367928985,0.024649793333479275,0.0056330458117616845,0.010063895036704311,1177,0.045189021220748055,0.7730513336809359,True,0.05,360,paired cluster influence sandwich; asymptotic Bonferroni bounds,,,
215,1.0,validation,state_WA,mlp_stronger,mlp_base:C1:E8,mlp_base,mlp,1.0,8.0,7.998197999765249,0.8343961301263778,0.8087878380168357,0.025608292109542075,0.0055899405557643484,0.010076354771561415,1177,0.045990349488057,0.7720474041836972,True,0.05,360,paired cluster influence sandwich; asymptotic Bonferroni bounds,,,
215,1.0,validation,state_WA,mlp_stronger,mlp_base:C5:E2,mlp_base,mlp,5.0,2.0,1.9909995955023065,0.8343961301263778,0.8290268682121547,0.005369261914223156,0.004011508461766727,0.009486777729156392,1177,0.01999603563864385,0.7944361518916582,True,0.05,360,paired cluster influence sandwich; asymptotic Bonferroni bounds,,,
215,1.0,validation,state_WA,mlp_stronger,mlp_base:C5:E8,mlp_base,mlp,5.0,8.0,7.998197999765249,0.8343961301263778,0.8369514315424321,-0.002555301416054312,0.0016404990934436128,0.009228791232639933,1177,0.003426291110451082,0.8033013863296915,True,0.05,360,paired cluster influence sandwich; asymptotic Bonferroni bounds,,,
215,1.0,validation,state_WA,mlp_stronger,mlp_stronger:C1:E2,mlp_stronger,mlp,1.0,2.0,1.9948093103901194,0.8343961301263778,0.8072776027309393,0.02711852739543852,0.00522128805595922,0.010062284810150509,1177,0.04615640296579222,0.7705884708316818,True,0.05,360,paired cluster influence sandwich; asymptotic Bonferroni bounds,,,
215,1.0,validation,state_WA,mlp_stronger,mlp_stronger:C1:E8,mlp_stronger,mlp,1.0,8.0,7.995742559457445,0.8343961301263778,0.8077657174504141,0.026630412675963666,0.0052618882336727315,0.010069963944548363,1177,0.045816324731406885,0.7710485858691649,True,0.05,360,paired cluster influence sandwich; asymptotic Bonferroni bounds,,,
215,1.0,validation,state_WA,mlp_stronger,mlp_stronger:C5:E2,mlp_stronger,mlp,5.0,2.0,1.9948093103901194,0.8343961301263778,0.815819610321749,0.01857651980462882,0.0036137055704706326,0.009646822370788026,1177,0.03175282347935013,0.7806453387672893,True,0.05,360,paired cluster influence sandwich; asymptotic Bonferroni bounds,,,
215,1.0,validation,state_WA,mlp_stronger,mlp_stronger:C5:E8,mlp_stronger,mlp,5.0,8.0,7.995742559457445,0.8343961301263778,0.831162891599942,0.0032332385264357555,0.0012715647981176234,0.009309789035123873,1177,0.007869621761138926,0.7972175119661478,True,0.05,360,paired cluster influence sandwich; asymptotic Bonferroni bounds,,,
215,1.0,validation,state_WA,mlp_stronger,logistic:C1:E2,logistic,logistic,1.0,2.0,1.9948093103901194,0.8343961301263778,0.8149633236023284,0.01943280652404944,0.004845759762372511,0.00994220023392199,1177,0.03710142974712241,0.7787120444312972,True,0.05,360,paired cluster influence sandwich; asymptotic Bonferroni bounds,,,
215,1.0,validation,state_WA,mlp_stronger,logistic:C1:E8,logistic,logistic,1.0,8.0,7.995742559457445,0.8343961301263778,0.8169616736076998,0.017434456518678032,0.004623211215051664,0.009884585872427906,1177,0.034291622586572285,0.780920468087736,True,0.05,360,paired cluster influence sandwich; asymptotic Bonferroni bounds,,,
215,1.0,validation,state_WA,mlp_stronger,logistic:C5:E2,logistic,logistic,5.0,2.0,1.9948093103901194,0.8343961301263778,0.799999687105949,0.03439644302042877,0.006100703018702858,0.010249360047412469,1177,0.05664084396459559,0.7626284409369717,True,0.05,360,paired cluster influence sandwich; asymptotic Bonferroni bounds,,,
215,1.0,validation,state_WA,mlp_stronger,logistic:C5:E8,logistic,logistic,5.0,8.0,7.995742559457445,0.8343961301263778,0.82916871351525,0.0052274166111278,0.0028258720465823,0.009480271388953744,1177,0.01553111941855528,0.7946017206311679,True,0.05,360,paired cluster influence sandwich; asymptotic Bonferroni bounds,,,
215,1.0,validation,proxy_0.5,mlp_stronger,mlp_base:C1:E2,mlp_base,mlp,1.0,2.0,1.9909995955023065,0.8559271212170284,0.8215511450126469,0.034375976204381486,0.005228305659391622,0.00945042350888115,1165,0.053440034701091016,0.7870919074834942,True,0.05,360,paired cluster influence sandwich; asymptotic Bonferroni bounds,,,
215,1.0,validation,proxy_0.5,mlp_stronger,mlp_base:C1:E8,mlp_base,mlp,1.0,8.0,7.998197999765249,0.8559271212170284,0.8221497966360585,0.033777324580969936,0.005105737715529734,0.009415702400100206,1165,0.052394461531038994,0.7878171632674107,True,0.05,360,paired cluster influence sandwich; asymptotic Bonferroni bounds,,,
215,1.0,validation,proxy_0.5,mlp_stronger,mlp_base:C5:E2,mlp_base,mlp,5.0,2.0,1.9909995955023065,0.8559271212170284,0.8436740911308666,0.012253030086161854,0.0032650161828721657,0.00902926955576741,1165,0.024158313280760145,0.8107505143150194,True,0.05,360,paired cluster influence sandwich; asymptotic Bonferroni bounds,,,
215,1.0,validation,proxy_0.5,mlp_stronger,mlp_base:C5:E8,mlp_base,mlp,5.0,8.0,7.998197999765249,0.8559271212170284,0.8544926558087491,0.0014344654082792951,0.0012204335451368707,0.008609809077932075,1165,0.00588455268541512,0.8230985647589353,True,0.05,360,paired cluster influence sandwich; asymptotic Bonferroni bounds,,,
215,1.0,validation,proxy_0.5,mlp_stronger,mlp_stronger:C1:E2,mlp_stronger,mlp,1.0,2.0,1.9948093103901194,0.8559271212170284,0.8269536363645862,0.02897348485244222,0.004618748324864675,0.009257745821381932,1165,0.045814904230559686,0.7931969627145934,True,0.05,360,paired cluster influence sandwich; asymptotic Bonferroni bounds,,,
215,1.0,validation,proxy_0.5,mlp_stronger,mlp_stronger:C1:E8,mlp_stronger,mlp,1.0,8.0,7.995742559457445,0.8559271212170284,0.8255891703607896,0.030337950856238804,0.0046924594087489795,0.00931474259529886,1165,0.04744814419413845,0.791624668419403,True,0.05,360,paired cluster influence sandwich; asymptotic Bonferroni bounds,,,
215,1.0,validation,proxy_0.5,mlp_stronger,mlp_stronger:C5:E2,mlp_stronger,mlp,5.0,2.0,1.9948093103901194,0.8559271212170284,0.8453760169503036,0.010551104266724787,0.0028486168938091703,0.008867467762770536,1165,0.02093806375918342,0.8130424207223405,True,0.05,360,paired cluster influence sandwich; asymptotic Bonferroni bounds,,,
215,1.0,validation,proxy_0.5,mlp_stronger,mlp_stronger:C5:E8,mlp_stronger,mlp,5.0,8.0,7.995742559457445,0.8559271212170284,0.8549356371147291,0.0009914841022993226,0.0009977068282768253,0.008586707166153881,1165,0.004629439221214305,0.8236257829527747,True,0.05,360,paired cluster influence sandwich; asymptotic Bonferroni bounds,,,
215,1.0,validation,proxy_0.5,mlp_stronger,logistic:C1:E2,logistic,logistic,1.0,2.0,1.9948093103901194,0.8559271212170284,0.8283598930576263,0.027567228159402157,0.004370241121692323,0.009233200808508967,1165,0.0435025115602511,0.7946927182991859,True,0.05,360,paired cluster influence sandwich; asymptotic Bonferroni bounds,,,
215,1.0,validation,proxy_0.5,mlp_stronger,logistic:C1:E8,logistic,logistic,1.0,8.0,7.995742559457445,0.8559271212170284,0.8318619528162223,0.02406516840080608,0.004147345507880546,0.009151700025660476,1165,0.03918770379165016,0.7984919557273699,True,0.05,360,paired cluster influence sandwich; asymptotic Bonferroni bounds,,,
215,1.0,validation,proxy_0.5,mlp_stronger,logistic:C5:E2,logistic,logistic,5.0,2.0,1.9948093103901194,0.8559271212170284,0.8199704121920157,0.03595670902501269,0.0046953045428496905,0.009533877885368051,1165,0.05307727662303799,0.7852068735720699,True,0.05,360,paired cluster influence sandwich; asymptotic Bonferroni bounds,,,
215,1.0,validation,proxy_0.5,mlp_stronger,logistic:C5:E8,logistic,logistic,5.0,8.0,7.995742559457445,0.8559271212170284,0.8461115330809872,0.00981558813604122,0.002135457626746648,0.00878673004250589,1165,0.01760214304803536,0.8140723321547316,True,0.05,360,paired cluster influence sandwich; asymptotic Bonferroni bounds,,,
215,1.0,validation,proxy_0.75,mlp_stronger,mlp_base:C1:E2,mlp_base,mlp,1.0,2.0,1.9909995955023065,0.8554125733557192,0.8219444998751504,0.033468073480568794,0.00519933674877135,0.009433539821925779,1165,0.05242650215327238,0.7875468256165343,True,0.05,360,paired cluster influence sandwich; asymptotic Bonferroni bounds,,,
215,1.0,validation,proxy_0.75,mlp_stronger,mlp_base:C1:E8,mlp_base,mlp,1.0,8.0,7.998197999765249,0.8554125733557192,0.8223321085178827,0.03308046483783644,0.005084017110695778,0.00940462028836829,1165,0.05161840158269281,0.7880398840388616,True,0.05,360,paired cluster influence sandwich; asymptotic Bonferroni bounds,,,
215,1.0,validation,proxy_0.75,mlp_stronger,mlp_base:C5:E2,mlp_base,mlp,5.0,2.0,1.9909995955023065,0.8554125733557192,0.8434468542581055,0.01196571909761368,0.0032574109488157023,0.00902644425444277,1165,0.023843271199888945,0.8105335793858004,True,0.05,360,paired cluster influence sandwich; asymptotic Bonferroni bounds,,,
215,1.0,validation,proxy_0.75,mlp_stronger,mlp_base:C5:E8,mlp_base,mlp,5.0,8.0,7.998197999765249,0.8554125733557192,0.854089898041166,0.0013226753145532122,0.001244604962644828,0.00861254381506998,1165,0.0058608992362045205,0.822685835273521,True,0.05,360,paired cluster influence sandwich; asymptotic Bonferroni bounds,,,
215,1.0,validation,proxy_0.75,mlp_stronger,mlp_stronger:C1:E2,mlp_stronger,mlp,1.0,2.0,1.9948093103901194,0.8554125733557192,0.8267901302929214,0.02862244306279782,0.0045922150293204265,0.009253264774765532,1165,0.04536711364095609,0.7930497959582608,True,0.05,360,paired cluster influence sandwich; asymptotic Bonferroni bounds,,,
215,1.0,validation,proxy_0.75,mlp_stronger,mlp_stronger:C1:E8,mlp_stronger,mlp,1.0,8.0,7.995742559457445,0.8554125733557192,0.8256973037692067,0.029715269586512494,0.004668951552399369,0.00930862085116182,1165,0.04673974583406257,0.7917551236460024,True,0.05,360,paired cluster influence sandwich; asymptotic Bonferroni bounds,,,
215,1.0,validation,proxy_0.75,mlp_stronger,mlp_stronger:C5:E2,mlp_stronger,mlp,5.0,2.0,1.9948093103901194,0.8554125733557192,0.8435732710930669,0.011839302262652285,0.002944478220458141,0.008878266343030263,1165,0.02257580251608869,0.8112002998210331,True,0.05,360,paired cluster influence sandwich; asymptotic Bonferroni bounds,,,
215,1.0,validation,proxy_0.75,mlp_stronger,mlp_stronger:C5:E8,mlp_stronger,mlp,5.0,8.0,7.995742559457445,0.8554125733557192,0.8540334806106872,0.0013790927450320067,0.0010257308904556557,0.00858906367213533,1165,0.005119232471255279,0.8227150338815026,True,0.05,360,paired cluster influence sandwich; asymptotic Bonferroni bounds,,,
215,1.0,validation,proxy_0.75,mlp_stronger,logistic:C1:E2,logistic,logistic,1.0,2.0,1.9948093103901194,0.8554125733557192,0.8283165352175361,0.027096038138183065,0.004355025739085842,0.0092251599914548,1165,0.0429758414345858,0.7946786798249991,True,0.05,360,paired cluster influence sandwich; asymptotic Bonferroni bounds,,,
215,1.0,validation,proxy_0.75,mlp_stronger,logistic:C1:E8,logistic,logistic,1.0,8.0,7.995742559457445,0.8554125733557192,0.832002474008803,0.02341009934691618,0.004132154187500555,0.009142418745424008,1165,0.038477242371813526,0.7986663194075324,True,0.05,360,paired cluster influence sandwich; asymptotic Bonferroni bounds,,,
215,1.0,validation,proxy_0.75,mlp_stronger,logistic:C5:E2,logistic,logistic,5.0,2.0,1.9948093103901194,0.8554125733557192,0.8181164727404558,0.03729610061526334,0.004797905387376378,0.009509520060034282,1165,0.05479078339118666,0.783441750467003,True,0.05,360,paired cluster influence sandwich; asymptotic Bonferroni bounds,,,
215,1.0,validation,proxy_0.75,mlp_stronger,logistic:C5:E8,logistic,logistic,5.0,8.0,7.995742559457445,0.8554125733557192,0.8457035514772486,0.009709021878470558,0.002165209616767943,0.008767449192081195,1165,0.017604061970006683,0.8137346546388389,True,0.05,360,paired cluster influence sandwich; asymptotic Bonferroni bounds,,,
215,1.0,test,source,mlp_stronger,mlp_base:C1:E2,mlp_base,mlp,1.0,2.0,1.9909995955023065,0.8539143771463437,0.822337332354038,0.03157704479230561,0.005053355946029294,0.009360495608948817,1130,0.05000492953099671,0.7882027619772429,True,0.05,360,paired cluster influence sandwich; asymptotic Bonferroni bounds,-0.0002120877479102612,0.03136600181162641,0.0004231307285894603
215,1.0,test,source,mlp_stronger,mlp_base:C1:E8,mlp_base,mlp,1.0,8.0,7.998197999765249,0.8539143771463437,0.8226915084453759,0.0312228687009678,0.004951689223883737,0.009353015476994731,1130,0.04928000919415785,0.7885842155869175,True,0.05,360,paired cluster influence sandwich; asymptotic Bonferroni bounds,-0.0002120877479102612,0.03136600181162641,6.89546372516503e-05
215,1.0,test,source,mlp_stronger,mlp_base:C5:E2,mlp_base,mlp,5.0,2.0,1.9909995955023065,0.8539143771463437,0.8421408952192496,0.011773481927094043,0.0036290495733917174,0.008928085488223048,1130,0.025007401714993938,0.8095831787094059,True,0.05,360,paired cluster influence sandwich; asymptotic Bonferroni bounds,-0.0002120877479102612,0.00013268543834765723,0.011852884236656647
215,1.0,test,source,mlp_stronger,mlp_base:C5:E8,mlp_base,mlp,5.0,8.0,7.998197999765249,0.8539143771463437,0.8525311053323874,0.001383271813956255,0.0013546777817862782,0.008612767717674306,1130,0.0063233247782519455,0.8211232463813208,True,0.05,360,paired cluster influence sandwich; asymptotic Bonferroni bounds,-0.0002120877479102612,0.00013268543834765723,0.001462674123518859
215,1.0,test,source,mlp_stronger,mlp_stronger:C1:E2,mlp_stronger,mlp,1.0,2.0,1.9948093103901194,0.8539143771463437,0.8267180413539765,0.027196335792367132,0.004460479832589541,0.009240477352822912,1130,0.04346220131066754,0.7930211370775013,True,0.05,360,paired cluster influence sandwich; asymptotic Bonferroni bounds,-1.1102230246251565e-16,0.028793784888695884,-0.0015974490963286403
215,1.0,test,source,mlp_stronger,mlp_stronger:C1:E8,mlp_stronger,mlp,1.0,8.0,7.995742559457445,0.8539143771463437,0.825837302578172,0.028077074568171656,0.004556327440480891,0.009268085147140167,1130,0.044692463984959546,0.7920397219873818,True,0.05,360,paired cluster influence sandwich; asymptotic Bonferroni bounds,-1.1102230246251565e-16,0.028793784888695884,-0.0007167103205241165
215,1.0,test,source,mlp_stronger,mlp_stronger:C5:E2,mlp_stronger,mlp,5.0,2.0,1.9948093103901194,0.8539143771463437,0.84353774900721,0.010376628139133648,0.003023472726339647,0.008831570608665944,1130,0.021402213414863633,0.8113319897105613,True,0.05,360,paired cluster influence sandwich; asymptotic Bonferroni bounds,-1.1102230246251565e-16,-3.761162031890031e-05,0.01041423975945266
215,1.0,test,source,mlp_stronger,mlp_stronger:C5:E8,mlp_stronger,mlp,5.0,8.0,7.995742559457445,0.8539143771463437,0.8533136359884699,0.0006007411578737853,0.0010769369320136164,0.008564522641983967,1130,0.0045279669195145015,0.8220817105563413,True,0.05,360,paired cluster influence sandwich; asymptotic Bonferroni bounds,-1.1102230246251565e-16,-3.761162031890031e-05,0.0006383527781927967
215,1.0,test,source,mlp_stronger,logistic:C1:E2,logistic,logistic,1.0,2.0,1.9948093103901194,0.8539143771463437,0.8284581011773482,0.025456275968995468,0.004244811944209564,0.009245052205988466,1130,0.04093567343886443,0.7947445139543852,True,0.05,360,paired cluster influence sandwich; asymptotic Bonferroni bounds,0.0026328134223334576,0.017614775516089032,0.005208687030572978
215,1.0,test,source,mlp_stronger,logistic:C1:E8,logistic,logistic,1.0,8.0,7.995742559457445,0.8539143771463437,0.8322281437307176,0.021686233415626033,0.004029895647887516,0.009145013153371736,1130,0.03638190363980175,0.7988793651914646,True,0.05,360,paired cluster influence sandwich; asymptotic Bonferroni bounds,0.0026328134223334576,0.017614775516089032,0.0014386444772035434
215,1.0,test,source,mlp_stronger,logistic:C5:E2,logistic,logistic,5.0,2.0,1.9948093103901194,0.8539143771463437,0.8221910649416864,0.031723312204657295,0.004653051856553349,0.009582619687150276,1130,0.04869142294363921,0.7872464829697253,True,0.05,360,paired cluster influence sandwich; asymptotic Bonferroni bounds,0.0026328134223334576,0.0,0.029090498782323837
215,1.0,test,source,mlp_stronger,logistic:C5:E8,logistic,logistic,5.0,8.0,7.995742559457445,0.8539143771463437,0.8458508636568316,0.008063513489512064,0.0021652743239203307,0.008819800479281133,1130,0.015959538644875194,0.8136880260522187,True,0.05,360,paired cluster influence sandwich; asymptotic Bonferroni bounds,0.0026328134223334576,0.0,0.0054307000671786065
215,1.0,test,state_CO,mlp_stronger,mlp_base:C1:E2,mlp_base,mlp,1.0,2.0,1.9909995955023065,0.8442038152892705,0.8138679861182696,0.03033582917100086,0.005342679644080539,0.009396918184783,1188,0.04981577628611646,0.7796058776859487,True,0.05,360,paired cluster influence sandwich; asymptotic Bonferroni bounds,0.0007330286682931675,0.027976913761884492,0.0016258867408232014
215,1.0,test,state_CO,mlp_stronger,mlp_base:C1:E8,mlp_base,mlp,1.0,8.0,7.998197999765249,0.8442038152892705,0.8150836267009859,0.02912018858828458,0.00527618020082534,0.009353635440636011,1188,0.048357672047689294,0.7809793315053083,True,0.05,360,paired cluster influence sandwich; asymptotic Bonferroni bounds,0.0007330286682931675,0.027976913761884492,0.00041024615810691945
215,1.0,test,state_CO,mlp_stronger,mlp_base:C5:E2,mlp_base,mlp,5.0,2.0,1.9909995955023065,0.8442038152892705,0.8270484454898432,0.017155369799427223,0.0038771553850313447,0.0091686244487814,1188,0.03129186812778511,0.7936187189707727,True,0.05,360,paired cluster influence sandwich; asymptotic Bonferroni bounds,0.0007330286682931675,8.329871230594588e-05,0.01633904241882811
215,1.0,test,state_CO,mlp_stronger,mlp_base:C5:E8,mlp_base,mlp,5.0,8.0,7.998197999765249,0.8442038152892705,0.8406063521515535,0.0035974631377169164,0.0014841024682931932,0.008790179614010617,1188,0.009008649943161117,0.8085564735474692,True,0.05,360,paired cluster influence sandwich; asymptotic Bonferroni bounds,0.0007330286682931675,8.329871230594588e-05,0.002781135757117803
215,1.0,test,state_CO,mlp_stronger,mlp_stronger:C1:E2,mlp_stronger,mlp,1.0,2.0,1.9948093103901194,0.8442038152892705,0.8204074556512451,0.0237963596380254,0.004745277997271726,0.009215462724213168,1188,0.0410981202883747,0.7868069520710073,True,0.05,360,paired cluster influence sandwich; asymptotic Bonferroni bounds,0.0,0.02409415253451941,-0.0002977928964940091
215,1.0,test,state_CO,mlp_stronger,mlp_stronger:C1:E8,mlp_stronger,mlp,1.0,8.0,7.995742559457445,0.8442038152892705,0.8205834241809914,0.02362039110827907,0.0048270981765728355,0.009209902003947591,1188,0.04122047635825149,0.7870031955458957,True,0.05,360,paired cluster influence sandwich; asymptotic Bonferroni bounds,0.0,0.02409415253451941,-0.0004737614262403378
215,1.0,test,state_CO,mlp_stronger,mlp_stronger:C5:E2,mlp_stronger,mlp,5.0,2.0,1.9948093103901194,0.8442038152892705,0.8212039995876713,0.022999815701599147,0.0037755745338639976,0.009127586879654443,1188,0.03676594003404643,0.7879239001713996,True,0.05,360,paired cluster influence sandwich; asymptotic Bonferroni bounds,0.0,-6.247403422920961e-06,0.023006063105022068
215,1.0,test,state_CO,mlp_stronger,mlp_stronger:C5:E8,mlp_stronger,mlp,5.0,8.0,7.995742559457445,0.8442038152892705,0.8402856521091755,0.003918163180094969,0.0013104193399460183,0.008727482726294268,1188,0.008696083838140758,0.8084643726610128,True,0.05,360,paired cluster influence sandwich; asymptotic Bonferroni bounds,0.0,-6.247403422920961e-06,0.00392441058351789
215,1.0,test,state_CO,mlp_stronger,logistic:C1:E2,logistic,logistic,1.0,2.0,1.9948093103901194,0.8442038152892705,0.8220182445004629,0.022185570788807563,0.004550957891016387,0.009200216240560433,1188,0.03877882079554161,0.7884733311324468,True,0.05,360,paired cluster influence sandwich; asymptotic Bonferroni bounds,0.0023344464123766784,0.016196393374003804,0.0036547310024270807
215,1.0,test,state_CO,mlp_stronger,logistic:C1:E8,logistic,logistic,1.0,8.0,7.995742559457445,0.8442038152892705,0.8247212877147936,0.019482527574476882,0.004302602243426554,0.00913169551890351,1188,0.03517024792136121,0.7914262077867528,True,0.05,360,paired cluster influence sandwich; asymptotic Bonferroni bounds,0.0023344464123766784,0.016196393374003804,0.0009516877880964003
215,1.0,test,state_CO,mlp_stronger,logistic:C5:E2,logistic,logistic,5.0,2.0,1.9948093103901194,0.8442038152892705,0.8056146455795976,0.038589169709672855,0.005354788722184152,0.009651216779194397,1188,0.05811326774095513,0.7704253389058342,True,0.05,360,paired cluster influence sandwich; asymptotic Bonferroni bounds,0.0023344464123766784,0.0,0.036254723297296176
215,1.0,test,state_CO,mlp_stronger,logistic:C5:E8,logistic,logistic,5.0,8.0,7.995742559457445,0.8442038152892705,0.8362758603455438,0.007927954943726667,0.00241790721323328,0.00888642966084255,1188,0.01674388773041853,0.8038750443940946,True,0.05,360,paired cluster influence sandwich; asymptotic Bonferroni bounds,0.0023344464123766784,0.0,0.005593508531349989
215,1.0,test,state_UT,mlp_stronger,mlp_base:C1:E2,mlp_base,mlp,1.0,2.0,1.9909995955023065,0.8628196011359532,0.8474369029272284,0.015382698208724843,0.005037927018025621,0.009405444787550227,1111,0.03375531119980324,0.8131365654129431,True,0.05,360,paired cluster influence sandwich; asymptotic Bonferroni bounds,-8.803179205285616e-05,0.015498168481417385,-2.743848063968546e-05
215,1.0,test,state_UT,mlp_stronger,mlp_base:C1:E8,mlp_base,mlp,1.0,8.0,7.998197999765249,0.8628196011359532,0.847603820351121,0.015215780784832211,0.004924869144424787,0.009378578997336597,1111,0.03317608757341298,0.8134014586043544,True,0.05,360,paired cluster influence sandwich; asymptotic Bonferroni bounds,-8.803179205285616e-05,0.015498168481417385,-0.00019435590453231733
215,1.0,test,state_UT,mlp_stronger,mlp_base:C5:E2,mlp_base,mlp,5.0,2.0,1.9909995955023065,0.8628196011359532,0.8511250920332372,0.011694509102716077,0.003466409434758577,0.008830702164387399,1111,0.024336017958555216,0.8189207602266697,True,0.05,360,paired cluster influence sandwich; asymptotic Bonferroni bounds,-8.803179205285616e-05,-0.00012118662282600834,0.011903727517594942
215,1.0,test,state_UT,mlp_stronger,mlp_base:C5:E8,mlp_base,mlp,5.0,8.0,7.998197999765249,0.8628196011359532,0.8613550722318003,0.0014645289041529397,0.001279666191401893,0.008580964647045481,1111,0.006131291961313738,0.8300614981116897,True,0.05,360,paired cluster influence sandwich; asymptotic Bonferroni bounds,-8.803179205285616e-05,-0.00012118662282600834,0.0016737473190318042
215,1.0,test,state_UT,mlp_stronger,mlp_stronger:C1:E2,mlp_stronger,mlp,1.0,2.0,1.9948093103901194,0.8628196011359532,0.8466880610597656,0.016131540076187667,0.004512534189655346,0.0093970721822635,1111,0.032588119137160004,0.812418257262247,True,0.05,360,paired cluster influence sandwich; asymptotic Bonferroni bounds,1.1102230246251565e-16,0.014821352625633888,0.0013101874505536681
215,1.0,test,state_UT,mlp_stronger,mlp_stronger:C1:E8,mlp_stronger,mlp,1.0,8.0,7.995742559457445,0.8628196011359532,0.8479267941336528,0.014892807002300446,0.004596195780913389,0.009372899907119136,1111,0.03165448814849596,0.8137451432321076,True,0.05,360,paired cluster influence sandwich; asymptotic Bonferroni bounds,1.1102230246251565e-16,0.014821352625633888,7.14543766664466e-05
215,1.0,test,state_UT,mlp_stronger,mlp_stronger:C5:E2,mlp_stronger,mlp,5.0,2.0,1.9948093103901194,0.8628196011359532,0.8435120569257011,0.01930754421025216,0.003006693114515681,0.009190011621727579,1111,0.030272532146418375,0.8099973739409356,True,0.05,360,paired cluster influence sandwich; asymptotic Bonferroni bounds,1.1102230246251565e-16,-4.5730801066512505e-05,0.01935327501131856
215,1.0,test,state_UT,mlp_stronger,mlp_stronger:C5:E8,mlp_stronger,mlp,5.0,8.0,7.995742559457445,0.8628196011359532,0.8589587782559187,0.0038608228800345312,0.0010029086185252562,0.008714323991487785,1111,0.007518289899237767,0.8271788613175387,True,0.05,360,paired cluster influence sandwich; asymptotic Bonferroni bounds,1.1102230246251565e-16,-4.5730801066512505e-05,0.003906553681100933
215,1.0,test,state_UT,mlp_stronger,logistic:C1:E2,logistic,logistic,1.0,2.0,1.9948093103901194,0.8628196011359532,0.8515766836937684,0.011242917442184863,0.004205900387024004,0.009190058422781443,1111,0.026581246047052694,0.8180618300321258,True,0.05,360,paired cluster influence sandwich; asymptotic Bonferroni bounds,-0.0003006800170117785,0.010507794815041827,0.0010358026441548152
215,1.0,test,state_UT,mlp_stronger,logistic:C1:E8,logistic,logistic,1.0,8.0,7.995742559457445,0.8628196011359532,0.8525690420769101,0.010250559059043152,0.0039695580069823546,0.009191574918348983,1111,0.02472698016379056,0.8190486579687039,True,0.05,360,paired cluster influence sandwich; asymptotic Bonferroni bounds,-0.0003006800170117785,0.010507794815041827,4.344426101310361e-05
215,1.0,test,state_UT,mlp_stronger,logistic:C5:E2,logistic,logistic,5.0,2.0,1.9948093103901194,0.8628196011359532,0.8453652976389187,0.017454303497034585,0.0046770264128893025,0.009096692864658048,1111,0.03451076261714758,0.8121909350681473,True,0.05,360,paired cluster influence sandwich; asymptotic Bonferroni bounds,-0.0003006800170117785,0.0,0.017754983514046363
215,1.0,test,state_UT,mlp_stronger,logistic:C5:E8,logistic,logistic,5.0,8.0,7.995742559457445,0.8628196011359532,0.8618386754530779,0.0009809256828753332,0.0022430326426561577,0.008692654064286227,1111,0.009160951023144733,0.8301377856988145,True,0.05,360,paired cluster influence sandwich; asymptotic Bonferroni bounds,-0.0003006800170117785,0.0,0.0012816056998871117
216,1.0,validation,source,mlp_base,mlp_base:C1:E2,mlp_base,mlp,1.0,2.0,1.9909995955023065,0.8421003664336392,0.8140445437771252,0.028055822656513962,0.004709828556443417,0.009643622246704087,1159,0.04522962173013702,0.7788802848615348,True,0.05,360,paired cluster influence sandwich; asymptotic Bonferroni bounds,,,
216,1.0,validation,source,mlp_base,mlp_base:C1:E8,mlp_base,mlp,1.0,8.0,7.998197999765249,0.8421003664336392,0.8144988175368382,0.027601548896800998,0.004609637256970532,0.00964118687072911,1159,0.04441001296396856,0.7793434389142695,True,0.05,360,paired cluster influence sandwich; asymptotic Bonferroni bounds,,,
216,1.0,validation,source,mlp_base,mlp_base:C5:E2,mlp_base,mlp,5.0,2.0,1.9909995955023065,0.8421003664336392,0.8280896073182775,0.014010759115361648,0.0031892517348615403,0.00929431692796671,1159,0.025639965536216187,0.794199046433826,True,0.05,360,paired cluster influence sandwich; asymptotic Bonferroni bounds,,,
216,1.0,validation,source,mlp_base,mlp_base:C5:E8,mlp_base,mlp,5.0,8.0,7.998197999765249,0.8421003664336392,0.8402718365861899,0.0018285298474493006,0.0010625843217779002,0.009015801910122032,1159,0.0057031102960369996,0.8073968457799544,True,0.05,360,paired cluster influence sandwich; asymptotic Bonferroni bounds,,,
216,1.0,validation,source,mlp_base,mlp_stronger:C1:E2,mlp_stronger,mlp,1.0,2.0,1.9948093103901194,0.8421003664336392,0.8139249980508847,0.028175368382754473,0.0045096043610480365,0.009697765499357887,1159,0.04461907504214436,0.7785633125557224,True,0.05,360,paired cluster influence sandwich; asymptotic Bonferroni bounds,,,
216,1.0,validation,source,mlp_base,mlp_stronger:C1:E8,mlp_stronger,mlp,1.0,8.0,7.995742559457445,0.8421003664336392,0.8139811325658151,0.02811923386782411,0.004581010693915084,0.009689288800500424,1159,0.04482331476346199,0.7786503562897976,True,0.05,360,paired cluster influence sandwich; asymptotic Bonferroni bounds,,,
216,1.0,validation,source,mlp_base,mlp_stronger:C5:E2,mlp_stronger,mlp,5.0,2.0,1.9948093103901194,0.8421003664336392,0.8308589100548353,0.011241456378803916,0.002829800796297194,0.00947163743637268,1159,0.02155997003839351,0.7963217721779303,True,0.05,360,paired cluster influence sandwich; asymptotic Bonferroni bounds,,,
216,1.0,validation,source,mlp_base,mlp_stronger:C5:E8,mlp_stronger,mlp,5.0,8.0,7.995742559457445,0.8421003664336392,0.8398757763975154,0.0022245900361237414,0.0011848102356576628,0.00911902647838586,1159,0.006544851948782841,0.8066243901506436,True,0.05,360,paired cluster influence sandwich; asymptotic Bonferroni bounds,,,
216,1.0,validation,source,mlp_base,logistic:C1:E2,logistic,logistic,1.0,2.0,1.9948093103901194,0.8421003664336392,0.8214626159723486,0.02063775046129057,0.0037842047687750365,0.00950302829442645,1159,0.0344363784948903,0.7868110152689303,True,0.05,360,paired cluster influence sandwich; asymptotic Bonferroni bounds,,,
216,1.0,validation,source,mlp_base,logistic:C1:E8,logistic,logistic,1.0,8.0,7.995742559457445,0.8421003664336392,0.8222079575872553,0.01989240884638388,0.003773047552595502,0.009488855005916714,1159,0.033650353490643214,0.7876080380026211,True,0.05,360,paired cluster influence sandwich; asymptotic Bonferroni bounds,,,
216,1.0,validation,source,mlp_base,logistic:C5:E2,logistic,logistic,5.0,2.0,1.9948093103901194,0.8421003664336392,0.8211829829257516,0.02091738350788752,0.0039737147986062225,0.00953738527731646,1159,0.03540703609487668,0.7864061037936478,True,0.05,360,paired cluster influence sandwich; asymptotic Bonferroni bounds,,,
216,1.0,validation,source,mlp_base,logistic:C5:E8,logistic,logistic,5.0,8.0,7.995742559457445,0.8421003664336392,0.8368912913537254,0.00520907507991375,0.0016874314236892038,0.009113428029382682,1159,0.011362082110564515,0.8036603191489258,True,0.05,360,paired cluster influence sandwich; asymptotic Bonferroni bounds,,,
216,1.0,validation,state_OR,mlp_base,mlp_base:C1:E2,mlp_base,mlp,1.0,2.0,1.9909995955023065,0.8422601241675576,0.803382841251004,0.03887728291655357,0.00572413583252055,0.010162153285493228,1208,0.05974701988345508,0.7663324510627282,True,0.05,360,paired cluster influence sandwich; asymptotic Bonferroni bounds,,,
216,1.0,validation,state_OR,mlp_base,mlp_base:C1:E8,mlp_base,mlp,1.0,8.0,7.998197999765249,0.8422601241675576,0.8048888932479394,0.03737123091961814,0.00562869284550835,0.010127255440638229,1208,0.057892990463803085,0.7679657377836717,True,0.05,360,paired cluster influence sandwich; asymptotic Bonferroni bounds,,,
216,1.0,validation,state_OR,mlp_base,mlp_base:C5:E2,mlp_base,mlp,5.0,2.0,1.9909995955023065,0.8422601241675576,0.8218314333321347,0.02042869083542287,0.0036272172983249115,0.00970567497072598,1208,0.03365323217278364,0.7864453262145301,True,0.05,360,paired cluster influence sandwich; asymptotic Bonferroni bounds,,,
216,1.0,validation,state_OR,mlp_base,mlp_base:C5:E8,mlp_base,mlp,5.0,8.0,7.998197999765249,0.8422601241675576,0.8393352011865335,0.0029249229810240918,0.0012156096388330365,0.009195918659669098,1208,0.007356937552157094,0.8058076244113668,True,0.05,360,paired cluster influence sandwich; asymptotic Bonferroni bounds,,,
216,1.0,validation,state_OR,mlp_base,mlp_stronger:C1:E2,mlp_stronger,mlp,1.0,2.0,1.9948093103901194,0.8422601241675576,0.8095759624511377,0.03268416171641986,0.005407182659280573,0.009991403097226344,1208,0.052398313010674887,0.7731481136595795,True,0.05,360,paired cluster influence sandwich; asymptotic Bonferroni bounds,,,
216,1.0,validation,state_OR,mlp_base,mlp_stronger:C1:E8,mlp_stronger,mlp,1.0,8.0,7.995742559457445,0.8422601241675576,0.8083815825751312,0.033878541592426425,0.005493291215608939,0.010008459105060168,1208,0.053906637728968906,0.7718915489564458,True,0.05,360,paired cluster influence sandwich; asymptotic Bonferroni bounds,,,
216,1.0,validation,state_OR,mlp_base,mlp_stronger:C5:E2,mlp_stronger,mlp,5.0,2.0,1.9948093103901194,0.8422601241675576,0.8352442321586783,0.00701589200887931,0.0035192063998302253,0.009415010015248053,1208,0.01984663433323689,0.8009178659947837,True,0.05,360,paired cluster influence sandwich; asymptotic Bonferroni bounds,,,
216,1.0,validation,state_OR,mlp_base,mlp_stronger:C5:E8,mlp_stronger,mlp,5.0,8.0,7.995742559457445,0.8422601241675576,0.8426796827918848,-0.0004195586243271876,0.001376021948110452,0.009096720829568201,1208,0.00459730627161,0.8095137732940967,True,0.05,360,paired cluster influence sandwich; asymptotic Bonferroni bounds,,,
216,1.0,validation,state_OR,mlp_base,logistic:C1:E2,logistic,logistic,1.0,2.0,1.9948093103901194,0.8422601241675576,0.8165079427351517,0.025752181432405874,0.004568142469534876,0.009799993230745416,1208,0.04240725995533198,0.7807779588586138,True,0.05,360,paired cluster influence sandwich; asymptotic Bonferroni bounds,,,
216,1.0,validation,state_OR,mlp_base,logistic:C1:E8,logistic,logistic,1.0,8.0,7.995742559457445,0.8422601241675576,0.8176325778008807,0.024627546366676856,0.0045226096694016065,0.009785284214509977,1208,0.041116615977524196,0.7819562218096441,True,0.05,360,paired cluster influence sandwich; asymptotic Bonferroni bounds,,,
216,1.0,validation,state_OR,mlp_base,logistic:C5:E2,logistic,logistic,5.0,2.0,1.9948093103901194,0.8422601241675576,0.8150411221939974,0.027219001973560197,0.00461386246699467,0.009831687340091553,1208,0.04404077191489962,0.7791955841543845,True,0.05,360,paired cluster influence sandwich; asymptotic Bonferroni bounds,,,
216,1.0,validation,state_OR,mlp_base,logistic:C5:E8,logistic,logistic,5.0,8.0,7.995742559457445,0.8422601241675576,0.8348017885184786,0.00745833564907894,0.0020996611689404502,0.009304047331924994,1208,0.015113530703405393,0.8008799833366868,True,0.05,360,paired cluster influence sandwich; asymptotic Bonferroni bounds,,,
216,1.0,validation,state_WA,mlp_base,mlp_base:C1:E2,mlp_base,mlp,1.0,2.0,1.9909995955023065,0.8599692632733076,0.8259381425941837,0.03403112067912384,0.004863294638123214,0.009037822553437854,1182,0.05176345221428684,0.7929848305293035,True,0.05,360,paired cluster influence sandwich; asymptotic Bonferroni bounds,,,
216,1.0,validation,state_WA,mlp_base,mlp_base:C1:E8,mlp_base,mlp,1.0,8.0,7.998197999765249,0.8599692632733076,0.8266187855399819,0.03335047773332567,0.0047884724165701015,0.009009286051262473,1182,0.050809995767045285,0.7937695220173102,True,0.05,360,paired cluster influence sandwich; asymptotic Bonferroni bounds,,,
216,1.0,validation,state_WA,mlp_base,mlp_base:C5:E2,mlp_base,mlp,5.0,2.0,1.9909995955023065,0.8599692632733076,0.8427026965985306,0.017266566674776995,0.0034777252740764205,0.008679838898551888,1182,0.029946895985841923,0.8110546488297606,True,0.05,360,paired cluster influence sandwich; asymptotic Bonferroni bounds,,,
216,1.0,validation,state_WA,mlp_base,mlp_base:C5:E8,mlp_base,mlp,5.0,8.0,7.998197999765249,0.8599692632733076,0.857468439418158,0.002500823855149603,0.00109837900156395,0.008235652685394019,1182,0.006505685179881009,0.8274399639313799,True,0.05,360,paired cluster influence sandwich; asymptotic Bonferroni bounds,,,
216,1.0,validation,state_WA,mlp_base,mlp_stronger:C1:E2,mlp_stronger,mlp,1.0,2.0,1.9948093103901194,0.8599692632733076,0.831769291813087,0.028199971460220574,0.00485874097284538,0.008920306239185691,1182,0.04591569962083708,0.7992444625772697,True,0.05,360,paired cluster influence sandwich; asymptotic Bonferroni bounds,,,
216,1.0,validation,state_WA,mlp_base,mlp_stronger:C1:E8,mlp_stronger,mlp,1.0,8.0,7.995742559457445,0.8599692632733076,0.8298803279816115,0.030088935291696095,0.004949302086003515,0.00895272920166326,1182,0.04813486340979105,0.797237279562548,True,0.05,360,paired cluster influence sandwich; asymptotic Bonferroni bounds,,,
216,1.0,validation,state_WA,mlp_base,mlp_stronger:C5:E2,mlp_stronger,mlp,5.0,2.0,1.9948093103901194,0.8599692632733076,0.8461962530759826,0.01377301019732502,0.0035164297103583556,0.008531080775657503,1182,0.02659446192582541,0.8150906006482298,True,0.05,360,paired cluster influence sandwich; asymptotic Bonferroni bounds,,,
216,1.0,validation,state_WA,mlp_base,mlp_stronger:C5:E8,mlp_stronger,mlp,5.0,8.0,7.995742559457445,0.8599692632733076,0.8601099089498901,-0.00014064567658256255,0.001316903018817543,0.008165218981679092,1182,0.004660988332238525,0.8303382457433577,True,0.05,360,paired cluster influence sandwich; asymptotic Bonferroni bounds,,,
216,1.0,validation,state_WA,mlp_base,logistic:C1:E2,logistic,logistic,1.0,2.0,1.9948093103901194,0.8599692632733076,0.8361252013440388,0.0238440619292688,0.003994919328369909,0.00886165164840414,1182,0.038410161509495624,0.8038142359036914,True,0.05,360,paired cluster influence sandwich; asymptotic Bonferroni bounds,,,
216,1.0,validation,state_WA,mlp_base,logistic:C1:E8,logistic,logistic,1.0,8.0,7.995742559457445,0.8599692632733076,0.8375203653913081,0.02244889788199944,0.003955820313789607,0.008822063959307845,1182,0.036872436350711205,0.8053537428460558,True,0.05,360,paired cluster influence sandwich; asymptotic Bonferroni bounds,,,
216,1.0,validation,state_WA,mlp_base,logistic:C5:E2,logistic,logistic,5.0,2.0,1.9948093103901194,0.8599692632733076,0.8331675356926902,0.026801727580617385,0.004426378105469879,0.009011201936536081,1182,0.04294099322389096,0.8003112865531923,True,0.05,360,paired cluster influence sandwich; asymptotic Bonferroni bounds,,,
216,1.0,validation,state_WA,mlp_base,logistic:C5:E8,logistic,logistic,5.0,8.0,7.995742559457445,0.8599692632733076,0.8534020341265955,0.006567229146712039,0.0019336558086572204,0.008414935065209826,1182,0.013617640118159094,0.8227198670924483,True,0.05,360,paired cluster influence sandwich; asymptotic Bonferroni bounds,,,
216,1.0,validation,proxy_0.5,mlp_base,mlp_base:C1:E2,mlp_base,mlp,1.0,2.0,1.9909995955023065,0.839376283167442,0.8103776085657111,0.02899867460173089,0.004683398151186668,0.009751341900684352,1159,0.04607609851777144,0.7748205634432415,True,0.05,360,paired cluster influence sandwich; asymptotic Bonferroni bounds,,,
216,1.0,validation,proxy_0.5,mlp_base,mlp_base:C1:E8,mlp_base,mlp,1.0,8.0,7.998197999765249,0.839376283167442,0.8110699342498505,0.02830634891759143,0.004583983838749723,0.009743986579235076,1159,0.04502127101294495,0.775539709384462,True,0.05,360,paired cluster influence sandwich; asymptotic Bonferroni bounds,,,
216,1.0,validation,proxy_0.5,mlp_base,mlp_base:C5:E2,mlp_base,mlp,5.0,2.0,1.9909995955023065,0.839376283167442,0.82498505678422,0.014391226383221989,0.0031181855651218147,0.009378386776202017,1159,0.025761298930005394,0.7907879457431247,True,0.05,360,paired cluster influence sandwich; asymptotic Bonferroni bounds,,,
216,1.0,validation,proxy_0.5,mlp_base,mlp_base:C5:E8,mlp_base,mlp,5.0,8.0,7.998197999765249,0.839376283167442,0.8371880766132176,0.002188206554224359,0.0010322087431467262,0.009123712977563366,1159,0.005952026265365862,0.8039196016349262,True,0.05,360,paired cluster influence sandwich; asymptotic Bonferroni bounds,,,
216,1.0,validation,proxy_0.5,mlp_base,mlp_stronger:C1:E2,mlp_stronger,mlp,1.0,2.0,1.9948093103901194,0.839376283167442,0.8111634917747343,0.028212791392707603,0.004517899741369329,0.009784973787684694,1159,0.0446867461159431,0.7754838121947916,True,0.05,360,paired cluster influence sandwich; asymptotic Bonferroni bounds,,,
216,1.0,validation,proxy_0.5,mlp_base,mlp_stronger:C1:E8,mlp_stronger,mlp,1.0,8.0,7.995742559457445,0.839376283167442,0.8110803295303932,0.028295953637048732,0.0045707108502432954,0.00977606955331391,1159,0.04496247744465481,0.7754331181242186,True,0.05,360,paired cluster influence sandwich; asymptotic Bonferroni bounds,,,
216,1.0,validation,proxy_0.5,mlp_base,mlp_stronger:C5:E2,mlp_stronger,mlp,5.0,2.0,1.9948093103901194,0.839376283167442,0.8304165908677461,0.008959692299695843,0.0027138481810813535,0.00945289789655968,1159,0.01885539929192731,0.7959477843722542,True,0.05,360,paired cluster influence sandwich; asymptotic Bonferroni bounds,,,
216,1.0,validation,proxy_0.5,mlp_base,mlp_stronger:C5:E8,mlp_stronger,mlp,5.0,8.0,7.995742559457445,0.839376283167442,0.8381537981756283,0.0012224849918136549,0.0011162732571329214,0.009185874276164898,1159,0.005292835408928646,0.8046586598189263,True,0.05,360,paired cluster influence sandwich; asymptotic Bonferroni bounds,,,
216,1.0,validation,proxy_0.5,mlp_base,logistic:C1:E2,logistic,logistic,1.0,2.0,1.9948093103901194,0.839376283167442,0.8191990436341899,0.02017723953325201,0.003726103061846639,0.009589083532316703,1159,0.033764006980279496,0.78423365329978,True,0.05,360,paired cluster influence sandwich; asymptotic Bonferroni bounds,,,
216,1.0,validation,proxy_0.5,mlp_base,logistic:C1:E8,logistic,logistic,1.0,8.0,7.995742559457445,0.839376283167442,0.8196897008758025,0.019686582291639443,0.0037143362600979162,0.009578079605781773,1159,0.03323044357200927,0.7847644349792711,True,0.05,360,paired cluster influence sandwich; asymptotic Bonferroni bounds,,,
216,1.0,validation,proxy_0.5,mlp_base,logistic:C5:E2,logistic,logistic,5.0,2.0,1.9948093103901194,0.839376283167442,0.8217947451856856,0.017581537981756323,0.003725037714646059,0.009593417374262688,1159,0.031164420773844216,0.7868135520402167,True,0.05,360,paired cluster influence sandwich; asymptotic Bonferroni bounds,,,
216,1.0,validation,proxy_0.5,mlp_base,logistic:C5:E8,logistic,logistic,5.0,8.0,7.995742559457445,0.839376283167442,0.8347399880454274,0.004636295122014578,0.001601585001320164,0.009215391001351266,1159,0.010476273941279961,0.8011372206526389,True,0.05,360,paired cluster influence sandwich; asymptotic Bonferroni bounds,,,
216,1.0,validation,proxy_0.75,mlp_base,mlp_base:C1:E2,mlp_base,mlp,1.0,2.0,1.9909995955023065,0.8406637386626471,0.8118703708516334,0.028793367811013715,0.004693786424234834,0.00971071613753171,1159,0.04590867126171526,0.7764614624787789,True,0.05,360,paired cluster influence sandwich; asymptotic Bonferroni bounds,,,
216,1.0,validation,proxy_0.75,mlp_base,mlp_base:C1:E8,mlp_base,mlp,1.0,8.0,7.998197999765249,0.8406637386626471,0.812512279425141,0.02815145923750606,0.004598196248062293,0.009700397929873289,1159,0.044918205100744346,0.7771409951022922,True,0.05,360,paired cluster influence sandwich; asymptotic Bonferroni bounds,,,
216,1.0,validation,proxy_0.75,mlp_base,mlp_base:C5:E2,mlp_base,mlp,5.0,2.0,1.9909995955023065,0.8406637386626471,0.8256248863016191,0.015038852361027977,0.0031797054090249707,0.009392530766432353,1159,0.02663324930212252,0.7913762009742406,True,0.05,360,paired cluster influence sandwich; asymptotic Bonferroni bounds,,,
216,1.0,validation,proxy_0.75,mlp_base,mlp_base:C5:E8,mlp_base,mlp,5.0,8.0,7.998197999765249,0.8406637386626471,0.8383372748772058,0.002326463785441324,0.0010629705646877517,0.00910225609029956,1159,0.006202452620353049,0.8051470397469678,True,0.05,360,paired cluster influence sandwich; asymptotic Bonferroni bounds,,,
216,1.0,validation,proxy_0.75,mlp_base,mlp_stronger:C1:E2,mlp_stronger,mlp,1.0,2.0,1.9948093103901194,0.8406637386626471,0.8127201850359936,0.02794355362665346,0.004517886975518155,0.00972781754914005,1159,0.04441746180081388,0.7772489185107526,True,0.05,360,paired cluster influence sandwich; asymptotic Bonferroni bounds,,,
216,1.0,validation,proxy_0.75,mlp_base,mlp_stronger:C1:E8,mlp_stronger,mlp,1.0,8.0,7.995742559457445,0.8406637386626471,0.812654694768575,0.028009043894072105,0.004576251919195554,0.009721396605052392,1159,0.044695772514592016,0.7772068414105656,True,0.05,360,paired cluster influence sandwich; asymptotic Bonferroni bounds,,,
216,1.0,validation,proxy_0.75,mlp_base,mlp_stronger:C5:E2,mlp_stronger,mlp,5.0,2.0,1.9948093103901194,0.8406637386626471,0.8312778398607034,0.009385898801943737,0.0027219613186849835,0.009448196285714146,1159,0.019311189332809703,0.796826177199433,True,0.05,360,paired cluster influence sandwich; asymptotic Bonferroni bounds,,,
216,1.0,validation,proxy_0.75,mlp_base,mlp_stronger:C5:E8,mlp_stronger,mlp,5.0,8.0,7.995742559457445,0.8406637386626471,0.8391595415681281,0.0015041970945189886,0.0011352715112905015,0.009154541404743513,1159,0.005643822262453845,0.8057786545969577,True,0.05,360,paired cluster influence sandwich; asymptotic Bonferroni bounds,,,
216,1.0,validation,proxy_0.75,mlp_base,logistic:C1:E2,logistic,logistic,1.0,2.0,1.9948093103901194,0.8406637386626471,0.8207598950076666,0.019903843654980546,0.0037367219742196985,0.009537520240103972,1159,0.03352933163403798,0.7859825237506866,True,0.05,360,paired cluster influence sandwich; asymptotic Bonferroni bounds,,,
216,1.0,validation,proxy_0.75,mlp_base,logistic:C1:E8,logistic,logistic,1.0,8.0,7.995742559457445,0.8406637386626471,0.8212557498895502,0.019407988773096907,0.0037280214297532137,0.009525678002394993,1159,0.03300175130807334,0.7865215598669949,True,0.05,360,paired cluster influence sandwich; asymptotic Bonferroni bounds,,,
216,1.0,validation,proxy_0.75,mlp_base,logistic:C5:E2,logistic,logistic,5.0,2.0,1.9948093103901194,0.8406637386626471,0.822104004781829,0.018559733880818108,0.003814381145282444,0.009539802347389966,1159,0.032468396286305795,0.7873183121068771,True,0.05,360,paired cluster influence sandwich; asymptotic Bonferroni bounds,,,
216,1.0,validation,proxy_0.75,mlp_base,logistic:C5:E8,logistic,logistic,5.0,8.0,7.995742559457445,0.8406637386626471,0.8360388783492294,0.004624860313417689,0.0016227242143747626,0.009169268173634256,1159,0.010541920621578781,0.8026042920624891,True,0.05,360,paired cluster influence sandwich; asymptotic Bonferroni bounds,,,
216,1.0,test,source,mlp_base,mlp_base:C1:E2,mlp_base,mlp,1.0,2.0,1.9909995955023065,0.8609650512089537,0.8333639531200507,0.027601098088902987,0.0044288408637351735,0.009395356961521086,1163,0.04375013977433217,0.7991053252105509,True,0.05,360,paired cluster influence sandwich; asymptotic Bonferroni bounds,1.1102230246251565e-16,0.02723788406715233,0.0003632140217505464
216,1.0,test,source,mlp_base,mlp_base:C1:E8,mlp_base,mlp,1.0,8.0,7.998197999765249,0.8609650512089537,0.8336015204307887,0.027363530778165,0.004332040263848845,0.00937593162062072,1163,0.04315960495565341,0.799413723840274,True,0.05,360,paired cluster influence sandwich; asymptotic Bonferroni bounds,1.1102230246251565e-16,0.02723788406715233,0.00012564671101256142
216,1.0,test,source,mlp_base,mlp_base:C5:E2,mlp_base,mlp,5.0,2.0,1.9909995955023065,0.8609650512089537,0.8499788829057122,0.010986168303241506,0.002968040645041767,0.009127765309974924,1163,0.02180864162652181,0.8166959840568062,True,0.05,360,paired cluster influence sandwich; asymptotic Bonferroni bounds,1.1102230246251565e-16,9.080350543755333e-05,0.010895364797803841
216,1.0,test,source,mlp_base,mlp_base:C5:E8,mlp_base,mlp,5.0,8.0,7.998197999765249,0.8609650512089537,0.8591078027663394,0.0018572484426143676,0.0010115569598415902,0.008745927607935114,1163,0.005545724956961455,0.8272172124597883,True,0.05,360,paired cluster influence sandwich; asymptotic Bonferroni bounds,1.1102230246251565e-16,9.080350543755333e-05,0.0017664449371767033
216,1.0,test,source,mlp_base,mlp_stronger:C1:E2,mlp_stronger,mlp,1.0,2.0,1.9948093103901194,0.8609650512089537,0.8384331116038434,0.02253193960511035,0.004204323185531402,0.009234517496887763,1163,0.037862314407717604,0.8047609584174011,True,0.05,360,paired cluster influence sandwich; asymptotic Bonferroni bounds,-0.00046246436490338105,0.024866434378629565,-0.0018720304086158324
216,1.0,test,source,mlp_base,mlp_stronger:C1:E8,mlp_stronger,mlp,1.0,8.0,7.995742559457445,0.8609650512089537,0.8372927885123007,0.023672262696653013,0.004258972521394128,0.009282418251503277,1163,0.039201907337595314,0.8034459730819781,True,0.05,360,paired cluster influence sandwich; asymptotic Bonferroni bounds,-0.00046246436490338105,0.024866434378629565,-0.0007317073170731714
216,1.0,test,source,mlp_base,mlp_stronger:C5:E2,mlp_stronger,mlp,5.0,2.0,1.9948093103901194,0.8609650512089537,0.8569760320979831,0.003989019110970604,0.002605712283435375,0.008844060980974738,1163,0.013490321501398722,0.824727614544821,True,0.05,360,paired cluster influence sandwich; asymptotic Bonferroni bounds,-0.00046246436490338105,-0.00010980889029654772,0.004561292366170533
216,1.0,test,source,mlp_base,mlp_stronger:C5:E8,mlp_stronger,mlp,5.0,8.0,7.995742559457445,0.8609650512089537,0.8626924295216978,-0.0017273783127440545,0.0010463013902368362,0.008574277116607434,1163,0.002087788067428582,0.8314277345735628,True,0.05,360,paired cluster influence sandwich; asymptotic Bonferroni bounds,-0.00046246436490338105,-0.00010980889029654772,-0.0011551050575441257
216,1.0,test,source,mlp_base,logistic:C1:E2,logistic,logistic,1.0,2.0,1.9948093103901194,0.8609650512089537,0.8448062506599092,0.016158800549044505,0.003551075542092818,0.009135264820213445,1163,0.029107214981122426,0.8114960060771671,True,0.05,360,paired cluster influence sandwich; asymptotic Bonferroni bounds,0.00290782388343358,0.013684932953225926,-0.0004339562876150005
216,1.0,test,source,mlp_base,logistic:C1:E8,logistic,logistic,1.0,8.0,7.995742559457445,0.8609650512089537,0.8446246436490338,0.016340407559919945,0.0034950038616417254,0.0091116379238596,1163,0.029084365807448238,0.8114005506679984,True,0.05,360,paired cluster influence sandwich; asymptotic Bonferroni bounds,0.00290782388343358,0.013684932953225926,-0.00025234927673956076
216,1.0,test,source,mlp_base,logistic:C5:E2,logistic,logistic,5.0,2.0,1.9948093103901194,0.8609650512089537,0.8475060711646076,0.013458980044346092,0.0037178033515157145,0.009201178759953028,1163,0.02701534008281003,0.8139554822133827,True,0.05,360,paired cluster influence sandwich; asymptotic Bonferroni bounds,0.00290782388343358,0.0,0.010551156160912512
216,1.0,test,source,mlp_base,logistic:C5:E8,logistic,logistic,5.0,8.0,7.995742559457445,0.8609650512089537,0.858232499208109,0.002732552000844768,0.0016228549222913695,0.008775861054348287,1163,0.008650026255583393,0.8262327614996106,True,0.05,360,paired cluster influence sandwich; asymptotic Bonferroni bounds,0.00290782388343358,0.0,-0.0001752718825888122
216,1.0,test,state_CO,mlp_base,mlp_base:C1:E2,mlp_base,mlp,1.0,2.0,1.9909995955023065,0.8335846535896766,0.803836811001262,0.029747842588414564,0.004984902614708435,0.009556097978572818,1201,0.04792270781705613,0.7689954497357895,True,0.05,360,paired cluster influence sandwich; asymptotic Bonferroni bounds,1.1102230246251565e-16,0.027583396814711114,0.0021644457737033385
216,1.0,test,state_CO,mlp_base,mlp_base:C1:E8,mlp_base,mlp,1.0,8.0,7.998197999765249,0.8335846535896766,0.8053791219040453,0.028205531685631335,0.004906491551030255,0.009509063268626276,1201,0.04609451158712921,0.7707092483446363,True,0.05,360,paired cluster influence sandwich; asymptotic Bonferroni bounds,1.1102230246251565e-16,0.027583396814711114,0.0006221348709201102
216,1.0,test,state_CO,mlp_base,mlp_base:C5:E2,mlp_base,mlp,5.0,2.0,1.9909995955023065,0.8335846535896766,0.807945819034826,0.02563883455485061,0.003952571226003681,0.009586259474683122,1201,0.04004983811733951,0.7729944894972991,True,0.05,360,paired cluster influence sandwich; asymptotic Bonferroni bounds,1.1102230246251565e-16,-4.8978792183018705e-05,0.025687813347033517
216,1.0,test,state_CO,mlp_base,mlp_base:C5:E8,mlp_base,mlp,5.0,8.0,7.998197999765249,0.8335846535896766,0.8288576790930378,0.004726974496638836,0.0013242635737161623,0.009021369405403951,1201,0.009555215655949478,0.7959659285827628,True,0.05,360,paired cluster influence sandwich; asymptotic Bonferroni bounds,1.1102230246251565e-16,-4.8978792183018705e-05,0.004775953288821744
216,1.0,test,state_CO,mlp_base,mlp_stronger:C1:E2,mlp_stronger,mlp,1.0,2.0,1.9948093103901194,0.8335846535896766,0.8095548244631351,0.024029829126541502,0.004946520166681222,0.00942522685085702,1201,0.04206475264037773,0.7751906169742553,True,0.05,360,paired cluster influence sandwich; asymptotic Bonferroni bounds,-5.939981179625686e-05,0.02557318213128612,-0.0014839531929483618
216,1.0,test,state_CO,mlp_base,mlp_stronger:C1:E8,mlp_stronger,mlp,1.0,8.0,7.995742559457445,0.8335846535896766,0.8086930061411067,0.024891647448569865,0.004937644709790215,0.00944268215569251,1201,0.04289421120629758,0.7742651569249094,True,0.05,360,paired cluster influence sandwich; asymptotic Bonferroni bounds,-5.939981179625686e-05,0.02557318213128612,-0.0006221348709199992
216,1.0,test,state_CO,mlp_base,mlp_stronger:C5:E2,mlp_stronger,mlp,5.0,2.0,1.9948093103901194,0.8335846535896766,0.8209825145711906,0.012602139018485947,0.0040191615791096615,0.009272788155005606,1201,0.027255929810088977,0.7871740958242122,True,0.05,360,paired cluster influence sandwich; asymptotic Bonferroni bounds,-5.939981179625686e-05,-0.00013859956085826575,0.01280013839114047
216,1.0,test,state_CO,mlp_base,mlp_stronger:C5:E8,mlp_stronger,mlp,5.0,8.0,7.995742559457445,0.8335846535896766,0.832565477871486,0.0010191757181905459,0.0019444809759195385,0.008905426851197875,1201,0.008108718364965423,0.8000964518274308,True,0.05,360,paired cluster influence sandwich; asymptotic Bonferroni bounds,-5.939981179625686e-05,-0.00013859956085826575,0.0012171750908450685
216,1.0,test,state_CO,mlp_base,logistic:C1:E2,logistic,logistic,1.0,2.0,1.9948093103901194,0.8335846535896766,0.8160023092979463,0.017582344291730334,0.004157970770732582,0.009277961853679698,1201,0.032742230898083965,0.782175027338704,True,0.05,360,paired cluster influence sandwich; asymptotic Bonferroni bounds,0.0009806179456212094,0.014510227709699342,0.002091498636409783
216,1.0,test,state_CO,mlp_base,logistic:C1:E8,logistic,logistic,1.0,8.0,7.995742559457445,0.8335846535896766,0.817779093142031,0.015805560447645584,0.004081967113633948,0.009261562099241663,1201,0.030688339087922657,0.7840116043923522,True,0.05,360,paired cluster influence sandwich; asymptotic Bonferroni bounds,0.0009806179456212094,0.014510227709699342,0.00031471479232503263
216,1.0,test,state_CO,mlp_base,logistic:C5:E2,logistic,logistic,5.0,2.0,1.9948093103901194,0.8335846535896766,0.8086096379841997,0.02497501560547688,0.004611397111459581,0.009345552119367072,1201,0.04178808649059928,0.7745359231325653,True,0.05,360,paired cluster influence sandwich; asymptotic Bonferroni bounds,0.0009806179456212094,0.0,0.02399439765985567
216,1.0,test,state_CO,mlp_base,logistic:C5:E8,logistic,logistic,5.0,8.0,7.995742559457445,0.8335846535896766,0.8292703514697285,0.004314302119948099,0.00208110180938347,0.008935176570756535,1201,0.011901961867005963,0.7966928584835161,True,0.05,360,paired cluster influence sandwich; asymptotic Bonferroni bounds,0.0009806179456212094,0.0,0.0033336841743268897
216,1.0,test,state_UT,mlp_base,mlp_base:C1:E2,mlp_base,mlp,1.0,2.0,1.9909995955023065,0.8840045156279792,0.8678440550432264,0.016160460584752845,0.004575287694046843,0.008418937223596113,1118,0.03284555726593472,0.8371419897476874,True,0.05,360,paired cluster influence sandwich; asymptotic Bonferroni bounds,1.1102230246251565e-16,0.013949151517688052,0.0022113090670646818
216,1.0,test,state_UT,mlp_base,mlp_base:C1:E8,mlp_base,mlp,1.0,8.0,7.998197999765249,0.8840045156279792,0.8694798656937838,0.014524649934195444,0.004483156730108735,0.008332927627057903,1118,0.03087376467425524,0.8390914590203281,True,0.05,360,paired cluster influence sandwich; asymptotic Bonferroni bounds,1.1102230246251565e-16,0.013949151517688052,0.0005754984165072807
216,1.0,test,state_UT,mlp_base,mlp_base:C5:E2,mlp_base,mlp,5.0,2.0,1.9909995955023065,0.8840045156279792,0.8635981556147719,0.02040636001320728,0.003052806978187007,0.008473877124894605,1118,0.03153929481123387,0.832695736237453,True,0.05,360,paired cluster influence sandwich; asymptotic Bonferroni bounds,1.1102230246251565e-16,-1.62767228911731e-05,0.020422636736098343
216,1.0,test,state_UT,mlp_base,mlp_base:C5:E8,mlp_base,mlp,5.0,8.0,7.998197999765249,0.8840045156279792,0.8798946430979718,0.004109872530007386,0.0010062133257620265,0.007912523367988682,1118,0.007779317545252601,0.8510393609353262,True,0.05,360,paired cluster influence sandwich; asymptotic Bonferroni bounds,1.1102230246251565e-16,-1.62767228911731e-05,0.004126149252898448
216,1.0,test,state_UT,mlp_base,mlp_stronger:C1:E2,mlp_stronger,mlp,1.0,2.0,1.9948093103901194,0.8840045156279792,0.8722887630155652,0.011715752612413977,0.0044480742298504275,0.008124073399210181,1118,0.027936928969628672,0.8426620030880502,True,0.05,360,paired cluster influence sandwich; asymptotic Bonferroni bounds,-0.00012672591393803057,0.011815738195888215,2.674033046379254e-05
216,1.0,test,state_UT,mlp_base,mlp_stronger:C1:E8,mlp_stronger,mlp,1.0,8.0,7.995742559457445,0.8840045156279792,0.87259918337356,0.011405332254419198,0.0044255798593925925,0.008153091184536084,1118,0.02754447644863797,0.8428666017827938,True,0.05,360,paired cluster influence sandwich; asymptotic Bonferroni bounds,-0.00012672591393803057,0.011815738195888215,-0.00028368002753098587
216,1.0,test,state_UT,mlp_base,mlp_stronger:C5:E2,mlp_stronger,mlp,5.0,2.0,1.9948093103901194,0.8840045156279792,0.8747291088261693,0.009275406801809938,0.0028782219957755794,0.007978239800710676,1118,0.019771667470162155,0.8456341728741159,True,0.05,360,paired cluster influence sandwich; asymptotic Bonferroni bounds,-0.00012672591393803057,-0.00010696132185583629,0.009509094037603805
216,1.0,test,state_UT,mlp_base,mlp_stronger:C5:E8,mlp_stronger,mlp,5.0,8.0,7.995742559457445,0.8840045156279792,0.8834173909808353,0.000587124647143944,0.0012280887187335386,0.007680752198976485,1118,0.005065701815482351,0.8554073287522084,True,0.05,360,paired cluster influence sandwich; asymptotic Bonferroni bounds,-0.00012672591393803057,-0.00010696132185583629,0.0008208118829378108
216,1.0,test,state_UT,mlp_base,logistic:C1:E2,logistic,logistic,1.0,2.0,1.9948093103901194,0.8840045156279792,0.8746151717659314,0.009389343862047816,0.0037010486063095384,0.008120015171752667,1118,0.022886277376934203,0.845003211326888,True,0.05,360,paired cluster influence sandwich; asymptotic Bonferroni bounds,-0.0005092289018792107,0.006976901004971281,0.002921671758955746
216,1.0,test,state_UT,mlp_base,logistic:C1:E8,logistic,logistic,1.0,8.0,7.995742559457445,0.8840045156279792,0.876763699187559,0.007240816440420184,0.0035961274205757983,0.008052015766300387,1118,0.020355124808007195,0.8473997180516993,True,0.05,360,paired cluster influence sandwich; asymptotic Bonferroni bounds,-0.0005092289018792107,0.006976901004971281,0.0007731443373281133
216,1.0,test,state_UT,mlp_base,logistic:C5:E2,logistic,logistic,5.0,2.0,1.9948093103901194,0.8840045156279792,0.858663402021104,0.025341113606875187,0.004096370715783653,0.008707400887218402,1118,0.040279702391957314,0.8269093713764115,True,0.05,360,paired cluster influence sandwich; asymptotic Bonferroni bounds,-0.0005092289018792107,0.0,0.025850342508754398
216,1.0,test,state_UT,mlp_base,logistic:C5:E8,logistic,logistic,5.0,8.0,7.995742559457445,0.8840045156279792,0.8802957480549315,0.003708767573047722,0.0017325717602869476,0.007884097677447832,1118,0.010027086607955,0.8515441283123607,True,0.05,360,paired cluster influence sandwich; asymptotic Bonferroni bounds,-0.0005092289018792107,0.0,0.004217996474926933
217,1.0,validation,source,mlp_stronger,mlp_base:C1:E2,mlp_base,mlp,1.0,2.0,1.9909995955023065,0.8630602300623734,0.8289715001944205,0.03408872986795297,0.0042938429850898205,0.009325750996265479,1150,0.04974606701220931,0.7949654995141561,True,0.05,360,paired cluster influence sandwich; asymptotic Bonferroni bounds,,,
217,1.0,validation,source,mlp_stronger,mlp_base:C1:E8,mlp_base,mlp,1.0,8.0,7.998197999765249,0.8630602300623734,0.8290181187098115,0.034042111352561966,0.004234894033105034,0.00932417576185167,1150,0.0494844933578597,0.7950178620626623,True,0.05,360,paired cluster influence sandwich; asymptotic Bonferroni bounds,,,
217,1.0,validation,source,mlp_stronger,mlp_base:C5:E2,mlp_base,mlp,5.0,2.0,1.9909995955023065,0.8630602300623734,0.8513399114883913,0.011720318573982147,0.002882307869199624,0.008888569191778977,1150,0.022230545943336587,0.8189280778351814,True,0.05,360,paired cluster influence sandwich; asymptotic Bonferroni bounds,,,
217,1.0,validation,source,mlp_stronger,mlp_base:C5:E8,mlp_base,mlp,5.0,8.0,7.998197999765249,0.8630602300623734,0.8613300474343394,0.0017301826280340382,0.0010945698937816284,0.008509696940543474,1150,0.005721490627512109,0.8302997572126888,True,0.05,360,paired cluster influence sandwich; asymptotic Bonferroni bounds,,,
217,1.0,validation,source,mlp_stronger,mlp_stronger:C1:E2,mlp_stronger,mlp,1.0,2.0,1.9948093103901194,0.8630602300623734,0.827426732116237,0.03563349794613646,0.004309724685104005,0.009398109442704217,1150,0.05134874711288861,0.7931568790792236,True,0.05,360,paired cluster influence sandwich; asymptotic Bonferroni bounds,,,
217,1.0,validation,source,mlp_stronger,mlp_stronger:C1:E8,mlp_stronger,mlp,1.0,8.0,7.995742559457445,0.8630602300623734,0.8281683903156392,0.034891839746734266,0.004262711134436667,0.00936964154968024,1150,0.050435655767071146,0.7940023443811237,True,0.05,360,paired cluster influence sandwich; asymptotic Bonferroni bounds,,,
217,1.0,validation,source,mlp_stronger,mlp_stronger:C5:E2,mlp_stronger,mlp,5.0,2.0,1.9948093103901194,0.8630602300623734,0.8532459730608551,0.009814257001518278,0.0029362947277427848,0.008833933102015874,1150,0.020521345422500545,0.8210333678565278,True,0.05,360,paired cluster influence sandwich; asymptotic Bonferroni bounds,,,
217,1.0,validation,source,mlp_stronger,mlp_stronger:C5:E8,mlp_stronger,mlp,5.0,8.0,7.995742559457445,0.8630602300623734,0.862102431473431,0.0009577985889424045,0.0008870493610411118,0.008506651693347791,1150,0.004192390761419646,0.8310832456312829,True,0.05,360,paired cluster influence sandwich; asymptotic Bonferroni bounds,,,
217,1.0,validation,source,mlp_stronger,logistic:C1:E2,logistic,logistic,1.0,2.0,1.9948093103901194,0.8630602300623734,0.831448638580424,0.031611591481949475,0.004019170852889272,0.00933422713253974,1150,0.04626734701436544,0.7974117299876468,True,0.05,360,paired cluster influence sandwich; asymptotic Bonferroni bounds,,,
217,1.0,validation,source,mlp_stronger,logistic:C1:E8,logistic,logistic,1.0,8.0,7.995742559457445,0.8630602300623734,0.8340857632351555,0.028974466827217937,0.0037702479035821293,0.009250655368907094,1150,0.04272253417593031,0.8003535959390397,True,0.05,360,paired cluster influence sandwich; asymptotic Bonferroni bounds,,,
217,1.0,validation,source,mlp_stronger,logistic:C5:E2,logistic,logistic,5.0,2.0,1.9948093103901194,0.8630602300623734,0.8325643044146674,0.03049592564770598,0.004540049376208576,0.009453678107009764,1150,0.04705104514828114,0.7980918223307353,True,0.05,360,paired cluster influence sandwich; asymptotic Bonferroni bounds,,,
217,1.0,validation,source,mlp_stronger,logistic:C5:E8,logistic,logistic,5.0,8.0,7.995742559457445,0.8630602300623734,0.8527649547429572,0.010295275319416208,0.00215452795677047,0.00878978310564232,1150,0.01815168057760133,0.8207133408418841,True,0.05,360,paired cluster influence sandwich; asymptotic Bonferroni bounds,,,
217,1.0,validation,state_OR,mlp_stronger,mlp_base:C1:E2,mlp_base,mlp,1.0,2.0,1.9909995955023065,0.8420681631147309,0.8039036295014047,0.03816453361332617,0.005479561879024554,0.010060400104195432,1212,0.05814237896117683,0.7672245807277288,True,0.05,360,paired cluster influence sandwich; asymptotic Bonferroni bounds,,,
217,1.0,validation,state_OR,mlp_stronger,mlp_base:C1:E8,mlp_base,mlp,1.0,8.0,7.998197999765249,0.8420681631147309,0.8060501149294816,0.03601804818524923,0.005370693843618045,0.010021609371565217,1212,0.055598973337162114,0.7695124926556839,True,0.05,360,paired cluster influence sandwich; asymptotic Bonferroni bounds,,,
217,1.0,validation,state_OR,mlp_stronger,mlp_base:C5:E2,mlp_base,mlp,5.0,2.0,1.9909995955023065,0.8420681631147309,0.8307818042509719,0.01128635886375895,0.0036796776943257606,0.009486126360239265,1212,0.024702035797452414,0.796196490760769,True,0.05,360,paired cluster influence sandwich; asymptotic Bonferroni bounds,,,
217,1.0,validation,state_OR,mlp_stronger,mlp_base:C5:E8,mlp_base,mlp,5.0,8.0,7.998197999765249,0.8420681631147309,0.8406583614745027,0.001409801640228192,0.0014166744981768404,0.009227370020268518,1212,0.006574832103915384,0.8070164435069418,True,0.05,360,paired cluster influence sandwich; asymptotic Bonferroni bounds,,,
217,1.0,validation,state_OR,mlp_stronger,mlp_stronger:C1:E2,mlp_stronger,mlp,1.0,2.0,1.9948093103901194,0.8420681631147309,0.8049206844689123,0.03714747864581858,0.005380288149103387,0.010091717378746621,1212,0.05676338351973076,0.7681274565543648,True,0.05,360,paired cluster influence sandwich; asymptotic Bonferroni bounds,,,
217,1.0,validation,state_OR,mlp_stronger,mlp_stronger:C1:E8,mlp_stronger,mlp,1.0,8.0,7.995742559457445,0.8420681631147309,0.8047878770680214,0.03728028604670952,0.005371112682369462,0.01010293306228476,1212,0.05686273823599989,0.7679537580756574,True,0.05,360,paired cluster influence sandwich; asymptotic Bonferroni bounds,,,
217,1.0,validation,state_OR,mlp_stronger,mlp_stronger:C5:E2,mlp_stronger,mlp,5.0,2.0,1.9948093103901194,0.8420681631147309,0.8272209767587049,0.014847186356025999,0.0032512513108334806,0.009665022022806715,1212,0.02670087052071521,0.791983430488021,True,0.05,360,paired cluster influence sandwich; asymptotic Bonferroni bounds,,,
217,1.0,validation,state_OR,mlp_stronger,mlp_stronger:C5:E8,mlp_stronger,mlp,5.0,8.0,7.995742559457445,0.8420681631147309,0.8406231731887965,0.0014449899259343368,0.0009680061668671354,0.009287094076596107,1212,0.00497422783297663,0.8067635082576643,True,0.05,360,paired cluster influence sandwich; asymptotic Bonferroni bounds,,,
217,1.0,validation,state_OR,mlp_stronger,logistic:C1:E2,logistic,logistic,1.0,2.0,1.9948093103901194,0.8420681631147309,0.8104089219330856,0.031659241181645315,0.005319056117798673,0.010035655857628892,1212,0.051051901190594294,0.7738200878046804,True,0.05,360,paired cluster influence sandwich; asymptotic Bonferroni bounds,,,
217,1.0,validation,state_OR,mlp_stronger,logistic:C1:E8,logistic,logistic,1.0,8.0,7.995742559457445,0.8420681631147309,0.8125315701353614,0.029536592979369503,0.005012481174060307,0.009961864642915054,1212,0.04781151639755634,0.7762117701940189,True,0.05,360,paired cluster influence sandwich; asymptotic Bonferroni bounds,,,
217,1.0,validation,state_OR,mlp_stronger,logistic:C5:E2,logistic,logistic,5.0,2.0,1.9948093103901194,0.8420681631147309,0.813840347342433,0.028227815772297826,0.005514109147919813,0.01001385748617167,1212,0.04833161644475611,0.77733098754125,True,0.05,360,paired cluster influence sandwich; asymptotic Bonferroni bounds,,,
217,1.0,validation,state_OR,mlp_stronger,logistic:C5:E8,logistic,logistic,5.0,8.0,7.995742559457445,0.8420681631147309,0.8346786231164335,0.00738953999829739,0.0027563227121785035,0.009442678713614672,1212,0.017438772051585727,0.8002517146929417,True,0.05,360,paired cluster influence sandwich; asymptotic Bonferroni bounds,,,
217,1.0,validation,state_WA,mlp_stronger,mlp_base:C1:E2,mlp_base,mlp,1.0,2.0,1.9909995955023065,0.8220783886283012,0.7933414367302283,0.028736951898072904,0.00475085186570584,0.010308903753929113,1200,0.04605851519030805,0.7557552661033919,True,0.05,360,paired cluster influence sandwich; asymptotic Bonferroni bounds,,,
217,1.0,validation,state_WA,mlp_stronger,mlp_base:C1:E8,mlp_base,mlp,1.0,8.0,7.998197999765249,0.8220783886283012,0.7945446993170284,0.027533689311272758,0.004643010259264844,0.01032262657272864,1200,0.04446206307364945,0.7569084954159282,True,0.05,360,paired cluster influence sandwich; asymptotic Bonferroni bounds,,,
217,1.0,validation,state_WA,mlp_stronger,mlp_base:C5:E2,mlp_base,mlp,5.0,2.0,1.9909995955023065,0.8220783886283012,0.8119751672728907,0.01010322135541053,0.0032162851918964694,0.00983281006942353,1200,0.021829768318380564,0.7761248299497037,True,0.05,360,paired cluster influence sandwich; asymptotic Bonferroni bounds,,,
217,1.0,validation,state_WA,mlp_stronger,mlp_base:C5:E8,mlp_base,mlp,5.0,8.0,7.998197999765249,0.8220783886283012,0.8200091647990071,0.0020692238292940868,0.0012076580464053064,0.009743253187468302,1200,0.006472334235069425,0.7844853510641981,True,0.05,360,paired cluster influence sandwich; asymptotic Bonferroni bounds,,,
217,1.0,validation,state_WA,mlp_stronger,mlp_stronger:C1:E2,mlp_stronger,mlp,1.0,2.0,1.9948093103901194,0.8220783886283012,0.7957091799035757,0.02636920872472548,0.004821903271317765,0.010384055234549055,1200,0.043949824804565565,0.7578490076524285,True,0.05,360,paired cluster influence sandwich; asymptotic Bonferroni bounds,,,
217,1.0,validation,state_WA,mlp_stronger,mlp_stronger:C1:E8,mlp_stronger,mlp,1.0,8.0,7.995742559457445,0.8220783886283012,0.795049885899273,0.027028502729028236,0.00479058747425469,0.010383582661856761,1200,0.044494941693646005,0.7571914366439234,True,0.05,360,paired cluster influence sandwich; asymptotic Bonferroni bounds,,,
217,1.0,validation,state_WA,mlp_stronger,mlp_stronger:C5:E2,mlp_stronger,mlp,5.0,2.0,1.9948093103901194,0.8220783886283012,0.8135580852305896,0.008520303397711593,0.002877557906888037,0.010163089761354507,1200,0.019011853717567223,0.7765035511128826,True,0.05,360,paired cluster influence sandwich; asymptotic Bonferroni bounds,,,
217,1.0,validation,state_WA,mlp_stronger,mlp_stronger:C5:E8,mlp_stronger,mlp,5.0,8.0,7.995742559457445,0.8220783886283012,0.8217987499948971,0.0002796386334040779,0.0009428894212153827,0.009791099746110686,1200,0.0037174050064321495,0.7861004881364111,True,0.05,360,paired cluster influence sandwich; asymptotic Bonferroni bounds,,,
217,1.0,validation,state_WA,mlp_stronger,logistic:C1:E2,logistic,logistic,1.0,2.0,1.9948093103901194,0.8220783886283012,0.7955326197445287,0.02654576888377247,0.00468056938604962,0.010392000208821956,1200,0.04361108288554072,0.7576434801884405,True,0.05,360,paired cluster influence sandwich; asymptotic Bonferroni bounds,,,
217,1.0,validation,state_WA,mlp_stronger,logistic:C1:E8,logistic,logistic,1.0,8.0,7.995742559457445,0.8220783886283012,0.7986515090280415,0.023426879600259687,0.004406326549102057,0.010326077683399887,1200,0.039492306678186,0.7610027224083867,True,0.05,360,paired cluster influence sandwich; asymptotic Bonferroni bounds,,,
217,1.0,validation,state_WA,mlp_stronger,logistic:C5:E2,logistic,logistic,5.0,2.0,1.9948093103901194,0.8220783886283012,0.7935261615209076,0.02855222710739358,0.0052525927276036105,0.010407998330617613,1200,0.04770313308202188,0.7555786929562388,True,0.05,360,paired cluster influence sandwich; asymptotic Bonferroni bounds,,,
217,1.0,validation,state_WA,mlp_stronger,logistic:C5:E8,logistic,logistic,5.0,8.0,7.995742559457445,0.8220783886283012,0.8146429606587225,0.007435427969578634,0.0025892859680157476,0.009977848511824363,1200,0.016875941385801015,0.7782638144753838,True,0.05,360,paired cluster influence sandwich; asymptotic Bonferroni bounds,,,
217,1.0,validation,proxy_0.5,mlp_stronger,mlp_base:C1:E2,mlp_base,mlp,1.0,2.0,1.9909995955023065,0.8602641786506272,0.8257156206990447,0.034548557951582515,0.004332302771345072,0.009424284817524175,1150,0.05034613726165291,0.7913503201410446,True,0.05,360,paired cluster influence sandwich; asymptotic Bonferroni bounds,,,
217,1.0,validation,proxy_0.5,mlp_stronger,mlp_base:C1:E8,mlp_base,mlp,1.0,8.0,7.998197999765249,0.8602641786506272,0.8257421084918805,0.034522070158746754,0.004281573504998372,0.009423874647159457,1150,0.05013466710476024,0.791378303604707,True,0.05,360,paired cluster influence sandwich; asymptotic Bonferroni bounds,,,
217,1.0,validation,proxy_0.5,mlp_stronger,mlp_base:C5:E2,mlp_base,mlp,5.0,2.0,1.9909995955023065,0.8602641786506272,0.8486127283380183,0.011651450312608946,0.0027146554133971757,0.009017459482096282,1150,0.021550339299848197,0.8157309010830099,True,0.05,360,paired cluster influence sandwich; asymptotic Bonferroni bounds,,,
217,1.0,validation,proxy_0.5,mlp_stronger,mlp_base:C5:E8,mlp_base,mlp,5.0,8.0,7.998197999765249,0.8602641786506272,0.8585308174874527,0.0017333611631744628,0.0010377258035564924,0.008654572572957688,1150,0.005517389323030065,0.8269722437145466,True,0.05,360,paired cluster influence sandwich; asymptotic Bonferroni bounds,,,
217,1.0,validation,proxy_0.5,mlp_stronger,mlp_stronger:C1:E2,mlp_stronger,mlp,1.0,2.0,1.9948093103901194,0.8602641786506272,0.824165555062294,0.036098623588333156,0.004401559461535102,0.00947902384017294,1150,0.052148744817510986,0.7896006507145105,True,0.05,360,paired cluster influence sandwich; asymptotic Bonferroni bounds,,,
217,1.0,validation,proxy_0.5,mlp_stronger,mlp_stronger:C1:E8,mlp_stronger,mlp,1.0,8.0,7.995742559457445,0.8602641786506272,0.8248447020706038,0.035419476580023423,0.004353164654060653,0.009461140173867408,1150,0.05129312796172662,0.7903450098401923,True,0.05,360,paired cluster influence sandwich; asymptotic Bonferroni bounds,,,
217,1.0,validation,proxy_0.5,mlp_stronger,mlp_stronger:C5:E2,mlp_stronger,mlp,5.0,2.0,1.9948093103901194,0.8602641786506272,0.851005105786947,0.009259072863680218,0.0027287670894016324,0.008892385817491312,1150,0.01920941954735586,0.818579354951451,True,0.05,360,paired cluster influence sandwich; asymptotic Bonferroni bounds,,,
217,1.0,validation,proxy_0.5,mlp_stronger,mlp_stronger:C5:E8,mlp_stronger,mlp,5.0,8.0,7.995742559457445,0.8602641786506272,0.8593710102762042,0.0008931683744229924,0.0008477039827323803,0.008618900197639208,1150,0.003984289102930973,0.827942514479842,True,0.05,360,paired cluster influence sandwich; asymptotic Bonferroni bounds,,,
217,1.0,validation,proxy_0.5,mlp_stronger,logistic:C1:E2,logistic,logistic,1.0,2.0,1.9948093103901194,0.8602641786506272,0.8283898282637464,0.0318743503868808,0.00410399215735363,0.009435692946951749,1150,0.04683940361966116,0.793982928390342,True,0.05,360,paired cluster influence sandwich; asymptotic Bonferroni bounds,,,
217,1.0,validation,proxy_0.5,mlp_stronger,logistic:C1:E8,logistic,logistic,1.0,8.0,7.995742559457445,0.8602641786506272,0.8308192886226453,0.029444890027981896,0.0038619326048869884,0.0093529731571784,1150,0.0435272821958098,0.7967140233552293,True,0.05,360,paired cluster influence sandwich; asymptotic Bonferroni bounds,,,
217,1.0,validation,proxy_0.5,mlp_stronger,logistic:C5:E2,logistic,logistic,5.0,2.0,1.9948093103901194,0.8602641786506272,0.8291749264433993,0.031089252207227913,0.004612143172343602,0.009550395173039591,1150,0.047907259027161295,0.7943497692114259,True,0.05,360,paired cluster influence sandwich; asymptotic Bonferroni bounds,,,
217,1.0,validation,proxy_0.5,mlp_stronger,logistic:C5:E8,logistic,logistic,5.0,8.0,7.995742559457445,0.8602641786506272,0.8495270869467098,0.010737091703917456,0.0021997501012640257,0.008904066718424194,1150,0.01875839781320044,0.8170587421447623,True,0.05,360,paired cluster influence sandwich; asymptotic Bonferroni bounds,,,
217,1.0,validation,proxy_0.75,mlp_stronger,mlp_base:C1:E2,mlp_base,mlp,1.0,2.0,1.9909995955023065,0.8614508317696706,0.8273917682296936,0.03405906353997701,0.004331300338718645,0.009359272242272766,1150,0.04985298751713214,0.79326353358511,True,0.05,360,paired cluster influence sandwich; asymptotic Bonferroni bounds,,,
217,1.0,validation,proxy_0.75,mlp_stronger,mlp_base:C1:E8,mlp_base,mlp,1.0,8.0,7.998197999765249,0.8614508317696706,0.8274966598893234,0.03395417188034722,0.004260520255004069,0.009356754804428944,1150,0.04948999894113487,0.7933776049872682,True,0.05,360,paired cluster influence sandwich; asymptotic Bonferroni bounds,,,
217,1.0,validation,proxy_0.75,mlp_stronger,mlp_base:C5:E2,mlp_base,mlp,5.0,2.0,1.9909995955023065,0.8614508317696706,0.8494582186853368,0.011992613084333859,0.002818792327585624,0.00896594076024553,1150,0.022271233417193545,0.8167642525142246,True,0.05,360,paired cluster influence sandwich; asymptotic Bonferroni bounds,,,
217,1.0,validation,proxy_0.75,mlp_stronger,mlp_base:C5:E8,mlp_base,mlp,5.0,8.0,7.998197999765249,0.8614508317696706,0.8596252930874277,0.0018255386822428887,0.0010774465115940906,0.008593678285238082,1150,0.00575440691182457,0.8282887680471596,True,0.05,360,paired cluster influence sandwich; asymptotic Bonferroni bounds,,,
217,1.0,validation,proxy_0.75,mlp_stronger,mlp_stronger:C1:E2,mlp_stronger,mlp,1.0,2.0,1.9948093103901194,0.8614508317696706,0.8260589024941964,0.03539192927547419,0.004373699528286863,0.00942465437478091,1150,0.051340460304637986,0.7916922543595423,True,0.05,360,paired cluster influence sandwich; asymptotic Bonferroni bounds,,,
217,1.0,validation,proxy_0.75,mlp_stronger,mlp_stronger:C1:E8,mlp_stronger,mlp,1.0,8.0,7.995742559457445,0.8614508317696706,0.8267687753421957,0.034682056427474905,0.004314227855618953,0.009398013495871795,1150,0.05041372623634542,0.7924992721717025,True,0.05,360,paired cluster influence sandwich; asymptotic Bonferroni bounds,,,
217,1.0,validation,proxy_0.75,mlp_stronger,mlp_stronger:C5:E2,mlp_stronger,mlp,5.0,2.0,1.9948093103901194,0.8614508317696706,0.8520413082426832,0.009409523526987429,0.002826769998106192,0.008874960530266233,1150,0.019717234135714225,0.8196790980624618,True,0.05,360,paired cluster influence sandwich; asymptotic Bonferroni bounds,,,
217,1.0,validation,proxy_0.75,mlp_stronger,mlp_stronger:C5:E8,mlp_stronger,mlp,5.0,8.0,7.995742559457445,0.8614508317696706,0.8607218877108296,0.0007289440588410523,0.0008675808319031059,0.008572533152474625,1150,0.003892544971163922,0.8294624676028532,True,0.05,360,paired cluster influence sandwich; asymptotic Bonferroni bounds,,,
217,1.0,validation,proxy_0.75,mlp_stronger,logistic:C1:E2,logistic,logistic,1.0,2.0,1.9948093103901194,0.8614508317696706,0.8301306060089148,0.03132022576075588,0.004073719069084309,0.009363784439262288,1150,0.04617488931438949,0.7959859178075124,True,0.05,360,paired cluster influence sandwich; asymptotic Bonferroni bounds,,,
217,1.0,validation,proxy_0.75,mlp_stronger,logistic:C1:E8,logistic,logistic,1.0,8.0,7.995742559457445,0.8614508317696706,0.8326405892580345,0.02881024251163611,0.003823191502007912,0.00928360960900807,1150,0.042751366703149,0.7987882555633369,True,0.05,360,paired cluster influence sandwich; asymptotic Bonferroni bounds,,,
217,1.0,validation,proxy_0.75,mlp_stronger,logistic:C5:E2,logistic,logistic,5.0,2.0,1.9948093103901194,0.8614508317696706,0.8316690170168176,0.02978181475285302,0.00460284778931484,0.009461548561415357,1150,0.046565926307758854,0.7971678356165539,True,0.05,360,paired cluster influence sandwich; asymptotic Bonferroni bounds,,,
217,1.0,validation,proxy_0.75,mlp_stronger,logistic:C5:E8,logistic,logistic,5.0,8.0,7.995742559457445,0.8614508317696706,0.851338851976678,0.01011197979299261,0.0021939996360405105,0.008835706364186369,1150,0.018112317046857833,0.8191197806384597,True,0.05,360,paired cluster influence sandwich; asymptotic Bonferroni bounds,,,
217,1.0,test,source,mlp_stronger,mlp_base:C1:E2,mlp_base,mlp,1.0,2.0,1.9909995955023065,0.8738959728330129,0.8402718803372933,0.033624092495719626,0.004337759686128579,0.008625957911861151,1151,0.04944152759648028,0.8088177336520653,True,0.05,360,paired cluster influence sandwich; asymptotic Bonferroni bounds,0.0012564836767616772,0.030747018482096156,0.0016205903368617935
217,1.0,test,source,mlp_stronger,mlp_base:C1:E8,mlp_base,mlp,1.0,8.0,7.998197999765249,0.8738959728330129,0.8413947179278334,0.03250125490517952,0.004265397074085027,0.008609315600353004,1151,0.04805482317085924,0.8100012566427323,True,0.05,360,paired cluster influence sandwich; asymptotic Bonferroni bounds,0.0012564836767616772,0.030747018482096156,0.0004977527463216891
217,1.0,test,source,mlp_stronger,mlp_base:C5:E2,mlp_base,mlp,5.0,2.0,1.9909995955023065,0.8738959728330129,0.8616426261561176,0.01225334667689526,0.002824055659760113,0.008184555452606445,1151,0.02255113178980419,0.8317980326176222,True,0.05,360,paired cluster influence sandwich; asymptotic Bonferroni bounds,0.0012564836767616772,-3.1569941627340725e-05,0.011028432941760924
217,1.0,test,source,mlp_stronger,mlp_base:C5:E8,mlp_base,mlp,5.0,8.0,7.998197999765249,0.8738959728330129,0.8712935573115459,0.0026024155214670053,0.0010843941057197169,0.00789077016841773,1151,0.00655660723146866,0.8425202378874449,True,0.05,360,paired cluster influence sandwich; asymptotic Bonferroni bounds,0.0012564836767616772,-3.1569941627340725e-05,0.0013775017863326688
217,1.0,test,source,mlp_stronger,mlp_stronger:C1:E2,mlp_stronger,mlp,1.0,2.0,1.9948093103901194,0.8738959728330129,0.841506265054916,0.03238970777809691,0.004346192853631974,0.008670235981736838,1151,0.04823789402445591,0.8098906604865127,True,0.05,360,paired cluster influence sandwich; asymptotic Bonferroni bounds,1.1102230246251565e-16,0.03280432634480046,-0.0004146185667036617
217,1.0,test,source,mlp_stronger,mlp_stronger:C1:E8,mlp_stronger,mlp,1.0,8.0,7.995742559457445,0.8738959728330129,0.8413589386606558,0.03253703417235709,0.004298738265816725,0.008661701671875618,1151,0.04821217951343004,0.8097744540486649,True,0.05,360,paired cluster influence sandwich; asymptotic Bonferroni bounds,1.1102230246251565e-16,0.03280432634480046,-0.00026729217244347847
217,1.0,test,source,mlp_stronger,mlp_stronger:C5:E2,mlp_stronger,mlp,5.0,2.0,1.9948093103901194,0.8738959728330129,0.8642755592878243,0.00962041354518861,0.0026556432430645052,0.008165313728011343,1151,0.01930409076277923,0.834501129786074,True,0.05,360,paired cluster influence sandwich; asymptotic Bonferroni bounds,1.1102230246251565e-16,-4.5250249665729214e-05,0.009665663794854229
217,1.0,test,source,mlp_stronger,mlp_stronger:C5:E8,mlp_stronger,mlp,5.0,8.0,7.995742559457445,0.8738959728330129,0.8737886350314804,0.00010733780153249217,0.0007763571991282652,0.007885080255065197,1151,0.00293828753152536,0.8450360636067373,True,0.05,360,paired cluster influence sandwich; asymptotic Bonferroni bounds,1.1102230246251565e-16,-4.5250249665729214e-05,0.00015258805119811036
217,1.0,test,source,mlp_stronger,logistic:C1:E2,logistic,logistic,1.0,2.0,1.9948093103901194,0.8738959728330129,0.8426869808717724,0.031208991961240495,0.00422080453436533,0.008645424329297628,1151,0.04659995564436347,0.8111618508180027,True,0.05,360,paired cluster influence sandwich; asymptotic Bonferroni bounds,0.005187993740732866,0.021106610640543644,0.004914387579963986
217,1.0,test,source,mlp_stronger,logistic:C1:E8,logistic,logistic,1.0,8.0,7.995742559457445,0.8738959728330129,0.8461796687471259,0.02771630408588699,0.003958610865784038,0.0085692575310807,1151,0.04215119098359535,0.8149322773130132,True,0.05,360,paired cluster influence sandwich; asymptotic Bonferroni bounds,0.005187993740732866,0.021106610640543644,0.0014216997046104796
217,1.0,test,source,mlp_stronger,logistic:C5:E2,logistic,logistic,5.0,2.0,1.9948093103901194,0.8738959728330129,0.8389554137714399,0.03494055906157301,0.0045970591035341705,0.008608818284004295,1151,0.05170351719801351,0.8075637659268333,True,0.05,360,paired cluster influence sandwich; asymptotic Bonferroni bounds,0.005187993740732866,0.0,0.02975256532084014
217,1.0,test,source,mlp_stronger,logistic:C5:E8,logistic,logistic,5.0,8.0,7.995742559457445,0.8738959728330129,0.8633063620798698,0.01058961075314313,0.002268460944339221,0.008058704175854322,1151,0.018861446069524987,0.8339206792571385,True,0.05,360,paired cluster influence sandwich; asymptotic Bonferroni bounds,0.005187993740732866,0.0,0.005401617012410265
217,1.0,test,state_CO,mlp_stronger,mlp_base:C1:E2,mlp_base,mlp,1.0,2.0,1.9909995955023065,0.8265052910492392,0.7931299421888497,0.03337534886038951,0.005237291086666412,0.00995445819536305,1193,0.05247079833007727,0.7568354436929363,True,0.05,360,paired cluster influence sandwich; asymptotic Bonferroni bounds,0.002886404412253407,0.02800019934879383,0.002488745099342271
217,1.0,test,state_CO,mlp_stronger,mlp_base:C1:E8,mlp_base,mlp,1.0,8.0,7.998197999765249,0.8265052910492392,0.7948534786364543,0.03165181241278492,0.005132124047964158,0.009920361838364181,1193,0.05036381711299476,0.7586832973211975,True,0.05,360,paired cluster influence sandwich; asymptotic Bonferroni bounds,0.002886404412253407,0.02800019934879383,0.000765208651737681
217,1.0,test,state_CO,mlp_stronger,mlp_base:C5:E2,mlp_base,mlp,5.0,2.0,1.9909995955023065,0.8265052910492392,0.8134873994949832,0.013017891554256034,0.00365553414837079,0.009558029291758773,1193,0.026346168799079465,0.7786383024426465,True,0.05,360,paired cluster influence sandwich; asymptotic Bonferroni bounds,0.002886404412253407,-2.2842049305582535e-05,0.010154329191308209
217,1.0,test,state_CO,mlp_stronger,mlp_base:C5:E8,mlp_base,mlp,5.0,8.0,7.998197999765249,0.8265052910492392,0.8218444747159279,0.0046608163333112795,0.00140391969737793,0.00938649366084076,1193,0.009779584260690978,0.7876208059466946,True,0.05,360,paired cluster influence sandwich; asymptotic Bonferroni bounds,0.002886404412253407,-2.2842049305582535e-05,0.001797253970363455
217,1.0,test,state_CO,mlp_stronger,mlp_stronger:C1:E2,mlp_stronger,mlp,1.0,2.0,1.9948093103901194,0.8265052910492392,0.7990429181340953,0.027462372915143862,0.0052275996273550614,0.009853607243869154,1193,0.04652248679463719,0.7631161277178655,True,0.05,360,paired cluster influence sandwich; asymptotic Bonferroni bounds,0.0,0.028693767027709427,-0.0012313941125655647
217,1.0,test,state_CO,mlp_stronger,mlp_stronger:C1:E8,mlp_stronger,mlp,1.0,8.0,7.995742559457445,0.8265052910492392,0.7983763456043591,0.028128945444880094,0.005190759041504586,0.009843228491520101,1193,0.04705473653537808,0.7624873966862932,True,0.05,360,paired cluster influence sandwich; asymptotic Bonferroni bounds,0.0,0.028693767027709427,-0.0005648215828293335
217,1.0,test,state_CO,mlp_stronger,mlp_stronger:C5:E2,mlp_stronger,mlp,5.0,2.0,1.9948093103901194,0.8265052910492392,0.8167413532460629,0.009763937803176304,0.003498016763272497,0.009590183932111274,1193,0.022517898055117766,0.7817750186180585,True,0.05,360,paired cluster influence sandwich; asymptotic Bonferroni bounds,0.0,-4.2569273705939104e-05,0.009806507076882243
217,1.0,test,state_CO,mlp_stronger,mlp_stronger:C5:E8,mlp_stronger,mlp,5.0,8.0,7.995742559457445,0.8265052910492392,0.8261159379360756,0.0003893531131635708,0.001067192784628834,0.009330344994631205,1193,0.0042803963177654395,0.7920969902718282,True,0.05,360,paired cluster influence sandwich; asymptotic Bonferroni bounds,0.0,-4.2569273705939104e-05,0.0004319223868695099
217,1.0,test,state_CO,mlp_stronger,logistic:C1:E2,logistic,logistic,1.0,2.0,1.9948093103901194,0.8265052910492392,0.7995755531929033,0.0269297378563359,0.0052045220050592885,0.009865105358792677,1193,0.04590570946396823,0.7636068400214007,True,0.05,360,paired cluster influence sandwich; asymptotic Bonferroni bounds,0.004555950561499156,0.01890491062529065,0.003468876669546095
217,1.0,test,state_CO,mlp_stronger,logistic:C1:E8,logistic,logistic,1.0,8.0,7.995742559457445,0.8265052910492392,0.8021432071898464,0.024362083859392758,0.004828650968834508,0.00979099308889994,1193,0.041967609131204175,0.7664447114038971,True,0.05,360,paired cluster influence sandwich; asymptotic Bonferroni bounds,0.004555950561499156,0.01890491062529065,0.0009012226726029526
217,1.0,test,state_CO,mlp_stronger,logistic:C5:E2,logistic,logistic,5.0,2.0,1.9948093103901194,0.8265052910492392,0.7992422669280351,0.02726302412120407,0.005803854778079731,0.009868213817725893,1193,0.04842419576705392,0.7632622201454146,True,0.05,360,paired cluster influence sandwich; asymptotic Bonferroni bounds,0.004555950561499156,0.0,0.022707073559704916
217,1.0,test,state_CO,mlp_stronger,logistic:C5:E8,logistic,logistic,5.0,8.0,7.995742559457445,0.8265052910492392,0.8200430676456907,0.006462223403548517,0.0029039879540161927,0.009378723029191516,1193,0.01705032215896723,0.7858477310240409,True,0.05,360,paired cluster influence sandwich; asymptotic Bonferroni bounds,0.004555950561499156,0.0,0.0019062728420493613
217,1.0,test,state_UT,mlp_stronger,mlp_base:C1:E2,mlp_base,mlp,1.0,2.0,1.9909995955023065,0.873308353967713,0.851240186472801,0.022068167494912028,0.004643335656352238,0.008706678763920467,1107,0.03900195772113649,0.8194877820232855,True,0.05,360,paired cluster influence sandwich; asymptotic Bonferroni bounds,0.0011376172486194935,0.018246645980629417,0.0026839042656631174
217,1.0,test,state_UT,mlp_stronger,mlp_base:C1:E8,mlp_base,mlp,1.0,8.0,7.998197999765249,0.873308353967713,0.8531790719752409,0.020129281992472103,0.004521731685890332,0.008632480034172869,1107,0.036619594452091245,0.8216972630237871,True,0.05,360,paired cluster influence sandwich; asymptotic Bonferroni bounds,0.0011376172486194935,0.018246645980629417,0.000745018763223193
217,1.0,test,state_UT,mlp_stronger,mlp_base:C5:E2,mlp_base,mlp,5.0,2.0,1.9909995955023065,0.873308353967713,0.862596843829603,0.010711510138110003,0.003038609664143154,0.008342458040543777,1107,0.02179302188744609,0.8321727166751539,True,0.05,360,paired cluster influence sandwich; asymptotic Bonferroni bounds,0.0011376172486194935,-0.00017793206209493206,0.009751824951585442
217,1.0,test,state_UT,mlp_stronger,mlp_base:C5:E8,mlp_base,mlp,5.0,8.0,7.998197999765249,0.873308353967713,0.8710778894731949,0.0022304644945181362,0.0011391859393479107,0.007949570971965225,1107,0.006384964008071847,0.8420865829662912,True,0.05,360,paired cluster influence sandwich; asymptotic Bonferroni bounds,0.0011376172486194935,-0.00017793206209493206,0.0012707793079935747
217,1.0,test,state_UT,mlp_stronger,mlp_stronger:C1:E2,mlp_stronger,mlp,1.0,2.0,1.9948093103901194,0.873308353967713,0.8554623421139935,0.01784601185371948,0.004556316577113161,0.00854104775337912,1107,0.03446245202331,0.8243139777328776,True,0.05,360,paired cluster influence sandwich; asymptotic Bonferroni bounds,2.220446049250313e-16,0.019353268611980723,-0.001507256758261466
217,1.0,test,state_UT,mlp_stronger,mlp_stronger:C1:E8,mlp_stronger,mlp,1.0,8.0,7.995742559457445,0.873308353967713,0.854605972318363,0.01870238164935001,0.00451919362529545,0.008570112301530996,1107,0.03518343805063609,0.8233516123776216,True,0.05,360,paired cluster influence sandwich; asymptotic Bonferroni bounds,2.220446049250313e-16,0.019353268611980723,-0.0006508869626309366
217,1.0,test,state_UT,mlp_stronger,mlp_stronger:C5:E2,mlp_stronger,mlp,5.0,2.0,1.9948093103901194,0.873308353967713,0.8617312904436707,0.011577063524042308,0.0029568308334288126,0.008185252701473432,1107,0.0223603358897215,0.8318804757592383,True,0.05,360,paired cluster influence sandwich; asymptotic Bonferroni bounds,2.220446049250313e-16,-0.00012512641786033285,0.011702189941902419
217,1.0,test,state_UT,mlp_stronger,mlp_stronger:C5:E8,mlp_stronger,mlp,5.0,8.0,7.995742559457445,0.873308353967713,0.8735976370622154,-0.00028928309450237943,0.0008411400970170957,0.007825461856890384,1107,0.0027782724319364085,0.8450589443388887,True,0.05,360,paired cluster influence sandwich; asymptotic Bonferroni bounds,2.220446049250313e-16,-0.00012512641786033285,-0.00016415667664226863
217,1.0,test,state_UT,mlp_stronger,logistic:C1:E2,logistic,logistic,1.0,2.0,1.9948093103901194,0.873308353967713,0.8531802199240286,0.02012813404368441,0.004343160980863741,0.00858763719987176,1107,0.0359672166368319,0.8218619483959713,True,0.05,360,paired cluster influence sandwich; asymptotic Bonferroni bounds,0.0017517698500436607,0.01354235184859931,0.0048340123450414385
217,1.0,test,state_UT,mlp_stronger,logistic:C1:E8,logistic,logistic,1.0,8.0,7.995742559457445,0.873308353967713,0.8568903904059032,0.0164179635618098,0.004078843452599596,0.008488813925107091,1107,0.031293106024845016,0.8259325176790921,True,0.05,360,paired cluster influence sandwich; asymptotic Bonferroni bounds,0.0017517698500436607,0.01354235184859931,0.00112384186316683
217,1.0,test,state_UT,mlp_stronger,logistic:C5:E2,logistic,logistic,5.0,2.0,1.9948093103901194,0.873308353967713,0.8409293104616016,0.03237904350611143,0.004740592598927767,0.008910065367576105,1107,0.04966752027354358,0.8084351749945542,True,0.05,360,paired cluster influence sandwich; asymptotic Bonferroni bounds,0.0017517698500436607,0.0,0.030627273656067766
217,1.0,test,state_UT,mlp_stronger,logistic:C5:E8,logistic,logistic,5.0,8.0,7.995742559457445,0.873308353967713,0.8664264009853994,0.006881952982313644,0.002232144245813591,0.008109841662753477,1107,0.015022364361269528,0.8368506029710796,True,0.05,360,paired cluster influence sandwich; asymptotic Bonferroni bounds,0.0017517698500436607,0.0,0.005130183132269983
218,1.0,validation,source,mlp_stronger,mlp_base:C1:E2,mlp_base,mlp,1.0,2.0,1.9909995955023065,0.8720670310046363,0.8316259306984433,0.04044110030619308,0.005091532994648827,0.009605995777881994,1162,0.05900658915902507,0.7965991504100598,True,0.05,360,paired cluster influence sandwich; asymptotic Bonferroni bounds,,,
218,1.0,validation,source,mlp_stronger,mlp_base:C1:E8,mlp_base,mlp,1.0,8.0,7.998197999765249,0.8720670310046363,0.8337162472912895,0.03835078371334688,0.004882191809214537,0.009529041364776942,1162,0.05615294225903883,0.7989700693873313,True,0.05,360,paired cluster influence sandwich; asymptotic Bonferroni bounds,,,
218,1.0,validation,source,mlp_stronger,mlp_base:C5:E2,mlp_base,mlp,5.0,2.0,1.9909995955023065,0.8720670310046363,0.8604926020608987,0.011574428943737614,0.003042040655253114,0.008602235373757055,1162,0.022666760454565567,0.8291258790898854,True,0.05,360,paired cluster influence sandwich; asymptotic Bonferroni bounds,,,
218,1.0,validation,source,mlp_stronger,mlp_base:C5:E8,mlp_base,mlp,5.0,8.0,7.998197999765249,0.8720670310046363,0.8701320897779582,0.001934941226678144,0.0009883733910713407,0.008234449886219642,1162,0.00553889217694324,0.840106439795431,True,0.05,360,paired cluster influence sandwich; asymptotic Bonferroni bounds,,,
218,1.0,validation,source,mlp_stronger,mlp_stronger:C1:E2,mlp_stronger,mlp,1.0,2.0,1.9948093103901194,0.8720670310046363,0.8427300902005792,0.029336940804057132,0.004279195241944439,0.009267079247681768,1162,0.044940365479279265,0.8089391167055694,True,0.05,360,paired cluster influence sandwich; asymptotic Bonferroni bounds,,,
218,1.0,validation,source,mlp_stronger,mlp_stronger:C1:E8,mlp_stronger,mlp,1.0,8.0,7.995742559457445,0.8720670310046363,0.8405040791212797,0.03156295188335667,0.0043879079157673724,0.009323802266579567,1162,0.04756278053674068,0.8065062738967784,True,0.05,360,paired cluster influence sandwich; asymptotic Bonferroni bounds,,,
218,1.0,validation,source,mlp_stronger,mlp_stronger:C5:E2,mlp_stronger,mlp,5.0,2.0,1.9948093103901194,0.8720670310046363,0.8667003658571956,0.0053666651474407745,0.00236159436467238,0.00829386387651806,1162,0.013977854331192675,0.8364580719334925,True,0.05,360,paired cluster influence sandwich; asymptotic Bonferroni bounds,,,
218,1.0,validation,source,mlp_stronger,mlp_stronger:C5:E8,mlp_stronger,mlp,5.0,8.0,7.995742559457445,0.8720670310046363,0.8727796860174601,-0.0007126550128238041,0.0008592534721431122,0.008157035465664353,1162,0.002420480091200088,0.8430363157654931,True,0.05,360,paired cluster influence sandwich; asymptotic Bonferroni bounds,,,
218,1.0,validation,source,mlp_stronger,logistic:C1:E2,logistic,logistic,1.0,2.0,1.9948093103901194,0.8720670310046363,0.8453424680237497,0.026724562980886657,0.004034042361238256,0.009222291396742697,1162,0.04143407553204444,0.8117148065112461,True,0.05,360,paired cluster influence sandwich; asymptotic Bonferroni bounds,,,
218,1.0,validation,source,mlp_stronger,logistic:C1:E8,logistic,logistic,1.0,8.0,7.995742559457445,0.8720670310046363,0.8460105820982718,0.026056448906364493,0.003930123314441969,0.009173256992811282,1162,0.04038703670010224,0.8125617169680268,True,0.05,360,paired cluster influence sandwich; asymptotic Bonferroni bounds,,,
218,1.0,validation,source,mlp_stronger,logistic:C5:E2,logistic,logistic,5.0,2.0,1.9948093103901194,0.8720670310046363,0.8501446026741136,0.021922428330522714,0.003737170560420269,0.009036096252588928,1162,0.03554944370163685,0.8171958730033306,True,0.05,360,paired cluster influence sandwich; asymptotic Bonferroni bounds,,,
218,1.0,validation,source,mlp_stronger,logistic:C5:E8,logistic,logistic,5.0,8.0,7.995742559457445,0.8720670310046363,0.8644588172412792,0.007608213763357186,0.00194071187253827,0.008531642928332266,1162,0.01468471993036731,0.8333494987219321,True,0.05,360,paired cluster influence sandwich; asymptotic Bonferroni bounds,,,
218,1.0,validation,state_OR,mlp_stronger,mlp_base:C1:E2,mlp_base,mlp,1.0,2.0,1.9909995955023065,0.8454130804830341,0.8147430694948672,0.030670010988166907,0.00552702356545511,0.009705425518894749,1215,0.050820749659454885,0.7793584739691208,True,0.05,360,paired cluster influence sandwich; asymptotic Bonferroni bounds,,,
218,1.0,validation,state_OR,mlp_stronger,mlp_base:C1:E8,mlp_base,mlp,1.0,8.0,7.998197999765249,0.8454130804830341,0.8158585855212253,0.02955449496180884,0.005312935663771619,0.009672981410749657,1215,0.04892469971490044,0.7805922765808195,True,0.05,360,paired cluster influence sandwich; asymptotic Bonferroni bounds,,,
218,1.0,validation,state_OR,mlp_stronger,mlp_base:C5:E2,mlp_base,mlp,5.0,2.0,1.9909995955023065,0.8454130804830341,0.8343146979812722,0.011098382501761872,0.003670586354404917,0.009284586745302392,1215,0.024480816197232944,0.8004644205290741,True,0.05,360,paired cluster influence sandwich; asymptotic Bonferroni bounds,,,
218,1.0,validation,state_OR,mlp_stronger,mlp_base:C5:E8,mlp_base,mlp,5.0,8.0,7.998197999765249,0.8454130804830341,0.8453306970639217,8.238341911237512e-05,0.0012387212765788637,0.008954690084602644,1215,0.004598584306497148,0.8126831757280246,True,0.05,360,paired cluster influence sandwich; asymptotic Bonferroni bounds,,,
218,1.0,validation,state_OR,mlp_stronger,mlp_stronger:C1:E2,mlp_stronger,mlp,1.0,2.0,1.9948093103901194,0.8454130804830341,0.8252057637221274,0.0202073167609067,0.004759849685630888,0.009442334360924563,1215,0.03756104901731376,0.7907803609894277,True,0.05,360,paired cluster influence sandwich; asymptotic Bonferroni bounds,,,
218,1.0,validation,state_OR,mlp_stronger,mlp_stronger:C1:E8,mlp_stronger,mlp,1.0,8.0,7.995742559457445,0.8454130804830341,0.8227008624653349,0.02271221801769918,0.004877086421504213,0.009482238293757111,1215,0.04049337867191942,0.7881299756917328,True,0.05,360,paired cluster influence sandwich; asymptotic Bonferroni bounds,,,
218,1.0,validation,state_OR,mlp_stronger,mlp_stronger:C5:E2,mlp_stronger,mlp,5.0,2.0,1.9948093103901194,0.8454130804830341,0.8417202993857984,0.003692781097235698,0.002874084475563998,0.009074683156418187,1215,0.01417128268139296,0.8086353004448423,True,0.05,360,paired cluster influence sandwich; asymptotic Bonferroni bounds,,,
218,1.0,validation,state_OR,mlp_stronger,mlp_stronger:C5:E8,mlp_stronger,mlp,5.0,8.0,7.995742559457445,0.8454130804830341,0.8464439865113851,-0.0010309060283509863,0.0009916588052353479,0.008902825482674763,1215,0.002584540368562238,0.8139855561079514,True,0.05,360,paired cluster influence sandwich; asymptotic Bonferroni bounds,,,
218,1.0,validation,state_OR,mlp_stronger,logistic:C1:E2,logistic,logistic,1.0,2.0,1.9948093103901194,0.8454130804830341,0.8215586274922376,0.02385445299079647,0.004295251454241639,0.009558288230078265,1215,0.03951432643929442,0.7867104735105936,True,0.05,360,paired cluster influence sandwich; asymptotic Bonferroni bounds,,,
218,1.0,validation,state_OR,mlp_stronger,logistic:C1:E8,logistic,logistic,1.0,8.0,7.995742559457445,0.8454130804830341,0.8239900516454975,0.02142302883753655,0.004203455181506621,0.009468730048520654,1215,0.036748226183974254,0.7894684140050761,True,0.05,360,paired cluster influence sandwich; asymptotic Bonferroni bounds,,,
218,1.0,validation,state_OR,mlp_stronger,logistic:C5:E2,logistic,logistic,5.0,2.0,1.9948093103901194,0.8454130804830341,0.8008636899533421,0.04454939052969198,0.004978462628933474,0.010048366797309896,1215,0.06270015435987138,0.7642287794978507,True,0.05,360,paired cluster influence sandwich; asymptotic Bonferroni bounds,,,
218,1.0,validation,state_OR,mlp_stronger,logistic:C5:E8,logistic,logistic,5.0,8.0,7.995742559457445,0.8454130804830341,0.8320346811928674,0.01337839929016671,0.0022951717513275877,0.009328349742370876,1215,0.021746267749384374,0.7980248501026296,True,0.05,360,paired cluster influence sandwich; asymptotic Bonferroni bounds,,,
218,1.0,validation,state_WA,mlp_stronger,mlp_base:C1:E2,mlp_base,mlp,1.0,2.0,1.9909995955023065,0.8477909661771547,0.8152493521164197,0.03254161406073497,0.004906560735965025,0.00959650852595194,1196,0.050431068393116785,0.7802602201635744,True,0.05,360,paired cluster influence sandwich; asymptotic Bonferroni bounds,,,
218,1.0,validation,state_WA,mlp_stronger,mlp_base:C1:E8,mlp_base,mlp,1.0,8.0,7.998197999765249,0.8477909661771547,0.8167709440826633,0.031020022094491395,0.004712820146481166,0.009552520738142868,1196,0.04820309295086829,0.7819421928044981,True,0.05,360,paired cluster influence sandwich; asymptotic Bonferroni bounds,,,
218,1.0,validation,state_WA,mlp_stronger,mlp_base:C5:E2,mlp_base,mlp,5.0,2.0,1.9909995955023065,0.8477909661771547,0.8337908665027576,0.014000099674397082,0.003512481606204599,0.009043111410525422,1196,0.02680670345837523,0.8008194355337253,True,0.05,360,paired cluster influence sandwich; asymptotic Bonferroni bounds,,,
218,1.0,validation,state_WA,mlp_stronger,mlp_base:C5:E8,mlp_base,mlp,5.0,8.0,7.998197999765249,0.8477909661771547,0.8459874825569805,0.0018034836201741289,0.0011726868147884186,0.008723320649952746,1196,0.006079131746889429,0.8141820174273697,True,0.05,360,paired cluster influence sandwich; asymptotic Bonferroni bounds,,,
218,1.0,validation,state_WA,mlp_stronger,mlp_stronger:C1:E2,mlp_stronger,mlp,1.0,2.0,1.9948093103901194,0.8477909661771547,0.8229004003588278,0.024890565818326826,0.004243136650310885,0.009435148419123629,1196,0.040361157831056205,0.7884995917586345,True,0.05,360,paired cluster influence sandwich; asymptotic Bonferroni bounds,,,
218,1.0,validation,state_WA,mlp_stronger,mlp_stronger:C1:E8,mlp_stronger,mlp,1.0,8.0,7.995742559457445,0.8477909661771547,0.8223303874011563,0.025460578775998388,0.004291573192544007,0.009404447189067704,1196,0.04110777174343449,0.7880415163235146,True,0.05,360,paired cluster influence sandwich; asymptotic Bonferroni bounds,,,
218,1.0,validation,state_WA,mlp_stronger,mlp_stronger:C5:E2,mlp_stronger,mlp,5.0,2.0,1.9948093103901194,0.8477909661771547,0.8355922735729949,0.012198692604159733,0.002976572379565125,0.009080846799833469,1196,0.02305135672404783,0.8024832583448311,True,0.05,360,paired cluster influence sandwich; asymptotic Bonferroni bounds,,,
218,1.0,validation,state_WA,mlp_stronger,mlp_stronger:C5:E8,mlp_stronger,mlp,5.0,8.0,7.995742559457445,0.8477909661771547,0.8460352432055286,0.0017557229716260725,0.0011628006894214176,0.008726653397668292,1196,0.0059953260154830676,0.8142176267868038,True,0.05,360,paired cluster influence sandwich; asymptotic Bonferroni bounds,,,
218,1.0,validation,state_WA,mlp_stronger,logistic:C1:E2,logistic,logistic,1.0,2.0,1.9948093103901194,0.8477909661771547,0.8257546182470596,0.022036347930095013,0.004104078903209973,0.009385746293088982,1196,0.03699993160232,0.791533931146462,True,0.05,360,paired cluster influence sandwich; asymptotic Bonferroni bounds,,,
218,1.0,validation,state_WA,mlp_stronger,logistic:C1:E8,logistic,logistic,1.0,8.0,7.995742559457445,0.8477909661771547,0.8270846484816267,0.020706317695527998,0.0038720696628670166,0.009321509134812478,1196,0.03482398934645002,0.7930981718129934,True,0.05,360,paired cluster influence sandwich; asymptotic Bonferroni bounds,,,
218,1.0,validation,state_WA,mlp_stronger,logistic:C5:E2,logistic,logistic,5.0,2.0,1.9948093103901194,0.8477909661771547,0.8140376852282544,0.03375328094890029,0.005591279989044415,0.009705423017011456,1196,0.054139240362464425,0.7786514480689736,True,0.05,360,paired cluster influence sandwich; asymptotic Bonferroni bounds,,,
218,1.0,validation,state_WA,mlp_stronger,logistic:C5:E8,logistic,logistic,5.0,8.0,7.995742559457445,0.8477909661771547,0.8389126769220545,0.008878289255100147,0.002554090767824865,0.008955730106415418,1196,0.0181905738900063,0.8062598405722473,True,0.05,360,paired cluster influence sandwich; asymptotic Bonferroni bounds,,,
218,1.0,validation,proxy_0.5,mlp_stronger,mlp_base:C1:E2,mlp_base,mlp,1.0,2.0,1.9909995955023065,0.8672949355917315,0.8278472017932389,0.039447733798492646,0.0050863500749342835,0.009775148762418542,1162,0.05799432393490924,0.7922036312666036,True,0.05,360,paired cluster influence sandwich; asymptotic Bonferroni bounds,,,
218,1.0,validation,proxy_0.5,mlp_stronger,mlp_base:C1:E8,mlp_base,mlp,1.0,8.0,7.998197999765249,0.8672949355917315,0.8300903041628167,0.037204631428914836,0.004863508407371895,0.009695266545382681,1162,0.05493866383479641,0.7947380118055417,True,0.05,360,paired cluster influence sandwich; asymptotic Bonferroni bounds,,,
218,1.0,validation,proxy_0.5,mlp_stronger,mlp_base:C5:E2,mlp_base,mlp,5.0,2.0,1.9909995955023065,0.8672949355917315,0.8576782362617102,0.009616699330021294,0.0029234108090295157,0.008771071924188464,1162,0.020276465424894544,0.8256958768805471,True,0.05,360,paired cluster influence sandwich; asymptotic Bonferroni bounds,,,
218,1.0,validation,proxy_0.5,mlp_stronger,mlp_base:C5:E8,mlp_base,mlp,5.0,8.0,7.998197999765249,0.8672949355917315,0.865709071021044,0.0015858645706875452,0.0009452147843179452,0.008456097491827512,1162,0.005032444325788818,0.8348752172705171,True,0.05,360,paired cluster influence sandwich; asymptotic Bonferroni bounds,,,
218,1.0,validation,proxy_0.5,mlp_stronger,mlp_stronger:C1:E2,mlp_stronger,mlp,1.0,2.0,1.9948093103901194,0.8672949355917315,0.8379310630575386,0.029363872534192925,0.0042915590404017994,0.009476902474397258,1162,0.04501237989132639,0.8033750015662916,True,0.05,360,paired cluster influence sandwich; asymptotic Bonferroni bounds,,,
218,1.0,validation,proxy_0.5,mlp_stronger,mlp_stronger:C1:E8,mlp_stronger,mlp,1.0,8.0,7.995742559457445,0.8672949355917315,0.8360240893967706,0.0312708461949609,0.004398090680404557,0.00952144586455724,1162,0.04730780472721663,0.8013056073114998,True,0.05,360,paired cluster influence sandwich; asymptotic Bonferroni bounds,,,
218,1.0,validation,proxy_0.5,mlp_stronger,mlp_stronger:C5:E2,mlp_stronger,mlp,5.0,2.0,1.9948093103901194,0.8672949355917315,0.8625653094455792,0.004729626146152355,0.0022438695002047547,0.008498347053047976,1162,0.012911549790179397,0.8315773991940535,True,0.05,360,paired cluster influence sandwich; asymptotic Bonferroni bounds,,,
218,1.0,validation,proxy_0.5,mlp_stronger,mlp_stronger:C5:E8,mlp_stronger,mlp,5.0,8.0,7.995742559457445,0.8672949355917315,0.8676460839192712,-0.0003511483275396854,0.000825361955255241,0.008387535409535187,1162,0.0026584065935317167,0.8370622312147677,True,0.05,360,paired cluster influence sandwich; asymptotic Bonferroni bounds,,,
218,1.0,validation,proxy_0.5,mlp_stronger,logistic:C1:E2,logistic,logistic,1.0,2.0,1.9948093103901194,0.8672949355917315,0.8426410083239764,0.02465392726775517,0.003968658762255046,0.00934986335006203,1162,0.039125028621468765,0.8085481753827943,True,0.05,360,paired cluster influence sandwich; asymptotic Bonferroni bounds,,,
218,1.0,validation,proxy_0.5,mlp_stronger,logistic:C1:E8,logistic,logistic,1.0,8.0,7.995742559457445,0.8672949355917315,0.8427580577664896,0.024536877825241943,0.003890546827818619,0.009331360270572969,1162,0.03872315607173483,0.8087326934475001,True,0.05,360,paired cluster influence sandwich; asymptotic Bonferroni bounds,,,
218,1.0,validation,proxy_0.5,mlp_stronger,logistic:C5:E2,logistic,logistic,5.0,2.0,1.9948093103901194,0.8672949355917315,0.8500741658414508,0.01722076975028075,0.0035116803702657804,0.009054935233044856,1162,0.030025569962201,0.8170567427374678,True,0.05,360,paired cluster influence sandwich; asymptotic Bonferroni bounds,,,
218,1.0,validation,proxy_0.5,mlp_stronger,logistic:C5:E8,logistic,logistic,5.0,8.0,7.995742559457445,0.8672949355917315,0.8612094004168204,0.006085535174911172,0.0018523470093558198,0.008675677769553867,1162,0.012839832513240425,0.8295748810901861,True,0.05,360,paired cluster influence sandwich; asymptotic Bonferroni bounds,,,
218,1.0,validation,proxy_0.75,mlp_stronger,mlp_base:C1:E2,mlp_base,mlp,1.0,2.0,1.9909995955023065,0.8703755111849546,0.8300100268902967,0.040365484294657916,0.005090476188572718,0.009668492063353195,1162,0.058927119667320726,0.7947553635473443,True,0.05,360,paired cluster influence sandwich; asymptotic Bonferroni bounds,,,
218,1.0,validation,proxy_0.75,mlp_stronger,mlp_base:C1:E8,mlp_base,mlp,1.0,8.0,7.998197999765249,0.8703755111849546,0.832205998732137,0.03816951245281763,0.004877053793042398,0.009586643765158519,1162,0.055952936015927754,0.797249782569897,True,0.05,360,paired cluster influence sandwich; asymptotic Bonferroni bounds,,,
218,1.0,validation,proxy_0.75,mlp_stronger,mlp_base:C5:E2,mlp_base,mlp,5.0,2.0,1.9909995955023065,0.8703755111849546,0.8601466329122315,0.010228878272723119,0.002977644053143114,0.008650529152253202,1162,0.021086397517797326,0.8286038141352451,True,0.05,360,paired cluster influence sandwich; asymptotic Bonferroni bounds,,,
218,1.0,validation,proxy_0.75,mlp_stronger,mlp_base:C5:E8,mlp_base,mlp,5.0,8.0,7.998197999765249,0.8703755111849546,0.8687357831539956,0.00163972803095902,0.0009684219788195792,0.008301182291477032,1162,0.005170929237257489,0.8384668037602221,True,0.05,360,paired cluster influence sandwich; asymptotic Bonferroni bounds,,,
218,1.0,validation,proxy_0.75,mlp_stronger,mlp_stronger:C1:E2,mlp_stronger,mlp,1.0,2.0,1.9948093103901194,0.8703755111849546,0.8408324390617815,0.029543072123173086,0.0042926253640425405,0.009351535582437879,1162,0.045195467664805505,0.8067335085834597,True,0.05,360,paired cluster influence sandwich; asymptotic Bonferroni bounds,,,
218,1.0,validation,proxy_0.75,mlp_stronger,mlp_stronger:C1:E8,mlp_stronger,mlp,1.0,8.0,7.995742559457445,0.8703755111849546,0.8388229176593426,0.031552593525612016,0.004405097460770328,0.00940016680664901,1162,0.04761510120051529,0.8045466609313549,True,0.05,360,paired cluster influence sandwich; asymptotic Bonferroni bounds,,,
218,1.0,validation,proxy_0.75,mlp_stronger,mlp_stronger:C5:E2,mlp_stronger,mlp,5.0,2.0,1.9948093103901194,0.8703755111849546,0.8651093221076358,0.005266189077318795,0.002301439747105496,0.00837586872614435,1162,0.013658033736924804,0.8345680101625991,True,0.05,360,paired cluster influence sandwich; asymptotic Bonferroni bounds,,,
218,1.0,validation,proxy_0.75,mlp_stronger,mlp_stronger:C5:E8,mlp_stronger,mlp,5.0,8.0,7.995742559457445,0.8703755111849546,0.8708406014476843,-0.0004650902627296727,0.0008534803567301556,0.00823177256658711,1162,0.0026469940673999903,0.8408247138977771,True,0.05,360,paired cluster influence sandwich; asymptotic Bonferroni bounds,,,
218,1.0,validation,proxy_0.75,mlp_stronger,logistic:C1:E2,logistic,logistic,1.0,2.0,1.9948093103901194,0.8703755111849546,0.8445624836855866,0.02581302749936798,0.004021697928635468,0.00926230682207146,1162,0.04047752798321274,0.8107889121036278,True,0.05,360,paired cluster influence sandwich; asymptotic Bonferroni bounds,,,
218,1.0,validation,proxy_0.75,mlp_stronger,logistic:C1:E8,logistic,logistic,1.0,8.0,7.995742559457445,0.8703755111849546,0.8448048692568085,0.025570641928146065,0.0039256644048609735,0.00922796300156338,1162,0.039884970996621937,0.8111565271131106,True,0.05,360,paired cluster influence sandwich; asymptotic Bonferroni bounds,,,
218,1.0,validation,proxy_0.75,mlp_stronger,logistic:C5:E2,logistic,logistic,5.0,2.0,1.9948093103901194,0.8703755111849546,0.8512477677739061,0.019127743411048503,0.003652210934583157,0.008999451352439566,1162,0.03244496662563976,0.8184326580729733,True,0.05,360,paired cluster influence sandwich; asymptotic Bonferroni bounds,,,
218,1.0,validation,proxy_0.75,mlp_stronger,logistic:C5:E8,logistic,logistic,5.0,8.0,7.995742559457445,0.8703755111849546,0.8636601878591761,0.0067153233257785105,0.0019107516817285929,0.008560469123656834,1162,0.01368258428332218,0.8324457590697923,True,0.05,360,paired cluster influence sandwich; asymptotic Bonferroni bounds,,,
218,1.0,test,source,mlp_stronger,mlp_base:C1:E2,mlp_base,mlp,1.0,2.0,1.9909995955023065,0.8641634079618689,0.8274652171723953,0.03669819078947356,0.004654808564485967,0.009524062075593183,1126,0.053672898096973176,0.7927337853912679,True,0.05,360,paired cluster influence sandwich; asymptotic Bonferroni bounds,0.0007667746374865336,0.032889492145542376,0.0030419240064446518
218,1.0,test,source,mlp_stronger,mlp_base:C1:E8,mlp_base,mlp,1.0,8.0,7.998197999765249,0.8641634079618689,0.8296302279135337,0.034533180048335166,0.004448138999499051,0.009447843126960776,1126,0.05075422470216803,0.7951767440493608,True,0.05,360,paired cluster influence sandwich; asymptotic Bonferroni bounds,0.0007667746374865336,0.032889492145542376,0.0008769132653062561
218,1.0,test,source,mlp_stronger,mlp_base:C5:E2,mlp_base,mlp,5.0,2.0,1.9909995955023065,0.8641634079618689,0.8515677446965629,0.012595663265305923,0.003022161135330902,0.008953445945063126,1126,0.023616589259930133,0.8189171808322359,True,0.05,360,paired cluster influence sandwich; asymptotic Bonferroni bounds,0.0007667746374865336,0.00010699180988171797,0.011721896817937671
218,1.0,test,source,mlp_stronger,mlp_base:C5:E8,mlp_base,mlp,5.0,8.0,7.998197999765249,0.8641634079618689,0.863009574718045,0.0011538332438238985,0.0010240677836194571,0.008497501156720478,1126,0.004888304951770447,0.8320217063702522,True,0.05,360,paired cluster influence sandwich; asymptotic Bonferroni bounds,0.0007667746374865336,0.00010699180988171797,0.0002800667964556469
218,1.0,test,source,mlp_stronger,mlp_stronger:C1:E2,mlp_stronger,mlp,1.0,2.0,1.9948093103901194,0.8641634079618689,0.8373262956498388,0.02683711231203001,0.003964150552552165,0.009333513642224208,1126,0.04129319453758696,0.8032897375331236,True,0.05,360,paired cluster influence sandwich; asymptotic Bonferroni bounds,-1.1102230246251565e-16,0.030061551758861382,-0.003224439446831262
218,1.0,test,source,mlp_stronger,mlp_stronger:C1:E8,mlp_stronger,mlp,1.0,8.0,7.995742559457445,0.8641634079618689,0.8353542897422127,0.02880911821965615,0.004046082817520947,0.009348213472552692,1126,0.04356398313361334,0.80126412570082,True,0.05,360,paired cluster influence sandwich; asymptotic Bonferroni bounds,-1.1102230246251565e-16,0.030061551758861382,-0.0012524335392051222
218,1.0,test,source,mlp_stronger,mlp_stronger:C5:E2,mlp_stronger,mlp,5.0,2.0,1.9948093103901194,0.8641634079618689,0.8612767269736841,0.0028866809881847866,0.002306712708295128,0.008581280710348043,1126,0.011298578604026594,0.8299833394232261,True,0.05,360,paired cluster influence sandwich; asymptotic Bonferroni bounds,-1.1102230246251565e-16,5.139802631581869e-05,0.002835282961869079
218,1.0,test,source,mlp_stronger,mlp_stronger:C5:E8,mlp_stronger,mlp,5.0,8.0,7.995742559457445,0.8641634079618689,0.8647770374597209,-0.0006136294978520418,0.0008640897189992184,0.008425781632282917,1126,0.002537449620489977,0.8340507089623205,True,0.05,360,paired cluster influence sandwich; asymptotic Bonferroni bounds,-1.1102230246251565e-16,5.139802631581869e-05,-0.0006650275241677495
218,1.0,test,source,mlp_stronger,logistic:C1:E2,logistic,logistic,1.0,2.0,1.9948093103901194,0.8641634079618689,0.837054620367884,0.02710878759398483,0.00369276506200141,0.00932826392187277,1126,0.0405752073649463,0.8030372064254516,True,0.05,360,paired cluster influence sandwich; asymptotic Bonferroni bounds,0.007190478987647686,0.018731958243823787,0.0011863503625133553
218,1.0,test,source,mlp_stronger,logistic:C1:E8,logistic,logistic,1.0,8.0,7.995742559457445,0.8641634079618689,0.8380248892320086,0.026138518729860283,0.003578879626033769,0.009288481172976343,1126,0.03918963206762342,0.8041525511845456,True,0.05,360,paired cluster influence sandwich; asymptotic Bonferroni bounds,0.007190478987647686,0.018731958243823787,0.0002160814983888093
218,1.0,test,source,mlp_stronger,logistic:C5:E2,logistic,logistic,5.0,2.0,1.9948093103901194,0.8641634079618689,0.8368385388694951,0.02732486909237375,0.003893399172337619,0.009270113265238423,1126,0.041522942002594626,0.8030331831379284,True,0.05,360,paired cluster influence sandwich; asymptotic Bonferroni bounds,0.007190478987647686,0.0,0.020134390104726063
218,1.0,test,source,mlp_stronger,logistic:C5:E8,logistic,logistic,5.0,8.0,7.995742559457445,0.8641634079618689,0.853249194414608,0.010914213547260854,0.0019164662928634068,0.008804100511799267,1126,0.017902998141807895,0.8211432490844796,True,0.05,360,paired cluster influence sandwich; asymptotic Bonferroni bounds,0.007190478987647686,0.0,0.0037237345596131677
218,1.0,test,state_CO,mlp_stronger,mlp_base:C1:E2,mlp_base,mlp,1.0,2.0,1.9909995955023065,0.8479361263700651,0.8162461279360019,0.03168999843406317,0.0053021176119616405,0.009389689973879591,1197,0.05102161574998942,0.7820111473914884,True,0.05,360,paired cluster influence sandwich; asymptotic Bonferroni bounds,0.0009354139206598777,0.029781836999457578,0.0009727475139457153
218,1.0,test,state_CO,mlp_stronger,mlp_base:C1:E8,mlp_base,mlp,1.0,8.0,7.998197999765249,0.8479361263700651,0.8170342815720347,0.030901844798030376,0.005068347953461353,0.009350621987890844,1197,0.04938113368427278,0.7829417436155042,True,0.05,360,paired cluster influence sandwich; asymptotic Bonferroni bounds,0.0009354139206598777,0.029781836999457578,0.0001845938779129197
218,1.0,test,state_CO,mlp_stronger,mlp_base:C5:E2,mlp_base,mlp,5.0,2.0,1.9909995955023065,0.8479361263700651,0.8389408044767127,0.008995321893352393,0.003934208627683146,0.008781198970227777,1197,0.023339518155578984,0.8069243932065289,True,0.05,360,paired cluster influence sandwich; asymptotic Bonferroni bounds,0.0009354139206598777,-4.044472605968519e-05,0.0081003526987522
218,1.0,test,state_CO,mlp_stronger,mlp_base:C5:E8,mlp_base,mlp,5.0,8.0,7.998197999765249,0.8479361263700651,0.8473750854265207,0.0005610409435443664,0.0013596279872478332,0.0086205514918824,1197,0.005518269331349567,0.8159443977862947,True,0.05,360,paired cluster influence sandwich; asymptotic Bonferroni bounds,0.0009354139206598777,-4.044472605968519e-05,-0.00033392825105582613
218,1.0,test,state_CO,mlp_stronger,mlp_stronger:C1:E2,mlp_stronger,mlp,1.0,2.0,1.9948093103901194,0.8479361263700651,0.823362325633971,0.024573800736094054,0.004530203729906617,0.0092300141104778,1197,0.04109100598860742,0.7897095261936468,True,0.05,360,paired cluster influence sandwich; asymptotic Bonferroni bounds,0.0,0.025820327934135356,-0.0012465271980413029
218,1.0,test,state_CO,mlp_stronger,mlp_stronger:C1:E8,mlp_stronger,mlp,1.0,8.0,7.995742559457445,0.8479361263700651,0.82277950676101,0.02515661960905513,0.004624097197655003,0.009223234392347466,1197,0.042016162153914134,0.7891514262963851,True,0.05,360,paired cluster influence sandwich; asymptotic Bonferroni bounds,0.0,0.025820327934135356,-0.0006637083250802256
218,1.0,test,state_CO,mlp_stronger,mlp_stronger:C5:E2,mlp_stronger,mlp,5.0,2.0,1.9948093103901194,0.8479361263700651,0.8363990090005071,0.011537117369557981,0.003123383299733066,0.009071021532932828,1197,0.02292502972841937,0.8033258993917018,True,0.05,360,paired cluster influence sandwich; asymptotic Bonferroni bounds,0.0,0.00012444531095257005,0.011412672058605411
218,1.0,test,state_CO,mlp_stronger,mlp_stronger:C5:E8,mlp_stronger,mlp,5.0,8.0,7.995742559457445,0.8479361263700651,0.8460030758732691,0.0019330504967960405,0.001117522918130418,0.008713045656654176,1197,0.006007559396096314,0.8142351528248185,True,0.05,360,paired cluster influence sandwich; asymptotic Bonferroni bounds,0.0,0.00012444531095257005,0.0018086051858434704
218,1.0,test,state_CO,mlp_stronger,logistic:C1:E2,logistic,logistic,1.0,2.0,1.9948093103901194,0.8479361263700651,0.8251035229430486,0.02283260342701654,0.004367362274835472,0.009202268029624294,1197,0.03875608577049784,0.7915518862185167,True,0.05,360,paired cluster influence sandwich; asymptotic Bonferroni bounds,0.005265073697550138,0.017147526805001423,0.00042000292446497944
218,1.0,test,state_CO,mlp_stronger,logistic:C1:E8,logistic,logistic,1.0,8.0,7.995742559457445,0.8479361263700651,0.8256624897980772,0.022273636571987887,0.004169322451839844,0.009162182347136293,1197,0.037475062116346464,0.7922570062014875,True,0.05,360,paired cluster influence sandwich; asymptotic Bonferroni bounds,0.005265073697550138,0.017147526805001423,-0.00013896393056367362
218,1.0,test,state_CO,mlp_stronger,logistic:C5:E2,logistic,logistic,5.0,2.0,1.9948093103901194,0.8479361263700651,0.815879014268692,0.032057112101373075,0.005428188429260801,0.009416395171096848,1197,0.05184838591176017,0.7815466660890686,True,0.05,360,paired cluster influence sandwich; asymptotic Bonferroni bounds,0.005265073697550138,0.0,0.026792038403822938
218,1.0,test,state_CO,mlp_stronger,logistic:C5:E8,logistic,logistic,5.0,8.0,7.995742559457445,0.8479361263700651,0.8410750415595486,0.0068610848105165045,0.002427334902662537,0.00876696199658733,1197,0.01571119204503002,0.809110538554382,True,0.05,360,paired cluster influence sandwich; asymptotic Bonferroni bounds,0.005265073697550138,0.0,0.0015960111129663668
218,1.0,test,state_UT,mlp_stronger,mlp_base:C1:E2,mlp_base,mlp,1.0,2.0,1.9909995955023065,0.8693851141395826,0.8481052616233759,0.021279852516206788,0.004554963374237295,0.008857246122340212,1148,0.0378894451439999,0.81580747176007,True,0.05,360,paired cluster influence sandwich; asymptotic Bonferroni bounds,0.002767563882170032,0.018326700375325577,0.0001855882587111779
218,1.0,test,state_UT,mlp_stronger,mlp_base:C1:E8,mlp_base,mlp,1.0,8.0,7.998197999765249,0.8693851141395826,0.8483502829800429,0.021034831159539746,0.004391773686775387,0.008836292762168392,1148,0.03704935550530677,0.8161288991705388,True,0.05,360,paired cluster influence sandwich; asymptotic Bonferroni bounds,0.002767563882170032,0.018326700375325577,-5.943309795586327e-05
218,1.0,test,state_UT,mlp_stronger,mlp_base:C5:E2,mlp_base,mlp,5.0,2.0,1.9909995955023065,0.8693851141395826,0.8560362160628601,0.01334889807672257,0.0032011370391470824,0.008361333288949549,1148,0.025021787142460852,0.8255467634933513,True,0.05,360,paired cluster influence sandwich; asymptotic Bonferroni bounds,0.002767563882170032,-5.0462064302037035e-05,0.010631796258854576
218,1.0,test,state_UT,mlp_stronger,mlp_base:C5:E8,mlp_base,mlp,5.0,8.0,7.998197999765249,0.8693851141395826,0.8675112894851635,0.0018738246544190984,0.001021921871242704,0.00800909730755344,1148,0.00560024451429679,0.8383062591336095,True,0.05,360,paired cluster influence sandwich; asymptotic Bonferroni bounds,0.002767563882170032,-5.0462064302037035e-05,-0.0008432771634488967
218,1.0,test,state_UT,mlp_stronger,mlp_stronger:C1:E2,mlp_stronger,mlp,1.0,2.0,1.9948093103901194,0.8693851141395826,0.8521865212462112,0.017198592893371445,0.0039074025547302105,0.00870829034758064,1148,0.03144686655325221,0.8204318959563697,True,0.05,360,paired cluster influence sandwich; asymptotic Bonferroni bounds,1.1102230246251565e-16,0.016774711553233512,0.00042388134013782164
218,1.0,test,state_UT,mlp_stronger,mlp_stronger:C1:E8,mlp_stronger,mlp,1.0,8.0,7.995742559457445,0.8693851141395826,0.8528290715316583,0.016556042607924315,0.003992532960872198,0.008683934081983492,1148,0.031114742774032207,0.8211632609295025,True,0.05,360,paired cluster influence sandwich; asymptotic Bonferroni bounds,1.1102230246251565e-16,0.016774711553233512,-0.00021866894530930825
218,1.0,test,state_UT,mlp_stronger,mlp_stronger:C5:E2,mlp_stronger,mlp,5.0,2.0,1.9948093103901194,0.8693851141395826,0.8548385830700896,0.014546531069492996,0.002639703833357396,0.008428872229829224,1148,0.024172163973167383,0.8241028509583854,True,0.05,360,paired cluster influence sandwich; asymptotic Bonferroni bounds,1.1102230246251565e-16,2.691310096114563e-05,0.01451961796853174
218,1.0,test,state_UT,mlp_stronger,mlp_stronger:C5:E8,mlp_stronger,mlp,5.0,8.0,7.995742559457445,0.8693851141395826,0.8662295530518895,0.003155561087693104,0.0008805611236625328,0.008059068798058698,1148,0.006366511505127675,0.8368423025523117,True,0.05,360,paired cluster influence sandwich; asymptotic Bonferroni bounds,1.1102230246251565e-16,2.691310096114563e-05,0.0031286479867318473
218,1.0,test,state_UT,mlp_stronger,logistic:C1:E2,logistic,logistic,1.0,2.0,1.9948093103901194,0.8693851141395826,0.8558310036680313,0.013554110471551306,0.0036622205266976793,0.008591793318898783,1148,0.026908332243263295,0.8245011827135437,True,0.05,360,paired cluster influence sandwich; asymptotic Bonferroni bounds,0.003773441030592517,0.010249405949365187,-0.0004687365084063977
218,1.0,test,state_UT,mlp_stronger,logistic:C1:E8,logistic,logistic,1.0,8.0,7.995742559457445,0.8693851141395826,0.855663918166231,0.013721195973351641,0.0035120876500887104,0.008551171031290977,1148,0.026527960890719272,0.8244822256583059,True,0.05,360,paired cluster influence sandwich; asymptotic Bonferroni bounds,0.003773441030592517,0.010249405949365187,-0.0003016510066060629
218,1.0,test,state_UT,mlp_stronger,logistic:C5:E2,logistic,logistic,5.0,2.0,1.9948093103901194,0.8693851141395826,0.8573684145604362,0.012016699579146417,0.004103157580477089,0.00862181017788096,1148,0.026978790445744735,0.8259291376655387,True,0.05,360,paired cluster influence sandwich; asymptotic Bonferroni bounds,0.003773441030592517,0.0,0.0082432585485539
218,1.0,test,state_UT,mlp_stronger,logistic:C5:E8,logistic,logistic,5.0,8.0,7.995742559457445,0.8693851141395826,0.8668541612700292,0.0025309528695534045,0.0018977097961685192,0.008141023341622408,1148,0.009450917762884583,0.8371680649904197,True,0.05,360,paired cluster influence sandwich; asymptotic Bonferroni bounds,0.003773441030592517,0.0,-0.0012424881610391125
219,1.0,validation,source,mlp_base,mlp_base:C1:E2,mlp_base,mlp,1.0,2.0,1.9909995955023065,0.8727622392500822,0.8355766725928602,0.03718556665722206,0.0047650703305540994,0.008849284416188164,1138,0.054561785199148574,0.8033070334714015,True,0.05,360,paired cluster influence sandwich; asymptotic Bonferroni bounds,,,
219,1.0,validation,source,mlp_base,mlp_base:C1:E8,mlp_base,mlp,1.0,8.0,7.998197999765249,0.8727622392500822,0.8386964865249154,0.034065752725166876,0.004534326340972535,0.008766959491178084,1138,0.0506005444439684,0.8067270519732089,True,0.05,360,paired cluster influence sandwich; asymptotic Bonferroni bounds,,,
219,1.0,validation,source,mlp_base,mlp_base:C5:E2,mlp_base,mlp,5.0,2.0,1.9909995955023065,0.8727622392500822,0.8518700721002909,0.020892167149791363,0.003390933137083848,0.008462449742878082,1138,0.03325748206932536,0.8210110572418008,True,0.05,360,paired cluster influence sandwich; asymptotic Bonferroni bounds,,,
219,1.0,validation,source,mlp_base,mlp_base:C5:E8,mlp_base,mlp,5.0,8.0,7.998197999765249,0.8727622392500822,0.869150478610178,0.0036117606399042046,0.0011330596081633385,0.00791380488122434,1138,0.007743555137507427,0.8402921420956929,True,0.05,360,paired cluster influence sandwich; asymptotic Bonferroni bounds,,,
219,1.0,validation,source,mlp_base,mlp_stronger:C1:E2,mlp_stronger,mlp,1.0,2.0,1.9948093103901194,0.8727622392500822,0.8375299293527166,0.03523230989736559,0.004692411706108467,0.00883434716141358,1138,0.05234357282484344,0.8053147601520303,True,0.05,360,paired cluster influence sandwich; asymptotic Bonferroni bounds,,,
219,1.0,validation,source,mlp_base,mlp_stronger:C1:E8,mlp_stronger,mlp,1.0,8.0,7.995742559457445,0.8727622392500822,0.8392091904778215,0.03355304877226073,0.004575756972162327,0.008784194858201812,1138,0.05023892067497217,0.8071769057511378,True,0.05,360,paired cluster influence sandwich; asymptotic Bonferroni bounds,,,
219,1.0,validation,source,mlp_base,mlp_stronger:C5:E2,mlp_stronger,mlp,5.0,2.0,1.9948093103901194,0.8727622392500822,0.8579861943563126,0.014776044893769602,0.0027937678414003365,0.00827949900461875,1138,0.02496374773968616,0.827794324322531,True,0.05,360,paired cluster influence sandwich; asymptotic Bonferroni bounds,,,
219,1.0,validation,source,mlp_base,mlp_stronger:C5:E8,mlp_stronger,mlp,5.0,8.0,7.995742559457445,0.8727622392500822,0.8703139221956183,0.002448317054463911,0.001169810757045275,0.007870362803159416,1138,0.0067141276211573776,0.8416140007705247,True,0.05,360,paired cluster influence sandwich; asymptotic Bonferroni bounds,,,
219,1.0,validation,source,mlp_base,logistic:C1:E2,logistic,logistic,1.0,2.0,1.9948093103901194,0.8727622392500822,0.8489536791697933,0.023808560080288976,0.003801146085666884,0.008494830140262513,1138,0.03766975005493009,0.8179765865448915,True,0.05,360,paired cluster influence sandwich; asymptotic Bonferroni bounds,,,
219,1.0,validation,source,mlp_base,logistic:C1:E8,logistic,logistic,1.0,8.0,7.995742559457445,0.8727622392500822,0.849338726065599,0.023423513184483213,0.003722773384449571,0.008482367943851321,1138,0.03699891069655751,0.8184070778587921,True,0.05,360,paired cluster influence sandwich; asymptotic Bonferroni bounds,,,
219,1.0,validation,source,mlp_base,logistic:C5:E2,logistic,logistic,5.0,2.0,1.9948093103901194,0.8727622392500822,0.8550978237066421,0.017664415543440115,0.0034968484432221793,0.00829669787761386,1138,0.0304159592862076,0.8248432365763422,True,0.05,360,paired cluster influence sandwich; asymptotic Bonferroni bounds,,,
219,1.0,validation,source,mlp_base,logistic:C5:E8,logistic,logistic,5.0,8.0,7.995742559457445,0.8727622392500822,0.8672958187643418,0.00546642048574042,0.0017288251647765594,0.00793789447318392,1138,0.011770722794001714,0.8383496375832646,True,0.05,360,paired cluster influence sandwich; asymptotic Bonferroni bounds,,,
219,1.0,validation,state_OR,mlp_base,mlp_base:C1:E2,mlp_base,mlp,1.0,2.0,1.9909995955023065,0.8350788070520034,0.8127452535427323,0.02233355350927113,0.005400480392406013,0.009833825378274512,1193,0.042024000104415114,0.7768905888893497,True,0.05,360,paired cluster influence sandwich; asymptotic Bonferroni bounds,,,
219,1.0,validation,state_OR,mlp_base,mlp_base:C1:E8,mlp_base,mlp,1.0,8.0,7.998197999765249,0.8350788070520034,0.8161434953219855,0.018935311730017945,0.005100963236227458,0.009810713252798385,1193,0.03753370240799643,0.7803730987409447,True,0.05,360,paired cluster influence sandwich; asymptotic Bonferroni bounds,,,
219,1.0,validation,state_OR,mlp_base,mlp_base:C5:E2,mlp_base,mlp,5.0,2.0,1.9909995955023065,0.8350788070520034,0.8177698277847548,0.017308979267248614,0.0039527846420348055,0.00996066526446836,1193,0.03172104805385818,0.7814526979757268,True,0.05,360,paired cluster influence sandwich; asymptotic Bonferroni bounds,,,
219,1.0,validation,state_OR,mlp_base,mlp_base:C5:E8,mlp_base,mlp,5.0,8.0,7.998197999765249,0.8350788070520034,0.834522029906266,0.0005567771457374304,0.0013160105791904313,0.009619301879544413,1193,0.005355023624815756,0.799449529650904,True,0.05,360,paired cluster influence sandwich; asymptotic Bonferroni bounds,,,
219,1.0,validation,state_OR,mlp_base,mlp_stronger:C1:E2,mlp_stronger,mlp,1.0,2.0,1.9948093103901194,0.8350788070520034,0.8167236299479834,0.018355177104020015,0.005429085327162039,0.009851493824286826,1193,0.03814991885426966,0.7808045451750288,True,0.05,360,paired cluster influence sandwich; asymptotic Bonferroni bounds,,,
219,1.0,validation,state_OR,mlp_base,mlp_stronger:C1:E8,mlp_stronger,mlp,1.0,8.0,7.995742559457445,0.8350788070520034,0.817825233900721,0.017253573151282398,0.005281504298963957,0.009812014957815422,1193,0.036510226408834806,0.7820500912320625,True,0.05,360,paired cluster influence sandwich; asymptotic Bonferroni bounds,,,
219,1.0,validation,state_OR,mlp_base,mlp_stronger:C5:E2,mlp_stronger,mlp,5.0,2.0,1.9948093103901194,0.8350788070520034,0.8286989557576732,0.006379851294330274,0.0031896496586731175,0.00977290587787533,1193,0.01800948823359915,0.7930664069314121,True,0.05,360,paired cluster influence sandwich; asymptotic Bonferroni bounds,,,
219,1.0,validation,state_OR,mlp_base,mlp_stronger:C5:E8,mlp_stronger,mlp,5.0,8.0,7.995742559457445,0.8350788070520034,0.8353455168847421,-0.0002667098327386874,0.001403371347761808,0.00960884674336807,1193,0.004850058781978586,0.8003111366271519,True,0.05,360,paired cluster influence sandwich; asymptotic Bonferroni bounds,,,
219,1.0,validation,state_OR,mlp_base,logistic:C1:E2,logistic,logistic,1.0,2.0,1.9948093103901194,0.8350788070520034,0.827714682403452,0.007364124648551407,0.004391255151314898,0.00958966666455393,1193,0.023374880870202053,0.7927502337612254,True,0.05,360,paired cluster influence sandwich; asymptotic Bonferroni bounds,,,
219,1.0,validation,state_OR,mlp_base,logistic:C1:E8,logistic,logistic,1.0,8.0,7.995742559457445,0.8350788070520034,0.826934651202204,0.00814415584979944,0.004289785903648816,0.009605152763742216,1193,0.023784949650138845,0.7919137393961702,True,0.05,360,paired cluster influence sandwich; asymptotic Bonferroni bounds,,,
219,1.0,validation,state_OR,mlp_base,logistic:C5:E2,logistic,logistic,5.0,2.0,1.9948093103901194,0.8350788070520034,0.8271932130767125,0.007885593975290983,0.004505301848708628,0.009692295966249542,1193,0.024312170687196818,0.7918545723927971,True,0.05,360,paired cluster influence sandwich; asymptotic Bonferroni bounds,,,
219,1.0,validation,state_OR,mlp_base,logistic:C5:E8,logistic,logistic,5.0,8.0,7.995742559457445,0.8350788070520034,0.8382146845762409,-0.003135877524237496,0.0021021010297940647,0.009450602424340848,1193,0.004528497690041657,0.8037572717523576,True,0.05,360,paired cluster influence sandwich; asymptotic Bonferroni bounds,,,
219,1.0,validation,state_WA,mlp_base,mlp_base:C1:E2,mlp_base,mlp,1.0,2.0,1.9909995955023065,0.8501147168251345,0.8127470028937578,0.03736771393137672,0.005203515641998727,0.009625650046270159,1192,0.05634006388737183,0.77765126881778,True,0.05,360,paired cluster influence sandwich; asymptotic Bonferroni bounds,,,
219,1.0,validation,state_WA,mlp_base,mlp_base:C1:E8,mlp_base,mlp,1.0,8.0,7.998197999765249,0.8501147168251345,0.8161161637040097,0.033998553121124764,0.0049638907362630665,0.009573618763016895,1192,0.052097215385457044,0.7812101390057791,True,0.05,360,paired cluster influence sandwich; asymptotic Bonferroni bounds,,,
219,1.0,validation,state_WA,mlp_base,mlp_base:C5:E2,mlp_base,mlp,5.0,2.0,1.9909995955023065,0.8501147168251345,0.8320090946672178,0.018105622157916668,0.0036513416506742816,0.009056972458606255,1192,0.031418646730450514,0.7989867953510416,True,0.05,360,paired cluster influence sandwich; asymptotic Bonferroni bounds,,,
219,1.0,validation,state_WA,mlp_base,mlp_base:C5:E8,mlp_base,mlp,5.0,8.0,7.998197999765249,0.8501147168251345,0.8465481603968582,0.003566556428276302,0.001210442036018089,0.008708981976766153,1192,0.007979905304068542,0.8147946565753159,True,0.05,360,paired cluster influence sandwich; asymptotic Bonferroni bounds,,,
219,1.0,validation,state_WA,mlp_base,mlp_stronger:C1:E2,mlp_stronger,mlp,1.0,2.0,1.9948093103901194,0.8501147168251345,0.8162102108309217,0.0339045059942128,0.005201609447292729,0.009604510866781093,1192,0.05286990584271624,0.781191551551801,True,0.05,360,paired cluster influence sandwich; asymptotic Bonferroni bounds,,,
219,1.0,validation,state_WA,mlp_base,mlp_stronger:C1:E8,mlp_stronger,mlp,1.0,8.0,7.995742559457445,0.8501147168251345,0.8179144274493593,0.03220028937577524,0.005031009639181635,0.009550859484061893,1192,0.05054367144157321,0.7830913845339823,True,0.05,360,paired cluster influence sandwich; asymptotic Bonferroni bounds,,,
219,1.0,validation,state_WA,mlp_base,mlp_stronger:C5:E2,mlp_stronger,mlp,5.0,2.0,1.9948093103901194,0.8501147168251345,0.8327366680446466,0.017378048780487876,0.0033740418211671563,0.009118466058612064,1192,0.029680020486055395,0.7994901591402551,True,0.05,360,paired cluster influence sandwich; asymptotic Bonferroni bounds,,,
219,1.0,validation,state_WA,mlp_base,mlp_stronger:C5:E8,mlp_stronger,mlp,5.0,8.0,7.995742559457445,0.8501147168251345,0.8459756097560976,0.0041391070690368625,0.0014202144426381776,0.008757454021951284,1192,0.009317299520465769,0.8140453737658438,True,0.05,360,paired cluster influence sandwich; asymptotic Bonferroni bounds,,,
219,1.0,validation,state_WA,mlp_base,logistic:C1:E2,logistic,logistic,1.0,2.0,1.9948093103901194,0.8501147168251345,0.8287319140140554,0.02138280281107907,0.00419731552818763,0.009251555911219149,1192,0.03668648296796628,0.7950001510174357,True,0.05,360,paired cluster influence sandwich; asymptotic Bonferroni bounds,,,
219,1.0,validation,state_WA,mlp_base,logistic:C1:E8,logistic,logistic,1.0,8.0,7.995742559457445,0.8501147168251345,0.827585779247623,0.02252893757751151,0.0041232551923923565,0.009264602193202505,1192,0.037562589025879896,0.7938064486746871,True,0.05,360,paired cluster influence sandwich; asymptotic Bonferroni bounds,,,
219,1.0,validation,state_WA,mlp_base,logistic:C5:E2,logistic,logistic,5.0,2.0,1.9948093103901194,0.8501147168251345,0.8405570483670938,0.009557668458040736,0.003956797896236146,0.008917720197702846,1192,0.023984405986536422,0.8080424716768858,True,0.05,360,paired cluster influence sandwich; asymptotic Bonferroni bounds,,,
219,1.0,validation,state_WA,mlp_base,logistic:C5:E8,logistic,logistic,5.0,8.0,7.995742559457445,0.8501147168251345,0.8480389623811492,0.0020757544439853337,0.0018950440726722057,0.008683419718136496,1192,0.008985206015262096,0.8163786601851528,True,0.05,360,paired cluster influence sandwich; asymptotic Bonferroni bounds,,,
219,1.0,validation,proxy_0.5,mlp_base,mlp_base:C1:E2,mlp_base,mlp,1.0,2.0,1.9909995955023065,0.8724150743265051,0.83471784157863,0.037697232747875065,0.00471705501531074,0.008908237810236617,1138,0.0548983595171412,0.8022332240858753,True,0.05,360,paired cluster influence sandwich; asymptotic Bonferroni bounds,,,
219,1.0,validation,proxy_0.5,mlp_base,mlp_base:C1:E8,mlp_base,mlp,1.0,8.0,7.998197999765249,0.8724150743265051,0.8378231254391455,0.034591948887359614,0.004495693259278763,0.008830550539804726,1138,0.050985861915209894,0.8056218009295593,True,0.05,360,paired cluster influence sandwich; asymptotic Bonferroni bounds,,,
219,1.0,validation,proxy_0.5,mlp_base,mlp_base:C5:E2,mlp_base,mlp,5.0,2.0,1.9909995955023065,0.8724150743265051,0.8555664185138021,0.016848655812703006,0.003228181820713381,0.008440039490123641,1138,0.028620484750906148,0.8247891244741935,True,0.05,360,paired cluster influence sandwich; asymptotic Bonferroni bounds,,,
219,1.0,validation,proxy_0.5,mlp_base,mlp_base:C5:E8,mlp_base,mlp,5.0,8.0,7.998197999765249,0.8724150743265051,0.8692194964499921,0.003195577876513034,0.0011201731479755946,0.007939410032296134,1138,0.0072803808434733,0.8402677886587034,True,0.05,360,paired cluster influence sandwich; asymptotic Bonferroni bounds,,,
219,1.0,validation,proxy_0.5,mlp_base,mlp_stronger:C1:E2,mlp_stronger,mlp,1.0,2.0,1.9948093103901194,0.8724150743265051,0.8369482075599962,0.0354668667665089,0.004628170233916292,0.008881422527065792,1138,0.05234386791339798,0.8045613741896819,True,0.05,360,paired cluster influence sandwich; asymptotic Bonferroni bounds,,,
219,1.0,validation,proxy_0.5,mlp_base,mlp_stronger:C1:E8,mlp_stronger,mlp,1.0,8.0,7.995742559457445,0.8724150743265051,0.8381915665389058,0.034223507787599305,0.004522964858176095,0.008842482282422938,1138,0.05071686893049403,0.8059467319543494,True,0.05,360,paired cluster influence sandwich; asymptotic Bonferroni bounds,,,
219,1.0,validation,proxy_0.5,mlp_base,mlp_stronger:C5:E2,mlp_stronger,mlp,5.0,2.0,1.9948093103901194,0.8724150743265051,0.8597240946987034,0.012690979627801746,0.0026820111523575044,0.008250559576750718,1138,0.02247115257014507,0.8296377546546658,True,0.05,360,paired cluster influence sandwich; asymptotic Bonferroni bounds,,,
219,1.0,validation,proxy_0.5,mlp_base,mlp_stronger:C5:E8,mlp_stronger,mlp,5.0,8.0,7.995742559457445,0.8724150743265051,0.8707700626557442,0.0016450116707609208,0.0011427102898469623,0.007887490748566855,1138,0.005811998168141766,0.8420076827773796,True,0.05,360,paired cluster influence sandwich; asymptotic Bonferroni bounds,,,
219,1.0,validation,proxy_0.5,mlp_base,logistic:C1:E2,logistic,logistic,1.0,2.0,1.9948093103901194,0.8724150743265051,0.848223543074916,0.024191531251589127,0.0037543867106633252,0.00855147116159689,1138,0.03788220934233718,0.8170399043348744,True,0.05,360,paired cluster influence sandwich; asymptotic Bonferroni bounds,,,
219,1.0,validation,proxy_0.5,mlp_base,logistic:C1:E8,logistic,logistic,1.0,8.0,7.995742559457445,0.8724150743265051,0.8484269640764739,0.023988110250031225,0.003689912715599984,0.00853996793011371,1138,0.03744367864653024,0.8172852728105143,True,0.05,360,paired cluster influence sandwich; asymptotic Bonferroni bounds,,,
219,1.0,validation,proxy_0.5,mlp_base,logistic:C5:E2,logistic,logistic,5.0,2.0,1.9948093103901194,0.8724150743265051,0.8559805255526876,0.01643454877381756,0.003291672000344995,0.008273044076801362,1138,0.028437899842863375,0.8258121939409325,True,0.05,360,paired cluster influence sandwich; asymptotic Bonferroni bounds,,,
219,1.0,validation,proxy_0.5,mlp_base,logistic:C5:E8,logistic,logistic,5.0,8.0,7.995742559457445,0.8724150743265051,0.8672755804504116,0.0051394938760934705,0.0016571913764706475,0.00795833269456126,1138,0.011182577718677915,0.8382548696240983,True,0.05,360,paired cluster influence sandwich; asymptotic Bonferroni bounds,,,
219,1.0,validation,proxy_0.75,mlp_base,mlp_base:C1:E2,mlp_base,mlp,1.0,2.0,1.9909995955023065,0.8716091742871702,0.8350172648385761,0.03659190944859414,0.004731279800822817,0.008900153735443192,1138,0.05384490806121692,0.8025621265854915,True,0.05,360,paired cluster influence sandwich; asymptotic Bonferroni bounds,,,
219,1.0,validation,proxy_0.75,mlp_base,mlp_base:C1:E8,mlp_base,mlp,1.0,8.0,7.998197999765249,0.8716091742871702,0.8379295063200621,0.033679667967108085,0.004506292909603383,0.008822388641229454,1138,0.05011223348647095,0.8057579448409293,True,0.05,360,paired cluster influence sandwich; asymptotic Bonferroni bounds,,,
219,1.0,validation,proxy_0.75,mlp_base,mlp_base:C5:E2,mlp_base,mlp,5.0,2.0,1.9909995955023065,0.8716091742871702,0.8538544647277323,0.01775470955943792,0.0032575453638381538,0.008470887716172845,1138,0.02963361505834358,0.8229646801097529,True,0.05,360,paired cluster influence sandwich; asymptotic Bonferroni bounds,,,
219,1.0,validation,proxy_0.75,mlp_base,mlp_base:C5:E8,mlp_base,mlp,5.0,8.0,7.998197999765249,0.8716091742871702,0.8684582244875296,0.00315094979964059,0.001091844206437693,0.007957406408279591,1138,0.007132448965171592,0.8394408914398735,True,0.05,360,paired cluster influence sandwich; asymptotic Bonferroni bounds,,,
219,1.0,validation,proxy_0.75,mlp_base,mlp_stronger:C1:E2,mlp_stronger,mlp,1.0,2.0,1.9948093103901194,0.8716091742871702,0.8371272387986122,0.034481935488558046,0.004653379964416552,0.008875766015794258,1138,0.051450865978807866,0.8047610323591132,True,0.05,360,paired cluster influence sandwich; asymptotic Bonferroni bounds,,,
219,1.0,validation,proxy_0.75,mlp_base,mlp_stronger:C1:E8,mlp_stronger,mlp,1.0,8.0,7.995742559457445,0.8716091742871702,0.8384079608186242,0.03320121346854599,0.004546890707656007,0.008836404377018835,1138,0.049781822177693495,0.8061852898130399,True,0.05,360,paired cluster influence sandwich; asymptotic Bonferroni bounds,,,
219,1.0,validation,proxy_0.75,mlp_base,mlp_stronger:C5:E2,mlp_stronger,mlp,5.0,2.0,1.9948093103901194,0.8716091742871702,0.8582332055724902,0.013375968714680053,0.0027502337137561943,0.00827697604425192,1138,0.023404920804888714,0.8280505357199578,True,0.05,360,paired cluster influence sandwich; asymptotic Bonferroni bounds,,,
219,1.0,validation,proxy_0.75,mlp_base,mlp_stronger:C5:E8,mlp_stronger,mlp,5.0,8.0,7.995742559457445,0.8716091742871702,0.8697181892624846,0.001890985024685654,0.0011455589557361357,0.007916400461995805,1138,0.006068359415131962,0.8408503877505074,True,0.05,360,paired cluster influence sandwich; asymptotic Bonferroni bounds,,,
219,1.0,validation,proxy_0.75,mlp_base,logistic:C1:E2,logistic,logistic,1.0,2.0,1.9948093103901194,0.8716091742871702,0.8481503737860904,0.023458800501079846,0.0037618516506926036,0.008543118005146804,1138,0.037176700105961566,0.8169971955139795,True,0.05,360,paired cluster influence sandwich; asymptotic Bonferroni bounds,,,
219,1.0,validation,proxy_0.75,mlp_base,logistic:C1:E8,logistic,logistic,1.0,8.0,7.995742559457445,0.8716091742871702,0.8482302891795594,0.02337888510761077,0.003693524341508158,0.008535831942743172,1138,0.03684762359326245,0.8171036801296957,True,0.05,360,paired cluster influence sandwich; asymptotic Bonferroni bounds,,,
219,1.0,validation,proxy_0.75,mlp_base,logistic:C5:E2,logistic,logistic,5.0,2.0,1.9948093103901194,0.8716091742871702,0.8549338414706924,0.016675332816477817,0.0033782678498526708,0.008321553610413895,1138,0.02899446273063759,0.8245886158785876,True,0.05,360,paired cluster influence sandwich; asymptotic Bonferroni bounds,,,
219,1.0,validation,proxy_0.75,mlp_base,logistic:C5:E8,logistic,logistic,5.0,8.0,7.995742559457445,0.8716091742871702,0.8667156537650008,0.004893520522169403,0.0016715537218217468,0.007977063165017154,1138,0.01098897783131007,0.8376266407468085,True,0.05,360,paired cluster influence sandwich; asymptotic Bonferroni bounds,,,
219,1.0,test,source,mlp_base,mlp_base:C1:E2,mlp_base,mlp,1.0,2.0,1.9909995955023065,0.8593464070975754,0.8240505114044835,0.03529589569309188,0.004391461967928092,0.009443074152080445,1173,0.05130822252460453,0.789618791234387,True,0.05,360,paired cluster influence sandwich; asymptotic Bonferroni bounds,0.0,0.031755481667864904,0.003540414025226979
219,1.0,test,source,mlp_base,mlp_base:C1:E8,mlp_base,mlp,1.0,8.0,7.998197999765249,0.8593464070975754,0.8266269361479642,0.03271947094961114,0.004200830391871897,0.009388057225223139,1173,0.04803670919274229,0.7923958209291433,True,0.05,360,paired cluster influence sandwich; asymptotic Bonferroni bounds,0.0,0.031755481667864904,0.0009639892817462359
219,1.0,test,source,mlp_base,mlp_base:C5:E2,mlp_base,mlp,5.0,2.0,1.9909995955023065,0.8593464070975754,0.8438337363571008,0.015512670740474577,0.003397274667495257,0.009038411631596773,1173,0.027899951493361934,0.8108775130902612,True,0.05,360,paired cluster influence sandwich; asymptotic Bonferroni bounds,0.0,0.0001378586366903578,0.015374812103784219
219,1.0,test,source,mlp_base,mlp_base:C5:E8,mlp_base,mlp,5.0,8.0,7.998197999765249,0.8593464070975754,0.8576890399320305,0.0016573671655448763,0.0011581624009770197,0.008614715232860209,1173,0.00588030590982893,0.8262777156677219,True,0.05,360,paired cluster influence sandwich; asymptotic Bonferroni bounds,0.0,0.0001378586366903578,0.0015195085288545185
219,1.0,test,source,mlp_base,mlp_stronger:C1:E2,mlp_stronger,mlp,1.0,2.0,1.9948093103901194,0.8593464070975754,0.825076792366512,0.03426961473106338,0.004340693138568128,0.009434797263955843,1173,0.05009682619678166,0.7906752517217688,True,0.05,360,paired cluster influence sandwich; asymptotic Bonferroni bounds,0.0004166394353311009,0.031733015815959664,0.002119959479772615
219,1.0,test,source,mlp_base,mlp_stronger:C1:E8,mlp_stronger,mlp,1.0,8.0,7.995742559457445,0.8593464070975754,0.8266167243970982,0.03272968270047716,0.004241788808836048,0.00940274709338578,1173,0.04819626518562181,0.7923320463848728,True,0.05,360,paired cluster influence sandwich; asymptotic Bonferroni bounds,0.0004166394353311009,0.031733015815959664,0.0005800274491863933
219,1.0,test,source,mlp_base,mlp_stronger:C5:E2,mlp_stronger,mlp,5.0,2.0,1.9948093103901194,0.8593464070975754,0.8511892605058492,0.008157146591726172,0.002564692026692643,0.008851355281103755,1173,0.01750863073379482,0.8189150896948612,True,0.05,360,paired cluster influence sandwich; asymptotic Bonferroni bounds,0.0004166394353311009,0.0001909597411934305,0.007549547415201641
219,1.0,test,source,mlp_base,mlp_stronger:C5:E8,mlp_stronger,mlp,5.0,8.0,7.995742559457445,0.8593464070975754,0.8575828377230247,0.0017635693745506886,0.0010655960139331565,0.008628110334280868,1173,0.005648988802082479,0.8261226716963473,True,0.05,360,paired cluster influence sandwich; asymptotic Bonferroni bounds,0.0004166394353311009,0.0001909597411934305,0.0011559701980261572
219,1.0,test,source,mlp_base,logistic:C1:E2,logistic,logistic,1.0,2.0,1.9948093103901194,0.8593464070975754,0.8368601316907391,0.02248627540683623,0.003685114401128218,0.009184115562769093,1173,0.03592308907693591,0.8033726368374424,True,0.05,360,paired cluster influence sandwich; asymptotic Bonferroni bounds,0.004976186196980592,0.017514173910202047,-4.084700346407288e-06
219,1.0,test,source,mlp_base,logistic:C1:E8,logistic,logistic,1.0,8.0,7.995742559457445,0.8593464070975754,0.8370388373308935,0.02230756976668191,0.0035419939128627747,0.009161606064282674,1173,0.035222531704686734,0.8036334175244058,True,0.05,360,paired cluster influence sandwich; asymptotic Bonferroni bounds,0.004976186196980592,0.017514173910202047,-0.00018279034050072696
219,1.0,test,source,mlp_base,logistic:C5:E2,logistic,logistic,5.0,2.0,1.9948093103901194,0.8593464070975754,0.8416831416247303,0.017663265472845024,0.003996101045694587,0.00911842865611654,1173,0.03223401126609629,0.8084351570360228,True,0.05,360,paired cluster influence sandwich; asymptotic Bonferroni bounds,0.004976186196980592,0.0,0.012687079275864432
219,1.0,test,source,mlp_base,logistic:C5:E8,logistic,logistic,5.0,8.0,7.995742559457445,0.8593464070975754,0.8541026730279067,0.005243734069668715,0.001851464861489577,0.008706391127292308,1173,0.011994620379454885,0.8223570763971426,True,0.05,360,paired cluster influence sandwich; asymptotic Bonferroni bounds,0.004976186196980592,0.0,0.0002675478726881231
219,1.0,test,state_CO,mlp_base,mlp_base:C1:E2,mlp_base,mlp,1.0,2.0,1.9909995955023065,0.8169341216216216,0.7952551586512983,0.021678962970323346,0.0049170941704685745,0.009820515378606978,1200,0.03960664421470536,0.759449647660558,True,0.05,360,paired cluster influence sandwich; asymptotic Bonferroni bounds,0.0,0.018418579425013237,0.003260383545310108
219,1.0,test,state_CO,mlp_base,mlp_base:C1:E8,mlp_base,mlp,1.0,8.0,7.998197999765249,0.8169341216216216,0.7977967052530471,0.019137416368574467,0.004666026867425269,0.009786069281000233,1200,0.03614970847786938,0.7621167844252359,True,0.05,360,paired cluster influence sandwich; asymptotic Bonferroni bounds,0.0,0.018418579425013237,0.0007188369435612296
219,1.0,test,state_CO,mlp_base,mlp_base:C5:E2,mlp_base,mlp,5.0,2.0,1.9909995955023065,0.8169341216216216,0.79992009472708,0.017014026894541567,0.003979598079304138,0.009666651625825265,1200,0.03152360579888878,0.7646755695989864,True,0.05,360,paired cluster influence sandwich; asymptotic Bonferroni bounds,0.0,-9.522390037108863e-05,0.017109250794912656
219,1.0,test,state_CO,mlp_base,mlp_base:C5:E8,mlp_base,mlp,5.0,8.0,7.998197999765249,0.8169341216216216,0.8159922330418653,0.0009418885797563004,0.0013767916298039085,0.00933663027208287,1200,0.005961658513653161,0.7819509628095731,True,0.05,360,paired cluster influence sandwich; asymptotic Bonferroni bounds,0.0,-9.522390037108863e-05,0.001037112480127389
219,1.0,test,state_CO,mlp_base,mlp_stronger:C1:E2,mlp_stronger,mlp,1.0,2.0,1.9948093103901194,0.8169341216216216,0.8004158800344462,0.01651824158717541,0.004752156590687683,0.009726824607529227,1200,0.033844561894992346,0.764951964754748,True,0.05,360,paired cluster influence sandwich; asymptotic Bonferroni bounds,0.0007752467541070063,0.016650727013778344,-0.0009077321807099414
219,1.0,test,state_CO,mlp_base,mlp_stronger:C1:E8,mlp_stronger,mlp,1.0,8.0,7.995742559457445,0.8169341216216216,0.7999252699390567,0.01700885168256494,0.004668219811393739,0.009750350369852346,1200,0.0340291392459005,0.7643755799409296,True,0.05,360,paired cluster influence sandwich; asymptotic Bonferroni bounds,0.0007752467541070063,0.016650727013778344,-0.0004171220853204094
219,1.0,test,state_CO,mlp_base,mlp_stronger:C5:E2,mlp_stronger,mlp,5.0,2.0,1.9948093103901194,0.8169341216216216,0.8113666285771066,0.005567493044514982,0.0031958978182448096,0.009376240997072688,1200,0.017219707826004297,0.7771809379967679,True,0.05,360,paired cluster influence sandwich; asymptotic Bonferroni bounds,0.0007752467541070063,-0.00024427000529936294,0.005036516295707338
219,1.0,test,state_CO,mlp_base,mlp_stronger:C5:E8,mlp_stronger,mlp,5.0,8.0,7.995742559457445,0.8169341216216216,0.8167571293720189,0.0001769922496026588,0.001408239878237252,0.009302775434124215,1200,0.005311422215229883,0.7828392935752818,True,0.05,360,paired cluster influence sandwich; asymptotic Bonferroni bounds,0.0007752467541070063,-0.00024427000529936294,-0.00035398449920498454
219,1.0,test,state_CO,mlp_base,logistic:C1:E2,logistic,logistic,1.0,2.0,1.9948093103901194,0.8169341216216216,0.8077305246422893,0.009203596979332263,0.004118426488097265,0.009597267381477224,1200,0.024219343016994875,0.7727389738467851,True,0.05,360,paired cluster influence sandwich; asymptotic Bonferroni bounds,0.0014200781664016615,0.0100036847509275,-0.0022201659379968985
219,1.0,test,state_CO,mlp_base,logistic:C1:E8,logistic,logistic,1.0,8.0,7.995742559457445,0.8169341216216216,0.8066043985161632,0.010329723105458433,0.003965017840361689,0.009602962691393437,1200,0.024786142589390832,0.7715920826717855,True,0.05,360,paired cluster influence sandwich; asymptotic Bonferroni bounds,0.0014200781664016615,0.0100036847509275,-0.0010940398118707284
219,1.0,test,state_CO,mlp_base,logistic:C5:E2,logistic,logistic,5.0,2.0,1.9948093103901194,0.8169341216216216,0.8081114202437732,0.008822701377848352,0.004846559952895557,0.009560563174146408,1200,0.02649321549757665,0.7732536926589992,True,0.05,360,paired cluster influence sandwich; asymptotic Bonferroni bounds,0.0014200781664016615,0.0,0.0074026232114466906
219,1.0,test,state_CO,mlp_base,logistic:C5:E8,logistic,logistic,5.0,8.0,7.995742559457445,0.8169341216216216,0.8175530769740329,-0.000618955352411299,0.0021720851597363017,0.009308538580751416,1200,0.007300447658675262,0.7836142287963823,True,0.05,360,paired cluster influence sandwich; asymptotic Bonferroni bounds,0.0014200781664016615,0.0,-0.0020390335188129605
219,1.0,test,state_UT,mlp_base,mlp_base:C1:E2,mlp_base,mlp,1.0,2.0,1.9909995955023065,0.8677268211019163,0.8475672138138791,0.02015960728803723,0.004555438597940965,0.009221547753581751,1102,0.03677308858889356,0.813936640626408,True,0.05,360,paired cluster influence sandwich; asymptotic Bonferroni bounds,0.0,0.017286630734610897,0.002872976553426332
219,1.0,test,state_UT,mlp_base,mlp_base:C1:E8,mlp_base,mlp,1.0,8.0,7.998197999765249,0.8677268211019163,0.849760793227352,0.01796602787456436,0.004306107100253148,0.009186323363500391,1102,0.0336702083286431,0.8162586818187786,True,0.05,360,paired cluster influence sandwich; asymptotic Bonferroni bounds,0.0,0.017286630734610897,0.0006793971399534637
219,1.0,test,state_UT,mlp_base,mlp_base:C5:E2,mlp_base,mlp,5.0,2.0,1.9909995955023065,0.8677268211019163,0.8612906957752613,0.006436125326655051,0.0035181428722096345,0.008966512632701056,1102,0.019266635400397285,0.8285902242938539,True,0.05,360,paired cluster influence sandwich; asymptotic Bonferroni bounds,0.0,-0.00010888501742167822,0.006545010344076729
219,1.0,test,state_UT,mlp_base,mlp_base:C5:E8,mlp_base,mlp,5.0,8.0,7.998197999765249,0.8677268211019163,0.8689585828614983,-0.0012317617595819508,0.0011744859529868694,0.008687340082758717,1102,0.0030515361048399836,0.8372762412129188,True,0.05,360,paired cluster influence sandwich; asymptotic Bonferroni bounds,0.0,-0.00010888501742167822,-0.0011228767421602726
219,1.0,test,state_UT,mlp_base,mlp_stronger:C1:E2,mlp_stronger,mlp,1.0,2.0,1.9948093103901194,0.8677268211019163,0.85030521831446,0.017421602787456303,0.00436255649636772,0.009177543682184434,1102,0.033331651670366017,0.8168351260118925,True,0.05,360,paired cluster influence sandwich; asymptotic Bonferroni bounds,0.0023268501379208884,0.015473581772648126,-0.00037882912311271166
219,1.0,test,state_UT,mlp_base,mlp_stronger:C1:E8,mlp_stronger,mlp,1.0,8.0,7.995742559457445,0.8677268211019163,0.850207675486353,0.017519145615563336,0.004277424706381225,0.009189979461111985,1102,0.033118722659013215,0.8166922304529269,True,0.05,360,paired cluster influence sandwich; asymptotic Bonferroni bounds,0.0023268501379208884,0.015473581772648126,-0.00028128629500567826
219,1.0,test,state_UT,mlp_base,mlp_stronger:C5:E2,mlp_stronger,mlp,5.0,2.0,1.9948093103901194,0.8677268211019163,0.8585872849520906,0.009139536149825767,0.003086672540536323,0.008897220239346679,1102,0.02039649317636661,0.8261395197373871,True,0.05,360,paired cluster influence sandwich; asymptotic Bonferroni bounds,0.0023268501379208884,-0.00023081355255505365,0.007043499564459932
219,1.0,test,state_UT,mlp_base,mlp_stronger:C5:E8,mlp_stronger,mlp,5.0,8.0,7.995742559457445,0.8677268211019163,0.8657476090664924,0.0019792120354239495,0.0011448228210934957,0.008749141602931276,1102,0.006154329781413787,0.8338398800314568,True,0.05,360,paired cluster influence sandwich; asymptotic Bonferroni bounds,0.0023268501379208884,-0.00023081355255505365,-0.00011682454994188518
219,1.0,test,state_UT,mlp_base,logistic:C1:E2,logistic,logistic,1.0,2.0,1.9948093103901194,0.8677268211019163,0.8606674424724159,0.007059378629500457,0.0035674632320195974,0.008927137068893485,1102,0.02006975785477174,0.8281105719152584,True,0.05,360,paired cluster influence sandwich; asymptotic Bonferroni bounds,0.0002654072299651533,0.008675640606852553,-0.0018816692073172492
219,1.0,test,state_UT,mlp_base,logistic:C1:E8,logistic,logistic,1.0,8.0,7.995742559457445,0.8677268211019163,0.859605813552555,0.008121007549361292,0.0035096447271424193,0.008948759235735742,1102,0.020920525267234664,0.8269700879177151,True,0.05,360,paired cluster influence sandwich; asymptotic Bonferroni bounds,0.0002654072299651533,0.008675640606852553,-0.0008200402874564139
219,1.0,test,state_UT,mlp_base,logistic:C5:E2,logistic,logistic,5.0,2.0,1.9948093103901194,0.8677268211019163,0.8526280986861207,0.015098722415795685,0.004466164533516189,0.009113004764044056,1102,0.03138662518714602,0.8193933769382539,True,0.05,360,paired cluster influence sandwich; asymptotic Bonferroni bounds,0.0002654072299651533,0.0,0.014833315185830531
219,1.0,test,state_UT,mlp_base,logistic:C5:E8,logistic,logistic,5.0,8.0,7.995742559457445,0.8677268211019163,0.8684084866797329,-0.0006816655778165703,0.0018465595729148818,0.008662377213180987,1102,0.006052654790238626,0.8368171835026483,True,0.05,360,paired cluster influence sandwich; asymptotic Bonferroni bounds,0.0002654072299651533,0.0,-0.0009470728077817236
