seed,strength,policy,uncertainty_bounds,safety_margin,selected_candidate,n_search_candidates,environment,abstained,failed,gap,auc,loss_violation,floor_violation
200,1.0,epsilon_source,False,0.0,mlp_base:C1:E2,2,state_CO,False,False,0.02215498476727462,0.8187821954941171,0.0,0.0
200,1.0,epsilon_source,False,0.0,mlp_base:C1:E2,2,state_UT,False,False,0.025589084886539104,0.8315927278221832,0.0,0.0
200,1.0,epsilon_source,False,0.005,mlp_base:C1:E2,2,state_CO,False,False,0.02215498476727462,0.8187821954941171,0.0,0.0
200,1.0,epsilon_source,False,0.005,mlp_base:C1:E2,2,state_UT,False,False,0.025589084886539104,0.8315927278221832,0.0,0.0
200,1.0,epsilon_source,False,0.01,,2,state_CO,True,,,,,
200,1.0,epsilon_source,False,0.01,,2,state_UT,True,,,,,
200,1.0,epsilon_source,False,0.02,,2,state_CO,True,,,,,
200,1.0,epsilon_source,False,0.02,,2,state_UT,True,,,,,
200,1.0,epsilon_source,True,0.0,,2,state_CO,True,,,,,
200,1.0,epsilon_source,True,0.0,,2,state_UT,True,,,,,
200,1.0,epsilon_source,True,0.005,,2,state_CO,True,,,,,
200,1.0,epsilon_source,True,0.005,,2,state_UT,True,,,,,
200,1.0,epsilon_source,True,0.01,,2,state_CO,True,,,,,
200,1.0,epsilon_source,True,0.01,,2,state_UT,True,,,,,
200,1.0,epsilon_source,True,0.02,,2,state_CO,True,,,,,
200,1.0,epsilon_source,True,0.02,,2,state_UT,True,,,,,
200,1.0,epsilon_shift,False,0.0,mlp_base:C1:E2,2,state_CO,False,False,0.02215498476727462,0.8187821954941171,0.0,0.0
200,1.0,epsilon_shift,False,0.0,mlp_base:C1:E2,2,state_UT,False,False,0.025589084886539104,0.8315927278221832,0.0,0.0
200,1.0,epsilon_shift,False,0.005,mlp_base:C1:E2,2,state_CO,False,False,0.02215498476727462,0.8187821954941171,0.0,0.0
200,1.0,epsilon_shift,False,0.005,mlp_base:C1:E2,2,state_UT,False,False,0.025589084886539104,0.8315927278221832,0.0,0.0
200,1.0,epsilon_shift,False,0.01,,2,state_CO,True,,,,,
200,1.0,epsilon_shift,False,0.01,,2,state_UT,True,,,,,
200,1.0,epsilon_shift,False,0.02,,2,state_CO,True,,,,,
200,1.0,epsilon_shift,False,0.02,,2,state_UT,True,,,,,
200,1.0,epsilon_shift,True,0.0,,2,state_CO,True,,,,,
200,1.0,epsilon_shift,True,0.0,,2,state_UT,True,,,,,
200,1.0,epsilon_shift,True,0.005,,2,state_CO,True,,,,,
200,1.0,epsilon_shift,True,0.005,,2,state_UT,True,,,,,
200,1.0,epsilon_shift,True,0.01,,2,state_CO,True,,,,,
200,1.0,epsilon_shift,True,0.01,,2,state_UT,True,,,,,
200,1.0,epsilon_shift,True,0.02,,2,state_CO,True,,,,,
200,1.0,epsilon_shift,True,0.02,,2,state_UT,True,,,,,
200,1.0,joint_clip_source,False,0.0,mlp_base:C5:E2,4,state_CO,False,False,0.022310910302662523,0.8186262699587292,0.0,0.0
200,1.0,joint_clip_source,False,0.0,mlp_base:C5:E2,4,state_UT,False,False,0.014772422764688375,0.8424093899440339,0.0,0.0
200,1.0,joint_clip_source,False,0.005,mlp_base:C5:E2,4,state_CO,False,False,0.022310910302662523,0.8186262699587292,0.0,0.0
200,1.0,joint_clip_source,False,0.005,mlp_base:C5:E2,4,state_UT,False,False,0.014772422764688375,0.8424093899440339,0.0,0.0
200,1.0,joint_clip_source,False,0.01,mlp_base:C5:E2,4,state_CO,False,False,0.022310910302662523,0.8186262699587292,0.0,0.0
200,1.0,joint_clip_source,False,0.01,mlp_base:C5:E2,4,state_UT,False,False,0.014772422764688375,0.8424093899440339,0.0,0.0
200,1.0,joint_clip_source,False,0.02,mlp_base:C5:E8,4,state_CO,False,False,0.0024092841922797037,0.838527896069112,0.0,0.0
200,1.0,joint_clip_source,False,0.02,mlp_base:C5:E8,4,state_UT,False,False,0.0038778495111078115,0.8533039631976145,0.0,0.0
200,1.0,joint_clip_source,True,0.0,mlp_base:C5:E2,4,state_CO,False,False,0.022310910302662523,0.8186262699587292,0.0,0.0
200,1.0,joint_clip_source,True,0.0,mlp_base:C5:E2,4,state_UT,False,False,0.014772422764688375,0.8424093899440339,0.0,0.0
200,1.0,joint_clip_source,True,0.005,mlp_base:C5:E2,4,state_CO,False,False,0.022310910302662523,0.8186262699587292,0.0,0.0
200,1.0,joint_clip_source,True,0.005,mlp_base:C5:E2,4,state_UT,False,False,0.014772422764688375,0.8424093899440339,0.0,0.0
200,1.0,joint_clip_source,True,0.01,mlp_base:C5:E8,4,state_CO,False,False,0.0024092841922797037,0.838527896069112,0.0,0.0
200,1.0,joint_clip_source,True,0.01,mlp_base:C5:E8,4,state_UT,False,False,0.0038778495111078115,0.8533039631976145,0.0,0.0
200,1.0,joint_clip_source,True,0.02,mlp_base:C5:E8,4,state_CO,False,False,0.0024092841922797037,0.838527896069112,0.0,0.0
200,1.0,joint_clip_source,True,0.02,mlp_base:C5:E8,4,state_UT,False,False,0.0038778495111078115,0.8533039631976145,0.0,0.0
200,1.0,joint_clip_shift,False,0.0,mlp_base:C5:E2,4,state_CO,False,False,0.022310910302662523,0.8186262699587292,0.0,0.0
200,1.0,joint_clip_shift,False,0.0,mlp_base:C5:E2,4,state_UT,False,False,0.014772422764688375,0.8424093899440339,0.0,0.0
200,1.0,joint_clip_shift,False,0.005,mlp_base:C5:E2,4,state_CO,False,False,0.022310910302662523,0.8186262699587292,0.0,0.0
200,1.0,joint_clip_shift,False,0.005,mlp_base:C5:E2,4,state_UT,False,False,0.014772422764688375,0.8424093899440339,0.0,0.0
200,1.0,joint_clip_shift,False,0.01,mlp_base:C5:E2,4,state_CO,False,False,0.022310910302662523,0.8186262699587292,0.0,0.0
200,1.0,joint_clip_shift,False,0.01,mlp_base:C5:E2,4,state_UT,False,False,0.014772422764688375,0.8424093899440339,0.0,0.0
200,1.0,joint_clip_shift,False,0.02,mlp_base:C5:E8,4,state_CO,False,False,0.0024092841922797037,0.838527896069112,0.0,0.0
200,1.0,joint_clip_shift,False,0.02,mlp_base:C5:E8,4,state_UT,False,False,0.0038778495111078115,0.8533039631976145,0.0,0.0
200,1.0,joint_clip_shift,True,0.0,mlp_base:C5:E2,4,state_CO,False,False,0.022310910302662523,0.8186262699587292,0.0,0.0
200,1.0,joint_clip_shift,True,0.0,mlp_base:C5:E2,4,state_UT,False,False,0.014772422764688375,0.8424093899440339,0.0,0.0
200,1.0,joint_clip_shift,True,0.005,mlp_base:C5:E8,4,state_CO,False,False,0.0024092841922797037,0.838527896069112,0.0,0.0
200,1.0,joint_clip_shift,True,0.005,mlp_base:C5:E8,4,state_UT,False,False,0.0038778495111078115,0.8533039631976145,0.0,0.0
200,1.0,joint_clip_shift,True,0.01,mlp_base:C5:E8,4,state_CO,False,False,0.0024092841922797037,0.838527896069112,0.0,0.0
200,1.0,joint_clip_shift,True,0.01,mlp_base:C5:E8,4,state_UT,False,False,0.0038778495111078115,0.8533039631976145,0.0,0.0
200,1.0,joint_clip_shift,True,0.02,mlp_base:C5:E8,4,state_CO,False,False,0.0024092841922797037,0.838527896069112,0.0,0.0
200,1.0,joint_clip_shift,True,0.02,mlp_base:C5:E8,4,state_UT,False,False,0.0038778495111078115,0.8533039631976145,0.0,0.0
200,1.0,joint_recipe_source,False,0.0,mlp_base:C5:E2,12,state_CO,False,False,0.022310910302662523,0.8186262699587292,0.0,0.0
200,1.0,joint_recipe_source,False,0.0,mlp_base:C5:E2,12,state_UT,False,False,0.014772422764688375,0.8424093899440339,0.0,0.0
200,1.0,joint_recipe_source,False,0.005,mlp_base:C5:E2,12,state_CO,False,False,0.022310910302662523,0.8186262699587292,0.0,0.0
200,1.0,joint_recipe_source,False,0.005,mlp_base:C5:E2,12,state_UT,False,False,0.014772422764688375,0.8424093899440339,0.0,0.0
200,1.0,joint_recipe_source,False,0.01,mlp_base:C5:E2,12,state_CO,False,False,0.022310910302662523,0.8186262699587292,0.0,0.0
200,1.0,joint_recipe_source,False,0.01,mlp_base:C5:E2,12,state_UT,False,False,0.014772422764688375,0.8424093899440339,0.0,0.0
200,1.0,joint_recipe_source,False,0.02,mlp_stronger:C5:E8,12,state_CO,False,False,-0.0007759772463445946,0.8417131575077363,0.0,0.0
200,1.0,joint_recipe_source,False,0.02,mlp_stronger:C5:E8,12,state_UT,False,False,0.003953399699452187,0.8532284130092701,0.0,0.0
200,1.0,joint_recipe_source,True,0.0,mlp_base:C5:E2,12,state_CO,False,False,0.022310910302662523,0.8186262699587292,0.0,0.0
200,1.0,joint_recipe_source,True,0.0,mlp_base:C5:E2,12,state_UT,False,False,0.014772422764688375,0.8424093899440339,0.0,0.0
200,1.0,joint_recipe_source,True,0.005,mlp_base:C5:E2,12,state_CO,False,False,0.022310910302662523,0.8186262699587292,0.0,0.0
200,1.0,joint_recipe_source,True,0.005,mlp_base:C5:E2,12,state_UT,False,False,0.014772422764688375,0.8424093899440339,0.0,0.0
200,1.0,joint_recipe_source,True,0.01,mlp_stronger:C5:E8,12,state_CO,False,False,-0.0007759772463445946,0.8417131575077363,0.0,0.0
200,1.0,joint_recipe_source,True,0.01,mlp_stronger:C5:E8,12,state_UT,False,False,0.003953399699452187,0.8532284130092701,0.0,0.0
200,1.0,joint_recipe_source,True,0.02,mlp_stronger:C5:E8,12,state_CO,False,False,-0.0007759772463445946,0.8417131575077363,0.0,0.0
200,1.0,joint_recipe_source,True,0.02,mlp_stronger:C5:E8,12,state_UT,False,False,0.003953399699452187,0.8532284130092701,0.0,0.0
200,1.0,joint_recipe_shift,False,0.0,mlp_base:C5:E2,12,state_CO,False,False,0.022310910302662523,0.8186262699587292,0.0,0.0
200,1.0,joint_recipe_shift,False,0.0,mlp_base:C5:E2,12,state_UT,False,False,0.014772422764688375,0.8424093899440339,0.0,0.0
200,1.0,joint_recipe_shift,False,0.005,mlp_base:C5:E2,12,state_CO,False,False,0.022310910302662523,0.8186262699587292,0.0,0.0
200,1.0,joint_recipe_shift,False,0.005,mlp_base:C5:E2,12,state_UT,False,False,0.014772422764688375,0.8424093899440339,0.0,0.0
200,1.0,joint_recipe_shift,False,0.01,mlp_base:C5:E2,12,state_CO,False,False,0.022310910302662523,0.8186262699587292,0.0,0.0
200,1.0,joint_recipe_shift,False,0.01,mlp_base:C5:E2,12,state_UT,False,False,0.014772422764688375,0.8424093899440339,0.0,0.0
200,1.0,joint_recipe_shift,False,0.02,logistic:C5:E8,12,state_CO,False,False,0.0045536514214256085,0.8363835288399661,0.0,0.0
200,1.0,joint_recipe_shift,False,0.02,logistic:C5:E8,12,state_UT,False,False,0.003196717344316591,0.8539850953644057,0.0,0.0
200,1.0,joint_recipe_shift,True,0.0,mlp_base:C5:E2,12,state_CO,False,False,0.022310910302662523,0.8186262699587292,0.0,0.0
200,1.0,joint_recipe_shift,True,0.0,mlp_base:C5:E2,12,state_UT,False,False,0.014772422764688375,0.8424093899440339,0.0,0.0
200,1.0,joint_recipe_shift,True,0.005,logistic:C5:E8,12,state_CO,False,False,0.0045536514214256085,0.8363835288399661,0.0,0.0
200,1.0,joint_recipe_shift,True,0.005,logistic:C5:E8,12,state_UT,False,False,0.003196717344316591,0.8539850953644057,0.0,0.0
200,1.0,joint_recipe_shift,True,0.01,logistic:C5:E8,12,state_CO,False,False,0.0045536514214256085,0.8363835288399661,0.0,0.0
200,1.0,joint_recipe_shift,True,0.01,logistic:C5:E8,12,state_UT,False,False,0.003196717344316591,0.8539850953644057,0.0,0.0
200,1.0,joint_recipe_shift,True,0.02,mlp_stronger:C5:E8,12,state_CO,False,False,-0.0007759772463445946,0.8417131575077363,0.0,0.0
200,1.0,joint_recipe_shift,True,0.02,mlp_stronger:C5:E8,12,state_UT,False,False,0.003953399699452187,0.8532284130092701,0.0,0.0
200,1.0,joint_recipe_proxy,False,0.0,mlp_base:C5:E2,12,state_CO,False,False,0.022310910302662523,0.8186262699587292,0.0,0.0
200,1.0,joint_recipe_proxy,False,0.0,mlp_base:C5:E2,12,state_UT,False,False,0.014772422764688375,0.8424093899440339,0.0,0.0
200,1.0,joint_recipe_proxy,False,0.005,mlp_base:C5:E2,12,state_CO,False,False,0.022310910302662523,0.8186262699587292,0.0,0.0
200,1.0,joint_recipe_proxy,False,0.005,mlp_base:C5:E2,12,state_UT,False,False,0.014772422764688375,0.8424093899440339,0.0,0.0
200,1.0,joint_recipe_proxy,False,0.01,mlp_base:C5:E2,12,state_CO,False,False,0.022310910302662523,0.8186262699587292,0.0,0.0
200,1.0,joint_recipe_proxy,False,0.01,mlp_base:C5:E2,12,state_UT,False,False,0.014772422764688375,0.8424093899440339,0.0,0.0
200,1.0,joint_recipe_proxy,False,0.02,mlp_stronger:C5:E8,12,state_CO,False,False,-0.0007759772463445946,0.8417131575077363,0.0,0.0
200,1.0,joint_recipe_proxy,False,0.02,mlp_stronger:C5:E8,12,state_UT,False,False,0.003953399699452187,0.8532284130092701,0.0,0.0
200,1.0,joint_recipe_proxy,True,0.0,mlp_base:C5:E2,12,state_CO,False,False,0.022310910302662523,0.8186262699587292,0.0,0.0
200,1.0,joint_recipe_proxy,True,0.0,mlp_base:C5:E2,12,state_UT,False,False,0.014772422764688375,0.8424093899440339,0.0,0.0
200,1.0,joint_recipe_proxy,True,0.005,mlp_base:C5:E2,12,state_CO,False,False,0.022310910302662523,0.8186262699587292,0.0,0.0
200,1.0,joint_recipe_proxy,True,0.005,mlp_base:C5:E2,12,state_UT,False,False,0.014772422764688375,0.8424093899440339,0.0,0.0
200,1.0,joint_recipe_proxy,True,0.01,mlp_stronger:C5:E8,12,state_CO,False,False,-0.0007759772463445946,0.8417131575077363,0.0,0.0
200,1.0,joint_recipe_proxy,True,0.01,mlp_stronger:C5:E8,12,state_UT,False,False,0.003953399699452187,0.8532284130092701,0.0,0.0
200,1.0,joint_recipe_proxy,True,0.02,mlp_stronger:C5:E8,12,state_CO,False,False,-0.0007759772463445946,0.8417131575077363,0.0,0.0
200,1.0,joint_recipe_proxy,True,0.02,mlp_stronger:C5:E8,12,state_UT,False,False,0.003953399699452187,0.8532284130092701,0.0,0.0
200,1.0,logistic_shift,False,0.0,logistic:C5:E2,4,state_CO,False,False,0.016394083799284864,0.8245430964621069,0.0,0.0
200,1.0,logistic_shift,False,0.0,logistic:C5:E2,4,state_UT,False,False,0.009147475148119755,0.8480343375606025,0.0,0.0
200,1.0,logistic_shift,False,0.005,logistic:C5:E2,4,state_CO,False,False,0.016394083799284864,0.8245430964621069,0.0,0.0
200,1.0,logistic_shift,False,0.005,logistic:C5:E2,4,state_UT,False,False,0.009147475148119755,0.8480343375606025,0.0,0.0
200,1.0,logistic_shift,False,0.01,logistic:C5:E2,4,state_CO,False,False,0.016394083799284864,0.8245430964621069,0.0,0.0
200,1.0,logistic_shift,False,0.01,logistic:C5:E2,4,state_UT,False,False,0.009147475148119755,0.8480343375606025,0.0,0.0
200,1.0,logistic_shift,False,0.02,logistic:C5:E8,4,state_CO,False,False,0.0045536514214256085,0.8363835288399661,0.0,0.0
200,1.0,logistic_shift,False,0.02,logistic:C5:E8,4,state_UT,False,False,0.003196717344316591,0.8539850953644057,0.0,0.0
200,1.0,logistic_shift,True,0.0,logistic:C5:E8,4,state_CO,False,False,0.0045536514214256085,0.8363835288399661,0.0,0.0
200,1.0,logistic_shift,True,0.0,logistic:C5:E8,4,state_UT,False,False,0.003196717344316591,0.8539850953644057,0.0,0.0
200,1.0,logistic_shift,True,0.005,logistic:C5:E8,4,state_CO,False,False,0.0045536514214256085,0.8363835288399661,0.0,0.0
200,1.0,logistic_shift,True,0.005,logistic:C5:E8,4,state_UT,False,False,0.003196717344316591,0.8539850953644057,0.0,0.0
200,1.0,logistic_shift,True,0.01,logistic:C5:E8,4,state_CO,False,False,0.0045536514214256085,0.8363835288399661,0.0,0.0
200,1.0,logistic_shift,True,0.01,logistic:C5:E8,4,state_UT,False,False,0.003196717344316591,0.8539850953644057,0.0,0.0
200,1.0,logistic_shift,True,0.02,,4,state_CO,True,,,,,
200,1.0,logistic_shift,True,0.02,,4,state_UT,True,,,,,
201,1.0,epsilon_source,False,0.0,mlp_base:C1:E2,2,state_CO,False,False,0.026819369754234268,0.8196566484059574,0.0,0.0
201,1.0,epsilon_source,False,0.0,mlp_base:C1:E2,2,state_UT,False,False,0.01934668492724234,0.8503811837081281,0.0,0.0
201,1.0,epsilon_source,False,0.005,,2,state_CO,True,,,,,
201,1.0,epsilon_source,False,0.005,,2,state_UT,True,,,,,
201,1.0,epsilon_source,False,0.01,,2,state_CO,True,,,,,
201,1.0,epsilon_source,False,0.01,,2,state_UT,True,,,,,
201,1.0,epsilon_source,False,0.02,,2,state_CO,True,,,,,
201,1.0,epsilon_source,False,0.02,,2,state_UT,True,,,,,
201,1.0,epsilon_source,True,0.0,,2,state_CO,True,,,,,
201,1.0,epsilon_source,True,0.0,,2,state_UT,True,,,,,
201,1.0,epsilon_source,True,0.005,,2,state_CO,True,,,,,
201,1.0,epsilon_source,True,0.005,,2,state_UT,True,,,,,
201,1.0,epsilon_source,True,0.01,,2,state_CO,True,,,,,
201,1.0,epsilon_source,True,0.01,,2,state_UT,True,,,,,
201,1.0,epsilon_source,True,0.02,,2,state_CO,True,,,,,
201,1.0,epsilon_source,True,0.02,,2,state_UT,True,,,,,
201,1.0,epsilon_shift,False,0.0,mlp_base:C1:E2,2,state_CO,False,False,0.026819369754234268,0.8196566484059574,0.0,0.0
201,1.0,epsilon_shift,False,0.0,mlp_base:C1:E2,2,state_UT,False,False,0.01934668492724234,0.8503811837081281,0.0,0.0
201,1.0,epsilon_shift,False,0.005,,2,state_CO,True,,,,,
201,1.0,epsilon_shift,False,0.005,,2,state_UT,True,,,,,
201,1.0,epsilon_shift,False,0.01,,2,state_CO,True,,,,,
201,1.0,epsilon_shift,False,0.01,,2,state_UT,True,,,,,
201,1.0,epsilon_shift,False,0.02,,2,state_CO,True,,,,,
201,1.0,epsilon_shift,False,0.02,,2,state_UT,True,,,,,
201,1.0,epsilon_shift,True,0.0,,2,state_CO,True,,,,,
201,1.0,epsilon_shift,True,0.0,,2,state_UT,True,,,,,
201,1.0,epsilon_shift,True,0.005,,2,state_CO,True,,,,,
201,1.0,epsilon_shift,True,0.005,,2,state_UT,True,,,,,
201,1.0,epsilon_shift,True,0.01,,2,state_CO,True,,,,,
201,1.0,epsilon_shift,True,0.01,,2,state_UT,True,,,,,
201,1.0,epsilon_shift,True,0.02,,2,state_CO,True,,,,,
201,1.0,epsilon_shift,True,0.02,,2,state_UT,True,,,,,
201,1.0,joint_clip_source,False,0.0,mlp_base:C5:E2,4,state_CO,False,False,0.009972190112412349,0.8365038280477793,0.0,0.0
201,1.0,joint_clip_source,False,0.0,mlp_base:C5:E2,4,state_UT,False,False,0.009167459468375605,0.8605604091669948,0.0,0.0
201,1.0,joint_clip_source,False,0.005,mlp_base:C5:E2,4,state_CO,False,False,0.009972190112412349,0.8365038280477793,0.0,0.0
201,1.0,joint_clip_source,False,0.005,mlp_base:C5:E2,4,state_UT,False,False,0.009167459468375605,0.8605604091669948,0.0,0.0
201,1.0,joint_clip_source,False,0.01,mlp_base:C5:E2,4,state_CO,False,False,0.009972190112412349,0.8365038280477793,0.0,0.0
201,1.0,joint_clip_source,False,0.01,mlp_base:C5:E2,4,state_UT,False,False,0.009167459468375605,0.8605604091669948,0.0,0.0
201,1.0,joint_clip_source,False,0.02,mlp_base:C5:E8,4,state_CO,False,False,0.002298294550267199,0.8441777236099245,0.0,0.0
201,1.0,joint_clip_source,False,0.02,mlp_base:C5:E8,4,state_UT,False,False,0.0020943904487432663,0.8676334781866272,0.0,0.0
201,1.0,joint_clip_source,True,0.0,mlp_base:C5:E2,4,state_CO,False,False,0.009972190112412349,0.8365038280477793,0.0,0.0
201,1.0,joint_clip_source,True,0.0,mlp_base:C5:E2,4,state_UT,False,False,0.009167459468375605,0.8605604091669948,0.0,0.0
201,1.0,joint_clip_source,True,0.005,mlp_base:C5:E2,4,state_CO,False,False,0.009972190112412349,0.8365038280477793,0.0,0.0
201,1.0,joint_clip_source,True,0.005,mlp_base:C5:E2,4,state_UT,False,False,0.009167459468375605,0.8605604091669948,0.0,0.0
201,1.0,joint_clip_source,True,0.01,mlp_base:C5:E8,4,state_CO,False,False,0.002298294550267199,0.8441777236099245,0.0,0.0
201,1.0,joint_clip_source,True,0.01,mlp_base:C5:E8,4,state_UT,False,False,0.0020943904487432663,0.8676334781866272,0.0,0.0
201,1.0,joint_clip_source,True,0.02,mlp_base:C5:E8,4,state_CO,False,False,0.002298294550267199,0.8441777236099245,0.0,0.0
201,1.0,joint_clip_source,True,0.02,mlp_base:C5:E8,4,state_UT,False,False,0.0020943904487432663,0.8676334781866272,0.0,0.0
201,1.0,joint_clip_shift,False,0.0,mlp_base:C5:E2,4,state_CO,False,False,0.009972190112412349,0.8365038280477793,0.0,0.0
201,1.0,joint_clip_shift,False,0.0,mlp_base:C5:E2,4,state_UT,False,False,0.009167459468375605,0.8605604091669948,0.0,0.0
201,1.0,joint_clip_shift,False,0.005,mlp_base:C5:E2,4,state_CO,False,False,0.009972190112412349,0.8365038280477793,0.0,0.0
201,1.0,joint_clip_shift,False,0.005,mlp_base:C5:E2,4,state_UT,False,False,0.009167459468375605,0.8605604091669948,0.0,0.0
201,1.0,joint_clip_shift,False,0.01,mlp_base:C5:E2,4,state_CO,False,False,0.009972190112412349,0.8365038280477793,0.0,0.0
201,1.0,joint_clip_shift,False,0.01,mlp_base:C5:E2,4,state_UT,False,False,0.009167459468375605,0.8605604091669948,0.0,0.0
201,1.0,joint_clip_shift,False,0.02,mlp_base:C5:E8,4,state_CO,False,False,0.002298294550267199,0.8441777236099245,0.0,0.0
201,1.0,joint_clip_shift,False,0.02,mlp_base:C5:E8,4,state_UT,False,False,0.0020943904487432663,0.8676334781866272,0.0,0.0
201,1.0,joint_clip_shift,True,0.0,mlp_base:C5:E2,4,state_CO,False,False,0.009972190112412349,0.8365038280477793,0.0,0.0
201,1.0,joint_clip_shift,True,0.0,mlp_base:C5:E2,4,state_UT,False,False,0.009167459468375605,0.8605604091669948,0.0,0.0
201,1.0,joint_clip_shift,True,0.005,mlp_base:C5:E2,4,state_CO,False,False,0.009972190112412349,0.8365038280477793,0.0,0.0
201,1.0,joint_clip_shift,True,0.005,mlp_base:C5:E2,4,state_UT,False,False,0.009167459468375605,0.8605604091669948,0.0,0.0
201,1.0,joint_clip_shift,True,0.01,mlp_base:C5:E8,4,state_CO,False,False,0.002298294550267199,0.8441777236099245,0.0,0.0
201,1.0,joint_clip_shift,True,0.01,mlp_base:C5:E8,4,state_UT,False,False,0.0020943904487432663,0.8676334781866272,0.0,0.0
201,1.0,joint_clip_shift,True,0.02,mlp_base:C5:E8,4,state_CO,False,False,0.002298294550267199,0.8441777236099245,0.0,0.0
201,1.0,joint_clip_shift,True,0.02,mlp_base:C5:E8,4,state_UT,False,False,0.0020943904487432663,0.8676334781866272,0.0,0.0
201,1.0,joint_recipe_source,False,0.0,mlp_base:C5:E2,12,state_CO,False,False,0.009972190112412349,0.8365038280477793,0.0,0.0
201,1.0,joint_recipe_source,False,0.0,mlp_base:C5:E2,12,state_UT,False,False,0.009167459468375605,0.8605604091669948,0.0,0.0
201,1.0,joint_recipe_source,False,0.005,mlp_base:C5:E2,12,state_CO,False,False,0.009972190112412349,0.8365038280477793,0.0,0.0
201,1.0,joint_recipe_source,False,0.005,mlp_base:C5:E2,12,state_UT,False,False,0.009167459468375605,0.8605604091669948,0.0,0.0
201,1.0,joint_recipe_source,False,0.01,mlp_base:C5:E2,12,state_CO,False,False,0.009972190112412349,0.8365038280477793,0.0,0.0
201,1.0,joint_recipe_source,False,0.01,mlp_base:C5:E2,12,state_UT,False,False,0.009167459468375605,0.8605604091669948,0.0,0.0
201,1.0,joint_recipe_source,False,0.02,mlp_stronger:C5:E8,12,state_CO,False,False,0.00045023537886790255,0.8460257827813238,0.0,0.0
201,1.0,joint_recipe_source,False,0.02,mlp_stronger:C5:E8,12,state_UT,False,False,-8.828268114513538e-05,0.8698161513165156,0.0,0.0
201,1.0,joint_recipe_source,True,0.0,mlp_base:C5:E2,12,state_CO,False,False,0.009972190112412349,0.8365038280477793,0.0,0.0
201,1.0,joint_recipe_source,True,0.0,mlp_base:C5:E2,12,state_UT,False,False,0.009167459468375605,0.8605604091669948,0.0,0.0
201,1.0,joint_recipe_source,True,0.005,mlp_base:C5:E2,12,state_CO,False,False,0.009972190112412349,0.8365038280477793,0.0,0.0
201,1.0,joint_recipe_source,True,0.005,mlp_base:C5:E2,12,state_UT,False,False,0.009167459468375605,0.8605604091669948,0.0,0.0
201,1.0,joint_recipe_source,True,0.01,mlp_stronger:C5:E8,12,state_CO,False,False,0.00045023537886790255,0.8460257827813238,0.0,0.0
201,1.0,joint_recipe_source,True,0.01,mlp_stronger:C5:E8,12,state_UT,False,False,-8.828268114513538e-05,0.8698161513165156,0.0,0.0
201,1.0,joint_recipe_source,True,0.02,mlp_stronger:C5:E8,12,state_CO,False,False,0.00045023537886790255,0.8460257827813238,0.0,0.0
201,1.0,joint_recipe_source,True,0.02,mlp_stronger:C5:E8,12,state_UT,False,False,-8.828268114513538e-05,0.8698161513165156,0.0,0.0
201,1.0,joint_recipe_shift,False,0.0,mlp_base:C5:E2,12,state_CO,False,False,0.009972190112412349,0.8365038280477793,0.0,0.0
201,1.0,joint_recipe_shift,False,0.0,mlp_base:C5:E2,12,state_UT,False,False,0.009167459468375605,0.8605604091669948,0.0,0.0
201,1.0,joint_recipe_shift,False,0.005,mlp_base:C5:E2,12,state_CO,False,False,0.009972190112412349,0.8365038280477793,0.0,0.0
201,1.0,joint_recipe_shift,False,0.005,mlp_base:C5:E2,12,state_UT,False,False,0.009167459468375605,0.8605604091669948,0.0,0.0
201,1.0,joint_recipe_shift,False,0.01,mlp_base:C5:E2,12,state_CO,False,False,0.009972190112412349,0.8365038280477793,0.0,0.0
201,1.0,joint_recipe_shift,False,0.01,mlp_base:C5:E2,12,state_UT,False,False,0.009167459468375605,0.8605604091669948,0.0,0.0
201,1.0,joint_recipe_shift,False,0.02,mlp_stronger:C5:E8,12,state_CO,False,False,0.00045023537886790255,0.8460257827813238,0.0,0.0
201,1.0,joint_recipe_shift,False,0.02,mlp_stronger:C5:E8,12,state_UT,False,False,-8.828268114513538e-05,0.8698161513165156,0.0,0.0
201,1.0,joint_recipe_shift,True,0.0,mlp_base:C5:E2,12,state_CO,False,False,0.009972190112412349,0.8365038280477793,0.0,0.0
201,1.0,joint_recipe_shift,True,0.0,mlp_base:C5:E2,12,state_UT,False,False,0.009167459468375605,0.8605604091669948,0.0,0.0
201,1.0,joint_recipe_shift,True,0.005,mlp_base:C5:E2,12,state_CO,False,False,0.009972190112412349,0.8365038280477793,0.0,0.0
201,1.0,joint_recipe_shift,True,0.005,mlp_base:C5:E2,12,state_UT,False,False,0.009167459468375605,0.8605604091669948,0.0,0.0
201,1.0,joint_recipe_shift,True,0.01,mlp_stronger:C5:E8,12,state_CO,False,False,0.00045023537886790255,0.8460257827813238,0.0,0.0
201,1.0,joint_recipe_shift,True,0.01,mlp_stronger:C5:E8,12,state_UT,False,False,-8.828268114513538e-05,0.8698161513165156,0.0,0.0
201,1.0,joint_recipe_shift,True,0.02,mlp_stronger:C5:E8,12,state_CO,False,False,0.00045023537886790255,0.8460257827813238,0.0,0.0
201,1.0,joint_recipe_shift,True,0.02,mlp_stronger:C5:E8,12,state_UT,False,False,-8.828268114513538e-05,0.8698161513165156,0.0,0.0
201,1.0,joint_recipe_proxy,False,0.0,mlp_base:C5:E2,12,state_CO,False,False,0.009972190112412349,0.8365038280477793,0.0,0.0
201,1.0,joint_recipe_proxy,False,0.0,mlp_base:C5:E2,12,state_UT,False,False,0.009167459468375605,0.8605604091669948,0.0,0.0
201,1.0,joint_recipe_proxy,False,0.005,mlp_base:C5:E2,12,state_CO,False,False,0.009972190112412349,0.8365038280477793,0.0,0.0
201,1.0,joint_recipe_proxy,False,0.005,mlp_base:C5:E2,12,state_UT,False,False,0.009167459468375605,0.8605604091669948,0.0,0.0
201,1.0,joint_recipe_proxy,False,0.01,mlp_base:C5:E2,12,state_CO,False,False,0.009972190112412349,0.8365038280477793,0.0,0.0
201,1.0,joint_recipe_proxy,False,0.01,mlp_base:C5:E2,12,state_UT,False,False,0.009167459468375605,0.8605604091669948,0.0,0.0
201,1.0,joint_recipe_proxy,False,0.02,mlp_stronger:C5:E8,12,state_CO,False,False,0.00045023537886790255,0.8460257827813238,0.0,0.0
201,1.0,joint_recipe_proxy,False,0.02,mlp_stronger:C5:E8,12,state_UT,False,False,-8.828268114513538e-05,0.8698161513165156,0.0,0.0
201,1.0,joint_recipe_proxy,True,0.0,mlp_base:C5:E2,12,state_CO,False,False,0.009972190112412349,0.8365038280477793,0.0,0.0
201,1.0,joint_recipe_proxy,True,0.0,mlp_base:C5:E2,12,state_UT,False,False,0.009167459468375605,0.8605604091669948,0.0,0.0
201,1.0,joint_recipe_proxy,True,0.005,mlp_stronger:C5:E8,12,state_CO,False,False,0.00045023537886790255,0.8460257827813238,0.0,0.0
201,1.0,joint_recipe_proxy,True,0.005,mlp_stronger:C5:E8,12,state_UT,False,False,-8.828268114513538e-05,0.8698161513165156,0.0,0.0
201,1.0,joint_recipe_proxy,True,0.01,mlp_stronger:C5:E8,12,state_CO,False,False,0.00045023537886790255,0.8460257827813238,0.0,0.0
201,1.0,joint_recipe_proxy,True,0.01,mlp_stronger:C5:E8,12,state_UT,False,False,-8.828268114513538e-05,0.8698161513165156,0.0,0.0
201,1.0,joint_recipe_proxy,True,0.02,mlp_stronger:C5:E8,12,state_CO,False,False,0.00045023537886790255,0.8460257827813238,0.0,0.0
201,1.0,joint_recipe_proxy,True,0.02,mlp_stronger:C5:E8,12,state_UT,False,False,-8.828268114513538e-05,0.8698161513165156,0.0,0.0
201,1.0,logistic_shift,False,0.0,logistic:C5:E2,4,state_CO,False,False,0.020320274413228256,0.8261557437469634,0.0,0.0
201,1.0,logistic_shift,False,0.0,logistic:C5:E2,4,state_UT,False,False,0.01248851453934452,0.8572393540960259,0.0,0.0
201,1.0,logistic_shift,False,0.005,logistic:C5:E2,4,state_CO,False,False,0.020320274413228256,0.8261557437469634,0.0,0.0
201,1.0,logistic_shift,False,0.005,logistic:C5:E2,4,state_UT,False,False,0.01248851453934452,0.8572393540960259,0.0,0.0
201,1.0,logistic_shift,False,0.01,logistic:C5:E2,4,state_CO,False,False,0.020320274413228256,0.8261557437469634,0.0,0.0
201,1.0,logistic_shift,False,0.01,logistic:C5:E2,4,state_UT,False,False,0.01248851453934452,0.8572393540960259,0.0,0.0
201,1.0,logistic_shift,False,0.02,logistic:C5:E8,4,state_CO,False,False,0.0038887772025932854,0.8425872409575984,0.0,0.0
201,1.0,logistic_shift,False,0.02,logistic:C5:E8,4,state_UT,False,False,0.002923783005816305,0.8668040856295541,0.0,0.0
201,1.0,logistic_shift,True,0.0,logistic:C5:E8,4,state_CO,False,False,0.0038887772025932854,0.8425872409575984,0.0,0.0
201,1.0,logistic_shift,True,0.0,logistic:C5:E8,4,state_UT,False,False,0.002923783005816305,0.8668040856295541,0.0,0.0
201,1.0,logistic_shift,True,0.005,logistic:C5:E8,4,state_CO,False,False,0.0038887772025932854,0.8425872409575984,0.0,0.0
201,1.0,logistic_shift,True,0.005,logistic:C5:E8,4,state_UT,False,False,0.002923783005816305,0.8668040856295541,0.0,0.0
201,1.0,logistic_shift,True,0.01,logistic:C5:E8,4,state_CO,False,False,0.0038887772025932854,0.8425872409575984,0.0,0.0
201,1.0,logistic_shift,True,0.01,logistic:C5:E8,4,state_UT,False,False,0.002923783005816305,0.8668040856295541,0.0,0.0
201,1.0,logistic_shift,True,0.02,,4,state_CO,True,,,,,
201,1.0,logistic_shift,True,0.02,,4,state_UT,True,,,,,
202,1.0,epsilon_source,False,0.0,mlp_base:C1:E2,2,state_CO,False,False,0.015120475144091983,0.8407990421081883,0.0,0.0
202,1.0,epsilon_source,False,0.0,mlp_base:C1:E2,2,state_UT,False,False,0.01730281602320416,0.8584240523576171,0.0,0.0
202,1.0,epsilon_source,False,0.005,mlp_base:C1:E2,2,state_CO,False,False,0.015120475144091983,0.8407990421081883,0.0,0.0
202,1.0,epsilon_source,False,0.005,mlp_base:C1:E2,2,state_UT,False,False,0.01730281602320416,0.8584240523576171,0.0,0.0
202,1.0,epsilon_source,False,0.01,mlp_base:C1:E2,2,state_CO,False,False,0.015120475144091983,0.8407990421081883,0.0,0.0
202,1.0,epsilon_source,False,0.01,mlp_base:C1:E2,2,state_UT,False,False,0.01730281602320416,0.8584240523576171,0.0,0.0
202,1.0,epsilon_source,False,0.02,,2,state_CO,True,,,,,
202,1.0,epsilon_source,False,0.02,,2,state_UT,True,,,,,
202,1.0,epsilon_source,True,0.0,,2,state_CO,True,,,,,
202,1.0,epsilon_source,True,0.0,,2,state_UT,True,,,,,
202,1.0,epsilon_source,True,0.005,,2,state_CO,True,,,,,
202,1.0,epsilon_source,True,0.005,,2,state_UT,True,,,,,
202,1.0,epsilon_source,True,0.01,,2,state_CO,True,,,,,
202,1.0,epsilon_source,True,0.01,,2,state_UT,True,,,,,
202,1.0,epsilon_source,True,0.02,,2,state_CO,True,,,,,
202,1.0,epsilon_source,True,0.02,,2,state_UT,True,,,,,
202,1.0,epsilon_shift,False,0.0,mlp_base:C1:E2,2,state_CO,False,False,0.015120475144091983,0.8407990421081883,0.0,0.0
202,1.0,epsilon_shift,False,0.0,mlp_base:C1:E2,2,state_UT,False,False,0.01730281602320416,0.8584240523576171,0.0,0.0
202,1.0,epsilon_shift,False,0.005,mlp_base:C1:E2,2,state_CO,False,False,0.015120475144091983,0.8407990421081883,0.0,0.0
202,1.0,epsilon_shift,False,0.005,mlp_base:C1:E2,2,state_UT,False,False,0.01730281602320416,0.8584240523576171,0.0,0.0
202,1.0,epsilon_shift,False,0.01,mlp_base:C1:E2,2,state_CO,False,False,0.015120475144091983,0.8407990421081883,0.0,0.0
202,1.0,epsilon_shift,False,0.01,mlp_base:C1:E2,2,state_UT,False,False,0.01730281602320416,0.8584240523576171,0.0,0.0
202,1.0,epsilon_shift,False,0.02,,2,state_CO,True,,,,,
202,1.0,epsilon_shift,False,0.02,,2,state_UT,True,,,,,
202,1.0,epsilon_shift,True,0.0,,2,state_CO,True,,,,,
202,1.0,epsilon_shift,True,0.0,,2,state_UT,True,,,,,
202,1.0,epsilon_shift,True,0.005,,2,state_CO,True,,,,,
202,1.0,epsilon_shift,True,0.005,,2,state_UT,True,,,,,
202,1.0,epsilon_shift,True,0.01,,2,state_CO,True,,,,,
202,1.0,epsilon_shift,True,0.01,,2,state_UT,True,,,,,
202,1.0,epsilon_shift,True,0.02,,2,state_CO,True,,,,,
202,1.0,epsilon_shift,True,0.02,,2,state_UT,True,,,,,
202,1.0,joint_clip_source,False,0.0,mlp_base:C5:E2,4,state_CO,False,False,0.008066457360280666,0.8478530598919997,0.0,0.0
202,1.0,joint_clip_source,False,0.0,mlp_base:C5:E2,4,state_UT,False,False,0.01913644110460888,0.8565904272762124,0.0,0.0
202,1.0,joint_clip_source,False,0.005,mlp_base:C5:E2,4,state_CO,False,False,0.008066457360280666,0.8478530598919997,0.0,0.0
202,1.0,joint_clip_source,False,0.005,mlp_base:C5:E2,4,state_UT,False,False,0.01913644110460888,0.8565904272762124,0.0,0.0
202,1.0,joint_clip_source,False,0.01,mlp_base:C5:E2,4,state_CO,False,False,0.008066457360280666,0.8478530598919997,0.0,0.0
202,1.0,joint_clip_source,False,0.01,mlp_base:C5:E2,4,state_UT,False,False,0.01913644110460888,0.8565904272762124,0.0,0.0
202,1.0,joint_clip_source,False,0.02,mlp_base:C5:E8,4,state_CO,False,False,-0.0005589079702754685,0.8564784252225558,0.0,0.0
202,1.0,joint_clip_source,False,0.02,mlp_base:C5:E8,4,state_UT,False,False,0.003280433788583448,0.8724464345922378,0.0,0.0
202,1.0,joint_clip_source,True,0.0,mlp_base:C5:E2,4,state_CO,False,False,0.008066457360280666,0.8478530598919997,0.0,0.0
202,1.0,joint_clip_source,True,0.0,mlp_base:C5:E2,4,state_UT,False,False,0.01913644110460888,0.8565904272762124,0.0,0.0
202,1.0,joint_clip_source,True,0.005,mlp_base:C5:E2,4,state_CO,False,False,0.008066457360280666,0.8478530598919997,0.0,0.0
202,1.0,joint_clip_source,True,0.005,mlp_base:C5:E2,4,state_UT,False,False,0.01913644110460888,0.8565904272762124,0.0,0.0
202,1.0,joint_clip_source,True,0.01,mlp_base:C5:E8,4,state_CO,False,False,-0.0005589079702754685,0.8564784252225558,0.0,0.0
202,1.0,joint_clip_source,True,0.01,mlp_base:C5:E8,4,state_UT,False,False,0.003280433788583448,0.8724464345922378,0.0,0.0
202,1.0,joint_clip_source,True,0.02,mlp_base:C5:E8,4,state_CO,False,False,-0.0005589079702754685,0.8564784252225558,0.0,0.0
202,1.0,joint_clip_source,True,0.02,mlp_base:C5:E8,4,state_UT,False,False,0.003280433788583448,0.8724464345922378,0.0,0.0
202,1.0,joint_clip_shift,False,0.0,mlp_base:C5:E2,4,state_CO,False,False,0.008066457360280666,0.8478530598919997,0.0,0.0
202,1.0,joint_clip_shift,False,0.0,mlp_base:C5:E2,4,state_UT,False,False,0.01913644110460888,0.8565904272762124,0.0,0.0
202,1.0,joint_clip_shift,False,0.005,mlp_base:C5:E2,4,state_CO,False,False,0.008066457360280666,0.8478530598919997,0.0,0.0
202,1.0,joint_clip_shift,False,0.005,mlp_base:C5:E2,4,state_UT,False,False,0.01913644110460888,0.8565904272762124,0.0,0.0
202,1.0,joint_clip_shift,False,0.01,mlp_base:C5:E2,4,state_CO,False,False,0.008066457360280666,0.8478530598919997,0.0,0.0
202,1.0,joint_clip_shift,False,0.01,mlp_base:C5:E2,4,state_UT,False,False,0.01913644110460888,0.8565904272762124,0.0,0.0
202,1.0,joint_clip_shift,False,0.02,mlp_base:C5:E8,4,state_CO,False,False,-0.0005589079702754685,0.8564784252225558,0.0,0.0
202,1.0,joint_clip_shift,False,0.02,mlp_base:C5:E8,4,state_UT,False,False,0.003280433788583448,0.8724464345922378,0.0,0.0
202,1.0,joint_clip_shift,True,0.0,mlp_base:C5:E2,4,state_CO,False,False,0.008066457360280666,0.8478530598919997,0.0,0.0
202,1.0,joint_clip_shift,True,0.0,mlp_base:C5:E2,4,state_UT,False,False,0.01913644110460888,0.8565904272762124,0.0,0.0
202,1.0,joint_clip_shift,True,0.005,mlp_base:C5:E8,4,state_CO,False,False,-0.0005589079702754685,0.8564784252225558,0.0,0.0
202,1.0,joint_clip_shift,True,0.005,mlp_base:C5:E8,4,state_UT,False,False,0.003280433788583448,0.8724464345922378,0.0,0.0
202,1.0,joint_clip_shift,True,0.01,mlp_base:C5:E8,4,state_CO,False,False,-0.0005589079702754685,0.8564784252225558,0.0,0.0
202,1.0,joint_clip_shift,True,0.01,mlp_base:C5:E8,4,state_UT,False,False,0.003280433788583448,0.8724464345922378,0.0,0.0
202,1.0,joint_clip_shift,True,0.02,mlp_base:C5:E8,4,state_CO,False,False,-0.0005589079702754685,0.8564784252225558,0.0,0.0
202,1.0,joint_clip_shift,True,0.02,mlp_base:C5:E8,4,state_UT,False,False,0.003280433788583448,0.8724464345922378,0.0,0.0
202,1.0,joint_recipe_source,False,0.0,mlp_base:C5:E2,12,state_CO,False,False,0.008066457360280666,0.8478530598919997,0.0,0.0
202,1.0,joint_recipe_source,False,0.0,mlp_base:C5:E2,12,state_UT,False,False,0.01913644110460888,0.8565904272762124,0.0,0.0
202,1.0,joint_recipe_source,False,0.005,mlp_base:C5:E2,12,state_CO,False,False,0.008066457360280666,0.8478530598919997,0.0,0.0
202,1.0,joint_recipe_source,False,0.005,mlp_base:C5:E2,12,state_UT,False,False,0.01913644110460888,0.8565904272762124,0.0,0.0
202,1.0,joint_recipe_source,False,0.01,mlp_base:C5:E2,12,state_CO,False,False,0.008066457360280666,0.8478530598919997,0.0,0.0
202,1.0,joint_recipe_source,False,0.01,mlp_base:C5:E2,12,state_UT,False,False,0.01913644110460888,0.8565904272762124,0.0,0.0
202,1.0,joint_recipe_source,False,0.02,mlp_stronger:C5:E2,12,state_CO,False,False,0.005954797672215406,0.8499647195800649,0.0,0.0
202,1.0,joint_recipe_source,False,0.02,mlp_stronger:C5:E2,12,state_UT,False,False,0.006678644503050557,0.8690482238777707,0.0,0.0
202,1.0,joint_recipe_source,True,0.0,mlp_base:C5:E2,12,state_CO,False,False,0.008066457360280666,0.8478530598919997,0.0,0.0
202,1.0,joint_recipe_source,True,0.0,mlp_base:C5:E2,12,state_UT,False,False,0.01913644110460888,0.8565904272762124,0.0,0.0
202,1.0,joint_recipe_source,True,0.005,mlp_base:C5:E2,12,state_CO,False,False,0.008066457360280666,0.8478530598919997,0.0,0.0
202,1.0,joint_recipe_source,True,0.005,mlp_base:C5:E2,12,state_UT,False,False,0.01913644110460888,0.8565904272762124,0.0,0.0
202,1.0,joint_recipe_source,True,0.01,mlp_stronger:C5:E2,12,state_CO,False,False,0.005954797672215406,0.8499647195800649,0.0,0.0
202,1.0,joint_recipe_source,True,0.01,mlp_stronger:C5:E2,12,state_UT,False,False,0.006678644503050557,0.8690482238777707,0.0,0.0
202,1.0,joint_recipe_source,True,0.02,mlp_stronger:C5:E8,12,state_CO,False,False,-0.0007541641743089578,0.8566736814265893,0.0,0.0
202,1.0,joint_recipe_source,True,0.02,mlp_stronger:C5:E8,12,state_UT,False,False,0.0002136150126320624,0.8755132533681892,0.0,0.0
202,1.0,joint_recipe_shift,False,0.0,mlp_base:C5:E2,12,state_CO,False,False,0.008066457360280666,0.8478530598919997,0.0,0.0
202,1.0,joint_recipe_shift,False,0.0,mlp_base:C5:E2,12,state_UT,False,False,0.01913644110460888,0.8565904272762124,0.0,0.0
202,1.0,joint_recipe_shift,False,0.005,mlp_base:C5:E2,12,state_CO,False,False,0.008066457360280666,0.8478530598919997,0.0,0.0
202,1.0,joint_recipe_shift,False,0.005,mlp_base:C5:E2,12,state_UT,False,False,0.01913644110460888,0.8565904272762124,0.0,0.0
202,1.0,joint_recipe_shift,False,0.01,mlp_base:C5:E2,12,state_CO,False,False,0.008066457360280666,0.8478530598919997,0.0,0.0
202,1.0,joint_recipe_shift,False,0.01,mlp_base:C5:E2,12,state_UT,False,False,0.01913644110460888,0.8565904272762124,0.0,0.0
202,1.0,joint_recipe_shift,False,0.02,mlp_stronger:C5:E8,12,state_CO,False,False,-0.0007541641743089578,0.8566736814265893,0.0,0.0
202,1.0,joint_recipe_shift,False,0.02,mlp_stronger:C5:E8,12,state_UT,False,False,0.0002136150126320624,0.8755132533681892,0.0,0.0
202,1.0,joint_recipe_shift,True,0.0,mlp_base:C5:E2,12,state_CO,False,False,0.008066457360280666,0.8478530598919997,0.0,0.0
202,1.0,joint_recipe_shift,True,0.0,mlp_base:C5:E2,12,state_UT,False,False,0.01913644110460888,0.8565904272762124,0.0,0.0
202,1.0,joint_recipe_shift,True,0.005,mlp_stronger:C5:E8,12,state_CO,False,False,-0.0007541641743089578,0.8566736814265893,0.0,0.0
202,1.0,joint_recipe_shift,True,0.005,mlp_stronger:C5:E8,12,state_UT,False,False,0.0002136150126320624,0.8755132533681892,0.0,0.0
202,1.0,joint_recipe_shift,True,0.01,mlp_stronger:C5:E8,12,state_CO,False,False,-0.0007541641743089578,0.8566736814265893,0.0,0.0
202,1.0,joint_recipe_shift,True,0.01,mlp_stronger:C5:E8,12,state_UT,False,False,0.0002136150126320624,0.8755132533681892,0.0,0.0
202,1.0,joint_recipe_shift,True,0.02,mlp_stronger:C5:E8,12,state_CO,False,False,-0.0007541641743089578,0.8566736814265893,0.0,0.0
202,1.0,joint_recipe_shift,True,0.02,mlp_stronger:C5:E8,12,state_UT,False,False,0.0002136150126320624,0.8755132533681892,0.0,0.0
202,1.0,joint_recipe_proxy,False,0.0,mlp_base:C5:E2,12,state_CO,False,False,0.008066457360280666,0.8478530598919997,0.0,0.0
202,1.0,joint_recipe_proxy,False,0.0,mlp_base:C5:E2,12,state_UT,False,False,0.01913644110460888,0.8565904272762124,0.0,0.0
202,1.0,joint_recipe_proxy,False,0.005,mlp_base:C5:E2,12,state_CO,False,False,0.008066457360280666,0.8478530598919997,0.0,0.0
202,1.0,joint_recipe_proxy,False,0.005,mlp_base:C5:E2,12,state_UT,False,False,0.01913644110460888,0.8565904272762124,0.0,0.0
202,1.0,joint_recipe_proxy,False,0.01,mlp_base:C5:E2,12,state_CO,False,False,0.008066457360280666,0.8478530598919997,0.0,0.0
202,1.0,joint_recipe_proxy,False,0.01,mlp_base:C5:E2,12,state_UT,False,False,0.01913644110460888,0.8565904272762124,0.0,0.0
202,1.0,joint_recipe_proxy,False,0.02,mlp_stronger:C5:E8,12,state_CO,False,False,-0.0007541641743089578,0.8566736814265893,0.0,0.0
202,1.0,joint_recipe_proxy,False,0.02,mlp_stronger:C5:E8,12,state_UT,False,False,0.0002136150126320624,0.8755132533681892,0.0,0.0
202,1.0,joint_recipe_proxy,True,0.0,mlp_base:C5:E2,12,state_CO,False,False,0.008066457360280666,0.8478530598919997,0.0,0.0
202,1.0,joint_recipe_proxy,True,0.0,mlp_base:C5:E2,12,state_UT,False,False,0.01913644110460888,0.8565904272762124,0.0,0.0
202,1.0,joint_recipe_proxy,True,0.005,mlp_base:C5:E2,12,state_CO,False,False,0.008066457360280666,0.8478530598919997,0.0,0.0
202,1.0,joint_recipe_proxy,True,0.005,mlp_base:C5:E2,12,state_UT,False,False,0.01913644110460888,0.8565904272762124,0.0,0.0
202,1.0,joint_recipe_proxy,True,0.01,mlp_stronger:C5:E8,12,state_CO,False,False,-0.0007541641743089578,0.8566736814265893,0.0,0.0
202,1.0,joint_recipe_proxy,True,0.01,mlp_stronger:C5:E8,12,state_UT,False,False,0.0002136150126320624,0.8755132533681892,0.0,0.0
202,1.0,joint_recipe_proxy,True,0.02,mlp_stronger:C5:E8,12,state_CO,False,False,-0.0007541641743089578,0.8566736814265893,0.0,0.0
202,1.0,joint_recipe_proxy,True,0.02,mlp_stronger:C5:E8,12,state_UT,False,False,0.0002136150126320624,0.8755132533681892,0.0,0.0
202,1.0,logistic_shift,False,0.0,logistic:C1:E2,4,state_CO,False,False,0.017257962372373314,0.838661554879907,0.0,0.0
202,1.0,logistic_shift,False,0.0,logistic:C1:E2,4,state_UT,False,False,0.01638253945527013,0.8593443289255511,0.0,0.0
202,1.0,logistic_shift,False,0.005,logistic:C1:E2,4,state_CO,False,False,0.017257962372373314,0.838661554879907,0.0,0.0
202,1.0,logistic_shift,False,0.005,logistic:C1:E2,4,state_UT,False,False,0.01638253945527013,0.8593443289255511,0.0,0.0
202,1.0,logistic_shift,False,0.01,logistic:C5:E8,4,state_CO,False,False,0.005699621574880798,0.8502198956773995,0.0,0.0
202,1.0,logistic_shift,False,0.01,logistic:C5:E8,4,state_UT,False,False,0.0045182461861058565,0.8712086221947154,0.0,0.0
202,1.0,logistic_shift,False,0.02,logistic:C5:E8,4,state_CO,False,False,0.005699621574880798,0.8502198956773995,0.0,0.0
202,1.0,logistic_shift,False,0.02,logistic:C5:E8,4,state_UT,False,False,0.0045182461861058565,0.8712086221947154,0.0,0.0
202,1.0,logistic_shift,True,0.0,logistic:C5:E8,4,state_CO,False,False,0.005699621574880798,0.8502198956773995,0.0,0.0
202,1.0,logistic_shift,True,0.0,logistic:C5:E8,4,state_UT,False,False,0.0045182461861058565,0.8712086221947154,0.0,0.0
202,1.0,logistic_shift,True,0.005,logistic:C5:E8,4,state_CO,False,False,0.005699621574880798,0.8502198956773995,0.0,0.0
202,1.0,logistic_shift,True,0.005,logistic:C5:E8,4,state_UT,False,False,0.0045182461861058565,0.8712086221947154,0.0,0.0
202,1.0,logistic_shift,True,0.01,logistic:C5:E8,4,state_CO,False,False,0.005699621574880798,0.8502198956773995,0.0,0.0
202,1.0,logistic_shift,True,0.01,logistic:C5:E8,4,state_UT,False,False,0.0045182461861058565,0.8712086221947154,0.0,0.0
202,1.0,logistic_shift,True,0.02,,4,state_CO,True,,,,,
202,1.0,logistic_shift,True,0.02,,4,state_UT,True,,,,,
203,1.0,epsilon_source,False,0.0,mlp_base:C1:E2,2,state_CO,False,False,0.027425685055449955,0.815131764899754,0.0,0.0
203,1.0,epsilon_source,False,0.0,mlp_base:C1:E2,2,state_UT,False,True,0.03361671186394155,0.8259931586721606,0.003616711863941552,0.0
203,1.0,epsilon_source,False,0.005,mlp_base:C1:E2,2,state_CO,False,False,0.027425685055449955,0.815131764899754,0.0,0.0
203,1.0,epsilon_source,False,0.005,mlp_base:C1:E2,2,state_UT,False,True,0.03361671186394155,0.8259931586721606,0.003616711863941552,0.0
203,1.0,epsilon_source,False,0.01,,2,state_CO,True,,,,,
203,1.0,epsilon_source,False,0.01,,2,state_UT,True,,,,,
203,1.0,epsilon_source,False,0.02,,2,state_CO,True,,,,,
203,1.0,epsilon_source,False,0.02,,2,state_UT,True,,,,,
203,1.0,epsilon_source,True,0.0,,2,state_CO,True,,,,,
203,1.0,epsilon_source,True,0.0,,2,state_UT,True,,,,,
203,1.0,epsilon_source,True,0.005,,2,state_CO,True,,,,,
203,1.0,epsilon_source,True,0.005,,2,state_UT,True,,,,,
203,1.0,epsilon_source,True,0.01,,2,state_CO,True,,,,,
203,1.0,epsilon_source,True,0.01,,2,state_UT,True,,,,,
203,1.0,epsilon_source,True,0.02,,2,state_CO,True,,,,,
203,1.0,epsilon_source,True,0.02,,2,state_UT,True,,,,,
203,1.0,epsilon_shift,False,0.0,mlp_base:C1:E2,2,state_CO,False,False,0.027425685055449955,0.815131764899754,0.0,0.0
203,1.0,epsilon_shift,False,0.0,mlp_base:C1:E2,2,state_UT,False,True,0.03361671186394155,0.8259931586721606,0.003616711863941552,0.0
203,1.0,epsilon_shift,False,0.005,,2,state_CO,True,,,,,
203,1.0,epsilon_shift,False,0.005,,2,state_UT,True,,,,,
203,1.0,epsilon_shift,False,0.01,,2,state_CO,True,,,,,
203,1.0,epsilon_shift,False,0.01,,2,state_UT,True,,,,,
203,1.0,epsilon_shift,False,0.02,,2,state_CO,True,,,,,
203,1.0,epsilon_shift,False,0.02,,2,state_UT,True,,,,,
203,1.0,epsilon_shift,True,0.0,,2,state_CO,True,,,,,
203,1.0,epsilon_shift,True,0.0,,2,state_UT,True,,,,,
203,1.0,epsilon_shift,True,0.005,,2,state_CO,True,,,,,
203,1.0,epsilon_shift,True,0.005,,2,state_UT,True,,,,,
203,1.0,epsilon_shift,True,0.01,,2,state_CO,True,,,,,
203,1.0,epsilon_shift,True,0.01,,2,state_UT,True,,,,,
203,1.0,epsilon_shift,True,0.02,,2,state_CO,True,,,,,
203,1.0,epsilon_shift,True,0.02,,2,state_UT,True,,,,,
203,1.0,joint_clip_source,False,0.0,mlp_base:C5:E2,4,state_CO,False,False,0.02202826267664182,0.8205291872785622,0.0,0.0
203,1.0,joint_clip_source,False,0.0,mlp_base:C5:E2,4,state_UT,False,False,0.012306158566979697,0.8473037119691225,0.0,0.0
203,1.0,joint_clip_source,False,0.005,mlp_base:C5:E2,4,state_CO,False,False,0.02202826267664182,0.8205291872785622,0.0,0.0
203,1.0,joint_clip_source,False,0.005,mlp_base:C5:E2,4,state_UT,False,False,0.012306158566979697,0.8473037119691225,0.0,0.0
203,1.0,joint_clip_source,False,0.01,mlp_base:C5:E2,4,state_CO,False,False,0.02202826267664182,0.8205291872785622,0.0,0.0
203,1.0,joint_clip_source,False,0.01,mlp_base:C5:E2,4,state_UT,False,False,0.012306158566979697,0.8473037119691225,0.0,0.0
203,1.0,joint_clip_source,False,0.02,mlp_base:C5:E8,4,state_CO,False,False,0.0032009061411715223,0.8393565438140325,0.0,0.0
203,1.0,joint_clip_source,False,0.02,mlp_base:C5:E8,4,state_UT,False,False,0.0022739640830289343,0.8573359064530732,0.0,0.0
203,1.0,joint_clip_source,True,0.0,mlp_base:C5:E2,4,state_CO,False,False,0.02202826267664182,0.8205291872785622,0.0,0.0
203,1.0,joint_clip_source,True,0.0,mlp_base:C5:E2,4,state_UT,False,False,0.012306158566979697,0.8473037119691225,0.0,0.0
203,1.0,joint_clip_source,True,0.005,mlp_base:C5:E8,4,state_CO,False,False,0.0032009061411715223,0.8393565438140325,0.0,0.0
203,1.0,joint_clip_source,True,0.005,mlp_base:C5:E8,4,state_UT,False,False,0.0022739640830289343,0.8573359064530732,0.0,0.0
203,1.0,joint_clip_source,True,0.01,mlp_base:C5:E8,4,state_CO,False,False,0.0032009061411715223,0.8393565438140325,0.0,0.0
203,1.0,joint_clip_source,True,0.01,mlp_base:C5:E8,4,state_UT,False,False,0.0022739640830289343,0.8573359064530732,0.0,0.0
203,1.0,joint_clip_source,True,0.02,mlp_base:C5:E8,4,state_CO,False,False,0.0032009061411715223,0.8393565438140325,0.0,0.0
203,1.0,joint_clip_source,True,0.02,mlp_base:C5:E8,4,state_UT,False,False,0.0022739640830289343,0.8573359064530732,0.0,0.0
203,1.0,joint_clip_shift,False,0.0,mlp_base:C5:E2,4,state_CO,False,False,0.02202826267664182,0.8205291872785622,0.0,0.0
203,1.0,joint_clip_shift,False,0.0,mlp_base:C5:E2,4,state_UT,False,False,0.012306158566979697,0.8473037119691225,0.0,0.0
203,1.0,joint_clip_shift,False,0.005,mlp_base:C5:E2,4,state_CO,False,False,0.02202826267664182,0.8205291872785622,0.0,0.0
203,1.0,joint_clip_shift,False,0.005,mlp_base:C5:E2,4,state_UT,False,False,0.012306158566979697,0.8473037119691225,0.0,0.0
203,1.0,joint_clip_shift,False,0.01,mlp_base:C5:E8,4,state_CO,False,False,0.0032009061411715223,0.8393565438140325,0.0,0.0
203,1.0,joint_clip_shift,False,0.01,mlp_base:C5:E8,4,state_UT,False,False,0.0022739640830289343,0.8573359064530732,0.0,0.0
203,1.0,joint_clip_shift,False,0.02,mlp_base:C5:E8,4,state_CO,False,False,0.0032009061411715223,0.8393565438140325,0.0,0.0
203,1.0,joint_clip_shift,False,0.02,mlp_base:C5:E8,4,state_UT,False,False,0.0022739640830289343,0.8573359064530732,0.0,0.0
203,1.0,joint_clip_shift,True,0.0,mlp_base:C5:E8,4,state_CO,False,False,0.0032009061411715223,0.8393565438140325,0.0,0.0
203,1.0,joint_clip_shift,True,0.0,mlp_base:C5:E8,4,state_UT,False,False,0.0022739640830289343,0.8573359064530732,0.0,0.0
203,1.0,joint_clip_shift,True,0.005,mlp_base:C5:E8,4,state_CO,False,False,0.0032009061411715223,0.8393565438140325,0.0,0.0
203,1.0,joint_clip_shift,True,0.005,mlp_base:C5:E8,4,state_UT,False,False,0.0022739640830289343,0.8573359064530732,0.0,0.0
203,1.0,joint_clip_shift,True,0.01,mlp_base:C5:E8,4,state_CO,False,False,0.0032009061411715223,0.8393565438140325,0.0,0.0
203,1.0,joint_clip_shift,True,0.01,mlp_base:C5:E8,4,state_UT,False,False,0.0022739640830289343,0.8573359064530732,0.0,0.0
203,1.0,joint_clip_shift,True,0.02,mlp_base:C5:E8,4,state_CO,False,False,0.0032009061411715223,0.8393565438140325,0.0,0.0
203,1.0,joint_clip_shift,True,0.02,mlp_base:C5:E8,4,state_UT,False,False,0.0022739640830289343,0.8573359064530732,0.0,0.0
203,1.0,joint_recipe_source,False,0.0,mlp_base:C5:E2,12,state_CO,False,False,0.02202826267664182,0.8205291872785622,0.0,0.0
203,1.0,joint_recipe_source,False,0.0,mlp_base:C5:E2,12,state_UT,False,False,0.012306158566979697,0.8473037119691225,0.0,0.0
203,1.0,joint_recipe_source,False,0.005,mlp_base:C5:E2,12,state_CO,False,False,0.02202826267664182,0.8205291872785622,0.0,0.0
203,1.0,joint_recipe_source,False,0.005,mlp_base:C5:E2,12,state_UT,False,False,0.012306158566979697,0.8473037119691225,0.0,0.0
203,1.0,joint_recipe_source,False,0.01,mlp_base:C5:E2,12,state_CO,False,False,0.02202826267664182,0.8205291872785622,0.0,0.0
203,1.0,joint_recipe_source,False,0.01,mlp_base:C5:E2,12,state_UT,False,False,0.012306158566979697,0.8473037119691225,0.0,0.0
203,1.0,joint_recipe_source,False,0.02,mlp_stronger:C5:E2,12,state_CO,False,False,0.009981841715243522,0.8325756082399605,0.0,0.0
203,1.0,joint_recipe_source,False,0.02,mlp_stronger:C5:E2,12,state_UT,False,False,0.006395452529142087,0.8532144180069601,0.0,0.0
203,1.0,joint_recipe_source,True,0.0,mlp_base:C5:E2,12,state_CO,False,False,0.02202826267664182,0.8205291872785622,0.0,0.0
203,1.0,joint_recipe_source,True,0.0,mlp_base:C5:E2,12,state_UT,False,False,0.012306158566979697,0.8473037119691225,0.0,0.0
203,1.0,joint_recipe_source,True,0.005,mlp_stronger:C5:E2,12,state_CO,False,False,0.009981841715243522,0.8325756082399605,0.0,0.0
203,1.0,joint_recipe_source,True,0.005,mlp_stronger:C5:E2,12,state_UT,False,False,0.006395452529142087,0.8532144180069601,0.0,0.0
203,1.0,joint_recipe_source,True,0.01,mlp_stronger:C5:E2,12,state_CO,False,False,0.009981841715243522,0.8325756082399605,0.0,0.0
203,1.0,joint_recipe_source,True,0.01,mlp_stronger:C5:E2,12,state_UT,False,False,0.006395452529142087,0.8532144180069601,0.0,0.0
203,1.0,joint_recipe_source,True,0.02,mlp_stronger:C5:E8,12,state_CO,False,False,3.650430594359655e-06,0.8425537995246096,0.0,0.0
203,1.0,joint_recipe_source,True,0.02,mlp_stronger:C5:E8,12,state_UT,False,False,-0.0004938926515176689,0.8601037631876198,0.0,0.0
203,1.0,joint_recipe_shift,False,0.0,mlp_base:C5:E2,12,state_CO,False,False,0.02202826267664182,0.8205291872785622,0.0,0.0
203,1.0,joint_recipe_shift,False,0.0,mlp_base:C5:E2,12,state_UT,False,False,0.012306158566979697,0.8473037119691225,0.0,0.0
203,1.0,joint_recipe_shift,False,0.005,mlp_base:C5:E2,12,state_CO,False,False,0.02202826267664182,0.8205291872785622,0.0,0.0
203,1.0,joint_recipe_shift,False,0.005,mlp_base:C5:E2,12,state_UT,False,False,0.012306158566979697,0.8473037119691225,0.0,0.0
203,1.0,joint_recipe_shift,False,0.01,mlp_stronger:C5:E2,12,state_CO,False,False,0.009981841715243522,0.8325756082399605,0.0,0.0
203,1.0,joint_recipe_shift,False,0.01,mlp_stronger:C5:E2,12,state_UT,False,False,0.006395452529142087,0.8532144180069601,0.0,0.0
203,1.0,joint_recipe_shift,False,0.02,mlp_stronger:C5:E8,12,state_CO,False,False,3.650430594359655e-06,0.8425537995246096,0.0,0.0
203,1.0,joint_recipe_shift,False,0.02,mlp_stronger:C5:E8,12,state_UT,False,False,-0.0004938926515176689,0.8601037631876198,0.0,0.0
203,1.0,joint_recipe_shift,True,0.0,mlp_stronger:C5:E2,12,state_CO,False,False,0.009981841715243522,0.8325756082399605,0.0,0.0
203,1.0,joint_recipe_shift,True,0.0,mlp_stronger:C5:E2,12,state_UT,False,False,0.006395452529142087,0.8532144180069601,0.0,0.0
203,1.0,joint_recipe_shift,True,0.005,mlp_stronger:C5:E2,12,state_CO,False,False,0.009981841715243522,0.8325756082399605,0.0,0.0
203,1.0,joint_recipe_shift,True,0.005,mlp_stronger:C5:E2,12,state_UT,False,False,0.006395452529142087,0.8532144180069601,0.0,0.0
203,1.0,joint_recipe_shift,True,0.01,mlp_stronger:C5:E8,12,state_CO,False,False,3.650430594359655e-06,0.8425537995246096,0.0,0.0
203,1.0,joint_recipe_shift,True,0.01,mlp_stronger:C5:E8,12,state_UT,False,False,-0.0004938926515176689,0.8601037631876198,0.0,0.0
203,1.0,joint_recipe_shift,True,0.02,mlp_stronger:C5:E8,12,state_CO,False,False,3.650430594359655e-06,0.8425537995246096,0.0,0.0
203,1.0,joint_recipe_shift,True,0.02,mlp_stronger:C5:E8,12,state_UT,False,False,-0.0004938926515176689,0.8601037631876198,0.0,0.0
203,1.0,joint_recipe_proxy,False,0.0,mlp_base:C5:E2,12,state_CO,False,False,0.02202826267664182,0.8205291872785622,0.0,0.0
203,1.0,joint_recipe_proxy,False,0.0,mlp_base:C5:E2,12,state_UT,False,False,0.012306158566979697,0.8473037119691225,0.0,0.0
203,1.0,joint_recipe_proxy,False,0.005,mlp_base:C5:E2,12,state_CO,False,False,0.02202826267664182,0.8205291872785622,0.0,0.0
203,1.0,joint_recipe_proxy,False,0.005,mlp_base:C5:E2,12,state_UT,False,False,0.012306158566979697,0.8473037119691225,0.0,0.0
203,1.0,joint_recipe_proxy,False,0.01,mlp_base:C5:E2,12,state_CO,False,False,0.02202826267664182,0.8205291872785622,0.0,0.0
203,1.0,joint_recipe_proxy,False,0.01,mlp_base:C5:E2,12,state_UT,False,False,0.012306158566979697,0.8473037119691225,0.0,0.0
203,1.0,joint_recipe_proxy,False,0.02,mlp_stronger:C5:E2,12,state_CO,False,False,0.009981841715243522,0.8325756082399605,0.0,0.0
203,1.0,joint_recipe_proxy,False,0.02,mlp_stronger:C5:E2,12,state_UT,False,False,0.006395452529142087,0.8532144180069601,0.0,0.0
203,1.0,joint_recipe_proxy,True,0.0,mlp_base:C5:E2,12,state_CO,False,False,0.02202826267664182,0.8205291872785622,0.0,0.0
203,1.0,joint_recipe_proxy,True,0.0,mlp_base:C5:E2,12,state_UT,False,False,0.012306158566979697,0.8473037119691225,0.0,0.0
203,1.0,joint_recipe_proxy,True,0.005,mlp_stronger:C5:E2,12,state_CO,False,False,0.009981841715243522,0.8325756082399605,0.0,0.0
203,1.0,joint_recipe_proxy,True,0.005,mlp_stronger:C5:E2,12,state_UT,False,False,0.006395452529142087,0.8532144180069601,0.0,0.0
203,1.0,joint_recipe_proxy,True,0.01,mlp_stronger:C5:E8,12,state_CO,False,False,3.650430594359655e-06,0.8425537995246096,0.0,0.0
203,1.0,joint_recipe_proxy,True,0.01,mlp_stronger:C5:E8,12,state_UT,False,False,-0.0004938926515176689,0.8601037631876198,0.0,0.0
203,1.0,joint_recipe_proxy,True,0.02,mlp_stronger:C5:E8,12,state_CO,False,False,3.650430594359655e-06,0.8425537995246096,0.0,0.0
203,1.0,joint_recipe_proxy,True,0.02,mlp_stronger:C5:E8,12,state_UT,False,False,-0.0004938926515176689,0.8601037631876198,0.0,0.0
203,1.0,logistic_shift,False,0.0,logistic:C1:E2,4,state_CO,False,False,0.022731231311099,0.819826218644105,0.0,0.0
203,1.0,logistic_shift,False,0.0,logistic:C1:E2,4,state_UT,False,False,0.027888357395356445,0.8317215131407457,0.0,0.0
203,1.0,logistic_shift,False,0.005,logistic:C1:E2,4,state_CO,False,False,0.022731231311099,0.819826218644105,0.0,0.0
203,1.0,logistic_shift,False,0.005,logistic:C1:E2,4,state_UT,False,False,0.027888357395356445,0.8317215131407457,0.0,0.0
203,1.0,logistic_shift,False,0.01,logistic:C5:E8,4,state_CO,False,False,0.006550436956542227,0.8360070129986618,0.0,0.0
203,1.0,logistic_shift,False,0.01,logistic:C5:E8,4,state_UT,False,False,0.005137855499814825,0.8544720150362873,0.0,0.0
203,1.0,logistic_shift,False,0.02,,4,state_CO,True,,,,,
203,1.0,logistic_shift,False,0.02,,4,state_UT,True,,,,,
203,1.0,logistic_shift,True,0.0,logistic:C5:E8,4,state_CO,False,False,0.006550436956542227,0.8360070129986618,0.0,0.0
203,1.0,logistic_shift,True,0.0,logistic:C5:E8,4,state_UT,False,False,0.005137855499814825,0.8544720150362873,0.0,0.0
203,1.0,logistic_shift,True,0.005,logistic:C5:E8,4,state_CO,False,False,0.006550436956542227,0.8360070129986618,0.0,0.0
203,1.0,logistic_shift,True,0.005,logistic:C5:E8,4,state_UT,False,False,0.005137855499814825,0.8544720150362873,0.0,0.0
203,1.0,logistic_shift,True,0.01,logistic:C5:E8,4,state_CO,False,False,0.006550436956542227,0.8360070129986618,0.0,0.0
203,1.0,logistic_shift,True,0.01,logistic:C5:E8,4,state_UT,False,False,0.005137855499814825,0.8544720150362873,0.0,0.0
203,1.0,logistic_shift,True,0.02,,4,state_CO,True,,,,,
203,1.0,logistic_shift,True,0.02,,4,state_UT,True,,,,,
204,1.0,epsilon_source,False,0.0,mlp_base:C1:E2,2,state_CO,False,False,0.023101830951381297,0.8249857146014138,0.0,0.0
204,1.0,epsilon_source,False,0.0,mlp_base:C1:E2,2,state_UT,False,False,0.025072919809761673,0.8683360393886711,0.0,0.0
204,1.0,epsilon_source,False,0.005,mlp_base:C1:E2,2,state_CO,False,False,0.023101830951381297,0.8249857146014138,0.0,0.0
204,1.0,epsilon_source,False,0.005,mlp_base:C1:E2,2,state_UT,False,False,0.025072919809761673,0.8683360393886711,0.0,0.0
204,1.0,epsilon_source,False,0.01,,2,state_CO,True,,,,,
204,1.0,epsilon_source,False,0.01,,2,state_UT,True,,,,,
204,1.0,epsilon_source,False,0.02,,2,state_CO,True,,,,,
204,1.0,epsilon_source,False,0.02,,2,state_UT,True,,,,,
204,1.0,epsilon_source,True,0.0,,2,state_CO,True,,,,,
204,1.0,epsilon_source,True,0.0,,2,state_UT,True,,,,,
204,1.0,epsilon_source,True,0.005,,2,state_CO,True,,,,,
204,1.0,epsilon_source,True,0.005,,2,state_UT,True,,,,,
204,1.0,epsilon_source,True,0.01,,2,state_CO,True,,,,,
204,1.0,epsilon_source,True,0.01,,2,state_UT,True,,,,,
204,1.0,epsilon_source,True,0.02,,2,state_CO,True,,,,,
204,1.0,epsilon_source,True,0.02,,2,state_UT,True,,,,,
204,1.0,epsilon_shift,False,0.0,,2,state_CO,True,,,,,
204,1.0,epsilon_shift,False,0.0,,2,state_UT,True,,,,,
204,1.0,epsilon_shift,False,0.005,,2,state_CO,True,,,,,
204,1.0,epsilon_shift,False,0.005,,2,state_UT,True,,,,,
204,1.0,epsilon_shift,False,0.01,,2,state_CO,True,,,,,
204,1.0,epsilon_shift,False,0.01,,2,state_UT,True,,,,,
204,1.0,epsilon_shift,False,0.02,,2,state_CO,True,,,,,
204,1.0,epsilon_shift,False,0.02,,2,state_UT,True,,,,,
204,1.0,epsilon_shift,True,0.0,,2,state_CO,True,,,,,
204,1.0,epsilon_shift,True,0.0,,2,state_UT,True,,,,,
204,1.0,epsilon_shift,True,0.005,,2,state_CO,True,,,,,
204,1.0,epsilon_shift,True,0.005,,2,state_UT,True,,,,,
204,1.0,epsilon_shift,True,0.01,,2,state_CO,True,,,,,
204,1.0,epsilon_shift,True,0.01,,2,state_UT,True,,,,,
204,1.0,epsilon_shift,True,0.02,,2,state_CO,True,,,,,
204,1.0,epsilon_shift,True,0.02,,2,state_UT,True,,,,,
204,1.0,joint_clip_source,False,0.0,mlp_base:C5:E2,4,state_CO,False,False,0.018184286377254666,0.8299032591755404,0.0,0.0
204,1.0,joint_clip_source,False,0.0,mlp_base:C5:E2,4,state_UT,False,False,0.009735812367391072,0.8836731468310417,0.0,0.0
204,1.0,joint_clip_source,False,0.005,mlp_base:C5:E2,4,state_CO,False,False,0.018184286377254666,0.8299032591755404,0.0,0.0
204,1.0,joint_clip_source,False,0.005,mlp_base:C5:E2,4,state_UT,False,False,0.009735812367391072,0.8836731468310417,0.0,0.0
204,1.0,joint_clip_source,False,0.01,mlp_base:C5:E2,4,state_CO,False,False,0.018184286377254666,0.8299032591755404,0.0,0.0
204,1.0,joint_clip_source,False,0.01,mlp_base:C5:E2,4,state_UT,False,False,0.009735812367391072,0.8836731468310417,0.0,0.0
204,1.0,joint_clip_source,False,0.02,mlp_base:C5:E2,4,state_CO,False,False,0.018184286377254666,0.8299032591755404,0.0,0.0
204,1.0,joint_clip_source,False,0.02,mlp_base:C5:E2,4,state_UT,False,False,0.009735812367391072,0.8836731468310417,0.0,0.0
204,1.0,joint_clip_source,True,0.0,mlp_base:C5:E2,4,state_CO,False,False,0.018184286377254666,0.8299032591755404,0.0,0.0
204,1.0,joint_clip_source,True,0.0,mlp_base:C5:E2,4,state_UT,False,False,0.009735812367391072,0.8836731468310417,0.0,0.0
204,1.0,joint_clip_source,True,0.005,mlp_base:C5:E2,4,state_CO,False,False,0.018184286377254666,0.8299032591755404,0.0,0.0
204,1.0,joint_clip_source,True,0.005,mlp_base:C5:E2,4,state_UT,False,False,0.009735812367391072,0.8836731468310417,0.0,0.0
204,1.0,joint_clip_source,True,0.01,mlp_base:C5:E2,4,state_CO,False,False,0.018184286377254666,0.8299032591755404,0.0,0.0
204,1.0,joint_clip_source,True,0.01,mlp_base:C5:E2,4,state_UT,False,False,0.009735812367391072,0.8836731468310417,0.0,0.0
204,1.0,joint_clip_source,True,0.02,mlp_base:C5:E8,4,state_CO,False,False,0.0020004819677755803,0.8460870635850195,0.0,0.0
204,1.0,joint_clip_source,True,0.02,mlp_base:C5:E8,4,state_UT,False,False,0.00047415836889508345,0.8929348008295377,0.0,0.0
204,1.0,joint_clip_shift,False,0.0,mlp_base:C5:E2,4,state_CO,False,False,0.018184286377254666,0.8299032591755404,0.0,0.0
204,1.0,joint_clip_shift,False,0.0,mlp_base:C5:E2,4,state_UT,False,False,0.009735812367391072,0.8836731468310417,0.0,0.0
204,1.0,joint_clip_shift,False,0.005,mlp_base:C5:E2,4,state_CO,False,False,0.018184286377254666,0.8299032591755404,0.0,0.0
204,1.0,joint_clip_shift,False,0.005,mlp_base:C5:E2,4,state_UT,False,False,0.009735812367391072,0.8836731468310417,0.0,0.0
204,1.0,joint_clip_shift,False,0.01,mlp_base:C5:E2,4,state_CO,False,False,0.018184286377254666,0.8299032591755404,0.0,0.0
204,1.0,joint_clip_shift,False,0.01,mlp_base:C5:E2,4,state_UT,False,False,0.009735812367391072,0.8836731468310417,0.0,0.0
204,1.0,joint_clip_shift,False,0.02,mlp_base:C5:E8,4,state_CO,False,False,0.0020004819677755803,0.8460870635850195,0.0,0.0
204,1.0,joint_clip_shift,False,0.02,mlp_base:C5:E8,4,state_UT,False,False,0.00047415836889508345,0.8929348008295377,0.0,0.0
204,1.0,joint_clip_shift,True,0.0,mlp_base:C5:E2,4,state_CO,False,False,0.018184286377254666,0.8299032591755404,0.0,0.0
204,1.0,joint_clip_shift,True,0.0,mlp_base:C5:E2,4,state_UT,False,False,0.009735812367391072,0.8836731468310417,0.0,0.0
204,1.0,joint_clip_shift,True,0.005,mlp_base:C5:E2,4,state_CO,False,False,0.018184286377254666,0.8299032591755404,0.0,0.0
204,1.0,joint_clip_shift,True,0.005,mlp_base:C5:E2,4,state_UT,False,False,0.009735812367391072,0.8836731468310417,0.0,0.0
204,1.0,joint_clip_shift,True,0.01,mlp_base:C5:E8,4,state_CO,False,False,0.0020004819677755803,0.8460870635850195,0.0,0.0
204,1.0,joint_clip_shift,True,0.01,mlp_base:C5:E8,4,state_UT,False,False,0.00047415836889508345,0.8929348008295377,0.0,0.0
204,1.0,joint_clip_shift,True,0.02,mlp_base:C5:E8,4,state_CO,False,False,0.0020004819677755803,0.8460870635850195,0.0,0.0
204,1.0,joint_clip_shift,True,0.02,mlp_base:C5:E8,4,state_UT,False,False,0.00047415836889508345,0.8929348008295377,0.0,0.0
204,1.0,joint_recipe_source,False,0.0,mlp_base:C5:E2,12,state_CO,False,False,0.018184286377254666,0.8299032591755404,0.0,0.0
204,1.0,joint_recipe_source,False,0.0,mlp_base:C5:E2,12,state_UT,False,False,0.009735812367391072,0.8836731468310417,0.0,0.0
204,1.0,joint_recipe_source,False,0.005,mlp_base:C5:E2,12,state_CO,False,False,0.018184286377254666,0.8299032591755404,0.0,0.0
204,1.0,joint_recipe_source,False,0.005,mlp_base:C5:E2,12,state_UT,False,False,0.009735812367391072,0.8836731468310417,0.0,0.0
204,1.0,joint_recipe_source,False,0.01,mlp_base:C5:E2,12,state_CO,False,False,0.018184286377254666,0.8299032591755404,0.0,0.0
204,1.0,joint_recipe_source,False,0.01,mlp_base:C5:E2,12,state_UT,False,False,0.009735812367391072,0.8836731468310417,0.0,0.0
204,1.0,joint_recipe_source,False,0.02,mlp_base:C5:E2,12,state_CO,False,False,0.018184286377254666,0.8299032591755404,0.0,0.0
204,1.0,joint_recipe_source,False,0.02,mlp_base:C5:E2,12,state_UT,False,False,0.009735812367391072,0.8836731468310417,0.0,0.0
204,1.0,joint_recipe_source,True,0.0,mlp_base:C5:E2,12,state_CO,False,False,0.018184286377254666,0.8299032591755404,0.0,0.0
204,1.0,joint_recipe_source,True,0.0,mlp_base:C5:E2,12,state_UT,False,False,0.009735812367391072,0.8836731468310417,0.0,0.0
204,1.0,joint_recipe_source,True,0.005,mlp_base:C5:E2,12,state_CO,False,False,0.018184286377254666,0.8299032591755404,0.0,0.0
204,1.0,joint_recipe_source,True,0.005,mlp_base:C5:E2,12,state_UT,False,False,0.009735812367391072,0.8836731468310417,0.0,0.0
204,1.0,joint_recipe_source,True,0.01,mlp_base:C5:E2,12,state_CO,False,False,0.018184286377254666,0.8299032591755404,0.0,0.0
204,1.0,joint_recipe_source,True,0.01,mlp_base:C5:E2,12,state_UT,False,False,0.009735812367391072,0.8836731468310417,0.0,0.0
204,1.0,joint_recipe_source,True,0.02,mlp_stronger:C5:E8,12,state_CO,False,False,0.001258588339536848,0.8468289572132582,0.0,0.0
204,1.0,joint_recipe_source,True,0.02,mlp_stronger:C5:E8,12,state_UT,False,False,0.0011279221805536865,0.8922810370178791,0.0,0.0
204,1.0,joint_recipe_shift,False,0.0,mlp_base:C5:E2,12,state_CO,False,False,0.018184286377254666,0.8299032591755404,0.0,0.0
204,1.0,joint_recipe_shift,False,0.0,mlp_base:C5:E2,12,state_UT,False,False,0.009735812367391072,0.8836731468310417,0.0,0.0
204,1.0,joint_recipe_shift,False,0.005,mlp_base:C5:E2,12,state_CO,False,False,0.018184286377254666,0.8299032591755404,0.0,0.0
204,1.0,joint_recipe_shift,False,0.005,mlp_base:C5:E2,12,state_UT,False,False,0.009735812367391072,0.8836731468310417,0.0,0.0
204,1.0,joint_recipe_shift,False,0.01,mlp_base:C5:E2,12,state_CO,False,False,0.018184286377254666,0.8299032591755404,0.0,0.0
204,1.0,joint_recipe_shift,False,0.01,mlp_base:C5:E2,12,state_UT,False,False,0.009735812367391072,0.8836731468310417,0.0,0.0
204,1.0,joint_recipe_shift,False,0.02,mlp_stronger:C5:E8,12,state_CO,False,False,0.001258588339536848,0.8468289572132582,0.0,0.0
204,1.0,joint_recipe_shift,False,0.02,mlp_stronger:C5:E8,12,state_UT,False,False,0.0011279221805536865,0.8922810370178791,0.0,0.0
204,1.0,joint_recipe_shift,True,0.0,mlp_base:C5:E2,12,state_CO,False,False,0.018184286377254666,0.8299032591755404,0.0,0.0
204,1.0,joint_recipe_shift,True,0.0,mlp_base:C5:E2,12,state_UT,False,False,0.009735812367391072,0.8836731468310417,0.0,0.0
204,1.0,joint_recipe_shift,True,0.005,mlp_base:C5:E2,12,state_CO,False,False,0.018184286377254666,0.8299032591755404,0.0,0.0
204,1.0,joint_recipe_shift,True,0.005,mlp_base:C5:E2,12,state_UT,False,False,0.009735812367391072,0.8836731468310417,0.0,0.0
204,1.0,joint_recipe_shift,True,0.01,mlp_stronger:C5:E8,12,state_CO,False,False,0.001258588339536848,0.8468289572132582,0.0,0.0
204,1.0,joint_recipe_shift,True,0.01,mlp_stronger:C5:E8,12,state_UT,False,False,0.0011279221805536865,0.8922810370178791,0.0,0.0
204,1.0,joint_recipe_shift,True,0.02,mlp_stronger:C5:E8,12,state_CO,False,False,0.001258588339536848,0.8468289572132582,0.0,0.0
204,1.0,joint_recipe_shift,True,0.02,mlp_stronger:C5:E8,12,state_UT,False,False,0.0011279221805536865,0.8922810370178791,0.0,0.0
204,1.0,joint_recipe_proxy,False,0.0,mlp_base:C5:E2,12,state_CO,False,False,0.018184286377254666,0.8299032591755404,0.0,0.0
204,1.0,joint_recipe_proxy,False,0.0,mlp_base:C5:E2,12,state_UT,False,False,0.009735812367391072,0.8836731468310417,0.0,0.0
204,1.0,joint_recipe_proxy,False,0.005,mlp_base:C5:E2,12,state_CO,False,False,0.018184286377254666,0.8299032591755404,0.0,0.0
204,1.0,joint_recipe_proxy,False,0.005,mlp_base:C5:E2,12,state_UT,False,False,0.009735812367391072,0.8836731468310417,0.0,0.0
204,1.0,joint_recipe_proxy,False,0.01,mlp_base:C5:E2,12,state_CO,False,False,0.018184286377254666,0.8299032591755404,0.0,0.0
204,1.0,joint_recipe_proxy,False,0.01,mlp_base:C5:E2,12,state_UT,False,False,0.009735812367391072,0.8836731468310417,0.0,0.0
204,1.0,joint_recipe_proxy,False,0.02,mlp_stronger:C5:E8,12,state_CO,False,False,0.001258588339536848,0.8468289572132582,0.0,0.0
204,1.0,joint_recipe_proxy,False,0.02,mlp_stronger:C5:E8,12,state_UT,False,False,0.0011279221805536865,0.8922810370178791,0.0,0.0
204,1.0,joint_recipe_proxy,True,0.0,mlp_base:C5:E2,12,state_CO,False,False,0.018184286377254666,0.8299032591755404,0.0,0.0
204,1.0,joint_recipe_proxy,True,0.0,mlp_base:C5:E2,12,state_UT,False,False,0.009735812367391072,0.8836731468310417,0.0,0.0
204,1.0,joint_recipe_proxy,True,0.005,logistic:C5:E2,12,state_CO,False,False,0.010614866706444959,0.8374726788463501,0.0,0.0
204,1.0,joint_recipe_proxy,True,0.005,logistic:C5:E2,12,state_UT,False,False,0.013293197503723708,0.8801157616947091,0.0,0.0
204,1.0,joint_recipe_proxy,True,0.01,mlp_stronger:C5:E8,12,state_CO,False,False,0.001258588339536848,0.8468289572132582,0.0,0.0
204,1.0,joint_recipe_proxy,True,0.01,mlp_stronger:C5:E8,12,state_UT,False,False,0.0011279221805536865,0.8922810370178791,0.0,0.0
204,1.0,joint_recipe_proxy,True,0.02,mlp_stronger:C5:E8,12,state_CO,False,False,0.001258588339536848,0.8468289572132582,0.0,0.0
204,1.0,joint_recipe_proxy,True,0.02,mlp_stronger:C5:E8,12,state_UT,False,False,0.0011279221805536865,0.8922810370178791,0.0,0.0
204,1.0,logistic_shift,False,0.0,logistic:C5:E2,4,state_CO,False,False,0.010614866706444959,0.8374726788463501,0.0,0.0
204,1.0,logistic_shift,False,0.0,logistic:C5:E2,4,state_UT,False,False,0.013293197503723708,0.8801157616947091,0.0,0.0
204,1.0,logistic_shift,False,0.005,logistic:C5:E2,4,state_CO,False,False,0.010614866706444959,0.8374726788463501,0.0,0.0
204,1.0,logistic_shift,False,0.005,logistic:C5:E2,4,state_UT,False,False,0.013293197503723708,0.8801157616947091,0.0,0.0
204,1.0,logistic_shift,False,0.01,logistic:C5:E2,4,state_CO,False,False,0.010614866706444959,0.8374726788463501,0.0,0.0
204,1.0,logistic_shift,False,0.01,logistic:C5:E2,4,state_UT,False,False,0.013293197503723708,0.8801157616947091,0.0,0.0
204,1.0,logistic_shift,False,0.02,logistic:C5:E8,4,state_CO,False,False,0.002230942541654124,0.845856603011141,0.0,0.0
204,1.0,logistic_shift,False,0.02,logistic:C5:E8,4,state_UT,False,False,0.0036567668146614274,0.8897521923837713,0.0,0.0
204,1.0,logistic_shift,True,0.0,logistic:C5:E2,4,state_CO,False,False,0.010614866706444959,0.8374726788463501,0.0,0.0
204,1.0,logistic_shift,True,0.0,logistic:C5:E2,4,state_UT,False,False,0.013293197503723708,0.8801157616947091,0.0,0.0
204,1.0,logistic_shift,True,0.005,logistic:C5:E8,4,state_CO,False,False,0.002230942541654124,0.845856603011141,0.0,0.0
204,1.0,logistic_shift,True,0.005,logistic:C5:E8,4,state_UT,False,False,0.0036567668146614274,0.8897521923837713,0.0,0.0
204,1.0,logistic_shift,True,0.01,logistic:C5:E8,4,state_CO,False,False,0.002230942541654124,0.845856603011141,0.0,0.0
204,1.0,logistic_shift,True,0.01,logistic:C5:E8,4,state_UT,False,False,0.0036567668146614274,0.8897521923837713,0.0,0.0
204,1.0,logistic_shift,True,0.02,,4,state_CO,True,,,,,
204,1.0,logistic_shift,True,0.02,,4,state_UT,True,,,,,
205,1.0,epsilon_source,False,0.0,mlp_base:C1:E2,2,state_CO,False,False,0.023021054887800596,0.818252172264266,0.0,0.0
205,1.0,epsilon_source,False,0.0,mlp_base:C1:E2,2,state_UT,False,False,0.0259846261355694,0.8377621243885396,0.0,0.0
205,1.0,epsilon_source,False,0.005,,2,state_CO,True,,,,,
205,1.0,epsilon_source,False,0.005,,2,state_UT,True,,,,,
205,1.0,epsilon_source,False,0.01,,2,state_CO,True,,,,,
205,1.0,epsilon_source,False,0.01,,2,state_UT,True,,,,,
205,1.0,epsilon_source,False,0.02,,2,state_CO,True,,,,,
205,1.0,epsilon_source,False,0.02,,2,state_UT,True,,,,,
205,1.0,epsilon_source,True,0.0,,2,state_CO,True,,,,,
205,1.0,epsilon_source,True,0.0,,2,state_UT,True,,,,,
205,1.0,epsilon_source,True,0.005,,2,state_CO,True,,,,,
205,1.0,epsilon_source,True,0.005,,2,state_UT,True,,,,,
205,1.0,epsilon_source,True,0.01,,2,state_CO,True,,,,,
205,1.0,epsilon_source,True,0.01,,2,state_UT,True,,,,,
205,1.0,epsilon_source,True,0.02,,2,state_CO,True,,,,,
205,1.0,epsilon_source,True,0.02,,2,state_UT,True,,,,,
205,1.0,epsilon_shift,False,0.0,mlp_base:C1:E2,2,state_CO,False,False,0.023021054887800596,0.818252172264266,0.0,0.0
205,1.0,epsilon_shift,False,0.0,mlp_base:C1:E2,2,state_UT,False,False,0.0259846261355694,0.8377621243885396,0.0,0.0
205,1.0,epsilon_shift,False,0.005,,2,state_CO,True,,,,,
205,1.0,epsilon_shift,False,0.005,,2,state_UT,True,,,,,
205,1.0,epsilon_shift,False,0.01,,2,state_CO,True,,,,,
205,1.0,epsilon_shift,False,0.01,,2,state_UT,True,,,,,
205,1.0,epsilon_shift,False,0.02,,2,state_CO,True,,,,,
205,1.0,epsilon_shift,False,0.02,,2,state_UT,True,,,,,
205,1.0,epsilon_shift,True,0.0,,2,state_CO,True,,,,,
205,1.0,epsilon_shift,True,0.0,,2,state_UT,True,,,,,
205,1.0,epsilon_shift,True,0.005,,2,state_CO,True,,,,,
205,1.0,epsilon_shift,True,0.005,,2,state_UT,True,,,,,
205,1.0,epsilon_shift,True,0.01,,2,state_CO,True,,,,,
205,1.0,epsilon_shift,True,0.01,,2,state_UT,True,,,,,
205,1.0,epsilon_shift,True,0.02,,2,state_CO,True,,,,,
205,1.0,epsilon_shift,True,0.02,,2,state_UT,True,,,,,
205,1.0,joint_clip_source,False,0.0,mlp_base:C5:E2,4,state_CO,False,False,0.013096445235857623,0.828176781916209,0.0,0.0
205,1.0,joint_clip_source,False,0.0,mlp_base:C5:E2,4,state_UT,False,False,0.021522292103424157,0.8422244584206848,0.0,0.0
205,1.0,joint_clip_source,False,0.005,mlp_base:C5:E2,4,state_CO,False,False,0.013096445235857623,0.828176781916209,0.0,0.0
205,1.0,joint_clip_source,False,0.005,mlp_base:C5:E2,4,state_UT,False,False,0.021522292103424157,0.8422244584206848,0.0,0.0
205,1.0,joint_clip_source,False,0.01,mlp_base:C5:E2,4,state_CO,False,False,0.013096445235857623,0.828176781916209,0.0,0.0
205,1.0,joint_clip_source,False,0.01,mlp_base:C5:E2,4,state_UT,False,False,0.021522292103424157,0.8422244584206848,0.0,0.0
205,1.0,joint_clip_source,False,0.02,mlp_base:C5:E8,4,state_CO,False,False,0.002185660582677884,0.8390875665693888,0.0,0.0
205,1.0,joint_clip_source,False,0.02,mlp_base:C5:E8,4,state_UT,False,False,0.006493920335429948,0.857252830188679,0.0,0.0
205,1.0,joint_clip_source,True,0.0,mlp_base:C5:E2,4,state_CO,False,False,0.013096445235857623,0.828176781916209,0.0,0.0
205,1.0,joint_clip_source,True,0.0,mlp_base:C5:E2,4,state_UT,False,False,0.021522292103424157,0.8422244584206848,0.0,0.0
205,1.0,joint_clip_source,True,0.005,mlp_base:C5:E2,4,state_CO,False,False,0.013096445235857623,0.828176781916209,0.0,0.0
205,1.0,joint_clip_source,True,0.005,mlp_base:C5:E2,4,state_UT,False,False,0.021522292103424157,0.8422244584206848,0.0,0.0
205,1.0,joint_clip_source,True,0.01,mlp_base:C5:E8,4,state_CO,False,False,0.002185660582677884,0.8390875665693888,0.0,0.0
205,1.0,joint_clip_source,True,0.01,mlp_base:C5:E8,4,state_UT,False,False,0.006493920335429948,0.857252830188679,0.0,0.0
205,1.0,joint_clip_source,True,0.02,mlp_base:C5:E8,4,state_CO,False,False,0.002185660582677884,0.8390875665693888,0.0,0.0
205,1.0,joint_clip_source,True,0.02,mlp_base:C5:E8,4,state_UT,False,False,0.006493920335429948,0.857252830188679,0.0,0.0
205,1.0,joint_clip_shift,False,0.0,mlp_base:C5:E2,4,state_CO,False,False,0.013096445235857623,0.828176781916209,0.0,0.0
205,1.0,joint_clip_shift,False,0.0,mlp_base:C5:E2,4,state_UT,False,False,0.021522292103424157,0.8422244584206848,0.0,0.0
205,1.0,joint_clip_shift,False,0.005,mlp_base:C5:E2,4,state_CO,False,False,0.013096445235857623,0.828176781916209,0.0,0.0
205,1.0,joint_clip_shift,False,0.005,mlp_base:C5:E2,4,state_UT,False,False,0.021522292103424157,0.8422244584206848,0.0,0.0
205,1.0,joint_clip_shift,False,0.01,mlp_base:C5:E2,4,state_CO,False,False,0.013096445235857623,0.828176781916209,0.0,0.0
205,1.0,joint_clip_shift,False,0.01,mlp_base:C5:E2,4,state_UT,False,False,0.021522292103424157,0.8422244584206848,0.0,0.0
205,1.0,joint_clip_shift,False,0.02,mlp_base:C5:E8,4,state_CO,False,False,0.002185660582677884,0.8390875665693888,0.0,0.0
205,1.0,joint_clip_shift,False,0.02,mlp_base:C5:E8,4,state_UT,False,False,0.006493920335429948,0.857252830188679,0.0,0.0
205,1.0,joint_clip_shift,True,0.0,mlp_base:C5:E2,4,state_CO,False,False,0.013096445235857623,0.828176781916209,0.0,0.0
205,1.0,joint_clip_shift,True,0.0,mlp_base:C5:E2,4,state_UT,False,False,0.021522292103424157,0.8422244584206848,0.0,0.0
205,1.0,joint_clip_shift,True,0.005,mlp_base:C5:E2,4,state_CO,False,False,0.013096445235857623,0.828176781916209,0.0,0.0
205,1.0,joint_clip_shift,True,0.005,mlp_base:C5:E2,4,state_UT,False,False,0.021522292103424157,0.8422244584206848,0.0,0.0
205,1.0,joint_clip_shift,True,0.01,mlp_base:C5:E8,4,state_CO,False,False,0.002185660582677884,0.8390875665693888,0.0,0.0
205,1.0,joint_clip_shift,True,0.01,mlp_base:C5:E8,4,state_UT,False,False,0.006493920335429948,0.857252830188679,0.0,0.0
205,1.0,joint_clip_shift,True,0.02,mlp_base:C5:E8,4,state_CO,False,False,0.002185660582677884,0.8390875665693888,0.0,0.0
205,1.0,joint_clip_shift,True,0.02,mlp_base:C5:E8,4,state_UT,False,False,0.006493920335429948,0.857252830188679,0.0,0.0
205,1.0,joint_recipe_source,False,0.0,mlp_base:C5:E2,12,state_CO,False,False,0.013096445235857623,0.828176781916209,0.0,0.0
205,1.0,joint_recipe_source,False,0.0,mlp_base:C5:E2,12,state_UT,False,False,0.021522292103424157,0.8422244584206848,0.0,0.0
205,1.0,joint_recipe_source,False,0.005,mlp_base:C5:E2,12,state_CO,False,False,0.013096445235857623,0.828176781916209,0.0,0.0
205,1.0,joint_recipe_source,False,0.005,mlp_base:C5:E2,12,state_UT,False,False,0.021522292103424157,0.8422244584206848,0.0,0.0
205,1.0,joint_recipe_source,False,0.01,mlp_base:C5:E2,12,state_CO,False,False,0.013096445235857623,0.828176781916209,0.0,0.0
205,1.0,joint_recipe_source,False,0.01,mlp_base:C5:E2,12,state_UT,False,False,0.021522292103424157,0.8422244584206848,0.0,0.0
205,1.0,joint_recipe_source,False,0.02,mlp_stronger:C5:E2,12,state_CO,False,False,0.009708207614053999,0.8315650195380127,0.0,0.0
205,1.0,joint_recipe_source,False,0.02,mlp_stronger:C5:E2,12,state_UT,False,False,0.005790635918937914,0.8579561146051711,0.0,0.0
205,1.0,joint_recipe_source,True,0.0,mlp_base:C5:E2,12,state_CO,False,False,0.013096445235857623,0.828176781916209,0.0,0.0
205,1.0,joint_recipe_source,True,0.0,mlp_base:C5:E2,12,state_UT,False,False,0.021522292103424157,0.8422244584206848,0.0,0.0
205,1.0,joint_recipe_source,True,0.005,mlp_base:C5:E2,12,state_CO,False,False,0.013096445235857623,0.828176781916209,0.0,0.0
205,1.0,joint_recipe_source,True,0.005,mlp_base:C5:E2,12,state_UT,False,False,0.021522292103424157,0.8422244584206848,0.0,0.0
205,1.0,joint_recipe_source,True,0.01,mlp_stronger:C5:E2,12,state_CO,False,False,0.009708207614053999,0.8315650195380127,0.0,0.0
205,1.0,joint_recipe_source,True,0.01,mlp_stronger:C5:E2,12,state_UT,False,False,0.005790635918937914,0.8579561146051711,0.0,0.0
205,1.0,joint_recipe_source,True,0.02,mlp_stronger:C5:E8,12,state_CO,False,False,-0.0002318593263096469,0.8415050864783763,0.0,0.0
205,1.0,joint_recipe_source,True,0.02,mlp_stronger:C5:E8,12,state_UT,False,False,-0.0010700209643605962,0.8648167714884696,0.0,0.0
205,1.0,joint_recipe_shift,False,0.0,mlp_base:C5:E2,12,state_CO,False,False,0.013096445235857623,0.828176781916209,0.0,0.0
205,1.0,joint_recipe_shift,False,0.0,mlp_base:C5:E2,12,state_UT,False,False,0.021522292103424157,0.8422244584206848,0.0,0.0
205,1.0,joint_recipe_shift,False,0.005,mlp_base:C5:E2,12,state_CO,False,False,0.013096445235857623,0.828176781916209,0.0,0.0
205,1.0,joint_recipe_shift,False,0.005,mlp_base:C5:E2,12,state_UT,False,False,0.021522292103424157,0.8422244584206848,0.0,0.0
205,1.0,joint_recipe_shift,False,0.01,mlp_base:C5:E2,12,state_CO,False,False,0.013096445235857623,0.828176781916209,0.0,0.0
205,1.0,joint_recipe_shift,False,0.01,mlp_base:C5:E2,12,state_UT,False,False,0.021522292103424157,0.8422244584206848,0.0,0.0
205,1.0,joint_recipe_shift,False,0.02,mlp_stronger:C5:E8,12,state_CO,False,False,-0.0002318593263096469,0.8415050864783763,0.0,0.0
205,1.0,joint_recipe_shift,False,0.02,mlp_stronger:C5:E8,12,state_UT,False,False,-0.0010700209643605962,0.8648167714884696,0.0,0.0
205,1.0,joint_recipe_shift,True,0.0,mlp_base:C5:E2,12,state_CO,False,False,0.013096445235857623,0.828176781916209,0.0,0.0
205,1.0,joint_recipe_shift,True,0.0,mlp_base:C5:E2,12,state_UT,False,False,0.021522292103424157,0.8422244584206848,0.0,0.0
205,1.0,joint_recipe_shift,True,0.005,mlp_base:C5:E2,12,state_CO,False,False,0.013096445235857623,0.828176781916209,0.0,0.0
205,1.0,joint_recipe_shift,True,0.005,mlp_base:C5:E2,12,state_UT,False,False,0.021522292103424157,0.8422244584206848,0.0,0.0
205,1.0,joint_recipe_shift,True,0.01,mlp_stronger:C5:E8,12,state_CO,False,False,-0.0002318593263096469,0.8415050864783763,0.0,0.0
205,1.0,joint_recipe_shift,True,0.01,mlp_stronger:C5:E8,12,state_UT,False,False,-0.0010700209643605962,0.8648167714884696,0.0,0.0
205,1.0,joint_recipe_shift,True,0.02,mlp_stronger:C5:E8,12,state_CO,False,False,-0.0002318593263096469,0.8415050864783763,0.0,0.0
205,1.0,joint_recipe_shift,True,0.02,mlp_stronger:C5:E8,12,state_UT,False,False,-0.0010700209643605962,0.8648167714884696,0.0,0.0
205,1.0,joint_recipe_proxy,False,0.0,mlp_base:C5:E2,12,state_CO,False,False,0.013096445235857623,0.828176781916209,0.0,0.0
205,1.0,joint_recipe_proxy,False,0.0,mlp_base:C5:E2,12,state_UT,False,False,0.021522292103424157,0.8422244584206848,0.0,0.0
205,1.0,joint_recipe_proxy,False,0.005,mlp_base:C5:E2,12,state_CO,False,False,0.013096445235857623,0.828176781916209,0.0,0.0
205,1.0,joint_recipe_proxy,False,0.005,mlp_base:C5:E2,12,state_UT,False,False,0.021522292103424157,0.8422244584206848,0.0,0.0
205,1.0,joint_recipe_proxy,False,0.01,mlp_base:C5:E2,12,state_CO,False,False,0.013096445235857623,0.828176781916209,0.0,0.0
205,1.0,joint_recipe_proxy,False,0.01,mlp_base:C5:E2,12,state_UT,False,False,0.021522292103424157,0.8422244584206848,0.0,0.0
205,1.0,joint_recipe_proxy,False,0.02,mlp_stronger:C5:E2,12,state_CO,False,False,0.009708207614053999,0.8315650195380127,0.0,0.0
205,1.0,joint_recipe_proxy,False,0.02,mlp_stronger:C5:E2,12,state_UT,False,False,0.005790635918937914,0.8579561146051711,0.0,0.0
205,1.0,joint_recipe_proxy,True,0.0,mlp_base:C5:E2,12,state_CO,False,False,0.013096445235857623,0.828176781916209,0.0,0.0
205,1.0,joint_recipe_proxy,True,0.0,mlp_base:C5:E2,12,state_UT,False,False,0.021522292103424157,0.8422244584206848,0.0,0.0
205,1.0,joint_recipe_proxy,True,0.005,mlp_stronger:C5:E2,12,state_CO,False,False,0.009708207614053999,0.8315650195380127,0.0,0.0
205,1.0,joint_recipe_proxy,True,0.005,mlp_stronger:C5:E2,12,state_UT,False,False,0.005790635918937914,0.8579561146051711,0.0,0.0
205,1.0,joint_recipe_proxy,True,0.01,mlp_stronger:C5:E2,12,state_CO,False,False,0.009708207614053999,0.8315650195380127,0.0,0.0
205,1.0,joint_recipe_proxy,True,0.01,mlp_stronger:C5:E2,12,state_UT,False,False,0.005790635918937914,0.8579561146051711,0.0,0.0
205,1.0,joint_recipe_proxy,True,0.02,mlp_stronger:C5:E8,12,state_CO,False,False,-0.0002318593263096469,0.8415050864783763,0.0,0.0
205,1.0,joint_recipe_proxy,True,0.02,mlp_stronger:C5:E8,12,state_UT,False,False,-0.0010700209643605962,0.8648167714884696,0.0,0.0
205,1.0,logistic_shift,False,0.0,logistic:C1:E2,4,state_CO,False,False,0.01689687721554456,0.8243763499365221,0.0,0.0
205,1.0,logistic_shift,False,0.0,logistic:C1:E2,4,state_UT,False,False,0.020558490566037646,0.8431882599580713,0.0,0.0
205,1.0,logistic_shift,False,0.005,logistic:C1:E2,4,state_CO,False,False,0.01689687721554456,0.8243763499365221,0.0,0.0
205,1.0,logistic_shift,False,0.005,logistic:C1:E2,4,state_UT,False,False,0.020558490566037646,0.8431882599580713,0.0,0.0
205,1.0,logistic_shift,False,0.01,logistic:C5:E8,4,state_CO,False,False,0.007738949069264978,0.8335342780828017,0.0,0.0
205,1.0,logistic_shift,False,0.01,logistic:C5:E8,4,state_UT,False,False,0.009399860237596203,0.8543468902865128,0.0,0.0
205,1.0,logistic_shift,False,0.02,logistic:C5:E8,4,state_CO,False,False,0.007738949069264978,0.8335342780828017,0.0,0.0
205,1.0,logistic_shift,False,0.02,logistic:C5:E8,4,state_UT,False,False,0.009399860237596203,0.8543468902865128,0.0,0.0
205,1.0,logistic_shift,True,0.0,logistic:C5:E8,4,state_CO,False,False,0.007738949069264978,0.8335342780828017,0.0,0.0
205,1.0,logistic_shift,True,0.0,logistic:C5:E8,4,state_UT,False,False,0.009399860237596203,0.8543468902865128,0.0,0.0
205,1.0,logistic_shift,True,0.005,logistic:C5:E8,4,state_CO,False,False,0.007738949069264978,0.8335342780828017,0.0,0.0
205,1.0,logistic_shift,True,0.005,logistic:C5:E8,4,state_UT,False,False,0.009399860237596203,0.8543468902865128,0.0,0.0
205,1.0,logistic_shift,True,0.01,logistic:C5:E8,4,state_CO,False,False,0.007738949069264978,0.8335342780828017,0.0,0.0
205,1.0,logistic_shift,True,0.01,logistic:C5:E8,4,state_UT,False,False,0.009399860237596203,0.8543468902865128,0.0,0.0
205,1.0,logistic_shift,True,0.02,,4,state_CO,True,,,,,
205,1.0,logistic_shift,True,0.02,,4,state_UT,True,,,,,
206,1.0,epsilon_source,False,0.0,mlp_base:C1:E2,2,state_CO,False,False,0.019415927778878683,0.8266766354600092,0.0,0.0
206,1.0,epsilon_source,False,0.0,mlp_base:C1:E2,2,state_UT,False,False,0.02668572678597958,0.8562548035361044,0.0,0.0
206,1.0,epsilon_source,False,0.005,mlp_base:C1:E2,2,state_CO,False,False,0.019415927778878683,0.8266766354600092,0.0,0.0
206,1.0,epsilon_source,False,0.005,mlp_base:C1:E2,2,state_UT,False,False,0.02668572678597958,0.8562548035361044,0.0,0.0
206,1.0,epsilon_source,False,0.01,mlp_base:C1:E2,2,state_CO,False,False,0.019415927778878683,0.8266766354600092,0.0,0.0
206,1.0,epsilon_source,False,0.01,mlp_base:C1:E2,2,state_UT,False,False,0.02668572678597958,0.8562548035361044,0.0,0.0
206,1.0,epsilon_source,False,0.02,,2,state_CO,True,,,,,
206,1.0,epsilon_source,False,0.02,,2,state_UT,True,,,,,
206,1.0,epsilon_source,True,0.0,,2,state_CO,True,,,,,
206,1.0,epsilon_source,True,0.0,,2,state_UT,True,,,,,
206,1.0,epsilon_source,True,0.005,,2,state_CO,True,,,,,
206,1.0,epsilon_source,True,0.005,,2,state_UT,True,,,,,
206,1.0,epsilon_source,True,0.01,,2,state_CO,True,,,,,
206,1.0,epsilon_source,True,0.01,,2,state_UT,True,,,,,
206,1.0,epsilon_source,True,0.02,,2,state_CO,True,,,,,
206,1.0,epsilon_source,True,0.02,,2,state_UT,True,,,,,
206,1.0,epsilon_shift,False,0.0,mlp_base:C1:E2,2,state_CO,False,False,0.019415927778878683,0.8266766354600092,0.0,0.0
206,1.0,epsilon_shift,False,0.0,mlp_base:C1:E2,2,state_UT,False,False,0.02668572678597958,0.8562548035361044,0.0,0.0
206,1.0,epsilon_shift,False,0.005,mlp_base:C1:E2,2,state_CO,False,False,0.019415927778878683,0.8266766354600092,0.0,0.0
206,1.0,epsilon_shift,False,0.005,mlp_base:C1:E2,2,state_UT,False,False,0.02668572678597958,0.8562548035361044,0.0,0.0
206,1.0,epsilon_shift,False,0.01,,2,state_CO,True,,,,,
206,1.0,epsilon_shift,False,0.01,,2,state_UT,True,,,,,
206,1.0,epsilon_shift,False,0.02,,2,state_CO,True,,,,,
206,1.0,epsilon_shift,False,0.02,,2,state_UT,True,,,,,
206,1.0,epsilon_shift,True,0.0,,2,state_CO,True,,,,,
206,1.0,epsilon_shift,True,0.0,,2,state_UT,True,,,,,
206,1.0,epsilon_shift,True,0.005,,2,state_CO,True,,,,,
206,1.0,epsilon_shift,True,0.005,,2,state_UT,True,,,,,
206,1.0,epsilon_shift,True,0.01,,2,state_CO,True,,,,,
206,1.0,epsilon_shift,True,0.01,,2,state_UT,True,,,,,
206,1.0,epsilon_shift,True,0.02,,2,state_CO,True,,,,,
206,1.0,epsilon_shift,True,0.02,,2,state_UT,True,,,,,
206,1.0,joint_clip_source,False,0.0,mlp_base:C5:E2,4,state_CO,False,False,0.016369047619047783,0.8297235156198401,0.0,0.0
206,1.0,joint_clip_source,False,0.0,mlp_base:C5:E2,4,state_UT,False,False,0.010414826651568343,0.8725257036705156,0.0,0.0
206,1.0,joint_clip_source,False,0.005,mlp_base:C5:E2,4,state_CO,False,False,0.016369047619047783,0.8297235156198401,0.0,0.0
206,1.0,joint_clip_source,False,0.005,mlp_base:C5:E2,4,state_UT,False,False,0.010414826651568343,0.8725257036705156,0.0,0.0
206,1.0,joint_clip_source,False,0.01,mlp_base:C5:E2,4,state_CO,False,False,0.016369047619047783,0.8297235156198401,0.0,0.0
206,1.0,joint_clip_source,False,0.01,mlp_base:C5:E2,4,state_UT,False,False,0.010414826651568343,0.8725257036705156,0.0,0.0
206,1.0,joint_clip_source,False,0.02,mlp_base:C5:E2,4,state_CO,False,False,0.016369047619047783,0.8297235156198401,0.0,0.0
206,1.0,joint_clip_source,False,0.02,mlp_base:C5:E2,4,state_UT,False,False,0.010414826651568343,0.8725257036705156,0.0,0.0
206,1.0,joint_clip_source,True,0.0,mlp_base:C5:E2,4,state_CO,False,False,0.016369047619047783,0.8297235156198401,0.0,0.0
206,1.0,joint_clip_source,True,0.0,mlp_base:C5:E2,4,state_UT,False,False,0.010414826651568343,0.8725257036705156,0.0,0.0
206,1.0,joint_clip_source,True,0.005,mlp_base:C5:E2,4,state_CO,False,False,0.016369047619047783,0.8297235156198401,0.0,0.0
206,1.0,joint_clip_source,True,0.005,mlp_base:C5:E2,4,state_UT,False,False,0.010414826651568343,0.8725257036705156,0.0,0.0
206,1.0,joint_clip_source,True,0.01,mlp_base:C5:E2,4,state_CO,False,False,0.016369047619047783,0.8297235156198401,0.0,0.0
206,1.0,joint_clip_source,True,0.01,mlp_base:C5:E2,4,state_UT,False,False,0.010414826651568343,0.8725257036705156,0.0,0.0
206,1.0,joint_clip_source,True,0.02,mlp_base:C5:E8,4,state_CO,False,False,0.0046799666468529955,0.8414125965920349,0.0,0.0
206,1.0,joint_clip_source,True,0.02,mlp_base:C5:E8,4,state_UT,False,False,0.0021056596622286428,0.8808348706598553,0.0,0.0
206,1.0,joint_clip_shift,False,0.0,mlp_base:C5:E2,4,state_CO,False,False,0.016369047619047783,0.8297235156198401,0.0,0.0
206,1.0,joint_clip_shift,False,0.0,mlp_base:C5:E2,4,state_UT,False,False,0.010414826651568343,0.8725257036705156,0.0,0.0
206,1.0,joint_clip_shift,False,0.005,mlp_base:C5:E2,4,state_CO,False,False,0.016369047619047783,0.8297235156198401,0.0,0.0
206,1.0,joint_clip_shift,False,0.005,mlp_base:C5:E2,4,state_UT,False,False,0.010414826651568343,0.8725257036705156,0.0,0.0
206,1.0,joint_clip_shift,False,0.01,mlp_base:C5:E2,4,state_CO,False,False,0.016369047619047783,0.8297235156198401,0.0,0.0
206,1.0,joint_clip_shift,False,0.01,mlp_base:C5:E2,4,state_UT,False,False,0.010414826651568343,0.8725257036705156,0.0,0.0
206,1.0,joint_clip_shift,False,0.02,mlp_base:C5:E8,4,state_CO,False,False,0.0046799666468529955,0.8414125965920349,0.0,0.0
206,1.0,joint_clip_shift,False,0.02,mlp_base:C5:E8,4,state_UT,False,False,0.0021056596622286428,0.8808348706598553,0.0,0.0
206,1.0,joint_clip_shift,True,0.0,mlp_base:C5:E2,4,state_CO,False,False,0.016369047619047783,0.8297235156198401,0.0,0.0
206,1.0,joint_clip_shift,True,0.0,mlp_base:C5:E2,4,state_UT,False,False,0.010414826651568343,0.8725257036705156,0.0,0.0
206,1.0,joint_clip_shift,True,0.005,mlp_base:C5:E8,4,state_CO,False,False,0.0046799666468529955,0.8414125965920349,0.0,0.0
206,1.0,joint_clip_shift,True,0.005,mlp_base:C5:E8,4,state_UT,False,False,0.0021056596622286428,0.8808348706598553,0.0,0.0
206,1.0,joint_clip_shift,True,0.01,mlp_base:C5:E8,4,state_CO,False,False,0.0046799666468529955,0.8414125965920349,0.0,0.0
206,1.0,joint_clip_shift,True,0.01,mlp_base:C5:E8,4,state_UT,False,False,0.0021056596622286428,0.8808348706598553,0.0,0.0
206,1.0,joint_clip_shift,True,0.02,mlp_base:C5:E8,4,state_CO,False,False,0.0046799666468529955,0.8414125965920349,0.0,0.0
206,1.0,joint_clip_shift,True,0.02,mlp_base:C5:E8,4,state_UT,False,False,0.0021056596622286428,0.8808348706598553,0.0,0.0
206,1.0,joint_recipe_source,False,0.0,mlp_base:C5:E2,12,state_CO,False,False,0.016369047619047783,0.8297235156198401,0.0,0.0
206,1.0,joint_recipe_source,False,0.0,mlp_base:C5:E2,12,state_UT,False,False,0.010414826651568343,0.8725257036705156,0.0,0.0
206,1.0,joint_recipe_source,False,0.005,mlp_base:C5:E2,12,state_CO,False,False,0.016369047619047783,0.8297235156198401,0.0,0.0
206,1.0,joint_recipe_source,False,0.005,mlp_base:C5:E2,12,state_UT,False,False,0.010414826651568343,0.8725257036705156,0.0,0.0
206,1.0,joint_recipe_source,False,0.01,mlp_base:C5:E2,12,state_CO,False,False,0.016369047619047783,0.8297235156198401,0.0,0.0
206,1.0,joint_recipe_source,False,0.01,mlp_base:C5:E2,12,state_UT,False,False,0.010414826651568343,0.8725257036705156,0.0,0.0
206,1.0,joint_recipe_source,False,0.02,mlp_base:C5:E2,12,state_CO,False,False,0.016369047619047783,0.8297235156198401,0.0,0.0
206,1.0,joint_recipe_source,False,0.02,mlp_base:C5:E2,12,state_UT,False,False,0.010414826651568343,0.8725257036705156,0.0,0.0
206,1.0,joint_recipe_source,True,0.0,mlp_base:C5:E2,12,state_CO,False,False,0.016369047619047783,0.8297235156198401,0.0,0.0
206,1.0,joint_recipe_source,True,0.0,mlp_base:C5:E2,12,state_UT,False,False,0.010414826651568343,0.8725257036705156,0.0,0.0
206,1.0,joint_recipe_source,True,0.005,mlp_base:C5:E2,12,state_CO,False,False,0.016369047619047783,0.8297235156198401,0.0,0.0
206,1.0,joint_recipe_source,True,0.005,mlp_base:C5:E2,12,state_UT,False,False,0.010414826651568343,0.8725257036705156,0.0,0.0
206,1.0,joint_recipe_source,True,0.01,mlp_base:C5:E2,12,state_CO,False,False,0.016369047619047783,0.8297235156198401,0.0,0.0
206,1.0,joint_recipe_source,True,0.01,mlp_base:C5:E2,12,state_UT,False,False,0.010414826651568343,0.8725257036705156,0.0,0.0
206,1.0,joint_recipe_source,True,0.02,mlp_stronger:C5:E8,12,state_CO,False,False,0.0012135922330098747,0.844878971005878,0.0,0.0
206,1.0,joint_recipe_source,True,0.02,mlp_stronger:C5:E8,12,state_UT,False,False,-0.0004164526887521225,0.8833569830108361,0.0,0.0
206,1.0,joint_recipe_shift,False,0.0,mlp_base:C5:E2,12,state_CO,False,False,0.016369047619047783,0.8297235156198401,0.0,0.0
206,1.0,joint_recipe_shift,False,0.0,mlp_base:C5:E2,12,state_UT,False,False,0.010414826651568343,0.8725257036705156,0.0,0.0
206,1.0,joint_recipe_shift,False,0.005,mlp_base:C5:E2,12,state_CO,False,False,0.016369047619047783,0.8297235156198401,0.0,0.0
206,1.0,joint_recipe_shift,False,0.005,mlp_base:C5:E2,12,state_UT,False,False,0.010414826651568343,0.8725257036705156,0.0,0.0
206,1.0,joint_recipe_shift,False,0.01,mlp_base:C5:E2,12,state_CO,False,False,0.016369047619047783,0.8297235156198401,0.0,0.0
206,1.0,joint_recipe_shift,False,0.01,mlp_base:C5:E2,12,state_UT,False,False,0.010414826651568343,0.8725257036705156,0.0,0.0
206,1.0,joint_recipe_shift,False,0.02,mlp_stronger:C5:E8,12,state_CO,False,False,0.0012135922330098747,0.844878971005878,0.0,0.0
206,1.0,joint_recipe_shift,False,0.02,mlp_stronger:C5:E8,12,state_UT,False,False,-0.0004164526887521225,0.8833569830108361,0.0,0.0
206,1.0,joint_recipe_shift,True,0.0,mlp_base:C5:E2,12,state_CO,False,False,0.016369047619047783,0.8297235156198401,0.0,0.0
206,1.0,joint_recipe_shift,True,0.0,mlp_base:C5:E2,12,state_UT,False,False,0.010414826651568343,0.8725257036705156,0.0,0.0
206,1.0,joint_recipe_shift,True,0.005,mlp_stronger:C5:E8,12,state_CO,False,False,0.0012135922330098747,0.844878971005878,0.0,0.0
206,1.0,joint_recipe_shift,True,0.005,mlp_stronger:C5:E8,12,state_UT,False,False,-0.0004164526887521225,0.8833569830108361,0.0,0.0
206,1.0,joint_recipe_shift,True,0.01,mlp_stronger:C5:E8,12,state_CO,False,False,0.0012135922330098747,0.844878971005878,0.0,0.0
206,1.0,joint_recipe_shift,True,0.01,mlp_stronger:C5:E8,12,state_UT,False,False,-0.0004164526887521225,0.8833569830108361,0.0,0.0
206,1.0,joint_recipe_shift,True,0.02,mlp_stronger:C5:E8,12,state_CO,False,False,0.0012135922330098747,0.844878971005878,0.0,0.0
206,1.0,joint_recipe_shift,True,0.02,mlp_stronger:C5:E8,12,state_UT,False,False,-0.0004164526887521225,0.8833569830108361,0.0,0.0
206,1.0,joint_recipe_proxy,False,0.0,mlp_base:C5:E2,12,state_CO,False,False,0.016369047619047783,0.8297235156198401,0.0,0.0
206,1.0,joint_recipe_proxy,False,0.0,mlp_base:C5:E2,12,state_UT,False,False,0.010414826651568343,0.8725257036705156,0.0,0.0
206,1.0,joint_recipe_proxy,False,0.005,mlp_base:C5:E2,12,state_CO,False,False,0.016369047619047783,0.8297235156198401,0.0,0.0
206,1.0,joint_recipe_proxy,False,0.005,mlp_base:C5:E2,12,state_UT,False,False,0.010414826651568343,0.8725257036705156,0.0,0.0
206,1.0,joint_recipe_proxy,False,0.01,mlp_base:C5:E2,12,state_CO,False,False,0.016369047619047783,0.8297235156198401,0.0,0.0
206,1.0,joint_recipe_proxy,False,0.01,mlp_base:C5:E2,12,state_UT,False,False,0.010414826651568343,0.8725257036705156,0.0,0.0
206,1.0,joint_recipe_proxy,False,0.02,mlp_base:C5:E2,12,state_CO,False,False,0.016369047619047783,0.8297235156198401,0.0,0.0
206,1.0,joint_recipe_proxy,False,0.02,mlp_base:C5:E2,12,state_UT,False,False,0.010414826651568343,0.8725257036705156,0.0,0.0
206,1.0,joint_recipe_proxy,True,0.0,mlp_base:C5:E2,12,state_CO,False,False,0.016369047619047783,0.8297235156198401,0.0,0.0
206,1.0,joint_recipe_proxy,True,0.0,mlp_base:C5:E2,12,state_UT,False,False,0.010414826651568343,0.8725257036705156,0.0,0.0
206,1.0,joint_recipe_proxy,True,0.005,mlp_base:C5:E2,12,state_CO,False,False,0.016369047619047783,0.8297235156198401,0.0,0.0
206,1.0,joint_recipe_proxy,True,0.005,mlp_base:C5:E2,12,state_UT,False,False,0.010414826651568343,0.8725257036705156,0.0,0.0
206,1.0,joint_recipe_proxy,True,0.01,mlp_base:C5:E2,12,state_CO,False,False,0.016369047619047783,0.8297235156198401,0.0,0.0
206,1.0,joint_recipe_proxy,True,0.01,mlp_base:C5:E2,12,state_UT,False,False,0.010414826651568343,0.8725257036705156,0.0,0.0
206,1.0,joint_recipe_proxy,True,0.02,mlp_stronger:C5:E8,12,state_CO,False,False,0.0012135922330098747,0.844878971005878,0.0,0.0
206,1.0,joint_recipe_proxy,True,0.02,mlp_stronger:C5:E8,12,state_UT,False,False,-0.0004164526887521225,0.8833569830108361,0.0,0.0
206,1.0,logistic_shift,False,0.0,logistic:C1:E2,4,state_CO,False,False,0.014981053100852182,0.8311115101380357,0.0,0.0
206,1.0,logistic_shift,False,0.0,logistic:C1:E2,4,state_UT,False,False,0.026021274181454057,0.8569192561406299,0.0,0.0
206,1.0,logistic_shift,False,0.005,logistic:C5:E8,4,state_CO,False,False,-0.0011908889769498554,0.8472834522158378,0.0,0.0
206,1.0,logistic_shift,False,0.005,logistic:C5:E8,4,state_UT,False,False,0.006666752452801128,0.8762737778692828,0.0,0.0
206,1.0,logistic_shift,False,0.01,logistic:C5:E8,4,state_CO,False,False,-0.0011908889769498554,0.8472834522158378,0.0,0.0
206,1.0,logistic_shift,False,0.01,logistic:C5:E8,4,state_UT,False,False,0.006666752452801128,0.8762737778692828,0.0,0.0
206,1.0,logistic_shift,False,0.02,logistic:C5:E8,4,state_CO,False,False,-0.0011908889769498554,0.8472834522158378,0.0,0.0
206,1.0,logistic_shift,False,0.02,logistic:C5:E8,4,state_UT,False,False,0.006666752452801128,0.8762737778692828,0.0,0.0
206,1.0,logistic_shift,True,0.0,logistic:C5:E8,4,state_CO,False,False,-0.0011908889769498554,0.8472834522158378,0.0,0.0
206,1.0,logistic_shift,True,0.0,logistic:C5:E8,4,state_UT,False,False,0.006666752452801128,0.8762737778692828,0.0,0.0
206,1.0,logistic_shift,True,0.005,logistic:C5:E8,4,state_CO,False,False,-0.0011908889769498554,0.8472834522158378,0.0,0.0
206,1.0,logistic_shift,True,0.005,logistic:C5:E8,4,state_UT,False,False,0.006666752452801128,0.8762737778692828,0.0,0.0
206,1.0,logistic_shift,True,0.01,logistic:C5:E8,4,state_CO,False,False,-0.0011908889769498554,0.8472834522158378,0.0,0.0
206,1.0,logistic_shift,True,0.01,logistic:C5:E8,4,state_UT,False,False,0.006666752452801128,0.8762737778692828,0.0,0.0
206,1.0,logistic_shift,True,0.02,,4,state_CO,True,,,,,
206,1.0,logistic_shift,True,0.02,,4,state_UT,True,,,,,
207,1.0,epsilon_source,False,0.0,mlp_base:C1:E2,2,state_CO,False,False,0.02065712560436095,0.8266013251779706,0.0,0.0
207,1.0,epsilon_source,False,0.0,mlp_base:C1:E2,2,state_UT,False,False,0.02314762950666438,0.8469162708960655,0.0,0.0
207,1.0,epsilon_source,False,0.005,mlp_base:C1:E2,2,state_CO,False,False,0.02065712560436095,0.8266013251779706,0.0,0.0
207,1.0,epsilon_source,False,0.005,mlp_base:C1:E2,2,state_UT,False,False,0.02314762950666438,0.8469162708960655,0.0,0.0
207,1.0,epsilon_source,False,0.01,,2,state_CO,True,,,,,
207,1.0,epsilon_source,False,0.01,,2,state_UT,True,,,,,
207,1.0,epsilon_source,False,0.02,,2,state_CO,True,,,,,
207,1.0,epsilon_source,False,0.02,,2,state_UT,True,,,,,
207,1.0,epsilon_source,True,0.0,,2,state_CO,True,,,,,
207,1.0,epsilon_source,True,0.0,,2,state_UT,True,,,,,
207,1.0,epsilon_source,True,0.005,,2,state_CO,True,,,,,
207,1.0,epsilon_source,True,0.005,,2,state_UT,True,,,,,
207,1.0,epsilon_source,True,0.01,,2,state_CO,True,,,,,
207,1.0,epsilon_source,True,0.01,,2,state_UT,True,,,,,
207,1.0,epsilon_source,True,0.02,,2,state_CO,True,,,,,
207,1.0,epsilon_source,True,0.02,,2,state_UT,True,,,,,
207,1.0,epsilon_shift,False,0.0,,2,state_CO,True,,,,,
207,1.0,epsilon_shift,False,0.0,,2,state_UT,True,,,,,
207,1.0,epsilon_shift,False,0.005,,2,state_CO,True,,,,,
207,1.0,epsilon_shift,False,0.005,,2,state_UT,True,,,,,
207,1.0,epsilon_shift,False,0.01,,2,state_CO,True,,,,,
207,1.0,epsilon_shift,False,0.01,,2,state_UT,True,,,,,
207,1.0,epsilon_shift,False,0.02,,2,state_CO,True,,,,,
207,1.0,epsilon_shift,False,0.02,,2,state_UT,True,,,,,
207,1.0,epsilon_shift,True,0.0,,2,state_CO,True,,,,,
207,1.0,epsilon_shift,True,0.0,,2,state_UT,True,,,,,
207,1.0,epsilon_shift,True,0.005,,2,state_CO,True,,,,,
207,1.0,epsilon_shift,True,0.005,,2,state_UT,True,,,,,
207,1.0,epsilon_shift,True,0.01,,2,state_CO,True,,,,,
207,1.0,epsilon_shift,True,0.01,,2,state_UT,True,,,,,
207,1.0,epsilon_shift,True,0.02,,2,state_CO,True,,,,,
207,1.0,epsilon_shift,True,0.02,,2,state_UT,True,,,,,
207,1.0,joint_clip_source,False,0.0,mlp_base:C5:E2,4,state_CO,False,False,0.014066152095596918,0.8331922986867346,0.0,0.0
207,1.0,joint_clip_source,False,0.0,mlp_base:C5:E2,4,state_UT,False,False,0.014136846667322844,0.855927053735407,0.0,0.0
207,1.0,joint_clip_source,False,0.005,mlp_base:C5:E2,4,state_CO,False,False,0.014066152095596918,0.8331922986867346,0.0,0.0
207,1.0,joint_clip_source,False,0.005,mlp_base:C5:E2,4,state_UT,False,False,0.014136846667322844,0.855927053735407,0.0,0.0
207,1.0,joint_clip_source,False,0.01,mlp_base:C5:E2,4,state_CO,False,False,0.014066152095596918,0.8331922986867346,0.0,0.0
207,1.0,joint_clip_source,False,0.01,mlp_base:C5:E2,4,state_UT,False,False,0.014136846667322844,0.855927053735407,0.0,0.0
207,1.0,joint_clip_source,False,0.02,mlp_base:C5:E8,4,state_CO,False,False,0.0009735498420549993,0.8462849009402765,0.0,0.0
207,1.0,joint_clip_source,False,0.02,mlp_base:C5:E8,4,state_UT,False,False,0.0023966894454006127,0.8676672109573292,0.0,0.0
207,1.0,joint_clip_source,True,0.0,mlp_base:C5:E2,4,state_CO,False,False,0.014066152095596918,0.8331922986867346,0.0,0.0
207,1.0,joint_clip_source,True,0.0,mlp_base:C5:E2,4,state_UT,False,False,0.014136846667322844,0.855927053735407,0.0,0.0
207,1.0,joint_clip_source,True,0.005,mlp_base:C5:E2,4,state_CO,False,False,0.014066152095596918,0.8331922986867346,0.0,0.0
207,1.0,joint_clip_source,True,0.005,mlp_base:C5:E2,4,state_UT,False,False,0.014136846667322844,0.855927053735407,0.0,0.0
207,1.0,joint_clip_source,True,0.01,mlp_base:C5:E8,4,state_CO,False,False,0.0009735498420549993,0.8462849009402765,0.0,0.0
207,1.0,joint_clip_source,True,0.01,mlp_base:C5:E8,4,state_UT,False,False,0.0023966894454006127,0.8676672109573292,0.0,0.0
207,1.0,joint_clip_source,True,0.02,mlp_base:C5:E8,4,state_CO,False,False,0.0009735498420549993,0.8462849009402765,0.0,0.0
207,1.0,joint_clip_source,True,0.02,mlp_base:C5:E8,4,state_UT,False,False,0.0023966894454006127,0.8676672109573292,0.0,0.0
207,1.0,joint_clip_shift,False,0.0,mlp_base:C5:E2,4,state_CO,False,False,0.014066152095596918,0.8331922986867346,0.0,0.0
207,1.0,joint_clip_shift,False,0.0,mlp_base:C5:E2,4,state_UT,False,False,0.014136846667322844,0.855927053735407,0.0,0.0
207,1.0,joint_clip_shift,False,0.005,mlp_base:C5:E2,4,state_CO,False,False,0.014066152095596918,0.8331922986867346,0.0,0.0
207,1.0,joint_clip_shift,False,0.005,mlp_base:C5:E2,4,state_UT,False,False,0.014136846667322844,0.855927053735407,0.0,0.0
207,1.0,joint_clip_shift,False,0.01,mlp_base:C5:E2,4,state_CO,False,False,0.014066152095596918,0.8331922986867346,0.0,0.0
207,1.0,joint_clip_shift,False,0.01,mlp_base:C5:E2,4,state_UT,False,False,0.014136846667322844,0.855927053735407,0.0,0.0
207,1.0,joint_clip_shift,False,0.02,mlp_base:C5:E8,4,state_CO,False,False,0.0009735498420549993,0.8462849009402765,0.0,0.0
207,1.0,joint_clip_shift,False,0.02,mlp_base:C5:E8,4,state_UT,False,False,0.0023966894454006127,0.8676672109573292,0.0,0.0
207,1.0,joint_clip_shift,True,0.0,mlp_base:C5:E2,4,state_CO,False,False,0.014066152095596918,0.8331922986867346,0.0,0.0
207,1.0,joint_clip_shift,True,0.0,mlp_base:C5:E2,4,state_UT,False,False,0.014136846667322844,0.855927053735407,0.0,0.0
207,1.0,joint_clip_shift,True,0.005,mlp_base:C5:E8,4,state_CO,False,False,0.0009735498420549993,0.8462849009402765,0.0,0.0
207,1.0,joint_clip_shift,True,0.005,mlp_base:C5:E8,4,state_UT,False,False,0.0023966894454006127,0.8676672109573292,0.0,0.0
207,1.0,joint_clip_shift,True,0.01,mlp_base:C5:E8,4,state_CO,False,False,0.0009735498420549993,0.8462849009402765,0.0,0.0
207,1.0,joint_clip_shift,True,0.01,mlp_base:C5:E8,4,state_UT,False,False,0.0023966894454006127,0.8676672109573292,0.0,0.0
207,1.0,joint_clip_shift,True,0.02,mlp_base:C5:E8,4,state_CO,False,False,0.0009735498420549993,0.8462849009402765,0.0,0.0
207,1.0,joint_clip_shift,True,0.02,mlp_base:C5:E8,4,state_UT,False,False,0.0023966894454006127,0.8676672109573292,0.0,0.0
207,1.0,joint_recipe_source,False,0.0,mlp_base:C5:E2,12,state_CO,False,False,0.014066152095596918,0.8331922986867346,0.0,0.0
207,1.0,joint_recipe_source,False,0.0,mlp_base:C5:E2,12,state_UT,False,False,0.014136846667322844,0.855927053735407,0.0,0.0
207,1.0,joint_recipe_source,False,0.005,mlp_base:C5:E2,12,state_CO,False,False,0.014066152095596918,0.8331922986867346,0.0,0.0
207,1.0,joint_recipe_source,False,0.005,mlp_base:C5:E2,12,state_UT,False,False,0.014136846667322844,0.855927053735407,0.0,0.0
207,1.0,joint_recipe_source,False,0.01,mlp_base:C5:E2,12,state_CO,False,False,0.014066152095596918,0.8331922986867346,0.0,0.0
207,1.0,joint_recipe_source,False,0.01,mlp_base:C5:E2,12,state_UT,False,False,0.014136846667322844,0.855927053735407,0.0,0.0
207,1.0,joint_recipe_source,False,0.02,mlp_stronger:C5:E8,12,state_CO,False,False,-0.0016277178266423942,0.8488861686089739,0.0,0.0
207,1.0,joint_recipe_source,False,0.02,mlp_stronger:C5:E8,12,state_UT,False,False,0.0010738707666124725,0.8689900296361174,0.0,0.0
207,1.0,joint_recipe_source,True,0.0,mlp_base:C5:E2,12,state_CO,False,False,0.014066152095596918,0.8331922986867346,0.0,0.0
207,1.0,joint_recipe_source,True,0.0,mlp_base:C5:E2,12,state_UT,False,False,0.014136846667322844,0.855927053735407,0.0,0.0
207,1.0,joint_recipe_source,True,0.005,mlp_base:C5:E2,12,state_CO,False,False,0.014066152095596918,0.8331922986867346,0.0,0.0
207,1.0,joint_recipe_source,True,0.005,mlp_base:C5:E2,12,state_UT,False,False,0.014136846667322844,0.855927053735407,0.0,0.0
207,1.0,joint_recipe_source,True,0.01,mlp_stronger:C5:E8,12,state_CO,False,False,-0.0016277178266423942,0.8488861686089739,0.0,0.0
207,1.0,joint_recipe_source,True,0.01,mlp_stronger:C5:E8,12,state_UT,False,False,0.0010738707666124725,0.8689900296361174,0.0,0.0
207,1.0,joint_recipe_source,True,0.02,mlp_stronger:C5:E8,12,state_CO,False,False,-0.0016277178266423942,0.8488861686089739,0.0,0.0
207,1.0,joint_recipe_source,True,0.02,mlp_stronger:C5:E8,12,state_UT,False,False,0.0010738707666124725,0.8689900296361174,0.0,0.0
207,1.0,joint_recipe_shift,False,0.0,mlp_base:C5:E2,12,state_CO,False,False,0.014066152095596918,0.8331922986867346,0.0,0.0
207,1.0,joint_recipe_shift,False,0.0,mlp_base:C5:E2,12,state_UT,False,False,0.014136846667322844,0.855927053735407,0.0,0.0
207,1.0,joint_recipe_shift,False,0.005,mlp_base:C5:E2,12,state_CO,False,False,0.014066152095596918,0.8331922986867346,0.0,0.0
207,1.0,joint_recipe_shift,False,0.005,mlp_base:C5:E2,12,state_UT,False,False,0.014136846667322844,0.855927053735407,0.0,0.0
207,1.0,joint_recipe_shift,False,0.01,mlp_base:C5:E2,12,state_CO,False,False,0.014066152095596918,0.8331922986867346,0.0,0.0
207,1.0,joint_recipe_shift,False,0.01,mlp_base:C5:E2,12,state_UT,False,False,0.014136846667322844,0.855927053735407,0.0,0.0
207,1.0,joint_recipe_shift,False,0.02,mlp_stronger:C5:E8,12,state_CO,False,False,-0.0016277178266423942,0.8488861686089739,0.0,0.0
207,1.0,joint_recipe_shift,False,0.02,mlp_stronger:C5:E8,12,state_UT,False,False,0.0010738707666124725,0.8689900296361174,0.0,0.0
207,1.0,joint_recipe_shift,True,0.0,mlp_base:C5:E2,12,state_CO,False,False,0.014066152095596918,0.8331922986867346,0.0,0.0
207,1.0,joint_recipe_shift,True,0.0,mlp_base:C5:E2,12,state_UT,False,False,0.014136846667322844,0.855927053735407,0.0,0.0
207,1.0,joint_recipe_shift,True,0.005,logistic:C5:E2,12,state_CO,False,False,0.010895953401057423,0.8363624973812741,0.0,0.0
207,1.0,joint_recipe_shift,True,0.005,logistic:C5:E2,12,state_UT,False,False,0.010373206867793971,0.8596906935349359,0.0,0.0
207,1.0,joint_recipe_shift,True,0.01,mlp_stronger:C5:E8,12,state_CO,False,False,-0.0016277178266423942,0.8488861686089739,0.0,0.0
207,1.0,joint_recipe_shift,True,0.01,mlp_stronger:C5:E8,12,state_UT,False,False,0.0010738707666124725,0.8689900296361174,0.0,0.0
207,1.0,joint_recipe_shift,True,0.02,mlp_stronger:C5:E8,12,state_CO,False,False,-0.0016277178266423942,0.8488861686089739,0.0,0.0
207,1.0,joint_recipe_shift,True,0.02,mlp_stronger:C5:E8,12,state_UT,False,False,0.0010738707666124725,0.8689900296361174,0.0,0.0
207,1.0,joint_recipe_proxy,False,0.0,mlp_base:C5:E2,12,state_CO,False,False,0.014066152095596918,0.8331922986867346,0.0,0.0
207,1.0,joint_recipe_proxy,False,0.0,mlp_base:C5:E2,12,state_UT,False,False,0.014136846667322844,0.855927053735407,0.0,0.0
207,1.0,joint_recipe_proxy,False,0.005,mlp_base:C5:E2,12,state_CO,False,False,0.014066152095596918,0.8331922986867346,0.0,0.0
207,1.0,joint_recipe_proxy,False,0.005,mlp_base:C5:E2,12,state_UT,False,False,0.014136846667322844,0.855927053735407,0.0,0.0
207,1.0,joint_recipe_proxy,False,0.01,mlp_base:C5:E2,12,state_CO,False,False,0.014066152095596918,0.8331922986867346,0.0,0.0
207,1.0,joint_recipe_proxy,False,0.01,mlp_base:C5:E2,12,state_UT,False,False,0.014136846667322844,0.855927053735407,0.0,0.0
207,1.0,joint_recipe_proxy,False,0.02,mlp_stronger:C5:E8,12,state_CO,False,False,-0.0016277178266423942,0.8488861686089739,0.0,0.0
207,1.0,joint_recipe_proxy,False,0.02,mlp_stronger:C5:E8,12,state_UT,False,False,0.0010738707666124725,0.8689900296361174,0.0,0.0
207,1.0,joint_recipe_proxy,True,0.0,mlp_base:C5:E2,12,state_CO,False,False,0.014066152095596918,0.8331922986867346,0.0,0.0
207,1.0,joint_recipe_proxy,True,0.0,mlp_base:C5:E2,12,state_UT,False,False,0.014136846667322844,0.855927053735407,0.0,0.0
207,1.0,joint_recipe_proxy,True,0.005,mlp_base:C5:E2,12,state_CO,False,False,0.014066152095596918,0.8331922986867346,0.0,0.0
207,1.0,joint_recipe_proxy,True,0.005,mlp_base:C5:E2,12,state_UT,False,False,0.014136846667322844,0.855927053735407,0.0,0.0
207,1.0,joint_recipe_proxy,True,0.01,mlp_stronger:C5:E8,12,state_CO,False,False,-0.0016277178266423942,0.8488861686089739,0.0,0.0
207,1.0,joint_recipe_proxy,True,0.01,mlp_stronger:C5:E8,12,state_UT,False,False,0.0010738707666124725,0.8689900296361174,0.0,0.0
207,1.0,joint_recipe_proxy,True,0.02,mlp_stronger:C5:E8,12,state_CO,False,False,-0.0016277178266423942,0.8488861686089739,0.0,0.0
207,1.0,joint_recipe_proxy,True,0.02,mlp_stronger:C5:E8,12,state_UT,False,False,0.0010738707666124725,0.8689900296361174,0.0,0.0
207,1.0,logistic_shift,False,0.0,logistic:C5:E2,4,state_CO,False,False,0.010895953401057423,0.8363624973812741,0.0,0.0
207,1.0,logistic_shift,False,0.0,logistic:C5:E2,4,state_UT,False,False,0.010373206867793971,0.8596906935349359,0.0,0.0
207,1.0,logistic_shift,False,0.005,logistic:C5:E2,4,state_CO,False,False,0.010895953401057423,0.8363624973812741,0.0,0.0
207,1.0,logistic_shift,False,0.005,logistic:C5:E2,4,state_UT,False,False,0.010373206867793971,0.8596906935349359,0.0,0.0
207,1.0,logistic_shift,False,0.01,logistic:C5:E2,4,state_CO,False,False,0.010895953401057423,0.8363624973812741,0.0,0.0
207,1.0,logistic_shift,False,0.01,logistic:C5:E2,4,state_UT,False,False,0.010373206867793971,0.8596906935349359,0.0,0.0
207,1.0,logistic_shift,False,0.02,logistic:C5:E8,4,state_CO,False,False,0.0015825319689942718,0.8456759188133373,0.0,0.0
207,1.0,logistic_shift,False,0.02,logistic:C5:E8,4,state_UT,False,False,0.003289507184976115,0.8667743932177537,0.0,0.0
207,1.0,logistic_shift,True,0.0,logistic:C5:E2,4,state_CO,False,False,0.010895953401057423,0.8363624973812741,0.0,0.0
207,1.0,logistic_shift,True,0.0,logistic:C5:E2,4,state_UT,False,False,0.010373206867793971,0.8596906935349359,0.0,0.0
207,1.0,logistic_shift,True,0.005,logistic:C5:E2,4,state_CO,False,False,0.010895953401057423,0.8363624973812741,0.0,0.0
207,1.0,logistic_shift,True,0.005,logistic:C5:E2,4,state_UT,False,False,0.010373206867793971,0.8596906935349359,0.0,0.0
207,1.0,logistic_shift,True,0.01,logistic:C5:E8,4,state_CO,False,False,0.0015825319689942718,0.8456759188133373,0.0,0.0
207,1.0,logistic_shift,True,0.01,logistic:C5:E8,4,state_UT,False,False,0.003289507184976115,0.8667743932177537,0.0,0.0
207,1.0,logistic_shift,True,0.02,logistic:C5:E8,4,state_CO,False,False,0.0015825319689942718,0.8456759188133373,0.0,0.0
207,1.0,logistic_shift,True,0.02,logistic:C5:E8,4,state_UT,False,False,0.003289507184976115,0.8667743932177537,0.0,0.0
208,1.0,epsilon_source,False,0.0,mlp_base:C1:E2,2,state_CO,False,False,0.00965636549500648,0.8301108752064167,0.0,0.0
208,1.0,epsilon_source,False,0.0,mlp_base:C1:E2,2,state_UT,False,False,0.017363532763532863,0.8592592592592592,0.0,0.0
208,1.0,epsilon_source,False,0.005,mlp_base:C1:E2,2,state_CO,False,False,0.00965636549500648,0.8301108752064167,0.0,0.0
208,1.0,epsilon_source,False,0.005,mlp_base:C1:E2,2,state_UT,False,False,0.017363532763532863,0.8592592592592592,0.0,0.0
208,1.0,epsilon_source,False,0.01,,2,state_CO,True,,,,,
208,1.0,epsilon_source,False,0.01,,2,state_UT,True,,,,,
208,1.0,epsilon_source,False,0.02,,2,state_CO,True,,,,,
208,1.0,epsilon_source,False,0.02,,2,state_UT,True,,,,,
208,1.0,epsilon_source,True,0.0,,2,state_CO,True,,,,,
208,1.0,epsilon_source,True,0.0,,2,state_UT,True,,,,,
208,1.0,epsilon_source,True,0.005,,2,state_CO,True,,,,,
208,1.0,epsilon_source,True,0.005,,2,state_UT,True,,,,,
208,1.0,epsilon_source,True,0.01,,2,state_CO,True,,,,,
208,1.0,epsilon_source,True,0.01,,2,state_UT,True,,,,,
208,1.0,epsilon_source,True,0.02,,2,state_CO,True,,,,,
208,1.0,epsilon_source,True,0.02,,2,state_UT,True,,,,,
208,1.0,epsilon_shift,False,0.0,mlp_base:C1:E2,2,state_CO,False,False,0.00965636549500648,0.8301108752064167,0.0,0.0
208,1.0,epsilon_shift,False,0.0,mlp_base:C1:E2,2,state_UT,False,False,0.017363532763532863,0.8592592592592592,0.0,0.0
208,1.0,epsilon_shift,False,0.005,mlp_base:C1:E2,2,state_CO,False,False,0.00965636549500648,0.8301108752064167,0.0,0.0
208,1.0,epsilon_shift,False,0.005,mlp_base:C1:E2,2,state_UT,False,False,0.017363532763532863,0.8592592592592592,0.0,0.0
208,1.0,epsilon_shift,False,0.01,,2,state_CO,True,,,,,
208,1.0,epsilon_shift,False,0.01,,2,state_UT,True,,,,,
208,1.0,epsilon_shift,False,0.02,,2,state_CO,True,,,,,
208,1.0,epsilon_shift,False,0.02,,2,state_UT,True,,,,,
208,1.0,epsilon_shift,True,0.0,,2,state_CO,True,,,,,
208,1.0,epsilon_shift,True,0.0,,2,state_UT,True,,,,,
208,1.0,epsilon_shift,True,0.005,,2,state_CO,True,,,,,
208,1.0,epsilon_shift,True,0.005,,2,state_UT,True,,,,,
208,1.0,epsilon_shift,True,0.01,,2,state_CO,True,,,,,
208,1.0,epsilon_shift,True,0.01,,2,state_UT,True,,,,,
208,1.0,epsilon_shift,True,0.02,,2,state_CO,True,,,,,
208,1.0,epsilon_shift,True,0.02,,2,state_UT,True,,,,,
208,1.0,joint_clip_source,False,0.0,mlp_base:C5:E2,4,state_CO,False,False,0.013646824460695539,0.8261204162407276,0.0,0.0
208,1.0,joint_clip_source,False,0.0,mlp_base:C5:E2,4,state_UT,False,False,0.009597150997150972,0.8670256410256411,0.0,0.0
208,1.0,joint_clip_source,False,0.005,mlp_base:C5:E2,4,state_CO,False,False,0.013646824460695539,0.8261204162407276,0.0,0.0
208,1.0,joint_clip_source,False,0.005,mlp_base:C5:E2,4,state_UT,False,False,0.009597150997150972,0.8670256410256411,0.0,0.0
208,1.0,joint_clip_source,False,0.01,mlp_base:C5:E2,4,state_CO,False,False,0.013646824460695539,0.8261204162407276,0.0,0.0
208,1.0,joint_clip_source,False,0.01,mlp_base:C5:E2,4,state_UT,False,False,0.009597150997150972,0.8670256410256411,0.0,0.0
208,1.0,joint_clip_source,False,0.02,mlp_base:C5:E8,4,state_CO,False,False,0.0016544782574504646,0.8381127624439727,0.0,0.0
208,1.0,joint_clip_source,False,0.02,mlp_base:C5:E8,4,state_UT,False,False,0.0022148148148148916,0.8744079772079771,0.0,0.0
208,1.0,joint_clip_source,True,0.0,mlp_base:C5:E2,4,state_CO,False,False,0.013646824460695539,0.8261204162407276,0.0,0.0
208,1.0,joint_clip_source,True,0.0,mlp_base:C5:E2,4,state_UT,False,False,0.009597150997150972,0.8670256410256411,0.0,0.0
208,1.0,joint_clip_source,True,0.005,mlp_base:C5:E2,4,state_CO,False,False,0.013646824460695539,0.8261204162407276,0.0,0.0
208,1.0,joint_clip_source,True,0.005,mlp_base:C5:E2,4,state_UT,False,False,0.009597150997150972,0.8670256410256411,0.0,0.0
208,1.0,joint_clip_source,True,0.01,mlp_base:C5:E8,4,state_CO,False,False,0.0016544782574504646,0.8381127624439727,0.0,0.0
208,1.0,joint_clip_source,True,0.01,mlp_base:C5:E8,4,state_UT,False,False,0.0022148148148148916,0.8744079772079771,0.0,0.0
208,1.0,joint_clip_source,True,0.02,mlp_base:C5:E8,4,state_CO,False,False,0.0016544782574504646,0.8381127624439727,0.0,0.0
208,1.0,joint_clip_source,True,0.02,mlp_base:C5:E8,4,state_UT,False,False,0.0022148148148148916,0.8744079772079771,0.0,0.0
208,1.0,joint_clip_shift,False,0.0,mlp_base:C5:E2,4,state_CO,False,False,0.013646824460695539,0.8261204162407276,0.0,0.0
208,1.0,joint_clip_shift,False,0.0,mlp_base:C5:E2,4,state_UT,False,False,0.009597150997150972,0.8670256410256411,0.0,0.0
208,1.0,joint_clip_shift,False,0.005,mlp_base:C5:E2,4,state_CO,False,False,0.013646824460695539,0.8261204162407276,0.0,0.0
208,1.0,joint_clip_shift,False,0.005,mlp_base:C5:E2,4,state_UT,False,False,0.009597150997150972,0.8670256410256411,0.0,0.0
208,1.0,joint_clip_shift,False,0.01,mlp_base:C5:E2,4,state_CO,False,False,0.013646824460695539,0.8261204162407276,0.0,0.0
208,1.0,joint_clip_shift,False,0.01,mlp_base:C5:E2,4,state_UT,False,False,0.009597150997150972,0.8670256410256411,0.0,0.0
208,1.0,joint_clip_shift,False,0.02,mlp_base:C5:E8,4,state_CO,False,False,0.0016544782574504646,0.8381127624439727,0.0,0.0
208,1.0,joint_clip_shift,False,0.02,mlp_base:C5:E8,4,state_UT,False,False,0.0022148148148148916,0.8744079772079771,0.0,0.0
208,1.0,joint_clip_shift,True,0.0,mlp_base:C5:E2,4,state_CO,False,False,0.013646824460695539,0.8261204162407276,0.0,0.0
208,1.0,joint_clip_shift,True,0.0,mlp_base:C5:E2,4,state_UT,False,False,0.009597150997150972,0.8670256410256411,0.0,0.0
208,1.0,joint_clip_shift,True,0.005,mlp_base:C5:E8,4,state_CO,False,False,0.0016544782574504646,0.8381127624439727,0.0,0.0
208,1.0,joint_clip_shift,True,0.005,mlp_base:C5:E8,4,state_UT,False,False,0.0022148148148148916,0.8744079772079771,0.0,0.0
208,1.0,joint_clip_shift,True,0.01,mlp_base:C5:E8,4,state_CO,False,False,0.0016544782574504646,0.8381127624439727,0.0,0.0
208,1.0,joint_clip_shift,True,0.01,mlp_base:C5:E8,4,state_UT,False,False,0.0022148148148148916,0.8744079772079771,0.0,0.0
208,1.0,joint_clip_shift,True,0.02,mlp_base:C5:E8,4,state_CO,False,False,0.0016544782574504646,0.8381127624439727,0.0,0.0
208,1.0,joint_clip_shift,True,0.02,mlp_base:C5:E8,4,state_UT,False,False,0.0022148148148148916,0.8744079772079771,0.0,0.0
208,1.0,joint_recipe_source,False,0.0,mlp_base:C5:E2,12,state_CO,False,False,0.013646824460695539,0.8261204162407276,0.0,0.0
208,1.0,joint_recipe_source,False,0.0,mlp_base:C5:E2,12,state_UT,False,False,0.009597150997150972,0.8670256410256411,0.0,0.0
208,1.0,joint_recipe_source,False,0.005,mlp_base:C5:E2,12,state_CO,False,False,0.013646824460695539,0.8261204162407276,0.0,0.0
208,1.0,joint_recipe_source,False,0.005,mlp_base:C5:E2,12,state_UT,False,False,0.009597150997150972,0.8670256410256411,0.0,0.0
208,1.0,joint_recipe_source,False,0.01,mlp_base:C5:E2,12,state_CO,False,False,0.013646824460695539,0.8261204162407276,0.0,0.0
208,1.0,joint_recipe_source,False,0.01,mlp_base:C5:E2,12,state_UT,False,False,0.009597150997150972,0.8670256410256411,0.0,0.0
208,1.0,joint_recipe_source,False,0.02,mlp_stronger:C5:E2,12,state_CO,False,False,0.0039579565411128614,0.8358092841603103,0.0,0.0
208,1.0,joint_recipe_source,False,0.02,mlp_stronger:C5:E2,12,state_UT,False,False,0.004106552706552691,0.8725162393162393,0.0,0.0
208,1.0,joint_recipe_source,True,0.0,mlp_base:C5:E2,12,state_CO,False,False,0.013646824460695539,0.8261204162407276,0.0,0.0
208,1.0,joint_recipe_source,True,0.0,mlp_base:C5:E2,12,state_UT,False,False,0.009597150997150972,0.8670256410256411,0.0,0.0
208,1.0,joint_recipe_source,True,0.005,mlp_base:C5:E2,12,state_CO,False,False,0.013646824460695539,0.8261204162407276,0.0,0.0
208,1.0,joint_recipe_source,True,0.005,mlp_base:C5:E2,12,state_UT,False,False,0.009597150997150972,0.8670256410256411,0.0,0.0
208,1.0,joint_recipe_source,True,0.01,mlp_stronger:C5:E2,12,state_CO,False,False,0.0039579565411128614,0.8358092841603103,0.0,0.0
208,1.0,joint_recipe_source,True,0.01,mlp_stronger:C5:E2,12,state_UT,False,False,0.004106552706552691,0.8725162393162393,0.0,0.0
208,1.0,joint_recipe_source,True,0.02,mlp_stronger:C5:E8,12,state_CO,False,False,-7.968336347674576e-05,0.8398469240648999,0.0,0.0
208,1.0,joint_recipe_source,True,0.02,mlp_stronger:C5:E8,12,state_UT,False,False,-0.00041310541310546345,0.8770358974358975,0.0,0.0
208,1.0,joint_recipe_shift,False,0.0,mlp_base:C5:E2,12,state_CO,False,False,0.013646824460695539,0.8261204162407276,0.0,0.0
208,1.0,joint_recipe_shift,False,0.0,mlp_base:C5:E2,12,state_UT,False,False,0.009597150997150972,0.8670256410256411,0.0,0.0
208,1.0,joint_recipe_shift,False,0.005,mlp_base:C5:E2,12,state_CO,False,False,0.013646824460695539,0.8261204162407276,0.0,0.0
208,1.0,joint_recipe_shift,False,0.005,mlp_base:C5:E2,12,state_UT,False,False,0.009597150997150972,0.8670256410256411,0.0,0.0
208,1.0,joint_recipe_shift,False,0.01,mlp_base:C5:E2,12,state_CO,False,False,0.013646824460695539,0.8261204162407276,0.0,0.0
208,1.0,joint_recipe_shift,False,0.01,mlp_base:C5:E2,12,state_UT,False,False,0.009597150997150972,0.8670256410256411,0.0,0.0
208,1.0,joint_recipe_shift,False,0.02,mlp_stronger:C5:E2,12,state_CO,False,False,0.0039579565411128614,0.8358092841603103,0.0,0.0
208,1.0,joint_recipe_shift,False,0.02,mlp_stronger:C5:E2,12,state_UT,False,False,0.004106552706552691,0.8725162393162393,0.0,0.0
208,1.0,joint_recipe_shift,True,0.0,mlp_base:C5:E2,12,state_CO,False,False,0.013646824460695539,0.8261204162407276,0.0,0.0
208,1.0,joint_recipe_shift,True,0.0,mlp_base:C5:E2,12,state_UT,False,False,0.009597150997150972,0.8670256410256411,0.0,0.0
208,1.0,joint_recipe_shift,True,0.005,mlp_stronger:C5:E2,12,state_CO,False,False,0.0039579565411128614,0.8358092841603103,0.0,0.0
208,1.0,joint_recipe_shift,True,0.005,mlp_stronger:C5:E2,12,state_UT,False,False,0.004106552706552691,0.8725162393162393,0.0,0.0
208,1.0,joint_recipe_shift,True,0.01,mlp_stronger:C5:E8,12,state_CO,False,False,-7.968336347674576e-05,0.8398469240648999,0.0,0.0
208,1.0,joint_recipe_shift,True,0.01,mlp_stronger:C5:E8,12,state_UT,False,False,-0.00041310541310546345,0.8770358974358975,0.0,0.0
208,1.0,joint_recipe_shift,True,0.02,mlp_stronger:C5:E8,12,state_CO,False,False,-7.968336347674576e-05,0.8398469240648999,0.0,0.0
208,1.0,joint_recipe_shift,True,0.02,mlp_stronger:C5:E8,12,state_UT,False,False,-0.00041310541310546345,0.8770358974358975,0.0,0.0
208,1.0,joint_recipe_proxy,False,0.0,mlp_base:C5:E2,12,state_CO,False,False,0.013646824460695539,0.8261204162407276,0.0,0.0
208,1.0,joint_recipe_proxy,False,0.0,mlp_base:C5:E2,12,state_UT,False,False,0.009597150997150972,0.8670256410256411,0.0,0.0
208,1.0,joint_recipe_proxy,False,0.005,mlp_base:C5:E2,12,state_CO,False,False,0.013646824460695539,0.8261204162407276,0.0,0.0
208,1.0,joint_recipe_proxy,False,0.005,mlp_base:C5:E2,12,state_UT,False,False,0.009597150997150972,0.8670256410256411,0.0,0.0
208,1.0,joint_recipe_proxy,False,0.01,mlp_base:C5:E2,12,state_CO,False,False,0.013646824460695539,0.8261204162407276,0.0,0.0
208,1.0,joint_recipe_proxy,False,0.01,mlp_base:C5:E2,12,state_UT,False,False,0.009597150997150972,0.8670256410256411,0.0,0.0
208,1.0,joint_recipe_proxy,False,0.02,mlp_stronger:C5:E8,12,state_CO,False,False,-7.968336347674576e-05,0.8398469240648999,0.0,0.0
208,1.0,joint_recipe_proxy,False,0.02,mlp_stronger:C5:E8,12,state_UT,False,False,-0.00041310541310546345,0.8770358974358975,0.0,0.0
208,1.0,joint_recipe_proxy,True,0.0,mlp_base:C5:E2,12,state_CO,False,False,0.013646824460695539,0.8261204162407276,0.0,0.0
208,1.0,joint_recipe_proxy,True,0.0,mlp_base:C5:E2,12,state_UT,False,False,0.009597150997150972,0.8670256410256411,0.0,0.0
208,1.0,joint_recipe_proxy,True,0.005,mlp_base:C5:E2,12,state_CO,False,False,0.013646824460695539,0.8261204162407276,0.0,0.0
208,1.0,joint_recipe_proxy,True,0.005,mlp_base:C5:E2,12,state_UT,False,False,0.009597150997150972,0.8670256410256411,0.0,0.0
208,1.0,joint_recipe_proxy,True,0.01,mlp_stronger:C5:E8,12,state_CO,False,False,-7.968336347674576e-05,0.8398469240648999,0.0,0.0
208,1.0,joint_recipe_proxy,True,0.01,mlp_stronger:C5:E8,12,state_UT,False,False,-0.00041310541310546345,0.8770358974358975,0.0,0.0
208,1.0,joint_recipe_proxy,True,0.02,mlp_stronger:C5:E8,12,state_CO,False,False,-7.968336347674576e-05,0.8398469240648999,0.0,0.0
208,1.0,joint_recipe_proxy,True,0.02,mlp_stronger:C5:E8,12,state_UT,False,False,-0.00041310541310546345,0.8770358974358975,0.0,0.0
208,1.0,logistic_shift,False,0.0,logistic:C1:E2,4,state_CO,False,False,0.004530418599774433,0.8352368221016487,0.0,0.0
208,1.0,logistic_shift,False,0.0,logistic:C1:E2,4,state_UT,False,False,0.01158005698005693,0.8650427350427351,0.0,0.0
208,1.0,logistic_shift,False,0.005,logistic:C1:E2,4,state_CO,False,False,0.004530418599774433,0.8352368221016487,0.0,0.0
208,1.0,logistic_shift,False,0.005,logistic:C1:E2,4,state_UT,False,False,0.01158005698005693,0.8650427350427351,0.0,0.0
208,1.0,logistic_shift,False,0.01,logistic:C1:E2,4,state_CO,False,False,0.004530418599774433,0.8352368221016487,0.0,0.0
208,1.0,logistic_shift,False,0.01,logistic:C1:E2,4,state_UT,False,False,0.01158005698005693,0.8650427350427351,0.0,0.0
208,1.0,logistic_shift,False,0.02,logistic:C5:E8,4,state_CO,False,False,0.0015674556368115988,0.8381997850646116,0.0,0.0
208,1.0,logistic_shift,False,0.02,logistic:C5:E8,4,state_UT,False,False,0.0030957264957264252,0.8735270655270656,0.0,0.0
208,1.0,logistic_shift,True,0.0,logistic:C5:E8,4,state_CO,False,False,0.0015674556368115988,0.8381997850646116,0.0,0.0
208,1.0,logistic_shift,True,0.0,logistic:C5:E8,4,state_UT,False,False,0.0030957264957264252,0.8735270655270656,0.0,0.0
208,1.0,logistic_shift,True,0.005,logistic:C5:E8,4,state_CO,False,False,0.0015674556368115988,0.8381997850646116,0.0,0.0
208,1.0,logistic_shift,True,0.005,logistic:C5:E8,4,state_UT,False,False,0.0030957264957264252,0.8735270655270656,0.0,0.0
208,1.0,logistic_shift,True,0.01,logistic:C5:E8,4,state_CO,False,False,0.0015674556368115988,0.8381997850646116,0.0,0.0
208,1.0,logistic_shift,True,0.01,logistic:C5:E8,4,state_UT,False,False,0.0030957264957264252,0.8735270655270656,0.0,0.0
208,1.0,logistic_shift,True,0.02,,4,state_CO,True,,,,,
208,1.0,logistic_shift,True,0.02,,4,state_UT,True,,,,,
209,1.0,epsilon_source,False,0.0,mlp_base:C1:E2,2,state_CO,False,False,0.02108953748764575,0.834601061722526,0.0,0.0
209,1.0,epsilon_source,False,0.0,mlp_base:C1:E2,2,state_UT,False,False,0.01354929248867942,0.8692627012097627,0.0,0.0
209,1.0,epsilon_source,False,0.005,mlp_base:C1:E2,2,state_CO,False,False,0.02108953748764575,0.834601061722526,0.0,0.0
209,1.0,epsilon_source,False,0.005,mlp_base:C1:E2,2,state_UT,False,False,0.01354929248867942,0.8692627012097627,0.0,0.0
209,1.0,epsilon_source,False,0.01,mlp_base:C1:E2,2,state_CO,False,False,0.02108953748764575,0.834601061722526,0.0,0.0
209,1.0,epsilon_source,False,0.01,mlp_base:C1:E2,2,state_UT,False,False,0.01354929248867942,0.8692627012097627,0.0,0.0
209,1.0,epsilon_source,False,0.02,,2,state_CO,True,,,,,
209,1.0,epsilon_source,False,0.02,,2,state_UT,True,,,,,
209,1.0,epsilon_source,True,0.0,mlp_base:C1:E2,2,state_CO,False,False,0.02108953748764575,0.834601061722526,0.0,0.0
209,1.0,epsilon_source,True,0.0,mlp_base:C1:E2,2,state_UT,False,False,0.01354929248867942,0.8692627012097627,0.0,0.0
209,1.0,epsilon_source,True,0.005,,2,state_CO,True,,,,,
209,1.0,epsilon_source,True,0.005,,2,state_UT,True,,,,,
209,1.0,epsilon_source,True,0.01,,2,state_CO,True,,,,,
209,1.0,epsilon_source,True,0.01,,2,state_UT,True,,,,,
209,1.0,epsilon_source,True,0.02,,2,state_CO,True,,,,,
209,1.0,epsilon_source,True,0.02,,2,state_UT,True,,,,,
209,1.0,epsilon_shift,False,0.0,mlp_base:C1:E2,2,state_CO,False,False,0.02108953748764575,0.834601061722526,0.0,0.0
209,1.0,epsilon_shift,False,0.0,mlp_base:C1:E2,2,state_UT,False,False,0.01354929248867942,0.8692627012097627,0.0,0.0
209,1.0,epsilon_shift,False,0.005,,2,state_CO,True,,,,,
209,1.0,epsilon_shift,False,0.005,,2,state_UT,True,,,,,
209,1.0,epsilon_shift,False,0.01,,2,state_CO,True,,,,,
209,1.0,epsilon_shift,False,0.01,,2,state_UT,True,,,,,
209,1.0,epsilon_shift,False,0.02,,2,state_CO,True,,,,,
209,1.0,epsilon_shift,False,0.02,,2,state_UT,True,,,,,
209,1.0,epsilon_shift,True,0.0,,2,state_CO,True,,,,,
209,1.0,epsilon_shift,True,0.0,,2,state_UT,True,,,,,
209,1.0,epsilon_shift,True,0.005,,2,state_CO,True,,,,,
209,1.0,epsilon_shift,True,0.005,,2,state_UT,True,,,,,
209,1.0,epsilon_shift,True,0.01,,2,state_CO,True,,,,,
209,1.0,epsilon_shift,True,0.01,,2,state_UT,True,,,,,
209,1.0,epsilon_shift,True,0.02,,2,state_CO,True,,,,,
209,1.0,epsilon_shift,True,0.02,,2,state_UT,True,,,,,
209,1.0,joint_clip_source,False,0.0,mlp_base:C5:E2,4,state_CO,False,False,0.01740103169737972,0.838289567512792,0.0,0.0
209,1.0,joint_clip_source,False,0.0,mlp_base:C5:E2,4,state_UT,False,False,0.012056384098110273,0.8707556096003318,0.0,0.0
209,1.0,joint_clip_source,False,0.005,mlp_base:C5:E2,4,state_CO,False,False,0.01740103169737972,0.838289567512792,0.0,0.0
209,1.0,joint_clip_source,False,0.005,mlp_base:C5:E2,4,state_UT,False,False,0.012056384098110273,0.8707556096003318,0.0,0.0
209,1.0,joint_clip_source,False,0.01,mlp_base:C5:E2,4,state_CO,False,False,0.01740103169737972,0.838289567512792,0.0,0.0
209,1.0,joint_clip_source,False,0.01,mlp_base:C5:E2,4,state_UT,False,False,0.012056384098110273,0.8707556096003318,0.0,0.0
209,1.0,joint_clip_source,False,0.02,mlp_base:C5:E8,4,state_CO,False,False,0.003594677208829,0.8520959220013428,0.0,0.0
209,1.0,joint_clip_source,False,0.02,mlp_base:C5:E8,4,state_UT,False,False,0.0032120507282497046,0.8795999429701924,0.0,0.0
209,1.0,joint_clip_source,True,0.0,mlp_base:C5:E2,4,state_CO,False,False,0.01740103169737972,0.838289567512792,0.0,0.0
209,1.0,joint_clip_source,True,0.0,mlp_base:C5:E2,4,state_UT,False,False,0.012056384098110273,0.8707556096003318,0.0,0.0
209,1.0,joint_clip_source,True,0.005,mlp_base:C5:E2,4,state_CO,False,False,0.01740103169737972,0.838289567512792,0.0,0.0
209,1.0,joint_clip_source,True,0.005,mlp_base:C5:E2,4,state_UT,False,False,0.012056384098110273,0.8707556096003318,0.0,0.0
209,1.0,joint_clip_source,True,0.01,mlp_base:C5:E2,4,state_CO,False,False,0.01740103169737972,0.838289567512792,0.0,0.0
209,1.0,joint_clip_source,True,0.01,mlp_base:C5:E2,4,state_UT,False,False,0.012056384098110273,0.8707556096003318,0.0,0.0
209,1.0,joint_clip_source,True,0.02,mlp_base:C5:E8,4,state_CO,False,False,0.003594677208829,0.8520959220013428,0.0,0.0
209,1.0,joint_clip_source,True,0.02,mlp_base:C5:E8,4,state_UT,False,False,0.0032120507282497046,0.8795999429701924,0.0,0.0
209,1.0,joint_clip_shift,False,0.0,mlp_base:C5:E2,4,state_CO,False,False,0.01740103169737972,0.838289567512792,0.0,0.0
209,1.0,joint_clip_shift,False,0.0,mlp_base:C5:E2,4,state_UT,False,False,0.012056384098110273,0.8707556096003318,0.0,0.0
209,1.0,joint_clip_shift,False,0.005,mlp_base:C5:E2,4,state_CO,False,False,0.01740103169737972,0.838289567512792,0.0,0.0
209,1.0,joint_clip_shift,False,0.005,mlp_base:C5:E2,4,state_UT,False,False,0.012056384098110273,0.8707556096003318,0.0,0.0
209,1.0,joint_clip_shift,False,0.01,mlp_base:C5:E2,4,state_CO,False,False,0.01740103169737972,0.838289567512792,0.0,0.0
209,1.0,joint_clip_shift,False,0.01,mlp_base:C5:E2,4,state_UT,False,False,0.012056384098110273,0.8707556096003318,0.0,0.0
209,1.0,joint_clip_shift,False,0.02,mlp_base:C5:E8,4,state_CO,False,False,0.003594677208829,0.8520959220013428,0.0,0.0
209,1.0,joint_clip_shift,False,0.02,mlp_base:C5:E8,4,state_UT,False,False,0.0032120507282497046,0.8795999429701924,0.0,0.0
209,1.0,joint_clip_shift,True,0.0,mlp_base:C5:E2,4,state_CO,False,False,0.01740103169737972,0.838289567512792,0.0,0.0
209,1.0,joint_clip_shift,True,0.0,mlp_base:C5:E2,4,state_UT,False,False,0.012056384098110273,0.8707556096003318,0.0,0.0
209,1.0,joint_clip_shift,True,0.005,mlp_base:C5:E8,4,state_CO,False,False,0.003594677208829,0.8520959220013428,0.0,0.0
209,1.0,joint_clip_shift,True,0.005,mlp_base:C5:E8,4,state_UT,False,False,0.0032120507282497046,0.8795999429701924,0.0,0.0
209,1.0,joint_clip_shift,True,0.01,mlp_base:C5:E8,4,state_CO,False,False,0.003594677208829,0.8520959220013428,0.0,0.0
209,1.0,joint_clip_shift,True,0.01,mlp_base:C5:E8,4,state_UT,False,False,0.0032120507282497046,0.8795999429701924,0.0,0.0
209,1.0,joint_clip_shift,True,0.02,mlp_base:C5:E8,4,state_CO,False,False,0.003594677208829,0.8520959220013428,0.0,0.0
209,1.0,joint_clip_shift,True,0.02,mlp_base:C5:E8,4,state_UT,False,False,0.0032120507282497046,0.8795999429701924,0.0,0.0
209,1.0,joint_recipe_source,False,0.0,mlp_base:C5:E2,12,state_CO,False,False,0.01740103169737972,0.838289567512792,0.0,0.0
209,1.0,joint_recipe_source,False,0.0,mlp_base:C5:E2,12,state_UT,False,False,0.012056384098110273,0.8707556096003318,0.0,0.0
209,1.0,joint_recipe_source,False,0.005,mlp_base:C5:E2,12,state_CO,False,False,0.01740103169737972,0.838289567512792,0.0,0.0
209,1.0,joint_recipe_source,False,0.005,mlp_base:C5:E2,12,state_UT,False,False,0.012056384098110273,0.8707556096003318,0.0,0.0
209,1.0,joint_recipe_source,False,0.01,mlp_base:C5:E2,12,state_CO,False,False,0.01740103169737972,0.838289567512792,0.0,0.0
209,1.0,joint_recipe_source,False,0.01,mlp_base:C5:E2,12,state_UT,False,False,0.012056384098110273,0.8707556096003318,0.0,0.0
209,1.0,joint_recipe_source,False,0.02,logistic:C1:E2,12,state_CO,False,False,0.014787384434463702,0.8409032147757081,0.0,0.0
209,1.0,joint_recipe_source,False,0.02,logistic:C1:E2,12,state_UT,False,False,0.009977859709030312,0.8728341339894118,0.0,0.0
209,1.0,joint_recipe_source,True,0.0,mlp_base:C5:E2,12,state_CO,False,False,0.01740103169737972,0.838289567512792,0.0,0.0
209,1.0,joint_recipe_source,True,0.0,mlp_base:C5:E2,12,state_UT,False,False,0.012056384098110273,0.8707556096003318,0.0,0.0
209,1.0,joint_recipe_source,True,0.005,mlp_base:C5:E2,12,state_CO,False,False,0.01740103169737972,0.838289567512792,0.0,0.0
209,1.0,joint_recipe_source,True,0.005,mlp_base:C5:E2,12,state_UT,False,False,0.012056384098110273,0.8707556096003318,0.0,0.0
209,1.0,joint_recipe_source,True,0.01,mlp_base:C5:E2,12,state_CO,False,False,0.01740103169737972,0.838289567512792,0.0,0.0
209,1.0,joint_recipe_source,True,0.01,mlp_base:C5:E2,12,state_UT,False,False,0.012056384098110273,0.8707556096003318,0.0,0.0
209,1.0,joint_recipe_source,True,0.02,logistic:C5:E8,12,state_CO,False,False,0.005019829106876927,0.8506707701032948,0.0,0.0
209,1.0,joint_recipe_source,True,0.02,logistic:C5:E8,12,state_UT,False,False,0.00468728459170098,0.8781247091067411,0.0,0.0
209,1.0,joint_recipe_shift,False,0.0,mlp_base:C5:E2,12,state_CO,False,False,0.01740103169737972,0.838289567512792,0.0,0.0
209,1.0,joint_recipe_shift,False,0.0,mlp_base:C5:E2,12,state_UT,False,False,0.012056384098110273,0.8707556096003318,0.0,0.0
209,1.0,joint_recipe_shift,False,0.005,mlp_base:C5:E2,12,state_CO,False,False,0.01740103169737972,0.838289567512792,0.0,0.0
209,1.0,joint_recipe_shift,False,0.005,mlp_base:C5:E2,12,state_UT,False,False,0.012056384098110273,0.8707556096003318,0.0,0.0
209,1.0,joint_recipe_shift,False,0.01,mlp_base:C5:E2,12,state_CO,False,False,0.01740103169737972,0.838289567512792,0.0,0.0
209,1.0,joint_recipe_shift,False,0.01,mlp_base:C5:E2,12,state_UT,False,False,0.012056384098110273,0.8707556096003318,0.0,0.0
209,1.0,joint_recipe_shift,False,0.02,mlp_stronger:C5:E8,12,state_CO,False,False,0.0005838222844964935,0.8551067769256753,0.0,0.0
209,1.0,joint_recipe_shift,False,0.02,mlp_stronger:C5:E8,12,state_UT,False,False,0.0023130064488460222,0.8804989872495961,0.0,0.0
209,1.0,joint_recipe_shift,True,0.0,mlp_base:C5:E2,12,state_CO,False,False,0.01740103169737972,0.838289567512792,0.0,0.0
209,1.0,joint_recipe_shift,True,0.0,mlp_base:C5:E2,12,state_UT,False,False,0.012056384098110273,0.8707556096003318,0.0,0.0
209,1.0,joint_recipe_shift,True,0.005,mlp_stronger:C5:E8,12,state_CO,False,False,0.0005838222844964935,0.8551067769256753,0.0,0.0
209,1.0,joint_recipe_shift,True,0.005,mlp_stronger:C5:E8,12,state_UT,False,False,0.0023130064488460222,0.8804989872495961,0.0,0.0
209,1.0,joint_recipe_shift,True,0.01,mlp_stronger:C5:E8,12,state_CO,False,False,0.0005838222844964935,0.8551067769256753,0.0,0.0
209,1.0,joint_recipe_shift,True,0.01,mlp_stronger:C5:E8,12,state_UT,False,False,0.0023130064488460222,0.8804989872495961,0.0,0.0
209,1.0,joint_recipe_shift,True,0.02,mlp_stronger:C5:E8,12,state_CO,False,False,0.0005838222844964935,0.8551067769256753,0.0,0.0
209,1.0,joint_recipe_shift,True,0.02,mlp_stronger:C5:E8,12,state_UT,False,False,0.0023130064488460222,0.8804989872495961,0.0,0.0
209,1.0,joint_recipe_proxy,False,0.0,mlp_base:C5:E2,12,state_CO,False,False,0.01740103169737972,0.838289567512792,0.0,0.0
209,1.0,joint_recipe_proxy,False,0.0,mlp_base:C5:E2,12,state_UT,False,False,0.012056384098110273,0.8707556096003318,0.0,0.0
209,1.0,joint_recipe_proxy,False,0.005,mlp_base:C5:E2,12,state_CO,False,False,0.01740103169737972,0.838289567512792,0.0,0.0
209,1.0,joint_recipe_proxy,False,0.005,mlp_base:C5:E2,12,state_UT,False,False,0.012056384098110273,0.8707556096003318,0.0,0.0
209,1.0,joint_recipe_proxy,False,0.01,mlp_base:C5:E2,12,state_CO,False,False,0.01740103169737972,0.838289567512792,0.0,0.0
209,1.0,joint_recipe_proxy,False,0.01,mlp_base:C5:E2,12,state_UT,False,False,0.012056384098110273,0.8707556096003318,0.0,0.0
209,1.0,joint_recipe_proxy,False,0.02,mlp_stronger:C5:E8,12,state_CO,False,False,0.0005838222844964935,0.8551067769256753,0.0,0.0
209,1.0,joint_recipe_proxy,False,0.02,mlp_stronger:C5:E8,12,state_UT,False,False,0.0023130064488460222,0.8804989872495961,0.0,0.0
209,1.0,joint_recipe_proxy,True,0.0,mlp_base:C5:E2,12,state_CO,False,False,0.01740103169737972,0.838289567512792,0.0,0.0
209,1.0,joint_recipe_proxy,True,0.0,mlp_base:C5:E2,12,state_UT,False,False,0.012056384098110273,0.8707556096003318,0.0,0.0
209,1.0,joint_recipe_proxy,True,0.005,mlp_base:C5:E2,12,state_CO,False,False,0.01740103169737972,0.838289567512792,0.0,0.0
209,1.0,joint_recipe_proxy,True,0.005,mlp_base:C5:E2,12,state_UT,False,False,0.012056384098110273,0.8707556096003318,0.0,0.0
209,1.0,joint_recipe_proxy,True,0.01,mlp_stronger:C5:E8,12,state_CO,False,False,0.0005838222844964935,0.8551067769256753,0.0,0.0
209,1.0,joint_recipe_proxy,True,0.01,mlp_stronger:C5:E8,12,state_UT,False,False,0.0023130064488460222,0.8804989872495961,0.0,0.0
209,1.0,joint_recipe_proxy,True,0.02,mlp_stronger:C5:E8,12,state_CO,False,False,0.0005838222844964935,0.8551067769256753,0.0,0.0
209,1.0,joint_recipe_proxy,True,0.02,mlp_stronger:C5:E8,12,state_UT,False,False,0.0023130064488460222,0.8804989872495961,0.0,0.0
209,1.0,logistic_shift,False,0.0,logistic:C1:E2,4,state_CO,False,False,0.014787384434463702,0.8409032147757081,0.0,0.0
209,1.0,logistic_shift,False,0.0,logistic:C1:E2,4,state_UT,False,False,0.009977859709030312,0.8728341339894118,0.0,0.0
209,1.0,logistic_shift,False,0.005,logistic:C1:E2,4,state_CO,False,False,0.014787384434463702,0.8409032147757081,0.0,0.0
209,1.0,logistic_shift,False,0.005,logistic:C1:E2,4,state_UT,False,False,0.009977859709030312,0.8728341339894118,0.0,0.0
209,1.0,logistic_shift,False,0.01,logistic:C5:E8,4,state_CO,False,False,0.005019829106876927,0.8506707701032948,0.0,0.0
209,1.0,logistic_shift,False,0.01,logistic:C5:E8,4,state_UT,False,False,0.00468728459170098,0.8781247091067411,0.0,0.0
209,1.0,logistic_shift,False,0.02,logistic:C5:E8,4,state_CO,False,False,0.005019829106876927,0.8506707701032948,0.0,0.0
209,1.0,logistic_shift,False,0.02,logistic:C5:E8,4,state_UT,False,False,0.00468728459170098,0.8781247091067411,0.0,0.0
209,1.0,logistic_shift,True,0.0,logistic:C5:E8,4,state_CO,False,False,0.005019829106876927,0.8506707701032948,0.0,0.0
209,1.0,logistic_shift,True,0.0,logistic:C5:E8,4,state_UT,False,False,0.00468728459170098,0.8781247091067411,0.0,0.0
209,1.0,logistic_shift,True,0.005,logistic:C5:E8,4,state_CO,False,False,0.005019829106876927,0.8506707701032948,0.0,0.0
209,1.0,logistic_shift,True,0.005,logistic:C5:E8,4,state_UT,False,False,0.00468728459170098,0.8781247091067411,0.0,0.0
209,1.0,logistic_shift,True,0.01,logistic:C5:E8,4,state_CO,False,False,0.005019829106876927,0.8506707701032948,0.0,0.0
209,1.0,logistic_shift,True,0.01,logistic:C5:E8,4,state_UT,False,False,0.00468728459170098,0.8781247091067411,0.0,0.0
209,1.0,logistic_shift,True,0.02,,4,state_CO,True,,,,,
209,1.0,logistic_shift,True,0.02,,4,state_UT,True,,,,,
210,1.0,epsilon_source,False,0.0,mlp_base:C1:E2,2,state_CO,False,False,0.02867706248627855,0.8010338548212445,0.0,0.0
210,1.0,epsilon_source,False,0.0,mlp_base:C1:E2,2,state_UT,False,True,0.034398233109220855,0.8399022834232677,0.004398233109220856,0.0
210,1.0,epsilon_source,False,0.005,,2,state_CO,True,,,,,
210,1.0,epsilon_source,False,0.005,,2,state_UT,True,,,,,
210,1.0,epsilon_source,False,0.01,,2,state_CO,True,,,,,
210,1.0,epsilon_source,False,0.01,,2,state_UT,True,,,,,
210,1.0,epsilon_source,False,0.02,,2,state_CO,True,,,,,
210,1.0,epsilon_source,False,0.02,,2,state_UT,True,,,,,
210,1.0,epsilon_source,True,0.0,,2,state_CO,True,,,,,
210,1.0,epsilon_source,True,0.0,,2,state_UT,True,,,,,
210,1.0,epsilon_source,True,0.005,,2,state_CO,True,,,,,
210,1.0,epsilon_source,True,0.005,,2,state_UT,True,,,,,
210,1.0,epsilon_source,True,0.01,,2,state_CO,True,,,,,
210,1.0,epsilon_source,True,0.01,,2,state_UT,True,,,,,
210,1.0,epsilon_source,True,0.02,,2,state_CO,True,,,,,
210,1.0,epsilon_source,True,0.02,,2,state_UT,True,,,,,
210,1.0,epsilon_shift,False,0.0,,2,state_CO,True,,,,,
210,1.0,epsilon_shift,False,0.0,,2,state_UT,True,,,,,
210,1.0,epsilon_shift,False,0.005,,2,state_CO,True,,,,,
210,1.0,epsilon_shift,False,0.005,,2,state_UT,True,,,,,
210,1.0,epsilon_shift,False,0.01,,2,state_CO,True,,,,,
210,1.0,epsilon_shift,False,0.01,,2,state_UT,True,,,,,
210,1.0,epsilon_shift,False,0.02,,2,state_CO,True,,,,,
210,1.0,epsilon_shift,False,0.02,,2,state_UT,True,,,,,
210,1.0,epsilon_shift,True,0.0,,2,state_CO,True,,,,,
210,1.0,epsilon_shift,True,0.0,,2,state_UT,True,,,,,
210,1.0,epsilon_shift,True,0.005,,2,state_CO,True,,,,,
210,1.0,epsilon_shift,True,0.005,,2,state_UT,True,,,,,
210,1.0,epsilon_shift,True,0.01,,2,state_CO,True,,,,,
210,1.0,epsilon_shift,True,0.01,,2,state_UT,True,,,,,
210,1.0,epsilon_shift,True,0.02,,2,state_CO,True,,,,,
210,1.0,epsilon_shift,True,0.02,,2,state_UT,True,,,,,
210,1.0,joint_clip_source,False,0.0,mlp_base:C5:E2,4,state_CO,False,False,0.014647690742926489,0.8150632265645965,0.0,0.0
210,1.0,joint_clip_source,False,0.0,mlp_base:C5:E2,4,state_UT,False,False,0.02731687359285606,0.8469836429396325,0.0,0.0
210,1.0,joint_clip_source,False,0.005,mlp_base:C5:E2,4,state_CO,False,False,0.014647690742926489,0.8150632265645965,0.0,0.0
210,1.0,joint_clip_source,False,0.005,mlp_base:C5:E2,4,state_UT,False,False,0.02731687359285606,0.8469836429396325,0.0,0.0
210,1.0,joint_clip_source,False,0.01,mlp_base:C5:E2,4,state_CO,False,False,0.014647690742926489,0.8150632265645965,0.0,0.0
210,1.0,joint_clip_source,False,0.01,mlp_base:C5:E2,4,state_UT,False,False,0.02731687359285606,0.8469836429396325,0.0,0.0
210,1.0,joint_clip_source,False,0.02,mlp_base:C5:E8,4,state_CO,False,False,0.0010648238002968213,0.8286460935072262,0.0,0.0
210,1.0,joint_clip_source,False,0.02,mlp_base:C5:E8,4,state_UT,False,False,0.006236924639539065,0.8680635918929495,0.0,0.0
210,1.0,joint_clip_source,True,0.0,mlp_base:C5:E2,4,state_CO,False,False,0.014647690742926489,0.8150632265645965,0.0,0.0
210,1.0,joint_clip_source,True,0.0,mlp_base:C5:E2,4,state_UT,False,False,0.02731687359285606,0.8469836429396325,0.0,0.0
210,1.0,joint_clip_source,True,0.005,mlp_base:C5:E8,4,state_CO,False,False,0.0010648238002968213,0.8286460935072262,0.0,0.0
210,1.0,joint_clip_source,True,0.005,mlp_base:C5:E8,4,state_UT,False,False,0.006236924639539065,0.8680635918929495,0.0,0.0
210,1.0,joint_clip_source,True,0.01,mlp_base:C5:E8,4,state_CO,False,False,0.0010648238002968213,0.8286460935072262,0.0,0.0
210,1.0,joint_clip_source,True,0.01,mlp_base:C5:E8,4,state_UT,False,False,0.006236924639539065,0.8680635918929495,0.0,0.0
210,1.0,joint_clip_source,True,0.02,mlp_base:C5:E8,4,state_CO,False,False,0.0010648238002968213,0.8286460935072262,0.0,0.0
210,1.0,joint_clip_source,True,0.02,mlp_base:C5:E8,4,state_UT,False,False,0.006236924639539065,0.8680635918929495,0.0,0.0
210,1.0,joint_clip_shift,False,0.0,mlp_base:C5:E2,4,state_CO,False,False,0.014647690742926489,0.8150632265645965,0.0,0.0
210,1.0,joint_clip_shift,False,0.0,mlp_base:C5:E2,4,state_UT,False,False,0.02731687359285606,0.8469836429396325,0.0,0.0
210,1.0,joint_clip_shift,False,0.005,mlp_base:C5:E2,4,state_CO,False,False,0.014647690742926489,0.8150632265645965,0.0,0.0
210,1.0,joint_clip_shift,False,0.005,mlp_base:C5:E2,4,state_UT,False,False,0.02731687359285606,0.8469836429396325,0.0,0.0
210,1.0,joint_clip_shift,False,0.01,mlp_base:C5:E2,4,state_CO,False,False,0.014647690742926489,0.8150632265645965,0.0,0.0
210,1.0,joint_clip_shift,False,0.01,mlp_base:C5:E2,4,state_UT,False,False,0.02731687359285606,0.8469836429396325,0.0,0.0
210,1.0,joint_clip_shift,False,0.02,mlp_base:C5:E8,4,state_CO,False,False,0.0010648238002968213,0.8286460935072262,0.0,0.0
210,1.0,joint_clip_shift,False,0.02,mlp_base:C5:E8,4,state_UT,False,False,0.006236924639539065,0.8680635918929495,0.0,0.0
210,1.0,joint_clip_shift,True,0.0,mlp_base:C5:E2,4,state_CO,False,False,0.014647690742926489,0.8150632265645965,0.0,0.0
210,1.0,joint_clip_shift,True,0.0,mlp_base:C5:E2,4,state_UT,False,False,0.02731687359285606,0.8469836429396325,0.0,0.0
210,1.0,joint_clip_shift,True,0.005,mlp_base:C5:E8,4,state_CO,False,False,0.0010648238002968213,0.8286460935072262,0.0,0.0
210,1.0,joint_clip_shift,True,0.005,mlp_base:C5:E8,4,state_UT,False,False,0.006236924639539065,0.8680635918929495,0.0,0.0
210,1.0,joint_clip_shift,True,0.01,mlp_base:C5:E8,4,state_CO,False,False,0.0010648238002968213,0.8286460935072262,0.0,0.0
210,1.0,joint_clip_shift,True,0.01,mlp_base:C5:E8,4,state_UT,False,False,0.006236924639539065,0.8680635918929495,0.0,0.0
210,1.0,joint_clip_shift,True,0.02,mlp_base:C5:E8,4,state_CO,False,False,0.0010648238002968213,0.8286460935072262,0.0,0.0
210,1.0,joint_clip_shift,True,0.02,mlp_base:C5:E8,4,state_UT,False,False,0.006236924639539065,0.8680635918929495,0.0,0.0
210,1.0,joint_recipe_source,False,0.0,mlp_base:C5:E2,12,state_CO,False,False,0.014647690742926489,0.8150632265645965,0.0,0.0
210,1.0,joint_recipe_source,False,0.0,mlp_base:C5:E2,12,state_UT,False,False,0.02731687359285606,0.8469836429396325,0.0,0.0
210,1.0,joint_recipe_source,False,0.005,mlp_base:C5:E2,12,state_CO,False,False,0.014647690742926489,0.8150632265645965,0.0,0.0
210,1.0,joint_recipe_source,False,0.005,mlp_base:C5:E2,12,state_UT,False,False,0.02731687359285606,0.8469836429396325,0.0,0.0
210,1.0,joint_recipe_source,False,0.01,mlp_base:C5:E2,12,state_CO,False,False,0.014647690742926489,0.8150632265645965,0.0,0.0
210,1.0,joint_recipe_source,False,0.01,mlp_base:C5:E2,12,state_UT,False,False,0.02731687359285606,0.8469836429396325,0.0,0.0
210,1.0,joint_recipe_source,False,0.02,mlp_stronger:C5:E8,12,state_CO,False,False,0.0024669125094524125,0.8272440047980706,0.0,0.0
210,1.0,joint_recipe_source,False,0.02,mlp_stronger:C5:E8,12,state_UT,False,False,0.0036512888335974436,0.8706492276988911,0.0,0.0
210,1.0,joint_recipe_source,True,0.0,mlp_base:C5:E2,12,state_CO,False,False,0.014647690742926489,0.8150632265645965,0.0,0.0
210,1.0,joint_recipe_source,True,0.0,mlp_base:C5:E2,12,state_UT,False,False,0.02731687359285606,0.8469836429396325,0.0,0.0
210,1.0,joint_recipe_source,True,0.005,mlp_stronger:C5:E8,12,state_CO,False,False,0.0024669125094524125,0.8272440047980706,0.0,0.0
210,1.0,joint_recipe_source,True,0.005,mlp_stronger:C5:E8,12,state_UT,False,False,0.0036512888335974436,0.8706492276988911,0.0,0.0
210,1.0,joint_recipe_source,True,0.01,mlp_stronger:C5:E8,12,state_CO,False,False,0.0024669125094524125,0.8272440047980706,0.0,0.0
210,1.0,joint_recipe_source,True,0.01,mlp_stronger:C5:E8,12,state_UT,False,False,0.0036512888335974436,0.8706492276988911,0.0,0.0
210,1.0,joint_recipe_source,True,0.02,mlp_stronger:C5:E8,12,state_CO,False,False,0.0024669125094524125,0.8272440047980706,0.0,0.0
210,1.0,joint_recipe_source,True,0.02,mlp_stronger:C5:E8,12,state_UT,False,False,0.0036512888335974436,0.8706492276988911,0.0,0.0
210,1.0,joint_recipe_shift,False,0.0,mlp_base:C5:E2,12,state_CO,False,False,0.014647690742926489,0.8150632265645965,0.0,0.0
210,1.0,joint_recipe_shift,False,0.0,mlp_base:C5:E2,12,state_UT,False,False,0.02731687359285606,0.8469836429396325,0.0,0.0
210,1.0,joint_recipe_shift,False,0.005,mlp_base:C5:E2,12,state_CO,False,False,0.014647690742926489,0.8150632265645965,0.0,0.0
210,1.0,joint_recipe_shift,False,0.005,mlp_base:C5:E2,12,state_UT,False,False,0.02731687359285606,0.8469836429396325,0.0,0.0
210,1.0,joint_recipe_shift,False,0.01,mlp_base:C5:E2,12,state_CO,False,False,0.014647690742926489,0.8150632265645965,0.0,0.0
210,1.0,joint_recipe_shift,False,0.01,mlp_base:C5:E2,12,state_UT,False,False,0.02731687359285606,0.8469836429396325,0.0,0.0
210,1.0,joint_recipe_shift,False,0.02,mlp_stronger:C5:E8,12,state_CO,False,False,0.0024669125094524125,0.8272440047980706,0.0,0.0
210,1.0,joint_recipe_shift,False,0.02,mlp_stronger:C5:E8,12,state_UT,False,False,0.0036512888335974436,0.8706492276988911,0.0,0.0
210,1.0,joint_recipe_shift,True,0.0,mlp_base:C5:E2,12,state_CO,False,False,0.014647690742926489,0.8150632265645965,0.0,0.0
210,1.0,joint_recipe_shift,True,0.0,mlp_base:C5:E2,12,state_UT,False,False,0.02731687359285606,0.8469836429396325,0.0,0.0
210,1.0,joint_recipe_shift,True,0.005,mlp_stronger:C5:E8,12,state_CO,False,False,0.0024669125094524125,0.8272440047980706,0.0,0.0
210,1.0,joint_recipe_shift,True,0.005,mlp_stronger:C5:E8,12,state_UT,False,False,0.0036512888335974436,0.8706492276988911,0.0,0.0
210,1.0,joint_recipe_shift,True,0.01,mlp_stronger:C5:E8,12,state_CO,False,False,0.0024669125094524125,0.8272440047980706,0.0,0.0
210,1.0,joint_recipe_shift,True,0.01,mlp_stronger:C5:E8,12,state_UT,False,False,0.0036512888335974436,0.8706492276988911,0.0,0.0
210,1.0,joint_recipe_shift,True,0.02,mlp_base:C5:E8,12,state_CO,False,False,0.0010648238002968213,0.8286460935072262,0.0,0.0
210,1.0,joint_recipe_shift,True,0.02,mlp_base:C5:E8,12,state_UT,False,False,0.006236924639539065,0.8680635918929495,0.0,0.0
210,1.0,joint_recipe_proxy,False,0.0,mlp_base:C5:E2,12,state_CO,False,False,0.014647690742926489,0.8150632265645965,0.0,0.0
210,1.0,joint_recipe_proxy,False,0.0,mlp_base:C5:E2,12,state_UT,False,False,0.02731687359285606,0.8469836429396325,0.0,0.0
210,1.0,joint_recipe_proxy,False,0.005,mlp_base:C5:E2,12,state_CO,False,False,0.014647690742926489,0.8150632265645965,0.0,0.0
210,1.0,joint_recipe_proxy,False,0.005,mlp_base:C5:E2,12,state_UT,False,False,0.02731687359285606,0.8469836429396325,0.0,0.0
210,1.0,joint_recipe_proxy,False,0.01,mlp_base:C5:E2,12,state_CO,False,False,0.014647690742926489,0.8150632265645965,0.0,0.0
210,1.0,joint_recipe_proxy,False,0.01,mlp_base:C5:E2,12,state_UT,False,False,0.02731687359285606,0.8469836429396325,0.0,0.0
210,1.0,joint_recipe_proxy,False,0.02,mlp_stronger:C5:E8,12,state_CO,False,False,0.0024669125094524125,0.8272440047980706,0.0,0.0
210,1.0,joint_recipe_proxy,False,0.02,mlp_stronger:C5:E8,12,state_UT,False,False,0.0036512888335974436,0.8706492276988911,0.0,0.0
210,1.0,joint_recipe_proxy,True,0.0,mlp_stronger:C5:E2,12,state_CO,False,False,0.01896001501783351,0.8107509022896895,0.0,0.0
210,1.0,joint_recipe_proxy,True,0.0,mlp_stronger:C5:E2,12,state_UT,False,False,0.024426765493298475,0.84987375103919,0.0,0.0
210,1.0,joint_recipe_proxy,True,0.005,mlp_stronger:C5:E8,12,state_CO,False,False,0.0024669125094524125,0.8272440047980706,0.0,0.0
210,1.0,joint_recipe_proxy,True,0.005,mlp_stronger:C5:E8,12,state_UT,False,False,0.0036512888335974436,0.8706492276988911,0.0,0.0
210,1.0,joint_recipe_proxy,True,0.01,mlp_stronger:C5:E8,12,state_CO,False,False,0.0024669125094524125,0.8272440047980706,0.0,0.0
210,1.0,joint_recipe_proxy,True,0.01,mlp_stronger:C5:E8,12,state_UT,False,False,0.0036512888335974436,0.8706492276988911,0.0,0.0
210,1.0,joint_recipe_proxy,True,0.02,mlp_stronger:C5:E8,12,state_CO,False,False,0.0024669125094524125,0.8272440047980706,0.0,0.0
210,1.0,joint_recipe_proxy,True,0.02,mlp_stronger:C5:E8,12,state_UT,False,False,0.0036512888335974436,0.8706492276988911,0.0,0.0
210,1.0,logistic_shift,False,0.0,logistic:C5:E8,4,state_CO,False,False,0.009713865724021775,0.8199970515835012,0.0,0.0
210,1.0,logistic_shift,False,0.0,logistic:C5:E8,4,state_UT,False,False,0.014646782405782877,0.8596537341267056,0.0,0.0
210,1.0,logistic_shift,False,0.005,logistic:C5:E8,4,state_CO,False,False,0.009713865724021775,0.8199970515835012,0.0,0.0
210,1.0,logistic_shift,False,0.005,logistic:C5:E8,4,state_UT,False,False,0.014646782405782877,0.8596537341267056,0.0,0.0
210,1.0,logistic_shift,False,0.01,logistic:C5:E8,4,state_CO,False,False,0.009713865724021775,0.8199970515835012,0.0,0.0
210,1.0,logistic_shift,False,0.01,logistic:C5:E8,4,state_UT,False,False,0.014646782405782877,0.8596537341267056,0.0,0.0
210,1.0,logistic_shift,False,0.02,logistic:C5:E8,4,state_CO,False,False,0.009713865724021775,0.8199970515835012,0.0,0.0
210,1.0,logistic_shift,False,0.02,logistic:C5:E8,4,state_UT,False,False,0.014646782405782877,0.8596537341267056,0.0,0.0
210,1.0,logistic_shift,True,0.0,logistic:C5:E8,4,state_CO,False,False,0.009713865724021775,0.8199970515835012,0.0,0.0
210,1.0,logistic_shift,True,0.0,logistic:C5:E8,4,state_UT,False,False,0.014646782405782877,0.8596537341267056,0.0,0.0
210,1.0,logistic_shift,True,0.005,logistic:C5:E8,4,state_CO,False,False,0.009713865724021775,0.8199970515835012,0.0,0.0
210,1.0,logistic_shift,True,0.005,logistic:C5:E8,4,state_UT,False,False,0.014646782405782877,0.8596537341267056,0.0,0.0
210,1.0,logistic_shift,True,0.01,logistic:C5:E8,4,state_CO,False,False,0.009713865724021775,0.8199970515835012,0.0,0.0
210,1.0,logistic_shift,True,0.01,logistic:C5:E8,4,state_UT,False,False,0.014646782405782877,0.8596537341267056,0.0,0.0
210,1.0,logistic_shift,True,0.02,,4,state_CO,True,,,,,
210,1.0,logistic_shift,True,0.02,,4,state_UT,True,,,,,
211,1.0,epsilon_source,False,0.0,mlp_base:C1:E2,2,state_CO,False,False,0.021087026778426443,0.8272749025278536,0.0,0.0
211,1.0,epsilon_source,False,0.0,mlp_base:C1:E2,2,state_UT,False,False,0.021503163618448395,0.8430586204517311,0.0,0.0
211,1.0,epsilon_source,False,0.005,mlp_base:C1:E8,2,state_CO,False,False,0.01956693777941676,0.8287949915268633,0.0,0.0
211,1.0,epsilon_source,False,0.005,mlp_base:C1:E8,2,state_UT,False,False,0.020011838602802756,0.8445499454673767,0.0,0.0
211,1.0,epsilon_source,False,0.01,,2,state_CO,True,,,,,
211,1.0,epsilon_source,False,0.01,,2,state_UT,True,,,,,
211,1.0,epsilon_source,False,0.02,,2,state_CO,True,,,,,
211,1.0,epsilon_source,False,0.02,,2,state_UT,True,,,,,
211,1.0,epsilon_source,True,0.0,,2,state_CO,True,,,,,
211,1.0,epsilon_source,True,0.0,,2,state_UT,True,,,,,
211,1.0,epsilon_source,True,0.005,,2,state_CO,True,,,,,
211,1.0,epsilon_source,True,0.005,,2,state_UT,True,,,,,
211,1.0,epsilon_source,True,0.01,,2,state_CO,True,,,,,
211,1.0,epsilon_source,True,0.01,,2,state_UT,True,,,,,
211,1.0,epsilon_source,True,0.02,,2,state_CO,True,,,,,
211,1.0,epsilon_source,True,0.02,,2,state_UT,True,,,,,
211,1.0,epsilon_shift,False,0.0,mlp_base:C1:E2,2,state_CO,False,False,0.021087026778426443,0.8272749025278536,0.0,0.0
211,1.0,epsilon_shift,False,0.0,mlp_base:C1:E2,2,state_UT,False,False,0.021503163618448395,0.8430586204517311,0.0,0.0
211,1.0,epsilon_shift,False,0.005,,2,state_CO,True,,,,,
211,1.0,epsilon_shift,False,0.005,,2,state_UT,True,,,,,
211,1.0,epsilon_shift,False,0.01,,2,state_CO,True,,,,,
211,1.0,epsilon_shift,False,0.01,,2,state_UT,True,,,,,
211,1.0,epsilon_shift,False,0.02,,2,state_CO,True,,,,,
211,1.0,epsilon_shift,False,0.02,,2,state_UT,True,,,,,
211,1.0,epsilon_shift,True,0.0,,2,state_CO,True,,,,,
211,1.0,epsilon_shift,True,0.0,,2,state_UT,True,,,,,
211,1.0,epsilon_shift,True,0.005,,2,state_CO,True,,,,,
211,1.0,epsilon_shift,True,0.005,,2,state_UT,True,,,,,
211,1.0,epsilon_shift,True,0.01,,2,state_CO,True,,,,,
211,1.0,epsilon_shift,True,0.01,,2,state_UT,True,,,,,
211,1.0,epsilon_shift,True,0.02,,2,state_CO,True,,,,,
211,1.0,epsilon_shift,True,0.02,,2,state_UT,True,,,,,
211,1.0,joint_clip_source,False,0.0,mlp_base:C5:E2,4,state_CO,False,False,0.016377599429876044,0.831984329876404,0.0,0.0
211,1.0,joint_clip_source,False,0.0,mlp_base:C5:E2,4,state_UT,False,False,0.011741763516040837,0.8528200205541386,0.0,0.0
211,1.0,joint_clip_source,False,0.005,mlp_base:C5:E2,4,state_CO,False,False,0.016377599429876044,0.831984329876404,0.0,0.0
211,1.0,joint_clip_source,False,0.005,mlp_base:C5:E2,4,state_UT,False,False,0.011741763516040837,0.8528200205541386,0.0,0.0
211,1.0,joint_clip_source,False,0.01,mlp_base:C5:E2,4,state_CO,False,False,0.016377599429876044,0.831984329876404,0.0,0.0
211,1.0,joint_clip_source,False,0.01,mlp_base:C5:E2,4,state_UT,False,False,0.011741763516040837,0.8528200205541386,0.0,0.0
211,1.0,joint_clip_source,False,0.02,mlp_base:C5:E8,4,state_CO,False,False,0.0004298718463979778,0.8479320574598821,0.0,0.0
211,1.0,joint_clip_source,False,0.02,mlp_base:C5:E8,4,state_UT,False,False,0.001018023001751689,0.8635437610684278,0.0,0.0
211,1.0,joint_clip_source,True,0.0,mlp_base:C5:E8,4,state_CO,False,False,0.0004298718463979778,0.8479320574598821,0.0,0.0
211,1.0,joint_clip_source,True,0.0,mlp_base:C5:E8,4,state_UT,False,False,0.001018023001751689,0.8635437610684278,0.0,0.0
211,1.0,joint_clip_source,True,0.005,mlp_base:C5:E8,4,state_CO,False,False,0.0004298718463979778,0.8479320574598821,0.0,0.0
211,1.0,joint_clip_source,True,0.005,mlp_base:C5:E8,4,state_UT,False,False,0.001018023001751689,0.8635437610684278,0.0,0.0
211,1.0,joint_clip_source,True,0.01,mlp_base:C5:E8,4,state_CO,False,False,0.0004298718463979778,0.8479320574598821,0.0,0.0
211,1.0,joint_clip_source,True,0.01,mlp_base:C5:E8,4,state_UT,False,False,0.001018023001751689,0.8635437610684278,0.0,0.0
211,1.0,joint_clip_source,True,0.02,mlp_base:C5:E8,4,state_CO,False,False,0.0004298718463979778,0.8479320574598821,0.0,0.0
211,1.0,joint_clip_source,True,0.02,mlp_base:C5:E8,4,state_UT,False,False,0.001018023001751689,0.8635437610684278,0.0,0.0
211,1.0,joint_clip_shift,False,0.0,mlp_base:C5:E2,4,state_CO,False,False,0.016377599429876044,0.831984329876404,0.0,0.0
211,1.0,joint_clip_shift,False,0.0,mlp_base:C5:E2,4,state_UT,False,False,0.011741763516040837,0.8528200205541386,0.0,0.0
211,1.0,joint_clip_shift,False,0.005,mlp_base:C5:E2,4,state_CO,False,False,0.016377599429876044,0.831984329876404,0.0,0.0
211,1.0,joint_clip_shift,False,0.005,mlp_base:C5:E2,4,state_UT,False,False,0.011741763516040837,0.8528200205541386,0.0,0.0
211,1.0,joint_clip_shift,False,0.01,mlp_base:C5:E2,4,state_CO,False,False,0.016377599429876044,0.831984329876404,0.0,0.0
211,1.0,joint_clip_shift,False,0.01,mlp_base:C5:E2,4,state_UT,False,False,0.011741763516040837,0.8528200205541386,0.0,0.0
211,1.0,joint_clip_shift,False,0.02,mlp_base:C5:E8,4,state_CO,False,False,0.0004298718463979778,0.8479320574598821,0.0,0.0
211,1.0,joint_clip_shift,False,0.02,mlp_base:C5:E8,4,state_UT,False,False,0.001018023001751689,0.8635437610684278,0.0,0.0
211,1.0,joint_clip_shift,True,0.0,mlp_base:C5:E8,4,state_CO,False,False,0.0004298718463979778,0.8479320574598821,0.0,0.0
211,1.0,joint_clip_shift,True,0.0,mlp_base:C5:E8,4,state_UT,False,False,0.001018023001751689,0.8635437610684278,0.0,0.0
211,1.0,joint_clip_shift,True,0.005,mlp_base:C5:E8,4,state_CO,False,False,0.0004298718463979778,0.8479320574598821,0.0,0.0
211,1.0,joint_clip_shift,True,0.005,mlp_base:C5:E8,4,state_UT,False,False,0.001018023001751689,0.8635437610684278,0.0,0.0
211,1.0,joint_clip_shift,True,0.01,mlp_base:C5:E8,4,state_CO,False,False,0.0004298718463979778,0.8479320574598821,0.0,0.0
211,1.0,joint_clip_shift,True,0.01,mlp_base:C5:E8,4,state_UT,False,False,0.001018023001751689,0.8635437610684278,0.0,0.0
211,1.0,joint_clip_shift,True,0.02,mlp_base:C5:E8,4,state_CO,False,False,0.0004298718463979778,0.8479320574598821,0.0,0.0
211,1.0,joint_clip_shift,True,0.02,mlp_base:C5:E8,4,state_UT,False,False,0.001018023001751689,0.8635437610684278,0.0,0.0
211,1.0,joint_recipe_source,False,0.0,mlp_base:C5:E2,12,state_CO,False,False,0.016377599429876044,0.831984329876404,0.0,0.0
211,1.0,joint_recipe_source,False,0.0,mlp_base:C5:E2,12,state_UT,False,False,0.011741763516040837,0.8528200205541386,0.0,0.0
211,1.0,joint_recipe_source,False,0.005,mlp_base:C5:E2,12,state_CO,False,False,0.016377599429876044,0.831984329876404,0.0,0.0
211,1.0,joint_recipe_source,False,0.005,mlp_base:C5:E2,12,state_UT,False,False,0.011741763516040837,0.8528200205541386,0.0,0.0
211,1.0,joint_recipe_source,False,0.01,mlp_base:C5:E2,12,state_CO,False,False,0.016377599429876044,0.831984329876404,0.0,0.0
211,1.0,joint_recipe_source,False,0.01,mlp_base:C5:E2,12,state_UT,False,False,0.011741763516040837,0.8528200205541386,0.0,0.0
211,1.0,joint_recipe_source,False,0.02,mlp_stronger:C5:E8,12,state_CO,False,False,0.0020333456252512594,0.8463285836810288,0.0,0.0
211,1.0,joint_recipe_source,False,0.02,mlp_stronger:C5:E8,12,state_UT,False,False,0.00036072634307016127,0.8642010577271093,0.0,0.0
211,1.0,joint_recipe_source,True,0.0,mlp_stronger:C5:E2,12,state_CO,False,False,0.0190169089831822,0.8293450203230979,0.0,0.0
211,1.0,joint_recipe_source,True,0.0,mlp_stronger:C5:E2,12,state_UT,False,False,0.012321588745338063,0.8522401953248414,0.0,0.0
211,1.0,joint_recipe_source,True,0.005,mlp_stronger:C5:E8,12,state_CO,False,False,0.0020333456252512594,0.8463285836810288,0.0,0.0
211,1.0,joint_recipe_source,True,0.005,mlp_stronger:C5:E8,12,state_UT,False,False,0.00036072634307016127,0.8642010577271093,0.0,0.0
211,1.0,joint_recipe_source,True,0.01,mlp_stronger:C5:E8,12,state_CO,False,False,0.0020333456252512594,0.8463285836810288,0.0,0.0
211,1.0,joint_recipe_source,True,0.01,mlp_stronger:C5:E8,12,state_UT,False,False,0.00036072634307016127,0.8642010577271093,0.0,0.0
211,1.0,joint_recipe_source,True,0.02,mlp_stronger:C5:E8,12,state_CO,False,False,0.0020333456252512594,0.8463285836810288,0.0,0.0
211,1.0,joint_recipe_source,True,0.02,mlp_stronger:C5:E8,12,state_UT,False,False,0.00036072634307016127,0.8642010577271093,0.0,0.0
211,1.0,joint_recipe_shift,False,0.0,mlp_base:C5:E2,12,state_CO,False,False,0.016377599429876044,0.831984329876404,0.0,0.0
211,1.0,joint_recipe_shift,False,0.0,mlp_base:C5:E2,12,state_UT,False,False,0.011741763516040837,0.8528200205541386,0.0,0.0
211,1.0,joint_recipe_shift,False,0.005,mlp_base:C5:E2,12,state_CO,False,False,0.016377599429876044,0.831984329876404,0.0,0.0
211,1.0,joint_recipe_shift,False,0.005,mlp_base:C5:E2,12,state_UT,False,False,0.011741763516040837,0.8528200205541386,0.0,0.0
211,1.0,joint_recipe_shift,False,0.01,mlp_base:C5:E2,12,state_CO,False,False,0.016377599429876044,0.831984329876404,0.0,0.0
211,1.0,joint_recipe_shift,False,0.01,mlp_base:C5:E2,12,state_UT,False,False,0.011741763516040837,0.8528200205541386,0.0,0.0
211,1.0,joint_recipe_shift,False,0.02,mlp_stronger:C5:E8,12,state_CO,False,False,0.0020333456252512594,0.8463285836810288,0.0,0.0
211,1.0,joint_recipe_shift,False,0.02,mlp_stronger:C5:E8,12,state_UT,False,False,0.00036072634307016127,0.8642010577271093,0.0,0.0
211,1.0,joint_recipe_shift,True,0.0,mlp_stronger:C5:E8,12,state_CO,False,False,0.0020333456252512594,0.8463285836810288,0.0,0.0
211,1.0,joint_recipe_shift,True,0.0,mlp_stronger:C5:E8,12,state_UT,False,False,0.00036072634307016127,0.8642010577271093,0.0,0.0
211,1.0,joint_recipe_shift,True,0.005,mlp_stronger:C5:E8,12,state_CO,False,False,0.0020333456252512594,0.8463285836810288,0.0,0.0
211,1.0,joint_recipe_shift,True,0.005,mlp_stronger:C5:E8,12,state_UT,False,False,0.00036072634307016127,0.8642010577271093,0.0,0.0
211,1.0,joint_recipe_shift,True,0.01,mlp_stronger:C5:E8,12,state_CO,False,False,0.0020333456252512594,0.8463285836810288,0.0,0.0
211,1.0,joint_recipe_shift,True,0.01,mlp_stronger:C5:E8,12,state_UT,False,False,0.00036072634307016127,0.8642010577271093,0.0,0.0
211,1.0,joint_recipe_shift,True,0.02,mlp_base:C5:E8,12,state_CO,False,False,0.0004298718463979778,0.8479320574598821,0.0,0.0
211,1.0,joint_recipe_shift,True,0.02,mlp_base:C5:E8,12,state_UT,False,False,0.001018023001751689,0.8635437610684278,0.0,0.0
211,1.0,joint_recipe_proxy,False,0.0,mlp_base:C5:E2,12,state_CO,False,False,0.016377599429876044,0.831984329876404,0.0,0.0
211,1.0,joint_recipe_proxy,False,0.0,mlp_base:C5:E2,12,state_UT,False,False,0.011741763516040837,0.8528200205541386,0.0,0.0
211,1.0,joint_recipe_proxy,False,0.005,mlp_base:C5:E2,12,state_CO,False,False,0.016377599429876044,0.831984329876404,0.0,0.0
211,1.0,joint_recipe_proxy,False,0.005,mlp_base:C5:E2,12,state_UT,False,False,0.011741763516040837,0.8528200205541386,0.0,0.0
211,1.0,joint_recipe_proxy,False,0.01,mlp_stronger:C5:E2,12,state_CO,False,False,0.0190169089831822,0.8293450203230979,0.0,0.0
211,1.0,joint_recipe_proxy,False,0.01,mlp_stronger:C5:E2,12,state_UT,False,False,0.012321588745338063,0.8522401953248414,0.0,0.0
211,1.0,joint_recipe_proxy,False,0.02,mlp_stronger:C5:E8,12,state_CO,False,False,0.0020333456252512594,0.8463285836810288,0.0,0.0
211,1.0,joint_recipe_proxy,False,0.02,mlp_stronger:C5:E8,12,state_UT,False,False,0.00036072634307016127,0.8642010577271093,0.0,0.0
211,1.0,joint_recipe_proxy,True,0.0,mlp_stronger:C5:E2,12,state_CO,False,False,0.0190169089831822,0.8293450203230979,0.0,0.0
211,1.0,joint_recipe_proxy,True,0.0,mlp_stronger:C5:E2,12,state_UT,False,False,0.012321588745338063,0.8522401953248414,0.0,0.0
211,1.0,joint_recipe_proxy,True,0.005,mlp_stronger:C5:E8,12,state_CO,False,False,0.0020333456252512594,0.8463285836810288,0.0,0.0
211,1.0,joint_recipe_proxy,True,0.005,mlp_stronger:C5:E8,12,state_UT,False,False,0.00036072634307016127,0.8642010577271093,0.0,0.0
211,1.0,joint_recipe_proxy,True,0.01,mlp_stronger:C5:E8,12,state_CO,False,False,0.0020333456252512594,0.8463285836810288,0.0,0.0
211,1.0,joint_recipe_proxy,True,0.01,mlp_stronger:C5:E8,12,state_UT,False,False,0.00036072634307016127,0.8642010577271093,0.0,0.0
211,1.0,joint_recipe_proxy,True,0.02,mlp_stronger:C5:E8,12,state_CO,False,False,0.0020333456252512594,0.8463285836810288,0.0,0.0
211,1.0,joint_recipe_proxy,True,0.02,mlp_stronger:C5:E8,12,state_UT,False,False,0.00036072634307016127,0.8642010577271093,0.0,0.0
211,1.0,logistic_shift,False,0.0,logistic:C5:E2,4,state_CO,False,False,0.010607994166172863,0.8377539351401072,0.0,0.0
211,1.0,logistic_shift,False,0.0,logistic:C5:E2,4,state_UT,False,False,0.01749038567456429,0.8470713983956152,0.0,0.0
211,1.0,logistic_shift,False,0.005,logistic:C5:E2,4,state_CO,False,False,0.010607994166172863,0.8377539351401072,0.0,0.0
211,1.0,logistic_shift,False,0.005,logistic:C5:E2,4,state_UT,False,False,0.01749038567456429,0.8470713983956152,0.0,0.0
211,1.0,logistic_shift,False,0.01,logistic:C5:E8,4,state_CO,False,False,0.00046301859118047517,0.8478989107150996,0.0,0.0
211,1.0,logistic_shift,False,0.01,logistic:C5:E8,4,state_UT,False,False,0.0046028923473965255,0.859958891722783,0.0,0.0
211,1.0,logistic_shift,False,0.02,logistic:C5:E8,4,state_CO,False,False,0.00046301859118047517,0.8478989107150996,0.0,0.0
211,1.0,logistic_shift,False,0.02,logistic:C5:E8,4,state_UT,False,False,0.0046028923473965255,0.859958891722783,0.0,0.0
211,1.0,logistic_shift,True,0.0,logistic:C5:E8,4,state_CO,False,False,0.00046301859118047517,0.8478989107150996,0.0,0.0
211,1.0,logistic_shift,True,0.0,logistic:C5:E8,4,state_UT,False,False,0.0046028923473965255,0.859958891722783,0.0,0.0
211,1.0,logistic_shift,True,0.005,logistic:C5:E8,4,state_CO,False,False,0.00046301859118047517,0.8478989107150996,0.0,0.0
211,1.0,logistic_shift,True,0.005,logistic:C5:E8,4,state_UT,False,False,0.0046028923473965255,0.859958891722783,0.0,0.0
211,1.0,logistic_shift,True,0.01,logistic:C5:E8,4,state_CO,False,False,0.00046301859118047517,0.8478989107150996,0.0,0.0
211,1.0,logistic_shift,True,0.01,logistic:C5:E8,4,state_UT,False,False,0.0046028923473965255,0.859958891722783,0.0,0.0
211,1.0,logistic_shift,True,0.02,,4,state_CO,True,,,,,
211,1.0,logistic_shift,True,0.02,,4,state_UT,True,,,,,
212,1.0,epsilon_source,False,0.0,mlp_base:C1:E2,2,state_CO,False,False,0.020723877439522864,0.8297550926515472,0.0,0.0
212,1.0,epsilon_source,False,0.0,mlp_base:C1:E2,2,state_UT,False,False,0.02103227665446572,0.8394575234905068,0.0,0.0
212,1.0,epsilon_source,False,0.005,mlp_base:C1:E2,2,state_CO,False,False,0.020723877439522864,0.8297550926515472,0.0,0.0
212,1.0,epsilon_source,False,0.005,mlp_base:C1:E2,2,state_UT,False,False,0.02103227665446572,0.8394575234905068,0.0,0.0
212,1.0,epsilon_source,False,0.01,mlp_base:C1:E2,2,state_CO,False,False,0.020723877439522864,0.8297550926515472,0.0,0.0
212,1.0,epsilon_source,False,0.01,mlp_base:C1:E2,2,state_UT,False,False,0.02103227665446572,0.8394575234905068,0.0,0.0
212,1.0,epsilon_source,False,0.02,,2,state_CO,True,,,,,
212,1.0,epsilon_source,False,0.02,,2,state_UT,True,,,,,
212,1.0,epsilon_source,True,0.0,,2,state_CO,True,,,,,
212,1.0,epsilon_source,True,0.0,,2,state_UT,True,,,,,
212,1.0,epsilon_source,True,0.005,,2,state_CO,True,,,,,
212,1.0,epsilon_source,True,0.005,,2,state_UT,True,,,,,
212,1.0,epsilon_source,True,0.01,,2,state_CO,True,,,,,
212,1.0,epsilon_source,True,0.01,,2,state_UT,True,,,,,
212,1.0,epsilon_source,True,0.02,,2,state_CO,True,,,,,
212,1.0,epsilon_source,True,0.02,,2,state_UT,True,,,,,
212,1.0,epsilon_shift,False,0.0,mlp_base:C1:E2,2,state_CO,False,False,0.020723877439522864,0.8297550926515472,0.0,0.0
212,1.0,epsilon_shift,False,0.0,mlp_base:C1:E2,2,state_UT,False,False,0.02103227665446572,0.8394575234905068,0.0,0.0
212,1.0,epsilon_shift,False,0.005,,2,state_CO,True,,,,,
212,1.0,epsilon_shift,False,0.005,,2,state_UT,True,,,,,
212,1.0,epsilon_shift,False,0.01,,2,state_CO,True,,,,,
212,1.0,epsilon_shift,False,0.01,,2,state_UT,True,,,,,
212,1.0,epsilon_shift,False,0.02,,2,state_CO,True,,,,,
212,1.0,epsilon_shift,False,0.02,,2,state_UT,True,,,,,
212,1.0,epsilon_shift,True,0.0,,2,state_CO,True,,,,,
212,1.0,epsilon_shift,True,0.0,,2,state_UT,True,,,,,
212,1.0,epsilon_shift,True,0.005,,2,state_CO,True,,,,,
212,1.0,epsilon_shift,True,0.005,,2,state_UT,True,,,,,
212,1.0,epsilon_shift,True,0.01,,2,state_CO,True,,,,,
212,1.0,epsilon_shift,True,0.01,,2,state_UT,True,,,,,
212,1.0,epsilon_shift,True,0.02,,2,state_CO,True,,,,,
212,1.0,epsilon_shift,True,0.02,,2,state_UT,True,,,,,
212,1.0,joint_clip_source,False,0.0,mlp_base:C5:E2,4,state_CO,False,False,0.017486926909821343,0.8329920431812488,0.0,0.0
212,1.0,joint_clip_source,False,0.0,mlp_base:C5:E2,4,state_UT,False,False,0.020392956674815665,0.8400968434701569,0.0,0.0
212,1.0,joint_clip_source,False,0.005,mlp_base:C5:E2,4,state_CO,False,False,0.017486926909821343,0.8329920431812488,0.0,0.0
212,1.0,joint_clip_source,False,0.005,mlp_base:C5:E2,4,state_UT,False,False,0.020392956674815665,0.8400968434701569,0.0,0.0
212,1.0,joint_clip_source,False,0.01,mlp_base:C5:E2,4,state_CO,False,False,0.017486926909821343,0.8329920431812488,0.0,0.0
212,1.0,joint_clip_source,False,0.01,mlp_base:C5:E2,4,state_UT,False,False,0.020392956674815665,0.8400968434701569,0.0,0.0
212,1.0,joint_clip_source,False,0.02,mlp_base:C5:E8,4,state_CO,False,False,0.00303566807290534,0.8474433020181648,0.0,0.0
212,1.0,joint_clip_source,False,0.02,mlp_base:C5:E8,4,state_UT,False,False,0.004308093700897353,0.8561817064440752,0.0,0.0
212,1.0,joint_clip_source,True,0.0,mlp_base:C5:E2,4,state_CO,False,False,0.017486926909821343,0.8329920431812488,0.0,0.0
212,1.0,joint_clip_source,True,0.0,mlp_base:C5:E2,4,state_UT,False,False,0.020392956674815665,0.8400968434701569,0.0,0.0
212,1.0,joint_clip_source,True,0.005,mlp_base:C5:E2,4,state_CO,False,False,0.017486926909821343,0.8329920431812488,0.0,0.0
212,1.0,joint_clip_source,True,0.005,mlp_base:C5:E2,4,state_UT,False,False,0.020392956674815665,0.8400968434701569,0.0,0.0
212,1.0,joint_clip_source,True,0.01,mlp_base:C5:E8,4,state_CO,False,False,0.00303566807290534,0.8474433020181648,0.0,0.0
212,1.0,joint_clip_source,True,0.01,mlp_base:C5:E8,4,state_UT,False,False,0.004308093700897353,0.8561817064440752,0.0,0.0
212,1.0,joint_clip_source,True,0.02,mlp_base:C5:E8,4,state_CO,False,False,0.00303566807290534,0.8474433020181648,0.0,0.0
212,1.0,joint_clip_source,True,0.02,mlp_base:C5:E8,4,state_UT,False,False,0.004308093700897353,0.8561817064440752,0.0,0.0
212,1.0,joint_clip_shift,False,0.0,mlp_base:C5:E2,4,state_CO,False,False,0.017486926909821343,0.8329920431812488,0.0,0.0
212,1.0,joint_clip_shift,False,0.0,mlp_base:C5:E2,4,state_UT,False,False,0.020392956674815665,0.8400968434701569,0.0,0.0
212,1.0,joint_clip_shift,False,0.005,mlp_base:C5:E2,4,state_CO,False,False,0.017486926909821343,0.8329920431812488,0.0,0.0
212,1.0,joint_clip_shift,False,0.005,mlp_base:C5:E2,4,state_UT,False,False,0.020392956674815665,0.8400968434701569,0.0,0.0
212,1.0,joint_clip_shift,False,0.01,mlp_base:C5:E2,4,state_CO,False,False,0.017486926909821343,0.8329920431812488,0.0,0.0
212,1.0,joint_clip_shift,False,0.01,mlp_base:C5:E2,4,state_UT,False,False,0.020392956674815665,0.8400968434701569,0.0,0.0
212,1.0,joint_clip_shift,False,0.02,mlp_base:C5:E8,4,state_CO,False,False,0.00303566807290534,0.8474433020181648,0.0,0.0
212,1.0,joint_clip_shift,False,0.02,mlp_base:C5:E8,4,state_UT,False,False,0.004308093700897353,0.8561817064440752,0.0,0.0
212,1.0,joint_clip_shift,True,0.0,mlp_base:C5:E8,4,state_CO,False,False,0.00303566807290534,0.8474433020181648,0.0,0.0
212,1.0,joint_clip_shift,True,0.0,mlp_base:C5:E8,4,state_UT,False,False,0.004308093700897353,0.8561817064440752,0.0,0.0
212,1.0,joint_clip_shift,True,0.005,mlp_base:C5:E8,4,state_CO,False,False,0.00303566807290534,0.8474433020181648,0.0,0.0
212,1.0,joint_clip_shift,True,0.005,mlp_base:C5:E8,4,state_UT,False,False,0.004308093700897353,0.8561817064440752,0.0,0.0
212,1.0,joint_clip_shift,True,0.01,mlp_base:C5:E8,4,state_CO,False,False,0.00303566807290534,0.8474433020181648,0.0,0.0
212,1.0,joint_clip_shift,True,0.01,mlp_base:C5:E8,4,state_UT,False,False,0.004308093700897353,0.8561817064440752,0.0,0.0
212,1.0,joint_clip_shift,True,0.02,mlp_base:C5:E8,4,state_CO,False,False,0.00303566807290534,0.8474433020181648,0.0,0.0
212,1.0,joint_clip_shift,True,0.02,mlp_base:C5:E8,4,state_UT,False,False,0.004308093700897353,0.8561817064440752,0.0,0.0
212,1.0,joint_recipe_source,False,0.0,mlp_base:C5:E2,12,state_CO,False,False,0.017486926909821343,0.8329920431812488,0.0,0.0
212,1.0,joint_recipe_source,False,0.0,mlp_base:C5:E2,12,state_UT,False,False,0.020392956674815665,0.8400968434701569,0.0,0.0
212,1.0,joint_recipe_source,False,0.005,mlp_base:C5:E2,12,state_CO,False,False,0.017486926909821343,0.8329920431812488,0.0,0.0
212,1.0,joint_recipe_source,False,0.005,mlp_base:C5:E2,12,state_UT,False,False,0.020392956674815665,0.8400968434701569,0.0,0.0
212,1.0,joint_recipe_source,False,0.01,mlp_base:C5:E2,12,state_CO,False,False,0.017486926909821343,0.8329920431812488,0.0,0.0
212,1.0,joint_recipe_source,False,0.01,mlp_base:C5:E2,12,state_UT,False,False,0.020392956674815665,0.8400968434701569,0.0,0.0
212,1.0,joint_recipe_source,False,0.02,mlp_stronger:C5:E8,12,state_CO,False,False,0.004658251142996894,0.8458207189480732,0.0,0.0
212,1.0,joint_recipe_source,False,0.02,mlp_stronger:C5:E8,12,state_UT,False,False,0.0044144594369481815,0.8560753407080244,0.0,0.0
212,1.0,joint_recipe_source,True,0.0,mlp_base:C5:E2,12,state_CO,False,False,0.017486926909821343,0.8329920431812488,0.0,0.0
212,1.0,joint_recipe_source,True,0.0,mlp_base:C5:E2,12,state_UT,False,False,0.020392956674815665,0.8400968434701569,0.0,0.0
212,1.0,joint_recipe_source,True,0.005,mlp_base:C5:E2,12,state_CO,False,False,0.017486926909821343,0.8329920431812488,0.0,0.0
212,1.0,joint_recipe_source,True,0.005,mlp_base:C5:E2,12,state_UT,False,False,0.020392956674815665,0.8400968434701569,0.0,0.0
212,1.0,joint_recipe_source,True,0.01,mlp_stronger:C5:E8,12,state_CO,False,False,0.004658251142996894,0.8458207189480732,0.0,0.0
212,1.0,joint_recipe_source,True,0.01,mlp_stronger:C5:E8,12,state_UT,False,False,0.0044144594369481815,0.8560753407080244,0.0,0.0
212,1.0,joint_recipe_source,True,0.02,mlp_stronger:C5:E8,12,state_CO,False,False,0.004658251142996894,0.8458207189480732,0.0,0.0
212,1.0,joint_recipe_source,True,0.02,mlp_stronger:C5:E8,12,state_UT,False,False,0.0044144594369481815,0.8560753407080244,0.0,0.0
212,1.0,joint_recipe_shift,False,0.0,mlp_base:C5:E2,12,state_CO,False,False,0.017486926909821343,0.8329920431812488,0.0,0.0
212,1.0,joint_recipe_shift,False,0.0,mlp_base:C5:E2,12,state_UT,False,False,0.020392956674815665,0.8400968434701569,0.0,0.0
212,1.0,joint_recipe_shift,False,0.005,mlp_base:C5:E2,12,state_CO,False,False,0.017486926909821343,0.8329920431812488,0.0,0.0
212,1.0,joint_recipe_shift,False,0.005,mlp_base:C5:E2,12,state_UT,False,False,0.020392956674815665,0.8400968434701569,0.0,0.0
212,1.0,joint_recipe_shift,False,0.01,mlp_base:C5:E2,12,state_CO,False,False,0.017486926909821343,0.8329920431812488,0.0,0.0
212,1.0,joint_recipe_shift,False,0.01,mlp_base:C5:E2,12,state_UT,False,False,0.020392956674815665,0.8400968434701569,0.0,0.0
212,1.0,joint_recipe_shift,False,0.02,mlp_stronger:C5:E8,12,state_CO,False,False,0.004658251142996894,0.8458207189480732,0.0,0.0
212,1.0,joint_recipe_shift,False,0.02,mlp_stronger:C5:E8,12,state_UT,False,False,0.0044144594369481815,0.8560753407080244,0.0,0.0
212,1.0,joint_recipe_shift,True,0.0,mlp_stronger:C5:E8,12,state_CO,False,False,0.004658251142996894,0.8458207189480732,0.0,0.0
212,1.0,joint_recipe_shift,True,0.0,mlp_stronger:C5:E8,12,state_UT,False,False,0.0044144594369481815,0.8560753407080244,0.0,0.0
212,1.0,joint_recipe_shift,True,0.005,mlp_stronger:C5:E8,12,state_CO,False,False,0.004658251142996894,0.8458207189480732,0.0,0.0
212,1.0,joint_recipe_shift,True,0.005,mlp_stronger:C5:E8,12,state_UT,False,False,0.0044144594369481815,0.8560753407080244,0.0,0.0
212,1.0,joint_recipe_shift,True,0.01,mlp_stronger:C5:E8,12,state_CO,False,False,0.004658251142996894,0.8458207189480732,0.0,0.0
212,1.0,joint_recipe_shift,True,0.01,mlp_stronger:C5:E8,12,state_UT,False,False,0.0044144594369481815,0.8560753407080244,0.0,0.0
212,1.0,joint_recipe_shift,True,0.02,mlp_stronger:C5:E8,12,state_CO,False,False,0.004658251142996894,0.8458207189480732,0.0,0.0
212,1.0,joint_recipe_shift,True,0.02,mlp_stronger:C5:E8,12,state_UT,False,False,0.0044144594369481815,0.8560753407080244,0.0,0.0
212,1.0,joint_recipe_proxy,False,0.0,mlp_base:C5:E2,12,state_CO,False,False,0.017486926909821343,0.8329920431812488,0.0,0.0
212,1.0,joint_recipe_proxy,False,0.0,mlp_base:C5:E2,12,state_UT,False,False,0.020392956674815665,0.8400968434701569,0.0,0.0
212,1.0,joint_recipe_proxy,False,0.005,mlp_base:C5:E2,12,state_CO,False,False,0.017486926909821343,0.8329920431812488,0.0,0.0
212,1.0,joint_recipe_proxy,False,0.005,mlp_base:C5:E2,12,state_UT,False,False,0.020392956674815665,0.8400968434701569,0.0,0.0
212,1.0,joint_recipe_proxy,False,0.01,mlp_base:C5:E2,12,state_CO,False,False,0.017486926909821343,0.8329920431812488,0.0,0.0
212,1.0,joint_recipe_proxy,False,0.01,mlp_base:C5:E2,12,state_UT,False,False,0.020392956674815665,0.8400968434701569,0.0,0.0
212,1.0,joint_recipe_proxy,False,0.02,mlp_stronger:C5:E8,12,state_CO,False,False,0.004658251142996894,0.8458207189480732,0.0,0.0
212,1.0,joint_recipe_proxy,False,0.02,mlp_stronger:C5:E8,12,state_UT,False,False,0.0044144594369481815,0.8560753407080244,0.0,0.0
212,1.0,joint_recipe_proxy,True,0.0,mlp_stronger:C5:E2,12,state_CO,False,False,0.024520516433274797,0.8259584536577953,0.0,0.0
212,1.0,joint_recipe_proxy,True,0.0,mlp_stronger:C5:E2,12,state_UT,False,False,0.02378540459499978,0.8367043955499728,0.0,0.0
212,1.0,joint_recipe_proxy,True,0.005,mlp_stronger:C5:E2,12,state_CO,False,False,0.024520516433274797,0.8259584536577953,0.0,0.0
212,1.0,joint_recipe_proxy,True,0.005,mlp_stronger:C5:E2,12,state_UT,False,False,0.02378540459499978,0.8367043955499728,0.0,0.0
212,1.0,joint_recipe_proxy,True,0.01,mlp_stronger:C5:E8,12,state_CO,False,False,0.004658251142996894,0.8458207189480732,0.0,0.0
212,1.0,joint_recipe_proxy,True,0.01,mlp_stronger:C5:E8,12,state_UT,False,False,0.0044144594369481815,0.8560753407080244,0.0,0.0
212,1.0,joint_recipe_proxy,True,0.02,mlp_stronger:C5:E8,12,state_CO,False,False,0.004658251142996894,0.8458207189480732,0.0,0.0
212,1.0,joint_recipe_proxy,True,0.02,mlp_stronger:C5:E8,12,state_UT,False,False,0.0044144594369481815,0.8560753407080244,0.0,0.0
212,1.0,logistic_shift,False,0.0,logistic:C5:E2,4,state_CO,False,False,0.014930331623117188,0.8355486384679529,0.0,0.0
212,1.0,logistic_shift,False,0.0,logistic:C5:E2,4,state_UT,False,False,0.017534025779902818,0.8429557743650697,0.0,0.0
212,1.0,logistic_shift,False,0.005,logistic:C5:E2,4,state_CO,False,False,0.014930331623117188,0.8355486384679529,0.0,0.0
212,1.0,logistic_shift,False,0.005,logistic:C5:E2,4,state_UT,False,False,0.017534025779902818,0.8429557743650697,0.0,0.0
212,1.0,logistic_shift,False,0.01,logistic:C5:E8,4,state_CO,False,False,0.0030490184399378784,0.8474299516511322,0.0,0.0
212,1.0,logistic_shift,False,0.01,logistic:C5:E8,4,state_UT,False,False,0.005377941659800656,0.8551118584851719,0.0,0.0
212,1.0,logistic_shift,False,0.02,logistic:C5:E8,4,state_CO,False,False,0.0030490184399378784,0.8474299516511322,0.0,0.0
212,1.0,logistic_shift,False,0.02,logistic:C5:E8,4,state_UT,False,False,0.005377941659800656,0.8551118584851719,0.0,0.0
212,1.0,logistic_shift,True,0.0,logistic:C5:E8,4,state_CO,False,False,0.0030490184399378784,0.8474299516511322,0.0,0.0
212,1.0,logistic_shift,True,0.0,logistic:C5:E8,4,state_UT,False,False,0.005377941659800656,0.8551118584851719,0.0,0.0
212,1.0,logistic_shift,True,0.005,logistic:C5:E8,4,state_CO,False,False,0.0030490184399378784,0.8474299516511322,0.0,0.0
212,1.0,logistic_shift,True,0.005,logistic:C5:E8,4,state_UT,False,False,0.005377941659800656,0.8551118584851719,0.0,0.0
212,1.0,logistic_shift,True,0.01,logistic:C5:E8,4,state_CO,False,False,0.0030490184399378784,0.8474299516511322,0.0,0.0
212,1.0,logistic_shift,True,0.01,logistic:C5:E8,4,state_UT,False,False,0.005377941659800656,0.8551118584851719,0.0,0.0
212,1.0,logistic_shift,True,0.02,,4,state_CO,True,,,,,
212,1.0,logistic_shift,True,0.02,,4,state_UT,True,,,,,
213,1.0,epsilon_source,False,0.0,,2,state_CO,True,,,,,
213,1.0,epsilon_source,False,0.0,,2,state_UT,True,,,,,
213,1.0,epsilon_source,False,0.005,,2,state_CO,True,,,,,
213,1.0,epsilon_source,False,0.005,,2,state_UT,True,,,,,
213,1.0,epsilon_source,False,0.01,,2,state_CO,True,,,,,
213,1.0,epsilon_source,False,0.01,,2,state_UT,True,,,,,
213,1.0,epsilon_source,False,0.02,,2,state_CO,True,,,,,
213,1.0,epsilon_source,False,0.02,,2,state_UT,True,,,,,
213,1.0,epsilon_source,True,0.0,,2,state_CO,True,,,,,
213,1.0,epsilon_source,True,0.0,,2,state_UT,True,,,,,
213,1.0,epsilon_source,True,0.005,,2,state_CO,True,,,,,
213,1.0,epsilon_source,True,0.005,,2,state_UT,True,,,,,
213,1.0,epsilon_source,True,0.01,,2,state_CO,True,,,,,
213,1.0,epsilon_source,True,0.01,,2,state_UT,True,,,,,
213,1.0,epsilon_source,True,0.02,,2,state_CO,True,,,,,
213,1.0,epsilon_source,True,0.02,,2,state_UT,True,,,,,
213,1.0,epsilon_shift,False,0.0,,2,state_CO,True,,,,,
213,1.0,epsilon_shift,False,0.0,,2,state_UT,True,,,,,
213,1.0,epsilon_shift,False,0.005,,2,state_CO,True,,,,,
213,1.0,epsilon_shift,False,0.005,,2,state_UT,True,,,,,
213,1.0,epsilon_shift,False,0.01,,2,state_CO,True,,,,,
213,1.0,epsilon_shift,False,0.01,,2,state_UT,True,,,,,
213,1.0,epsilon_shift,False,0.02,,2,state_CO,True,,,,,
213,1.0,epsilon_shift,False,0.02,,2,state_UT,True,,,,,
213,1.0,epsilon_shift,True,0.0,,2,state_CO,True,,,,,
213,1.0,epsilon_shift,True,0.0,,2,state_UT,True,,,,,
213,1.0,epsilon_shift,True,0.005,,2,state_CO,True,,,,,
213,1.0,epsilon_shift,True,0.005,,2,state_UT,True,,,,,
213,1.0,epsilon_shift,True,0.01,,2,state_CO,True,,,,,
213,1.0,epsilon_shift,True,0.01,,2,state_UT,True,,,,,
213,1.0,epsilon_shift,True,0.02,,2,state_CO,True,,,,,
213,1.0,epsilon_shift,True,0.02,,2,state_UT,True,,,,,
213,1.0,joint_clip_source,False,0.0,mlp_base:C5:E2,4,state_CO,False,False,0.018796854771271798,0.8402937165547333,0.0,0.0
213,1.0,joint_clip_source,False,0.0,mlp_base:C5:E2,4,state_UT,False,False,0.010075213675213801,0.8736273504273504,0.0,0.0
213,1.0,joint_clip_source,False,0.005,mlp_base:C5:E2,4,state_CO,False,False,0.018796854771271798,0.8402937165547333,0.0,0.0
213,1.0,joint_clip_source,False,0.005,mlp_base:C5:E2,4,state_UT,False,False,0.010075213675213801,0.8736273504273504,0.0,0.0
213,1.0,joint_clip_source,False,0.01,mlp_base:C5:E2,4,state_CO,False,False,0.018796854771271798,0.8402937165547333,0.0,0.0
213,1.0,joint_clip_source,False,0.01,mlp_base:C5:E2,4,state_UT,False,False,0.010075213675213801,0.8736273504273504,0.0,0.0
213,1.0,joint_clip_source,False,0.02,mlp_base:C5:E8,4,state_CO,False,False,0.0014872121731612786,0.8576033591528438,0.0,0.0
213,1.0,joint_clip_source,False,0.02,mlp_base:C5:E8,4,state_UT,False,False,-0.0013310541310539437,0.8850336182336181,0.0,0.0
213,1.0,joint_clip_source,True,0.0,mlp_base:C5:E2,4,state_CO,False,False,0.018796854771271798,0.8402937165547333,0.0,0.0
213,1.0,joint_clip_source,True,0.0,mlp_base:C5:E2,4,state_UT,False,False,0.010075213675213801,0.8736273504273504,0.0,0.0
213,1.0,joint_clip_source,True,0.005,mlp_base:C5:E8,4,state_CO,False,False,0.0014872121731612786,0.8576033591528438,0.0,0.0
213,1.0,joint_clip_source,True,0.005,mlp_base:C5:E8,4,state_UT,False,False,-0.0013310541310539437,0.8850336182336181,0.0,0.0
213,1.0,joint_clip_source,True,0.01,mlp_base:C5:E8,4,state_CO,False,False,0.0014872121731612786,0.8576033591528438,0.0,0.0
213,1.0,joint_clip_source,True,0.01,mlp_base:C5:E8,4,state_UT,False,False,-0.0013310541310539437,0.8850336182336181,0.0,0.0
213,1.0,joint_clip_source,True,0.02,mlp_base:C5:E8,4,state_CO,False,False,0.0014872121731612786,0.8576033591528438,0.0,0.0
213,1.0,joint_clip_source,True,0.02,mlp_base:C5:E8,4,state_UT,False,False,-0.0013310541310539437,0.8850336182336181,0.0,0.0
213,1.0,joint_clip_shift,False,0.0,mlp_base:C5:E2,4,state_CO,False,False,0.018796854771271798,0.8402937165547333,0.0,0.0
213,1.0,joint_clip_shift,False,0.0,mlp_base:C5:E2,4,state_UT,False,False,0.010075213675213801,0.8736273504273504,0.0,0.0
213,1.0,joint_clip_shift,False,0.005,mlp_base:C5:E2,4,state_CO,False,False,0.018796854771271798,0.8402937165547333,0.0,0.0
213,1.0,joint_clip_shift,False,0.005,mlp_base:C5:E2,4,state_UT,False,False,0.010075213675213801,0.8736273504273504,0.0,0.0
213,1.0,joint_clip_shift,False,0.01,mlp_base:C5:E8,4,state_CO,False,False,0.0014872121731612786,0.8576033591528438,0.0,0.0
213,1.0,joint_clip_shift,False,0.01,mlp_base:C5:E8,4,state_UT,False,False,-0.0013310541310539437,0.8850336182336181,0.0,0.0
213,1.0,joint_clip_shift,False,0.02,mlp_base:C5:E8,4,state_CO,False,False,0.0014872121731612786,0.8576033591528438,0.0,0.0
213,1.0,joint_clip_shift,False,0.02,mlp_base:C5:E8,4,state_UT,False,False,-0.0013310541310539437,0.8850336182336181,0.0,0.0
213,1.0,joint_clip_shift,True,0.0,mlp_base:C5:E8,4,state_CO,False,False,0.0014872121731612786,0.8576033591528438,0.0,0.0
213,1.0,joint_clip_shift,True,0.0,mlp_base:C5:E8,4,state_UT,False,False,-0.0013310541310539437,0.8850336182336181,0.0,0.0
213,1.0,joint_clip_shift,True,0.005,mlp_base:C5:E8,4,state_CO,False,False,0.0014872121731612786,0.8576033591528438,0.0,0.0
213,1.0,joint_clip_shift,True,0.005,mlp_base:C5:E8,4,state_UT,False,False,-0.0013310541310539437,0.8850336182336181,0.0,0.0
213,1.0,joint_clip_shift,True,0.01,mlp_base:C5:E8,4,state_CO,False,False,0.0014872121731612786,0.8576033591528438,0.0,0.0
213,1.0,joint_clip_shift,True,0.01,mlp_base:C5:E8,4,state_UT,False,False,-0.0013310541310539437,0.8850336182336181,0.0,0.0
213,1.0,joint_clip_shift,True,0.02,mlp_base:C5:E8,4,state_CO,False,False,0.0014872121731612786,0.8576033591528438,0.0,0.0
213,1.0,joint_clip_shift,True,0.02,mlp_base:C5:E8,4,state_UT,False,False,-0.0013310541310539437,0.8850336182336181,0.0,0.0
213,1.0,joint_recipe_source,False,0.0,mlp_base:C5:E2,12,state_CO,False,False,0.018796854771271798,0.8402937165547333,0.0,0.0
213,1.0,joint_recipe_source,False,0.0,mlp_base:C5:E2,12,state_UT,False,False,0.010075213675213801,0.8736273504273504,0.0,0.0
213,1.0,joint_recipe_source,False,0.005,mlp_base:C5:E2,12,state_CO,False,False,0.018796854771271798,0.8402937165547333,0.0,0.0
213,1.0,joint_recipe_source,False,0.005,mlp_base:C5:E2,12,state_UT,False,False,0.010075213675213801,0.8736273504273504,0.0,0.0
213,1.0,joint_recipe_source,False,0.01,mlp_base:C5:E2,12,state_CO,False,False,0.018796854771271798,0.8402937165547333,0.0,0.0
213,1.0,joint_recipe_source,False,0.01,mlp_base:C5:E2,12,state_UT,False,False,0.010075213675213801,0.8736273504273504,0.0,0.0
213,1.0,joint_recipe_source,False,0.02,mlp_stronger:C5:E8,12,state_CO,False,False,0.0020848181906666374,0.8570057531353384,0.0,0.0
213,1.0,joint_recipe_source,False,0.02,mlp_stronger:C5:E8,12,state_UT,False,False,0.0003270655270655176,0.8833754985754987,0.0,0.0
213,1.0,joint_recipe_source,True,0.0,mlp_base:C5:E2,12,state_CO,False,False,0.018796854771271798,0.8402937165547333,0.0,0.0
213,1.0,joint_recipe_source,True,0.0,mlp_base:C5:E2,12,state_UT,False,False,0.010075213675213801,0.8736273504273504,0.0,0.0
213,1.0,joint_recipe_source,True,0.005,mlp_stronger:C5:E8,12,state_CO,False,False,0.0020848181906666374,0.8570057531353384,0.0,0.0
213,1.0,joint_recipe_source,True,0.005,mlp_stronger:C5:E8,12,state_UT,False,False,0.0003270655270655176,0.8833754985754987,0.0,0.0
213,1.0,joint_recipe_source,True,0.01,mlp_stronger:C5:E8,12,state_CO,False,False,0.0020848181906666374,0.8570057531353384,0.0,0.0
213,1.0,joint_recipe_source,True,0.01,mlp_stronger:C5:E8,12,state_UT,False,False,0.0003270655270655176,0.8833754985754987,0.0,0.0
213,1.0,joint_recipe_source,True,0.02,mlp_stronger:C5:E8,12,state_CO,False,False,0.0020848181906666374,0.8570057531353384,0.0,0.0
213,1.0,joint_recipe_source,True,0.02,mlp_stronger:C5:E8,12,state_UT,False,False,0.0003270655270655176,0.8833754985754987,0.0,0.0
213,1.0,joint_recipe_shift,False,0.0,mlp_base:C5:E2,12,state_CO,False,False,0.018796854771271798,0.8402937165547333,0.0,0.0
213,1.0,joint_recipe_shift,False,0.0,mlp_base:C5:E2,12,state_UT,False,False,0.010075213675213801,0.8736273504273504,0.0,0.0
213,1.0,joint_recipe_shift,False,0.005,mlp_base:C5:E2,12,state_CO,False,False,0.018796854771271798,0.8402937165547333,0.0,0.0
213,1.0,joint_recipe_shift,False,0.005,mlp_base:C5:E2,12,state_UT,False,False,0.010075213675213801,0.8736273504273504,0.0,0.0
213,1.0,joint_recipe_shift,False,0.01,mlp_stronger:C5:E2,12,state_CO,False,False,0.013848551354870176,0.8452420199711349,0.0,0.0
213,1.0,joint_recipe_shift,False,0.01,mlp_stronger:C5:E2,12,state_UT,False,False,0.014769230769230979,0.8689333333333332,0.0,0.0
213,1.0,joint_recipe_shift,False,0.02,mlp_stronger:C5:E8,12,state_CO,False,False,0.0020848181906666374,0.8570057531353384,0.0,0.0
213,1.0,joint_recipe_shift,False,0.02,mlp_stronger:C5:E8,12,state_UT,False,False,0.0003270655270655176,0.8833754985754987,0.0,0.0
213,1.0,joint_recipe_shift,True,0.0,mlp_stronger:C5:E8,12,state_CO,False,False,0.0020848181906666374,0.8570057531353384,0.0,0.0
213,1.0,joint_recipe_shift,True,0.0,mlp_stronger:C5:E8,12,state_UT,False,False,0.0003270655270655176,0.8833754985754987,0.0,0.0
213,1.0,joint_recipe_shift,True,0.005,mlp_stronger:C5:E8,12,state_CO,False,False,0.0020848181906666374,0.8570057531353384,0.0,0.0
213,1.0,joint_recipe_shift,True,0.005,mlp_stronger:C5:E8,12,state_UT,False,False,0.0003270655270655176,0.8833754985754987,0.0,0.0
213,1.0,joint_recipe_shift,True,0.01,mlp_stronger:C5:E8,12,state_CO,False,False,0.0020848181906666374,0.8570057531353384,0.0,0.0
213,1.0,joint_recipe_shift,True,0.01,mlp_stronger:C5:E8,12,state_UT,False,False,0.0003270655270655176,0.8833754985754987,0.0,0.0
213,1.0,joint_recipe_shift,True,0.02,mlp_stronger:C5:E8,12,state_CO,False,False,0.0020848181906666374,0.8570057531353384,0.0,0.0
213,1.0,joint_recipe_shift,True,0.02,mlp_stronger:C5:E8,12,state_UT,False,False,0.0003270655270655176,0.8833754985754987,0.0,0.0
213,1.0,joint_recipe_proxy,False,0.0,mlp_base:C5:E2,12,state_CO,False,False,0.018796854771271798,0.8402937165547333,0.0,0.0
213,1.0,joint_recipe_proxy,False,0.0,mlp_base:C5:E2,12,state_UT,False,False,0.010075213675213801,0.8736273504273504,0.0,0.0
213,1.0,joint_recipe_proxy,False,0.005,mlp_base:C5:E2,12,state_CO,False,False,0.018796854771271798,0.8402937165547333,0.0,0.0
213,1.0,joint_recipe_proxy,False,0.005,mlp_base:C5:E2,12,state_UT,False,False,0.010075213675213801,0.8736273504273504,0.0,0.0
213,1.0,joint_recipe_proxy,False,0.01,mlp_base:C5:E2,12,state_CO,False,False,0.018796854771271798,0.8402937165547333,0.0,0.0
213,1.0,joint_recipe_proxy,False,0.01,mlp_base:C5:E2,12,state_UT,False,False,0.010075213675213801,0.8736273504273504,0.0,0.0
213,1.0,joint_recipe_proxy,False,0.02,mlp_stronger:C5:E8,12,state_CO,False,False,0.0020848181906666374,0.8570057531353384,0.0,0.0
213,1.0,joint_recipe_proxy,False,0.02,mlp_stronger:C5:E8,12,state_UT,False,False,0.0003270655270655176,0.8833754985754987,0.0,0.0
213,1.0,joint_recipe_proxy,True,0.0,mlp_base:C5:E2,12,state_CO,False,False,0.018796854771271798,0.8402937165547333,0.0,0.0
213,1.0,joint_recipe_proxy,True,0.0,mlp_base:C5:E2,12,state_UT,False,False,0.010075213675213801,0.8736273504273504,0.0,0.0
213,1.0,joint_recipe_proxy,True,0.005,mlp_stronger:C5:E8,12,state_CO,False,False,0.0020848181906666374,0.8570057531353384,0.0,0.0
213,1.0,joint_recipe_proxy,True,0.005,mlp_stronger:C5:E8,12,state_UT,False,False,0.0003270655270655176,0.8833754985754987,0.0,0.0
213,1.0,joint_recipe_proxy,True,0.01,mlp_stronger:C5:E8,12,state_CO,False,False,0.0020848181906666374,0.8570057531353384,0.0,0.0
213,1.0,joint_recipe_proxy,True,0.01,mlp_stronger:C5:E8,12,state_UT,False,False,0.0003270655270655176,0.8833754985754987,0.0,0.0
213,1.0,joint_recipe_proxy,True,0.02,mlp_stronger:C5:E8,12,state_CO,False,False,0.0020848181906666374,0.8570057531353384,0.0,0.0
213,1.0,joint_recipe_proxy,True,0.02,mlp_stronger:C5:E8,12,state_UT,False,False,0.0003270655270655176,0.8833754985754987,0.0,0.0
213,1.0,logistic_shift,False,0.0,logistic:C1:E2,4,state_CO,False,False,0.011628722347639231,0.8474618489783659,0.0,0.0
213,1.0,logistic_shift,False,0.0,logistic:C1:E2,4,state_UT,False,False,0.01536068376068389,0.8683418803418803,0.0,0.0
213,1.0,logistic_shift,False,0.005,logistic:C1:E2,4,state_CO,False,False,0.011628722347639231,0.8474618489783659,0.0,0.0
213,1.0,logistic_shift,False,0.005,logistic:C1:E2,4,state_UT,False,False,0.01536068376068389,0.8683418803418803,0.0,0.0
213,1.0,logistic_shift,False,0.01,logistic:C5:E8,4,state_CO,False,False,0.0015165168465240964,0.857574054479481,0.0,0.0
213,1.0,logistic_shift,False,0.01,logistic:C5:E8,4,state_UT,False,False,0.002769230769230857,0.8809333333333333,0.0,0.0
213,1.0,logistic_shift,False,0.02,logistic:C5:E8,4,state_CO,False,False,0.0015165168465240964,0.857574054479481,0.0,0.0
213,1.0,logistic_shift,False,0.02,logistic:C5:E8,4,state_UT,False,False,0.002769230769230857,0.8809333333333333,0.0,0.0
213,1.0,logistic_shift,True,0.0,logistic:C5:E8,4,state_CO,False,False,0.0015165168465240964,0.857574054479481,0.0,0.0
213,1.0,logistic_shift,True,0.0,logistic:C5:E8,4,state_UT,False,False,0.002769230769230857,0.8809333333333333,0.0,0.0
213,1.0,logistic_shift,True,0.005,logistic:C5:E8,4,state_CO,False,False,0.0015165168465240964,0.857574054479481,0.0,0.0
213,1.0,logistic_shift,True,0.005,logistic:C5:E8,4,state_UT,False,False,0.002769230769230857,0.8809333333333333,0.0,0.0
213,1.0,logistic_shift,True,0.01,logistic:C5:E8,4,state_CO,False,False,0.0015165168465240964,0.857574054479481,0.0,0.0
213,1.0,logistic_shift,True,0.01,logistic:C5:E8,4,state_UT,False,False,0.002769230769230857,0.8809333333333333,0.0,0.0
213,1.0,logistic_shift,True,0.02,,4,state_CO,True,,,,,
213,1.0,logistic_shift,True,0.02,,4,state_UT,True,,,,,
214,1.0,epsilon_source,False,0.0,mlp_base:C1:E2,2,state_CO,False,False,0.017520008289036215,0.8246073435418256,0.0,0.0
214,1.0,epsilon_source,False,0.0,mlp_base:C1:E2,2,state_UT,False,False,0.025899366394597,0.8587968379374104,0.0,0.0
214,1.0,epsilon_source,False,0.005,,2,state_CO,True,,,,,
214,1.0,epsilon_source,False,0.005,,2,state_UT,True,,,,,
214,1.0,epsilon_source,False,0.01,,2,state_CO,True,,,,,
214,1.0,epsilon_source,False,0.01,,2,state_UT,True,,,,,
214,1.0,epsilon_source,False,0.02,,2,state_CO,True,,,,,
214,1.0,epsilon_source,False,0.02,,2,state_UT,True,,,,,
214,1.0,epsilon_source,True,0.0,,2,state_CO,True,,,,,
214,1.0,epsilon_source,True,0.0,,2,state_UT,True,,,,,
214,1.0,epsilon_source,True,0.005,,2,state_CO,True,,,,,
214,1.0,epsilon_source,True,0.005,,2,state_UT,True,,,,,
214,1.0,epsilon_source,True,0.01,,2,state_CO,True,,,,,
214,1.0,epsilon_source,True,0.01,,2,state_UT,True,,,,,
214,1.0,epsilon_source,True,0.02,,2,state_CO,True,,,,,
214,1.0,epsilon_source,True,0.02,,2,state_UT,True,,,,,
214,1.0,epsilon_shift,False,0.0,mlp_base:C1:E2,2,state_CO,False,False,0.017520008289036215,0.8246073435418256,0.0,0.0
214,1.0,epsilon_shift,False,0.0,mlp_base:C1:E2,2,state_UT,False,False,0.025899366394597,0.8587968379374104,0.0,0.0
214,1.0,epsilon_shift,False,0.005,,2,state_CO,True,,,,,
214,1.0,epsilon_shift,False,0.005,,2,state_UT,True,,,,,
214,1.0,epsilon_shift,False,0.01,,2,state_CO,True,,,,,
214,1.0,epsilon_shift,False,0.01,,2,state_UT,True,,,,,
214,1.0,epsilon_shift,False,0.02,,2,state_CO,True,,,,,
214,1.0,epsilon_shift,False,0.02,,2,state_UT,True,,,,,
214,1.0,epsilon_shift,True,0.0,,2,state_CO,True,,,,,
214,1.0,epsilon_shift,True,0.0,,2,state_UT,True,,,,,
214,1.0,epsilon_shift,True,0.005,,2,state_CO,True,,,,,
214,1.0,epsilon_shift,True,0.005,,2,state_UT,True,,,,,
214,1.0,epsilon_shift,True,0.01,,2,state_CO,True,,,,,
214,1.0,epsilon_shift,True,0.01,,2,state_UT,True,,,,,
214,1.0,epsilon_shift,True,0.02,,2,state_CO,True,,,,,
214,1.0,epsilon_shift,True,0.02,,2,state_UT,True,,,,,
214,1.0,joint_clip_source,False,0.0,mlp_base:C5:E2,4,state_CO,False,False,0.010417811380469932,0.8317095404503919,0.0,0.0
214,1.0,joint_clip_source,False,0.0,mlp_base:C5:E2,4,state_UT,False,False,0.01140352084566354,0.8732926834863438,0.0,0.0
214,1.0,joint_clip_source,False,0.005,mlp_base:C5:E2,4,state_CO,False,False,0.010417811380469932,0.8317095404503919,0.0,0.0
214,1.0,joint_clip_source,False,0.005,mlp_base:C5:E2,4,state_UT,False,False,0.01140352084566354,0.8732926834863438,0.0,0.0
214,1.0,joint_clip_source,False,0.01,mlp_base:C5:E2,4,state_CO,False,False,0.010417811380469932,0.8317095404503919,0.0,0.0
214,1.0,joint_clip_source,False,0.01,mlp_base:C5:E2,4,state_UT,False,False,0.01140352084566354,0.8732926834863438,0.0,0.0
214,1.0,joint_clip_source,False,0.02,mlp_base:C5:E8,4,state_CO,False,False,0.001016244208402295,0.8411111076224596,0.0,0.0
214,1.0,joint_clip_source,False,0.02,mlp_base:C5:E8,4,state_UT,False,False,0.0017445941667927345,0.8829516101652146,0.0,0.0
214,1.0,joint_clip_source,True,0.0,mlp_base:C5:E2,4,state_CO,False,False,0.010417811380469932,0.8317095404503919,0.0,0.0
214,1.0,joint_clip_source,True,0.0,mlp_base:C5:E2,4,state_UT,False,False,0.01140352084566354,0.8732926834863438,0.0,0.0
214,1.0,joint_clip_source,True,0.005,mlp_base:C5:E2,4,state_CO,False,False,0.010417811380469932,0.8317095404503919,0.0,0.0
214,1.0,joint_clip_source,True,0.005,mlp_base:C5:E2,4,state_UT,False,False,0.01140352084566354,0.8732926834863438,0.0,0.0
214,1.0,joint_clip_source,True,0.01,mlp_base:C5:E8,4,state_CO,False,False,0.001016244208402295,0.8411111076224596,0.0,0.0
214,1.0,joint_clip_source,True,0.01,mlp_base:C5:E8,4,state_UT,False,False,0.0017445941667927345,0.8829516101652146,0.0,0.0
214,1.0,joint_clip_source,True,0.02,mlp_base:C5:E8,4,state_CO,False,False,0.001016244208402295,0.8411111076224596,0.0,0.0
214,1.0,joint_clip_source,True,0.02,mlp_base:C5:E8,4,state_UT,False,False,0.0017445941667927345,0.8829516101652146,0.0,0.0
214,1.0,joint_clip_shift,False,0.0,mlp_base:C5:E2,4,state_CO,False,False,0.010417811380469932,0.8317095404503919,0.0,0.0
214,1.0,joint_clip_shift,False,0.0,mlp_base:C5:E2,4,state_UT,False,False,0.01140352084566354,0.8732926834863438,0.0,0.0
214,1.0,joint_clip_shift,False,0.005,mlp_base:C5:E2,4,state_CO,False,False,0.010417811380469932,0.8317095404503919,0.0,0.0
214,1.0,joint_clip_shift,False,0.005,mlp_base:C5:E2,4,state_UT,False,False,0.01140352084566354,0.8732926834863438,0.0,0.0
214,1.0,joint_clip_shift,False,0.01,mlp_base:C5:E2,4,state_CO,False,False,0.010417811380469932,0.8317095404503919,0.0,0.0
214,1.0,joint_clip_shift,False,0.01,mlp_base:C5:E2,4,state_UT,False,False,0.01140352084566354,0.8732926834863438,0.0,0.0
214,1.0,joint_clip_shift,False,0.02,mlp_base:C5:E8,4,state_CO,False,False,0.001016244208402295,0.8411111076224596,0.0,0.0
214,1.0,joint_clip_shift,False,0.02,mlp_base:C5:E8,4,state_UT,False,False,0.0017445941667927345,0.8829516101652146,0.0,0.0
214,1.0,joint_clip_shift,True,0.0,mlp_base:C5:E2,4,state_CO,False,False,0.010417811380469932,0.8317095404503919,0.0,0.0
214,1.0,joint_clip_shift,True,0.0,mlp_base:C5:E2,4,state_UT,False,False,0.01140352084566354,0.8732926834863438,0.0,0.0
214,1.0,joint_clip_shift,True,0.005,mlp_base:C5:E2,4,state_CO,False,False,0.010417811380469932,0.8317095404503919,0.0,0.0
214,1.0,joint_clip_shift,True,0.005,mlp_base:C5:E2,4,state_UT,False,False,0.01140352084566354,0.8732926834863438,0.0,0.0
214,1.0,joint_clip_shift,True,0.01,mlp_base:C5:E8,4,state_CO,False,False,0.001016244208402295,0.8411111076224596,0.0,0.0
214,1.0,joint_clip_shift,True,0.01,mlp_base:C5:E8,4,state_UT,False,False,0.0017445941667927345,0.8829516101652146,0.0,0.0
214,1.0,joint_clip_shift,True,0.02,mlp_base:C5:E8,4,state_CO,False,False,0.001016244208402295,0.8411111076224596,0.0,0.0
214,1.0,joint_clip_shift,True,0.02,mlp_base:C5:E8,4,state_UT,False,False,0.0017445941667927345,0.8829516101652146,0.0,0.0
214,1.0,joint_recipe_source,False,0.0,mlp_base:C5:E2,12,state_CO,False,False,0.010417811380469932,0.8317095404503919,0.0,0.0
214,1.0,joint_recipe_source,False,0.0,mlp_base:C5:E2,12,state_UT,False,False,0.01140352084566354,0.8732926834863438,0.0,0.0
214,1.0,joint_recipe_source,False,0.005,mlp_base:C5:E2,12,state_CO,False,False,0.010417811380469932,0.8317095404503919,0.0,0.0
214,1.0,joint_recipe_source,False,0.005,mlp_base:C5:E2,12,state_UT,False,False,0.01140352084566354,0.8732926834863438,0.0,0.0
214,1.0,joint_recipe_source,False,0.01,mlp_base:C5:E2,12,state_CO,False,False,0.010417811380469932,0.8317095404503919,0.0,0.0
214,1.0,joint_recipe_source,False,0.01,mlp_base:C5:E2,12,state_UT,False,False,0.01140352084566354,0.8732926834863438,0.0,0.0
214,1.0,joint_recipe_source,False,0.02,mlp_stronger:C5:E8,12,state_CO,False,False,-0.0012831260550990597,0.8434104778859609,0.0,0.0
214,1.0,joint_recipe_source,False,0.02,mlp_stronger:C5:E8,12,state_UT,False,False,0.0007753751852414004,0.883920829146766,0.0,0.0
214,1.0,joint_recipe_source,True,0.0,mlp_base:C5:E2,12,state_CO,False,False,0.010417811380469932,0.8317095404503919,0.0,0.0
214,1.0,joint_recipe_source,True,0.0,mlp_base:C5:E2,12,state_UT,False,False,0.01140352084566354,0.8732926834863438,0.0,0.0
214,1.0,joint_recipe_source,True,0.005,mlp_base:C5:E2,12,state_CO,False,False,0.010417811380469932,0.8317095404503919,0.0,0.0
214,1.0,joint_recipe_source,True,0.005,mlp_base:C5:E2,12,state_UT,False,False,0.01140352084566354,0.8732926834863438,0.0,0.0
214,1.0,joint_recipe_source,True,0.01,mlp_stronger:C5:E8,12,state_CO,False,False,-0.0012831260550990597,0.8434104778859609,0.0,0.0
214,1.0,joint_recipe_source,True,0.01,mlp_stronger:C5:E8,12,state_UT,False,False,0.0007753751852414004,0.883920829146766,0.0,0.0
214,1.0,joint_recipe_source,True,0.02,mlp_stronger:C5:E8,12,state_CO,False,False,-0.0012831260550990597,0.8434104778859609,0.0,0.0
214,1.0,joint_recipe_source,True,0.02,mlp_stronger:C5:E8,12,state_UT,False,False,0.0007753751852414004,0.883920829146766,0.0,0.0
214,1.0,joint_recipe_shift,False,0.0,mlp_base:C5:E2,12,state_CO,False,False,0.010417811380469932,0.8317095404503919,0.0,0.0
214,1.0,joint_recipe_shift,False,0.0,mlp_base:C5:E2,12,state_UT,False,False,0.01140352084566354,0.8732926834863438,0.0,0.0
214,1.0,joint_recipe_shift,False,0.005,mlp_base:C5:E2,12,state_CO,False,False,0.010417811380469932,0.8317095404503919,0.0,0.0
214,1.0,joint_recipe_shift,False,0.005,mlp_base:C5:E2,12,state_UT,False,False,0.01140352084566354,0.8732926834863438,0.0,0.0
214,1.0,joint_recipe_shift,False,0.01,mlp_base:C5:E2,12,state_CO,False,False,0.010417811380469932,0.8317095404503919,0.0,0.0
214,1.0,joint_recipe_shift,False,0.01,mlp_base:C5:E2,12,state_UT,False,False,0.01140352084566354,0.8732926834863438,0.0,0.0
214,1.0,joint_recipe_shift,False,0.02,mlp_stronger:C5:E8,12,state_CO,False,False,-0.0012831260550990597,0.8434104778859609,0.0,0.0
214,1.0,joint_recipe_shift,False,0.02,mlp_stronger:C5:E8,12,state_UT,False,False,0.0007753751852414004,0.883920829146766,0.0,0.0
214,1.0,joint_recipe_shift,True,0.0,mlp_base:C5:E2,12,state_CO,False,False,0.010417811380469932,0.8317095404503919,0.0,0.0
214,1.0,joint_recipe_shift,True,0.0,mlp_base:C5:E2,12,state_UT,False,False,0.01140352084566354,0.8732926834863438,0.0,0.0
214,1.0,joint_recipe_shift,True,0.005,mlp_base:C5:E2,12,state_CO,False,False,0.010417811380469932,0.8317095404503919,0.0,0.0
214,1.0,joint_recipe_shift,True,0.005,mlp_base:C5:E2,12,state_UT,False,False,0.01140352084566354,0.8732926834863438,0.0,0.0
214,1.0,joint_recipe_shift,True,0.01,mlp_stronger:C5:E8,12,state_CO,False,False,-0.0012831260550990597,0.8434104778859609,0.0,0.0
214,1.0,joint_recipe_shift,True,0.01,mlp_stronger:C5:E8,12,state_UT,False,False,0.0007753751852414004,0.883920829146766,0.0,0.0
214,1.0,joint_recipe_shift,True,0.02,mlp_stronger:C5:E8,12,state_CO,False,False,-0.0012831260550990597,0.8434104778859609,0.0,0.0
214,1.0,joint_recipe_shift,True,0.02,mlp_stronger:C5:E8,12,state_UT,False,False,0.0007753751852414004,0.883920829146766,0.0,0.0
214,1.0,joint_recipe_proxy,False,0.0,mlp_base:C5:E2,12,state_CO,False,False,0.010417811380469932,0.8317095404503919,0.0,0.0
214,1.0,joint_recipe_proxy,False,0.0,mlp_base:C5:E2,12,state_UT,False,False,0.01140352084566354,0.8732926834863438,0.0,0.0
214,1.0,joint_recipe_proxy,False,0.005,mlp_base:C5:E2,12,state_CO,False,False,0.010417811380469932,0.8317095404503919,0.0,0.0
214,1.0,joint_recipe_proxy,False,0.005,mlp_base:C5:E2,12,state_UT,False,False,0.01140352084566354,0.8732926834863438,0.0,0.0
214,1.0,joint_recipe_proxy,False,0.01,mlp_base:C5:E2,12,state_CO,False,False,0.010417811380469932,0.8317095404503919,0.0,0.0
214,1.0,joint_recipe_proxy,False,0.01,mlp_base:C5:E2,12,state_UT,False,False,0.01140352084566354,0.8732926834863438,0.0,0.0
214,1.0,joint_recipe_proxy,False,0.02,mlp_stronger:C5:E8,12,state_CO,False,False,-0.0012831260550990597,0.8434104778859609,0.0,0.0
214,1.0,joint_recipe_proxy,False,0.02,mlp_stronger:C5:E8,12,state_UT,False,False,0.0007753751852414004,0.883920829146766,0.0,0.0
214,1.0,joint_recipe_proxy,True,0.0,mlp_base:C5:E2,12,state_CO,False,False,0.010417811380469932,0.8317095404503919,0.0,0.0
214,1.0,joint_recipe_proxy,True,0.0,mlp_base:C5:E2,12,state_UT,False,False,0.01140352084566354,0.8732926834863438,0.0,0.0
214,1.0,joint_recipe_proxy,True,0.005,mlp_stronger:C5:E2,12,state_CO,False,False,0.0043873282405998415,0.837740023590262,0.0,0.0
214,1.0,joint_recipe_proxy,True,0.005,mlp_stronger:C5:E2,12,state_UT,False,False,0.007361476240944409,0.8773347280910629,0.0,0.0
214,1.0,joint_recipe_proxy,True,0.01,mlp_stronger:C5:E8,12,state_CO,False,False,-0.0012831260550990597,0.8434104778859609,0.0,0.0
214,1.0,joint_recipe_proxy,True,0.01,mlp_stronger:C5:E8,12,state_UT,False,False,0.0007753751852414004,0.883920829146766,0.0,0.0
214,1.0,joint_recipe_proxy,True,0.02,mlp_stronger:C5:E8,12,state_CO,False,False,-0.0012831260550990597,0.8434104778859609,0.0,0.0
214,1.0,joint_recipe_proxy,True,0.02,mlp_stronger:C5:E8,12,state_UT,False,False,0.0007753751852414004,0.883920829146766,0.0,0.0
214,1.0,logistic_shift,False,0.0,logistic:C5:E2,4,state_CO,False,False,0.025787065963773226,0.8163402858670886,0.0,0.0
214,1.0,logistic_shift,False,0.0,logistic:C5:E2,4,state_UT,False,True,0.03059749769452058,0.8540987066374868,0.0005974976945205823,0.0
214,1.0,logistic_shift,False,0.005,logistic:C5:E2,4,state_CO,False,False,0.025787065963773226,0.8163402858670886,0.0,0.0
214,1.0,logistic_shift,False,0.005,logistic:C5:E2,4,state_UT,False,True,0.03059749769452058,0.8540987066374868,0.0005974976945205823,0.0
214,1.0,logistic_shift,False,0.01,logistic:C5:E8,4,state_CO,False,False,0.0034589980522859998,0.8386683537785758,0.0,0.0
214,1.0,logistic_shift,False,0.01,logistic:C5:E8,4,state_UT,False,False,0.008303167109410592,0.8763930372225968,0.0,0.0
214,1.0,logistic_shift,False,0.02,logistic:C5:E8,4,state_CO,False,False,0.0034589980522859998,0.8386683537785758,0.0,0.0
214,1.0,logistic_shift,False,0.02,logistic:C5:E8,4,state_UT,False,False,0.008303167109410592,0.8763930372225968,0.0,0.0
214,1.0,logistic_shift,True,0.0,logistic:C5:E8,4,state_CO,False,False,0.0034589980522859998,0.8386683537785758,0.0,0.0
214,1.0,logistic_shift,True,0.0,logistic:C5:E8,4,state_UT,False,False,0.008303167109410592,0.8763930372225968,0.0,0.0
214,1.0,logistic_shift,True,0.005,logistic:C5:E8,4,state_CO,False,False,0.0034589980522859998,0.8386683537785758,0.0,0.0
214,1.0,logistic_shift,True,0.005,logistic:C5:E8,4,state_UT,False,False,0.008303167109410592,0.8763930372225968,0.0,0.0
214,1.0,logistic_shift,True,0.01,logistic:C5:E8,4,state_CO,False,False,0.0034589980522859998,0.8386683537785758,0.0,0.0
214,1.0,logistic_shift,True,0.01,logistic:C5:E8,4,state_UT,False,False,0.008303167109410592,0.8763930372225968,0.0,0.0
214,1.0,logistic_shift,True,0.02,,4,state_CO,True,,,,,
214,1.0,logistic_shift,True,0.02,,4,state_UT,True,,,,,
215,1.0,epsilon_source,False,0.0,mlp_base:C1:E2,2,state_CO,False,False,0.018458994647016502,0.833001700334965,0.0,0.0
215,1.0,epsilon_source,False,0.0,mlp_base:C1:E2,2,state_UT,False,False,0.014695592922701062,0.8419069058082691,0.0,0.0
215,1.0,epsilon_source,False,0.005,mlp_base:C1:E2,2,state_CO,False,False,0.018458994647016502,0.833001700334965,0.0,0.0
215,1.0,epsilon_source,False,0.005,mlp_base:C1:E2,2,state_UT,False,False,0.014695592922701062,0.8419069058082691,0.0,0.0
215,1.0,epsilon_source,False,0.01,,2,state_CO,True,,,,,
215,1.0,epsilon_source,False,0.01,,2,state_UT,True,,,,,
215,1.0,epsilon_source,False,0.02,,2,state_CO,True,,,,,
215,1.0,epsilon_source,False,0.02,,2,state_UT,True,,,,,
215,1.0,epsilon_source,True,0.0,,2,state_CO,True,,,,,
215,1.0,epsilon_source,True,0.0,,2,state_UT,True,,,,,
215,1.0,epsilon_source,True,0.005,,2,state_CO,True,,,,,
215,1.0,epsilon_source,True,0.005,,2,state_UT,True,,,,,
215,1.0,epsilon_source,True,0.01,,2,state_CO,True,,,,,
215,1.0,epsilon_source,True,0.01,,2,state_UT,True,,,,,
215,1.0,epsilon_source,True,0.02,,2,state_CO,True,,,,,
215,1.0,epsilon_source,True,0.02,,2,state_UT,True,,,,,
215,1.0,epsilon_shift,False,0.0,mlp_base:C1:E2,2,state_CO,False,False,0.018458994647016502,0.833001700334965,0.0,0.0
215,1.0,epsilon_shift,False,0.0,mlp_base:C1:E2,2,state_UT,False,False,0.014695592922701062,0.8419069058082691,0.0,0.0
215,1.0,epsilon_shift,False,0.005,,2,state_CO,True,,,,,
215,1.0,epsilon_shift,False,0.005,,2,state_UT,True,,,,,
215,1.0,epsilon_shift,False,0.01,,2,state_CO,True,,,,,
215,1.0,epsilon_shift,False,0.01,,2,state_UT,True,,,,,
215,1.0,epsilon_shift,False,0.02,,2,state_CO,True,,,,,
215,1.0,epsilon_shift,False,0.02,,2,state_UT,True,,,,,
215,1.0,epsilon_shift,True,0.0,,2,state_CO,True,,,,,
215,1.0,epsilon_shift,True,0.0,,2,state_UT,True,,,,,
215,1.0,epsilon_shift,True,0.005,,2,state_CO,True,,,,,
215,1.0,epsilon_shift,True,0.005,,2,state_UT,True,,,,,
215,1.0,epsilon_shift,True,0.01,,2,state_CO,True,,,,,
215,1.0,epsilon_shift,True,0.01,,2,state_UT,True,,,,,
215,1.0,epsilon_shift,True,0.02,,2,state_CO,True,,,,,
215,1.0,epsilon_shift,True,0.02,,2,state_UT,True,,,,,
215,1.0,joint_clip_source,False,0.0,mlp_base:C5:E2,4,state_CO,False,False,0.013138289398468839,0.8383224055835127,0.0,0.0
215,1.0,joint_clip_source,False,0.0,mlp_base:C5:E2,4,state_UT,False,False,-0.0003235454175452013,0.8569260441485154,0.0,0.0
215,1.0,joint_clip_source,False,0.005,mlp_base:C5:E2,4,state_CO,False,False,0.013138289398468839,0.8383224055835127,0.0,0.0
215,1.0,joint_clip_source,False,0.005,mlp_base:C5:E2,4,state_UT,False,False,-0.0003235454175452013,0.8569260441485154,0.0,0.0
215,1.0,joint_clip_source,False,0.01,mlp_base:C5:E2,4,state_CO,False,False,0.013138289398468839,0.8383224055835127,0.0,0.0
215,1.0,joint_clip_source,False,0.01,mlp_base:C5:E2,4,state_UT,False,False,-0.0003235454175452013,0.8569260441485154,0.0,0.0
215,1.0,joint_clip_source,False,0.02,mlp_base:C5:E8,4,state_CO,False,False,0.0008017501059456311,0.8506589448760359,0.0,0.0
215,1.0,joint_clip_source,False,0.02,mlp_base:C5:E8,4,state_UT,False,False,-0.003137132953158095,0.8597396316841283,0.0,0.0
215,1.0,joint_clip_source,True,0.0,mlp_base:C5:E2,4,state_CO,False,False,0.013138289398468839,0.8383224055835127,0.0,0.0
215,1.0,joint_clip_source,True,0.0,mlp_base:C5:E2,4,state_UT,False,False,-0.0003235454175452013,0.8569260441485154,0.0,0.0
215,1.0,joint_clip_source,True,0.005,mlp_base:C5:E2,4,state_CO,False,False,0.013138289398468839,0.8383224055835127,0.0,0.0
215,1.0,joint_clip_source,True,0.005,mlp_base:C5:E2,4,state_UT,False,False,-0.0003235454175452013,0.8569260441485154,0.0,0.0
215,1.0,joint_clip_source,True,0.01,mlp_base:C5:E8,4,state_CO,False,False,0.0008017501059456311,0.8506589448760359,0.0,0.0
215,1.0,joint_clip_source,True,0.01,mlp_base:C5:E8,4,state_UT,False,False,-0.003137132953158095,0.8597396316841283,0.0,0.0
215,1.0,joint_clip_source,True,0.02,mlp_base:C5:E8,4,state_CO,False,False,0.0008017501059456311,0.8506589448760359,0.0,0.0
215,1.0,joint_clip_source,True,0.02,mlp_base:C5:E8,4,state_UT,False,False,-0.003137132953158095,0.8597396316841283,0.0,0.0
215,1.0,joint_clip_shift,False,0.0,mlp_base:C5:E2,4,state_CO,False,False,0.013138289398468839,0.8383224055835127,0.0,0.0
215,1.0,joint_clip_shift,False,0.0,mlp_base:C5:E2,4,state_UT,False,False,-0.0003235454175452013,0.8569260441485154,0.0,0.0
215,1.0,joint_clip_shift,False,0.005,mlp_base:C5:E2,4,state_CO,False,False,0.013138289398468839,0.8383224055835127,0.0,0.0
215,1.0,joint_clip_shift,False,0.005,mlp_base:C5:E2,4,state_UT,False,False,-0.0003235454175452013,0.8569260441485154,0.0,0.0
215,1.0,joint_clip_shift,False,0.01,mlp_base:C5:E2,4,state_CO,False,False,0.013138289398468839,0.8383224055835127,0.0,0.0
215,1.0,joint_clip_shift,False,0.01,mlp_base:C5:E2,4,state_UT,False,False,-0.0003235454175452013,0.8569260441485154,0.0,0.0
215,1.0,joint_clip_shift,False,0.02,mlp_base:C5:E8,4,state_CO,False,False,0.0008017501059456311,0.8506589448760359,0.0,0.0
215,1.0,joint_clip_shift,False,0.02,mlp_base:C5:E8,4,state_UT,False,False,-0.003137132953158095,0.8597396316841283,0.0,0.0
215,1.0,joint_clip_shift,True,0.0,mlp_base:C5:E8,4,state_CO,False,False,0.0008017501059456311,0.8506589448760359,0.0,0.0
215,1.0,joint_clip_shift,True,0.0,mlp_base:C5:E8,4,state_UT,False,False,-0.003137132953158095,0.8597396316841283,0.0,0.0
215,1.0,joint_clip_shift,True,0.005,mlp_base:C5:E8,4,state_CO,False,False,0.0008017501059456311,0.8506589448760359,0.0,0.0
215,1.0,joint_clip_shift,True,0.005,mlp_base:C5:E8,4,state_UT,False,False,-0.003137132953158095,0.8597396316841283,0.0,0.0
215,1.0,joint_clip_shift,True,0.01,mlp_base:C5:E8,4,state_CO,False,False,0.0008017501059456311,0.8506589448760359,0.0,0.0
215,1.0,joint_clip_shift,True,0.01,mlp_base:C5:E8,4,state_UT,False,False,-0.003137132953158095,0.8597396316841283,0.0,0.0
215,1.0,joint_clip_shift,True,0.02,mlp_base:C5:E8,4,state_CO,False,False,0.0008017501059456311,0.8506589448760359,0.0,0.0
215,1.0,joint_clip_shift,True,0.02,mlp_base:C5:E8,4,state_UT,False,False,-0.003137132953158095,0.8597396316841283,0.0,0.0
215,1.0,joint_recipe_source,False,0.0,mlp_base:C5:E2,12,state_CO,False,False,0.013138289398468839,0.8383224055835127,0.0,0.0
215,1.0,joint_recipe_source,False,0.0,mlp_base:C5:E2,12,state_UT,False,False,-0.0003235454175452013,0.8569260441485154,0.0,0.0
215,1.0,joint_recipe_source,False,0.005,mlp_base:C5:E2,12,state_CO,False,False,0.013138289398468839,0.8383224055835127,0.0,0.0
215,1.0,joint_recipe_source,False,0.005,mlp_base:C5:E2,12,state_UT,False,False,-0.0003235454175452013,0.8569260441485154,0.0,0.0
215,1.0,joint_recipe_source,False,0.01,mlp_base:C5:E2,12,state_CO,False,False,0.013138289398468839,0.8383224055835127,0.0,0.0
215,1.0,joint_recipe_source,False,0.01,mlp_base:C5:E2,12,state_UT,False,False,-0.0003235454175452013,0.8569260441485154,0.0,0.0
215,1.0,joint_recipe_source,False,0.02,mlp_stronger:C5:E8,12,state_CO,False,False,0.0026228682037362505,0.8488378267782453,0.0,0.0
215,1.0,joint_recipe_source,False,0.02,mlp_stronger:C5:E8,12,state_UT,False,False,0.003172574323984323,0.8534299244069858,0.0,0.0
215,1.0,joint_recipe_source,True,0.0,mlp_base:C5:E2,12,state_CO,False,False,0.013138289398468839,0.8383224055835127,0.0,0.0
215,1.0,joint_recipe_source,True,0.0,mlp_base:C5:E2,12,state_UT,False,False,-0.0003235454175452013,0.8569260441485154,0.0,0.0
215,1.0,joint_recipe_source,True,0.005,mlp_base:C5:E2,12,state_CO,False,False,0.013138289398468839,0.8383224055835127,0.0,0.0
215,1.0,joint_recipe_source,True,0.005,mlp_base:C5:E2,12,state_UT,False,False,-0.0003235454175452013,0.8569260441485154,0.0,0.0
215,1.0,joint_recipe_source,True,0.01,mlp_stronger:C5:E8,12,state_CO,False,False,0.0026228682037362505,0.8488378267782453,0.0,0.0
215,1.0,joint_recipe_source,True,0.01,mlp_stronger:C5:E8,12,state_UT,False,False,0.003172574323984323,0.8534299244069858,0.0,0.0
215,1.0,joint_recipe_source,True,0.02,mlp_stronger:C5:E8,12,state_CO,False,False,0.0026228682037362505,0.8488378267782453,0.0,0.0
215,1.0,joint_recipe_source,True,0.02,mlp_stronger:C5:E8,12,state_UT,False,False,0.003172574323984323,0.8534299244069858,0.0,0.0
215,1.0,joint_recipe_shift,False,0.0,mlp_base:C5:E2,12,state_CO,False,False,0.013138289398468839,0.8383224055835127,0.0,0.0
215,1.0,joint_recipe_shift,False,0.0,mlp_base:C5:E2,12,state_UT,False,False,-0.0003235454175452013,0.8569260441485154,0.0,0.0
215,1.0,joint_recipe_shift,False,0.005,mlp_base:C5:E2,12,state_CO,False,False,0.013138289398468839,0.8383224055835127,0.0,0.0
215,1.0,joint_recipe_shift,False,0.005,mlp_base:C5:E2,12,state_UT,False,False,-0.0003235454175452013,0.8569260441485154,0.0,0.0
215,1.0,joint_recipe_shift,False,0.01,mlp_base:C5:E2,12,state_CO,False,False,0.013138289398468839,0.8383224055835127,0.0,0.0
215,1.0,joint_recipe_shift,False,0.01,mlp_base:C5:E2,12,state_UT,False,False,-0.0003235454175452013,0.8569260441485154,0.0,0.0
215,1.0,joint_recipe_shift,False,0.02,mlp_stronger:C5:E8,12,state_CO,False,False,0.0026228682037362505,0.8488378267782453,0.0,0.0
215,1.0,joint_recipe_shift,False,0.02,mlp_stronger:C5:E8,12,state_UT,False,False,0.003172574323984323,0.8534299244069858,0.0,0.0
215,1.0,joint_recipe_shift,True,0.0,mlp_stronger:C5:E2,12,state_CO,False,False,0.016979401269680672,0.8344812937123008,0.0,0.0
215,1.0,joint_recipe_shift,True,0.0,mlp_stronger:C5:E2,12,state_UT,False,False,0.013368256421747549,0.8432342423092226,0.0,0.0
215,1.0,joint_recipe_shift,True,0.005,mlp_stronger:C5:E8,12,state_CO,False,False,0.0026228682037362505,0.8488378267782453,0.0,0.0
215,1.0,joint_recipe_shift,True,0.005,mlp_stronger:C5:E8,12,state_UT,False,False,0.003172574323984323,0.8534299244069858,0.0,0.0
215,1.0,joint_recipe_shift,True,0.01,mlp_stronger:C5:E8,12,state_CO,False,False,0.0026228682037362505,0.8488378267782453,0.0,0.0
215,1.0,joint_recipe_shift,True,0.01,mlp_stronger:C5:E8,12,state_UT,False,False,0.003172574323984323,0.8534299244069858,0.0,0.0
215,1.0,joint_recipe_shift,True,0.02,mlp_stronger:C5:E8,12,state_CO,False,False,0.0026228682037362505,0.8488378267782453,0.0,0.0
215,1.0,joint_recipe_shift,True,0.02,mlp_stronger:C5:E8,12,state_UT,False,False,0.003172574323984323,0.8534299244069858,0.0,0.0
215,1.0,joint_recipe_proxy,False,0.0,mlp_base:C5:E2,12,state_CO,False,False,0.013138289398468839,0.8383224055835127,0.0,0.0
215,1.0,joint_recipe_proxy,False,0.0,mlp_base:C5:E2,12,state_UT,False,False,-0.0003235454175452013,0.8569260441485154,0.0,0.0
215,1.0,joint_recipe_proxy,False,0.005,mlp_base:C5:E2,12,state_CO,False,False,0.013138289398468839,0.8383224055835127,0.0,0.0
215,1.0,joint_recipe_proxy,False,0.005,mlp_base:C5:E2,12,state_UT,False,False,-0.0003235454175452013,0.8569260441485154,0.0,0.0
215,1.0,joint_recipe_proxy,False,0.01,mlp_base:C5:E2,12,state_CO,False,False,0.013138289398468839,0.8383224055835127,0.0,0.0
215,1.0,joint_recipe_proxy,False,0.01,mlp_base:C5:E2,12,state_UT,False,False,-0.0003235454175452013,0.8569260441485154,0.0,0.0
215,1.0,joint_recipe_proxy,False,0.02,mlp_stronger:C5:E8,12,state_CO,False,False,0.0026228682037362505,0.8488378267782453,0.0,0.0
215,1.0,joint_recipe_proxy,False,0.02,mlp_stronger:C5:E8,12,state_UT,False,False,0.003172574323984323,0.8534299244069858,0.0,0.0
215,1.0,joint_recipe_proxy,True,0.0,mlp_base:C5:E2,12,state_CO,False,False,0.013138289398468839,0.8383224055835127,0.0,0.0
215,1.0,joint_recipe_proxy,True,0.0,mlp_base:C5:E2,12,state_UT,False,False,-0.0003235454175452013,0.8569260441485154,0.0,0.0
215,1.0,joint_recipe_proxy,True,0.005,mlp_stronger:C5:E8,12,state_CO,False,False,0.0026228682037362505,0.8488378267782453,0.0,0.0
215,1.0,joint_recipe_proxy,True,0.005,mlp_stronger:C5:E8,12,state_UT,False,False,0.003172574323984323,0.8534299244069858,0.0,0.0
215,1.0,joint_recipe_proxy,True,0.01,mlp_stronger:C5:E8,12,state_CO,False,False,0.0026228682037362505,0.8488378267782453,0.0,0.0
215,1.0,joint_recipe_proxy,True,0.01,mlp_stronger:C5:E8,12,state_UT,False,False,0.003172574323984323,0.8534299244069858,0.0,0.0
215,1.0,joint_recipe_proxy,True,0.02,mlp_stronger:C5:E8,12,state_CO,False,False,0.0026228682037362505,0.8488378267782453,0.0,0.0
215,1.0,joint_recipe_proxy,True,0.02,mlp_stronger:C5:E8,12,state_UT,False,False,0.003172574323984323,0.8534299244069858,0.0,0.0
215,1.0,logistic_shift,False,0.0,logistic:C1:E2,4,state_CO,False,False,0.018012305302275378,0.8334483896797061,0.0,0.0
215,1.0,logistic_shift,False,0.0,logistic:C1:E2,4,state_UT,False,False,0.011324089614077715,0.8452784091168924,0.0,0.0
215,1.0,logistic_shift,False,0.005,logistic:C1:E2,4,state_CO,False,False,0.018012305302275378,0.8334483896797061,0.0,0.0
215,1.0,logistic_shift,False,0.005,logistic:C1:E2,4,state_UT,False,False,0.011324089614077715,0.8452784091168924,0.0,0.0
215,1.0,logistic_shift,False,0.01,logistic:C5:E8,4,state_CO,False,False,0.007719708162961636,0.8437409868190199,0.0,0.0
215,1.0,logistic_shift,False,0.01,logistic:C5:E8,4,state_UT,False,False,0.0008871775406887883,0.8557153211902814,0.0,0.0
215,1.0,logistic_shift,False,0.02,logistic:C5:E8,4,state_CO,False,False,0.007719708162961636,0.8437409868190199,0.0,0.0
215,1.0,logistic_shift,False,0.02,logistic:C5:E8,4,state_UT,False,False,0.0008871775406887883,0.8557153211902814,0.0,0.0
215,1.0,logistic_shift,True,0.0,logistic:C5:E8,4,state_CO,False,False,0.007719708162961636,0.8437409868190199,0.0,0.0
215,1.0,logistic_shift,True,0.0,logistic:C5:E8,4,state_UT,False,False,0.0008871775406887883,0.8557153211902814,0.0,0.0
215,1.0,logistic_shift,True,0.005,logistic:C5:E8,4,state_CO,False,False,0.007719708162961636,0.8437409868190199,0.0,0.0
215,1.0,logistic_shift,True,0.005,logistic:C5:E8,4,state_UT,False,False,0.0008871775406887883,0.8557153211902814,0.0,0.0
215,1.0,logistic_shift,True,0.01,logistic:C5:E8,4,state_CO,False,False,0.007719708162961636,0.8437409868190199,0.0,0.0
215,1.0,logistic_shift,True,0.01,logistic:C5:E8,4,state_UT,False,False,0.0008871775406887883,0.8557153211902814,0.0,0.0
215,1.0,logistic_shift,True,0.02,,4,state_CO,True,,,,,
215,1.0,logistic_shift,True,0.02,,4,state_UT,True,,,,,
216,1.0,epsilon_source,False,0.0,mlp_base:C1:E2,2,state_CO,False,False,0.024481059275801687,0.8244881455691387,0.0,0.0
216,1.0,epsilon_source,False,0.0,mlp_base:C1:E2,2,state_UT,False,False,0.018651961810157602,0.8687055587333918,0.0,0.0
216,1.0,epsilon_source,False,0.005,mlp_base:C1:E2,2,state_CO,False,False,0.024481059275801687,0.8244881455691387,0.0,0.0
216,1.0,epsilon_source,False,0.005,mlp_base:C1:E2,2,state_UT,False,False,0.018651961810157602,0.8687055587333918,0.0,0.0
216,1.0,epsilon_source,False,0.01,,2,state_CO,True,,,,,
216,1.0,epsilon_source,False,0.01,,2,state_UT,True,,,,,
216,1.0,epsilon_source,False,0.02,,2,state_CO,True,,,,,
216,1.0,epsilon_source,False,0.02,,2,state_UT,True,,,,,
216,1.0,epsilon_source,True,0.0,,2,state_CO,True,,,,,
216,1.0,epsilon_source,True,0.0,,2,state_UT,True,,,,,
216,1.0,epsilon_source,True,0.005,,2,state_CO,True,,,,,
216,1.0,epsilon_source,True,0.005,,2,state_UT,True,,,,,
216,1.0,epsilon_source,True,0.01,,2,state_CO,True,,,,,
216,1.0,epsilon_source,True,0.01,,2,state_UT,True,,,,,
216,1.0,epsilon_source,True,0.02,,2,state_CO,True,,,,,
216,1.0,epsilon_source,True,0.02,,2,state_UT,True,,,,,
216,1.0,epsilon_shift,False,0.0,mlp_base:C1:E8,2,state_CO,False,False,0.022441665737458982,0.8265275391074814,0.0,0.0
216,1.0,epsilon_shift,False,0.0,mlp_base:C1:E8,2,state_UT,False,False,0.017440508577832747,0.8699170119657167,0.0,0.0
216,1.0,epsilon_shift,False,0.005,,2,state_CO,True,,,,,
216,1.0,epsilon_shift,False,0.005,,2,state_UT,True,,,,,
216,1.0,epsilon_shift,False,0.01,,2,state_CO,True,,,,,
216,1.0,epsilon_shift,False,0.01,,2,state_UT,True,,,,,
216,1.0,epsilon_shift,False,0.02,,2,state_CO,True,,,,,
216,1.0,epsilon_shift,False,0.02,,2,state_UT,True,,,,,
216,1.0,epsilon_shift,True,0.0,,2,state_CO,True,,,,,
216,1.0,epsilon_shift,True,0.0,,2,state_UT,True,,,,,
216,1.0,epsilon_shift,True,0.005,,2,state_CO,True,,,,,
216,1.0,epsilon_shift,True,0.005,,2,state_UT,True,,,,,
216,1.0,epsilon_shift,True,0.01,,2,state_CO,True,,,,,
216,1.0,epsilon_shift,True,0.01,,2,state_UT,True,,,,,
216,1.0,epsilon_shift,True,0.02,,2,state_CO,True,,,,,
216,1.0,epsilon_shift,True,0.02,,2,state_UT,True,,,,,
216,1.0,joint_clip_source,False,0.0,mlp_base:C5:E2,4,state_CO,False,False,0.0201021468342506,0.8288670580106898,0.0,0.0
216,1.0,joint_clip_source,False,0.0,mlp_base:C5:E2,4,state_UT,False,False,0.015597751021945716,0.8717597695216037,0.0,0.0
216,1.0,joint_clip_source,False,0.005,mlp_base:C5:E2,4,state_CO,False,False,0.0201021468342506,0.8288670580106898,0.0,0.0
216,1.0,joint_clip_source,False,0.005,mlp_base:C5:E2,4,state_UT,False,False,0.015597751021945716,0.8717597695216037,0.0,0.0
216,1.0,joint_clip_source,False,0.01,mlp_base:C5:E2,4,state_CO,False,False,0.0201021468342506,0.8288670580106898,0.0,0.0
216,1.0,joint_clip_source,False,0.01,mlp_base:C5:E2,4,state_UT,False,False,0.015597751021945716,0.8717597695216037,0.0,0.0
216,1.0,joint_clip_source,False,0.02,mlp_base:C5:E8,4,state_CO,False,False,0.002299919028677544,0.8466692858162629,0.0,0.0
216,1.0,joint_clip_source,False,0.02,mlp_base:C5:E8,4,state_UT,False,False,0.0015369876901468738,0.8858205328534026,0.0,0.0
216,1.0,joint_clip_source,True,0.0,mlp_base:C5:E2,4,state_CO,False,False,0.0201021468342506,0.8288670580106898,0.0,0.0
216,1.0,joint_clip_source,True,0.0,mlp_base:C5:E2,4,state_UT,False,False,0.015597751021945716,0.8717597695216037,0.0,0.0
216,1.0,joint_clip_source,True,0.005,mlp_base:C5:E8,4,state_CO,False,False,0.002299919028677544,0.8466692858162629,0.0,0.0
216,1.0,joint_clip_source,True,0.005,mlp_base:C5:E8,4,state_UT,False,False,0.0015369876901468738,0.8858205328534026,0.0,0.0
216,1.0,joint_clip_source,True,0.01,mlp_base:C5:E8,4,state_CO,False,False,0.002299919028677544,0.8466692858162629,0.0,0.0
216,1.0,joint_clip_source,True,0.01,mlp_base:C5:E8,4,state_UT,False,False,0.0015369876901468738,0.8858205328534026,0.0,0.0
216,1.0,joint_clip_source,True,0.02,mlp_base:C5:E8,4,state_CO,False,False,0.002299919028677544,0.8466692858162629,0.0,0.0
216,1.0,joint_clip_source,True,0.02,mlp_base:C5:E8,4,state_UT,False,False,0.0015369876901468738,0.8858205328534026,0.0,0.0
216,1.0,joint_clip_shift,False,0.0,mlp_base:C5:E2,4,state_CO,False,False,0.0201021468342506,0.8288670580106898,0.0,0.0
216,1.0,joint_clip_shift,False,0.0,mlp_base:C5:E2,4,state_UT,False,False,0.015597751021945716,0.8717597695216037,0.0,0.0
216,1.0,joint_clip_shift,False,0.005,mlp_base:C5:E8,4,state_CO,False,False,0.002299919028677544,0.8466692858162629,0.0,0.0
216,1.0,joint_clip_shift,False,0.005,mlp_base:C5:E8,4,state_UT,False,False,0.0015369876901468738,0.8858205328534026,0.0,0.0
216,1.0,joint_clip_shift,False,0.01,mlp_base:C5:E8,4,state_CO,False,False,0.002299919028677544,0.8466692858162629,0.0,0.0
216,1.0,joint_clip_shift,False,0.01,mlp_base:C5:E8,4,state_UT,False,False,0.0015369876901468738,0.8858205328534026,0.0,0.0
216,1.0,joint_clip_shift,False,0.02,mlp_base:C5:E8,4,state_CO,False,False,0.002299919028677544,0.8466692858162629,0.0,0.0
216,1.0,joint_clip_shift,False,0.02,mlp_base:C5:E8,4,state_UT,False,False,0.0015369876901468738,0.8858205328534026,0.0,0.0
216,1.0,joint_clip_shift,True,0.0,mlp_base:C5:E8,4,state_CO,False,False,0.002299919028677544,0.8466692858162629,0.0,0.0
216,1.0,joint_clip_shift,True,0.0,mlp_base:C5:E8,4,state_UT,False,False,0.0015369876901468738,0.8858205328534026,0.0,0.0
216,1.0,joint_clip_shift,True,0.005,mlp_base:C5:E8,4,state_CO,False,False,0.002299919028677544,0.8466692858162629,0.0,0.0
216,1.0,joint_clip_shift,True,0.005,mlp_base:C5:E8,4,state_UT,False,False,0.0015369876901468738,0.8858205328534026,0.0,0.0
216,1.0,joint_clip_shift,True,0.01,mlp_base:C5:E8,4,state_CO,False,False,0.002299919028677544,0.8466692858162629,0.0,0.0
216,1.0,joint_clip_shift,True,0.01,mlp_base:C5:E8,4,state_UT,False,False,0.0015369876901468738,0.8858205328534026,0.0,0.0
216,1.0,joint_clip_shift,True,0.02,,4,state_CO,True,,,,,
216,1.0,joint_clip_shift,True,0.02,,4,state_UT,True,,,,,
216,1.0,joint_recipe_source,False,0.0,mlp_base:C5:E2,12,state_CO,False,False,0.0201021468342506,0.8288670580106898,0.0,0.0
216,1.0,joint_recipe_source,False,0.0,mlp_base:C5:E2,12,state_UT,False,False,0.015597751021945716,0.8717597695216037,0.0,0.0
216,1.0,joint_recipe_source,False,0.005,mlp_base:C5:E2,12,state_CO,False,False,0.0201021468342506,0.8288670580106898,0.0,0.0
216,1.0,joint_recipe_source,False,0.005,mlp_base:C5:E2,12,state_UT,False,False,0.015597751021945716,0.8717597695216037,0.0,0.0
216,1.0,joint_recipe_source,False,0.01,mlp_base:C5:E2,12,state_CO,False,False,0.0201021468342506,0.8288670580106898,0.0,0.0
216,1.0,joint_recipe_source,False,0.01,mlp_base:C5:E2,12,state_UT,False,False,0.015597751021945716,0.8717597695216037,0.0,0.0
216,1.0,joint_recipe_source,False,0.02,mlp_stronger:C5:E8,12,state_CO,False,False,0.0017590681107421124,0.8472101367341983,0.0,0.0
216,1.0,joint_recipe_source,False,0.02,mlp_stronger:C5:E8,12,state_UT,False,False,0.0022217726746375233,0.8851357478689119,0.0,0.0
216,1.0,joint_recipe_source,True,0.0,mlp_base:C5:E2,12,state_CO,False,False,0.0201021468342506,0.8288670580106898,0.0,0.0
216,1.0,joint_recipe_source,True,0.0,mlp_base:C5:E2,12,state_UT,False,False,0.015597751021945716,0.8717597695216037,0.0,0.0
216,1.0,joint_recipe_source,True,0.005,mlp_stronger:C5:E8,12,state_CO,False,False,0.0017590681107421124,0.8472101367341983,0.0,0.0
216,1.0,joint_recipe_source,True,0.005,mlp_stronger:C5:E8,12,state_UT,False,False,0.0022217726746375233,0.8851357478689119,0.0,0.0
216,1.0,joint_recipe_source,True,0.01,mlp_stronger:C5:E8,12,state_CO,False,False,0.0017590681107421124,0.8472101367341983,0.0,0.0
216,1.0,joint_recipe_source,True,0.01,mlp_stronger:C5:E8,12,state_UT,False,False,0.0022217726746375233,0.8851357478689119,0.0,0.0
216,1.0,joint_recipe_source,True,0.02,mlp_stronger:C5:E8,12,state_CO,False,False,0.0017590681107421124,0.8472101367341983,0.0,0.0
216,1.0,joint_recipe_source,True,0.02,mlp_stronger:C5:E8,12,state_UT,False,False,0.0022217726746375233,0.8851357478689119,0.0,0.0
216,1.0,joint_recipe_shift,False,0.0,mlp_base:C5:E2,12,state_CO,False,False,0.0201021468342506,0.8288670580106898,0.0,0.0
216,1.0,joint_recipe_shift,False,0.0,mlp_base:C5:E2,12,state_UT,False,False,0.015597751021945716,0.8717597695216037,0.0,0.0
216,1.0,joint_recipe_shift,False,0.005,logistic:C5:E2,12,state_CO,False,False,0.022325992419750418,0.82664321242519,0.0,0.0
216,1.0,joint_recipe_shift,False,0.005,logistic:C5:E2,12,state_UT,False,False,0.011169319772497688,0.8761882007710518,0.0,0.0
216,1.0,joint_recipe_shift,False,0.01,logistic:C5:E2,12,state_CO,False,False,0.022325992419750418,0.82664321242519,0.0,0.0
216,1.0,joint_recipe_shift,False,0.01,logistic:C5:E2,12,state_UT,False,False,0.011169319772497688,0.8761882007710518,0.0,0.0
216,1.0,joint_recipe_shift,False,0.02,mlp_stronger:C5:E8,12,state_CO,False,False,0.0017590681107421124,0.8472101367341983,0.0,0.0
216,1.0,joint_recipe_shift,False,0.02,mlp_stronger:C5:E8,12,state_UT,False,False,0.0022217726746375233,0.8851357478689119,0.0,0.0
216,1.0,joint_recipe_shift,True,0.0,mlp_stronger:C5:E8,12,state_CO,False,False,0.0017590681107421124,0.8472101367341983,0.0,0.0
216,1.0,joint_recipe_shift,True,0.0,mlp_stronger:C5:E8,12,state_UT,False,False,0.0022217726746375233,0.8851357478689119,0.0,0.0
216,1.0,joint_recipe_shift,True,0.005,mlp_stronger:C5:E8,12,state_CO,False,False,0.0017590681107421124,0.8472101367341983,0.0,0.0
216,1.0,joint_recipe_shift,True,0.005,mlp_stronger:C5:E8,12,state_UT,False,False,0.0022217726746375233,0.8851357478689119,0.0,0.0
216,1.0,joint_recipe_shift,True,0.01,mlp_stronger:C5:E8,12,state_CO,False,False,0.0017590681107421124,0.8472101367341983,0.0,0.0
216,1.0,joint_recipe_shift,True,0.01,mlp_stronger:C5:E8,12,state_UT,False,False,0.0022217726746375233,0.8851357478689119,0.0,0.0
216,1.0,joint_recipe_shift,True,0.02,mlp_stronger:C5:E8,12,state_CO,False,False,0.0017590681107421124,0.8472101367341983,0.0,0.0
216,1.0,joint_recipe_shift,True,0.02,mlp_stronger:C5:E8,12,state_UT,False,False,0.0022217726746375233,0.8851357478689119,0.0,0.0
216,1.0,joint_recipe_proxy,False,0.0,mlp_base:C5:E2,12,state_CO,False,False,0.0201021468342506,0.8288670580106898,0.0,0.0
216,1.0,joint_recipe_proxy,False,0.0,mlp_base:C5:E2,12,state_UT,False,False,0.015597751021945716,0.8717597695216037,0.0,0.0
216,1.0,joint_recipe_proxy,False,0.005,mlp_base:C5:E2,12,state_CO,False,False,0.0201021468342506,0.8288670580106898,0.0,0.0
216,1.0,joint_recipe_proxy,False,0.005,mlp_base:C5:E2,12,state_UT,False,False,0.015597751021945716,0.8717597695216037,0.0,0.0
216,1.0,joint_recipe_proxy,False,0.01,mlp_base:C5:E2,12,state_CO,False,False,0.0201021468342506,0.8288670580106898,0.0,0.0
216,1.0,joint_recipe_proxy,False,0.01,mlp_base:C5:E2,12,state_UT,False,False,0.015597751021945716,0.8717597695216037,0.0,0.0
216,1.0,joint_recipe_proxy,False,0.02,mlp_stronger:C5:E8,12,state_CO,False,False,0.0017590681107421124,0.8472101367341983,0.0,0.0
216,1.0,joint_recipe_proxy,False,0.02,mlp_stronger:C5:E8,12,state_UT,False,False,0.0022217726746375233,0.8851357478689119,0.0,0.0
216,1.0,joint_recipe_proxy,True,0.0,mlp_base:C5:E2,12,state_CO,False,False,0.0201021468342506,0.8288670580106898,0.0,0.0
216,1.0,joint_recipe_proxy,True,0.0,mlp_base:C5:E2,12,state_UT,False,False,0.015597751021945716,0.8717597695216037,0.0,0.0
216,1.0,joint_recipe_proxy,True,0.005,mlp_stronger:C5:E8,12,state_CO,False,False,0.0017590681107421124,0.8472101367341983,0.0,0.0
216,1.0,joint_recipe_proxy,True,0.005,mlp_stronger:C5:E8,12,state_UT,False,False,0.0022217726746375233,0.8851357478689119,0.0,0.0
216,1.0,joint_recipe_proxy,True,0.01,mlp_stronger:C5:E8,12,state_CO,False,False,0.0017590681107421124,0.8472101367341983,0.0,0.0
216,1.0,joint_recipe_proxy,True,0.01,mlp_stronger:C5:E8,12,state_UT,False,False,0.0022217726746375233,0.8851357478689119,0.0,0.0
216,1.0,joint_recipe_proxy,True,0.02,mlp_stronger:C5:E8,12,state_CO,False,False,0.0017590681107421124,0.8472101367341983,0.0,0.0
216,1.0,joint_recipe_proxy,True,0.02,mlp_stronger:C5:E8,12,state_UT,False,False,0.0022217726746375233,0.8851357478689119,0.0,0.0
216,1.0,logistic_shift,False,0.0,logistic:C5:E2,4,state_CO,False,False,0.022325992419750418,0.82664321242519,0.0,0.0
216,1.0,logistic_shift,False,0.0,logistic:C5:E2,4,state_UT,False,False,0.011169319772497688,0.8761882007710518,0.0,0.0
216,1.0,logistic_shift,False,0.005,logistic:C5:E2,4,state_CO,False,False,0.022325992419750418,0.82664321242519,0.0,0.0
216,1.0,logistic_shift,False,0.005,logistic:C5:E2,4,state_UT,False,False,0.011169319772497688,0.8761882007710518,0.0,0.0
216,1.0,logistic_shift,False,0.01,logistic:C5:E2,4,state_CO,False,False,0.022325992419750418,0.82664321242519,0.0,0.0
216,1.0,logistic_shift,False,0.01,logistic:C5:E2,4,state_UT,False,False,0.011169319772497688,0.8761882007710518,0.0,0.0
216,1.0,logistic_shift,False,0.02,logistic:C5:E8,4,state_CO,False,False,0.004293460080721179,0.8446757447642192,0.0,0.0
216,1.0,logistic_shift,False,0.02,logistic:C5:E8,4,state_UT,False,False,0.001382358822681229,0.8859751617208682,0.0,0.0
216,1.0,logistic_shift,True,0.0,logistic:C5:E8,4,state_CO,False,False,0.004293460080721179,0.8446757447642192,0.0,0.0
216,1.0,logistic_shift,True,0.0,logistic:C5:E8,4,state_UT,False,False,0.001382358822681229,0.8859751617208682,0.0,0.0
216,1.0,logistic_shift,True,0.005,logistic:C5:E8,4,state_CO,False,False,0.004293460080721179,0.8446757447642192,0.0,0.0
216,1.0,logistic_shift,True,0.005,logistic:C5:E8,4,state_UT,False,False,0.001382358822681229,0.8859751617208682,0.0,0.0
216,1.0,logistic_shift,True,0.01,logistic:C5:E8,4,state_CO,False,False,0.004293460080721179,0.8446757447642192,0.0,0.0
216,1.0,logistic_shift,True,0.01,logistic:C5:E8,4,state_UT,False,False,0.001382358822681229,0.8859751617208682,0.0,0.0
216,1.0,logistic_shift,True,0.02,,4,state_CO,True,,,,,
216,1.0,logistic_shift,True,0.02,,4,state_UT,True,,,,,
217,1.0,epsilon_source,False,0.0,mlp_base:C1:E2,2,state_CO,False,False,0.022951068177287315,0.8070189464416242,0.0,0.0
217,1.0,epsilon_source,False,0.0,mlp_base:C1:E2,2,state_UT,False,False,0.023035888322950226,0.8527962310545402,0.0,0.0
217,1.0,epsilon_source,False,0.005,,2,state_CO,True,,,,,
217,1.0,epsilon_source,False,0.005,,2,state_UT,True,,,,,
217,1.0,epsilon_source,False,0.01,,2,state_CO,True,,,,,
217,1.0,epsilon_source,False,0.01,,2,state_UT,True,,,,,
217,1.0,epsilon_source,False,0.02,,2,state_CO,True,,,,,
217,1.0,epsilon_source,False,0.02,,2,state_UT,True,,,,,
217,1.0,epsilon_source,True,0.0,,2,state_CO,True,,,,,
217,1.0,epsilon_source,True,0.0,,2,state_UT,True,,,,,
217,1.0,epsilon_source,True,0.005,,2,state_CO,True,,,,,
217,1.0,epsilon_source,True,0.005,,2,state_UT,True,,,,,
217,1.0,epsilon_source,True,0.01,,2,state_CO,True,,,,,
217,1.0,epsilon_source,True,0.01,,2,state_UT,True,,,,,
217,1.0,epsilon_source,True,0.02,,2,state_CO,True,,,,,
217,1.0,epsilon_source,True,0.02,,2,state_UT,True,,,,,
217,1.0,epsilon_shift,False,0.0,,2,state_CO,True,,,,,
217,1.0,epsilon_shift,False,0.0,,2,state_UT,True,,,,,
217,1.0,epsilon_shift,False,0.005,,2,state_CO,True,,,,,
217,1.0,epsilon_shift,False,0.005,,2,state_UT,True,,,,,
217,1.0,epsilon_shift,False,0.01,,2,state_CO,True,,,,,
217,1.0,epsilon_shift,False,0.01,,2,state_UT,True,,,,,
217,1.0,epsilon_shift,False,0.02,,2,state_CO,True,,,,,
217,1.0,epsilon_shift,False,0.02,,2,state_UT,True,,,,,
217,1.0,epsilon_shift,True,0.0,,2,state_CO,True,,,,,
217,1.0,epsilon_shift,True,0.0,,2,state_UT,True,,,,,
217,1.0,epsilon_shift,True,0.005,,2,state_CO,True,,,,,
217,1.0,epsilon_shift,True,0.005,,2,state_UT,True,,,,,
217,1.0,epsilon_shift,True,0.01,,2,state_CO,True,,,,,
217,1.0,epsilon_shift,True,0.01,,2,state_UT,True,,,,,
217,1.0,epsilon_shift,True,0.02,,2,state_CO,True,,,,,
217,1.0,epsilon_shift,True,0.02,,2,state_UT,True,,,,,
217,1.0,joint_clip_source,False,0.0,mlp_base:C5:E2,4,state_CO,False,False,0.017850023257359293,0.8121199913615522,0.0,0.0
217,1.0,joint_clip_source,False,0.0,mlp_base:C5:E2,4,state_UT,False,False,0.005064750051370748,0.8707673693261196,0.0,0.0
217,1.0,joint_clip_source,False,0.005,mlp_base:C5:E2,4,state_CO,False,False,0.017850023257359293,0.8121199913615522,0.0,0.0
217,1.0,joint_clip_source,False,0.005,mlp_base:C5:E2,4,state_UT,False,False,0.005064750051370748,0.8707673693261196,0.0,0.0
217,1.0,joint_clip_source,False,0.01,mlp_base:C5:E2,4,state_CO,False,False,0.017850023257359293,0.8121199913615522,0.0,0.0
217,1.0,joint_clip_source,False,0.01,mlp_base:C5:E2,4,state_UT,False,False,0.005064750051370748,0.8707673693261196,0.0,0.0
217,1.0,joint_clip_source,False,0.02,mlp_base:C5:E8,4,state_CO,False,False,0.0045476443617514795,0.82542237025716,0.0,0.0
217,1.0,joint_clip_source,False,0.02,mlp_base:C5:E8,4,state_UT,False,False,-0.0011674639170996537,0.87699958329459,0.0,0.0
217,1.0,joint_clip_source,True,0.0,mlp_base:C5:E2,4,state_CO,False,False,0.017850023257359293,0.8121199913615522,0.0,0.0
217,1.0,joint_clip_source,True,0.0,mlp_base:C5:E2,4,state_UT,False,False,0.005064750051370748,0.8707673693261196,0.0,0.0
217,1.0,joint_clip_source,True,0.005,mlp_base:C5:E8,4,state_CO,False,False,0.0045476443617514795,0.82542237025716,0.0,0.0
217,1.0,joint_clip_source,True,0.005,mlp_base:C5:E8,4,state_UT,False,False,-0.0011674639170996537,0.87699958329459,0.0,0.0
217,1.0,joint_clip_source,True,0.01,mlp_base:C5:E8,4,state_CO,False,False,0.0045476443617514795,0.82542237025716,0.0,0.0
217,1.0,joint_clip_source,True,0.01,mlp_base:C5:E8,4,state_UT,False,False,-0.0011674639170996537,0.87699958329459,0.0,0.0
217,1.0,joint_clip_source,True,0.02,mlp_base:C5:E8,4,state_CO,False,False,0.0045476443617514795,0.82542237025716,0.0,0.0
217,1.0,joint_clip_source,True,0.02,mlp_base:C5:E8,4,state_UT,False,False,-0.0011674639170996537,0.87699958329459,0.0,0.0
217,1.0,joint_clip_shift,False,0.0,mlp_base:C5:E2,4,state_CO,False,False,0.017850023257359293,0.8121199913615522,0.0,0.0
217,1.0,joint_clip_shift,False,0.0,mlp_base:C5:E2,4,state_UT,False,False,0.005064750051370748,0.8707673693261196,0.0,0.0
217,1.0,joint_clip_shift,False,0.005,mlp_base:C5:E8,4,state_CO,False,False,0.0045476443617514795,0.82542237025716,0.0,0.0
217,1.0,joint_clip_shift,False,0.005,mlp_base:C5:E8,4,state_UT,False,False,-0.0011674639170996537,0.87699958329459,0.0,0.0
217,1.0,joint_clip_shift,False,0.01,mlp_base:C5:E8,4,state_CO,False,False,0.0045476443617514795,0.82542237025716,0.0,0.0
217,1.0,joint_clip_shift,False,0.01,mlp_base:C5:E8,4,state_UT,False,False,-0.0011674639170996537,0.87699958329459,0.0,0.0
217,1.0,joint_clip_shift,False,0.02,mlp_base:C5:E8,4,state_CO,False,False,0.0045476443617514795,0.82542237025716,0.0,0.0
217,1.0,joint_clip_shift,False,0.02,mlp_base:C5:E8,4,state_UT,False,False,-0.0011674639170996537,0.87699958329459,0.0,0.0
217,1.0,joint_clip_shift,True,0.0,mlp_base:C5:E8,4,state_CO,False,False,0.0045476443617514795,0.82542237025716,0.0,0.0
217,1.0,joint_clip_shift,True,0.0,mlp_base:C5:E8,4,state_UT,False,False,-0.0011674639170996537,0.87699958329459,0.0,0.0
217,1.0,joint_clip_shift,True,0.005,mlp_base:C5:E8,4,state_CO,False,False,0.0045476443617514795,0.82542237025716,0.0,0.0
217,1.0,joint_clip_shift,True,0.005,mlp_base:C5:E8,4,state_UT,False,False,-0.0011674639170996537,0.87699958329459,0.0,0.0
217,1.0,joint_clip_shift,True,0.01,mlp_base:C5:E8,4,state_CO,False,False,0.0045476443617514795,0.82542237025716,0.0,0.0
217,1.0,joint_clip_shift,True,0.01,mlp_base:C5:E8,4,state_UT,False,False,-0.0011674639170996537,0.87699958329459,0.0,0.0
217,1.0,joint_clip_shift,True,0.02,,4,state_CO,True,,,,,
217,1.0,joint_clip_shift,True,0.02,,4,state_UT,True,,,,,
217,1.0,joint_recipe_source,False,0.0,mlp_base:C5:E2,12,state_CO,False,False,0.017850023257359293,0.8121199913615522,0.0,0.0
217,1.0,joint_recipe_source,False,0.0,mlp_base:C5:E2,12,state_UT,False,False,0.005064750051370748,0.8707673693261196,0.0,0.0
217,1.0,joint_recipe_source,False,0.005,mlp_base:C5:E2,12,state_CO,False,False,0.017850023257359293,0.8121199913615522,0.0,0.0
217,1.0,joint_recipe_source,False,0.005,mlp_base:C5:E2,12,state_UT,False,False,0.005064750051370748,0.8707673693261196,0.0,0.0
217,1.0,joint_recipe_source,False,0.01,mlp_base:C5:E2,12,state_CO,False,False,0.017850023257359293,0.8121199913615522,0.0,0.0
217,1.0,joint_recipe_source,False,0.01,mlp_base:C5:E2,12,state_UT,False,False,0.005064750051370748,0.8707673693261196,0.0,0.0
217,1.0,joint_recipe_source,False,0.02,mlp_stronger:C5:E8,12,state_CO,False,False,0.0034117715462822495,0.8265582430726293,0.0,0.0
217,1.0,joint_recipe_source,False,0.02,mlp_stronger:C5:E8,12,state_UT,False,False,0.0023303360390486416,0.8735017833384418,0.0,0.0
217,1.0,joint_recipe_source,True,0.0,mlp_base:C5:E2,12,state_CO,False,False,0.017850023257359293,0.8121199913615522,0.0,0.0
217,1.0,joint_recipe_source,True,0.0,mlp_base:C5:E2,12,state_UT,False,False,0.005064750051370748,0.8707673693261196,0.0,0.0
217,1.0,joint_recipe_source,True,0.005,mlp_stronger:C5:E2,12,state_CO,False,False,0.01402242258621822,0.8159475920326933,0.0,0.0
217,1.0,joint_recipe_source,True,0.005,mlp_stronger:C5:E2,12,state_UT,False,False,0.01357908620980608,0.8622530331676843,0.0,0.0
217,1.0,joint_recipe_source,True,0.01,mlp_stronger:C5:E8,12,state_CO,False,False,0.0034117715462822495,0.8265582430726293,0.0,0.0
217,1.0,joint_recipe_source,True,0.01,mlp_stronger:C5:E8,12,state_UT,False,False,0.0023303360390486416,0.8735017833384418,0.0,0.0
217,1.0,joint_recipe_source,True,0.02,mlp_stronger:C5:E8,12,state_CO,False,False,0.0034117715462822495,0.8265582430726293,0.0,0.0
217,1.0,joint_recipe_source,True,0.02,mlp_stronger:C5:E8,12,state_UT,False,False,0.0023303360390486416,0.8735017833384418,0.0,0.0
217,1.0,joint_recipe_shift,False,0.0,mlp_base:C5:E2,12,state_CO,False,False,0.017850023257359293,0.8121199913615522,0.0,0.0
217,1.0,joint_recipe_shift,False,0.0,mlp_base:C5:E2,12,state_UT,False,False,0.005064750051370748,0.8707673693261196,0.0,0.0
217,1.0,joint_recipe_shift,False,0.005,mlp_stronger:C5:E2,12,state_CO,False,False,0.01402242258621822,0.8159475920326933,0.0,0.0
217,1.0,joint_recipe_shift,False,0.005,mlp_stronger:C5:E2,12,state_UT,False,False,0.01357908620980608,0.8622530331676843,0.0,0.0
217,1.0,joint_recipe_shift,False,0.01,mlp_stronger:C5:E2,12,state_CO,False,False,0.01402242258621822,0.8159475920326933,0.0,0.0
217,1.0,joint_recipe_shift,False,0.01,mlp_stronger:C5:E2,12,state_UT,False,False,0.01357908620980608,0.8622530331676843,0.0,0.0
217,1.0,joint_recipe_shift,False,0.02,mlp_stronger:C5:E8,12,state_CO,False,False,0.0034117715462822495,0.8265582430726293,0.0,0.0
217,1.0,joint_recipe_shift,False,0.02,mlp_stronger:C5:E8,12,state_UT,False,False,0.0023303360390486416,0.8735017833384418,0.0,0.0
217,1.0,joint_recipe_shift,True,0.0,mlp_stronger:C5:E2,12,state_CO,False,False,0.01402242258621822,0.8159475920326933,0.0,0.0
217,1.0,joint_recipe_shift,True,0.0,mlp_stronger:C5:E2,12,state_UT,False,False,0.01357908620980608,0.8622530331676843,0.0,0.0
217,1.0,joint_recipe_shift,True,0.005,mlp_stronger:C5:E2,12,state_CO,False,False,0.01402242258621822,0.8159475920326933,0.0,0.0
217,1.0,joint_recipe_shift,True,0.005,mlp_stronger:C5:E2,12,state_UT,False,False,0.01357908620980608,0.8622530331676843,0.0,0.0
217,1.0,joint_recipe_shift,True,0.01,mlp_stronger:C5:E8,12,state_CO,False,False,0.0034117715462822495,0.8265582430726293,0.0,0.0
217,1.0,joint_recipe_shift,True,0.01,mlp_stronger:C5:E8,12,state_UT,False,False,0.0023303360390486416,0.8735017833384418,0.0,0.0
217,1.0,joint_recipe_shift,True,0.02,mlp_stronger:C5:E8,12,state_CO,False,False,0.0034117715462822495,0.8265582430726293,0.0,0.0
217,1.0,joint_recipe_shift,True,0.02,mlp_stronger:C5:E8,12,state_UT,False,False,0.0023303360390486416,0.8735017833384418,0.0,0.0
217,1.0,joint_recipe_proxy,False,0.0,mlp_base:C5:E2,12,state_CO,False,False,0.017850023257359293,0.8121199913615522,0.0,0.0
217,1.0,joint_recipe_proxy,False,0.0,mlp_base:C5:E2,12,state_UT,False,False,0.005064750051370748,0.8707673693261196,0.0,0.0
217,1.0,joint_recipe_proxy,False,0.005,mlp_base:C5:E2,12,state_CO,False,False,0.017850023257359293,0.8121199913615522,0.0,0.0
217,1.0,joint_recipe_proxy,False,0.005,mlp_base:C5:E2,12,state_UT,False,False,0.005064750051370748,0.8707673693261196,0.0,0.0
217,1.0,joint_recipe_proxy,False,0.01,mlp_base:C5:E2,12,state_CO,False,False,0.017850023257359293,0.8121199913615522,0.0,0.0
217,1.0,joint_recipe_proxy,False,0.01,mlp_base:C5:E2,12,state_UT,False,False,0.005064750051370748,0.8707673693261196,0.0,0.0
217,1.0,joint_recipe_proxy,False,0.02,logistic:C5:E8,12,state_CO,False,False,-0.0014982307794539906,0.8314682453983655,0.0,0.0
217,1.0,joint_recipe_proxy,False,0.02,logistic:C5:E8,12,state_UT,False,False,0.009106677732892976,0.8667254416445974,0.0,0.0
217,1.0,joint_recipe_proxy,True,0.0,mlp_base:C5:E2,12,state_CO,False,False,0.017850023257359293,0.8121199913615522,0.0,0.0
217,1.0,joint_recipe_proxy,True,0.0,mlp_base:C5:E2,12,state_UT,False,False,0.005064750051370748,0.8707673693261196,0.0,0.0
217,1.0,joint_recipe_proxy,True,0.005,logistic:C5:E8,12,state_CO,False,False,-0.0014982307794539906,0.8314682453983655,0.0,0.0
217,1.0,joint_recipe_proxy,True,0.005,logistic:C5:E8,12,state_UT,False,False,0.009106677732892976,0.8667254416445974,0.0,0.0
217,1.0,joint_recipe_proxy,True,0.01,logistic:C5:E8,12,state_CO,False,False,-0.0014982307794539906,0.8314682453983655,0.0,0.0
217,1.0,joint_recipe_proxy,True,0.01,logistic:C5:E8,12,state_UT,False,False,0.009106677732892976,0.8667254416445974,0.0,0.0
217,1.0,joint_recipe_proxy,True,0.02,mlp_base:C5:E8,12,state_CO,False,False,0.0045476443617514795,0.82542237025716,0.0,0.0
217,1.0,joint_recipe_proxy,True,0.02,mlp_base:C5:E8,12,state_UT,False,False,-0.0011674639170996537,0.87699958329459,0.0,0.0
217,1.0,logistic_shift,False,0.0,logistic:C5:E8,4,state_CO,False,False,-0.0014982307794539906,0.8314682453983655,0.0,0.0
217,1.0,logistic_shift,False,0.0,logistic:C5:E8,4,state_UT,False,False,0.009106677732892976,0.8667254416445974,0.0,0.0
217,1.0,logistic_shift,False,0.005,logistic:C5:E8,4,state_CO,False,False,-0.0014982307794539906,0.8314682453983655,0.0,0.0
217,1.0,logistic_shift,False,0.005,logistic:C5:E8,4,state_UT,False,False,0.009106677732892976,0.8667254416445974,0.0,0.0
217,1.0,logistic_shift,False,0.01,logistic:C5:E8,4,state_CO,False,False,-0.0014982307794539906,0.8314682453983655,0.0,0.0
217,1.0,logistic_shift,False,0.01,logistic:C5:E8,4,state_UT,False,False,0.009106677732892976,0.8667254416445974,0.0,0.0
217,1.0,logistic_shift,False,0.02,,4,state_CO,True,,,,,
217,1.0,logistic_shift,False,0.02,,4,state_UT,True,,,,,
217,1.0,logistic_shift,True,0.0,logistic:C5:E8,4,state_CO,False,False,-0.0014982307794539906,0.8314682453983655,0.0,0.0
217,1.0,logistic_shift,True,0.0,logistic:C5:E8,4,state_UT,False,False,0.009106677732892976,0.8667254416445974,0.0,0.0
217,1.0,logistic_shift,True,0.005,logistic:C5:E8,4,state_CO,False,False,-0.0014982307794539906,0.8314682453983655,0.0,0.0
217,1.0,logistic_shift,True,0.005,logistic:C5:E8,4,state_UT,False,False,0.009106677732892976,0.8667254416445974,0.0,0.0
217,1.0,logistic_shift,True,0.01,logistic:C5:E8,4,state_CO,False,False,-0.0014982307794539906,0.8314682453983655,0.0,0.0
217,1.0,logistic_shift,True,0.01,logistic:C5:E8,4,state_UT,False,False,0.009106677732892976,0.8667254416445974,0.0,0.0
217,1.0,logistic_shift,True,0.02,,4,state_CO,True,,,,,
217,1.0,logistic_shift,True,0.02,,4,state_UT,True,,,,,
218,1.0,epsilon_source,False,0.0,mlp_base:C1:E2,2,state_CO,False,False,0.023377051662433757,0.8256873788602677,0.0,0.0
218,1.0,epsilon_source,False,0.0,mlp_base:C1:E2,2,state_UT,False,False,0.022251527598824317,0.8486681939851461,0.0,0.0
218,1.0,epsilon_source,False,0.005,mlp_base:C1:E8,2,state_CO,False,False,0.02255415704376007,0.8265102734789413,0.0,0.0
218,1.0,epsilon_source,False,0.005,mlp_base:C1:E8,2,state_UT,False,False,0.020100722280346983,0.8508189993036235,0.0,0.0
218,1.0,epsilon_source,False,0.01,,2,state_CO,True,,,,,
218,1.0,epsilon_source,False,0.01,,2,state_UT,True,,,,,
218,1.0,epsilon_source,False,0.02,,2,state_CO,True,,,,,
218,1.0,epsilon_source,False,0.02,,2,state_UT,True,,,,,
218,1.0,epsilon_source,True,0.0,,2,state_CO,True,,,,,
218,1.0,epsilon_source,True,0.0,,2,state_UT,True,,,,,
218,1.0,epsilon_source,True,0.005,,2,state_CO,True,,,,,
218,1.0,epsilon_source,True,0.005,,2,state_UT,True,,,,,
218,1.0,epsilon_source,True,0.01,,2,state_CO,True,,,,,
218,1.0,epsilon_source,True,0.01,,2,state_UT,True,,,,,
218,1.0,epsilon_source,True,0.02,,2,state_CO,True,,,,,
218,1.0,epsilon_source,True,0.02,,2,state_UT,True,,,,,
218,1.0,epsilon_shift,False,0.0,mlp_base:C1:E2,2,state_CO,False,False,0.023377051662433757,0.8256873788602677,0.0,0.0
218,1.0,epsilon_shift,False,0.0,mlp_base:C1:E2,2,state_UT,False,False,0.022251527598824317,0.8486681939851461,0.0,0.0
218,1.0,epsilon_shift,False,0.005,,2,state_CO,True,,,,,
218,1.0,epsilon_shift,False,0.005,,2,state_UT,True,,,,,
218,1.0,epsilon_shift,False,0.01,,2,state_CO,True,,,,,
218,1.0,epsilon_shift,False,0.01,,2,state_UT,True,,,,,
218,1.0,epsilon_shift,False,0.02,,2,state_CO,True,,,,,
218,1.0,epsilon_shift,False,0.02,,2,state_UT,True,,,,,
218,1.0,epsilon_shift,True,0.0,,2,state_CO,True,,,,,
218,1.0,epsilon_shift,True,0.0,,2,state_UT,True,,,,,
218,1.0,epsilon_shift,True,0.005,,2,state_CO,True,,,,,
218,1.0,epsilon_shift,True,0.005,,2,state_UT,True,,,,,
218,1.0,epsilon_shift,True,0.01,,2,state_CO,True,,,,,
218,1.0,epsilon_shift,True,0.01,,2,state_UT,True,,,,,
218,1.0,epsilon_shift,True,0.02,,2,state_CO,True,,,,,
218,1.0,epsilon_shift,True,0.02,,2,state_UT,True,,,,,
218,1.0,joint_clip_source,False,0.0,mlp_base:C5:E2,4,state_CO,False,False,0.010705926396820886,0.8383585041258805,0.0,0.0
218,1.0,joint_clip_source,False,0.0,mlp_base:C5:E2,4,state_UT,False,False,0.010560027989624965,0.8603596935943455,0.0,0.0
218,1.0,joint_clip_source,False,0.005,mlp_base:C5:E2,4,state_CO,False,False,0.010705926396820886,0.8383585041258805,0.0,0.0
218,1.0,joint_clip_source,False,0.005,mlp_base:C5:E2,4,state_UT,False,False,0.010560027989624965,0.8603596935943455,0.0,0.0
218,1.0,joint_clip_source,False,0.01,mlp_base:C5:E2,4,state_CO,False,False,0.010705926396820886,0.8383585041258805,0.0,0.0
218,1.0,joint_clip_source,False,0.01,mlp_base:C5:E2,4,state_UT,False,False,0.010560027989624965,0.8603596935943455,0.0,0.0
218,1.0,joint_clip_source,False,0.02,mlp_base:C5:E8,4,state_CO,False,False,0.0009125989469851437,0.8481518315757163,0.0,0.0
218,1.0,joint_clip_source,False,0.02,mlp_base:C5:E8,4,state_UT,False,False,0.0027608356069295237,0.8681588859770409,0.0,0.0
218,1.0,joint_clip_source,True,0.0,mlp_base:C5:E2,4,state_CO,False,False,0.010705926396820886,0.8383585041258805,0.0,0.0
218,1.0,joint_clip_source,True,0.0,mlp_base:C5:E2,4,state_UT,False,False,0.010560027989624965,0.8603596935943455,0.0,0.0
218,1.0,joint_clip_source,True,0.005,mlp_base:C5:E8,4,state_CO,False,False,0.0009125989469851437,0.8481518315757163,0.0,0.0
218,1.0,joint_clip_source,True,0.005,mlp_base:C5:E8,4,state_UT,False,False,0.0027608356069295237,0.8681588859770409,0.0,0.0
218,1.0,joint_clip_source,True,0.01,mlp_base:C5:E8,4,state_CO,False,False,0.0009125989469851437,0.8481518315757163,0.0,0.0
218,1.0,joint_clip_source,True,0.01,mlp_base:C5:E8,4,state_UT,False,False,0.0027608356069295237,0.8681588859770409,0.0,0.0
218,1.0,joint_clip_source,True,0.02,mlp_base:C5:E8,4,state_CO,False,False,0.0009125989469851437,0.8481518315757163,0.0,0.0
218,1.0,joint_clip_source,True,0.02,mlp_base:C5:E8,4,state_UT,False,False,0.0027608356069295237,0.8681588859770409,0.0,0.0
218,1.0,joint_clip_shift,False,0.0,mlp_base:C5:E2,4,state_CO,False,False,0.010705926396820886,0.8383585041258805,0.0,0.0
218,1.0,joint_clip_shift,False,0.0,mlp_base:C5:E2,4,state_UT,False,False,0.010560027989624965,0.8603596935943455,0.0,0.0
218,1.0,joint_clip_shift,False,0.005,mlp_base:C5:E2,4,state_CO,False,False,0.010705926396820886,0.8383585041258805,0.0,0.0
218,1.0,joint_clip_shift,False,0.005,mlp_base:C5:E2,4,state_UT,False,False,0.010560027989624965,0.8603596935943455,0.0,0.0
218,1.0,joint_clip_shift,False,0.01,mlp_base:C5:E8,4,state_CO,False,False,0.0009125989469851437,0.8481518315757163,0.0,0.0
218,1.0,joint_clip_shift,False,0.01,mlp_base:C5:E8,4,state_UT,False,False,0.0027608356069295237,0.8681588859770409,0.0,0.0
218,1.0,joint_clip_shift,False,0.02,mlp_base:C5:E8,4,state_CO,False,False,0.0009125989469851437,0.8481518315757163,0.0,0.0
218,1.0,joint_clip_shift,False,0.02,mlp_base:C5:E8,4,state_UT,False,False,0.0027608356069295237,0.8681588859770409,0.0,0.0
218,1.0,joint_clip_shift,True,0.0,mlp_base:C5:E8,4,state_CO,False,False,0.0009125989469851437,0.8481518315757163,0.0,0.0
218,1.0,joint_clip_shift,True,0.0,mlp_base:C5:E8,4,state_UT,False,False,0.0027608356069295237,0.8681588859770409,0.0,0.0
218,1.0,joint_clip_shift,True,0.005,mlp_base:C5:E8,4,state_CO,False,False,0.0009125989469851437,0.8481518315757163,0.0,0.0
218,1.0,joint_clip_shift,True,0.005,mlp_base:C5:E8,4,state_UT,False,False,0.0027608356069295237,0.8681588859770409,0.0,0.0
218,1.0,joint_clip_shift,True,0.01,mlp_base:C5:E8,4,state_CO,False,False,0.0009125989469851437,0.8481518315757163,0.0,0.0
218,1.0,joint_clip_shift,True,0.01,mlp_base:C5:E8,4,state_UT,False,False,0.0027608356069295237,0.8681588859770409,0.0,0.0
218,1.0,joint_clip_shift,True,0.02,mlp_base:C5:E8,4,state_CO,False,False,0.0009125989469851437,0.8481518315757163,0.0,0.0
218,1.0,joint_clip_shift,True,0.02,mlp_base:C5:E8,4,state_UT,False,False,0.0027608356069295237,0.8681588859770409,0.0,0.0
218,1.0,joint_recipe_source,False,0.0,mlp_base:C5:E2,12,state_CO,False,False,0.010705926396820886,0.8383585041258805,0.0,0.0
218,1.0,joint_recipe_source,False,0.0,mlp_base:C5:E2,12,state_UT,False,False,0.010560027989624965,0.8603596935943455,0.0,0.0
218,1.0,joint_recipe_source,False,0.005,mlp_base:C5:E2,12,state_CO,False,False,0.010705926396820886,0.8383585041258805,0.0,0.0
218,1.0,joint_recipe_source,False,0.005,mlp_base:C5:E2,12,state_UT,False,False,0.010560027989624965,0.8603596935943455,0.0,0.0
218,1.0,joint_recipe_source,False,0.01,mlp_base:C5:E2,12,state_CO,False,False,0.010705926396820886,0.8383585041258805,0.0,0.0
218,1.0,joint_recipe_source,False,0.01,mlp_base:C5:E2,12,state_UT,False,False,0.010560027989624965,0.8603596935943455,0.0,0.0
218,1.0,joint_recipe_source,False,0.02,mlp_stronger:C5:E2,12,state_CO,False,False,0.017487677321605055,0.8315767532010964,0.0,0.0
218,1.0,joint_recipe_source,False,0.02,mlp_stronger:C5:E2,12,state_UT,False,False,0.006361584239687912,0.8645581373442826,0.0,0.0
218,1.0,joint_recipe_source,True,0.0,mlp_base:C5:E2,12,state_CO,False,False,0.010705926396820886,0.8383585041258805,0.0,0.0
218,1.0,joint_recipe_source,True,0.0,mlp_base:C5:E2,12,state_UT,False,False,0.010560027989624965,0.8603596935943455,0.0,0.0
218,1.0,joint_recipe_source,True,0.005,mlp_stronger:C5:E2,12,state_CO,False,False,0.017487677321605055,0.8315767532010964,0.0,0.0
218,1.0,joint_recipe_source,True,0.005,mlp_stronger:C5:E2,12,state_UT,False,False,0.006361584239687912,0.8645581373442826,0.0,0.0
218,1.0,joint_recipe_source,True,0.01,mlp_stronger:C5:E2,12,state_CO,False,False,0.017487677321605055,0.8315767532010964,0.0,0.0
218,1.0,joint_recipe_source,True,0.01,mlp_stronger:C5:E2,12,state_UT,False,False,0.006361584239687912,0.8645581373442826,0.0,0.0
218,1.0,joint_recipe_source,True,0.02,mlp_stronger:C5:E8,12,state_CO,False,False,0.0028632791961662463,0.8462011513265352,0.0,0.0
218,1.0,joint_recipe_source,True,0.02,mlp_stronger:C5:E8,12,state_UT,False,False,-0.0006930123497492779,0.8716127339337197,0.0,0.0
218,1.0,joint_recipe_shift,False,0.0,mlp_base:C5:E2,12,state_CO,False,False,0.010705926396820886,0.8383585041258805,0.0,0.0
218,1.0,joint_recipe_shift,False,0.0,mlp_base:C5:E2,12,state_UT,False,False,0.010560027989624965,0.8603596935943455,0.0,0.0
218,1.0,joint_recipe_shift,False,0.005,mlp_base:C5:E2,12,state_CO,False,False,0.010705926396820886,0.8383585041258805,0.0,0.0
218,1.0,joint_recipe_shift,False,0.005,mlp_base:C5:E2,12,state_UT,False,False,0.010560027989624965,0.8603596935943455,0.0,0.0
218,1.0,joint_recipe_shift,False,0.01,mlp_stronger:C5:E2,12,state_CO,False,False,0.017487677321605055,0.8315767532010964,0.0,0.0
218,1.0,joint_recipe_shift,False,0.01,mlp_stronger:C5:E2,12,state_UT,False,False,0.006361584239687912,0.8645581373442826,0.0,0.0
218,1.0,joint_recipe_shift,False,0.02,mlp_stronger:C5:E8,12,state_CO,False,False,0.0028632791961662463,0.8462011513265352,0.0,0.0
218,1.0,joint_recipe_shift,False,0.02,mlp_stronger:C5:E8,12,state_UT,False,False,-0.0006930123497492779,0.8716127339337197,0.0,0.0
218,1.0,joint_recipe_shift,True,0.0,mlp_stronger:C5:E2,12,state_CO,False,False,0.017487677321605055,0.8315767532010964,0.0,0.0
218,1.0,joint_recipe_shift,True,0.0,mlp_stronger:C5:E2,12,state_UT,False,False,0.006361584239687912,0.8645581373442826,0.0,0.0
218,1.0,joint_recipe_shift,True,0.005,mlp_stronger:C5:E8,12,state_CO,False,False,0.0028632791961662463,0.8462011513265352,0.0,0.0
218,1.0,joint_recipe_shift,True,0.005,mlp_stronger:C5:E8,12,state_UT,False,False,-0.0006930123497492779,0.8716127339337197,0.0,0.0
218,1.0,joint_recipe_shift,True,0.01,mlp_stronger:C5:E8,12,state_CO,False,False,0.0028632791961662463,0.8462011513265352,0.0,0.0
218,1.0,joint_recipe_shift,True,0.01,mlp_stronger:C5:E8,12,state_UT,False,False,-0.0006930123497492779,0.8716127339337197,0.0,0.0
218,1.0,joint_recipe_shift,True,0.02,mlp_stronger:C5:E8,12,state_CO,False,False,0.0028632791961662463,0.8462011513265352,0.0,0.0
218,1.0,joint_recipe_shift,True,0.02,mlp_stronger:C5:E8,12,state_UT,False,False,-0.0006930123497492779,0.8716127339337197,0.0,0.0
218,1.0,joint_recipe_proxy,False,0.0,mlp_base:C5:E2,12,state_CO,False,False,0.010705926396820886,0.8383585041258805,0.0,0.0
218,1.0,joint_recipe_proxy,False,0.0,mlp_base:C5:E2,12,state_UT,False,False,0.010560027989624965,0.8603596935943455,0.0,0.0
218,1.0,joint_recipe_proxy,False,0.005,mlp_base:C5:E2,12,state_CO,False,False,0.010705926396820886,0.8383585041258805,0.0,0.0
218,1.0,joint_recipe_proxy,False,0.005,mlp_base:C5:E2,12,state_UT,False,False,0.010560027989624965,0.8603596935943455,0.0,0.0
218,1.0,joint_recipe_proxy,False,0.01,mlp_stronger:C5:E2,12,state_CO,False,False,0.017487677321605055,0.8315767532010964,0.0,0.0
218,1.0,joint_recipe_proxy,False,0.01,mlp_stronger:C5:E2,12,state_UT,False,False,0.006361584239687912,0.8645581373442826,0.0,0.0
218,1.0,joint_recipe_proxy,False,0.02,mlp_stronger:C5:E8,12,state_CO,False,False,0.0028632791961662463,0.8462011513265352,0.0,0.0
218,1.0,joint_recipe_proxy,False,0.02,mlp_stronger:C5:E8,12,state_UT,False,False,-0.0006930123497492779,0.8716127339337197,0.0,0.0
218,1.0,joint_recipe_proxy,True,0.0,mlp_stronger:C5:E2,12,state_CO,False,False,0.017487677321605055,0.8315767532010964,0.0,0.0
218,1.0,joint_recipe_proxy,True,0.0,mlp_stronger:C5:E2,12,state_UT,False,False,0.006361584239687912,0.8645581373442826,0.0,0.0
218,1.0,joint_recipe_proxy,True,0.005,mlp_stronger:C5:E2,12,state_CO,False,False,0.017487677321605055,0.8315767532010964,0.0,0.0
218,1.0,joint_recipe_proxy,True,0.005,mlp_stronger:C5:E2,12,state_UT,False,False,0.006361584239687912,0.8645581373442826,0.0,0.0
218,1.0,joint_recipe_proxy,True,0.01,mlp_stronger:C5:E8,12,state_CO,False,False,0.0028632791961662463,0.8462011513265352,0.0,0.0
218,1.0,joint_recipe_proxy,True,0.01,mlp_stronger:C5:E8,12,state_UT,False,False,-0.0006930123497492779,0.8716127339337197,0.0,0.0
218,1.0,joint_recipe_proxy,True,0.02,mlp_stronger:C5:E8,12,state_CO,False,False,0.0028632791961662463,0.8462011513265352,0.0,0.0
218,1.0,joint_recipe_proxy,True,0.02,mlp_stronger:C5:E8,12,state_UT,False,False,-0.0006930123497492779,0.8716127339337197,0.0,0.0
218,1.0,logistic_shift,False,0.0,logistic:C5:E2,4,state_CO,False,False,0.004107732305691725,0.8449566982170097,0.0,0.0
218,1.0,logistic_shift,False,0.0,logistic:C5:E2,4,state_UT,False,False,0.013210968434296588,0.8577087531496739,0.0,0.0
218,1.0,logistic_shift,False,0.005,logistic:C5:E2,4,state_CO,False,False,0.004107732305691725,0.8449566982170097,0.0,0.0
218,1.0,logistic_shift,False,0.005,logistic:C5:E2,4,state_UT,False,False,0.013210968434296588,0.8577087531496739,0.0,0.0
218,1.0,logistic_shift,False,0.01,logistic:C1:E2,4,state_CO,False,False,0.015679072135761585,0.8333853583869398,0.0,0.0
218,1.0,logistic_shift,False,0.01,logistic:C1:E2,4,state_UT,False,False,0.01595049783629887,0.8549692237476716,0.0,0.0
218,1.0,logistic_shift,False,0.02,logistic:C5:E8,4,state_CO,False,False,-0.0009634141156241727,0.8500278446383256,0.0,0.0
218,1.0,logistic_shift,False,0.02,logistic:C5:E8,4,state_UT,False,False,0.0031432259164189125,0.8677764956675516,0.0,0.0
218,1.0,logistic_shift,True,0.0,logistic:C5:E8,4,state_CO,False,False,-0.0009634141156241727,0.8500278446383256,0.0,0.0
218,1.0,logistic_shift,True,0.0,logistic:C5:E8,4,state_UT,False,False,0.0031432259164189125,0.8677764956675516,0.0,0.0
218,1.0,logistic_shift,True,0.005,logistic:C5:E8,4,state_CO,False,False,-0.0009634141156241727,0.8500278446383256,0.0,0.0
218,1.0,logistic_shift,True,0.005,logistic:C5:E8,4,state_UT,False,False,0.0031432259164189125,0.8677764956675516,0.0,0.0
218,1.0,logistic_shift,True,0.01,logistic:C5:E8,4,state_CO,False,False,-0.0009634141156241727,0.8500278446383256,0.0,0.0
218,1.0,logistic_shift,True,0.01,logistic:C5:E8,4,state_UT,False,False,0.0031432259164189125,0.8677764956675516,0.0,0.0
218,1.0,logistic_shift,True,0.02,,4,state_CO,True,,,,,
218,1.0,logistic_shift,True,0.02,,4,state_UT,True,,,,,
219,1.0,epsilon_source,False,0.0,mlp_base:C1:E2,2,state_CO,False,False,0.009641419912559623,0.8168947900105988,0.0,0.0
219,1.0,epsilon_source,False,0.0,mlp_base:C1:E2,2,state_UT,False,False,0.009097570049361181,0.8589196110990128,0.0,0.0
219,1.0,epsilon_source,False,0.005,mlp_base:C1:E2,2,state_CO,False,False,0.009641419912559623,0.8168947900105988,0.0,0.0
219,1.0,epsilon_source,False,0.005,mlp_base:C1:E2,2,state_UT,False,False,0.009097570049361181,0.8589196110990128,0.0,0.0
219,1.0,epsilon_source,False,0.01,mlp_base:C1:E2,2,state_CO,False,False,0.009641419912559623,0.8168947900105988,0.0,0.0
219,1.0,epsilon_source,False,0.01,mlp_base:C1:E2,2,state_UT,False,False,0.009097570049361181,0.8589196110990128,0.0,0.0
219,1.0,epsilon_source,False,0.02,,2,state_CO,True,,,,,
219,1.0,epsilon_source,False,0.02,,2,state_UT,True,,,,,
219,1.0,epsilon_source,True,0.0,,2,state_CO,True,,,,,
219,1.0,epsilon_source,True,0.0,,2,state_UT,True,,,,,
219,1.0,epsilon_source,True,0.005,,2,state_CO,True,,,,,
219,1.0,epsilon_source,True,0.005,,2,state_UT,True,,,,,
219,1.0,epsilon_source,True,0.01,,2,state_CO,True,,,,,
219,1.0,epsilon_source,True,0.01,,2,state_UT,True,,,,,
219,1.0,epsilon_source,True,0.02,,2,state_CO,True,,,,,
219,1.0,epsilon_source,True,0.02,,2,state_UT,True,,,,,
219,1.0,epsilon_shift,False,0.0,mlp_base:C1:E2,2,state_CO,False,False,0.009641419912559623,0.8168947900105988,0.0,0.0
219,1.0,epsilon_shift,False,0.0,mlp_base:C1:E2,2,state_UT,False,False,0.009097570049361181,0.8589196110990128,0.0,0.0
219,1.0,epsilon_shift,False,0.005,mlp_base:C1:E2,2,state_CO,False,False,0.009641419912559623,0.8168947900105988,0.0,0.0
219,1.0,epsilon_shift,False,0.005,mlp_base:C1:E2,2,state_UT,False,False,0.009097570049361181,0.8589196110990128,0.0,0.0
219,1.0,epsilon_shift,False,0.01,,2,state_CO,True,,,,,
219,1.0,epsilon_shift,False,0.01,,2,state_UT,True,,,,,
219,1.0,epsilon_shift,False,0.02,,2,state_CO,True,,,,,
219,1.0,epsilon_shift,False,0.02,,2,state_UT,True,,,,,
219,1.0,epsilon_shift,True,0.0,,2,state_CO,True,,,,,
219,1.0,epsilon_shift,True,0.0,,2,state_UT,True,,,,,
219,1.0,epsilon_shift,True,0.005,,2,state_CO,True,,,,,
219,1.0,epsilon_shift,True,0.005,,2,state_UT,True,,,,,
219,1.0,epsilon_shift,True,0.01,,2,state_CO,True,,,,,
219,1.0,epsilon_shift,True,0.01,,2,state_UT,True,,,,,
219,1.0,epsilon_shift,True,0.02,,2,state_CO,True,,,,,
219,1.0,epsilon_shift,True,0.02,,2,state_UT,True,,,,,
219,1.0,joint_clip_source,False,0.0,mlp_base:C5:E2,4,state_CO,False,False,0.011791202967673664,0.8147450069554848,0.0,0.0
219,1.0,joint_clip_source,False,0.0,mlp_base:C5:E2,4,state_UT,False,False,0.009210991942508628,0.8588061892058654,0.0,0.0
219,1.0,joint_clip_source,False,0.005,mlp_base:C5:E2,4,state_CO,False,False,0.011791202967673664,0.8147450069554848,0.0,0.0
219,1.0,joint_clip_source,False,0.005,mlp_base:C5:E2,4,state_UT,False,False,0.009210991942508628,0.8588061892058654,0.0,0.0
219,1.0,joint_clip_source,False,0.01,mlp_base:C5:E2,4,state_CO,False,False,0.011791202967673664,0.8147450069554848,0.0,0.0
219,1.0,joint_clip_source,False,0.01,mlp_base:C5:E2,4,state_UT,False,False,0.009210991942508628,0.8588061892058654,0.0,0.0
219,1.0,joint_clip_source,False,0.02,mlp_base:C5:E8,4,state_CO,False,False,-0.0005521951179120466,0.8270884050410705,0.0,0.0
219,1.0,joint_clip_source,False,0.02,mlp_base:C5:E8,4,state_UT,False,False,0.0002302464430893325,0.8677869347052847,0.0,0.0
219,1.0,joint_clip_source,True,0.0,mlp_base:C5:E2,4,state_CO,False,False,0.011791202967673664,0.8147450069554848,0.0,0.0
219,1.0,joint_clip_source,True,0.0,mlp_base:C5:E2,4,state_UT,False,False,0.009210991942508628,0.8588061892058654,0.0,0.0
219,1.0,joint_clip_source,True,0.005,mlp_base:C5:E2,4,state_CO,False,False,0.011791202967673664,0.8147450069554848,0.0,0.0
219,1.0,joint_clip_source,True,0.005,mlp_base:C5:E2,4,state_UT,False,False,0.009210991942508628,0.8588061892058654,0.0,0.0
219,1.0,joint_clip_source,True,0.01,mlp_base:C5:E8,4,state_CO,False,False,-0.0005521951179120466,0.8270884050410705,0.0,0.0
219,1.0,joint_clip_source,True,0.01,mlp_base:C5:E8,4,state_UT,False,False,0.0002302464430893325,0.8677869347052847,0.0,0.0
219,1.0,joint_clip_source,True,0.02,mlp_base:C5:E8,4,state_CO,False,False,-0.0005521951179120466,0.8270884050410705,0.0,0.0
219,1.0,joint_clip_source,True,0.02,mlp_base:C5:E8,4,state_UT,False,False,0.0002302464430893325,0.8677869347052847,0.0,0.0
219,1.0,joint_clip_shift,False,0.0,mlp_base:C1:E2,4,state_CO,False,False,0.009641419912559623,0.8168947900105988,0.0,0.0
219,1.0,joint_clip_shift,False,0.0,mlp_base:C1:E2,4,state_UT,False,False,0.009097570049361181,0.8589196110990128,0.0,0.0
219,1.0,joint_clip_shift,False,0.005,mlp_base:C1:E2,4,state_CO,False,False,0.009641419912559623,0.8168947900105988,0.0,0.0
219,1.0,joint_clip_shift,False,0.005,mlp_base:C1:E2,4,state_UT,False,False,0.009097570049361181,0.8589196110990128,0.0,0.0
219,1.0,joint_clip_shift,False,0.01,mlp_base:C5:E2,4,state_CO,False,False,0.011791202967673664,0.8147450069554848,0.0,0.0
219,1.0,joint_clip_shift,False,0.01,mlp_base:C5:E2,4,state_UT,False,False,0.009210991942508628,0.8588061892058654,0.0,0.0
219,1.0,joint_clip_shift,False,0.02,mlp_base:C5:E8,4,state_CO,False,False,-0.0005521951179120466,0.8270884050410705,0.0,0.0
219,1.0,joint_clip_shift,False,0.02,mlp_base:C5:E8,4,state_UT,False,False,0.0002302464430893325,0.8677869347052847,0.0,0.0
219,1.0,joint_clip_shift,True,0.0,mlp_base:C5:E8,4,state_CO,False,False,-0.0005521951179120466,0.8270884050410705,0.0,0.0
219,1.0,joint_clip_shift,True,0.0,mlp_base:C5:E8,4,state_UT,False,False,0.0002302464430893325,0.8677869347052847,0.0,0.0
219,1.0,joint_clip_shift,True,0.005,mlp_base:C5:E8,4,state_CO,False,False,-0.0005521951179120466,0.8270884050410705,0.0,0.0
219,1.0,joint_clip_shift,True,0.005,mlp_base:C5:E8,4,state_UT,False,False,0.0002302464430893325,0.8677869347052847,0.0,0.0
219,1.0,joint_clip_shift,True,0.01,mlp_base:C5:E8,4,state_CO,False,False,-0.0005521951179120466,0.8270884050410705,0.0,0.0
219,1.0,joint_clip_shift,True,0.01,mlp_base:C5:E8,4,state_UT,False,False,0.0002302464430893325,0.8677869347052847,0.0,0.0
219,1.0,joint_clip_shift,True,0.02,mlp_base:C5:E8,4,state_CO,False,False,-0.0005521951179120466,0.8270884050410705,0.0,0.0
219,1.0,joint_clip_shift,True,0.02,mlp_base:C5:E8,4,state_UT,False,False,0.0002302464430893325,0.8677869347052847,0.0,0.0
219,1.0,joint_recipe_source,False,0.0,mlp_base:C5:E2,12,state_CO,False,False,0.011791202967673664,0.8147450069554848,0.0,0.0
219,1.0,joint_recipe_source,False,0.0,mlp_base:C5:E2,12,state_UT,False,False,0.009210991942508628,0.8588061892058654,0.0,0.0
219,1.0,joint_recipe_source,False,0.005,mlp_base:C5:E2,12,state_CO,False,False,0.011791202967673664,0.8147450069554848,0.0,0.0
219,1.0,joint_recipe_source,False,0.005,mlp_base:C5:E2,12,state_UT,False,False,0.009210991942508628,0.8588061892058654,0.0,0.0
219,1.0,joint_recipe_source,False,0.01,mlp_base:C5:E2,12,state_CO,False,False,0.011791202967673664,0.8147450069554848,0.0,0.0
219,1.0,joint_recipe_source,False,0.01,mlp_base:C5:E2,12,state_UT,False,False,0.009210991942508628,0.8588061892058654,0.0,0.0
219,1.0,joint_recipe_source,False,0.02,mlp_stronger:C5:E8,12,state_CO,False,False,0.002697320482246912,0.8238388894409115,0.0,0.0
219,1.0,joint_recipe_source,False,0.02,mlp_stronger:C5:E8,12,state_UT,False,False,0.00021380026858319745,0.8678033808797908,0.0,0.0
219,1.0,joint_recipe_source,True,0.0,mlp_base:C5:E2,12,state_CO,False,False,0.011791202967673664,0.8147450069554848,0.0,0.0
219,1.0,joint_recipe_source,True,0.0,mlp_base:C5:E2,12,state_UT,False,False,0.009210991942508628,0.8588061892058654,0.0,0.0
219,1.0,joint_recipe_source,True,0.005,mlp_base:C5:E2,12,state_CO,False,False,0.011791202967673664,0.8147450069554848,0.0,0.0
219,1.0,joint_recipe_source,True,0.005,mlp_base:C5:E2,12,state_UT,False,False,0.009210991942508628,0.8588061892058654,0.0,0.0
219,1.0,joint_recipe_source,True,0.01,mlp_stronger:C5:E8,12,state_CO,False,False,0.002697320482246912,0.8238388894409115,0.0,0.0
219,1.0,joint_recipe_source,True,0.01,mlp_stronger:C5:E8,12,state_UT,False,False,0.00021380026858319745,0.8678033808797908,0.0,0.0
219,1.0,joint_recipe_source,True,0.02,mlp_stronger:C5:E8,12,state_CO,False,False,0.002697320482246912,0.8238388894409115,0.0,0.0
219,1.0,joint_recipe_source,True,0.02,mlp_stronger:C5:E8,12,state_UT,False,False,0.00021380026858319745,0.8678033808797908,0.0,0.0
219,1.0,joint_recipe_shift,False,0.0,mlp_base:C1:E2,12,state_CO,False,False,0.009641419912559623,0.8168947900105988,0.0,0.0
219,1.0,joint_recipe_shift,False,0.0,mlp_base:C1:E2,12,state_UT,False,False,0.009097570049361181,0.8589196110990128,0.0,0.0
219,1.0,joint_recipe_shift,False,0.005,mlp_base:C1:E2,12,state_CO,False,False,0.009641419912559623,0.8168947900105988,0.0,0.0
219,1.0,joint_recipe_shift,False,0.005,mlp_base:C1:E2,12,state_UT,False,False,0.009097570049361181,0.8589196110990128,0.0,0.0
219,1.0,joint_recipe_shift,False,0.01,mlp_base:C5:E2,12,state_CO,False,False,0.011791202967673664,0.8147450069554848,0.0,0.0
219,1.0,joint_recipe_shift,False,0.01,mlp_base:C5:E2,12,state_UT,False,False,0.009210991942508628,0.8588061892058654,0.0,0.0
219,1.0,joint_recipe_shift,False,0.02,mlp_stronger:C5:E8,12,state_CO,False,False,0.002697320482246912,0.8238388894409115,0.0,0.0
219,1.0,joint_recipe_shift,False,0.02,mlp_stronger:C5:E8,12,state_UT,False,False,0.00021380026858319745,0.8678033808797908,0.0,0.0
219,1.0,joint_recipe_shift,True,0.0,mlp_stronger:C5:E2,12,state_CO,False,False,0.012042718269740349,0.8144934916534181,0.0,0.0
219,1.0,joint_recipe_shift,True,0.0,mlp_stronger:C5:E2,12,state_UT,False,False,0.00916675740418138,0.8588504237441926,0.0,0.0
219,1.0,joint_recipe_shift,True,0.005,mlp_stronger:C5:E8,12,state_CO,False,False,0.002697320482246912,0.8238388894409115,0.0,0.0
219,1.0,joint_recipe_shift,True,0.005,mlp_stronger:C5:E8,12,state_UT,False,False,0.00021380026858319745,0.8678033808797908,0.0,0.0
219,1.0,joint_recipe_shift,True,0.01,mlp_stronger:C5:E8,12,state_CO,False,False,0.002697320482246912,0.8238388894409115,0.0,0.0
219,1.0,joint_recipe_shift,True,0.01,mlp_stronger:C5:E8,12,state_UT,False,False,0.00021380026858319745,0.8678033808797908,0.0,0.0
219,1.0,joint_recipe_shift,True,0.02,mlp_stronger:C5:E8,12,state_CO,False,False,0.002697320482246912,0.8238388894409115,0.0,0.0
219,1.0,joint_recipe_shift,True,0.02,mlp_stronger:C5:E8,12,state_UT,False,False,0.00021380026858319745,0.8678033808797908,0.0,0.0
219,1.0,joint_recipe_proxy,False,0.0,mlp_base:C5:E2,12,state_CO,False,False,0.011791202967673664,0.8147450069554848,0.0,0.0
219,1.0,joint_recipe_proxy,False,0.0,mlp_base:C5:E2,12,state_UT,False,False,0.009210991942508628,0.8588061892058654,0.0,0.0
219,1.0,joint_recipe_proxy,False,0.005,mlp_base:C5:E2,12,state_CO,False,False,0.011791202967673664,0.8147450069554848,0.0,0.0
219,1.0,joint_recipe_proxy,False,0.005,mlp_base:C5:E2,12,state_UT,False,False,0.009210991942508628,0.8588061892058654,0.0,0.0
219,1.0,joint_recipe_proxy,False,0.01,mlp_base:C5:E2,12,state_CO,False,False,0.011791202967673664,0.8147450069554848,0.0,0.0
219,1.0,joint_recipe_proxy,False,0.01,mlp_base:C5:E2,12,state_UT,False,False,0.009210991942508628,0.8588061892058654,0.0,0.0
219,1.0,joint_recipe_proxy,False,0.02,mlp_stronger:C5:E8,12,state_CO,False,False,0.002697320482246912,0.8238388894409115,0.0,0.0
219,1.0,joint_recipe_proxy,False,0.02,mlp_stronger:C5:E8,12,state_UT,False,False,0.00021380026858319745,0.8678033808797908,0.0,0.0
219,1.0,joint_recipe_proxy,True,0.0,mlp_base:C5:E2,12,state_CO,False,False,0.011791202967673664,0.8147450069554848,0.0,0.0
219,1.0,joint_recipe_proxy,True,0.0,mlp_base:C5:E2,12,state_UT,False,False,0.009210991942508628,0.8588061892058654,0.0,0.0
219,1.0,joint_recipe_proxy,True,0.005,mlp_base:C5:E2,12,state_CO,False,False,0.011791202967673664,0.8147450069554848,0.0,0.0
219,1.0,joint_recipe_proxy,True,0.005,mlp_base:C5:E2,12,state_UT,False,False,0.009210991942508628,0.8588061892058654,0.0,0.0
219,1.0,joint_recipe_proxy,True,0.01,mlp_stronger:C5:E8,12,state_CO,False,False,0.002697320482246912,0.8238388894409115,0.0,0.0
219,1.0,joint_recipe_proxy,True,0.01,mlp_stronger:C5:E8,12,state_UT,False,False,0.00021380026858319745,0.8678033808797908,0.0,0.0
219,1.0,joint_recipe_proxy,True,0.02,mlp_stronger:C5:E8,12,state_CO,False,False,0.002697320482246912,0.8238388894409115,0.0,0.0
219,1.0,joint_recipe_proxy,True,0.02,mlp_stronger:C5:E8,12,state_UT,False,False,0.00021380026858319745,0.8678033808797908,0.0,0.0
219,1.0,logistic_shift,False,0.0,logistic:C1:E2,4,state_CO,False,False,0.01471364517090612,0.8118225647522523,0.0,0.0
219,1.0,logistic_shift,False,0.0,logistic:C1:E2,4,state_UT,False,False,0.015190594149245062,0.8528265869991289,0.0,0.0
219,1.0,logistic_shift,False,0.005,logistic:C1:E2,4,state_CO,False,False,0.01471364517090612,0.8118225647522523,0.0,0.0
219,1.0,logistic_shift,False,0.005,logistic:C1:E2,4,state_UT,False,False,0.015190594149245062,0.8528265869991289,0.0,0.0
219,1.0,logistic_shift,False,0.01,logistic:C5:E8,4,state_CO,False,False,0.008627078365129659,0.8179091315580288,0.0,0.0
219,1.0,logistic_shift,False,0.01,logistic:C5:E8,4,state_UT,False,False,0.009763356562137004,0.858253824586237,0.0,0.0
219,1.0,logistic_shift,False,0.02,logistic:C5:E8,4,state_CO,False,False,0.008627078365129659,0.8179091315580288,0.0,0.0
219,1.0,logistic_shift,False,0.02,logistic:C5:E8,4,state_UT,False,False,0.009763356562137004,0.858253824586237,0.0,0.0
219,1.0,logistic_shift,True,0.0,logistic:C5:E8,4,state_CO,False,False,0.008627078365129659,0.8179091315580288,0.0,0.0
219,1.0,logistic_shift,True,0.0,logistic:C5:E8,4,state_UT,False,False,0.009763356562137004,0.858253824586237,0.0,0.0
219,1.0,logistic_shift,True,0.005,logistic:C5:E8,4,state_CO,False,False,0.008627078365129659,0.8179091315580288,0.0,0.0
219,1.0,logistic_shift,True,0.005,logistic:C5:E8,4,state_UT,False,False,0.009763356562137004,0.858253824586237,0.0,0.0
219,1.0,logistic_shift,True,0.01,logistic:C5:E8,4,state_CO,False,False,0.008627078365129659,0.8179091315580288,0.0,0.0
219,1.0,logistic_shift,True,0.01,logistic:C5:E8,4,state_UT,False,False,0.009763356562137004,0.858253824586237,0.0,0.0
219,1.0,logistic_shift,True,0.02,,4,state_CO,True,,,,,
219,1.0,logistic_shift,True,0.02,,4,state_UT,True,,,,,
