seed,strength,partition,environment,reference_recipe,candidate_id,recipe,architecture,clip_norm,requested_epsilon,achieved_epsilon,reference_auc,auc,gap,gap_se,auc_se,clusters,gap_upper,auc_lower,bounds_supported,alpha,family,method,optimization_gap,clipping_gap,noise_gap
200,1.0,validation,source,mlp_stronger,mlp_base:C1:E2,mlp_base,mlp,1.0,2.0,1.9909995955023065,0.8713482555695671,0.8482440100882723,0.02310424548129475,0.0038234423460904105,0.008734478054739687,1166,0.03704569072497879,0.816395420124093,True,0.05,360,paired cluster influence sandwich; asymptotic Bonferroni bounds,,,
200,1.0,validation,source,mlp_stronger,mlp_base:C1:E8,mlp_base,mlp,1.0,8.0,7.998197999765249,0.8713482555695671,0.8484783522488439,0.02286990332072314,0.003734992772141463,0.008724544109250729,1166,0.03648883424866307,0.8166659845013353,True,0.05,360,paired cluster influence sandwich; asymptotic Bonferroni bounds,,,
200,1.0,validation,source,mlp_stronger,mlp_base:C5:E2,mlp_base,mlp,5.0,2.0,1.9909995955023065,0.8713482555695671,0.8605044136191679,0.010843841950399224,0.003352319204217309,0.008500690730104463,1166,0.023067427503542265,0.8295082840532477,True,0.05,360,paired cluster influence sandwich; asymptotic Bonferroni bounds,,,
200,1.0,validation,source,mlp_stronger,mlp_base:C5:E8,mlp_base,mlp,5.0,8.0,7.998197999765249,0.8713482555695671,0.8691046658259773,0.0022435897435897356,0.001276974092774642,0.008247942786956309,1166,0.006899829534997802,0.8390301328975629,True,0.05,360,paired cluster influence sandwich; asymptotic Bonferroni bounds,,,
200,1.0,validation,source,mlp_stronger,mlp_stronger:C1:E2,mlp_stronger,mlp,1.0,2.0,1.9948093103901194,0.8713482555695671,0.8469430432955022,0.02440521227406489,0.003932740441896742,0.00878079738089733,1166,0.03874519194824218,0.8149255588402077,True,0.05,360,paired cluster influence sandwich; asymptotic Bonferroni bounds,,,
200,1.0,validation,source,mlp_stronger,mlp_stronger:C1:E8,mlp_stronger,mlp,1.0,8.0,7.995742559457445,0.8713482555695671,0.8478415300546448,0.023506725514922278,0.0038651128472229836,0.008742041248753872,1166,0.03760011420569679,0.8159653623618974,True,0.05,360,paired cluster influence sandwich; asymptotic Bonferroni bounds,,,
200,1.0,validation,source,mlp_stronger,mlp_stronger:C5:E2,mlp_stronger,mlp,5.0,2.0,1.9948093103901194,0.8713482555695671,0.8586233711643546,0.012724884405212467,0.0028868210202539196,0.008592771660609231,1166,0.023251120592176128,0.8272914862412412,True,0.05,360,paired cluster influence sandwich; asymptotic Bonferroni bounds,,,
200,1.0,validation,source,mlp_stronger,mlp_stronger:C5:E8,mlp_stronger,mlp,5.0,8.0,7.995742559457445,0.8713482555695671,0.8692580916351408,0.0020901639344262923,0.0010061427732112062,0.008216710541577977,1166,0.005758869543233387,0.8392974410670095,True,0.05,360,paired cluster influence sandwich; asymptotic Bonferroni bounds,,,
200,1.0,validation,source,mlp_stronger,logistic:C1:E2,logistic,logistic,1.0,2.0,1.9948093103901194,0.8713482555695671,0.8524348465741909,0.01891340899537619,0.0034685702073923765,0.008603083895922617,1166,0.031560881415009,0.8210653600735073,True,0.05,360,paired cluster influence sandwich; asymptotic Bonferroni bounds,,,
200,1.0,validation,source,mlp_stronger,logistic:C1:E8,logistic,logistic,1.0,8.0,7.995742559457445,0.8713482555695671,0.8527564102564102,0.01859184531315683,0.0033986441512975423,0.008586579442272195,1166,0.030984345853025386,0.8214471040634223,True,0.05,360,paired cluster influence sandwich; asymptotic Bonferroni bounds,,,
200,1.0,validation,source,mlp_stronger,logistic:C5:E2,logistic,logistic,5.0,2.0,1.9948093103901194,0.8713482555695671,0.8569041614123581,0.014444094157208931,0.0031972161658650115,0.008598652112796076,1166,0.02610212638939536,0.8255508345542683,True,0.05,360,paired cluster influence sandwich; asymptotic Bonferroni bounds,,,
200,1.0,validation,source,mlp_stronger,logistic:C5:E8,logistic,logistic,5.0,8.0,7.995742559457445,0.8713482555695671,0.8663535098781,0.004994745691467073,0.001589567780056436,0.008279459777652452,1166,0.010790798086357082,0.8361640563205083,True,0.05,360,paired cluster influence sandwich; asymptotic Bonferroni bounds,,,
200,1.0,validation,state_OR,mlp_stronger,mlp_base:C1:E2,mlp_base,mlp,1.0,2.0,1.9909995955023065,0.8546221927204337,0.8313685142161744,0.0232536785042593,0.004270756609474882,0.009307680022637675,1210,0.038824436183794886,0.7974336302029725,True,0.05,360,paired cluster influence sandwich; asymptotic Bonferroni bounds,,,
200,1.0,validation,state_OR,mlp_stronger,mlp_base:C1:E8,mlp_base,mlp,1.0,8.0,7.998197999765249,0.8546221927204337,0.8324792565549285,0.022142936165505223,0.004141760457365994,0.009276171580886566,1210,0.03724338658809624,0.7986592492149319,True,0.05,360,paired cluster influence sandwich; asymptotic Bonferroni bounds,,,
200,1.0,validation,state_OR,mlp_stronger,mlp_base:C5:E2,mlp_base,mlp,5.0,2.0,1.9909995955023065,0.8546221927204337,0.8396437659033078,0.014978426817125912,0.0037671875723499105,0.009092022923364923,1210,0.02871322141822372,0.8064951464192522,True,0.05,360,paired cluster influence sandwich; asymptotic Bonferroni bounds,,,
200,1.0,validation,state_OR,mlp_stronger,mlp_base:C5:E8,mlp_base,mlp,5.0,8.0,7.998197999765249,0.8546221927204337,0.851426042703839,0.003196150016594679,0.0014117230283737404,0.00881990710341174,1210,0.008343153040990967,0.8192695306800539,True,0.05,360,paired cluster influence sandwich; asymptotic Bonferroni bounds,,,
200,1.0,validation,state_OR,mlp_stronger,mlp_stronger:C1:E2,mlp_stronger,mlp,1.0,2.0,1.9948093103901194,0.8546221927204337,0.8294850094036951,0.025137183316738643,0.004363851590440763,0.009314055564812053,1210,0.04104735612159062,0.7955268807920881,True,0.05,360,paired cluster influence sandwich; asymptotic Bonferroni bounds,,,
200,1.0,validation,state_OR,mlp_stronger,mlp_stronger:C1:E8,mlp_stronger,mlp,1.0,8.0,7.995742559457445,0.8546221927204337,0.8303175129992256,0.02430467972120809,0.0042497359654257985,0.009295505166586103,1210,0.03979879820430014,0.7964270173112543,True,0.05,360,paired cluster influence sandwich; asymptotic Bonferroni bounds,,,
200,1.0,validation,state_OR,mlp_stronger,mlp_stronger:C5:E2,mlp_stronger,mlp,5.0,2.0,1.9948093103901194,0.8546221927204337,0.8351687133532472,0.019453479367186555,0.003694925433762141,0.009219965060861994,1210,0.03292481333302856,0.8015536294456398,True,0.05,360,paired cluster influence sandwich; asymptotic Bonferroni bounds,,,
200,1.0,validation,state_OR,mlp_stronger,mlp_stronger:C5:E8,mlp_stronger,mlp,5.0,8.0,7.995742559457445,0.8546221927204337,0.8527668989932515,0.0018552937271821834,0.001187702268104057,0.008787957082770873,1210,0.006185539138745679,0.8207268735957826,True,0.05,360,paired cluster influence sandwich; asymptotic Bonferroni bounds,,,
200,1.0,validation,state_OR,mlp_stronger,logistic:C1:E2,logistic,logistic,1.0,2.0,1.9948093103901194,0.8546221927204337,0.8364852306671092,0.01813696205332449,0.003941238935908865,0.00917858221021503,1210,0.03250633077174772,0.8030210245543363,True,0.05,360,paired cluster influence sandwich; asymptotic Bonferroni bounds,,,
200,1.0,validation,state_OR,mlp_stronger,logistic:C1:E8,logistic,logistic,1.0,8.0,7.995742559457445,0.8546221927204337,0.836044916473061,0.01857727624737271,0.003780725311990201,0.009182411944532475,1210,0.0323614281129421,0.802566747526419,True,0.05,360,paired cluster influence sandwich; asymptotic Bonferroni bounds,,,
200,1.0,validation,state_OR,mlp_stronger,logistic:C5:E2,logistic,logistic,5.0,2.0,1.9948093103901194,0.8546221927204337,0.837777409005421,0.016844783715012746,0.00480777569221157,0.00923971775452974,1210,0.03437346004250603,0.8040903087234934,True,0.05,360,paired cluster influence sandwich; asymptotic Bonferroni bounds,,,
200,1.0,validation,state_OR,mlp_stronger,logistic:C5:E8,logistic,logistic,5.0,8.0,7.995742559457445,0.8546221927204337,0.852985949773205,0.0016362429472287499,0.00215114093906594,0.008796258604189457,1210,0.009479090798219444,0.8209156578468279,True,0.05,360,paired cluster influence sandwich; asymptotic Bonferroni bounds,,,
200,1.0,validation,state_WA,mlp_stronger,mlp_base:C1:E2,mlp_base,mlp,1.0,2.0,1.9909995955023065,0.8621664685291592,0.8509634436298791,0.011203024899280156,0.0039014295069703135,0.008672959507230404,1237,0.025426336964892365,0.8193447230087929,True,0.05,360,paired cluster influence sandwich; asymptotic Bonferroni bounds,,,
200,1.0,validation,state_WA,mlp_stronger,mlp_base:C1:E8,mlp_base,mlp,1.0,8.0,7.998197999765249,0.8621664685291592,0.851296768707483,0.010869699821676182,0.003870650612616236,0.00867202115132041,1237,0.024980802293689323,0.819681469019394,True,0.05,360,paired cluster influence sandwich; asymptotic Bonferroni bounds,,,
200,1.0,validation,state_WA,mlp_stronger,mlp_base:C5:E2,mlp_base,mlp,5.0,2.0,1.9909995955023065,0.8621664685291592,0.8521734239812431,0.009993044547916163,0.0033305592474471447,0.008679607810720252,1237,0.02213515385549611,0.8205304658607803,True,0.05,360,paired cluster influence sandwich; asymptotic Bonferroni bounds,,,
200,1.0,validation,state_WA,mlp_stronger,mlp_base:C5:E8,mlp_base,mlp,5.0,8.0,7.998197999765249,0.8621664685291592,0.8614977544415824,0.0006687140875768494,0.0012485843103785072,0.008464535439394487,1237,0.005220636467569207,0.8306388785270373,True,0.05,360,paired cluster influence sandwich; asymptotic Bonferroni bounds,,,
200,1.0,validation,state_WA,mlp_stronger,mlp_stronger:C1:E2,mlp_stronger,mlp,1.0,2.0,1.9948093103901194,0.8621664685291592,0.8483804322699954,0.013786036259163859,0.003964150202192274,0.008729612451257411,1237,0.028238007081654866,0.8165551738911739,True,0.05,360,paired cluster influence sandwich; asymptotic Bonferroni bounds,,,
200,1.0,validation,state_WA,mlp_stronger,mlp_stronger:C1:E8,mlp_stronger,mlp,1.0,8.0,7.995742559457445,0.8621664685291592,0.8489263423816128,0.013240126147546438,0.003906321810691268,0.008710136865109904,1237,0.027481273922459193,0.8171720855008171,True,0.05,360,paired cluster influence sandwich; asymptotic Bonferroni bounds,,,
200,1.0,validation,state_WA,mlp_stronger,mlp_stronger:C5:E2,mlp_stronger,mlp,5.0,2.0,1.9948093103901194,0.8621664685291592,0.8529169556171985,0.009249512911960744,0.00317856860448406,0.008711577685764289,1237,0.020837514977040297,0.8211574459843638,True,0.05,360,paired cluster influence sandwich; asymptotic Bonferroni bounds,,,
200,1.0,validation,state_WA,mlp_stronger,mlp_stronger:C5:E8,mlp_stronger,mlp,5.0,8.0,7.995742559457445,0.8621664685291592,0.8624894739449178,-0.00032300541575858155,0.0010373094493948275,0.008437535471572314,1237,0.0034586792157313582,0.8317290309169365,True,0.05,360,paired cluster influence sandwich; asymptotic Bonferroni bounds,,,
200,1.0,validation,state_WA,mlp_stronger,logistic:C1:E2,logistic,logistic,1.0,2.0,1.9948093103901194,0.8621664685291592,0.8519221402153094,0.010244328313849804,0.003633364647664549,0.008690930451558374,1237,0.023490365218929596,0.8202379035189401,True,0.05,360,paired cluster influence sandwich; asymptotic Bonferroni bounds,,,
200,1.0,validation,state_WA,mlp_stronger,logistic:C1:E8,logistic,logistic,1.0,8.0,7.995742559457445,0.8621664685291592,0.8530603989168485,0.009106069612310752,0.0035010326455471243,0.00865205742836044,1237,0.02186966812935338,0.8215178803109612,True,0.05,360,paired cluster influence sandwich; asymptotic Bonferroni bounds,,,
200,1.0,validation,state_WA,mlp_stronger,logistic:C5:E2,logistic,logistic,5.0,2.0,1.9948093103901194,0.8621664685291592,0.8470574516214253,0.015109016907733919,0.0036885053785986033,0.00894441479302641,1237,0.028556078545466143,0.8144490954744791,True,0.05,360,paired cluster influence sandwich; asymptotic Bonferroni bounds,,,
200,1.0,validation,state_WA,mlp_stronger,logistic:C5:E8,logistic,logistic,5.0,8.0,7.995742559457445,0.8621664685291592,0.8602810663100193,0.001885402219139909,0.0017799417665356138,0.008520774159013492,1237,0.008374476841357796,0.8292171627619151,True,0.05,360,paired cluster influence sandwich; asymptotic Bonferroni bounds,,,
200,1.0,validation,proxy_0.5,mlp_stronger,mlp_base:C1:E2,mlp_base,mlp,1.0,2.0,1.9909995955023065,0.8619714165615806,0.8343032786885245,0.02766813787305611,0.004380640771434883,0.00924264832750217,1166,0.04364129973063133,0.8006017438147848,True,0.05,360,paired cluster influence sandwich; asymptotic Bonferroni bounds,,,
200,1.0,validation,proxy_0.5,mlp_stronger,mlp_base:C1:E8,mlp_base,mlp,1.0,8.0,7.998197999765249,0.8619714165615806,0.8345712484237074,0.02740016813787316,0.004284541733658291,0.009221663093452447,1166,0.04302292338489675,0.8009462321593641,True,0.05,360,paired cluster influence sandwich; asymptotic Bonferroni bounds,,,
200,1.0,validation,proxy_0.5,mlp_stronger,mlp_base:C5:E2,mlp_base,mlp,5.0,2.0,1.9909995955023065,0.8619714165615806,0.8496059268600252,0.012365489701555377,0.0034500204305865797,0.008989235356387537,1166,0.024945323937004493,0.8168284135200341,True,0.05,360,paired cluster influence sandwich; asymptotic Bonferroni bounds,,,
200,1.0,validation,proxy_0.5,mlp_stronger,mlp_base:C5:E8,mlp_base,mlp,5.0,8.0,7.998197999765249,0.8619714165615806,0.8585287936107608,0.0034426229508197626,0.001411390580959385,0.008715815008421512,1166,0.008588986546969407,0.8267482548462004,True,0.05,360,paired cluster influence sandwich; asymptotic Bonferroni bounds,,,
200,1.0,validation,proxy_0.5,mlp_stronger,mlp_stronger:C1:E2,mlp_stronger,mlp,1.0,2.0,1.9948093103901194,0.8619714165615806,0.8330296343001262,0.028941782261454385,0.004491974662537089,0.009229209267066373,1166,0.045320901684508474,0.7993771023688223,True,0.05,360,paired cluster influence sandwich; asymptotic Bonferroni bounds,,,
200,1.0,validation,proxy_0.5,mlp_stronger,mlp_stronger:C1:E8,mlp_stronger,mlp,1.0,8.0,7.995742559457445,0.8619714165615806,0.8340910046237916,0.027880411937789007,0.0044049896969942945,0.00920905097453024,1166,0.04394235745723274,0.8005119760191132,True,0.05,360,paired cluster influence sandwich; asymptotic Bonferroni bounds,,,
200,1.0,validation,proxy_0.5,mlp_stronger,mlp_stronger:C5:E2,mlp_stronger,mlp,5.0,2.0,1.9948093103901194,0.8619714165615806,0.8398192517864648,0.022152164775115835,0.003553841960124756,0.0091528555216325,1166,0.03511056419820327,0.8064451290646537,True,0.05,360,paired cluster influence sandwich; asymptotic Bonferroni bounds,,,
200,1.0,validation,proxy_0.5,mlp_stronger,mlp_stronger:C5:E8,mlp_stronger,mlp,5.0,8.0,7.995742559457445,0.8619714165615806,0.8581441782261453,0.0038272383354353012,0.0011680297200605066,0.00863960741442486,1166,0.008086233479397673,0.8266415157580442,True,0.05,360,paired cluster influence sandwich; asymptotic Bonferroni bounds,,,
200,1.0,validation,proxy_0.5,mlp_stronger,logistic:C1:E2,logistic,logistic,1.0,2.0,1.9948093103901194,0.8619714165615806,0.8397309794031106,0.022240437158470017,0.003925961175371185,0.009068654315402927,1166,0.036555697544502413,0.8066638801433643,True,0.05,360,paired cluster influence sandwich; asymptotic Bonferroni bounds,,,
200,1.0,validation,proxy_0.5,mlp_stronger,logistic:C1:E8,logistic,logistic,1.0,8.0,7.995742559457445,0.8619714165615806,0.8397152164775115,0.022256200084069144,0.0038511518880975063,0.009057572287690661,1166,0.036298682829473204,0.8066885256948794,True,0.05,360,paired cluster influence sandwich; asymptotic Bonferroni bounds,,,
200,1.0,validation,proxy_0.5,mlp_stronger,logistic:C5:E2,logistic,logistic,5.0,2.0,1.9948093103901194,0.8619714165615806,0.8480779739386298,0.01389344262295078,0.003288621239779011,0.008972858883425926,1166,0.02588476583159719,0.815360174249431,True,0.05,360,paired cluster influence sandwich; asymptotic Bonferroni bounds,,,
200,1.0,validation,proxy_0.5,mlp_stronger,logistic:C5:E8,logistic,logistic,5.0,8.0,7.995742559457445,0.8619714165615806,0.856206389239176,0.005765027322404581,0.0017689453125311432,0.00871272323085423,1166,0.012215145300237254,0.8244371240453298,True,0.05,360,paired cluster influence sandwich; asymptotic Bonferroni bounds,,,
200,1.0,validation,proxy_0.75,mlp_stronger,mlp_base:C1:E2,mlp_base,mlp,1.0,2.0,1.9909995955023065,0.8640899537620849,0.8376891551071877,0.026400798654897195,0.004074125730393296,0.009098906797129009,1166,0.04125631252036488,0.8045117460063891,True,0.05,360,paired cluster influence sandwich; asymptotic Bonferroni bounds,,,
200,1.0,validation,proxy_0.75,mlp_stronger,mlp_base:C1:E8,mlp_base,mlp,1.0,8.0,7.998197999765249,0.8640899537620849,0.8378667507356031,0.026223203026481734,0.003993021452312634,0.009078424304102627,1166,0.040782985781201465,0.8047640270960025,True,0.05,360,paired cluster influence sandwich; asymptotic Bonferroni bounds,,,
200,1.0,validation,proxy_0.75,mlp_stronger,mlp_base:C5:E2,mlp_base,mlp,5.0,2.0,1.9909995955023065,0.8640899537620849,0.8522992854140395,0.011790668348045319,0.0033219237725027316,0.008878054518780824,1166,0.023903422820567982,0.8199271715594691,True,0.05,360,paired cluster influence sandwich; asymptotic Bonferroni bounds,,,
200,1.0,validation,proxy_0.75,mlp_stronger,mlp_base:C5:E8,mlp_base,mlp,5.0,8.0,7.998197999765249,0.8640899537620849,0.8613839848675914,0.0027059688944934823,0.0013423308806227122,0.008581316641044258,1166,0.007600519610092321,0.8300938684644593,True,0.05,360,paired cluster influence sandwich; asymptotic Bonferroni bounds,,,
200,1.0,validation,proxy_0.75,mlp_stronger,mlp_stronger:C1:E2,mlp_stronger,mlp,1.0,2.0,1.9948093103901194,0.8640899537620849,0.8357965531736022,0.02829340058848262,0.004214662600822251,0.009107343929130639,1166,0.043661355052356986,0.8025883796978851,True,0.05,360,paired cluster influence sandwich; asymptotic Bonferroni bounds,,,
200,1.0,validation,proxy_0.75,mlp_stronger,mlp_stronger:C1:E8,mlp_stronger,mlp,1.0,8.0,7.995742559457445,0.8640899537620849,0.8366551071878939,0.02743484657419093,0.004140970008623821,0.009092044768024901,1166,0.042534095210697426,0.8035027191530238,True,0.05,360,paired cluster influence sandwich; asymptotic Bonferroni bounds,,,
200,1.0,validation,proxy_0.75,mlp_stronger,mlp_stronger:C5:E2,mlp_stronger,mlp,5.0,2.0,1.9948093103901194,0.8640899537620849,0.844396805380412,0.01969314838167291,0.0032491304794078856,0.00899514974311654,1166,0.0315404761475978,0.81159772636968,True,0.05,360,paired cluster influence sandwich; asymptotic Bonferroni bounds,,,
200,1.0,validation,proxy_0.75,mlp_stronger,mlp_stronger:C5:E8,mlp_stronger,mlp,5.0,8.0,7.995742559457445,0.8640899537620849,0.8606326187473728,0.003457335014712015,0.0010770131538061656,0.00852580350963045,1166,0.0073844558004797275,0.8295449202733884,True,0.05,360,paired cluster influence sandwich; asymptotic Bonferroni bounds,,,
200,1.0,validation,proxy_0.75,mlp_stronger,logistic:C1:E2,logistic,logistic,1.0,2.0,1.9948093103901194,0.8640899537620849,0.8421122320302646,0.02197772173182022,0.0037099810340364948,0.00896898945971278,1166,0.035505452179753864,0.8094085414484979,True,0.05,360,paired cluster influence sandwich; asymptotic Bonferroni bounds,,,
200,1.0,validation,proxy_0.75,mlp_stronger,logistic:C1:E8,logistic,logistic,1.0,8.0,7.995742559457445,0.8640899537620849,0.842198402690206,0.0218915510718789,0.0036414270538598415,0.008950048088652275,1166,0.035169312650307635,0.8095637781655619,True,0.05,360,paired cluster influence sandwich; asymptotic Bonferroni bounds,,,
200,1.0,validation,proxy_0.75,mlp_stronger,logistic:C5:E2,logistic,logistic,5.0,2.0,1.9948093103901194,0.8640899537620849,0.8497152164775116,0.01437473728457328,0.0032585873999589348,0.008915443501592655,1166,0.026256547887717134,0.8172067709068055,True,0.05,360,paired cluster influence sandwich; asymptotic Bonferroni bounds,,,
200,1.0,validation,proxy_0.75,mlp_stronger,logistic:C5:E8,logistic,logistic,5.0,8.0,7.995742559457445,0.8640899537620849,0.858155737704918,0.005934216057166819,0.0017018779120742788,0.008622077010617225,1166,0.012139785691786814,0.8267169964739277,True,0.05,360,paired cluster influence sandwich; asymptotic Bonferroni bounds,,,
200,1.0,test,source,mlp_stronger,mlp_base:C1:E2,mlp_base,mlp,1.0,2.0,1.9909995955023065,0.8670792035393623,0.8436868426560211,0.02339236088334118,0.003952719549784494,0.008720961631023438,1146,0.037805960351056794,0.8118858392355429,True,0.05,360,paired cluster influence sandwich; asymptotic Bonferroni bounds,0.0006965854816592953,0.021425470039014738,0.0012703053626671457
200,1.0,test,source,mlp_stronger,mlp_base:C1:E8,mlp_base,mlp,1.0,8.0,7.998197999765249,0.8670792035393623,0.8447822207228455,0.02229698281651682,0.0038926177242659355,0.008717735485297712,1146,0.03649142086147218,0.8129929814489831,True,0.05,360,paired cluster influence sandwich; asymptotic Bonferroni bounds,0.0006965854816592953,0.021425470039014738,0.0001749272958427861
200,1.0,test,source,mlp_stronger,mlp_base:C5:E2,mlp_base,mlp,5.0,2.0,1.9909995955023065,0.8670792035393623,0.8520135901849127,0.015065613354449559,0.0031083898313948024,0.008483913941573445,1146,0.026400362874356036,0.8210769816215566,True,0.05,360,paired cluster influence sandwich; asymptotic Bonferroni bounds,0.0006965854816592953,0.0009037910285203399,0.013465236844269923
200,1.0,test,source,mlp_stronger,mlp_base:C5:E8,mlp_base,mlp,5.0,8.0,7.998197999765249,0.8670792035393623,0.8635733689851822,0.003505834554180076,0.0011643221596851546,0.008161321161281246,1146,0.0077515375568133925,0.833813095617821,True,0.05,360,paired cluster influence sandwich; asymptotic Bonferroni bounds,0.0006965854816592953,0.0009037910285203399,0.001905458044000441
200,1.0,test,source,mlp_stronger,mlp_stronger:C1:E2,mlp_stronger,mlp,1.0,2.0,1.9948093103901194,0.8670792035393623,0.843150607195551,0.02392859634381128,0.004062368133933195,0.008751849808048792,1146,0.038742029585265694,0.8112369699779304,True,0.05,360,paired cluster influence sandwich; asymptotic Bonferroni bounds,1.1102230246251565e-16,0.023539174863780543,0.00038942148003062727
200,1.0,test,source,mlp_stronger,mlp_stronger:C1:E8,mlp_stronger,mlp,1.0,8.0,7.995742559457445,0.8670792035393623,0.8434785958752562,0.0236006076641061,0.003966937796755525,0.008755461251607265,1146,0.03806605399684523,0.8115517895217289,True,0.05,360,paired cluster influence sandwich; asymptotic Bonferroni bounds,1.1102230246251565e-16,0.023539174863780543,6.143280032544496e-05
200,1.0,test,source,mlp_stronger,mlp_stronger:C5:E2,mlp_stronger,mlp,5.0,2.0,1.9948093103901194,0.8670792035393623,0.8598634525858523,0.007215750953510014,0.0029200000897495787,0.008250749164369367,1146,0.01786353691688268,0.8297770798326188,True,0.05,360,paired cluster influence sandwich; asymptotic Bonferroni bounds,1.1102230246251565e-16,0.001118285212708292,0.006097465740801611
200,1.0,test,source,mlp_stronger,mlp_stronger:C5:E8,mlp_stronger,mlp,5.0,8.0,7.995742559457445,0.8670792035393623,0.8650727458066908,0.002006457732671496,0.0009695696933498444,0.008112405716729105,1146,0.005541995490907452,0.8354908427023041,True,0.05,360,paired cluster influence sandwich; asymptotic Bonferroni bounds,1.1102230246251565e-16,0.001118285212708292,0.000888172519963093
200,1.0,test,source,mlp_stronger,logistic:C1:E2,logistic,logistic,1.0,2.0,1.9948093103901194,0.8670792035393623,0.8482682718328528,0.018810931706509493,0.0036072126253747006,0.008626676227619536,1146,0.03196463950747719,0.816811080317874,True,0.05,360,paired cluster influence sandwich; asymptotic Bonferroni bounds,0.003438154350431377,0.014240956102619995,0.0011318212534581207
200,1.0,test,source,mlp_stronger,logistic:C1:E8,logistic,logistic,1.0,8.0,7.995742559457445,0.8670792035393623,0.8491689391596617,0.017910264379700558,0.003507290388801242,0.008592530810704322,1146,0.030699605552136088,0.8178362589733708,True,0.05,360,paired cluster influence sandwich; asymptotic Bonferroni bounds,0.003438154350431377,0.014240956102619995,0.00023115392664918577
200,1.0,test,source,mlp_stronger,logistic:C5:E2,logistic,logistic,5.0,2.0,1.9948093103901194,0.8670792035393623,0.8509879747896447,0.01609122874971758,0.003306897180904453,0.008642251662944085,1146,0.02814983570276422,0.8194739874196916,True,0.05,360,paired cluster influence sandwich; asymptotic Bonferroni bounds,0.003438154350431377,0.0,0.012653074399286202
200,1.0,test,source,mlp_stronger,logistic:C5:E8,logistic,logistic,5.0,8.0,7.995742559457445,0.8670792035393623,0.8621281363266726,0.004951067212689675,0.0016567726482362565,0.00823843195232728,1146,0.010992491872338462,0.832086678310925,True,0.05,360,paired cluster influence sandwich; asymptotic Bonferroni bounds,0.003438154350431377,0.0,0.0015129128622582977
200,1.0,test,state_CO,mlp_stronger,mlp_base:C1:E2,mlp_base,mlp,1.0,2.0,1.9909995955023065,0.8409371802613917,0.8187821954941171,0.02215498476727462,0.004066055572830973,0.009617223853589457,1200,0.03697978691758818,0.7837178835802803,True,0.05,360,paired cluster influence sandwich; asymptotic Bonferroni bounds,0.0002732608044924145,0.020625975838321375,0.0012557481244608315
200,1.0,test,state_CO,mlp_stronger,mlp_base:C1:E8,mlp_base,mlp,1.0,8.0,7.998197999765249,0.8409371802613917,0.8198502071880108,0.02108697307338092,0.003962356172503098,0.009601663031754143,1200,0.03553368814017325,0.7848426298910214,True,0.05,360,paired cluster influence sandwich; asymptotic Bonferroni bounds,0.0002732608044924145,0.020625975838321375,0.0001877364305671314
200,1.0,test,state_CO,mlp_stronger,mlp_base:C5:E2,mlp_base,mlp,5.0,2.0,1.9909995955023065,0.8409371802613917,0.8186262699587292,0.022310910302662523,0.004184268966576743,0.009427463106617209,1200,0.037566717426323754,0.7842538240263995,True,0.05,360,paired cluster influence sandwich; asymptotic Bonferroni bounds,0.0002732608044924145,0.00011472781868004933,0.02192292167949006
200,1.0,test,state_CO,mlp_stronger,mlp_base:C5:E8,mlp_base,mlp,5.0,8.0,7.998197999765249,0.8409371802613917,0.838527896069112,0.0024092841922797037,0.0013889304890730447,0.009011730576885,1200,0.007473312298199075,0.8056712072115039,True,0.05,360,paired cluster influence sandwich; asymptotic Bonferroni bounds,0.0002732608044924145,0.00011472781868004933,0.00202129556910724
200,1.0,test,state_CO,mlp_stronger,mlp_stronger:C1:E2,mlp_stronger,mlp,1.0,2.0,1.9948093103901194,0.8409371802613917,0.8183733472675484,0.022563832993843347,0.004239625445641285,0.009651580238588423,1200,0.03802146934368469,0.7831837722821459,True,0.05,360,paired cluster influence sandwich; asymptotic Bonferroni bounds,-1.1102230246251565e-16,0.02151668090334624,0.0010471520904972165
200,1.0,test,state_CO,mlp_stronger,mlp_stronger:C1:E8,mlp_stronger,mlp,1.0,8.0,7.995742559457445,0.8409371802613917,0.8192974276980073,0.021639752563384462,0.004113944498993018,0.009628714019661696,1200,0.0366391573089717,0.7841912227417257,True,0.05,360,paired cluster influence sandwich; asymptotic Bonferroni bounds,-1.1102230246251565e-16,0.02151668090334624,0.00012307166003833192
200,1.0,test,state_CO,mlp_stronger,mlp_stronger:C5:E2,mlp_stronger,mlp,5.0,2.0,1.9948093103901194,0.8409371802613917,0.8328061068574902,0.008131073403901512,0.003383479799627851,0.00902476822838327,1200,0.02046721040710095,0.7999018828394533,True,0.05,360,paired cluster influence sandwich; asymptotic Bonferroni bounds,-1.1102230246251565e-16,0.0004297078299653201,0.007701365573936303
200,1.0,test,state_CO,mlp_stronger,mlp_stronger:C5:E8,mlp_stronger,mlp,5.0,8.0,7.995742559457445,0.8409371802613917,0.8417131575077363,-0.0007759772463445946,0.0011737229517052488,0.008936675482489224,1200,0.003503406108516326,0.8091301188511302,True,0.05,360,paired cluster influence sandwich; asymptotic Bonferroni bounds,-1.1102230246251565e-16,0.0004297078299653201,-0.0012056850763098037
200,1.0,test,state_CO,mlp_stronger,logistic:C1:E2,logistic,logistic,1.0,2.0,1.9948093103901194,0.8409371802613917,0.8221447635616104,0.018792416699781378,0.003675369452769233,0.009540063494630048,1200,0.032192780760392094,0.7873617776244926,True,0.05,360,paired cluster influence sandwich; asymptotic Bonferroni bounds,0.003970625506497294,0.01430551600922414,0.0005162751840599444
200,1.0,test,state_CO,mlp_stronger,logistic:C1:E8,logistic,logistic,1.0,8.0,7.995742559457445,0.8409371802613917,0.822754906960954,0.018182273300437757,0.0035540384603866184,0.009523471292230933,1200,0.03114026565103244,0.7880324160449688,True,0.05,360,paired cluster influence sandwich; asymptotic Bonferroni bounds,0.003970625506497294,0.01430551600922414,-9.386821528367673e-05
200,1.0,test,state_CO,mlp_stronger,logistic:C5:E2,logistic,logistic,5.0,2.0,1.9948093103901194,0.8409371802613917,0.8245430964621069,0.016394083799284864,0.004019147484728385,0.009410524174655972,1200,0.03104785948109244,0.7902324097237835,True,0.05,360,paired cluster influence sandwich; asymptotic Bonferroni bounds,0.003970625506497294,0.0,0.01242345829278757
200,1.0,test,state_CO,mlp_stronger,logistic:C5:E8,logistic,logistic,5.0,8.0,7.995742559457445,0.8409371802613917,0.8363835288399661,0.0045536514214256085,0.0018148109821095007,0.009112647594862116,1200,0.011170435985257247,0.8031588974399325,True,0.05,360,paired cluster influence sandwich; asymptotic Bonferroni bounds,0.003970625506497294,0.0,0.0005830259149283146
200,1.0,test,state_UT,mlp_stronger,mlp_base:C1:E2,mlp_base,mlp,1.0,2.0,1.9909995955023065,0.8571818127087223,0.8315927278221832,0.025589084886539104,0.004165277516453199,0.00968629932006692,1085,0.04078043705941075,0.7962654336282822,True,0.05,360,paired cluster influence sandwich; asymptotic Bonferroni bounds,0.0005099637713238403,0.023252931406331445,0.0018261897088838186
200,1.0,test,state_UT,mlp_stronger,mlp_base:C1:E8,mlp_base,mlp,1.0,8.0,7.998197999765249,0.8571818127087223,0.8330376251742672,0.02414418753445513,0.00403184860879731,0.009645484286205241,1085,0.03884890573918528,0.797859189141891,True,0.05,360,paired cluster influence sandwich; asymptotic Bonferroni bounds,0.0005099637713238403,0.023252931406331445,0.00038129235679984497
200,1.0,test,state_UT,mlp_stronger,mlp_base:C5:E2,mlp_base,mlp,5.0,2.0,1.9909995955023065,0.8571818127087223,0.8424093899440339,0.014772422764688375,0.003784652622466999,0.009327107968066708,1085,0.028575582485204545,0.8083921170642304,True,0.05,360,paired cluster influence sandwich; asymptotic Bonferroni bounds,0.0005099637713238403,0.001565305464757638,0.012697153528606897
200,1.0,test,state_UT,mlp_stronger,mlp_base:C5:E8,mlp_base,mlp,5.0,8.0,7.998197999765249,0.8571818127087223,0.8533039631976145,0.0038778495111078115,0.0014475444169197568,0.009021464246015326,1085,0.009157247327085062,0.820401415903986,True,0.05,360,paired cluster influence sandwich; asymptotic Bonferroni bounds,0.0005099637713238403,0.001565305464757638,0.0018025802750263331
200,1.0,test,state_UT,mlp_stronger,mlp_stronger:C1:E2,mlp_stronger,mlp,1.0,2.0,1.9948093103901194,0.8571818127087223,0.8283452501950729,0.02883656251364941,0.004353275933623872,0.009779588898079727,1085,0.044713571320899176,0.7926777158063582,True,0.05,360,paired cluster influence sandwich; asymptotic Bonferroni bounds,2.220446049250313e-16,0.026342225826595733,0.0024943366870534556
200,1.0,test,state_UT,mlp_stronger,mlp_stronger:C1:E8,mlp_stronger,mlp,1.0,8.0,7.995742559457445,0.8571818127087223,0.8301478304700993,0.027033982238622967,0.004198434852968352,0.009706803218435424,1085,0.04234626387516815,0.7947457556787945,True,0.05,360,paired cluster influence sandwich; asymptotic Bonferroni bounds,2.220446049250313e-16,0.026342225826595733,0.0006917564120270114
200,1.0,test,state_UT,mlp_stronger,mlp_stronger:C5:E2,mlp_stronger,mlp,5.0,2.0,1.9948093103901194,0.8571818127087223,0.8334602340403179,0.02372157866840441,0.0039484501200000325,0.009655460353243366,1085,0.03812213087002907,0.7982454138901782,True,0.05,360,paired cluster influence sandwich; asymptotic Bonferroni bounds,2.220446049250313e-16,0.0021071419717889617,0.021614436696615225
200,1.0,test,state_UT,mlp_stronger,mlp_stronger:C5:E8,mlp_stronger,mlp,5.0,8.0,7.995742559457445,0.8571818127087223,0.8532284130092701,0.003953399699452187,0.001288562828577494,0.009003783133614085,1085,0.008652969331600199,0.8203903512161237,True,0.05,360,paired cluster influence sandwich; asymptotic Bonferroni bounds,2.220446049250313e-16,0.0021071419717889617,0.0018462577276630032
200,1.0,test,state_UT,mlp_stronger,logistic:C1:E2,logistic,logistic,1.0,2.0,1.9948093103901194,0.8571818127087223,0.8368582218082702,0.020323590900452104,0.0038333191404041436,0.009525581404555679,1085,0.0343042442477651,0.8021170884272746,True,0.05,360,paired cluster influence sandwich; asymptotic Bonferroni bounds,0.005557660730074576,0.01595761634433901,-0.0011916861739614815
200,1.0,test,state_UT,mlp_stronger,logistic:C1:E8,logistic,logistic,1.0,8.0,7.995742559457445,0.8571818127087223,0.8361009492172882,0.02108086349143412,0.003709548525438239,0.009538749444721951,1085,0.03461010802068569,0.8013117901441743,True,0.05,360,paired cluster influence sandwich; asymptotic Bonferroni bounds,0.005557660730074576,0.01595761634433901,-0.00043441358297946486
200,1.0,test,state_UT,mlp_stronger,logistic:C5:E2,logistic,logistic,5.0,2.0,1.9948093103901194,0.8571818127087223,0.8480343375606025,0.009147475148119755,0.003872486570365233,0.009218960232922914,1085,0.02327097761410368,0.8144114946617015,True,0.05,360,paired cluster influence sandwich; asymptotic Bonferroni bounds,0.005557660730074576,0.0,0.0035898144180451785
200,1.0,test,state_UT,mlp_stronger,logistic:C5:E8,logistic,logistic,5.0,8.0,7.995742559457445,0.8571818127087223,0.8539850953644057,0.003196717344316591,0.00185887399327419,0.009000698727941564,1085,0.009976291902140114,0.8211582828319941,True,0.05,360,paired cluster influence sandwich; asymptotic Bonferroni bounds,0.005557660730074576,0.0,-0.0023609433857579853
201,1.0,validation,source,mlp_base,mlp_base:C1:E2,mlp_base,mlp,1.0,2.0,1.9909995955023065,0.8728386684929653,0.8449823288690476,0.02785633962391776,0.00429155400215638,0.008900946118112258,1149,0.04350537234143209,0.8125252755617418,True,0.05,360,paired cluster influence sandwich; asymptotic Bonferroni bounds,,,
201,1.0,validation,source,mlp_base,mlp_base:C1:E8,mlp_base,mlp,1.0,8.0,7.998197999765249,0.8728386684929653,0.8464313193317099,0.026407349161255422,0.004258570401542339,0.008857574929823437,1149,0.04193610809335514,0.8141324178603564,True,0.05,360,paired cluster influence sandwich; asymptotic Bonferroni bounds,,,
201,1.0,validation,source,mlp_base,mlp_base:C5:E2,mlp_base,mlp,5.0,2.0,1.9909995955023065,0.8728386684929653,0.8610205712256493,0.011818097267315975,0.002584131664452548,0.00840292328795476,1149,0.021241061755951838,0.8303795443645419,True,0.05,360,paired cluster influence sandwich; asymptotic Bonferroni bounds,,,
201,1.0,validation,source,mlp_base,mlp_base:C5:E8,mlp_base,mlp,5.0,8.0,7.998197999765249,0.8728386684929653,0.8692959872159091,0.003542681277056259,0.0009682397365605742,0.008140732587532673,1149,0.0070733406391941785,0.8396110314766076,True,0.05,360,paired cluster influence sandwich; asymptotic Bonferroni bounds,,,
201,1.0,validation,source,mlp_base,mlp_stronger:C1:E2,mlp_stronger,mlp,1.0,2.0,1.9948093103901194,0.8728386684929653,0.8479585193452381,0.024880149147727182,0.004078723408892026,0.00876183761595063,1149,0.039753101006044976,0.8160087213353183,True,0.05,360,paired cluster influence sandwich; asymptotic Bonferroni bounds,,,
201,1.0,validation,source,mlp_base,mlp_stronger:C1:E8,mlp_stronger,mlp,1.0,8.0,7.995742559457445,0.8728386684929653,0.847198618438853,0.025640050054112296,0.004099702896327838,0.008798560995688607,1149,0.04058950303186485,0.8151149096426007,True,0.05,360,paired cluster influence sandwich; asymptotic Bonferroni bounds,,,
201,1.0,validation,source,mlp_base,mlp_stronger:C5:E2,mlp_stronger,mlp,5.0,2.0,1.9948093103901194,0.8728386684929653,0.8628035376082251,0.010035130884740173,0.002811144271485094,0.008244887600536308,1149,0.020285890552687653,0.8327387835009274,True,0.05,360,paired cluster influence sandwich; asymptotic Bonferroni bounds,,,
201,1.0,validation,source,mlp_base,mlp_stronger:C5:E8,mlp_stronger,mlp,5.0,8.0,7.995742559457445,0.8728386684929653,0.8717469054383118,0.0010917630546535273,0.0010512424998338342,0.008046299775983748,1149,0.004925089692434414,0.8424062963288776,True,0.05,360,paired cluster influence sandwich; asymptotic Bonferroni bounds,,,
201,1.0,validation,source,mlp_base,logistic:C1:E2,logistic,logistic,1.0,2.0,1.9948093103901194,0.8728386684929653,0.8482333096590908,0.02460535883387449,0.004030421217734312,0.008806707215667078,1149,0.03930217809095392,0.8161198958974802,True,0.05,360,paired cluster influence sandwich; asymptotic Bonferroni bounds,,,
201,1.0,validation,source,mlp_base,logistic:C1:E8,logistic,logistic,1.0,8.0,7.995742559457445,0.8728386684929653,0.8488093124323594,0.024029356060605966,0.0039121742107436075,0.008772305947205263,1149,0.03829499088421075,0.816821341942676,True,0.05,360,paired cluster influence sandwich; asymptotic Bonferroni bounds,,,
201,1.0,validation,source,mlp_base,logistic:C5:E2,logistic,logistic,5.0,2.0,1.9948093103901194,0.8728386684929653,0.8536297686688311,0.019208899824134207,0.0037540080803441203,0.008672512674062426,1149,0.03289778623721438,0.8220056915836385,True,0.05,360,paired cluster influence sandwich; asymptotic Bonferroni bounds,,,
201,1.0,validation,source,mlp_base,logistic:C5:E8,logistic,logistic,5.0,8.0,7.995742559457445,0.8728386684929653,0.8668577516233767,0.005980916869588571,0.0017944547720460107,0.008223529149958385,1149,0.01252434645797022,0.8368708805141076,True,0.05,360,paired cluster influence sandwich; asymptotic Bonferroni bounds,,,
201,1.0,validation,state_OR,mlp_base,mlp_base:C1:E2,mlp_base,mlp,1.0,2.0,1.9909995955023065,0.8578224360200962,0.835927313667291,0.02189512235280522,0.004622939518255189,0.009445809908583278,1224,0.03874933578265473,0.8014899831358424,True,0.05,360,paired cluster influence sandwich; asymptotic Bonferroni bounds,,,
201,1.0,validation,state_OR,mlp_base,mlp_base:C1:E8,mlp_base,mlp,1.0,8.0,7.998197999765249,0.8578224360200962,0.8363011138355012,0.021521322184595015,0.004593753836889546,0.009427928318071911,1224,0.03826913108527219,0.8019289756220038,True,0.05,360,paired cluster influence sandwich; asymptotic Bonferroni bounds,,,
201,1.0,validation,state_OR,mlp_base,mlp_base:C5:E2,mlp_base,mlp,5.0,2.0,1.9909995955023065,0.8578224360200962,0.8464994059247326,0.011323030095363618,0.0030106300558604563,0.009389184084117746,1224,0.022299120377189993,0.8122685206057758,True,0.05,360,paired cluster influence sandwich; asymptotic Bonferroni bounds,,,
201,1.0,validation,state_OR,mlp_base,mlp_base:C5:E8,mlp_base,mlp,5.0,8.0,7.998197999765249,0.8578224360200962,0.8566075854734134,0.0012148505466827997,0.0011099325846918686,0.00903878004465495,1224,0.005261418882969788,0.82365419566234,True,0.05,360,paired cluster influence sandwich; asymptotic Bonferroni bounds,,,
201,1.0,validation,state_OR,mlp_base,mlp_stronger:C1:E2,mlp_stronger,mlp,1.0,2.0,1.9948093103901194,0.8578224360200962,0.838798677459405,0.019023758560691273,0.004384572275445229,0.00937878178255901,1224,0.03500893782534363,0.8046057166276581,True,0.05,360,paired cluster influence sandwich; asymptotic Bonferroni bounds,,,
201,1.0,validation,state_OR,mlp_base,mlp_stronger:C1:E8,mlp_stronger,mlp,1.0,8.0,7.995742559457445,0.8578224360200962,0.8381912521860635,0.019631183834032728,0.004385796037010259,0.009392339968973484,1224,0.03562082466226878,0.8039488612100008,True,0.05,360,paired cluster influence sandwich; asymptotic Bonferroni bounds,,,
201,1.0,validation,state_OR,mlp_base,mlp_stronger:C5:E2,mlp_stronger,mlp,5.0,2.0,1.9948093103901194,0.8578224360200962,0.8472948437826797,0.010527592237416505,0.0031736402925976025,0.009303903740324521,1224,0.022097981733058922,0.8133748717062576,True,0.05,360,paired cluster influence sandwich; asymptotic Bonferroni bounds,,,
201,1.0,validation,state_OR,mlp_base,mlp_stronger:C5:E8,mlp_stronger,mlp,5.0,8.0,7.995742559457445,0.8578224360200962,0.8571148857016986,0.0007075503183976428,0.001201611464697788,0.009020710771888648,1224,0.005088359542874429,0.8242273724565033,True,0.05,360,paired cluster influence sandwich; asymptotic Bonferroni bounds,,,
201,1.0,validation,state_OR,mlp_base,logistic:C1:E2,logistic,logistic,1.0,2.0,1.9948093103901194,0.8578224360200962,0.8406309657839345,0.017191470236161743,0.0044243419733115885,0.009305178143802221,1224,0.03332164100962216,0.806706347514733,True,0.05,360,paired cluster influence sandwich; asymptotic Bonferroni bounds,,,
201,1.0,validation,state_OR,mlp_base,logistic:C1:E8,logistic,logistic,1.0,8.0,7.995742559457445,0.8578224360200962,0.8408723783925703,0.016950057627525883,0.004222207269831361,0.009284802198199774,1224,0.03234329004810885,0.8070220463074433,True,0.05,360,paired cluster influence sandwich; asymptotic Bonferroni bounds,,,
201,1.0,validation,state_OR,mlp_base,logistic:C5:E2,logistic,logistic,5.0,2.0,1.9948093103901194,0.8578224360200962,0.841588828714973,0.016233607305123243,0.004591404918529649,0.00930170638171926,1224,0.032972852569782544,0.8076768677212761,True,0.05,360,paired cluster influence sandwich; asymptotic Bonferroni bounds,,,
201,1.0,validation,state_OR,mlp_base,logistic:C5:E8,logistic,logistic,5.0,8.0,7.995742559457445,0.8578224360200962,0.8553104098896844,0.002512026130411793,0.0020984072314571695,0.008966859759817225,1224,0.010162354066146313,0.8226192255056567,True,0.05,360,paired cluster influence sandwich; asymptotic Bonferroni bounds,,,
201,1.0,validation,state_WA,mlp_base,mlp_base:C1:E2,mlp_base,mlp,1.0,2.0,1.9909995955023065,0.8573318916692412,0.83822984244671,0.019102049222531226,0.004098826332736479,0.008948429483175925,1202,0.03404625933677372,0.805604110216727,True,0.05,360,paired cluster influence sandwich; asymptotic Bonferroni bounds,,,
201,1.0,validation,state_WA,mlp_base,mlp_base:C1:E8,mlp_base,mlp,1.0,8.0,7.998197999765249,0.8573318916692412,0.839287406034394,0.018044485634847174,0.004067052193845868,0.008928899390109527,1202,0.032872848096802486,0.8067328799962918,True,0.05,360,paired cluster influence sandwich; asymptotic Bonferroni bounds,,,
201,1.0,validation,state_WA,mlp_base,mlp_base:C5:E2,mlp_base,mlp,5.0,2.0,1.9909995955023065,0.8573318916692412,0.8498177324683348,0.007514159200906367,0.0027249098718978948,0.008662288180082248,1202,0.017449107003593332,0.818235263701759,True,0.05,360,paired cluster influence sandwich; asymptotic Bonferroni bounds,,,
201,1.0,validation,state_WA,mlp_base,mlp_base:C5:E8,mlp_base,mlp,5.0,8.0,7.998197999765249,0.8573318916692412,0.8566810833075894,0.0006508083616517668,0.0009556023716370542,0.008501707025526417,1202,0.004134908801174028,0.8256840890937907,True,0.05,360,paired cluster influence sandwich; asymptotic Bonferroni bounds,,,
201,1.0,validation,state_WA,mlp_base,mlp_stronger:C1:E2,mlp_stronger,mlp,1.0,2.0,1.9948093103901194,0.8573318916692412,0.8420729070126661,0.015258984656575048,0.004005646041450864,0.008864310336958123,1202,0.029863461945262855,0.8097538709180303,True,0.05,360,paired cluster influence sandwich; asymptotic Bonferroni bounds,,,
201,1.0,validation,state_WA,mlp_base,mlp_stronger:C1:E8,mlp_stronger,mlp,1.0,8.0,7.995742559457445,0.8573318916692412,0.8410812480691999,0.016250643600041248,0.004036262157176039,0.00889691948464084,1202,0.030966746419829203,0.8086433199027716,True,0.05,360,paired cluster influence sandwich; asymptotic Bonferroni bounds,,,
201,1.0,validation,state_WA,mlp_base,mlp_stronger:C5:E2,mlp_stronger,mlp,5.0,2.0,1.9948093103901194,0.8573318916692412,0.8401760889712696,0.017155802697971567,0.0030888463790437813,0.008871476694835612,1202,0.028417653177064586,0.8078309245293507,True,0.05,360,paired cluster influence sandwich; asymptotic Bonferroni bounds,,,
201,1.0,validation,state_WA,mlp_base,mlp_stronger:C5:E8,mlp_stronger,mlp,5.0,8.0,7.995742559457445,0.8573318916692412,0.8561291319122646,0.0012027597569765902,0.001112228923790117,0.008517898779303692,1202,0.005257916375715414,0.8250731030014764,True,0.05,360,paired cluster influence sandwich; asymptotic Bonferroni bounds,,,
201,1.0,validation,state_WA,mlp_base,logistic:C1:E2,logistic,logistic,1.0,2.0,1.9948093103901194,0.8573318916692412,0.8439511893728762,0.01338070229636501,0.0039322886131909745,0.008832911329017357,1202,0.027717720382743952,0.8117466332132154,True,0.05,360,paired cluster influence sandwich; asymptotic Bonferroni bounds,,,
201,1.0,validation,state_WA,mlp_base,logistic:C1:E8,logistic,logistic,1.0,8.0,7.995742559457445,0.8573318916692412,0.844071671300587,0.013260220368654152,0.003842733979476336,0.008819679937823776,1202,0.027270724679065893,0.8119153564358846,True,0.05,360,paired cluster influence sandwich; asymptotic Bonferroni bounds,,,
201,1.0,validation,state_WA,mlp_base,logistic:C5:E2,logistic,logistic,5.0,2.0,1.9948093103901194,0.8573318916692412,0.8448398723097519,0.012492019359489293,0.003917508251813348,0.008822678414720562,1202,0.0267751486474511,0.8126726250792621,True,0.05,360,paired cluster influence sandwich; asymptotic Bonferroni bounds,,,
201,1.0,validation,state_WA,mlp_base,logistic:C5:E8,logistic,logistic,5.0,8.0,7.995742559457445,0.8573318916692412,0.8559571619812585,0.0013747296879826898,0.0018855964339101992,0.008534484851093219,1202,0.008249563362676965,0.8248406607006573,True,0.05,360,paired cluster influence sandwich; asymptotic Bonferroni bounds,,,
201,1.0,validation,proxy_0.5,mlp_base,mlp_base:C1:E2,mlp_base,mlp,1.0,2.0,1.9909995955023065,0.8596392214556277,0.8232622683306277,0.036376953125,0.004581656711588554,0.0096649743832007,1149,0.053083837331523324,0.7880192071316661,True,0.05,360,paired cluster influence sandwich; asymptotic Bonferroni bounds,,,
201,1.0,validation,proxy_0.5,mlp_base,mlp_base:C1:E8,mlp_base,mlp,1.0,8.0,7.998197999765249,0.8596392214556277,0.8251054772050866,0.03453374425054101,0.0045458367863064186,0.009624493902411898,1149,0.05111001209236349,0.7900100269573018,True,0.05,360,paired cluster influence sandwich; asymptotic Bonferroni bounds,,,
201,1.0,validation,proxy_0.5,mlp_base,mlp_base:C5:E2,mlp_base,mlp,5.0,2.0,1.9909995955023065,0.8596392214556277,0.8410020968614719,0.018637124594155785,0.0028331716042042784,0.009035297401225075,1149,0.02896820632032015,0.8080551353241833,True,0.05,360,paired cluster influence sandwich; asymptotic Bonferroni bounds,,,
201,1.0,validation,proxy_0.5,mlp_base,mlp_base:C5:E8,mlp_base,mlp,5.0,8.0,7.998197999765249,0.8596392214556277,0.8532873376623376,0.006351883793290103,0.00109759818023496,0.008672551390489235,1149,0.010354245134787953,0.8216631193987676,True,0.05,360,paired cluster influence sandwich; asymptotic Bonferroni bounds,,,
201,1.0,validation,proxy_0.5,mlp_base,mlp_stronger:C1:E2,mlp_stronger,mlp,1.0,2.0,1.9948093103901194,0.8596392214556277,0.8252286044034091,0.034410617052218595,0.004432703150412313,0.009541561616359042,1149,0.050574346226540064,0.7904355644380365,True,0.05,360,paired cluster influence sandwich; asymptotic Bonferroni bounds,,,
201,1.0,validation,proxy_0.5,mlp_base,mlp_stronger:C1:E8,mlp_stronger,mlp,1.0,8.0,7.995742559457445,0.8596392214556277,0.8252280759604979,0.0344111454951298,0.00446999582215343,0.009569321334336309,1149,0.05071086136329388,0.7903338109529524,True,0.05,360,paired cluster influence sandwich; asymptotic Bonferroni bounds,,,
201,1.0,validation,proxy_0.5,mlp_base,mlp_stronger:C5:E2,mlp_stronger,mlp,5.0,2.0,1.9948093103901194,0.8596392214556277,0.8383080948998917,0.02133112655573599,0.003215163047419384,0.00910833542291011,1149,0.03305512949171853,0.8050948022409633,True,0.05,360,paired cluster influence sandwich; asymptotic Bonferroni bounds,,,
201,1.0,validation,proxy_0.5,mlp_base,mlp_stronger:C5:E8,mlp_stronger,mlp,5.0,8.0,7.995742559457445,0.8596392214556277,0.8562233664772728,0.0034158549783548375,0.0011705029221720008,0.008617534315976975,1149,0.007684061440585511,0.8247997664509735,True,0.05,360,paired cluster influence sandwich; asymptotic Bonferroni bounds,,,
201,1.0,validation,proxy_0.5,mlp_base,logistic:C1:E2,logistic,logistic,1.0,2.0,1.9948093103901194,0.8596392214556277,0.8268102340367967,0.032828987418831,0.004395725931371862,0.009587201296028582,1149,0.04885788018883926,0.7918507702445291,True,0.05,360,paired cluster influence sandwich; asymptotic Bonferroni bounds,,,
201,1.0,validation,proxy_0.5,mlp_base,logistic:C1:E8,logistic,logistic,1.0,8.0,7.995742559457445,0.8596392214556277,0.8268313717532468,0.03280784970238082,0.00429238865684561,0.009557356151279934,1149,0.048459925965084846,0.7919807374540709,True,0.05,360,paired cluster influence sandwich; asymptotic Bonferroni bounds,,,
201,1.0,validation,proxy_0.5,mlp_base,logistic:C5:E2,logistic,logistic,5.0,2.0,1.9948093103901194,0.8596392214556277,0.8390880766369048,0.02055114481872289,0.003907515152859414,0.009128028411573976,1149,0.03479979051689061,0.8058029740406549,True,0.05,360,paired cluster influence sandwich; asymptotic Bonferroni bounds,,,
201,1.0,validation,proxy_0.5,mlp_base,logistic:C5:E8,logistic,logistic,5.0,8.0,7.995742559457445,0.8596392214556277,0.8510044642857143,0.008634757169913354,0.0019174516482137842,0.008786635314950112,1149,0.015626691458069115,0.8189642421537243,True,0.05,360,paired cluster influence sandwich; asymptotic Bonferroni bounds,,,
201,1.0,validation,proxy_0.75,mlp_base,mlp_base:C1:E2,mlp_base,mlp,1.0,2.0,1.9909995955023065,0.8647989380411255,0.8335161745806277,0.03128276346049785,0.004411166562447675,0.009180572474098384,1149,0.04736796006374765,0.8000394715167751,True,0.05,360,paired cluster influence sandwich; asymptotic Bonferroni bounds,,,
201,1.0,validation,proxy_0.75,mlp_base,mlp_base:C1:E8,mlp_base,mlp,1.0,8.0,7.998197999765249,0.8647989380411255,0.8353097098214285,0.029489228219697017,0.004380743017287638,0.009137712262477712,1149,0.04546348620878678,0.8019892953312708,True,0.05,360,paired cluster influence sandwich; asymptotic Bonferroni bounds,,,
201,1.0,validation,proxy_0.75,mlp_base,mlp_base:C5:E2,mlp_base,mlp,5.0,2.0,1.9909995955023065,0.8647989380411255,0.8487850040584416,0.016013933982683914,0.0026576569656892933,0.008644600918235152,1149,0.02570500644433859,0.8172627064172276,True,0.05,360,paired cluster influence sandwich; asymptotic Bonferroni bounds,,,
201,1.0,validation,proxy_0.75,mlp_base,mlp_base:C5:E8,mlp_base,mlp,5.0,8.0,7.998197999765249,0.8647989380411255,0.8597279998647186,0.005070938176406914,0.0010235410567599047,0.008379476306725827,1149,0.008803252269834761,0.8291724717707696,True,0.05,360,paired cluster influence sandwich; asymptotic Bonferroni bounds,,,
201,1.0,validation,proxy_0.75,mlp_base,mlp_stronger:C1:E2,mlp_stronger,mlp,1.0,2.0,1.9948093103901194,0.8647989380411255,0.836256151075487,0.0285427869656385,0.004229224487015955,0.009047468923564504,1149,0.04396453683381452,0.8032648064193524,True,0.05,360,paired cluster influence sandwich; asymptotic Bonferroni bounds,,,
201,1.0,validation,proxy_0.75,mlp_base,mlp_stronger:C1:E8,mlp_stronger,mlp,1.0,8.0,7.995742559457445,0.8647989380411255,0.8358814850514068,0.028917452989718706,0.004265252166836982,0.009081372579557311,1149,0.044470576793763206,0.8027665116534206,True,0.05,360,paired cluster influence sandwich; asymptotic Bonferroni bounds,,,
201,1.0,validation,proxy_0.75,mlp_base,mlp_stronger:C5:E2,mlp_stronger,mlp,5.0,2.0,1.9948093103901194,0.8647989380411255,0.8479299834280303,0.016868954613095233,0.003085166302010873,0.008628330105724218,1149,0.028118928020136512,0.8164670168536504,True,0.05,360,paired cluster influence sandwich; asymptotic Bonferroni bounds,,,
201,1.0,validation,proxy_0.75,mlp_base,mlp_stronger:C5:E8,mlp_stronger,mlp,5.0,8.0,7.995742559457445,0.8647989380411255,0.8623342803030303,0.002464657738095233,0.0011368655376928622,0.00831050354983503,1149,0.0066102064101685055,0.8320302594553279,True,0.05,360,paired cluster influence sandwich; asymptotic Bonferroni bounds,,,
201,1.0,validation,proxy_0.75,mlp_base,logistic:C1:E2,logistic,logistic,1.0,2.0,1.9948093103901194,0.8647989380411255,0.8371814546130952,0.027617483428030276,0.0041982750121791704,0.009090479184336725,1149,0.04292637689405748,0.8040332742331936,True,0.05,360,paired cluster influence sandwich; asymptotic Bonferroni bounds,,,
201,1.0,validation,proxy_0.75,mlp_base,logistic:C1:E8,logistic,logistic,1.0,8.0,7.995742559457445,0.8647989380411255,0.8372808018804112,0.0275181361607143,0.0040862453065745345,0.009064490992814332,1149,0.04241851641044281,0.804227386720567,True,0.05,360,paired cluster influence sandwich; asymptotic Bonferroni bounds,,,
201,1.0,validation,proxy_0.75,mlp_base,logistic:C5:E2,logistic,logistic,5.0,2.0,1.9948093103901194,0.8647989380411255,0.8456354843073592,0.019163453733766267,0.003854856553821225,0.008833170702931088,1149,0.03322008131010842,0.8134255721729434,True,0.05,360,paired cluster influence sandwich; asymptotic Bonferroni bounds,,,
201,1.0,validation,proxy_0.75,mlp_base,logistic:C5:E8,logistic,logistic,5.0,8.0,7.995742559457445,0.8647989380411255,0.8579069855925324,0.006891952448593086,0.0018508327712207567,0.00845087467723268,1149,0.013640962848305616,0.8270911053195178,True,0.05,360,paired cluster influence sandwich; asymptotic Bonferroni bounds,,,
201,1.0,test,source,mlp_base,mlp_base:C1:E2,mlp_base,mlp,1.0,2.0,1.9909995955023065,0.8645507169349154,0.8399004662624115,0.024650250672503815,0.003881580339660941,0.00904273868732318,1133,0.03880494662153966,0.8069249239664549,True,0.05,360,paired cluster influence sandwich; asymptotic Bonferroni bounds,-1.1102230246251565e-16,0.02330471755883967,0.0013455331136642545
201,1.0,test,source,mlp_base,mlp_base:C1:E8,mlp_base,mlp,1.0,8.0,7.998197999765249,0.8645507169349154,0.8409676494345294,0.023583067500385968,0.0038609916859006902,0.00903143492450137,1133,0.03766268420115826,0.8080333278043381,True,0.05,360,paired cluster influence sandwich; asymptotic Bonferroni bounds,-1.1102230246251565e-16,0.02330471755883967,0.00027834994154640746
201,1.0,test,source,mlp_base,mlp_base:C5:E2,mlp_base,mlp,5.0,2.0,1.9909995955023065,0.8645507169349154,0.852053329748046,0.012497387186869324,0.0024839791873944228,0.008662413214813106,1133,0.02155554573689239,0.8204646945759861,True,0.05,360,paired cluster influence sandwich; asymptotic Bonferroni bounds,-1.1102230246251565e-16,3.991433124050925e-05,0.012457472855628926
201,1.0,test,source,mlp_base,mlp_base:C5:E8,mlp_base,mlp,5.0,8.0,7.998197999765249,0.8645507169349154,0.8620371644438934,0.00251355249102192,0.0009223723875415945,0.008344393194627868,1133,0.005877105362525276,0.8316082313255135,True,0.05,360,paired cluster influence sandwich; asymptotic Bonferroni bounds,-1.1102230246251565e-16,3.991433124050925e-05,0.0024736381597815216
201,1.0,test,source,mlp_base,mlp_stronger:C1:E2,mlp_stronger,mlp,1.0,2.0,1.9948093103901194,0.8645507169349154,0.8434622951370689,0.021088421797846424,0.003683787032059297,0.008954079105667739,1133,0.03452183829756912,0.8108100617285978,True,0.05,360,paired cluster influence sandwich; asymptotic Bonferroni bounds,-0.0004957780090942832,0.022633526567714113,-0.0010493267607734058
201,1.0,test,source,mlp_base,mlp_stronger:C1:E8,mlp_stronger,mlp,1.0,8.0,7.995742559457445,0.8645507169349154,0.8429602148651474,0.02159050206976798,0.003697592114256163,0.008977381966730633,1133,0.035074260627093214,0.8102230044925987,True,0.05,360,paired cluster influence sandwich; asymptotic Bonferroni bounds,-0.0004957780090942832,0.022633526567714113,-0.0005472464888518491
201,1.0,test,source,mlp_base,mlp_stronger:C5:E2,mlp_stronger,mlp,5.0,2.0,1.9948093103901194,0.8645507169349154,0.8578062453323866,0.006744471602528779,0.0028232439930916775,0.008368403580253163,1133,0.01703980412568487,0.82728975516806,True,0.05,360,paired cluster influence sandwich; asymptotic Bonferroni bounds,-0.0004957780090942832,-0.00012079337085990627,0.007361042982482968
201,1.0,test,source,mlp_base,mlp_stronger:C5:E8,mlp_stronger,mlp,5.0,8.0,7.995742559457445,0.8645507169349154,0.8654445878792781,-0.0008938709443627735,0.001055976733362972,0.00822252207111041,1133,0.0029568878399612937,0.8354600739271668,True,0.05,360,paired cluster influence sandwich; asymptotic Bonferroni bounds,-0.0004957780090942832,-0.00012079337085990627,-0.00027729956440858405
201,1.0,test,source,mlp_base,logistic:C1:E2,logistic,logistic,1.0,2.0,1.9948093103901194,0.8645507169349154,0.8422365050171264,0.02231421191778893,0.0036540740128502545,0.009011739732097237,1133,0.03563927596417335,0.8093740045102261,True,0.05,360,paired cluster influence sandwich; asymptotic Bonferroni bounds,0.0035849371716911715,0.016754565726824322,0.001974709019273435
201,1.0,test,source,mlp_base,logistic:C1:E8,logistic,logistic,1.0,8.0,7.995742559457445,0.8645507169349154,0.843759551867098,0.02079116506781742,0.003564952751746485,0.008961851908448736,1133,0.0337912366515626,0.8110789739055301,True,0.05,360,paired cluster influence sandwich; asymptotic Bonferroni bounds,0.0035849371716911715,0.016754565726824322,0.00045166216930192515
201,1.0,test,source,mlp_base,logistic:C5:E2,logistic,logistic,5.0,2.0,1.9948093103901194,0.8645507169349154,0.8440368514315066,0.020513865503408724,0.003399657247000559,0.008842226006850019,1133,0.032911165172963566,0.8117925051376071,True,0.05,360,paired cluster influence sandwich; asymptotic Bonferroni bounds,0.0035849371716911715,0.0,0.016928928331717552
201,1.0,test,source,mlp_base,logistic:C5:E8,logistic,logistic,5.0,8.0,7.995742559457445,0.8645507169349154,0.8580457313198304,0.006504985615084946,0.0016326595092868079,0.008473805355920468,1133,0.012458694393472743,0.8271448796438239,True,0.05,360,paired cluster influence sandwich; asymptotic Bonferroni bounds,0.0035849371716911715,0.0,0.0029200484433937746
201,1.0,test,state_CO,mlp_base,mlp_base:C1:E2,mlp_base,mlp,1.0,2.0,1.9909995955023065,0.8464760181601917,0.8196566484059574,0.026819369754234268,0.004251398168854841,0.009313593797621875,1206,0.04231970005864438,0.7856998712586571,True,0.05,360,paired cluster influence sandwich; asymptotic Bonferroni bounds,-1.1102230246251565e-16,0.024355639878708812,0.0024637298755255665
201,1.0,test,state_CO,mlp_base,mlp_base:C1:E8,mlp_base,mlp,1.0,8.0,7.998197999765249,0.8464760181601917,0.8214293193278719,0.025046698832319803,0.004197467285794513,0.009278980550858271,1206,0.0403504005294243,0.7875987399010472,True,0.05,360,paired cluster influence sandwich; asymptotic Bonferroni bounds,-1.1102230246251565e-16,0.024355639878708812,0.0006910589536111011
201,1.0,test,state_CO,mlp_base,mlp_base:C5:E2,mlp_base,mlp,5.0,2.0,1.9909995955023065,0.8464760181601917,0.8365038280477793,0.009972190112412349,0.0028547008428709826,0.008892042586703466,1206,0.020380249820613497,0.8040840000992927,True,0.05,360,paired cluster influence sandwich; asymptotic Bonferroni bounds,-1.1102230246251565e-16,5.1305892010744536e-05,0.009920884220401716
201,1.0,test,state_CO,mlp_base,mlp_base:C5:E8,mlp_base,mlp,5.0,8.0,7.998197999765249,0.8464760181601917,0.8441777236099245,0.002298294550267199,0.001059012433636806,0.008706644496185061,1206,0.006159387269858142,0.8124338454376537,True,0.05,360,paired cluster influence sandwich; asymptotic Bonferroni bounds,-1.1102230246251565e-16,5.1305892010744536e-05,0.0022469886582565657
201,1.0,test,state_CO,mlp_base,mlp_stronger:C1:E2,mlp_stronger,mlp,1.0,2.0,1.9948093103901194,0.8464760181601917,0.8251191553165469,0.021356862843644797,0.004169831605360532,0.009200668420702546,1206,0.03655980658821219,0.7915740969903212,True,0.05,360,paired cluster influence sandwich; asymptotic Bonferroni bounds,0.00017067062036157932,0.02284473371194984,-0.0016585414886666205
201,1.0,test,state_CO,mlp_base,mlp_stronger:C1:E8,mlp_stronger,mlp,1.0,8.0,7.995742559457445,0.8464760181601917,0.8241987904374193,0.022277227722772408,0.004200202623549531,0.009218337369889019,1206,0.037590902289274905,0.7905893122338628,True,0.05,360,paired cluster influence sandwich; asymptotic Bonferroni bounds,0.00017067062036157932,0.02284473371194984,-0.0007381766095390097
201,1.0,test,state_CO,mlp_base,mlp_stronger:C5:E2,mlp_stronger,mlp,5.0,2.0,1.9948093103901194,0.8464760181601917,0.8359771573604061,0.01049886079978557,0.003114755066249867,0.008899900459866557,1206,0.021855061848630737,0.8035286801006387,True,0.05,360,paired cluster influence sandwich; asymptotic Bonferroni bounds,0.00017067062036157932,-0.00034971771288805353,0.010677907892312044
201,1.0,test,state_CO,mlp_base,mlp_stronger:C5:E8,mlp_stronger,mlp,5.0,8.0,7.995742559457445,0.8464760181601917,0.8460257827813238,0.00045023537886790255,0.001195609370976129,0.008640425112493315,1206,0.004809351939848568,0.8145233363166959,True,0.05,360,paired cluster influence sandwich; asymptotic Bonferroni bounds,0.00017067062036157932,-0.00034971771288805353,0.0006292824713943768
201,1.0,test,state_CO,mlp_base,logistic:C1:E2,logistic,logistic,1.0,2.0,1.9948093103901194,0.8464760181601917,0.824783049370927,0.021692968789264744,0.0042287525739577924,0.009212489148381053,1206,0.03711073467912165,0.7911948934151266,True,0.05,360,paired cluster influence sandwich; asymptotic Bonferroni bounds,0.002904541723207865,0.016877544353420038,0.001910882712636841
201,1.0,test,state_CO,mlp_base,logistic:C1:E8,logistic,logistic,1.0,8.0,7.995742559457445,0.8464760181601917,0.8263033790688714,0.020172639091320277,0.004011354693436302,0.009169037556239244,1206,0.03479778598344414,0.7928736448848507,True,0.05,360,paired cluster influence sandwich; asymptotic Bonferroni bounds,0.002904541723207865,0.016877544353420038,0.00039055301469237413
201,1.0,test,state_CO,mlp_base,logistic:C5:E2,logistic,logistic,5.0,2.0,1.9948093103901194,0.8464760181601917,0.8261557437469634,0.020320274413228256,0.004618647066545155,0.009227352292207638,1206,0.037159571098118266,0.7925133977036851,True,0.05,360,paired cluster influence sandwich; asymptotic Bonferroni bounds,0.002904541723207865,0.0,0.01741573269002039
201,1.0,test,state_CO,mlp_base,logistic:C5:E8,logistic,logistic,5.0,8.0,7.995742559457445,0.8464760181601917,0.8425872409575984,0.0038887772025932854,0.0022682778303845692,0.008757848886882885,1206,0.012158775494144047,0.8106566747976753,True,0.05,360,paired cluster influence sandwich; asymptotic Bonferroni bounds,0.002904541723207865,0.0,0.0009842354793854202
201,1.0,test,state_UT,mlp_base,mlp_base:C1:E2,mlp_base,mlp,1.0,2.0,1.9909995955023065,0.8697278686353704,0.8503811837081281,0.01934668492724234,0.004278164365050484,0.008954323878105411,1094,0.03494932901711168,0.817724390603862,True,0.05,360,paired cluster influence sandwich; asymptotic Bonferroni bounds,-2.220446049250313e-16,0.01704785037479506,0.002298834552447504
201,1.0,test,state_UT,mlp_base,mlp_base:C1:E8,mlp_base,mlp,1.0,8.0,7.998197999765249,0.8697278686353704,0.8519737568114156,0.01775411182395481,0.00424206580755904,0.008920736962264171,1094,0.03322510296722446,0.8194394565917681,True,0.05,360,paired cluster influence sandwich; asymptotic Bonferroni bounds,-2.220446049250313e-16,0.01704785037479506,0.0007062614491599728
201,1.0,test,state_UT,mlp_base,mlp_base:C5:E2,mlp_base,mlp,5.0,2.0,1.9909995955023065,0.8697278686353704,0.8605604091669948,0.009167459468375605,0.0028009343096135324,0.00869189843914664,1094,0.019382583858877638,0.8288606925971534,True,0.05,360,paired cluster influence sandwich; asymptotic Bonferroni bounds,-2.220446049250313e-16,0.00012429272213854148,0.009043166746237286
201,1.0,test,state_UT,mlp_base,mlp_base:C5:E8,mlp_base,mlp,5.0,8.0,7.998197999765249,0.8697278686353704,0.8676334781866272,0.0020943904487432663,0.0009562793833662669,0.00846759690539915,1094,0.005581981292852294,0.8367517986769006,True,0.05,360,paired cluster influence sandwich; asymptotic Bonferroni bounds,-2.220446049250313e-16,0.00012429272213854148,0.001970097726604947
201,1.0,test,state_UT,mlp_base,mlp_stronger:C1:E2,mlp_stronger,mlp,1.0,2.0,1.9948093103901194,0.8697278686353704,0.8537092084644504,0.016018660170920018,0.004222032458546118,0.00885645918308058,1094,0.03141658885377318,0.8214093319896412,True,0.05,360,paired cluster influence sandwich; asymptotic Bonferroni bounds,0.0017064112973952383,0.016634315710484016,-0.0023220668369592357
201,1.0,test,state_UT,mlp_base,mlp_stronger:C1:E8,mlp_stronger,mlp,1.0,8.0,7.995742559457445,0.8697278686353704,0.8521956251285036,0.017532243506866885,0.004207359362501006,0.00889951341574173,1094,0.03287665879571428,0.8197387280692908,True,0.05,360,paired cluster influence sandwich; asymptotic Bonferroni bounds,0.0017064112973952383,0.016634315710484016,-0.0008084835010123692
201,1.0,test,state_UT,mlp_base,mlp_stronger:C5:E2,mlp_stronger,mlp,5.0,2.0,1.9948093103901194,0.8697278686353704,0.8631728795603522,0.00655498907501828,0.0027024459526811145,0.00855672956446272,1094,0.016410922315043236,0.8319661295209578,True,0.05,360,paired cluster influence sandwich; asymptotic Bonferroni bounds,0.0017064112973952383,-0.0003113126124587584,0.0051598903900818005
201,1.0,test,state_UT,mlp_base,mlp_stronger:C5:E8,mlp_stronger,mlp,5.0,8.0,7.995742559457445,0.8697278686353704,0.8698161513165156,-8.828268114513538e-05,0.0010018541060007847,0.008397964559928611,1094,0.0035655210795525953,0.8391884238784755,True,0.05,360,paired cluster influence sandwich; asymptotic Bonferroni bounds,0.0017064112973952383,-0.0003113126124587584,-0.0014833813660816153
201,1.0,test,state_UT,mlp_base,logistic:C1:E2,logistic,logistic,1.0,2.0,1.9948093103901194,0.8697278686353704,0.8535320622950476,0.016195806340322805,0.004123674546814722,0.0088826141187464,1094,0.03123501961179423,0.8211367976776693,True,0.05,360,paired cluster influence sandwich; asymptotic Bonferroni bounds,0.0030759544693688134,0.012849776563503612,0.0002700753074503792
201,1.0,test,state_UT,mlp_base,logistic:C1:E8,logistic,logistic,1.0,8.0,7.995742559457445,0.8697278686353704,0.853961278751404,0.015766589883966398,0.003992518853323841,0.008856265933178217,1094,0.030327472864386917,0.8216621070670586,True,0.05,360,paired cluster influence sandwich; asymptotic Bonferroni bounds,0.0030759544693688134,0.012849776563503612,-0.00015914114890602793
201,1.0,test,state_UT,mlp_base,logistic:C5:E2,logistic,logistic,5.0,2.0,1.9948093103901194,0.8697278686353704,0.8572393540960259,0.01248851453934452,0.003932225855877031,0.008735797391588048,1094,0.02682950644032006,0.825379536213468,True,0.05,360,paired cluster influence sandwich; asymptotic Bonferroni bounds,0.0030759544693688134,0.0,0.009412560069975706
201,1.0,test,state_UT,mlp_base,logistic:C5:E8,logistic,logistic,5.0,8.0,7.995742559457445,0.8697278686353704,0.8668040856295541,0.002923783005816305,0.001927144702940731,0.008444484339806525,1094,0.009952160212475214,0.8360066986116943,True,0.05,360,paired cluster influence sandwich; asymptotic Bonferroni bounds,0.0030759544693688134,0.0,-0.00015217146355250843
202,1.0,validation,source,mlp_stronger,mlp_base:C1:E2,mlp_base,mlp,1.0,2.0,1.9909995955023065,0.8622497294372294,0.8456270292207794,0.01662270021645007,0.0036928618945167822,0.00921591205028571,1136,0.030089097384216276,0.8120202669108693,True,0.05,360,paired cluster influence sandwich; asymptotic Bonferroni bounds,,,
202,1.0,validation,source,mlp_stronger,mlp_base:C1:E8,mlp_base,mlp,1.0,8.0,7.998197999765249,0.8622497294372294,0.8446716044372294,0.017578125,0.0036947266369733067,0.009218641006617024,1136,0.031051322141134406,0.811054890710001,True,0.05,360,paired cluster influence sandwich; asymptotic Bonferroni bounds,,,
202,1.0,validation,source,mlp_stronger,mlp_base:C5:E2,mlp_base,mlp,5.0,2.0,1.9909995955023065,0.8622497294372294,0.8504675662878788,0.011782163149350655,0.002832773358021562,0.00910816408577142,1136,0.022112159833501434,0.8172537179091184,True,0.05,360,paired cluster influence sandwich; asymptotic Bonferroni bounds,,,
202,1.0,validation,source,mlp_stronger,mlp_base:C5:E8,mlp_base,mlp,5.0,8.0,7.998197999765249,0.8622497294372294,0.8616134841720781,0.0006362452651513806,0.0010242869632118951,0.008692777019246834,1136,0.004371412042131924,0.8299143870556054,True,0.05,360,paired cluster influence sandwich; asymptotic Bonferroni bounds,,,
202,1.0,validation,source,mlp_stronger,mlp_stronger:C1:E2,mlp_stronger,mlp,1.0,2.0,1.9948093103901194,0.8622497294372294,0.843940239448052,0.018309489989177474,0.0037223729625197443,0.009293280077488936,1136,0.03188350227332887,0.8100513467438392,True,0.05,360,paired cluster influence sandwich; asymptotic Bonferroni bounds,,,
202,1.0,validation,source,mlp_stronger,mlp_stronger:C1:E8,mlp_stronger,mlp,1.0,8.0,7.995742559457445,0.8622497294372294,0.8442731584821429,0.017976570955086535,0.0037056037115910574,0.00929614826587633,1136,0.031489432457090634,0.8103738066367329,True,0.05,360,paired cluster influence sandwich; asymptotic Bonferroni bounds,,,
202,1.0,validation,source,mlp_stronger,mlp_stronger:C5:E2,mlp_stronger,mlp,5.0,2.0,1.9948093103901194,0.8622497294372294,0.8532947358630952,0.008954993574134207,0.0025780566312415014,0.00893292703021877,1136,0.018356139760738143,0.8207199072624873,True,0.05,360,paired cluster influence sandwich; asymptotic Bonferroni bounds,,,
202,1.0,validation,source,mlp_stronger,mlp_stronger:C5:E8,mlp_stronger,mlp,5.0,8.0,7.995742559457445,0.8622497294372294,0.8611664214691558,0.0010833079680736546,0.0008090436369328917,0.008741618683456156,1136,0.0040335680244189195,0.8292892182476176,True,0.05,360,paired cluster influence sandwich; asymptotic Bonferroni bounds,,,
202,1.0,validation,source,mlp_stronger,logistic:C1:E2,logistic,logistic,1.0,2.0,1.9948093103901194,0.8622497294372294,0.8472292681277057,0.015020461309523725,0.003350582046897459,0.009112707864550247,1136,0.027238700137708308,0.8139988503966582,True,0.05,360,paired cluster influence sandwich; asymptotic Bonferroni bounds,,,
202,1.0,validation,source,mlp_stronger,logistic:C1:E8,logistic,logistic,1.0,8.0,7.995742559457445,0.8622497294372294,0.8478042140151517,0.014445515422077726,0.0032641766573738257,0.009116361592290212,1136,0.026348668193432383,0.8145604725936184,True,0.05,360,paired cluster influence sandwich; asymptotic Bonferroni bounds,,,
202,1.0,validation,source,mlp_stronger,logistic:C5:E2,logistic,logistic,5.0,2.0,1.9948093103901194,0.8622497294372294,0.8451619994588744,0.01708772997835506,0.003933642964550431,0.0090715997633077,1136,0.03143215985142424,0.8120814866075535,True,0.05,360,paired cluster influence sandwich; asymptotic Bonferroni bounds,,,
202,1.0,validation,source,mlp_stronger,logistic:C5:E8,logistic,logistic,5.0,8.0,7.995742559457445,0.8622497294372294,0.8588507846320347,0.003398944805194759,0.001631124115686588,0.008726697276547556,1136,0.00934700508992177,0.8270279938411458,True,0.05,360,paired cluster influence sandwich; asymptotic Bonferroni bounds,,,
202,1.0,validation,state_OR,mlp_stronger,mlp_base:C1:E2,mlp_base,mlp,1.0,2.0,1.9909995955023065,0.8438979636211954,0.8254955602593288,0.018402403361866604,0.004631814012911797,0.009798343441505097,1243,0.035288218908306954,0.7897745620601986,True,0.05,360,paired cluster influence sandwich; asymptotic Bonferroni bounds,,,
202,1.0,validation,state_OR,mlp_stronger,mlp_base:C1:E8,mlp_base,mlp,1.0,8.0,7.998197999765249,0.8438979636211954,0.8247034625983467,0.019194501022848698,0.004610217016012854,0.009831211274188274,1243,0.0360015822105743,0.7888626409005716,True,0.05,360,paired cluster influence sandwich; asymptotic Bonferroni bounds,,,
202,1.0,validation,state_OR,mlp_stronger,mlp_base:C5:E2,mlp_base,mlp,5.0,2.0,1.9909995955023065,0.8438979636211954,0.8308194771711686,0.01307848645002685,0.003846423132469638,0.009518436543656826,1243,0.027101068390361,0.7961189120537783,True,0.05,360,paired cluster influence sandwich; asymptotic Bonferroni bounds,,,
202,1.0,validation,state_OR,mlp_stronger,mlp_base:C5:E8,mlp_base,mlp,5.0,8.0,7.998197999765249,0.8438979636211954,0.8462265532436065,-0.0023285896224111147,0.0014079117902747523,0.009109589172379005,1243,0.0028041162094650414,0.8130164886685091,True,0.05,360,paired cluster influence sandwich; asymptotic Bonferroni bounds,,,
202,1.0,validation,state_OR,mlp_stronger,mlp_stronger:C1:E2,mlp_stronger,mlp,1.0,2.0,1.9948093103901194,0.8438979636211954,0.8188736681887367,0.025024295432458654,0.004698351617200055,0.009971737316386833,1243,0.04215268153760053,0.7825205424948553,True,0.05,360,paired cluster influence sandwich; asymptotic Bonferroni bounds,,,
202,1.0,validation,state_OR,mlp_stronger,mlp_stronger:C1:E8,mlp_stronger,mlp,1.0,8.0,7.995742559457445,0.8438979636211954,0.8191288256985769,0.024769137922618478,0.004624428668322281,0.009973151388936837,1243,0.04162802933822417,0.7827705448390989,True,0.05,360,paired cluster influence sandwich; asymptotic Bonferroni bounds,,,
202,1.0,validation,state_OR,mlp_stronger,mlp_stronger:C5:E2,mlp_stronger,mlp,5.0,2.0,1.9948093103901194,0.8438979636211954,0.8239690527221978,0.01992891089899762,0.004026616697067679,0.009599331505738266,1243,0.03460840939210702,0.7889735756319745,True,0.05,360,paired cluster influence sandwich; asymptotic Bonferroni bounds,,,
202,1.0,validation,state_OR,mlp_stronger,mlp_stronger:C5:E8,mlp_stronger,mlp,5.0,8.0,7.995742559457445,0.8438979636211954,0.8417235778851658,0.0021743857360295715,0.001222444873181236,0.009236426040813837,1243,0.006630950396589724,0.8080511147856655,True,0.05,360,paired cluster influence sandwich; asymptotic Bonferroni bounds,,,
202,1.0,validation,state_OR,mlp_stronger,logistic:C1:E2,logistic,logistic,1.0,2.0,1.9948093103901194,0.8438979636211954,0.8226189366809997,0.021279026940195678,0.004208216682103683,0.009890011891419552,1243,0.036620569255014265,0.786563750508784,True,0.05,360,paired cluster influence sandwich; asymptotic Bonferroni bounds,,,
202,1.0,validation,state_OR,mlp_stronger,logistic:C1:E8,logistic,logistic,1.0,8.0,7.995742559457445,0.8438979636211954,0.8237260983976107,0.020171865223584717,0.004115375603905098,0.0098420428002509,1243,0.03517494461281437,0.7878457891144812,True,0.05,360,paired cluster influence sandwich; asymptotic Bonferroni bounds,,,
202,1.0,validation,state_OR,mlp_stronger,logistic:C5:E2,logistic,logistic,5.0,2.0,1.9948093103901194,0.8438979636211954,0.8217580574304085,0.022139906190786873,0.004317966619611719,0.009969221442168249,1243,0.03788155464022744,0.78541410364798,True,0.05,360,paired cluster influence sandwich; asymptotic Bonferroni bounds,,,
202,1.0,validation,state_OR,mlp_stronger,logistic:C5:E8,logistic,logistic,5.0,8.0,7.995742559457445,0.8438979636211954,0.8392097217230009,0.004688241898194501,0.0019354747466746602,0.009395728784906104,1243,0.011744239715903949,0.8049565019814409,True,0.05,360,paired cluster influence sandwich; asymptotic Bonferroni bounds,,,
202,1.0,validation,state_WA,mlp_stronger,mlp_base:C1:E2,mlp_base,mlp,1.0,2.0,1.9909995955023065,0.8535874559357659,0.8379613633278626,0.015626092607903264,0.004051040972728764,0.009134222870428381,1213,0.030395681022513298,0.8046591298546053,True,0.05,360,paired cluster influence sandwich; asymptotic Bonferroni bounds,,,
202,1.0,validation,state_WA,mlp_stronger,mlp_base:C1:E8,mlp_base,mlp,1.0,8.0,7.998197999765249,0.8535874559357659,0.8363998338207651,0.0171876221150008,0.0041209840700470405,0.009188840090254556,1213,0.032212214309327754,0.8028984727991533,True,0.05,360,paired cluster influence sandwich; asymptotic Bonferroni bounds,,,
202,1.0,validation,state_WA,mlp_stronger,mlp_base:C5:E2,mlp_base,mlp,5.0,2.0,1.9909995955023065,0.8535874559357659,0.8415322630403396,0.012055192895426337,0.0033692386954534996,0.009023733565366399,1213,0.02433901553198342,0.808632859746033,True,0.05,360,paired cluster influence sandwich; asymptotic Bonferroni bounds,,,
202,1.0,validation,state_WA,mlp_stronger,mlp_base:C5:E8,mlp_base,mlp,5.0,8.0,7.998197999765249,0.8535874559357659,0.8536985163155925,-0.00011106037982655526,0.0011985074515600733,0.008614900574927625,1213,0.004258547800033897,0.8222896669405735,True,0.05,360,paired cluster influence sandwich; asymptotic Bonferroni bounds,,,
202,1.0,validation,state_WA,mlp_stronger,mlp_stronger:C1:E2,mlp_stronger,mlp,1.0,2.0,1.9948093103901194,0.8535874559357659,0.835578192677419,0.018009263258346953,0.00414543586104726,0.009252046172487283,1213,0.03312300362261454,0.8018463901899809,True,0.05,360,paired cluster influence sandwich; asymptotic Bonferroni bounds,,,
202,1.0,validation,state_WA,mlp_stronger,mlp_stronger:C1:E8,mlp_stronger,mlp,1.0,8.0,7.995742559457445,0.8535874559357659,0.8349365104828658,0.018650945452900136,0.004098178757539429,0.009260640875326881,1213,0.033592392331820146,0.8011733727844681,True,0.05,360,paired cluster influence sandwich; asymptotic Bonferroni bounds,,,
202,1.0,validation,state_WA,mlp_stronger,mlp_stronger:C5:E2,mlp_stronger,mlp,5.0,2.0,1.9948093103901194,0.8535874559357659,0.8424094343735988,0.011178021562167073,0.003472481915923692,0.008939241685991797,1213,0.023838256060072588,0.8098180778976634,True,0.05,360,paired cluster influence sandwich; asymptotic Bonferroni bounds,,,
202,1.0,validation,state_WA,mlp_stronger,mlp_stronger:C5:E8,mlp_stronger,mlp,5.0,8.0,7.995742559457445,0.8535874559357659,0.8525909975278783,0.000996458407887646,0.0010719815092429317,0.008680333834277573,1213,0.004904768836287417,0.8209435866779862,True,0.05,360,paired cluster influence sandwich; asymptotic Bonferroni bounds,,,
202,1.0,validation,state_WA,mlp_stronger,logistic:C1:E2,logistic,logistic,1.0,2.0,1.9948093103901194,0.8535874559357659,0.8358157384898257,0.017771717445940194,0.003609724332786214,0.009173606855495136,1213,0.030932320620373904,0.8023699159357669,True,0.05,360,paired cluster influence sandwich; asymptotic Bonferroni bounds,,,
202,1.0,validation,state_WA,mlp_stronger,logistic:C1:E8,logistic,logistic,1.0,8.0,7.995742559457445,0.8535874559357659,0.8372687784592222,0.016318677476543697,0.003536869615785939,0.009158417748816072,1213,0.02921366147027775,0.8038783334872579,True,0.05,360,paired cluster influence sandwich; asymptotic Bonferroni bounds,,,
202,1.0,validation,state_WA,mlp_stronger,logistic:C5:E2,logistic,logistic,5.0,2.0,1.9948093103901194,0.8535874559357659,0.830796426323778,0.022791029611987867,0.003908127452204507,0.00916421308015338,1213,0.037039573215835495,0.7973848522990209,True,0.05,360,paired cluster influence sandwich; asymptotic Bonferroni bounds,,,
202,1.0,validation,state_WA,mlp_stronger,logistic:C5:E8,logistic,logistic,5.0,8.0,7.995742559457445,0.8535874559357659,0.8481722340823737,0.00541522185339216,0.0016595090386544327,0.008766429986836844,1213,0.011465584127250163,0.8162109274348479,True,0.05,360,paired cluster influence sandwich; asymptotic Bonferroni bounds,,,
202,1.0,validation,proxy_0.5,mlp_stronger,mlp_base:C1:E2,mlp_base,mlp,1.0,2.0,1.9909995955023065,0.8443407991747836,0.8226619571834416,0.021678841991341957,0.004303379714203768,0.009868106125835309,1136,0.03737155459487114,0.7866769027243299,True,0.05,360,paired cluster influence sandwich; asymptotic Bonferroni bounds,,,
202,1.0,validation,proxy_0.5,mlp_stronger,mlp_base:C1:E8,mlp_base,mlp,1.0,8.0,7.998197999765249,0.8443407991747836,0.8215659665854979,0.0227748325892857,0.004285710982477337,0.009872883291948789,1136,0.03840311436228962,0.785563491703403,True,0.05,360,paired cluster influence sandwich; asymptotic Bonferroni bounds,,,
202,1.0,validation,proxy_0.5,mlp_stronger,mlp_base:C5:E2,mlp_base,mlp,5.0,2.0,1.9909995955023065,0.8443407991747836,0.8320206811417749,0.012320118033008698,0.0031324803469611863,0.0096186487065708,1136,0.023743026789774205,0.7969452985794784,True,0.05,360,paired cluster influence sandwich; asymptotic Bonferroni bounds,,,
202,1.0,validation,proxy_0.5,mlp_stronger,mlp_base:C5:E8,mlp_base,mlp,5.0,8.0,7.998197999765249,0.8443407991747836,0.8436052066423162,0.0007355925324673551,0.0010749234199179864,0.009286943548631766,1136,0.004655410308226137,0.8097394207362164,True,0.05,360,paired cluster influence sandwich; asymptotic Bonferroni bounds,,,
202,1.0,validation,proxy_0.5,mlp_stronger,mlp_stronger:C1:E2,mlp_stronger,mlp,1.0,2.0,1.9948093103901194,0.8443407991747836,0.820629037303842,0.023711761870941594,0.004302291145735977,0.00994261840591583,1136,0.03940050489863764,0.7843722662232855,True,0.05,360,paired cluster influence sandwich; asymptotic Bonferroni bounds,,,
202,1.0,validation,proxy_0.5,mlp_stronger,mlp_stronger:C1:E8,mlp_stronger,mlp,1.0,8.0,7.995742559457445,0.8443407991747836,0.8214919845779222,0.02284881459686139,0.004300812875156255,0.009926968858823102,1136,0.038532166960266005,0.7852922811653874,True,0.05,360,paired cluster influence sandwich; asymptotic Bonferroni bounds,,,
202,1.0,validation,proxy_0.5,mlp_stronger,mlp_stronger:C5:E2,mlp_stronger,mlp,5.0,2.0,1.9948093103901194,0.8443407991747836,0.8283300358495671,0.01601076332521645,0.0029866764935214955,0.009680585432883781,1136,0.026901983474312927,0.793028794703975,True,0.05,360,paired cluster influence sandwich; asymptotic Bonferroni bounds,,,
202,1.0,validation,proxy_0.5,mlp_stronger,mlp_stronger:C5:E8,mlp_stronger,mlp,5.0,8.0,7.995742559457445,0.8443407991747836,0.8412916835768399,0.00304911559794363,0.0009741417201115166,0.009392161274092243,1136,0.006601422636609414,0.8070422105141086,True,0.05,360,paired cluster influence sandwich; asymptotic Bonferroni bounds,,,
202,1.0,validation,proxy_0.5,mlp_stronger,logistic:C1:E2,logistic,logistic,1.0,2.0,1.9948093103901194,0.8443407991747836,0.8250188125676406,0.019321986607142905,0.0038868002870736783,0.009799337574180653,1136,0.03349559988394561,0.7892845296390345,True,0.05,360,paired cluster influence sandwich; asymptotic Bonferroni bounds,,,
202,1.0,validation,proxy_0.5,mlp_stronger,logistic:C1:E8,logistic,logistic,1.0,8.0,7.995742559457445,0.8443407991747836,0.8249966179653679,0.019344181209415612,0.003839264433939181,0.009806464955374909,1136,0.03334445015428751,0.7892363443150209,True,0.05,360,paired cluster influence sandwich; asymptotic Bonferroni bounds,,,
202,1.0,validation,proxy_0.5,mlp_stronger,logistic:C5:E2,logistic,logistic,5.0,2.0,1.9948093103901194,0.8443407991747836,0.8286407602813853,0.015700038893398216,0.004191155181686322,0.009639392201487332,1136,0.030983513304432095,0.7934897344513001,True,0.05,360,paired cluster influence sandwich; asymptotic Bonferroni bounds,,,
202,1.0,validation,proxy_0.5,mlp_stronger,logistic:C5:E8,logistic,logistic,5.0,8.0,7.995742559457445,0.8443407991747836,0.8403764204545455,0.0039643787202380265,0.0017737366967970293,0.009355043671214588,1136,0.010432490312923516,0.8062623005126575,True,0.05,360,paired cluster influence sandwich; asymptotic Bonferroni bounds,,,
202,1.0,validation,proxy_0.75,mlp_stronger,mlp_base:C1:E2,mlp_base,mlp,1.0,2.0,1.9909995955023065,0.8527440983495671,0.8341746144480521,0.018569483901515027,0.0039450281000157515,0.009662305459705225,1136,0.0329554308311014,0.7989400330872205,True,0.05,360,paired cluster influence sandwich; asymptotic Bonferroni bounds,,,
202,1.0,validation,proxy_0.75,mlp_stronger,mlp_base:C1:E8,mlp_base,mlp,1.0,8.0,7.998197999765249,0.8527440983495671,0.8328693604572511,0.019874737892315975,0.003932260208767613,0.009676653423611332,1136,0.03421412540553273,0.7975824577841074,True,0.05,360,paired cluster influence sandwich; asymptotic Bonferroni bounds,,,
202,1.0,validation,proxy_0.75,mlp_stronger,mlp_base:C5:E2,mlp_base,mlp,5.0,2.0,1.9909995955023065,0.8527440983495671,0.8427174225514068,0.0100266757981603,0.0029323578300577287,0.009380820666410803,1136,0.020719817406352925,0.8085093041700918,True,0.05,360,paired cluster influence sandwich; asymptotic Bonferroni bounds,,,
202,1.0,validation,proxy_0.75,mlp_stronger,mlp_base:C5:E8,mlp_base,mlp,5.0,8.0,7.998197999765249,0.8527440983495671,0.8526806852002164,6.341314935065512e-05,0.0010416123888370159,0.009068830301983917,1136,0.003861758856178235,0.819610271471796,True,0.05,360,paired cluster influence sandwich; asymptotic Bonferroni bounds,,,
202,1.0,validation,proxy_0.75,mlp_stronger,mlp_stronger:C1:E2,mlp_stronger,mlp,1.0,2.0,1.9948093103901194,0.8527440983495671,0.8315773175392316,0.021166780810335517,0.0039604622452608105,0.009759892695695514,1136,0.03560900992315857,0.7959868743790998,True,0.05,360,paired cluster influence sandwich; asymptotic Bonferroni bounds,,,
202,1.0,validation,proxy_0.75,mlp_stronger,mlp_stronger:C1:E8,mlp_stronger,mlp,1.0,8.0,7.995742559457445,0.8527440983495671,0.8323409175459956,0.020403180803571508,0.0039468355908412935,0.009750131633887493,1136,0.034795718932620276,0.7967860690923112,True,0.05,360,paired cluster influence sandwich; asymptotic Bonferroni bounds,,,
202,1.0,validation,proxy_0.75,mlp_stronger,mlp_stronger:C5:E2,mlp_stronger,mlp,5.0,2.0,1.9948093103901194,0.8527440983495671,0.8381928943452381,0.014551204004328966,0.0028374409409511426,0.009474705371297607,1136,0.02489822150521718,0.8036424158215465,True,0.05,360,paired cluster influence sandwich; asymptotic Bonferroni bounds,,,
202,1.0,validation,proxy_0.75,mlp_stronger,mlp_stronger:C5:E8,mlp_stronger,mlp,5.0,8.0,7.995742559457445,0.8527440983495671,0.8500374137581167,0.0027066845914504034,0.0009019989414097413,0.009197189566547838,1136,0.005995915636879919,0.8164989248928094,True,0.05,360,paired cluster influence sandwich; asymptotic Bonferroni bounds,,,
202,1.0,validation,proxy_0.75,mlp_stronger,logistic:C1:E2,logistic,logistic,1.0,2.0,1.9948093103901194,0.8527440983495671,0.8356954731466449,0.017048625202922163,0.003547201120339523,0.009601065144668413,1136,0.029983855516128283,0.8006842108344323,True,0.05,360,paired cluster influence sandwich; asymptotic Bonferroni bounds,,,
202,1.0,validation,proxy_0.75,mlp_stronger,logistic:C1:E8,logistic,logistic,1.0,8.0,7.995742559457445,0.8527440983495671,0.835693359375,0.017050738974567103,0.0034878364376892943,0.00961271844463626,1136,0.029769489923761973,0.8006396021170882,True,0.05,360,paired cluster influence sandwich; asymptotic Bonferroni bounds,,,
202,1.0,validation,proxy_0.75,mlp_stronger,logistic:C5:E2,logistic,logistic,5.0,2.0,1.9948093103901194,0.8527440983495671,0.8383207775297619,0.014423320819805241,0.004000500401003391,0.00937564487703047,1136,0.029011553147071552,0.8041315331917886,True,0.05,360,paired cluster influence sandwich; asymptotic Bonferroni bounds,,,
202,1.0,validation,proxy_0.75,mlp_stronger,logistic:C5:E8,logistic,logistic,5.0,8.0,7.995742559457445,0.8527440983495671,0.8493726325757575,0.0033714657738096454,0.001675213685406094,0.009156112337018235,1136,0.009480303166849415,0.8159839360133301,True,0.05,360,paired cluster influence sandwich; asymptotic Bonferroni bounds,,,
202,1.0,test,source,mlp_stronger,mlp_base:C1:E2,mlp_base,mlp,1.0,2.0,1.9909995955023065,0.8645370964203134,0.8326019814011577,0.03193511501915569,0.003865501726461952,0.009352955065642194,1155,0.04603033250837685,0.7984972402456535,True,0.05,360,paired cluster influence sandwich; asymptotic Bonferroni bounds,0.00010231894820322829,0.03339500599146017,-0.0015622099205077067
202,1.0,test,source,mlp_stronger,mlp_base:C1:E8,mlp_base,mlp,1.0,8.0,7.998197999765249,0.8645370964203134,0.8317422912693457,0.032794805150967665,0.0038810699174985012,0.009375938264635281,1155,0.04694679070138816,0.7975537438678921,True,0.05,360,paired cluster influence sandwich; asymptotic Bonferroni bounds,0.00010231894820322829,0.03339500599146017,-0.0007025197886957324
202,1.0,test,source,mlp_stronger,mlp_base:C5:E2,mlp_base,mlp,5.0,2.0,1.9909995955023065,0.8645370964203134,0.85319076893217,0.011346327488143348,0.0030572718880024436,0.008810546294087757,1155,0.022494404823118094,0.8210638744170601,True,0.05,360,paired cluster influence sandwich; asymptotic Bonferroni bounds,0.00010231894820322829,0.0014820424971728752,0.009761966042767245
202,1.0,test,source,mlp_stronger,mlp_base:C5:E8,mlp_base,mlp,5.0,8.0,7.998197999765249,0.8645370964203134,0.8639453342559621,0.000591762164351306,0.0010598291194288175,0.008407296359946843,1155,0.0044563373209201744,0.8332888557247128,True,0.05,360,paired cluster influence sandwich; asymptotic Bonferroni bounds,0.00010231894820322829,0.0014820424971728752,-0.0009925992810247974
202,1.0,test,source,mlp_stronger,mlp_stronger:C1:E2,mlp_stronger,mlp,1.0,2.0,1.9948093103901194,0.8645370964203134,0.8301674233346271,0.03436967308568628,0.003871933685187387,0.009386761701996687,1155,0.048488344155718455,0.7959394092055957,True,0.05,360,paired cluster influence sandwich; asymptotic Bonferroni bounds,-2.220446049250313e-16,0.03496776425714332,-0.000598091171456816
202,1.0,test,source,mlp_stronger,mlp_stronger:C1:E8,mlp_stronger,mlp,1.0,8.0,7.995742559457445,0.8645370964203134,0.8298214376128673,0.03471565880744609,0.003838722653065826,0.00940002690432446,1155,0.04871322872323732,0.7955450530716411,True,0.05,360,paired cluster influence sandwich; asymptotic Bonferroni bounds,-2.220446049250313e-16,0.03496776425714332,-0.0002521054496970043
202,1.0,test,source,mlp_stronger,mlp_stronger:C5:E2,mlp_stronger,mlp,5.0,2.0,1.9948093103901194,0.8645370964203134,0.856688072775143,0.007849023645170372,0.002499257129256044,0.008593272750572664,1155,0.016962348458142023,0.825353447431596,True,0.05,360,paired cluster influence sandwich; asymptotic Bonferroni bounds,-2.220446049250313e-16,0.0016065129702453884,0.006242510674925206
202,1.0,test,source,mlp_stronger,mlp_stronger:C5:E8,mlp_stronger,mlp,5.0,8.0,7.995742559457445,0.8645370964203134,0.8638556733219693,0.0006814230983440694,0.0008009152249294813,0.008425918679361754,1155,0.0036018911474276433,0.8331312901147215,True,0.05,360,paired cluster influence sandwich; asymptotic Bonferroni bounds,-2.220446049250313e-16,0.0016065129702453884,-0.0009250898719010969
202,1.0,test,source,mlp_stronger,logistic:C1:E2,logistic,logistic,1.0,2.0,1.9948093103901194,0.8645370964203134,0.8352749320686571,0.029262164351656295,0.0034857440909293316,0.009308009033026116,1155,0.041972628490650914,0.8013340827310415,True,0.05,360,paired cluster influence sandwich; asymptotic Bonferroni bounds,0.005757286796847061,0.02238622554893588,0.0011186520058733551
202,1.0,test,source,mlp_stronger,logistic:C1:E8,logistic,logistic,1.0,8.0,7.995742559457445,0.8645370964203134,0.8360860998126612,0.028450996607652157,0.003415866930775579,0.009273885688342526,1155,0.04090665972996277,0.802269678298084,True,0.05,360,paired cluster influence sandwich; asymptotic Bonferroni bounds,0.005757286796847061,0.02238622554893588,0.0003074842618692175
202,1.0,test,source,mlp_stronger,logistic:C5:E2,logistic,logistic,5.0,2.0,1.9948093103901194,0.8645370964203134,0.8441165549948524,0.020420541425461014,0.003507991204782426,0.009101800594794504,1155,0.033212127739649655,0.8109276268800601,True,0.05,360,paired cluster influence sandwich; asymptotic Bonferroni bounds,0.005757286796847061,0.0,0.014663254628613953
202,1.0,test,source,mlp_stronger,logistic:C5:E8,logistic,logistic,5.0,8.0,7.995742559457445,0.8645370964203134,0.8574718148216907,0.007065281598622741,0.0015700554574791439,0.008656056429868888,1155,0.012790352937179027,0.8259082542254711,True,0.05,360,paired cluster influence sandwich; asymptotic Bonferroni bounds,0.005757286796847061,0.0,0.0013079948017756804
202,1.0,test,state_CO,mlp_stronger,mlp_base:C1:E2,mlp_base,mlp,1.0,2.0,1.9909995955023065,0.8559195172522803,0.8407990421081883,0.015120475144091983,0.003922017127861328,0.008802136171266234,1202,0.029420043672355806,0.8087066913425591,True,0.05,360,paired cluster influence sandwich; asymptotic Bonferroni bounds,0.000700442890659625,0.01650948025691179,-0.0020894480034794327
202,1.0,test,state_CO,mlp_stronger,mlp_base:C1:E8,mlp_base,mlp,1.0,8.0,7.998197999765249,0.8559195172522803,0.839574816701947,0.016344700550333324,0.0039409082406642384,0.008834241813468802,1202,0.0307131455656939,0.807365409631908,True,0.05,360,paired cluster influence sandwich; asymptotic Bonferroni bounds,0.000700442890659625,0.01650948025691179,-0.0008652225972380911
202,1.0,test,state_CO,mlp_stronger,mlp_base:C5:E2,mlp_base,mlp,5.0,2.0,1.9909995955023065,0.8559195172522803,0.8478530598919997,0.008066457360280666,0.0032795582477701344,0.008648578840591923,1202,0.020023638162291683,0.8163205750069644,True,0.05,360,paired cluster influence sandwich; asymptotic Bonferroni bounds,0.000700442890659625,0.0004060089321964444,0.006960005537424596
202,1.0,test,state_CO,mlp_stronger,mlp_base:C5:E8,mlp_base,mlp,5.0,8.0,7.998197999765249,0.8559195172522803,0.8564784252225558,-0.0005589079702754685,0.0011323339132390795,0.00838937244822992,1202,0.003569550897029065,0.8258909998438174,True,0.05,360,paired cluster influence sandwich; asymptotic Bonferroni bounds,0.000700442890659625,0.0004060089321964444,-0.0016653597931315378
202,1.0,test,state_CO,mlp_stronger,mlp_stronger:C1:E2,mlp_stronger,mlp,1.0,2.0,1.9948093103901194,0.8559195172522803,0.8404033641920784,0.015516153060201932,0.00396171669703809,0.008825199588897142,1202,0.029960465145538188,0.8082269248286289,True,0.05,360,paired cluster influence sandwich; asymptotic Bonferroni bounds,-1.1102230246251565e-16,0.01715775151633503,-0.0016415984561329866
202,1.0,test,state_CO,mlp_stronger,mlp_stronger:C1:E8,mlp_stronger,mlp,1.0,8.0,7.995742559457445,0.8559195172522803,0.8393743949898703,0.016545122262410006,0.003934196654733987,0.008868384980634718,1202,0.030889097016725264,0.8070405028544315,True,0.05,360,paired cluster influence sandwich; asymptotic Bonferroni bounds,-1.1102230246251565e-16,0.01715775151633503,-0.0006126292539249123
202,1.0,test,state_CO,mlp_stronger,mlp_stronger:C5:E2,mlp_stronger,mlp,5.0,2.0,1.9948093103901194,0.8559195172522803,0.8499647195800649,0.005954797672215406,0.0032653869564300856,0.008545355905537606,1202,0.017860310328717453,0.8188085827285485,True,0.05,360,paired cluster influence sandwich; asymptotic Bonferroni bounds,-1.1102230246251565e-16,0.000416339948283051,0.005538457723932466
202,1.0,test,state_CO,mlp_stronger,mlp_stronger:C5:E8,mlp_stronger,mlp,5.0,8.0,7.995742559457445,0.8559195172522803,0.8566736814265893,-0.0007541641743089578,0.0010006671608556604,0.008393665494585825,1202,0.0028942412696625363,0.8260706037167774,True,0.05,360,paired cluster influence sandwich; asymptotic Bonferroni bounds,-1.1102230246251565e-16,0.000416339948283051,-0.0011705041225918977
202,1.0,test,state_CO,mlp_stronger,logistic:C1:E2,logistic,logistic,1.0,2.0,1.9948093103901194,0.8559195172522803,0.838661554879907,0.017257962372373314,0.0034650438926204863,0.00886695284449903,1202,0.029891418826192395,0.806332884274142,True,0.05,360,paired cluster influence sandwich; asymptotic Bonferroni bounds,0.0017986299006466089,0.013218535082580973,0.0022407973891457322
202,1.0,test,state_CO,mlp_stronger,logistic:C1:E8,logistic,logistic,1.0,8.0,7.995742559457445,0.8559195172522803,0.8403511925608419,0.015568324691438429,0.0034293277691965934,0.00883803832582794,1202,0.02807156112382115,0.808127943509272,True,0.05,360,paired cluster influence sandwich; asymptotic Bonferroni bounds,0.0017986299006466089,0.013218535082580973,0.0005511597082108466
202,1.0,test,state_CO,mlp_stronger,logistic:C5:E2,logistic,logistic,5.0,2.0,1.9948093103901194,0.8559195172522803,0.8305072838828917,0.02541223336938858,0.003925689157569456,0.009004838280244143,1202,0.0397251900187996,0.7976758867022017,True,0.05,360,paired cluster influence sandwich; asymptotic Bonferroni bounds,0.0017986299006466089,0.0,0.023613603468741973
202,1.0,test,state_CO,mlp_stronger,logistic:C5:E8,logistic,logistic,5.0,8.0,7.995742559457445,0.8559195172522803,0.8502198956773995,0.005699621574880798,0.0015980503957160673,0.00853156341177473,1202,0.011526070159928636,0.8191140458856557,True,0.05,360,paired cluster influence sandwich; asymptotic Bonferroni bounds,0.0017986299006466089,0.0,0.003900991674234189
202,1.0,test,state_UT,mlp_stronger,mlp_base:C1:E2,mlp_base,mlp,1.0,2.0,1.9909995955023065,0.8757268683808213,0.8584240523576171,0.01730281602320416,0.004044368565609692,0.008513865647353628,1150,0.03205045406848743,0.8273785611031833,True,0.05,360,paired cluster influence sandwich; asymptotic Bonferroni bounds,0.001264369939633525,0.016481841569250477,-0.00044339548567984277
202,1.0,test,state_UT,mlp_stronger,mlp_base:C1:E8,mlp_base,mlp,1.0,8.0,7.998197999765249,0.8757268683808213,0.8584044228699697,0.017322445510851603,0.0040484595311942335,0.008500903227006043,1150,0.03208500110845925,0.827406198594392,True,0.05,360,paired cluster influence sandwich; asymptotic Bonferroni bounds,0.001264369939633525,0.016481841569250477,-0.00042376599803239934
202,1.0,test,state_UT,mlp_stronger,mlp_base:C5:E2,mlp_base,mlp,5.0,2.0,1.9909995955023065,0.8757268683808213,0.8565904272762124,0.01913644110460888,0.0032455538507750476,0.00856651709414296,1150,0.03097123130021761,0.8253529444989455,True,0.05,360,paired cluster influence sandwich; asymptotic Bonferroni bounds,0.001264369939633525,-0.00017204668584969163,0.018044117850825048
202,1.0,test,state_UT,mlp_stronger,mlp_base:C5:E8,mlp_base,mlp,5.0,8.0,7.998197999765249,0.8757268683808213,0.8724464345922378,0.003280433788583448,0.0012180599843034572,0.008026615240075903,1150,0.007722043764167559,0.8431776836440786,True,0.05,360,paired cluster influence sandwich; asymptotic Bonferroni bounds,0.001264369939633525,-0.00017204668584969163,0.0021881105347996144
202,1.0,test,state_UT,mlp_stronger,mlp_stronger:C1:E2,mlp_stronger,mlp,1.0,2.0,1.9948093103901194,0.8757268683808213,0.858505456997566,0.01722141138325528,0.004194385043730593,0.00855597086638198,1150,0.03251607888054442,0.827306430643654,True,0.05,360,paired cluster influence sandwich; asymptotic Bonferroni bounds,0.0,0.01893437284941646,-0.001712961466161178
202,1.0,test,state_UT,mlp_stronger,mlp_stronger:C1:E8,mlp_stronger,mlp,1.0,8.0,7.995742559457445,0.8757268683808213,0.8576411822032137,0.01808568617760753,0.0042345659962421634,0.00857352166054183,1150,0.03352687200880772,0.8263781575377043,True,0.05,360,paired cluster influence sandwich; asymptotic Bonferroni bounds,0.0,0.01893437284941646,-0.0008486866718089292
202,1.0,test,state_UT,mlp_stronger,mlp_stronger:C5:E2,mlp_stronger,mlp,5.0,2.0,1.9948093103901194,0.8757268683808213,0.8690482238777707,0.006678644503050557,0.002712691609552989,0.00818411954874943,1150,0.01657037255334349,0.8392051393847805,True,0.05,360,paired cluster influence sandwich; asymptotic Bonferroni bounds,0.0,5.65791114538472e-05,0.00662206539159671
202,1.0,test,state_UT,mlp_stronger,mlp_stronger:C5:E8,mlp_stronger,mlp,5.0,8.0,7.995742559457445,0.8757268683808213,0.8755132533681892,0.0002136150126320624,0.0008653966723344719,0.007950456999028946,1150,0.0033692514691372162,0.8465222105850762,True,0.05,360,paired cluster influence sandwich; asymptotic Bonferroni bounds,0.0,5.65791114538472e-05,0.0001570359011782152
202,1.0,test,state_UT,mlp_stronger,logistic:C1:E2,logistic,logistic,1.0,2.0,1.9948093103901194,0.8757268683808213,0.8593443289255511,0.01638253945527013,0.0038041706811538026,0.008531797380846862,1150,0.03025430493806744,0.8282334502785509,True,0.05,360,paired cluster influence sandwich; asymptotic Bonferroni bounds,0.002649980832382548,0.01282267413664906,0.0009098844862385214
202,1.0,test,state_UT,mlp_stronger,logistic:C1:E8,logistic,logistic,1.0,8.0,7.995742559457445,0.8757268683808213,0.8601202710254906,0.015606597355330654,0.003729799975697304,0.008484447367103208,1150,0.0292071728544625,0.829182052424874,True,0.05,360,paired cluster influence sandwich; asymptotic Bonferroni bounds,0.002649980832382548,0.01282267413664906,0.0001339423862990463
202,1.0,test,state_UT,mlp_stronger,logistic:C5:E2,logistic,logistic,5.0,2.0,1.9948093103901194,0.8757268683808213,0.8551978883289995,0.0205289800518218,0.003842571508493758,0.008701409191032006,1150,0.03454077270896337,0.823468526587732,True,0.05,360,paired cluster influence sandwich; asymptotic Bonferroni bounds,0.002649980832382548,0.0,0.01787899921943925
202,1.0,test,state_UT,mlp_stronger,logistic:C5:E8,logistic,logistic,5.0,8.0,7.995742559457445,0.8757268683808213,0.8712086221947154,0.0045182461861058565,0.0016605649995798289,0.008096767955811787,1150,0.010573434076920029,0.8416840620039555,True,0.05,360,paired cluster influence sandwich; asymptotic Bonferroni bounds,0.002649980832382548,0.0,0.0018682653537233085
203,1.0,validation,source,mlp_stronger,mlp_base:C1:E2,mlp_base,mlp,1.0,2.0,1.9909995955023065,0.8802628755590522,0.8588863551260312,0.021376520433021073,0.004111789703398735,0.008566710919451596,1114,0.03637151085271294,0.8276450326286122,True,0.05,360,paired cluster influence sandwich; asymptotic Bonferroni bounds,,,
203,1.0,validation,source,mlp_stronger,mlp_base:C1:E8,mlp_base,mlp,1.0,8.0,7.998197999765249,0.8802628755590522,0.8597194114751409,0.02054346408391139,0.004003842153176043,0.008536225056359674,1114,0.03514478833918815,0.8285892656812925,True,0.05,360,paired cluster influence sandwich; asymptotic Bonferroni bounds,,,
203,1.0,validation,source,mlp_stronger,mlp_base:C5:E2,mlp_base,mlp,5.0,2.0,1.9909995955023065,0.8802628755590522,0.8658947572145625,0.0143681183444897,0.0030326322340592394,0.008425820410646817,1114,0.02542760693131571,0.8351672381901196,True,0.05,360,paired cluster influence sandwich; asymptotic Bonferroni bounds,,,
203,1.0,validation,source,mlp_stronger,mlp_base:C5:E8,mlp_base,mlp,5.0,8.0,7.998197999765249,0.8802628755590522,0.878184442041577,0.0020784335174752755,0.0010960111594066743,0.008011535264059727,1114,0.006075397861637582,0.8489677497500672,True,0.05,360,paired cluster influence sandwich; asymptotic Bonferroni bounds,,,
203,1.0,validation,source,mlp_stronger,mlp_stronger:C1:E2,mlp_stronger,mlp,1.0,2.0,1.9948093103901194,0.8802628755590522,0.8583730577796103,0.02188981777944199,0.004059971442647162,0.008576473555309277,1114,0.03669583590736206,0.827096132626969,True,0.05,360,paired cluster influence sandwich; asymptotic Bonferroni bounds,,,
203,1.0,validation,source,mlp_stronger,mlp_stronger:C1:E8,mlp_stronger,mlp,1.0,8.0,7.995742559457445,0.8802628755590522,0.8593239200770786,0.020938955481973665,0.003976106953170387,0.008569769023055344,1114,0.035439134229242254,0.828071445201365,True,0.05,360,paired cluster influence sandwich; asymptotic Bonferroni bounds,,,
203,1.0,validation,source,mlp_stronger,mlp_stronger:C5:E2,mlp_stronger,mlp,5.0,2.0,1.9948093103901194,0.8802628755590522,0.873051468577367,0.007211406981685209,0.0026586590888212107,0.0081559908523461,1114,0.016907079776708682,0.843307971580686,True,0.05,360,paired cluster influence sandwich; asymptotic Bonferroni bounds,,,
203,1.0,validation,source,mlp_stronger,mlp_stronger:C5:E8,mlp_stronger,mlp,5.0,8.0,7.995742559457445,0.8802628755590522,0.8794140416275733,0.0008488339314789428,0.0008991828914677404,0.00798117629630208,1114,0.0041279994082455635,0.8503080632741575,True,0.05,360,paired cluster influence sandwich; asymptotic Bonferroni bounds,,,
203,1.0,validation,source,mlp_stronger,logistic:C1:E2,logistic,logistic,1.0,2.0,1.9948093103901194,0.8802628755590522,0.8621828180024319,0.018080057556620344,0.003466215104262621,0.0084602268001143,1114,0.03072074835801198,0.8313298247884859,True,0.05,360,paired cluster influence sandwich; asymptotic Bonferroni bounds,,,
203,1.0,validation,source,mlp_stronger,logistic:C1:E8,logistic,logistic,1.0,8.0,7.995742559457445,0.8802628755590522,0.8640687650149992,0.016194110544053064,0.0033700165788849152,0.008404497473322937,1114,0.028483981855519216,0.8334190070785387,True,0.05,360,paired cluster influence sandwich; asymptotic Bonferroni bounds,,,
203,1.0,validation,source,mlp_stronger,logistic:C5:E2,logistic,logistic,5.0,2.0,1.9948093103901194,0.8802628755590522,0.8467902086427493,0.03347266691630291,0.004172909618665447,0.008870031131423943,1114,0.04869055116325426,0.8144427294591399,True,0.05,360,paired cluster influence sandwich; asymptotic Bonferroni bounds,,,
203,1.0,validation,source,mlp_stronger,logistic:C5:E8,logistic,logistic,5.0,8.0,7.995742559457445,0.8802628755590522,0.8735531956967169,0.006709679862335394,0.0016151002599420958,0.00811692945517617,1114,0.012599672948473781,0.8439521489026468,True,0.05,360,paired cluster influence sandwich; asymptotic Bonferroni bounds,,,
203,1.0,validation,state_OR,mlp_stronger,mlp_base:C1:E2,mlp_base,mlp,1.0,2.0,1.9909995955023065,0.8607552463247671,0.8327954213892941,0.027959824935473,0.00479167207443195,0.00928817974002889,1215,0.04542957707727266,0.7989320443913959,True,0.05,360,paired cluster influence sandwich; asymptotic Bonferroni bounds,,,
203,1.0,validation,state_OR,mlp_stronger,mlp_base:C1:E8,mlp_base,mlp,1.0,8.0,7.998197999765249,0.8607552463247671,0.8349949500617214,0.025760296263045657,0.004537684373372029,0.009219757573641752,1215,0.04230404551573727,0.8013810305119167,True,0.05,360,paired cluster influence sandwich; asymptotic Bonferroni bounds,,,
203,1.0,validation,state_OR,mlp_stronger,mlp_base:C5:E2,mlp_base,mlp,5.0,2.0,1.9909995955023065,0.8607552463247671,0.8391650768712827,0.021590169453484354,0.0037900106600103974,0.00918856322637869,1215,0.03540800711363129,0.8056648874571062,True,0.05,360,paired cluster influence sandwich; asymptotic Bonferroni bounds,,,
203,1.0,validation,state_OR,mlp_stronger,mlp_base:C5:E8,mlp_base,mlp,5.0,8.0,7.998197999765249,0.8607552463247671,0.8577005947705084,0.0030546515542586583,0.0013164448567511942,0.0085664676826147,1215,0.007854221516173616,0.8264684768748453,True,0.05,360,paired cluster influence sandwich; asymptotic Bonferroni bounds,,,
203,1.0,validation,state_OR,mlp_stronger,mlp_stronger:C1:E2,mlp_stronger,mlp,1.0,2.0,1.9948093103901194,0.8607552463247671,0.834097183256649,0.02665806306811802,0.004799841037917785,0.00924241630735361,1215,0.04415759808427472,0.8004006531993546,True,0.05,360,paired cluster influence sandwich; asymptotic Bonferroni bounds,,,
203,1.0,validation,state_OR,mlp_stronger,mlp_stronger:C1:E8,mlp_stronger,mlp,1.0,8.0,7.995742559457445,0.8607552463247671,0.8325945460666592,0.028160700258107907,0.004658957923335046,0.009264771382032688,1215,0.04514659555633441,0.7988165125993465,True,0.05,360,paired cluster influence sandwich; asymptotic Bonferroni bounds,,,
203,1.0,validation,state_OR,mlp_stronger,mlp_stronger:C5:E2,mlp_stronger,mlp,5.0,2.0,1.9948093103901194,0.8607552463247671,0.8554034339580293,0.005351812366737763,0.00367247905976023,0.008657497293257285,1215,0.018741146595659612,0.823839435100817,True,0.05,360,paired cluster influence sandwich; asymptotic Bonferroni bounds,,,
203,1.0,validation,state_OR,mlp_stronger,mlp_stronger:C5:E8,mlp_stronger,mlp,5.0,8.0,7.995742559457445,0.8607552463247671,0.8631489170687915,-0.002393670744024412,0.0011631422597411386,0.008402816492269276,1215,0.0018469798405086188,0.8325134480440517,True,0.05,360,paired cluster influence sandwich; asymptotic Bonferroni bounds,,,
203,1.0,validation,state_OR,mlp_stronger,logistic:C1:E2,logistic,logistic,1.0,2.0,1.9948093103901194,0.8607552463247671,0.8359151610369207,0.024840085287846425,0.003929599768120697,0.009191538888644355,1215,0.03916684490310668,0.8024041227830423,True,0.05,360,paired cluster influence sandwich; asymptotic Bonferroni bounds,,,
203,1.0,validation,state_OR,mlp_stronger,logistic:C1:E8,logistic,logistic,1.0,8.0,7.995742559457445,0.8607552463247671,0.8386735495455054,0.02208169677926164,0.0038661426724952174,0.009086655218816289,1215,0.036177100885422905,0.8055449021746334,True,0.05,360,paired cluster influence sandwich; asymptotic Bonferroni bounds,,,
203,1.0,validation,state_OR,mlp_stronger,logistic:C5:E2,logistic,logistic,5.0,2.0,1.9948093103901194,0.8607552463247671,0.8149826057681515,0.04577264055661556,0.005258932403133821,0.00997936868136283,1215,0.06494595713298376,0.7785992525906046,True,0.05,360,paired cluster influence sandwich; asymptotic Bonferroni bounds,,,
203,1.0,validation,state_OR,mlp_stronger,logistic:C5:E8,logistic,logistic,5.0,8.0,7.995742559457445,0.8607552463247671,0.8505633486701829,0.01019189765458417,0.0019944725155276078,0.00884257350424504,1215,0.017463459639349078,0.8183245883762371,True,0.05,360,paired cluster influence sandwich; asymptotic Bonferroni bounds,,,
203,1.0,validation,state_WA,mlp_stronger,mlp_base:C1:E2,mlp_base,mlp,1.0,2.0,1.9909995955023065,0.8655653853179884,0.8399279730681909,0.025637412249797542,0.004255245362339945,0.008903775036467335,1193,0.04115226934921566,0.8074643227793639,True,0.05,360,paired cluster influence sandwich; asymptotic Bonferroni bounds,,,
203,1.0,validation,state_WA,mlp_stronger,mlp_base:C1:E8,mlp_base,mlp,1.0,8.0,7.998197999765249,0.8655653853179884,0.8417004619118452,0.023864923406143213,0.00412055972732553,0.008864045551655248,1193,0.03888870932102123,0.8093816674954781,True,0.05,360,paired cluster influence sandwich; asymptotic Bonferroni bounds,,,
203,1.0,validation,state_WA,mlp_stronger,mlp_base:C5:E2,mlp_base,mlp,5.0,2.0,1.9909995955023065,0.8655653853179884,0.8483613873013388,0.017203998016649624,0.003514646833976866,0.008666136061442864,1193,0.030018592415053,0.8167641817001406,True,0.05,360,paired cluster influence sandwich; asymptotic Bonferroni bounds,,,
203,1.0,validation,state_WA,mlp_stronger,mlp_base:C5:E8,mlp_base,mlp,5.0,8.0,7.998197999765249,0.8655653853179884,0.8626582113311935,0.002907173986794964,0.0012461157172572426,0.00826637918265057,1193,0.007450579980181375,0.8325185411529494,True,0.05,360,paired cluster influence sandwich; asymptotic Bonferroni bounds,,,
203,1.0,validation,state_WA,mlp_stronger,mlp_stronger:C1:E2,mlp_stronger,mlp,1.0,2.0,1.9948093103901194,0.8655653853179884,0.8395459171690285,0.026019468148959946,0.004162847764889709,0.0088341224034219,1193,0.041197438559432434,0.8073362241861332,True,0.05,360,paired cluster influence sandwich; asymptotic Bonferroni bounds,,,
203,1.0,validation,state_WA,mlp_stronger,mlp_stronger:C1:E8,mlp_stronger,mlp,1.0,8.0,7.995742559457445,0.8655653853179884,0.8397463399358022,0.025819045382186268,0.004084147118034366,0.008828836972559585,1193,0.04071006893398901,0.8075559179226289,True,0.05,360,paired cluster influence sandwich; asymptotic Bonferroni bounds,,,
203,1.0,validation,state_WA,mlp_stronger,mlp_stronger:C5:E2,mlp_stronger,mlp,5.0,2.0,1.9948093103901194,0.8655653853179884,0.8538886714162687,0.01167671390171976,0.0035118321394886787,0.008580404838346732,1193,0.02448104577022316,0.8226040465388677,True,0.05,360,paired cluster influence sandwich; asymptotic Bonferroni bounds,,,
203,1.0,validation,state_WA,mlp_stronger,mlp_stronger:C5:E8,mlp_stronger,mlp,5.0,8.0,7.995742559457445,0.8655653853179884,0.8660132049374984,-0.0004478196195100148,0.0011203258474830804,0.008147363954889783,1193,0.0036369496354704683,0.8363074707827104,True,0.05,360,paired cluster influence sandwich; asymptotic Bonferroni bounds,,,
203,1.0,validation,state_WA,mlp_stronger,logistic:C1:E2,logistic,logistic,1.0,2.0,1.9948093103901194,0.8655653853179884,0.846653618309455,0.018911767008533475,0.003568527629557494,0.00865650281507088,1193,0.03192281373169227,0.8150915360508936,True,0.05,360,paired cluster influence sandwich; asymptotic Bonferroni bounds,,,
203,1.0,validation,state_WA,mlp_stronger,logistic:C1:E8,logistic,logistic,1.0,8.0,7.995742559457445,0.8655653853179884,0.8468843132649599,0.01868107205302849,0.003481954882773864,0.008656591560842575,1193,0.03137646981104429,0.8153219074344658,True,0.05,360,paired cluster influence sandwich; asymptotic Bonferroni bounds,,,
203,1.0,validation,state_WA,mlp_stronger,logistic:C5:E2,logistic,logistic,5.0,2.0,1.9948093103901194,0.8655653853179884,0.8335269709543569,0.03203841436363153,0.005198009585630472,0.009151751796392769,1193,0.05099064133418516,0.8001591838492913,True,0.05,360,paired cluster influence sandwich; asymptotic Bonferroni bounds,,,
203,1.0,validation,state_WA,mlp_stronger,logistic:C5:E8,logistic,logistic,5.0,8.0,7.995742559457445,0.8655653853179884,0.8614525431248204,0.004112842193167987,0.0018536566495176556,0.008279962763060674,1193,0.010871375621857986,0.8312633464701888,True,0.05,360,paired cluster influence sandwich; asymptotic Bonferroni bounds,,,
203,1.0,validation,proxy_0.5,mlp_stronger,mlp_base:C1:E2,mlp_base,mlp,1.0,2.0,1.9909995955023065,0.8656307456695796,0.8392769239183941,0.026353821751185502,0.004761028959141034,0.009193082399313665,1114,0.043716476162033474,0.8057513322785295,True,0.05,360,paired cluster influence sandwich; asymptotic Bonferroni bounds,,,
203,1.0,validation,proxy_0.5,mlp_stronger,mlp_base:C1:E8,mlp_base,mlp,1.0,8.0,7.998197999765249,0.8656307456695796,0.8402488229923553,0.02538192267722439,0.0046386235860164625,0.00917013182081972,1114,0.042298185728172656,0.8068069281681032,True,0.05,360,paired cluster influence sandwich; asymptotic Bonferroni bounds,,,
203,1.0,validation,proxy_0.5,mlp_stronger,mlp_base:C5:E2,mlp_base,mlp,5.0,2.0,1.9909995955023065,0.8656307456695796,0.8520620248318109,0.013568720837768722,0.0030786482592540135,0.008793287915062736,1114,0.02479602196042982,0.8199944149696216,True,0.05,360,paired cluster influence sandwich; asymptotic Bonferroni bounds,,,
203,1.0,validation,proxy_0.5,mlp_stronger,mlp_base:C5:E8,mlp_base,mlp,5.0,8.0,7.998197999765249,0.8656307456695796,0.8629222606961491,0.0027084849734305694,0.001164157103716363,0.008499218406520967,1114,0.006953965865319039,0.8319270717945119,True,0.05,360,paired cluster influence sandwich; asymptotic Bonferroni bounds,,,
203,1.0,validation,proxy_0.5,mlp_stronger,mlp_stronger:C1:E2,mlp_stronger,mlp,1.0,2.0,1.9948093103901194,0.8656307456695796,0.8395651277563435,0.02606561791323614,0.004584428274521228,0.009174927292209051,1114,0.04278423997685679,0.8061057446720568,True,0.05,360,paired cluster influence sandwich; asymptotic Bonferroni bounds,,,
203,1.0,validation,proxy_0.5,mlp_stronger,mlp_stronger:C1:E8,mlp_stronger,mlp,1.0,8.0,7.995742559457445,0.8656307456695796,0.840582255899764,0.025048489769815663,0.004484706623477342,0.009165664869001779,1114,0.04140344410967045,0.8071566512811272,True,0.05,360,paired cluster influence sandwich; asymptotic Bonferroni bounds,,,
203,1.0,validation,proxy_0.5,mlp_stronger,mlp_stronger:C5:E2,mlp_stronger,mlp,5.0,2.0,1.9948093103901194,0.8656307456695796,0.8558423335675428,0.009788412102036848,0.0029169644002424292,0.008732374505139083,1114,0.020426079976943685,0.8239968644431156,True,0.05,360,paired cluster influence sandwich; asymptotic Bonferroni bounds,,,
203,1.0,validation,proxy_0.5,mlp_stronger,mlp_stronger:C5:E8,mlp_stronger,mlp,5.0,8.0,7.995742559457445,0.8656307456695796,0.864198141190429,0.001432604479150612,0.0009597584061006011,0.008490345131453022,1114,0.004932678447622642,0.8332353115980544,True,0.05,360,paired cluster influence sandwich; asymptotic Bonferroni bounds,,,
203,1.0,validation,proxy_0.5,mlp_stronger,logistic:C1:E2,logistic,logistic,1.0,2.0,1.9948093103901194,0.8656307456695796,0.8437062172089245,0.02192452846065518,0.004006812191749702,0.009092875377039223,1114,0.036536683936196274,0.8105460633582904,True,0.05,360,paired cluster influence sandwich; asymptotic Bonferroni bounds,,,
203,1.0,validation,proxy_0.5,mlp_stronger,logistic:C1:E8,logistic,logistic,1.0,8.0,7.995742559457445,0.8656307456695796,0.845465943562536,0.020164802107043633,0.003906716464882089,0.009040489104127506,1114,0.03441192566857626,0.8124968334464064,True,0.05,360,paired cluster influence sandwich; asymptotic Bonferroni bounds,,,
203,1.0,validation,proxy_0.5,mlp_stronger,logistic:C5:E2,logistic,logistic,5.0,2.0,1.9948093103901194,0.8656307456695796,0.8344037546438685,0.031226991025711137,0.004208993529776078,0.00924873092136404,1114,0.04657646709530889,0.8006752224075221,True,0.05,360,paired cluster influence sandwich; asymptotic Bonferroni bounds,,,
203,1.0,validation,proxy_0.5,mlp_stronger,logistic:C5:E8,logistic,logistic,5.0,8.0,7.995742559457445,0.8656307456695796,0.8575505198187471,0.008080225850832568,0.0018176879767687975,0.008652246211058437,1114,0.014709021524674466,0.8259972648124428,True,0.05,360,paired cluster influence sandwich; asymptotic Bonferroni bounds,,,
203,1.0,validation,proxy_0.75,mlp_stronger,mlp_base:C1:E2,mlp_base,mlp,1.0,2.0,1.9909995955023065,0.8729967729584861,0.8494082354772613,0.023588537481224803,0.00436732442426519,0.008939410152909392,1114,0.03951541911318462,0.8168077429253752,True,0.05,360,paired cluster influence sandwich; asymptotic Bonferroni bounds,,,
203,1.0,validation,proxy_0.75,mlp_stronger,mlp_base:C1:E8,mlp_base,mlp,1.0,8.0,7.998197999765249,0.8729967729584861,0.8502907282511286,0.022706044707357487,0.004248366359631494,0.008914548719586328,1114,0.03819910672104915,0.8177809010740283,True,0.05,360,paired cluster influence sandwich; asymptotic Bonferroni bounds,,,
203,1.0,validation,proxy_0.75,mlp_stronger,mlp_base:C5:E2,mlp_base,mlp,5.0,2.0,1.9909995955023065,0.8729967729584861,0.8585792181892385,0.014417554769247554,0.0030150100739785115,0.008722953902288055,1114,0.025412778366702544,0.8267681043844383,True,0.05,360,paired cluster influence sandwich; asymptotic Bonferroni bounds,,,
203,1.0,validation,proxy_0.75,mlp_stronger,mlp_base:C5:E8,mlp_base,mlp,5.0,8.0,7.998197999765249,0.8729967729584861,0.8704997075888068,0.0024970653696793077,0.0010991078439916522,0.008337039115996748,1114,0.006505322790344571,0.8400959586885084,True,0.05,360,paired cluster influence sandwich; asymptotic Bonferroni bounds,,,
203,1.0,validation,proxy_0.75,mlp_stronger,mlp_stronger:C1:E2,mlp_stronger,mlp,1.0,2.0,1.9948093103901194,0.8729967729584861,0.8494566200631944,0.023540152895291655,0.004260197197698986,0.008934915493965924,1114,0.03907635994223546,0.8168725187600488,True,0.05,360,paired cluster influence sandwich; asymptotic Bonferroni bounds,,,
203,1.0,validation,proxy_0.75,mlp_stronger,mlp_stronger:C1:E8,mlp_stronger,mlp,1.0,8.0,7.995742559457445,0.8729967729584861,0.850364356968853,0.02263241598963306,0.004169947354589514,0.008934469049865132,1114,0.03783949736857721,0.8177818837706197,True,0.05,360,paired cluster influence sandwich; asymptotic Bonferroni bounds,,,
203,1.0,validation,proxy_0.75,mlp_stronger,mlp_stronger:C5:E2,mlp_stronger,mlp,5.0,2.0,1.9948093103901194,0.8729967729584861,0.8644169236659529,0.008579849292533193,0.0027213864404438057,0.00852075733885652,1114,0.018504277958961268,0.8333431859796454,True,0.05,360,paired cluster influence sandwich; asymptotic Bonferroni bounds,,,
203,1.0,validation,proxy_0.75,mlp_stronger,mlp_stronger:C5:E8,mlp_stronger,mlp,5.0,8.0,7.995742559457445,0.8729967729584861,0.8718313355407924,0.0011654374176937043,0.0009121131673178809,0.008313716992735799,1114,0.004491757388362716,0.8415126384160203,True,0.05,360,paired cluster influence sandwich; asymptotic Bonferroni bounds,,,
203,1.0,validation,proxy_0.75,mlp_stronger,logistic:C1:E2,logistic,logistic,1.0,2.0,1.9948093103901194,0.8729967729584861,0.8530623235540372,0.019934449404448884,0.003676841245411055,0.008846399039932035,1114,0.03334325754560787,0.820801026546823,True,0.05,360,paired cluster influence sandwich; asymptotic Bonferroni bounds,,,
203,1.0,validation,proxy_0.75,mlp_stronger,logistic:C1:E8,logistic,logistic,1.0,8.0,7.995742559457445,0.8729967729584861,0.854789442904085,0.018207330054401116,0.0035833664668994793,0.00879399776324794,1114,0.03127525174236788,0.8227192443475546,True,0.05,360,paired cluster influence sandwich; asymptotic Bonferroni bounds,,,
203,1.0,validation,proxy_0.75,mlp_stronger,logistic:C5:E2,logistic,logistic,5.0,2.0,1.9948093103901194,0.8729967729584861,0.8406011889986074,0.03239558395987874,0.0041978327506125585,0.009135100597098917,1114,0.04770435858589465,0.8072870470269998,True,0.05,360,paired cluster influence sandwich; asymptotic Bonferroni bounds,,,
203,1.0,validation,proxy_0.75,mlp_stronger,logistic:C5:E8,logistic,logistic,5.0,8.0,7.995742559457445,0.8729967729584861,0.8657517071344123,0.007245065824073804,0.0016919250105445873,0.00846603625649019,1114,0.013415225572998318,0.8348775278314433,True,0.05,360,paired cluster influence sandwich; asymptotic Bonferroni bounds,,,
203,1.0,test,source,mlp_stronger,mlp_base:C1:E2,mlp_base,mlp,1.0,2.0,1.9909995955023065,0.8674141037956294,0.8445764954700937,0.02283760832553572,0.003887866448801207,0.008805013406740628,1165,0.03701400087714586,0.812470627606594,True,0.05,360,paired cluster influence sandwich; asymptotic Bonferroni bounds,0.0007191478822961006,0.020814875377060393,0.0013035850661792248
203,1.0,test,source,mlp_stronger,mlp_base:C1:E8,mlp_base,mlp,1.0,8.0,7.998197999765249,0.8674141037956294,0.8456158403201555,0.021798263475473978,0.0037591712722890194,0.008782029486517672,1165,0.03550539264940352,0.8135937791099311,True,0.05,360,paired cluster influence sandwich; asymptotic Bonferroni bounds,0.0007191478822961006,0.020814875377060393,0.00026424021611748394
203,1.0,test,source,mlp_stronger,mlp_base:C5:E2,mlp_base,mlp,5.0,2.0,1.9909995955023065,0.8674141037956294,0.8545336885550827,0.012880415240546728,0.0031120338803139348,0.008448597129490759,1165,0.024227876502968468,0.8237274273330704,True,0.05,360,paired cluster influence sandwich; asymptotic Bonferroni bounds,0.0007191478822961006,0.00045594390232028825,0.011705323455930339
203,1.0,test,source,mlp_stronger,mlp_base:C5:E8,mlp_base,mlp,5.0,8.0,7.998197999765249,0.8674141037956294,0.8652960371221236,0.0021180666735058917,0.0011989719349023546,0.008110898292594123,1165,0.00648989812177497,0.835721132825333,True,0.05,360,paired cluster influence sandwich; asymptotic Bonferroni bounds,0.0007191478822961006,0.00045594390232028825,0.0009429748888895029
203,1.0,test,source,mlp_stronger,mlp_stronger:C1:E2,mlp_stronger,mlp,1.0,2.0,1.9948093103901194,0.8674141037956294,0.8443329799768091,0.023081123818820326,0.003888483239788831,0.00884579470598768,1165,0.03725976538573951,0.8120784105788035,True,0.05,360,paired cluster influence sandwich; asymptotic Bonferroni bounds,0.0,0.022525183128832116,0.0005559406899882102
203,1.0,test,source,mlp_stronger,mlp_stronger:C1:E8,mlp_stronger,mlp,1.0,8.0,7.995742559457445,0.8674141037956294,0.8449308882305334,0.022483215565096026,0.0037769134250828004,0.008831040816419378,1165,0.036255038247927564,0.8127301161871792,True,0.05,360,paired cluster influence sandwich; asymptotic Bonferroni bounds,0.0,0.022525183128832116,-4.196756373608945e-05
203,1.0,test,source,mlp_stronger,mlp_stronger:C5:E2,mlp_stronger,mlp,5.0,2.0,1.9948093103901194,0.8674141037956294,0.8566610813538633,0.010753022441766125,0.0028086284632467258,0.00843457998240038,1165,0.020994171450083563,0.825905931090065,True,0.05,360,paired cluster influence sandwich; asymptotic Bonferroni bounds,0.0,0.00038237113626404806,0.010370651305502077
203,1.0,test,source,mlp_stronger,mlp_stronger:C5:E8,mlp_stronger,mlp,5.0,8.0,7.995742559457445,0.8674141037956294,0.8662607729699875,0.0011533308256419517,0.0009622311645410519,0.008120687125757824,1165,0.004661930437681868,0.8366501754868753,True,0.05,360,paired cluster influence sandwich; asymptotic Bonferroni bounds,0.0,0.00038237113626404806,0.0007709596893779036
203,1.0,test,source,mlp_stronger,logistic:C1:E2,logistic,logistic,1.0,2.0,1.9948093103901194,0.8674141037956294,0.8480395966554442,0.019374507140185293,0.003339229140236991,0.00876514898070263,1165,0.031550394284243846,0.8160790871163112,True,0.05,360,paired cluster influence sandwich; asymptotic Bonferroni bounds,0.0036485874547035335,0.01397053566154871,0.0017553840239330487
203,1.0,test,source,mlp_stronger,logistic:C1:E8,logistic,logistic,1.0,8.0,7.995742559457445,0.8674141037956294,0.8494820373646028,0.017932066431026628,0.0031815722180644074,0.008702945627473906,1165,0.02953308649911185,0.8177483409542152,True,0.05,360,paired cluster influence sandwich; asymptotic Bonferroni bounds,0.0036485874547035335,0.01397053566154871,0.0003129433147743832
203,1.0,test,source,mlp_stronger,logistic:C5:E2,logistic,logistic,5.0,2.0,1.9948093103901194,0.8674141037956294,0.8355653859824193,0.03184871781321019,0.0047060976887546135,0.00919996877780463,1165,0.04900864063992709,0.802019385734152,True,0.05,360,paired cluster influence sandwich; asymptotic Bonferroni bounds,0.0036485874547035335,0.0,0.02820013035850666
203,1.0,test,source,mlp_stronger,logistic:C5:E8,logistic,logistic,5.0,8.0,7.995742559457445,0.8674141037956294,0.8605013724947697,0.006912731300859787,0.001794870349358635,0.008350951741830733,1165,0.013457397118688829,0.8300511572852816,True,0.05,360,paired cluster influence sandwich; asymptotic Bonferroni bounds,0.0036485874547035335,0.0,0.0032641438461562533
203,1.0,test,state_CO,mlp_stronger,mlp_base:C1:E2,mlp_base,mlp,1.0,2.0,1.9909995955023065,0.842557449955204,0.815131764899754,0.027425685055449955,0.004534905836096093,0.009471427898423505,1215,0.043959304158003296,0.7806002912838346,True,0.05,360,paired cluster influence sandwich; asymptotic Bonferroni bounds,0.0009037423171474046,0.023908234432738706,0.0026137083055638444
203,1.0,test,state_CO,mlp_stronger,mlp_base:C1:E8,mlp_base,mlp,1.0,8.0,7.998197999765249,0.842557449955204,0.8170221664575491,0.02553528349765488,0.004370358724027347,0.009413654359552614,1215,0.041468987326617496,0.7827013269144024,True,0.05,360,paired cluster influence sandwich; asymptotic Bonferroni bounds,0.0009037423171474046,0.023908234432738706,0.0007233067477687705
203,1.0,test,state_CO,mlp_stronger,mlp_base:C5:E2,mlp_base,mlp,5.0,2.0,1.9909995955023065,0.842557449955204,0.8205291872785622,0.02202826267664182,0.003741296187832471,0.009165164553174416,1215,0.035668494327561195,0.7871143060856027,True,0.05,360,paired cluster influence sandwich; asymptotic Bonferroni bounds,0.0009037423171474046,0.00038798862317235283,0.02073653173632206
203,1.0,test,state_CO,mlp_stronger,mlp_base:C5:E8,mlp_base,mlp,5.0,8.0,7.998197999765249,0.842557449955204,0.8393565438140325,0.0032009061411715223,0.0013136075422072796,0.008736010669478517,1215,0.007990131659422441,0.807506296398677,True,0.05,360,paired cluster influence sandwich; asymptotic Bonferroni bounds,0.0009037423171474046,0.00038798862317235283,0.0019091752008517648
203,1.0,test,state_CO,mlp_stronger,mlp_stronger:C1:E2,mlp_stronger,mlp,1.0,2.0,1.9948093103901194,0.842557449955204,0.8138426414098588,0.02871480854534514,0.004576074032172763,0.009499461269928088,1215,0.045398521012054605,0.7792089621245453,True,0.05,360,paired cluster influence sandwich; asymptotic Bonferroni bounds,0.0,0.028773215434854782,-5.8406889509643456e-05
203,1.0,test,state_CO,mlp_stronger,mlp_stronger:C1:E8,mlp_stronger,mlp,1.0,8.0,7.995742559457445,0.842557449955204,0.8140397646619545,0.028517685293249495,0.004457035485593867,0.009494144716000763,1215,0.044767400217608375,0.7794254687730663,True,0.05,360,paired cluster influence sandwich; asymptotic Bonferroni bounds,0.0,0.028773215434854782,-0.00025553014160528686
203,1.0,test,state_CO,mlp_stronger,mlp_stronger:C5:E2,mlp_stronger,mlp,5.0,2.0,1.9948093103901194,0.842557449955204,0.8325756082399605,0.009981841715243522,0.00374015682475562,0.008938339508590286,1215,0.023617919411083564,0.7999876987693736,True,0.05,360,paired cluster influence sandwich; asymptotic Bonferroni bounds,0.0,0.00033010322374738,0.009651738491496142
203,1.0,test,state_CO,mlp_stronger,mlp_stronger:C5:E8,mlp_stronger,mlp,5.0,8.0,7.995742559457445,0.842557449955204,0.8425537995246096,3.650430594359655e-06,0.001238724726022389,0.008672938382227565,1215,0.004519863894157652,0.8109335046619696,True,0.05,360,paired cluster influence sandwich; asymptotic Bonferroni bounds,0.0,0.00033010322374738,-0.00032645279315302034
203,1.0,test,state_CO,mlp_stronger,logistic:C1:E2,logistic,logistic,1.0,2.0,1.9948093103901194,0.842557449955204,0.819826218644105,0.022731231311099,0.0037730545761718317,0.009318005276520512,1215,0.036487249510866765,0.7858541019991877,True,0.05,360,paired cluster influence sandwich; asymptotic Bonferroni bounds,0.0032859090250116907,0.017531453674471176,0.0019138686116161319
203,1.0,test,state_CO,mlp_stronger,logistic:C1:E8,logistic,logistic,1.0,8.0,7.995742559457445,0.842557449955204,0.8214459668478323,0.021111483107371654,0.00369419027470224,0.009273729514042836,1215,0.034579973325652234,0.7876352733104147,True,0.05,360,paired cluster influence sandwich; asymptotic Bonferroni bounds,0.0032859090250116907,0.017531453674471176,0.00029412040788878713
203,1.0,test,state_CO,mlp_stronger,logistic:C5:E2,logistic,logistic,5.0,2.0,1.9948093103901194,0.842557449955204,0.8094506519147551,0.033106798040448915,0.004847656542375239,0.009519194096512758,1215,0.05078066155789519,0.7747450295615236,True,0.05,360,paired cluster influence sandwich; asymptotic Bonferroni bounds,0.0032859090250116907,0.0,0.029820889015437224
203,1.0,test,state_CO,mlp_stronger,logistic:C5:E8,logistic,logistic,5.0,8.0,7.995742559457445,0.842557449955204,0.8360070129986618,0.006550436956542227,0.001872078976558461,0.00886359152801411,1215,0.013375769575788175,0.8036916239913874,True,0.05,360,paired cluster influence sandwich; asymptotic Bonferroni bounds,0.0032859090250116907,0.0,0.0032645279315305364
203,1.0,test,state_UT,mlp_stronger,mlp_base:C1:E2,mlp_base,mlp,1.0,2.0,1.9909995955023065,0.8596098705361022,0.8259931586721606,0.03361671186394155,0.004765698655789751,0.009313478143619026,1135,0.05099536569582701,0.7920305176578886,True,0.05,360,paired cluster influence sandwich; asymptotic Bonferroni bounds,0.0021562072702827617,0.02987936214678666,0.0015811424468721302
203,1.0,test,state_UT,mlp_stronger,mlp_base:C1:E8,mlp_base,mlp,1.0,8.0,7.998197999765249,0.8596098705361022,0.8271432883189814,0.03246658221712073,0.004605351409614505,0.009276327402981021,1135,0.04926051185944999,0.7933161216407465,True,0.05,360,paired cluster influence sandwich; asymptotic Bonferroni bounds,0.0021562072702827617,0.02987936214678666,0.0004310128000513114
203,1.0,test,state_UT,mlp_stronger,mlp_base:C5:E2,mlp_base,mlp,5.0,2.0,1.9909995955023065,0.8596098705361022,0.8473037119691225,0.012306158566979697,0.0038239779116754653,0.008742642842598876,1135,0.026250722247490345,0.8154226858046264,True,0.05,360,paired cluster influence sandwich; asymptotic Bonferroni bounds,0.0021562072702827617,0.0005796379035171162,0.009570313393179819
203,1.0,test,state_UT,mlp_stronger,mlp_base:C5:E8,mlp_base,mlp,5.0,8.0,7.998197999765249,0.8596098705361022,0.8573359064530732,0.0022739640830289343,0.0012876941026031903,0.008472610820220527,1135,0.006969684829726627,0.8264395822975336,True,0.05,360,paired cluster influence sandwich; asymptotic Bonferroni bounds,0.0021562072702827617,0.0005796379035171162,-0.00046188109077094364
203,1.0,test,state_UT,mlp_stronger,mlp_stronger:C1:E2,mlp_stronger,mlp,1.0,2.0,1.9948093103901194,0.8596098705361022,0.825916559580374,0.03369331095572814,0.00472056606458699,0.009317671439628751,1135,0.05090738373964996,0.7919386272426191,True,0.05,360,paired cluster influence sandwich; asymptotic Bonferroni bounds,0.0,0.03439985183220451,-0.0007065408764763692
203,1.0,test,state_UT,mlp_stronger,mlp_stronger:C1:E8,mlp_stronger,mlp,1.0,8.0,7.995742559457445,0.8596098705361022,0.8254529635845631,0.03415690695153906,0.0045662546923981384,0.009313379410366968,1135,0.05080826603631934,0.7914906826121513,True,0.05,360,paired cluster influence sandwich; asymptotic Bonferroni bounds,0.0,0.03439985183220451,-0.00024294488066545217
203,1.0,test,state_UT,mlp_stronger,mlp_stronger:C5:E2,mlp_stronger,mlp,5.0,2.0,1.9948093103901194,0.8596098705361022,0.8532144180069601,0.006395452529142087,0.0033415183190912624,0.008835014760936195,1135,0.018580673277382522,0.82099654729804,True,0.05,360,paired cluster influence sandwich; asymptotic Bonferroni bounds,0.0,0.0004447320403710986,0.005950720488770989
203,1.0,test,state_UT,mlp_stronger,mlp_stronger:C5:E8,mlp_stronger,mlp,5.0,8.0,7.995742559457445,0.8596098705361022,0.8601037631876198,-0.0004938926515176689,0.0010634047578042594,0.008438553086016553,1135,0.003383931882479793,0.8293316343737873,True,0.05,360,paired cluster influence sandwich; asymptotic Bonferroni bounds,0.0,0.0004447320403710986,-0.0009386246918887675
203,1.0,test,state_UT,mlp_stronger,logistic:C1:E2,logistic,logistic,1.0,2.0,1.9948093103901194,0.8596098705361022,0.8317215131407457,0.027888357395356445,0.003992094759299659,0.009160903545551144,1135,0.04244597798718045,0.7983152524842916,True,0.05,360,paired cluster influence sandwich; asymptotic Bonferroni bounds,0.005316205623973724,0.022306341490184067,0.0002658102811986529
203,1.0,test,state_UT,mlp_stronger,logistic:C1:E8,logistic,logistic,1.0,8.0,7.995742559457445,0.8596098705361022,0.8320341974930373,0.027575673043064852,0.0039156819247435515,0.009156087785120672,1135,0.0418546456766403,0.7986454980462826,True,0.05,360,paired cluster influence sandwich; asymptotic Bonferroni bounds,0.005316205623973724,0.022306341490184067,-4.6874071092939396e-05
203,1.0,test,state_UT,mlp_stronger,logistic:C5:E2,logistic,logistic,5.0,2.0,1.9948093103901194,0.8596098705361022,0.8366324295402682,0.022977440995833986,0.004878746996426359,0.009122393589823278,1135,0.04076833826149298,0.8033665997498871,True,0.05,360,paired cluster influence sandwich; asymptotic Bonferroni bounds,0.005316205623973724,2.220446049250313e-16,0.01766123537186004
203,1.0,test,state_UT,mlp_stronger,logistic:C5:E8,logistic,logistic,5.0,8.0,7.995742559457445,0.8596098705361022,0.8544720150362873,0.005137855499814825,0.001835103543995343,0.008533259959551346,1135,0.011829766075825912,0.823354527002425,True,0.05,360,paired cluster influence sandwich; asymptotic Bonferroni bounds,0.005316205623973724,2.220446049250313e-16,-0.00017835012415912121
204,1.0,validation,source,mlp_stronger,mlp_base:C1:E2,mlp_base,mlp,1.0,2.0,1.9909995955023065,0.8671109336261835,0.844811269738265,0.022299663887918486,0.004014610302019075,0.008903362324080696,1153,0.03693867134735411,0.8123457556108478,True,0.05,360,paired cluster influence sandwich; asymptotic Bonferroni bounds,,,
204,1.0,validation,source,mlp_stronger,mlp_base:C1:E8,mlp_base,mlp,1.0,8.0,7.998197999765249,0.8671109336261835,0.8459520957087472,0.021158837917436335,0.003915432584547371,0.008881015076588929,1153,0.03543620047570985,0.8135680693218872,True,0.05,360,paired cluster influence sandwich; asymptotic Bonferroni bounds,,,
204,1.0,validation,source,mlp_stronger,mlp_base:C5:E2,mlp_base,mlp,5.0,2.0,1.9909995955023065,0.8671109336261835,0.857926088620443,0.009184845005740572,0.0024153026911726562,0.008589348044683302,1153,0.017992084426983766,0.8266056065217025,True,0.05,360,paired cluster influence sandwich; asymptotic Bonferroni bounds,,,
204,1.0,validation,source,mlp_stronger,mlp_base:C5:E8,mlp_base,mlp,5.0,8.0,7.998197999765249,0.8671109336261835,0.865729879032929,0.0013810545932545493,0.0009986696498679554,0.008283314958190091,1153,0.00502263655366957,0.8355253260777358,True,0.05,360,paired cluster influence sandwich; asymptotic Bonferroni bounds,,,
204,1.0,validation,source,mlp_stronger,mlp_stronger:C1:E2,mlp_stronger,mlp,1.0,2.0,1.9948093103901194,0.8671109336261835,0.845078537080484,0.02203239654569955,0.0039470604409104935,0.00890290783842927,1153,0.036425087962914326,0.8126146802045409,True,0.05,360,paired cluster influence sandwich; asymptotic Bonferroni bounds,,,
204,1.0,validation,source,mlp_stronger,mlp_stronger:C1:E8,mlp_stronger,mlp,1.0,8.0,7.995742559457445,0.8671109336261835,0.8461611258090816,0.020949807817101873,0.0038799374852902797,0.008873362336004866,1153,0.035097739874353495,0.8138050046279746,True,0.05,360,paired cluster influence sandwich; asymptotic Bonferroni bounds,,,
204,1.0,validation,source,mlp_stronger,mlp_stronger:C5:E2,mlp_stronger,mlp,5.0,2.0,1.9948093103901194,0.8671109336261835,0.85448697149703,0.01262396212915351,0.0028712453375320177,0.008775261727677505,1153,0.023093765859010337,0.8224885676107639,True,0.05,360,paired cluster influence sandwich; asymptotic Bonferroni bounds,,,
204,1.0,validation,source,mlp_stronger,mlp_stronger:C5:E8,mlp_stronger,mlp,5.0,8.0,7.995742559457445,0.8671109336261835,0.8651048686334215,0.0020060649927620133,0.0009193673534544784,0.008353745688651163,1153,0.005358476443111982,0.8346434947389519,True,0.05,360,paired cluster influence sandwich; asymptotic Bonferroni bounds,,,
204,1.0,validation,source,mlp_stronger,logistic:C1:E2,logistic,logistic,1.0,2.0,1.9948093103901194,0.8671109336261835,0.8520014892094712,0.015109444416712359,0.0032485562848567438,0.008711485057577368,1153,0.026955087233525014,0.8202356426772438,True,0.05,360,paired cluster influence sandwich; asymptotic Bonferroni bounds,,,
204,1.0,validation,source,mlp_stronger,logistic:C1:E8,logistic,logistic,1.0,8.0,7.995742559457445,0.8671109336261835,0.8518891745286944,0.01522175909748913,0.003280047241755261,0.008709582710249145,1153,0.02718223157851859,0.8201302647785288,True,0.05,360,paired cluster influence sandwich; asymptotic Bonferroni bounds,,,
204,1.0,validation,source,mlp_stronger,logistic:C5:E2,logistic,logistic,5.0,2.0,1.9948093103901194,0.8671109336261835,0.8538973194229522,0.013213614203231305,0.002931388642158309,0.008671372504261754,1153,0.023902726463387224,0.8222777406285695,True,0.05,360,paired cluster influence sandwich; asymptotic Bonferroni bounds,,,
204,1.0,validation,source,mlp_stronger,logistic:C5:E8,logistic,logistic,5.0,8.0,7.995742559457445,0.8671109336261835,0.863679096158006,0.0034318374681775454,0.001299698140705681,0.008359742888358375,1153,0.008171099649424913,0.8331958538766582,True,0.05,360,paired cluster influence sandwich; asymptotic Bonferroni bounds,,,
204,1.0,validation,state_OR,mlp_stronger,mlp_base:C1:E2,mlp_base,mlp,1.0,2.0,1.9909995955023065,0.8397719341595896,0.8084936210058133,0.03127831315377627,0.004927028454580267,0.01014002264804281,1213,0.04924164230080412,0.7715243674152884,True,0.05,360,paired cluster influence sandwich; asymptotic Bonferroni bounds,,,
204,1.0,validation,state_OR,mlp_stronger,mlp_base:C1:E8,mlp_base,mlp,1.0,8.0,7.998197999765249,0.8397719341595896,0.811244196480824,0.028527737678765597,0.004789371192893797,0.01007940592884208,1213,0.045989185676953356,0.7744959438625593,True,0.05,360,paired cluster influence sandwich; asymptotic Bonferroni bounds,,,
204,1.0,validation,state_OR,mlp_stronger,mlp_base:C5:E2,mlp_base,mlp,5.0,2.0,1.9909995955023065,0.8397719341595896,0.8321520381135691,0.007619896046020536,0.002915738577724485,0.009367161842635712,1213,0.01825031400710652,0.7980005382990465,True,0.05,360,paired cluster influence sandwich; asymptotic Bonferroni bounds,,,
204,1.0,validation,state_OR,mlp_stronger,mlp_base:C5:E8,mlp_base,mlp,5.0,8.0,7.998197999765249,0.8397719341595896,0.8384800957174254,0.0012918384421641838,0.0012218421431051992,0.009184839148846996,1213,0.005746521987152637,0.8049933216274834,True,0.05,360,paired cluster influence sandwich; asymptotic Bonferroni bounds,,,
204,1.0,validation,state_OR,mlp_stronger,mlp_stronger:C1:E2,mlp_stronger,mlp,1.0,2.0,1.9948093103901194,0.8397719341595896,0.8105018228794126,0.02927011128017698,0.004868771300495629,0.010076350085792772,1213,0.04702104213406759,0.7737647114824788,True,0.05,360,paired cluster influence sandwich; asymptotic Bonferroni bounds,,,
204,1.0,validation,state_OR,mlp_stronger,mlp_stronger:C1:E8,mlp_stronger,mlp,1.0,8.0,7.995742559457445,0.8397719341595896,0.8110632090480712,0.02870872511151845,0.004770774608776889,0.010068063073181074,1213,0.04610237229130584,0.7743563110620323,True,0.05,360,paired cluster influence sandwich; asymptotic Bonferroni bounds,,,
204,1.0,validation,state_OR,mlp_stronger,mlp_stronger:C5:E2,mlp_stronger,mlp,5.0,2.0,1.9948093103901194,0.8397719341595896,0.8228956688731961,0.01687626528639352,0.003559360356902529,0.009723471342930739,1213,0.029853247707610234,0.7874451092113405,True,0.05,360,paired cluster influence sandwich; asymptotic Bonferroni bounds,,,
204,1.0,validation,state_OR,mlp_stronger,mlp_stronger:C5:E8,mlp_stronger,mlp,5.0,8.0,7.995742559457445,0.8397719341595896,0.837525305727873,0.002246628431716635,0.0011432944313852162,0.009214034003841168,1213,0.0064149368497134355,0.8039320908502443,True,0.05,360,paired cluster influence sandwich; asymptotic Bonferroni bounds,,,
204,1.0,validation,state_OR,mlp_stronger,logistic:C1:E2,logistic,logistic,1.0,2.0,1.9948093103901194,0.8397719341595896,0.8191675445099034,0.02060438964968625,0.003991053920249396,0.00983252813084143,1213,0.03515527277810188,0.7833193774473566,True,0.05,360,paired cluster influence sandwich; asymptotic Bonferroni bounds,,,
204,1.0,validation,state_OR,mlp_stronger,logistic:C1:E8,logistic,logistic,1.0,8.0,7.995742559457445,0.8397719341595896,0.8185107877179978,0.021261146441591827,0.003992155185580311,0.009847907063431418,1213,0.035816044645584924,0.7826065509918413,True,0.05,360,paired cluster influence sandwich; asymptotic Bonferroni bounds,,,
204,1.0,validation,state_OR,mlp_stronger,logistic:C5:E2,logistic,logistic,5.0,2.0,1.9948093103901194,0.8397719341595896,0.8275449867564885,0.012226947403101152,0.003547164820101714,0.00962555210800209,1213,0.025159466423365903,0.7924514283709728,True,0.05,360,paired cluster influence sandwich; asymptotic Bonferroni bounds,,,
204,1.0,validation,state_OR,mlp_stronger,logistic:C5:E8,logistic,logistic,5.0,8.0,7.995742559457445,0.8397719341595896,0.8365965259082968,0.0031754082512928106,0.001558797718744933,0.009287248009375772,1213,0.008858589656389202,0.8027363819289358,True,0.05,360,paired cluster influence sandwich; asymptotic Bonferroni bounds,,,
204,1.0,validation,state_WA,mlp_stronger,mlp_base:C1:E2,mlp_base,mlp,1.0,2.0,1.9909995955023065,0.8482445607553366,0.8164285714285714,0.031815989326765215,0.0044841224176642045,0.009452175041770504,1215,0.04816445933749061,0.7819672909787377,True,0.05,360,paired cluster influence sandwich; asymptotic Bonferroni bounds,,,
204,1.0,validation,state_WA,mlp_stronger,mlp_base:C1:E8,mlp_base,mlp,1.0,8.0,7.998197999765249,0.8482445607553366,0.8177740147783251,0.030470545977011487,0.004408637222057633,0.009435857043753012,1215,0.04654380774369644,0.7833722274190844,True,0.05,360,paired cluster influence sandwich; asymptotic Bonferroni bounds,,,
204,1.0,validation,state_WA,mlp_stronger,mlp_base:C5:E2,mlp_base,mlp,5.0,2.0,1.9909995955023065,0.8482445607553366,0.8373737684729063,0.010870792282430264,0.0026936270966024987,0.009083779784353123,1215,0.020691372031861402,0.8042556045254805,True,0.05,360,paired cluster influence sandwich; asymptotic Bonferroni bounds,,,
204,1.0,validation,state_WA,mlp_stronger,mlp_base:C5:E8,mlp_base,mlp,5.0,8.0,7.998197999765249,0.8482445607553366,0.8454628489326764,0.0027817118226601822,0.001157962768801518,0.008854462023852393,1215,0.007003478722848726,0.8131807447939,True,0.05,360,paired cluster influence sandwich; asymptotic Bonferroni bounds,,,
204,1.0,validation,state_WA,mlp_stronger,mlp_stronger:C1:E2,mlp_stronger,mlp,1.0,2.0,1.9948093103901194,0.8482445607553366,0.8166481937602627,0.031596366995073955,0.004381230526048363,0.00946335544735043,1215,0.047569707861732716,0.782146151148225,True,0.05,360,paired cluster influence sandwich; asymptotic Bonferroni bounds,,,
204,1.0,validation,state_WA,mlp_stronger,mlp_stronger:C1:E8,mlp_stronger,mlp,1.0,8.0,7.995742559457445,0.8482445607553366,0.8187192118226602,0.029525348932676443,0.004299568089990257,0.00942294407884737,1215,0.04520096021870655,0.7843645032895189,True,0.05,360,paired cluster influence sandwich; asymptotic Bonferroni bounds,,,
204,1.0,validation,state_WA,mlp_stronger,mlp_stronger:C5:E2,mlp_stronger,mlp,5.0,2.0,1.9948093103901194,0.8482445607553366,0.8261945812807882,0.022049979474548453,0.003519329678608948,0.009368693665024044,1215,0.03488095292923053,0.7920376620095917,True,0.05,360,paired cluster influence sandwich; asymptotic Bonferroni bounds,,,
204,1.0,validation,state_WA,mlp_stronger,mlp_stronger:C5:E8,mlp_stronger,mlp,5.0,8.0,7.995742559457445,0.8482445607553366,0.844036330049261,0.004208230706075566,0.001086921234815446,0.008907025316595714,1215,0.008170990317945648,0.8115625876510798,True,0.05,360,paired cluster influence sandwich; asymptotic Bonferroni bounds,,,
204,1.0,validation,state_WA,mlp_stronger,logistic:C1:E2,logistic,logistic,1.0,2.0,1.9948093103901194,0.8482445607553366,0.8257430213464697,0.0225015394088669,0.0036438610909983672,0.00930581454094987,1215,0.03578653661027403,0.7918153503826294,True,0.05,360,paired cluster influence sandwich; asymptotic Bonferroni bounds,,,
204,1.0,validation,state_WA,mlp_stronger,logistic:C1:E8,logistic,logistic,1.0,8.0,7.995742559457445,0.8482445607553366,0.825309934318555,0.02293462643678157,0.0036284972591245986,0.009281056207056016,1215,0.036163609301102656,0.7914725287046491,True,0.05,360,paired cluster influence sandwich; asymptotic Bonferroni bounds,,,
204,1.0,validation,state_WA,mlp_stronger,logistic:C5:E2,logistic,logistic,5.0,2.0,1.9948093103901194,0.8482445607553366,0.8324866584564862,0.015757902298850435,0.0033649644288621986,0.009253428865076258,1215,0.028026082096017375,0.798749978186307,True,0.05,360,paired cluster influence sandwich; asymptotic Bonferroni bounds,,,
204,1.0,validation,state_WA,mlp_stronger,logistic:C5:E8,logistic,logistic,5.0,8.0,7.995742559457445,0.8482445607553366,0.8434872742200328,0.0047572865353038285,0.0014637444209138631,0.008904315591045027,1215,0.010093889674060715,0.8110234110942658,True,0.05,360,paired cluster influence sandwich; asymptotic Bonferroni bounds,,,
204,1.0,validation,proxy_0.5,mlp_stronger,mlp_base:C1:E2,mlp_base,mlp,1.0,2.0,1.9909995955023065,0.8467798965041016,0.8171818582671925,0.029598038236909097,0.004603965842825897,0.009638054105428815,1153,0.04638609118496704,0.7820373397885603,True,0.05,360,paired cluster influence sandwich; asymptotic Bonferroni bounds,,,
204,1.0,validation,proxy_0.5,mlp_stronger,mlp_base:C1:E8,mlp_base,mlp,1.0,8.0,7.998197999765249,0.8467798965041016,0.819116166658347,0.027663729845754603,0.004476559274900065,0.009589927944535748,1153,0.043987203280999226,0.7841471370006231,True,0.05,360,paired cluster influence sandwich; asymptotic Bonferroni bounds,,,
204,1.0,validation,proxy_0.5,mlp_stronger,mlp_base:C5:E2,mlp_base,mlp,5.0,2.0,1.9909995955023065,0.8467798965041016,0.8305753839498162,0.016204512554285344,0.0027829085650932423,0.00915043099954013,1153,0.026352202162623746,0.7972089504526597,True,0.05,360,paired cluster influence sandwich; asymptotic Bonferroni bounds,,,
204,1.0,validation,proxy_0.5,mlp_stronger,mlp_base:C5:E8,mlp_base,mlp,5.0,8.0,7.998197999765249,0.8467798965041016,0.8445471222482902,0.002232774255811365,0.0011322324882859648,0.008759719332274306,1153,0.006361384156876388,0.8126053926654131,True,0.05,360,paired cluster influence sandwich; asymptotic Bonferroni bounds,,,
204,1.0,validation,proxy_0.5,mlp_stronger,mlp_stronger:C1:E2,mlp_stronger,mlp,1.0,2.0,1.9948093103901194,0.8467798965041016,0.8172234562971098,0.029556440206991774,0.00451248936910664,0.009624476891530122,1153,0.04601093032319389,0.7821284462191912,True,0.05,360,paired cluster influence sandwich; asymptotic Bonferroni bounds,,,
204,1.0,validation,proxy_0.5,mlp_stronger,mlp_stronger:C1:E8,mlp_stronger,mlp,1.0,8.0,7.995742559457445,0.8467798965041016,0.8182010100001663,0.028578886503935252,0.004456347426388986,0.009606039354018575,1153,0.04482865878791898,0.7831732311673401,True,0.05,360,paired cluster influence sandwich; asymptotic Bonferroni bounds,,,
204,1.0,validation,proxy_0.5,mlp_stronger,mlp_stronger:C5:E2,mlp_stronger,mlp,5.0,2.0,1.9948093103901194,0.8467798965041016,0.8296160293848484,0.017163867119253218,0.0033813784528254746,0.009348044097117366,1153,0.029493837071552665,0.7955290129688316,True,0.05,360,paired cluster influence sandwich; asymptotic Bonferroni bounds,,,
204,1.0,validation,proxy_0.5,mlp_stronger,mlp_stronger:C5:E8,mlp_stronger,mlp,5.0,8.0,7.995742559457445,0.8467798965041016,0.8430568728265029,0.0037230236775986913,0.001133328855140281,0.00883431817915173,1153,0.007855631406933756,0.81084312354713,True,0.05,360,paired cluster influence sandwich; asymptotic Bonferroni bounds,,,
204,1.0,validation,proxy_0.5,mlp_stronger,logistic:C1:E2,logistic,logistic,1.0,2.0,1.9948093103901194,0.8467798965041016,0.8256657764688266,0.02111412003527502,0.0037918725918595327,0.009416669855280698,1153,0.034940929359593205,0.7913285208240713,True,0.05,360,paired cluster influence sandwich; asymptotic Bonferroni bounds,,,
204,1.0,validation,proxy_0.5,mlp_stronger,logistic:C1:E8,logistic,logistic,1.0,8.0,7.995742559457445,0.8467798965041016,0.8247090217807285,0.022070874723373102,0.00382695585770139,0.009432928763411442,1153,0.036025612825760236,0.7903124791169347,True,0.05,360,paired cluster influence sandwich; asymptotic Bonferroni bounds,,,
204,1.0,validation,proxy_0.5,mlp_stronger,logistic:C5:E2,logistic,logistic,5.0,2.0,1.9948093103901194,0.8467798965041016,0.8349998544068953,0.01178004209720629,0.0033226843156389046,0.00911524206757248,1153,0.02389598781117127,0.801761734992255,True,0.05,360,paired cluster influence sandwich; asymptotic Bonferroni bounds,,,
204,1.0,validation,proxy_0.5,mlp_stronger,logistic:C5:E8,logistic,logistic,5.0,8.0,7.995742559457445,0.8467798965041016,0.8427927253365282,0.003987171167573411,0.0014690783685869665,0.008853537965293659,1153,0.009344067000133831,0.8105088923948484,True,0.05,360,paired cluster influence sandwich; asymptotic Bonferroni bounds,,,
204,1.0,validation,proxy_0.75,mlp_stronger,mlp_base:C1:E2,mlp_base,mlp,1.0,2.0,1.9909995955023065,0.8575953842826004,0.8315914158305463,0.026003968452054105,0.0042845476488140655,0.00921986569488113,1153,0.04162728435889364,0.7979717933694375,True,0.05,360,paired cluster influence sandwich; asymptotic Bonferroni bounds,,,
204,1.0,validation,proxy_0.75,mlp_stronger,mlp_base:C1:E8,mlp_base,mlp,1.0,8.0,7.998197999765249,0.8575953842826004,0.8333260536780978,0.024269330604502648,0.004174978393578007,0.009187495558474904,1153,0.03949310956402782,0.7998244667503694,True,0.05,360,paired cluster influence sandwich; asymptotic Bonferroni bounds,,,
204,1.0,validation,proxy_0.75,mlp_stronger,mlp_base:C5:E2,mlp_base,mlp,5.0,2.0,1.9909995955023065,0.8575953842826004,0.8434104560808,0.014184928201800395,0.0025860219911678687,0.008867411342569307,1153,0.023614684111092913,0.8110760347984975,True,0.05,360,paired cluster influence sandwich; asymptotic Bonferroni bounds,,,
204,1.0,validation,proxy_0.75,mlp_stronger,mlp_base:C5:E8,mlp_base,mlp,5.0,8.0,7.998197999765249,0.8575953842826004,0.8554780445598097,0.002117339722790712,0.0010533411365928015,0.008496657798958562,1153,0.005958277596177146,0.8244955512312119,True,0.05,360,paired cluster influence sandwich; asymptotic Bonferroni bounds,,,
204,1.0,validation,proxy_0.75,mlp_stronger,mlp_stronger:C1:E2,mlp_stronger,mlp,1.0,2.0,1.9948093103901194,0.8575953842826004,0.8319293998236243,0.025665984458976054,0.004211521927283638,0.009210233282096917,1153,0.0410230169654873,0.7983449013102943,True,0.05,360,paired cluster influence sandwich; asymptotic Bonferroni bounds,,,
204,1.0,validation,proxy_0.75,mlp_stronger,mlp_stronger:C1:E8,mlp_stronger,mlp,1.0,8.0,7.995742559457445,0.8575953842826004,0.8329984691924991,0.024596915090101312,0.004154552023231387,0.009186741969998833,1153,0.03974621065886674,0.7994996301746531,True,0.05,360,paired cluster influence sandwich; asymptotic Bonferroni bounds,,,
204,1.0,validation,proxy_0.75,mlp_stronger,mlp_stronger:C5:E2,mlp_stronger,mlp,5.0,2.0,1.9948093103901194,0.8575953842826004,0.8404122780745102,0.01718310620809016,0.003179297348411237,0.009041438308621754,1153,0.028776200953985837,0.8074432791215175,True,0.05,360,paired cluster influence sandwich; asymptotic Bonferroni bounds,,,
204,1.0,validation,proxy_0.75,mlp_stronger,mlp_stronger:C5:E8,mlp_stronger,mlp,5.0,8.0,7.995742559457445,0.8575953842826004,0.8544526531223482,0.00314273116025221,0.0010256312582326873,0.008562292292397142,1153,0.00688262681895351,0.8232308280113951,True,0.05,360,paired cluster influence sandwich; asymptotic Bonferroni bounds,,,
204,1.0,validation,proxy_0.75,mlp_stronger,logistic:C1:E2,logistic,logistic,1.0,2.0,1.9948093103901194,0.8575953842826004,0.839679112797218,0.01791627148538244,0.003503146595187777,0.009003137215337546,1153,0.030690260809491613,0.8068497762144458,True,0.05,360,paired cluster influence sandwich; asymptotic Bonferroni bounds,,,
204,1.0,validation,proxy_0.75,mlp_stronger,logistic:C1:E8,logistic,logistic,1.0,8.0,7.995742559457445,0.8575953842826004,0.8387379573703388,0.018857426912261555,0.003546538267897036,0.009019572920386642,1153,0.03178964106336048,0.805848689090412,True,0.05,360,paired cluster influence sandwich; asymptotic Bonferroni bounds,,,
204,1.0,validation,proxy_0.75,mlp_stronger,logistic:C5:E2,logistic,logistic,5.0,2.0,1.9948093103901194,0.8575953842826004,0.845986934058803,0.011608450223797417,0.0030943406678951573,0.008841024892040687,1153,0.022891756126881053,0.8137487292002771,True,0.05,360,paired cluster influence sandwich; asymptotic Bonferroni bounds,,,
204,1.0,validation,proxy_0.75,mlp_stronger,logistic:C5:E8,logistic,logistic,5.0,8.0,7.995742559457445,0.8575953842826004,0.8540252333649478,0.003570150917652559,0.0013639072426688444,0.008563697590162546,1153,0.008543547286751154,0.822798283929858,True,0.05,360,paired cluster influence sandwich; asymptotic Bonferroni bounds,,,
204,1.0,test,source,mlp_stronger,mlp_base:C1:E2,mlp_base,mlp,1.0,2.0,1.9909995955023065,0.8679542183766346,0.8459814985217785,0.02197271985485605,0.004326651304674688,0.008823478251092273,1149,0.037749733913192265,0.8138069296443419,True,0.05,360,paired cluster influence sandwich; asymptotic Bonferroni bounds,-0.0008607762200667501,0.02042936685011132,0.00240412922481148
204,1.0,test,source,mlp_stronger,mlp_base:C1:E8,mlp_base,mlp,1.0,8.0,7.998197999765249,0.8679542183766346,0.8476457353540385,0.020308483022596024,0.0041247955061987,0.008796127932808215,1149,0.03534943550673709,0.815570898654141,True,0.05,360,paired cluster influence sandwich; asymptotic Bonferroni bounds,-0.0008607762200667501,0.02042936685011132,0.0007398923925514556
204,1.0,test,source,mlp_stronger,mlp_base:C5:E2,mlp_base,mlp,5.0,2.0,1.9909995955023065,0.8679542183766346,0.8589275311875064,0.009026687189128135,0.002702796738955976,0.008353971922050561,1149,0.018882360582835992,0.8284650041253568,True,0.05,360,paired cluster influence sandwich; asymptotic Bonferroni bounds,-0.0008607762200667501,0.00034701995312624856,0.009540443456068637
204,1.0,test,source,mlp_stronger,mlp_base:C5:E8,mlp_base,mlp,5.0,8.0,7.998197999765249,0.8679542183766346,0.8670298739369258,0.0009243444397087908,0.0010514669091102487,0.008164184617336758,1149,0.004758489379696048,0.8372594010209765,True,0.05,360,paired cluster influence sandwich; asymptotic Bonferroni bounds,-0.0008607762200667501,0.00034701995312624856,0.0014381007066492923
204,1.0,test,source,mlp_stronger,mlp_stronger:C1:E2,mlp_stronger,mlp,1.0,2.0,1.9948093103901194,0.8679542183766346,0.8468975061457963,0.02105671223083827,0.0041866058163387175,0.008809145279383755,1149,0.036323054297674746,0.81477520205242,True,0.05,360,paired cluster influence sandwich; asymptotic Bonferroni bounds,1.1102230246251565e-16,0.02014591511662689,0.0009107971142112703
204,1.0,test,source,mlp_stronger,mlp_stronger:C1:E8,mlp_stronger,mlp,1.0,8.0,7.995742559457445,0.8679542183766346,0.8478374821149252,0.0201167362617094,0.0040982129990861935,0.008774443965803546,1149,0.03506075637046659,0.8158417153996839,True,0.05,360,paired cluster influence sandwich; asymptotic Bonferroni bounds,1.1102230246251565e-16,0.02014591511662689,-2.917885491759975e-05
204,1.0,test,source,mlp_stronger,mlp_stronger:C5:E2,mlp_stronger,mlp,5.0,2.0,1.9948093103901194,0.8679542183766346,0.8556553310288985,0.012298887347736098,0.002853831743591716,0.008554222149594497,1149,0.022705305699528368,0.824462597062455,True,0.05,360,paired cluster influence sandwich; asymptotic Bonferroni bounds,1.1102230246251565e-16,0.00024593606287637293,0.012052951284859614
204,1.0,test,source,mlp_stronger,mlp_stronger:C5:E8,mlp_stronger,mlp,5.0,8.0,7.995742559457445,0.8679542183766346,0.8670423791604618,0.0009118392161727717,0.0008998054734138689,0.008199579832840724,1149,0.004192954934576122,0.8371428385722459,True,0.05,360,paired cluster influence sandwich; asymptotic Bonferroni bounds,1.1102230246251565e-16,0.00024593606287637293,0.0006659031532962878
204,1.0,test,source,mlp_stronger,logistic:C1:E2,logistic,logistic,1.0,2.0,1.9948093103901194,0.8679542183766346,0.8539494101181848,0.014004808258449741,0.0034515963541254706,0.008616985120859939,1149,0.02659095869398478,0.8225278127166574,True,0.05,360,paired cluster influence sandwich; asymptotic Bonferroni bounds,0.0020623197814921834,0.012982506234375024,-0.0010400177574174663
204,1.0,test,source,mlp_stronger,logistic:C1:E8,logistic,logistic,1.0,8.0,7.995742559457445,0.8679542183766346,0.85331581212569,0.014638406250944591,0.0034528136788689046,0.008632687544279868,1149,0.027228995627415306,0.8218369562723945,True,0.05,360,paired cluster influence sandwich; asymptotic Bonferroni bounds,0.0020623197814921834,0.012982506234375024,-0.00040641976492261644
204,1.0,test,source,mlp_stronger,logistic:C5:E2,logistic,logistic,5.0,2.0,1.9948093103901194,0.8679542183766346,0.8561670030919165,0.011787215284718044,0.0028990997627008942,0.008524699908740776,1149,0.022358702213473497,0.825081921158462,True,0.05,360,paired cluster influence sandwich; asymptotic Bonferroni bounds,0.0020623197814921834,0.0,0.009724895503225861
204,1.0,test,source,mlp_stronger,logistic:C5:E8,logistic,logistic,5.0,8.0,7.995742559457445,0.8679542183766346,0.8652926899673719,0.0026615284092627034,0.0013213358117836575,0.008245736962214839,1149,0.007479742822744605,0.8352248386862556,True,0.05,360,paired cluster influence sandwich; asymptotic Bonferroni bounds,0.0020623197814921834,0.0,0.00059920862777052
204,1.0,test,state_CO,mlp_stronger,mlp_base:C1:E2,mlp_base,mlp,1.0,2.0,1.9909995955023065,0.8480875455527951,0.8249857146014138,0.023101830951381297,0.0042568418491992855,0.009490678045742173,1182,0.03862294093535049,0.7903812207092776,True,0.05,360,paired cluster influence sandwich; asymptotic Bonferroni bounds,-0.00011996577818318421,0.022018981953568995,0.0012028147759954866
204,1.0,test,state_CO,mlp_stronger,mlp_base:C1:E8,mlp_base,mlp,1.0,8.0,7.998197999765249,0.8480875455527951,0.8259854294196077,0.022102116133187355,0.004181291061706556,0.009459539143624312,1182,0.03734775615054957,0.7914944728261717,True,0.05,360,paired cluster influence sandwich; asymptotic Bonferroni bounds,-0.00011996577818318421,0.022018981953568995,0.00020309995780154466
204,1.0,test,state_CO,mlp_stronger,mlp_base:C5:E2,mlp_base,mlp,5.0,2.0,1.9909995955023065,0.8480875455527951,0.8299032591755404,0.018184286377254666,0.003387465876467427,0.009304474188171815,1182,0.03053551583283882,0.795977693619286,True,0.05,360,paired cluster influence sandwich; asymptotic Bonferroni bounds,-0.00011996577818318421,-1.8941964976204595e-05,0.018323194120414055
204,1.0,test,state_CO,mlp_stronger,mlp_base:C5:E8,mlp_base,mlp,5.0,8.0,7.998197999765249,0.8480875455527951,0.8460870635850195,0.0020004819677755803,0.0012667303749500979,0.008793692176285962,1182,0.006619178683824184,0.8140238889902252,True,0.05,360,paired cluster influence sandwich; asymptotic Bonferroni bounds,-0.00011996577818318421,-1.8941964976204595e-05,0.002139389710934969
204,1.0,test,state_CO,mlp_stronger,mlp_stronger:C1:E2,mlp_stronger,mlp,1.0,2.0,1.9948093103901194,0.8480875455527951,0.8243943043615978,0.023693241191197312,0.004261525510428099,0.009473752203210154,1182,0.03923142853524596,0.78985152473389,True,0.05,360,paired cluster influence sandwich; asymptotic Bonferroni bounds,1.1102230246251565e-16,0.02275561392486991,0.00093762726632729
204,1.0,test,state_CO,mlp_stronger,mlp_stronger:C1:E8,mlp_stronger,mlp,1.0,8.0,7.995742559457445,0.8480875455527951,0.8252519544424697,0.022835591110325404,0.004145183752889296,0.00944333844652159,1182,0.03794957824246632,0.7908200681200129,True,0.05,360,paired cluster influence sandwich; asymptotic Bonferroni bounds,1.1102230246251565e-16,0.02275561392486991,7.997718545538213e-05
204,1.0,test,state_CO,mlp_stronger,mlp_stronger:C5:E2,mlp_stronger,mlp,5.0,2.0,1.9948093103901194,0.8480875455527951,0.8355595403837431,0.012528005169051948,0.0032699300731026237,0.009071303579627717,1182,0.02445068073522571,0.8024841512701308,True,0.05,360,paired cluster influence sandwich; asymptotic Bonferroni bounds,1.1102230246251565e-16,-6.419221464182279e-05,0.01259219738369366
204,1.0,test,state_CO,mlp_stronger,mlp_stronger:C5:E8,mlp_stronger,mlp,5.0,8.0,7.995742559457445,0.8480875455527951,0.8468289572132582,0.001258588339536848,0.0009946026867620947,0.008749868496572187,1182,0.0048850650183661325,0.8149255705966966,True,0.05,360,paired cluster influence sandwich; asymptotic Bonferroni bounds,1.1102230246251565e-16,-6.419221464182279e-05,0.0013227805541785598
204,1.0,test,state_CO,mlp_stronger,logistic:C1:E2,logistic,logistic,1.0,2.0,1.9948093103901194,0.8480875455527951,0.8320826374792032,0.016004908073591895,0.003411920870949107,0.009229555556505693,1182,0.028445304257105796,0.7984302369507164,True,0.05,360,paired cluster influence sandwich; asymptotic Bonferroni bounds,0.002586630550653668,0.01522933984095054,-0.001811062318012313
204,1.0,test,state_CO,mlp_stronger,logistic:C1:E8,logistic,logistic,1.0,8.0,7.995742559457445,0.8480875455527951,0.830975584859477,0.017111960693318107,0.003486768997536911,0.009262142169765848,1182,0.029825264832076315,0.7972043684514406,True,0.05,360,paired cluster influence sandwich; asymptotic Bonferroni bounds,0.002586630550653668,0.01522933984095054,-0.000704009698286101
204,1.0,test,state_CO,mlp_stronger,logistic:C5:E2,logistic,logistic,5.0,2.0,1.9948093103901194,0.8480875455527951,0.8374726788463501,0.010614866706444959,0.0032121350177638933,0.009054278635369705,1182,0.022326812477568722,0.8044593653375314,True,0.05,360,paired cluster influence sandwich; asymptotic Bonferroni bounds,0.002586630550653668,0.0,0.00802823615579129
204,1.0,test,state_CO,mlp_stronger,logistic:C5:E8,logistic,logistic,5.0,8.0,7.995742559457445,0.8480875455527951,0.845856603011141,0.002230942541654124,0.001335283134719882,0.00878944343758875,1182,0.007099593322660904,0.8138089199809734,True,0.05,360,paired cluster influence sandwich; asymptotic Bonferroni bounds,0.002586630550653668,0.0,-0.000355688008999544
204,1.0,test,state_UT,mlp_stronger,mlp_base:C1:E2,mlp_base,mlp,1.0,2.0,1.9909995955023065,0.8934089591984328,0.8683360393886711,0.025072919809761673,0.004002756309426936,0.008213080567587626,1089,0.03967135790641431,0.8383821428783151,True,0.05,360,paired cluster influence sandwich; asymptotic Bonferroni bounds,-0.0002646186856715138,0.02267698320329925,0.002660555292133937
204,1.0,test,state_UT,mlp_stronger,mlp_base:C1:E8,mlp_base,mlp,1.0,8.0,7.998197999765249,0.8934089591984328,0.870182383340278,0.023226575858154797,0.003837511746333076,0.008148169354012072,1089,0.037222351104847555,0.8404652242827941,True,0.05,360,paired cluster influence sandwich; asymptotic Bonferroni bounds,-0.0002646186856715138,0.02267698320329925,0.0008142113405270601
204,1.0,test,state_UT,mlp_stronger,mlp_base:C5:E2,mlp_base,mlp,5.0,2.0,1.9909995955023065,0.8934089591984328,0.8836731468310417,0.009735812367391072,0.0024647879091380586,0.007606463271669871,1089,0.01872513145938478,0.8559316420723291,True,0.05,360,paired cluster influence sandwich; asymptotic Bonferroni bounds,-0.0002646186856715138,0.00022271074902657784,0.009777720304036008
204,1.0,test,state_UT,mlp_stronger,mlp_base:C5:E8,mlp_base,mlp,5.0,8.0,7.998197999765249,0.8934089591984328,0.8929348008295377,0.00047415836889508345,0.0010143039275053716,0.007249603122594825,1089,0.004173422563921416,0.8664947994331869,True,0.05,360,paired cluster influence sandwich; asymptotic Bonferroni bounds,-0.0002646186856715138,0.00022271074902657784,0.0005160663055400194
204,1.0,test,state_UT,mlp_stronger,mlp_stronger:C1:E2,mlp_stronger,mlp,1.0,2.0,1.9948093103901194,0.8934089591984328,0.8713677792625162,0.02204117993591659,0.0037491314686326723,0.008084275413105527,1089,0.03571462379062935,0.841883647566423,True,0.05,360,paired cluster influence sandwich; asymptotic Bonferroni bounds,-1.1102230246251565e-16,0.022548864654127865,-0.0005076847182111655
204,1.0,test,state_UT,mlp_stronger,mlp_stronger:C1:E8,mlp_stronger,mlp,1.0,8.0,7.995742559457445,0.8934089591984328,0.8711558448400554,0.0222531143583774,0.003696752587965666,0.008097942127698612,1089,0.03573552738635999,0.8416218693184707,True,0.05,360,paired cluster influence sandwich; asymptotic Bonferroni bounds,-1.1102230246251565e-16,0.022548864654127865,-0.00029575029575035217
204,1.0,test,state_UT,mlp_stronger,mlp_stronger:C5:E2,mlp_stronger,mlp,5.0,2.0,1.9948093103901194,0.8934089591984328,0.8798415640520904,0.01356739514634242,0.0028974649443928324,0.007728512185646444,1089,0.02413472909278384,0.8516549351394904,True,0.05,360,paired cluster influence sandwich; asymptotic Bonferroni bounds,-1.1102230246251565e-16,0.0001891843997108289,0.013378210746631702
204,1.0,test,state_UT,mlp_stronger,mlp_stronger:C5:E8,mlp_stronger,mlp,5.0,8.0,7.995742559457445,0.8934089591984328,0.8922810370178791,0.0011279221805536865,0.0008956754082047758,0.007267179151993764,1089,0.0043945367307768254,0.8657769341481107,True,0.05,360,paired cluster influence sandwich; asymptotic Bonferroni bounds,-1.1102230246251565e-16,0.0001891843997108289,0.0009387377808429687
204,1.0,test,state_UT,mlp_stronger,logistic:C1:E2,logistic,logistic,1.0,2.0,1.9948093103901194,0.8934089591984328,0.8737960448486766,0.019612914349756205,0.0030764893329710357,0.007991803962228573,1089,0.0308331674979724,0.8446491654474971,True,0.05,360,paired cluster influence sandwich; asymptotic Bonferroni bounds,0.0031981742508057076,0.016300989985200576,0.00011375011374992194
204,1.0,test,state_UT,mlp_stronger,logistic:C1:E8,logistic,logistic,1.0,8.0,7.995742559457445,0.8934089591984328,0.8740103740103738,0.019398585188058926,0.0030940106842792295,0.007982537964073874,1089,0.030682740393425084,0.8448972885976385,True,0.05,360,paired cluster influence sandwich; asymptotic Bonferroni bounds,0.0031981742508057076,0.016300989985200576,-0.00010057904794735784
204,1.0,test,state_UT,mlp_stronger,logistic:C5:E2,logistic,logistic,5.0,2.0,1.9948093103901194,0.8934089591984328,0.8801157616947091,0.013293197503723708,0.002769702909709675,0.007752204953206196,1089,0.023394570994358245,0.8518427229750107,True,0.05,360,paired cluster influence sandwich; asymptotic Bonferroni bounds,0.0031981742508057076,0.0,0.010095023252918
204,1.0,test,state_UT,mlp_stronger,logistic:C5:E8,logistic,logistic,5.0,8.0,7.995742559457445,0.8934089591984328,0.8897521923837713,0.0036567668146614274,0.0012073630861124266,0.0073940695091661325,1089,0.008060136370606031,0.8627853081501013,True,0.05,360,paired cluster influence sandwich; asymptotic Bonferroni bounds,0.0031981742508057076,0.0,0.0004585925638557198
205,1.0,validation,source,mlp_stronger,mlp_base:C1:E2,mlp_base,mlp,1.0,2.0,1.9909995955023065,0.8700453605781552,0.8433063248534965,0.026739035724658633,0.00427627307456864,0.009181094032925802,1097,0.042334643047565804,0.8098227902813644,True,0.05,360,paired cluster influence sandwich; asymptotic Bonferroni bounds,,,
205,1.0,validation,source,mlp_stronger,mlp_base:C1:E8,mlp_base,mlp,1.0,8.0,7.998197999765249,0.8700453605781552,0.8434846491602741,0.026560711417881078,0.0042659701846660064,0.009177541318098816,1097,0.04211874400633825,0.810014071371866,True,0.05,360,paired cluster influence sandwich; asymptotic Bonferroni bounds,,,
205,1.0,validation,source,mlp_stronger,mlp_base:C5:E2,mlp_base,mlp,5.0,2.0,1.9909995955023065,0.8700453605781552,0.857919307717278,0.012126052860877201,0.002781293740882332,0.00870985906044603,1097,0.022269456772666868,0.8261543714337635,True,0.05,360,paired cluster influence sandwich; asymptotic Bonferroni bounds,,,
205,1.0,validation,source,mlp_stronger,mlp_base:C5:E8,mlp_base,mlp,5.0,8.0,7.998197999765249,0.8700453605781552,0.8667169961217133,0.0033283644564419124,0.001205379051250202,0.008392469135979375,1097,0.007724392967893515,0.8361095838185233,True,0.05,360,paired cluster influence sandwich; asymptotic Bonferroni bounds,,,
205,1.0,validation,source,mlp_stronger,mlp_stronger:C1:E2,mlp_stronger,mlp,1.0,2.0,1.9948093103901194,0.8700453605781552,0.8452550785054074,0.024790282072747805,0.004124205565411141,0.009130086077876515,1097,0.03983129778795411,0.8119575704155464,True,0.05,360,paired cluster influence sandwich; asymptotic Bonferroni bounds,,,
205,1.0,validation,source,mlp_stronger,mlp_stronger:C1:E8,mlp_stronger,mlp,1.0,8.0,7.995742559457445,0.8700453605781552,0.8445791546360049,0.025466205942150322,0.0041383713597257,0.009149752417876968,1097,0.04055888443980632,0.8112099232228721,True,0.05,360,paired cluster influence sandwich; asymptotic Bonferroni bounds,,,
205,1.0,validation,source,mlp_stronger,mlp_stronger:C5:E2,mlp_stronger,mlp,5.0,2.0,1.9948093103901194,0.8700453605781552,0.8617367292545831,0.008308631323572069,0.002711707753449221,0.008606120710564717,1097,0.018198254497728883,0.8303501276893767,True,0.05,360,paired cluster influence sandwich; asymptotic Bonferroni bounds,,,
205,1.0,validation,source,mlp_stronger,mlp_stronger:C5:E8,mlp_stronger,mlp,5.0,8.0,7.995742559457445,0.8700453605781552,0.8696865763441595,0.0003587842339957126,0.0008684509298165494,0.008292632659619435,1097,0.0035260327806752867,0.8394432685905765,True,0.05,360,paired cluster influence sandwich; asymptotic Bonferroni bounds,,,
205,1.0,validation,source,mlp_stronger,logistic:C1:E2,logistic,logistic,1.0,2.0,1.9948093103901194,0.8700453605781552,0.8497089149339666,0.020336445644188572,0.0037197878072504054,0.008988470710977565,1097,0.03390254606733966,0.8169278793926387,True,0.05,360,paired cluster influence sandwich; asymptotic Bonferroni bounds,,,
205,1.0,validation,source,mlp_stronger,logistic:C1:E8,logistic,logistic,1.0,8.0,7.995742559457445,0.8700453605781552,0.8493939109190001,0.020651449659155108,0.0036738519863877372,0.008992073689311942,1097,0.03405002172017001,0.8165997352824733,True,0.05,360,paired cluster influence sandwich; asymptotic Bonferroni bounds,,,
205,1.0,validation,source,mlp_stronger,logistic:C5:E2,logistic,logistic,5.0,2.0,1.9948093103901194,0.8700453605781552,0.8477318643112196,0.022313496266935573,0.0041094373906829665,0.009039668094386711,1097,0.037300652312770806,0.8147641114406459,True,0.05,360,paired cluster influence sandwich; asymptotic Bonferroni bounds,,,
205,1.0,validation,source,mlp_stronger,logistic:C5:E8,logistic,logistic,5.0,8.0,7.995742559457445,0.8700453605781552,0.8647949377253079,0.00525042285284727,0.001788400810185735,0.008466378786774958,1097,0.011772737093604504,0.8339179762443453,True,0.05,360,paired cluster influence sandwich; asymptotic Bonferroni bounds,,,
205,1.0,validation,state_OR,mlp_stronger,mlp_base:C1:E2,mlp_base,mlp,1.0,2.0,1.9909995955023065,0.8583469811114749,0.8389267387269351,0.019420242384539765,0.004349315004739499,0.009016289981482293,1209,0.035277454904798555,0.8060541539118906,True,0.05,360,paired cluster influence sandwich; asymptotic Bonferroni bounds,,,
205,1.0,validation,state_OR,mlp_stronger,mlp_base:C1:E8,mlp_base,mlp,1.0,8.0,7.998197999765249,0.8583469811114749,0.83868162463151,0.019665356479964924,0.004319539767229763,0.009016028874172532,1209,0.035414011154098854,0.8058099917903043,True,0.05,360,paired cluster influence sandwich; asymptotic Bonferroni bounds,,,
205,1.0,validation,state_OR,mlp_stronger,mlp_base:C5:E2,mlp_base,mlp,5.0,2.0,1.9909995955023065,0.8583469811114749,0.8486002838737853,0.009746697237689617,0.0032530557256400276,0.008607549373505637,1209,0.021607046723874562,0.8172179306651621,True,0.05,360,paired cluster influence sandwich; asymptotic Bonferroni bounds,,,
205,1.0,validation,state_OR,mlp_stronger,mlp_base:C5:E8,mlp_base,mlp,5.0,8.0,7.998197999765249,0.8583469811114749,0.8553357353422862,0.003011245769188653,0.001385427690006434,0.008453766935388005,1209,0.008062390900765314,0.8245140591139365,True,0.05,360,paired cluster influence sandwich; asymptotic Bonferroni bounds,,,
205,1.0,validation,state_OR,mlp_stronger,mlp_stronger:C1:E2,mlp_stronger,mlp,1.0,2.0,1.9948093103901194,0.8583469811114749,0.840184517960476,0.018162463150998898,0.004198734368976488,0.009026115564122477,1209,0.03347067217527551,0.807276109952149,True,0.05,360,paired cluster influence sandwich; asymptotic Bonferroni bounds,,,
205,1.0,validation,state_OR,mlp_stronger,mlp_stronger:C1:E8,mlp_stronger,mlp,1.0,8.0,7.995742559457445,0.8583469811114749,0.8394453542963207,0.01890162681515417,0.004190578245928957,0.00904023655059005,1209,0.03418009934612893,0.8064854624375097,True,0.05,360,paired cluster influence sandwich; asymptotic Bonferroni bounds,,,
205,1.0,validation,state_OR,mlp_stronger,mlp_stronger:C5:E2,mlp_stronger,mlp,5.0,2.0,1.9948093103901194,0.8583469811114749,0.8476667758488918,0.010680205262583065,0.0030441963014677747,0.008707045728050597,1209,0.021779072015889557,0.8159216678530686,True,0.05,360,paired cluster influence sandwich; asymptotic Bonferroni bounds,,,
205,1.0,validation,state_OR,mlp_stronger,mlp_stronger:C5:E8,mlp_stronger,mlp,5.0,8.0,7.995742559457445,0.8583469811114749,0.857974669723769,0.00037231138770588146,0.0010248672092619273,0.008444497330543959,1209,0.004108885336615407,0.8271867896435093,True,0.05,360,paired cluster influence sandwich; asymptotic Bonferroni bounds,,,
205,1.0,validation,state_OR,mlp_stronger,logistic:C1:E2,logistic,logistic,1.0,2.0,1.9948093103901194,0.8583469811114749,0.8418222513374822,0.016524729773992664,0.003704336784579662,0.008929981251386769,1209,0.03003040953636482,0.8092643404133808,True,0.05,360,paired cluster influence sandwich; asymptotic Bonferroni bounds,,,
205,1.0,validation,state_OR,mlp_stronger,logistic:C1:E8,logistic,logistic,1.0,8.0,7.995742559457445,0.8583469811114749,0.8423441423736215,0.016002838737853353,0.0036969001959484805,0.008925668045117423,1209,0.02948140536488767,0.8098019570128289,True,0.05,360,paired cluster influence sandwich; asymptotic Bonferroni bounds,,,
205,1.0,validation,state_OR,mlp_stronger,logistic:C5:E2,logistic,logistic,5.0,2.0,1.9948093103901194,0.8583469811114749,0.8231258871055792,0.03522109400589568,0.005007628124960152,0.009419098183256376,1209,0.05347845713397158,0.7887846997051909,True,0.05,360,paired cluster influence sandwich; asymptotic Bonferroni bounds,,,
205,1.0,validation,state_OR,mlp_stronger,logistic:C5:E8,logistic,logistic,5.0,8.0,7.995742559457445,0.8583469811114749,0.851356043236161,0.006990937875313907,0.0019791541537868508,0.008633860038747986,1209,0.014206756456573641,0.8198777637012444,True,0.05,360,paired cluster influence sandwich; asymptotic Bonferroni bounds,,,
205,1.0,validation,state_WA,mlp_stronger,mlp_base:C1:E2,mlp_base,mlp,1.0,2.0,1.9909995955023065,0.862810305710122,0.8425182995495495,0.020292006160572473,0.004595602255204138,0.008753617317988502,1175,0.03704859082750617,0.8106006701322718,True,0.05,360,paired cluster influence sandwich; asymptotic Bonferroni bounds,,,
205,1.0,validation,state_WA,mlp_stronger,mlp_base:C1:E8,mlp_base,mlp,1.0,8.0,7.998197999765249,0.862810305710122,0.8423878842077371,0.020422421502384824,0.004541514397026407,0.008726128280293897,1175,0.03698178984713095,0.8105704859162103,True,0.05,360,paired cluster influence sandwich; asymptotic Bonferroni bounds,,,
205,1.0,validation,state_WA,mlp_stronger,mlp_base:C5:E2,mlp_base,mlp,5.0,2.0,1.9909995955023065,0.862810305710122,0.8546810827371489,0.008129222972973027,0.003449495367629212,0.008498406264829771,1175,0.020706847836051367,0.8236940093999473,True,0.05,360,paired cluster influence sandwich; asymptotic Bonferroni bounds,,,
205,1.0,validation,state_WA,mlp_stronger,mlp_base:C5:E8,mlp_base,mlp,5.0,8.0,7.998197999765249,0.862810305710122,0.8635379405140433,-0.0007276348039213509,0.0015286563146765782,0.008142726210221652,1175,0.004846185022307952,0.8338477555101677,True,0.05,360,paired cluster influence sandwich; asymptotic Bonferroni bounds,,,
205,1.0,validation,state_WA,mlp_stronger,mlp_stronger:C1:E2,mlp_stronger,mlp,1.0,2.0,1.9948093103901194,0.862810305710122,0.8427905156995231,0.020019790010598837,0.0042742845237444035,0.008707424883756022,1175,0.035604778992528466,0.811041314138314,True,0.05,360,paired cluster influence sandwich; asymptotic Bonferroni bounds,,,
205,1.0,validation,state_WA,mlp_stronger,mlp_stronger:C1:E8,mlp_stronger,mlp,1.0,8.0,7.995742559457445,0.862810305710122,0.8426093832803392,0.020200922429782775,0.004267876166116261,0.00871200680932233,1175,0.035762545119068095,0.810843475002703,True,0.05,360,paired cluster influence sandwich; asymptotic Bonferroni bounds,,,
205,1.0,validation,state_WA,mlp_stronger,mlp_stronger:C5:E2,mlp_stronger,mlp,5.0,2.0,1.9948093103901194,0.862810305710122,0.8528687235029146,0.009941582207207311,0.002993784402396322,0.00847118325044513,1175,0.020857583859981134,0.8219809113114984,True,0.05,360,paired cluster influence sandwich; asymptotic Bonferroni bounds,,,
205,1.0,validation,state_WA,mlp_stronger,mlp_stronger:C5:E8,mlp_stronger,mlp,5.0,8.0,7.995742559457445,0.862810305710122,0.8607371157922629,0.0020731899178590973,0.0009116381811351286,0.008233280219452688,1175,0.005397224836351333,0.830716750794918,True,0.05,360,paired cluster influence sandwich; asymptotic Bonferroni bounds,,,
205,1.0,validation,state_WA,mlp_stronger,logistic:C1:E2,logistic,logistic,1.0,2.0,1.9948093103901194,0.862810305710122,0.8430140848569159,0.019796220853206092,0.00394826298208622,0.008706947229051751,1175,0.03419246301531397,0.8112666249306546,True,0.05,360,paired cluster influence sandwich; asymptotic Bonferroni bounds,,,
205,1.0,validation,state_WA,mlp_stronger,logistic:C1:E8,logistic,logistic,1.0,8.0,7.995742559457445,0.862810305710122,0.844762271462639,0.018048034247482914,0.003873173230143185,0.008654386683465062,1175,0.03217048252661764,0.8132064589382534,True,0.05,360,paired cluster influence sandwich; asymptotic Bonferroni bounds,,,
205,1.0,validation,state_WA,mlp_stronger,logistic:C5:E2,logistic,logistic,5.0,2.0,1.9948093103901194,0.862810305710122,0.8309630862480126,0.03184721946210933,0.004558916561961433,0.009090165929120023,1175,0.0484700399582664,0.7978183259817634,True,0.05,360,paired cluster influence sandwich; asymptotic Bonferroni bounds,,,
205,1.0,validation,state_WA,mlp_stronger,logistic:C5:E8,logistic,logistic,5.0,8.0,7.995742559457445,0.862810305710122,0.855674723436672,0.007135582273450014,0.002009681896629714,0.008360090171555172,1175,0.014463328014793294,0.8251919812402105,True,0.05,360,paired cluster influence sandwich; asymptotic Bonferroni bounds,,,
205,1.0,validation,proxy_0.5,mlp_stronger,mlp_base:C1:E2,mlp_base,mlp,1.0,2.0,1.9909995955023065,0.8630987211904803,0.8286629093984385,0.034435811792041804,0.004868897781174235,0.009677391933999928,1097,0.05219272688293015,0.7933693718060675,True,0.05,360,paired cluster influence sandwich; asymptotic Bonferroni bounds,,,
205,1.0,validation,proxy_0.5,mlp_stronger,mlp_base:C1:E8,mlp_base,mlp,1.0,8.0,7.998197999765249,0.8630987211904803,0.8283820753105192,0.03471664587996104,0.004852902079001747,0.009687079393025646,1097,0.05241522449757319,0.7930532074657796,True,0.05,360,paired cluster influence sandwich; asymptotic Bonferroni bounds,,,
205,1.0,validation,proxy_0.5,mlp_stronger,mlp_base:C5:E2,mlp_base,mlp,5.0,2.0,1.9909995955023065,0.8630987211904803,0.8493004775247304,0.013798243665749887,0.003125370570838603,0.008901198743407756,1097,0.025196498948192494,0.8168377236536284,True,0.05,360,paired cluster influence sandwich; asymptotic Bonferroni bounds,,,
205,1.0,validation,proxy_0.5,mlp_stronger,mlp_base:C5:E8,mlp_base,mlp,5.0,8.0,7.998197999765249,0.8630987211904803,0.8594895226461192,0.0036091985443610364,0.0013150407698179786,0.008554197002043608,1097,0.008405164354323615,0.8282922873245374,True,0.05,360,paired cluster influence sandwich; asymptotic Bonferroni bounds,,,
205,1.0,validation,proxy_0.5,mlp_stronger,mlp_stronger:C1:E2,mlp_stronger,mlp,1.0,2.0,1.9948093103901194,0.8630987211904803,0.8327611650236627,0.030337556166817548,0.0046080619209308915,0.009542240749424558,1097,0.04714320047093598,0.7979605250473019,True,0.05,360,paired cluster influence sandwich; asymptotic Bonferroni bounds,,,
205,1.0,validation,proxy_0.5,mlp_stronger,mlp_stronger:C1:E8,mlp_stronger,mlp,1.0,8.0,7.995742559457445,0.8630987211904803,0.8315620141463498,0.031536707044130474,0.00464100692718132,0.009584535311496672,1097,0.04846250208974108,0.7966071255122281,True,0.05,360,paired cluster influence sandwich; asymptotic Bonferroni bounds,,,
205,1.0,validation,proxy_0.5,mlp_stronger,mlp_stronger:C5:E2,mlp_stronger,mlp,5.0,2.0,1.9948093103901194,0.8630987211904803,0.8557222881891647,0.007376433001315519,0.0028576338313344323,0.008733845805342515,1097,0.017798249926709628,0.8238698720258958,True,0.05,360,paired cluster influence sandwich; asymptotic Bonferroni bounds,,,
205,1.0,validation,proxy_0.5,mlp_stronger,mlp_stronger:C5:E8,mlp_stronger,mlp,5.0,8.0,7.995742559457445,0.8630987211904803,0.8633656737455367,-0.00026695255505648774,0.0009126626994458934,0.008419504664850225,1097,0.0030615367230185284,0.8326596626193332,True,0.05,360,paired cluster influence sandwich; asymptotic Bonferroni bounds,,,
205,1.0,validation,proxy_0.5,mlp_stronger,logistic:C1:E2,logistic,logistic,1.0,2.0,1.9948093103901194,0.8630987211904803,0.8340927243682834,0.029005996822196844,0.004335260025542013,0.009503067048349044,1097,0.04481673009906314,0.7994349512408598,True,0.05,360,paired cluster influence sandwich; asymptotic Bonferroni bounds,,,
205,1.0,validation,proxy_0.5,mlp_stronger,logistic:C1:E8,logistic,logistic,1.0,8.0,7.995742559457445,0.8630987211904803,0.8349939561941535,0.028104764996326748,0.004238025190571302,0.00947859923540725,1097,0.043560881933715274,0.8004254174060802,True,0.05,360,paired cluster influence sandwich; asymptotic Bonferroni bounds,,,
205,1.0,validation,proxy_0.5,mlp_stronger,logistic:C5:E2,logistic,logistic,5.0,2.0,1.9948093103901194,0.8630987211904803,0.823814517093506,0.03928420409697431,0.005219886319068136,0.009702837365687828,1097,0.0583211776210783,0.7884281797772057,True,0.05,360,paired cluster influence sandwich; asymptotic Bonferroni bounds,,,
205,1.0,validation,proxy_0.5,mlp_stronger,logistic:C5:E8,logistic,logistic,5.0,8.0,7.995742559457445,0.8630987211904803,0.852461195776597,0.010637525413883298,0.002326397550297995,0.008821808721148355,1097,0.019121918725243693,0.8202879780485158,True,0.05,360,paired cluster influence sandwich; asymptotic Bonferroni bounds,,,
205,1.0,validation,proxy_0.75,mlp_stronger,mlp_base:C1:E2,mlp_base,mlp,1.0,2.0,1.9909995955023065,0.8672861389690933,0.836456322290752,0.030829816678341393,0.004578105278481734,0.00951321156916577,1097,0.04752620883129852,0.8017615520023945,True,0.05,360,paired cluster influence sandwich; asymptotic Bonferroni bounds,,,
205,1.0,validation,proxy_0.75,mlp_stronger,mlp_base:C1:E8,mlp_base,mlp,1.0,8.0,7.998197999765249,0.8672861389690933,0.8362694555022125,0.0310166834668808,0.004566657719701649,0.009521522502096829,1097,0.047671326267439966,0.8015443751648429,True,0.05,360,paired cluster influence sandwich; asymptotic Bonferroni bounds,,,
205,1.0,validation,proxy_0.75,mlp_stronger,mlp_base:C5:E2,mlp_base,mlp,5.0,2.0,1.9909995955023065,0.8672861389690933,0.854012190121474,0.013273948847619343,0.0029598233642304608,0.008884669667535306,1097,0.02406845194149873,0.8216097179424489,True,0.05,360,paired cluster influence sandwich; asymptotic Bonferroni bounds,,,
205,1.0,validation,proxy_0.75,mlp_stronger,mlp_base:C5:E8,mlp_base,mlp,5.0,8.0,7.998197999765249,0.8672861389690933,0.8640357246587278,0.003250414310365546,0.0012582570569342965,0.008548639500944654,1097,0.007839289395992204,0.8328587575948846,True,0.05,360,paired cluster influence sandwich; asymptotic Bonferroni bounds,,,
205,1.0,validation,proxy_0.75,mlp_stronger,mlp_stronger:C1:E2,mlp_stronger,mlp,1.0,2.0,1.9948093103901194,0.8672861389690933,0.8389507269651979,0.028335412003895444,0.004376920230595111,0.00942474668455262,1097,0.044298080432626535,0.8045785889265202,True,0.05,360,paired cluster influence sandwich; asymptotic Bonferroni bounds,,,
205,1.0,validation,proxy_0.75,mlp_stronger,mlp_stronger:C1:E8,mlp_stronger,mlp,1.0,8.0,7.995742559457445,0.8672861389690933,0.8382053954314808,0.029080743537612586,0.0043897948876227555,0.009452980915437016,1097,0.0450903659592059,0.8037302868924961,True,0.05,360,paired cluster influence sandwich; asymptotic Bonferroni bounds,,,
205,1.0,validation,proxy_0.75,mlp_stronger,mlp_stronger:C5:E2,mlp_stronger,mlp,5.0,2.0,1.9948093103901194,0.8672861389690933,0.8582481932651074,0.009037945703985972,0.0027936655520491194,0.008761457497744162,1097,0.019226469725147945,0.8262950770051168,True,0.05,360,paired cluster influence sandwich; asymptotic Bonferroni bounds,,,
205,1.0,validation,proxy_0.75,mlp_stronger,mlp_stronger:C5:E8,mlp_stronger,mlp,5.0,8.0,7.995742559457445,0.8672861389690933,0.8670448138593224,0.00024132510977092902,0.0008859132894382786,0.008432091884949483,1097,0.003472259042964167,0.8362928970253841,True,0.05,360,paired cluster influence sandwich; asymptotic Bonferroni bounds,,,
205,1.0,validation,proxy_0.75,mlp_stronger,logistic:C1:E2,logistic,logistic,1.0,2.0,1.9948093103901194,0.8672861389690933,0.8427756231740444,0.024510515795048926,0.004061989524550263,0.00931697834080983,1097,0.039324629035709664,0.8087965172784373,True,0.05,360,paired cluster influence sandwich; asymptotic Bonferroni bounds,,,
205,1.0,validation,proxy_0.75,mlp_stronger,logistic:C1:E8,logistic,logistic,1.0,8.0,7.995742559457445,0.8672861389690933,0.8428471664587996,0.0244389725102937,0.0039791283295072906,0.00932146804200699,1097,0.03895089020879361,0.808851686581539,True,0.05,360,paired cluster influence sandwich; asymptotic Bonferroni bounds,,,
205,1.0,validation,proxy_0.75,mlp_stronger,logistic:C5:E2,logistic,logistic,5.0,2.0,1.9948093103901194,0.8672861389690933,0.8358396618885718,0.03144647708052151,0.00485552900508771,0.009434487588698434,1097,0.049154636121784945,0.8014319986826798,True,0.05,360,paired cluster influence sandwich; asymptotic Bonferroni bounds,,,
205,1.0,validation,proxy_0.75,mlp_stronger,logistic:C5:E8,logistic,logistic,5.0,8.0,7.995742559457445,0.8672861389690933,0.8598328236319216,0.007453315337171751,0.0021445725365495734,0.008708390585364585,1097,0.015274591147274669,0.8280732428905659,True,0.05,360,paired cluster influence sandwich; asymptotic Bonferroni bounds,,,
205,1.0,test,source,mlp_stronger,mlp_base:C1:E2,mlp_base,mlp,1.0,2.0,1.9909995955023065,0.8619623728658321,0.8397193576992411,0.022243015166590996,0.004302085731181127,0.008757999331672288,1166,0.03792974121758658,0.8077850019343161,True,0.05,360,paired cluster influence sandwich; asymptotic Bonferroni bounds,0.0005693196058269567,0.020648503948808905,0.001025191611955134
205,1.0,test,source,mlp_stronger,mlp_base:C1:E8,mlp_base,mlp,1.0,8.0,7.998197999765249,0.8619623728658321,0.8405186949154659,0.02144367795036617,0.004295016909962647,0.008744908859178656,1166,0.037104628907863715,0.8086320710342636,True,0.05,360,paired cluster influence sandwich; asymptotic Bonferroni bounds,0.0005693196058269567,0.020648503948808905,0.0002258543957303072
205,1.0,test,source,mlp_stronger,mlp_base:C5:E2,mlp_base,mlp,5.0,2.0,1.9909995955023065,0.8619623728658321,0.8495122794016627,0.012450093464169365,0.0029639196045067604,0.00849824160324995,1166,0.023257454771752572,0.8185250801045545,True,0.05,360,paired cluster influence sandwich; asymptotic Bonferroni bounds,0.0005693196058269567,0.0004621168281299104,0.011418657030212498
205,1.0,test,source,mlp_stronger,mlp_base:C5:E8,mlp_base,mlp,5.0,8.0,7.998197999765249,0.8619623728658321,0.8591376317137042,0.002824741152127941,0.0012554410817008277,0.008245362179756886,1166,0.007402464970848674,0.829072508471826,True,0.05,360,paired cluster influence sandwich; asymptotic Bonferroni bounds,0.0005693196058269567,0.0004621168281299104,0.0017933047181710737
205,1.0,test,source,mlp_stronger,mlp_stronger:C1:E2,mlp_stronger,mlp,1.0,2.0,1.9948093103901194,0.8619623728658321,0.8436400651126774,0.018322307753154687,0.004021224159335683,0.008672235943652032,1166,0.03298492624072849,0.8120184290044826,True,0.05,360,paired cluster influence sandwich; asymptotic Bonferroni bounds,1.1102230246251565e-16,0.01907064558969851,-0.000748337836543933
205,1.0,test,source,mlp_stronger,mlp_stronger:C1:E8,mlp_stronger,mlp,1.0,8.0,7.995742559457445,0.8619623728658321,0.8432466413265667,0.018715731539265423,0.004055598872306631,0.008701745391262604,1166,0.033503690789239336,0.8115174047079432,True,0.05,360,paired cluster influence sandwich; asymptotic Bonferroni bounds,1.1102230246251565e-16,0.01907064558969851,-0.0003549140504331971
205,1.0,test,source,mlp_stronger,mlp_stronger:C5:E2,mlp_stronger,mlp,5.0,2.0,1.9948093103901194,0.8619623728658321,0.8578251782896682,0.004137194576163905,0.002930256750800211,0.008087133052645462,1166,0.014821810778887381,0.8283370070486056,True,0.05,360,paired cluster influence sandwich; asymptotic Bonferroni bounds,1.1102230246251565e-16,0.000604706930503407,0.003532487645660387
205,1.0,test,source,mlp_stronger,mlp_stronger:C5:E8,mlp_stronger,mlp,5.0,8.0,7.995742559457445,0.8619623728658321,0.8617625385617759,0.00019983430405623448,0.0008884686303446539,0.008188162577257989,1166,0.0034394638419114536,0.8319059826406563,True,0.05,360,paired cluster influence sandwich; asymptotic Bonferroni bounds,1.1102230246251565e-16,0.000604706930503407,-0.0004048726264472835
205,1.0,test,source,mlp_stronger,logistic:C1:E2,logistic,logistic,1.0,2.0,1.9948093103901194,0.8619623728658321,0.8429468898704824,0.01901548299534972,0.003694236855969519,0.008708869081285512,1166,0.03248580533389942,0.8111916780898458,True,0.05,360,paired cluster influence sandwich; asymptotic Bonferroni bounds,0.0029964737571763767,0.013383694353431896,0.0026353148847414465
205,1.0,test,source,mlp_stronger,logistic:C1:E8,logistic,logistic,1.0,8.0,7.995742559457445,0.8619623728658321,0.8449670897880507,0.01699528307778142,0.003640632029509611,0.008641339750203968,1166,0.030270145753220953,0.8134581106915759,True,0.05,360,paired cluster influence sandwich; asymptotic Bonferroni bounds,0.0029964737571763767,0.013383694353431896,0.0006151149671731471
205,1.0,test,source,mlp_stronger,logistic:C5:E2,logistic,logistic,5.0,2.0,1.9948093103901194,0.8619623728658321,0.8308069558990671,0.031155416966765048,0.004191147661687148,0.00912835353714134,1166,0.04643762873945019,0.7975221749390049,True,0.05,360,paired cluster influence sandwich; asymptotic Bonferroni bounds,0.0029964737571763767,0.0,0.02815894320958867
205,1.0,test,source,mlp_stronger,logistic:C5:E8,logistic,logistic,5.0,8.0,7.995742559457445,0.8619623728658321,0.8538253697975429,0.00813700306828924,0.0017813543946543218,0.008409166473070833,1166,0.014632368371250686,0.8231629657863465,True,0.05,360,paired cluster influence sandwich; asymptotic Bonferroni bounds,0.0029964737571763767,0.0,0.0051405293111128625
205,1.0,test,state_CO,mlp_stronger,mlp_base:C1:E2,mlp_base,mlp,1.0,2.0,1.9909995955023065,0.8412732271520666,0.818252172264266,0.023021054887800596,0.00465340538343569,0.009555089713693217,1194,0.03998758268079364,0.7834138803396059,True,0.05,360,paired cluster influence sandwich; asymptotic Bonferroni bounds,0.0022073007864668037,0.021047159156485362,-0.00023340505515156984
205,1.0,test,state_CO,mlp_stronger,mlp_base:C1:E8,mlp_base,mlp,1.0,8.0,7.998197999765249,0.8412732271520666,0.8182748429539496,0.02299838419811706,0.004595032658057994,0.009535061091528753,1194,0.03975208237798446,0.7835095762971541,True,0.05,360,paired cluster influence sandwich; asymptotic Bonferroni bounds,0.0022073007864668037,0.021047159156485362,-0.00025607574483510476
205,1.0,test,state_CO,mlp_stronger,mlp_base:C5:E2,mlp_base,mlp,5.0,2.0,1.9909995955023065,0.8412732271520666,0.828176781916209,0.013096445235857623,0.0037172914600823287,0.009302696417501316,1194,0.026649859064071572,0.79425872743526,True,0.05,360,paired cluster influence sandwich; asymptotic Bonferroni bounds,0.0022073007864668037,0.0003802492951475722,0.010508895154243247
205,1.0,test,state_CO,mlp_stronger,mlp_base:C5:E8,mlp_base,mlp,5.0,8.0,7.998197999765249,0.8412732271520666,0.8390875665693888,0.002185660582677884,0.0014392886816792466,0.009002642864950245,1194,0.007433372614553719,0.8062635209957372,True,0.05,360,paired cluster influence sandwich; asymptotic Bonferroni bounds,0.0022073007864668037,0.0003802492951475722,-0.00040188949893649184
205,1.0,test,state_CO,mlp_stronger,mlp_stronger:C1:E2,mlp_stronger,mlp,1.0,2.0,1.9948093103901194,0.8412732271520666,0.82087681983809,0.020396407313976628,0.0044070152594019975,0.009501571657058488,1194,0.03646458550213679,0.7862336571833947,True,0.05,360,paired cluster influence sandwich; asymptotic Bonferroni bounds,0.0,0.021908130121514824,-0.001511722807538196
205,1.0,test,state_CO,mlp_stronger,mlp_stronger:C1:E8,mlp_stronger,mlp,1.0,8.0,7.995742559457445,0.8412732271520666,0.8200117269294819,0.021261500222584773,0.004410208378980357,0.009516413175130512,1194,0.03734132067003862,0.7853144514244951,True,0.05,360,paired cluster influence sandwich; asymptotic Bonferroni bounds,0.0,0.021908130121514824,-0.0006466298989300512
205,1.0,test,state_CO,mlp_stronger,mlp_stronger:C5:E2,mlp_stronger,mlp,5.0,2.0,1.9948093103901194,0.8412732271520666,0.8315650195380127,0.009708207614053999,0.0032108305327727886,0.009170592960398013,1194,0.021415041853511365,0.7981286202733644,True,0.05,360,paired cluster influence sandwich; asymptotic Bonferroni bounds,0.0,0.0005667672420899272,0.009141440371964071
205,1.0,test,state_CO,mlp_stronger,mlp_stronger:C5:E8,mlp_stronger,mlp,5.0,8.0,7.995742559457445,0.8412732271520666,0.8415050864783763,-0.0002318593263096469,0.0009943462528701136,0.008966616536695322,1194,0.003393572361897025,0.8088123945370114,True,0.05,360,paired cluster influence sandwich; asymptotic Bonferroni bounds,0.0,0.0005667672420899272,-0.0007986265683995741
205,1.0,test,state_CO,mlp_stronger,logistic:C1:E2,logistic,logistic,1.0,2.0,1.9948093103901194,0.8412732271520666,0.8243763499365221,0.01689687721554456,0.003944493479239759,0.009380409600571616,1194,0.03127867994500927,0.7901749496535638,True,0.05,360,paired cluster influence sandwich; asymptotic Bonferroni bounds,0.001704423669848798,0.014977081993701624,0.00021537155199413682
205,1.0,test,state_CO,mlp_stronger,logistic:C1:E8,logistic,logistic,1.0,8.0,7.995742559457445,0.8412732271520666,0.8248668612224037,0.016406365929662936,0.003926514820903018,0.009376090682243456,1194,0.030722617652667553,0.7906812079122132,True,0.05,360,paired cluster influence sandwich; asymptotic Bonferroni bounds,0.001704423669848798,0.014977081993701624,-0.00027513973388748614
205,1.0,test,state_CO,mlp_stronger,logistic:C5:E2,logistic,logistic,5.0,2.0,1.9948093103901194,0.8412732271520666,0.8026743169939489,0.03859891015811778,0.00510952898730941,0.009887442187599814,1194,0.057228485367893135,0.7666242528248849,True,0.05,360,paired cluster influence sandwich; asymptotic Bonferroni bounds,0.001704423669848798,0.0,0.036894486488268985
205,1.0,test,state_CO,mlp_stronger,logistic:C5:E8,logistic,logistic,5.0,8.0,7.995742559457445,0.8412732271520666,0.8335342780828017,0.007738949069264978,0.0019781872063389327,0.009133531125150519,1194,0.01495150964599097,0.8002330079560585,True,0.05,360,paired cluster influence sandwich; asymptotic Bonferroni bounds,0.001704423669848798,0.0,0.00603452539941618
205,1.0,test,state_UT,mlp_stronger,mlp_base:C1:E2,mlp_base,mlp,1.0,2.0,1.9909995955023065,0.863746750524109,0.8377621243885396,0.0259846261355694,0.004470098972536915,0.009495943286977749,1118,0.042286122023636845,0.8031324480889706,True,0.05,360,paired cluster influence sandwich; asymptotic Bonferroni bounds,0.002060656883298484,0.021127044025157193,0.0027969252271137224
205,1.0,test,state_UT,mlp_stronger,mlp_base:C1:E8,mlp_base,mlp,1.0,8.0,7.998197999765249,0.863746750524109,0.8397187980433263,0.02402795248078271,0.004368968836919648,0.009410659008546709,1118,0.039960648371343846,0.8054001352856726,True,0.05,360,paired cluster influence sandwich; asymptotic Bonferroni bounds,0.002060656883298484,0.021127044025157193,0.0008402515723270332
205,1.0,test,state_UT,mlp_stronger,mlp_base:C5:E2,mlp_base,mlp,5.0,2.0,1.9909995955023065,0.863746750524109,0.8422244584206848,0.021522292103424157,0.003584321100975634,0.009352892272957478,1118,0.03459354534592384,0.8081164586054984,True,0.05,360,paired cluster influence sandwich; asymptotic Bonferroni bounds,0.002060656883298484,0.0008631726065686518,0.01859846261355702
205,1.0,test,state_UT,mlp_stronger,mlp_base:C5:E8,mlp_base,mlp,5.0,8.0,7.998197999765249,0.863746750524109,0.857252830188679,0.006493920335429948,0.0013084601846369067,0.008673473053653812,1118,0.01126559506804849,0.8256225271041014,True,0.05,360,paired cluster influence sandwich; asymptotic Bonferroni bounds,0.002060656883298484,0.0008631726065686518,0.003570090845562812
205,1.0,test,state_UT,mlp_stronger,mlp_stronger:C1:E2,mlp_stronger,mlp,1.0,2.0,1.9948093103901194,0.863746750524109,0.8469663172606569,0.016780433263452132,0.004079719821002579,0.009162732295825407,1118,0.03165829979283614,0.8135517902531954,True,0.05,360,paired cluster influence sandwich; asymptotic Bonferroni bounds,0.0,0.02030803633822509,-0.003527603074772956
205,1.0,test,state_UT,mlp_stronger,mlp_stronger:C1:E8,mlp_stronger,mlp,1.0,8.0,7.995742559457445,0.863746750524109,0.8445847658979734,0.01916198462613561,0.004099959364688571,0.009236559985336375,1118,0.03411366044703656,0.8109010050806158,True,0.05,360,paired cluster influence sandwich; asymptotic Bonferroni bounds,0.0,0.02030803633822509,-0.0011460517120894798
205,1.0,test,state_UT,mlp_stronger,mlp_stronger:C5:E2,mlp_stronger,mlp,5.0,2.0,1.9948093103901194,0.863746750524109,0.8579561146051711,0.005790635918937914,0.0027395031237168748,0.008658092784804174,1118,0.015781018499051974,0.8263819000749969,True,0.05,360,paired cluster influence sandwich; asymptotic Bonferroni bounds,0.0,0.0010174703004891539,0.00477316561844876
205,1.0,test,state_UT,mlp_stronger,mlp_stronger:C5:E8,mlp_stronger,mlp,5.0,8.0,7.995742559457445,0.863746750524109,0.8648167714884696,-0.0010700209643605962,0.0008832786684993987,0.008397232569144578,1118,0.0021511076216109365,0.8341938584303794,True,0.05,360,paired cluster influence sandwich; asymptotic Bonferroni bounds,0.0,0.0010174703004891539,-0.00208749126484975
205,1.0,test,state_UT,mlp_stronger,logistic:C1:E2,logistic,logistic,1.0,2.0,1.9948093103901194,0.863746750524109,0.8431882599580713,0.020558490566037646,0.0040498152824135865,0.009266553175704989,1118,0.03532730163248045,0.8093951203836733,True,0.05,360,paired cluster influence sandwich; asymptotic Bonferroni bounds,0.0043639412997904525,0.014974703004891676,0.0012198462613555172
205,1.0,test,state_UT,mlp_stronger,logistic:C1:E8,logistic,logistic,1.0,8.0,7.995742559457445,0.863746750524109,0.8442392732354996,0.019507477288609354,0.0038883992117234667,0.009238964081153066,1118,0.03368763843280454,0.8105467451943488,True,0.05,360,paired cluster influence sandwich; asymptotic Bonferroni bounds,0.0043639412997904525,0.014974703004891676,0.00016883298392722512
205,1.0,test,state_UT,mlp_stronger,logistic:C5:E2,logistic,logistic,5.0,2.0,1.9948093103901194,0.863746750524109,0.8326624737945492,0.031084276729559823,0.004459180124680944,0.009338837427747567,1118,0.047345953912377094,0.7986057289969372,True,0.05,360,paired cluster influence sandwich; asymptotic Bonferroni bounds,0.0043639412997904525,0.0,0.02672033542976937
205,1.0,test,state_UT,mlp_stronger,logistic:C5:E8,logistic,logistic,5.0,8.0,7.995742559457445,0.863746750524109,0.8543468902865128,0.009399860237596203,0.0020183209063920965,0.0087357563085262,1118,0.016760245356245745,0.8224894534786249,True,0.05,360,paired cluster influence sandwich; asymptotic Bonferroni bounds,0.0043639412997904525,0.0,0.00503591893780575
206,1.0,validation,source,mlp_stronger,mlp_base:C1:E2,mlp_base,mlp,1.0,2.0,1.9909995955023065,0.8737789555152833,0.8559292253367858,0.017849730178497447,0.003578030685408836,0.008326595532949092,1158,0.030896604967059663,0.8255672584100056,True,0.05,360,paired cluster influence sandwich; asymptotic Bonferroni bounds,,,
206,1.0,validation,source,mlp_stronger,mlp_base:C1:E8,mlp_base,mlp,1.0,8.0,7.998197999765249,0.8737789555152833,0.8545363242486881,0.0192426312665952,0.003698621504489444,0.008381141539943989,1158,0.03272922652027553,0.8239754616203195,True,0.05,360,paired cluster influence sandwich; asymptotic Bonferroni bounds,,,
206,1.0,validation,source,mlp_stronger,mlp_base:C5:E2,mlp_base,mlp,5.0,2.0,1.9909995955023065,0.8737789555152833,0.8678219677063526,0.005956987808930725,0.002801255499579119,0.00808076642749581,1158,0.016171441782961978,0.8383563881614112,True,0.05,360,paired cluster influence sandwich; asymptotic Bonferroni bounds,,,
206,1.0,validation,source,mlp_stronger,mlp_base:C5:E8,mlp_base,mlp,5.0,8.0,7.998197999765249,0.8737789555152833,0.8727247247374775,0.0010542307778057536,0.001199868243473601,0.007852986456169659,1158,0.005429411460076348,0.8440897184957092,True,0.05,360,paired cluster influence sandwich; asymptotic Bonferroni bounds,,,
206,1.0,validation,source,mlp_stronger,mlp_stronger:C1:E2,mlp_stronger,mlp,1.0,2.0,1.9948093103901194,0.8737789555152833,0.8555321635936849,0.018246791921598393,0.003691034152053036,0.00832041230551892,1158,0.03170572077274668,0.8251927430901087,True,0.05,360,paired cluster influence sandwich; asymptotic Bonferroni bounds,,,
206,1.0,validation,source,mlp_stronger,mlp_stronger:C1:E8,mlp_stronger,mlp,1.0,8.0,7.995742559457445,0.8737789555152833,0.8554833271226083,0.018295628392674956,0.003657096490142233,0.00832264300329569,1158,0.031630807487463566,0.8251357726377605,True,0.05,360,paired cluster influence sandwich; asymptotic Bonferroni bounds,,,
206,1.0,validation,source,mlp_stronger,mlp_stronger:C5:E2,mlp_stronger,mlp,5.0,2.0,1.9948093103901194,0.8737789555152833,0.8662432756956809,0.007535679819602348,0.0029950137271515004,0.008064502966611573,1158,0.018456650745737872,0.8368369989785914,True,0.05,360,paired cluster influence sandwich; asymptotic Bonferroni bounds,,,
206,1.0,validation,source,mlp_stronger,mlp_stronger:C5:E8,mlp_stronger,mlp,5.0,8.0,7.995742559457445,0.8737789555152833,0.8737417973307684,3.715818451488495e-05,0.0008706425447163187,0.00778378221178448,1158,0.0032118554594241016,0.8453591363567511,True,0.05,360,paired cluster influence sandwich; asymptotic Bonferroni bounds,,,
206,1.0,validation,source,mlp_stronger,logistic:C1:E2,logistic,logistic,1.0,2.0,1.9948093103901194,0.8737789555152833,0.8560067266930595,0.017772228822223735,0.0035441973875986214,0.008340553050953667,1158,0.030695734406040412,0.8255938652922582,True,0.05,360,paired cluster influence sandwich; asymptotic Bonferroni bounds,,,
206,1.0,validation,source,mlp_stronger,logistic:C1:E8,logistic,logistic,1.0,8.0,7.995742559457445,0.8737789555152833,0.8567360887719646,0.017042866743318674,0.0034340487191993176,0.0083288062497238,1158,0.029564727955947306,0.8263660607223241,True,0.05,360,paired cluster influence sandwich; asymptotic Bonferroni bounds,,,
206,1.0,validation,source,mlp_stronger,logistic:C5:E2,logistic,logistic,5.0,2.0,1.9948093103901194,0.8737789555152833,0.8553824691932109,0.01839648632207236,0.0038676266404007965,0.008421378505601766,1158,0.032499339243930676,0.8246748871264236,True,0.05,360,paired cluster influence sandwich; asymptotic Bonferroni bounds,,,
206,1.0,validation,source,mlp_stronger,logistic:C5:E8,logistic,logistic,5.0,8.0,7.995742559457445,0.8737789555152833,0.8696703219703605,0.004108633544922746,0.0017566562693601094,0.00791567939511673,1158,0.010514077323352888,0.8408067131825311,True,0.05,360,paired cluster influence sandwich; asymptotic Bonferroni bounds,,,
206,1.0,validation,state_OR,mlp_stronger,mlp_base:C1:E2,mlp_base,mlp,1.0,2.0,1.9909995955023065,0.8421104646135221,0.8175663914091814,0.02454407320434071,0.0044072366566831125,0.00955021398828262,1190,0.040613220027331046,0.7827455268350093,True,0.05,360,paired cluster influence sandwich; asymptotic Bonferroni bounds,,,
206,1.0,validation,state_OR,mlp_stronger,mlp_base:C1:E8,mlp_base,mlp,1.0,8.0,7.998197999765249,0.8421104646135221,0.8157369567146094,0.026373507898912685,0.004490615913361969,0.009605664701712468,1190,0.04274666233981313,0.7807139142850248,True,0.05,360,paired cluster influence sandwich; asymptotic Bonferroni bounds,,,
206,1.0,validation,state_OR,mlp_stronger,mlp_base:C5:E2,mlp_base,mlp,5.0,2.0,1.9909995955023065,0.8421104646135221,0.8317930818394073,0.01031738277411487,0.0039886526123590615,0.00938433913056857,1190,0.024860337792586475,0.7975770106200027,True,0.05,360,paired cluster influence sandwich; asymptotic Bonferroni bounds,,,
206,1.0,validation,state_OR,mlp_stronger,mlp_base:C5:E8,mlp_base,mlp,5.0,8.0,7.998197999765249,0.8421104646135221,0.8397689229694567,0.0023415416440654147,0.0015536550161844049,0.009117524640902434,1190,0.008006295437008308,0.806525679293235,True,0.05,360,paired cluster influence sandwich; asymptotic Bonferroni bounds,,,
206,1.0,validation,state_OR,mlp_stronger,mlp_stronger:C1:E2,mlp_stronger,mlp,1.0,2.0,1.9948093103901194,0.8421104646135221,0.8167566784473724,0.025353786166149694,0.0045032399009026286,0.009586181963939537,1190,0.041772968702449745,0.7818046716798533,True,0.05,360,paired cluster influence sandwich; asymptotic Bonferroni bounds,,,
206,1.0,validation,state_OR,mlp_stronger,mlp_stronger:C1:E8,mlp_stronger,mlp,1.0,8.0,7.995742559457445,0.8421104646135221,0.8171834342386171,0.024927030374905068,0.0044471457910300405,0.009563484779452456,1190,0.04114168917951925,0.7823141832698906,True,0.05,360,paired cluster influence sandwich; asymptotic Bonferroni bounds,,,
206,1.0,validation,state_OR,mlp_stronger,mlp_stronger:C5:E2,mlp_stronger,mlp,5.0,2.0,1.9948093103901194,0.8421104646135221,0.8314393237492966,0.010671140864225492,0.003359612493026601,0.009398274160565996,1190,0.02292056394363575,0.7971724442660173,True,0.05,360,paired cluster influence sandwich; asymptotic Bonferroni bounds,,,
206,1.0,validation,state_OR,mlp_stronger,mlp_stronger:C5:E8,mlp_stronger,mlp,5.0,8.0,7.995742559457445,0.8421104646135221,0.8406493875492874,0.001461077064234706,0.0009700705831099827,0.009115562046156843,1190,0.004998034083554346,0.8074132996546989,True,0.05,360,paired cluster influence sandwich; asymptotic Bonferroni bounds,,,
206,1.0,validation,state_OR,mlp_stronger,logistic:C1:E2,logistic,logistic,1.0,2.0,1.9948093103901194,0.8421104646135221,0.8164197659806005,0.025690698632921616,0.0042593785452082564,0.009627779542536807,1190,0.04122074263767398,0.7813160910250465,True,0.05,360,paired cluster influence sandwich; asymptotic Bonferroni bounds,,,
206,1.0,validation,state_OR,mlp_stronger,logistic:C1:E8,logistic,logistic,1.0,8.0,7.995742559457445,0.8421104646135221,0.8181795720987063,0.023930892514815838,0.004142619760458813,0.009565677864924136,1190,0.0390352244008038,0.7833023249602287,True,0.05,360,paired cluster influence sandwich; asymptotic Bonferroni bounds,,,
206,1.0,validation,state_OR,mlp_stronger,logistic:C5:E2,logistic,logistic,5.0,2.0,1.9948093103901194,0.8421104646135221,0.8138345243189034,0.028275940294618773,0.004734069359391189,0.00984904127124798,1190,0.045536745994925534,0.7779241109279225,True,0.05,360,paired cluster influence sandwich; asymptotic Bonferroni bounds,,,
206,1.0,validation,state_OR,mlp_stronger,logistic:C5:E8,logistic,logistic,5.0,8.0,7.995742559457445,0.8421104646135221,0.834205375101495,0.007905089512027175,0.0021564065645959304,0.009269779613828482,1190,0.015767524955335316,0.8004069972890636,True,0.05,360,paired cluster influence sandwich; asymptotic Bonferroni bounds,,,
206,1.0,validation,state_WA,mlp_stronger,mlp_base:C1:E2,mlp_base,mlp,1.0,2.0,1.9909995955023065,0.8601723635079014,0.8355152625503719,0.024657100957529487,0.004308380268390725,0.008984742496920241,1208,0.04036510747335498,0.8027576170101017,True,0.05,360,paired cluster influence sandwich; asymptotic Bonferroni bounds,,,
206,1.0,validation,state_WA,mlp_stronger,mlp_base:C1:E8,mlp_base,mlp,1.0,8.0,7.998197999765249,0.8601723635079014,0.833127600754193,0.027044762753708373,0.004350147390686164,0.009051212532601223,1208,0.042905048824330244,0.8001276108319182,True,0.05,360,paired cluster influence sandwich; asymptotic Bonferroni bounds,,,
206,1.0,validation,state_WA,mlp_stronger,mlp_base:C5:E2,mlp_base,mlp,5.0,2.0,1.9909995955023065,0.8601723635079014,0.8459942737194943,0.014178089788407067,0.004144133371781961,0.008494330726701454,1208,0.029287265383697712,0.8150246298880222,True,0.05,360,paired cluster influence sandwich; asymptotic Bonferroni bounds,,,
206,1.0,validation,state_WA,mlp_stronger,mlp_base:C5:E8,mlp_base,mlp,5.0,8.0,7.998197999765249,0.8601723635079014,0.8588332189994208,0.0013391445084806053,0.0018602378378722714,0.008172026094567008,1208,0.008121421433446031,0.8290386718275431,True,0.05,360,paired cluster influence sandwich; asymptotic Bonferroni bounds,,,
206,1.0,validation,state_WA,mlp_stronger,mlp_stronger:C1:E2,mlp_stronger,mlp,1.0,2.0,1.9948093103901194,0.8601723635079014,0.8343173238470418,0.025855039660859558,0.004232920478403247,0.009028734225795766,1208,0.041287925876487205,0.8013992880160424,True,0.05,360,paired cluster influence sandwich; asymptotic Bonferroni bounds,,,
206,1.0,validation,state_WA,mlp_stronger,mlp_stronger:C1:E8,mlp_stronger,mlp,1.0,8.0,7.995742559457445,0.8601723635079014,0.833967646925924,0.026204716581977427,0.004257927421354118,0.009038066375489297,1208,0.04172877609205521,0.8010155868308019,True,0.05,360,paired cluster influence sandwich; asymptotic Bonferroni bounds,,,
206,1.0,validation,state_WA,mlp_stronger,mlp_stronger:C5:E2,mlp_stronger,mlp,5.0,2.0,1.9948093103901194,0.8601723635079014,0.8458412579742769,0.014331105533624489,0.0030353677926710804,0.008545431646142989,1208,0.02539781137085402,0.8146853043174067,True,0.05,360,paired cluster influence sandwich; asymptotic Bonferroni bounds,,,
206,1.0,validation,state_WA,mlp_stronger,mlp_stronger:C5:E8,mlp_stronger,mlp,5.0,8.0,7.995742559457445,0.8601723635079014,0.8583710909098378,0.001801272598063619,0.0009381292225461901,0.008228189332389372,1208,0.005221615980600307,0.8283717771085759,True,0.05,360,paired cluster influence sandwich; asymptotic Bonferroni bounds,,,
206,1.0,validation,state_WA,mlp_stronger,logistic:C1:E2,logistic,logistic,1.0,2.0,1.9948093103901194,0.8601723635079014,0.8335825401846048,0.026589823323296624,0.0042416693025180835,0.009032299829732792,1208,0.042054607045096115,0.8006515044496074,True,0.05,360,paired cluster influence sandwich; asymptotic Bonferroni bounds,,,
206,1.0,validation,state_WA,mlp_stronger,logistic:C1:E8,logistic,logistic,1.0,8.0,7.995742559457445,0.8601723635079014,0.8363881711640289,0.023784192343872523,0.004085401119111975,0.008952453035387732,1208,0.038679234889116995,0.8037482503928248,True,0.05,360,paired cluster influence sandwich; asymptotic Bonferroni bounds,,,
206,1.0,validation,state_WA,mlp_stronger,logistic:C5:E2,logistic,logistic,5.0,2.0,1.9948093103901194,0.8601723635079014,0.8218013547541684,0.038371008753733005,0.004861605045017562,0.009248424448227552,1208,0.05609602812697194,0.7880823461142599,True,0.05,360,paired cluster influence sandwich; asymptotic Bonferroni bounds,,,
206,1.0,validation,state_WA,mlp_stronger,logistic:C5:E8,logistic,logistic,5.0,8.0,7.995742559457445,0.8601723635079014,0.8511906473490278,0.008981716158873554,0.0021542197524865025,0.008445423788129184,1208,0.016835827402683835,0.8203993142658892,True,0.05,360,paired cluster influence sandwich; asymptotic Bonferroni bounds,,,
206,1.0,validation,proxy_0.5,mlp_stronger,mlp_base:C1:E2,mlp_base,mlp,1.0,2.0,1.9909995955023065,0.8616515857520658,0.8390625945543088,0.022588991197757036,0.004046649922255492,0.008854474891459654,1158,0.03734463179751891,0.8067757766411913,True,0.05,360,paired cluster influence sandwich; asymptotic Bonferroni bounds,,,
206,1.0,validation,proxy_0.5,mlp_stronger,mlp_base:C1:E8,mlp_base,mlp,1.0,8.0,7.998197999765249,0.8616515857520658,0.8368798166296676,0.0247717691223982,0.004211769515684506,0.008913072012369782,1158,0.04012949920937209,0.8043793310969284,True,0.05,360,paired cluster influence sandwich; asymptotic Bonferroni bounds,,,
206,1.0,validation,proxy_0.5,mlp_stronger,mlp_base:C5:E2,mlp_base,mlp,5.0,2.0,1.9909995955023065,0.8616515857520658,0.8571692470371657,0.004482338714900114,0.003320527624130407,0.0085166680548675,1158,0.016590258392800036,0.8261142026573807,True,0.05,360,paired cluster influence sandwich; asymptotic Bonferroni bounds,,,
206,1.0,validation,proxy_0.5,mlp_stronger,mlp_base:C5:E8,mlp_base,mlp,5.0,8.0,7.998197999765249,0.8616515857520658,0.8627939345102924,-0.0011423487582266079,0.0013612253849319624,0.008249260170346646,1158,0.003821202065594915,0.8327139620327818,True,0.05,360,paired cluster influence sandwich; asymptotic Bonferroni bounds,,,
206,1.0,validation,proxy_0.5,mlp_stronger,mlp_stronger:C1:E2,mlp_stronger,mlp,1.0,2.0,1.9948093103901194,0.8616515857520658,0.8364126851671958,0.025238900584869994,0.004180852676273308,0.008899276575171715,1158,0.04048389599511209,0.8039625030995752,True,0.05,360,paired cluster influence sandwich; asymptotic Bonferroni bounds,,,
206,1.0,validation,proxy_0.5,mlp_stronger,mlp_stronger:C1:E8,mlp_stronger,mlp,1.0,8.0,7.995742559457445,0.8616515857520658,0.8363458004350691,0.025305785316996676,0.0041785084956610374,0.008911482880615851,1158,0.04054223294394144,0.8038511094873514,True,0.05,360,paired cluster influence sandwich; asymptotic Bonferroni bounds,,,
206,1.0,validation,proxy_0.5,mlp_stronger,mlp_stronger:C5:E2,mlp_stronger,mlp,5.0,2.0,1.9948093103901194,0.8616515857520658,0.8453752392721667,0.016276346479899062,0.0033836152108961755,0.008705651111130691,1158,0.028614307741456194,0.8136310900497987,True,0.05,360,paired cluster influence sandwich; asymptotic Bonferroni bounds,,,
206,1.0,validation,proxy_0.5,mlp_stronger,mlp_stronger:C5:E8,mlp_stronger,mlp,5.0,8.0,7.995742559457445,0.8616515857520658,0.8589868130911469,0.0026647726609189126,0.0010575435697944204,0.00830847244095225,1158,0.006520982892659938,0.8286909299218448,True,0.05,360,paired cluster influence sandwich; asymptotic Bonferroni bounds,,,
206,1.0,validation,proxy_0.5,mlp_stronger,logistic:C1:E2,logistic,logistic,1.0,2.0,1.9948093103901194,0.8616515857520658,0.8359264437812594,0.025725141970806442,0.003986072622494549,0.00894421416031942,1158,0.04025989445794445,0.8033124020102792,True,0.05,360,paired cluster influence sandwich; asymptotic Bonferroni bounds,,,
206,1.0,validation,proxy_0.5,mlp_stronger,logistic:C1:E8,logistic,logistic,1.0,8.0,7.995742559457445,0.8616515857520658,0.8368299184961764,0.024821667255889412,0.0038928848331308504,0.008937116869311177,1158,0.039016621254264,0.804241756175448,True,0.05,360,paired cluster influence sandwich; asymptotic Bonferroni bounds,,,
206,1.0,validation,proxy_0.5,mlp_stronger,logistic:C5:E2,logistic,logistic,5.0,2.0,1.9948093103901194,0.8616515857520658,0.8405860801194157,0.021065505632650083,0.003891214465363176,0.00889120383456788,1158,0.03525436882828098,0.8081653343661029,True,0.05,360,paired cluster influence sandwich; asymptotic Bonferroni bounds,,,
206,1.0,validation,proxy_0.5,mlp_stronger,logistic:C5:E8,logistic,logistic,5.0,8.0,7.995742559457445,0.8616515857520658,0.854482179465538,0.007169406286527846,0.0018352461726390233,0.008465379785812518,1158,0.013861419051609383,0.8236141518229797,True,0.05,360,paired cluster influence sandwich; asymptotic Bonferroni bounds,,,
206,1.0,validation,proxy_0.75,mlp_stronger,mlp_base:C1:E2,mlp_base,mlp,1.0,2.0,1.9909995955023065,0.8650011306704717,0.845287121291746,0.019714009378725694,0.0038079870991469724,0.008649148846277257,1158,0.03359939361582425,0.8137490010388385,True,0.05,360,paired cluster influence sandwich; asymptotic Bonferroni bounds,,,
206,1.0,validation,proxy_0.75,mlp_stronger,mlp_base:C1:E8,mlp_base,mlp,1.0,8.0,7.998197999765249,0.8650011306704717,0.8436755177462181,0.021325612924253612,0.003954289376925898,0.008708907584075694,1158,0.03574447148488078,0.8119194941721463,True,0.05,360,paired cluster influence sandwich; asymptotic Bonferroni bounds,,,
206,1.0,validation,proxy_0.75,mlp_stronger,mlp_base:C5:E2,mlp_base,mlp,5.0,2.0,1.9909995955023065,0.8650011306704717,0.8611037679460759,0.003897362724395781,0.0031803251601473874,0.008321143206096457,1158,0.015494050343807823,0.830761682298135,True,0.05,360,paired cluster influence sandwich; asymptotic Bonferroni bounds,,,
206,1.0,validation,proxy_0.75,mlp_stronger,mlp_base:C5:E8,mlp_base,mlp,5.0,8.0,7.998197999765249,0.8650011306704717,0.8655309002154113,-0.0005297695449396622,0.0013186002709814524,0.0081024305897983,1158,0.0042783537341074766,0.8359863248099504,True,0.05,360,paired cluster influence sandwich; asymptotic Bonferroni bounds,,,
206,1.0,validation,proxy_0.75,mlp_stronger,mlp_stronger:C1:E2,mlp_stronger,mlp,1.0,2.0,1.9948093103901194,0.8650011306704717,0.8436022630396032,0.021398867630868512,0.003949983945171148,0.008696197715405469,1158,0.03580202693289401,0.8118925845306522,True,0.05,360,paired cluster influence sandwich; asymptotic Bonferroni bounds,,,
206,1.0,validation,proxy_0.75,mlp_stronger,mlp_stronger:C1:E8,mlp_stronger,mlp,1.0,8.0,7.995742559457445,0.8650011306704717,0.843733909179027,0.021267221491444666,0.003928997160743051,0.008695138970243271,1158,0.035593854912972685,0.8120280912617753,True,0.05,360,paired cluster influence sandwich; asymptotic Bonferroni bounds,,,
206,1.0,validation,proxy_0.75,mlp_stronger,mlp_stronger:C5:E2,mlp_stronger,mlp,5.0,2.0,1.9948093103901194,0.8650011306704717,0.8505264253083333,0.014474705362138351,0.0032444733819882673,0.008513194898845396,1158,0.026305302048255687,0.8194840453900148,True,0.05,360,paired cluster influence sandwich; asymptotic Bonferroni bounds,,,
206,1.0,validation,proxy_0.75,mlp_stronger,mlp_stronger:C5:E8,mlp_stronger,mlp,5.0,8.0,7.995742559457445,0.8650011306704717,0.8629616771718163,0.002039453498655419,0.0009843439099068143,0.008140870268120362,1158,0.005628749642428019,0.8332769359281958,True,0.05,360,paired cluster influence sandwich; asymptotic Bonferroni bounds,,,
206,1.0,validation,proxy_0.75,mlp_stronger,logistic:C1:E2,logistic,logistic,1.0,2.0,1.9948093103901194,0.8650011306704717,0.8433145525252171,0.021686578145254543,0.003766133685431534,0.008719799726088568,1158,0.03541934875317266,0.8115188120159047,True,0.05,360,paired cluster influence sandwich; asymptotic Bonferroni bounds,,,
206,1.0,validation,proxy_0.75,mlp_stronger,logistic:C1:E8,logistic,logistic,1.0,8.0,7.995742559457445,0.8650011306704717,0.8441256626100547,0.020875468060416957,0.0036677942869274226,0.00871272531099118,1158,0.03424965543306607,0.8123557181366328,True,0.05,360,paired cluster influence sandwich; asymptotic Bonferroni bounds,,,
206,1.0,validation,proxy_0.75,mlp_stronger,logistic:C5:E2,logistic,logistic,5.0,2.0,1.9948093103901194,0.8650011306704717,0.845628976589282,0.01937215408118964,0.0038187455441363997,0.008670361797989409,1158,0.033296767742806294,0.8140135057630514,True,0.05,360,paired cluster influence sandwich; asymptotic Bonferroni bounds,,,
206,1.0,validation,proxy_0.75,mlp_stronger,logistic:C5:E8,logistic,logistic,5.0,8.0,7.995742559457445,0.8650011306704717,0.8591980839116738,0.005803046758797836,0.001775387263506962,0.008263483573509794,1158,0.012276790939540306,0.8290662474406839,True,0.05,360,paired cluster influence sandwich; asymptotic Bonferroni bounds,,,
206,1.0,test,source,mlp_stronger,mlp_base:C1:E2,mlp_base,mlp,1.0,2.0,1.9909995955023065,0.8660132110106984,0.843825794072696,0.022187416938002413,0.003713479427935501,0.008835660840816939,1164,0.03572797480575212,0.8116080911779731,True,0.05,360,paired cluster influence sandwich; asymptotic Bonferroni bounds,0.00046722373579632936,0.02593714698651073,-0.0042169537843046445
206,1.0,test,source,mlp_stronger,mlp_base:C1:E8,mlp_base,mlp,1.0,8.0,7.998197999765249,0.8660132110106984,0.8412856543624161,0.0247275566482823,0.003863174906404794,0.008934274773102518,1164,0.03881395308282349,0.8087083728884679,True,0.05,360,paired cluster influence sandwich; asymptotic Bonferroni bounds,0.00046722373579632936,0.02593714698651073,-0.0016768140740247572
206,1.0,test,source,mlp_stronger,mlp_base:C5:E2,mlp_base,mlp,5.0,2.0,1.9909995955023065,0.8660132110106984,0.8604615547544687,0.0055516562562296645,0.002831331122668932,0.008349983781030683,1164,0.015875613518751306,0.8300147889177518,True,0.05,360,paired cluster influence sandwich; asymptotic Bonferroni bounds,0.00046722373579632936,0.0005471709083660903,0.004537261612067245
206,1.0,test,source,mlp_stronger,mlp_base:C5:E8,mlp_base,mlp,5.0,8.0,7.998197999765249,0.8660132110106984,0.8652293134095288,0.000783897601169592,0.0012303261991420933,0.00827807060433135,1164,0.005270068433400043,0.8350447664835257,True,0.05,360,paired cluster influence sandwich; asymptotic Bonferroni bounds,0.00046722373579632936,0.0005471709083660903,-0.0002304970429928277
206,1.0,test,source,mlp_stronger,mlp_stronger:C1:E2,mlp_stronger,mlp,1.0,2.0,1.9948093103901194,0.8660132110106984,0.8407519810286399,0.025261229982058486,0.003825825222652807,0.008928450204249861,1164,0.039211437280776966,0.8081959378335444,True,0.05,360,paired cluster influence sandwich; asymptotic Bonferroni bounds,2.220446049250313e-16,0.025097182537045404,0.0001640474450128604
206,1.0,test,source,mlp_stronger,mlp_stronger:C1:E8,mlp_stronger,mlp,1.0,8.0,7.995742559457445,0.8660132110106984,0.8410302387201807,0.024982972290517713,0.00382377321425835,0.008941045050117124,1164,0.0389256972969684,0.8084282706067947,True,0.05,360,paired cluster influence sandwich; asymptotic Bonferroni bounds,2.220446049250313e-16,0.025097182537045404,-0.00011421024652791267
206,1.0,test,source,mlp_stronger,mlp_stronger:C5:E2,mlp_stronger,mlp,5.0,2.0,1.9948093103901194,0.8660132110106984,0.8551061324672735,0.010907078543424875,0.002976606337081983,0.008581738033264182,1164,0.02176075664746018,0.8238143149951934,True,0.05,360,paired cluster influence sandwich; asymptotic Bonferroni bounds,2.220446049250313e-16,0.00039765931291091405,0.010509419230513739
206,1.0,test,source,mlp_stronger,mlp_stronger:C5:E8,mlp_stronger,mlp,5.0,8.0,7.995742559457445,0.8660132110106984,0.8648524195959866,0.0011607914147118148,0.0008159062702451918,0.00828708380638696,1164,0.004135851942529755,0.83463500759388,True,0.05,360,paired cluster influence sandwich; asymptotic Bonferroni bounds,2.220446049250313e-16,0.00039765931291091405,0.0007631321018006787
206,1.0,test,source,mlp_stronger,logistic:C1:E2,logistic,logistic,1.0,2.0,1.9948093103901194,0.8660132110106984,0.8407852058276297,0.02522800518306867,0.0037863717606810487,0.008942337221405335,1164,0.03903435228401876,0.8081785260360339,True,0.05,360,paired cluster influence sandwich; asymptotic Bonferroni bounds,0.00438359691673873,0.019079340819987967,0.0017650674463419724
206,1.0,test,source,mlp_stronger,logistic:C1:E8,logistic,logistic,1.0,8.0,7.995742559457445,0.8660132110106984,0.8421121212372914,0.02390108977340699,0.0036708505454353165,0.008923702525373329,1164,0.03728620882386072,0.8095733896287585,True,0.05,360,paired cluster influence sandwich; asymptotic Bonferroni bounds,0.00438359691673873,0.019079340819987967,0.0004381520366802949
206,1.0,test,source,mlp_stronger,logistic:C5:E2,logistic,logistic,5.0,2.0,1.9948093103901194,0.8660132110106984,0.8422481352581568,0.02376507575254161,0.003943406319751005,0.008852865067191592,1164,0.038144022103221605,0.8099677001395675,True,0.05,360,paired cluster influence sandwich; asymptotic Bonferroni bounds,0.00438359691673873,-1.1102230246251565e-16,0.01938147883580299
206,1.0,test,source,mlp_stronger,logistic:C5:E8,logistic,logistic,5.0,8.0,7.995742559457445,0.8660132110106984,0.8591605962190179,0.0068526147916805336,0.0018030915989546248,0.008407051255746683,1164,0.013427275190451567,0.8285057437458313,True,0.05,360,paired cluster influence sandwich; asymptotic Bonferroni bounds,0.00438359691673873,-1.1102230246251565e-16,0.0024690178749419145
206,1.0,test,state_CO,mlp_stronger,mlp_base:C1:E2,mlp_base,mlp,1.0,2.0,1.9909995955023065,0.8460925632388879,0.8266766354600092,0.019415927778878683,0.004150062897884483,0.00937368931064344,1176,0.03454793809714887,0.7924981743477161,True,0.05,360,paired cluster influence sandwich; asymptotic Bonferroni bounds,0.0016841688131564725,0.01901294498381878,-0.0012811860180965695
206,1.0,test,state_CO,mlp_stronger,mlp_base:C1:E8,mlp_base,mlp,1.0,8.0,7.998197999765249,0.8460925632388879,0.8259475513506374,0.020145011888250575,0.004247611848852587,0.009366122498288366,1176,0.03563270638984682,0.7917966804425052,True,0.05,360,paired cluster influence sandwich; asymptotic Bonferroni bounds,0.0016841688131564725,0.01901294498381878,-0.0005521019087246781
206,1.0,test,state_CO,mlp_stronger,mlp_base:C5:E2,mlp_base,mlp,5.0,2.0,1.9909995955023065,0.8460925632388879,0.8297235156198401,0.016369047619047783,0.0034673119299183227,0.009527426874392824,1176,0.029011602970903036,0.7949844947140684,True,0.05,360,paired cluster influence sandwich; asymptotic Bonferroni bounds,0.0016841688131564725,-0.00028895053166899665,0.014973829337560307
206,1.0,test,state_CO,mlp_stronger,mlp_base:C5:E8,mlp_base,mlp,5.0,8.0,7.998197999765249,0.8460925632388879,0.8414125965920349,0.0046799666468529955,0.0015529859636216699,0.009153881520671635,1176,0.010342483144526089,0.8080356013436892,True,0.05,360,paired cluster influence sandwich; asymptotic Bonferroni bounds,0.0016841688131564725,-0.00028895053166899665,0.0032847483653655196
206,1.0,test,state_CO,mlp_stronger,mlp_stronger:C1:E2,mlp_stronger,mlp,1.0,2.0,1.9948093103901194,0.8460925632388879,0.826486237698963,0.019606325539924918,0.0041852676181711405,0.009335685074158039,1176,0.034866699741764456,0.7924463481005928,True,0.05,360,paired cluster influence sandwich; asymptotic Bonferroni bounds,0.0,0.019074862954890803,0.0005314625850341148
206,1.0,test,state_CO,mlp_stronger,mlp_stronger:C1:E8,mlp_stronger,mlp,1.0,8.0,7.995742559457445,0.8460925632388879,0.827081682187438,0.01901088105144988,0.004184538492328757,0.009338909859498545,1176,0.03426859670568623,0.7930300343371455,True,0.05,360,paired cluster influence sandwich; asymptotic Bonferroni bounds,0.0,0.019074862954890803,-6.398190344092392e-05
206,1.0,test,state_CO,mlp_stronger,mlp_stronger:C5:E2,mlp_stronger,mlp,5.0,2.0,1.9948093103901194,0.8460925632388879,0.8362058112079784,0.009886752030909496,0.0031997968544744113,0.0091413202325645,1176,0.021553890628485287,0.8028746170826337,True,0.05,360,paired cluster influence sandwich; asymptotic Bonferroni bounds,0.0,-0.0003942110824910472,0.010280963113400543
206,1.0,test,state_CO,mlp_stronger,mlp_stronger:C5:E8,mlp_stronger,mlp,5.0,8.0,7.995742559457445,0.8460925632388879,0.844878971005878,0.0012135922330098747,0.0009384576981454378,0.008976797984797388,1176,0.004635408220144857,0.8121476599213582,True,0.05,360,paired cluster influence sandwich; asymptotic Bonferroni bounds,0.0,-0.0003942110824910472,0.001607803315500922
206,1.0,test,state_CO,mlp_stronger,logistic:C1:E2,logistic,logistic,1.0,2.0,1.9948093103901194,0.8460925632388879,0.8311115101380357,0.014981053100852182,0.004037044099167908,0.009140725667256858,1176,0.029700972886901888,0.7977824839240195,True,0.05,360,paired cluster influence sandwich; asymptotic Bonferroni bounds,0.002285805098738658,0.015045035004293106,-0.002349787002179582
206,1.0,test,state_CO,mlp_stronger,logistic:C1:E8,logistic,logistic,1.0,8.0,7.995742559457445,0.8460925632388879,0.8297224836536556,0.01637007958523229,0.003933555985335613,0.009231231494867499,1176,0.03071265973936295,0.7960634539792182,True,0.05,360,paired cluster influence sandwich; asymptotic Bonferroni bounds,0.002285805098738658,0.015045035004293106,-0.0009607605177994749
206,1.0,test,state_CO,mlp_stronger,logistic:C5:E2,logistic,logistic,5.0,2.0,1.9948093103901194,0.8460925632388879,0.8402660821610197,0.005826481077868206,0.0044872353988113295,0.008876958712724902,1176,0.022187893910896143,0.8078988062567714,True,0.05,360,paired cluster influence sandwich; asymptotic Bonferroni bounds,0.002285805098738658,0.0,0.0035406759791295483
206,1.0,test,state_CO,mlp_stronger,logistic:C5:E8,logistic,logistic,5.0,8.0,7.995742559457445,0.8460925632388879,0.8472834522158378,-0.0011908889769498554,0.0020251200597447816,0.008779066520299526,1176,0.006193128661774367,0.8152731120261334,True,0.05,360,paired cluster influence sandwich; asymptotic Bonferroni bounds,0.002285805098738658,0.0,-0.0034766940756885134
206,1.0,test,state_UT,mlp_stronger,mlp_base:C1:E2,mlp_base,mlp,1.0,2.0,1.9909995955023065,0.882940530322084,0.8562548035361044,0.02668572678597958,0.003954493893802413,0.008898023039649301,1114,0.04110708642002963,0.8238052426737258,True,0.05,360,paired cluster influence sandwich; asymptotic Bonferroni bounds,0.000997263812249849,0.028617669526074585,-0.002929206552344854
206,1.0,test,state_UT,mlp_stronger,mlp_base:C1:E8,mlp_base,mlp,1.0,8.0,7.998197999765249,0.882940530322084,0.8545141248819953,0.028426405440088676,0.004108657230534065,0.008992110432832543,1114,0.04340997226957191,0.8217214434659974,True,0.05,360,paired cluster influence sandwich; asymptotic Bonferroni bounds,0.000997263812249849,0.028617669526074585,-0.0011885278982357583
206,1.0,test,state_UT,mlp_stronger,mlp_base:C5:E2,mlp_base,mlp,5.0,2.0,1.9909995955023065,0.882940530322084,0.8725257036705156,0.010414826651568343,0.002866209018501885,0.008123616154764689,1114,0.020867398371796315,0.8429002716321841,True,0.05,360,paired cluster influence sandwich; asymptotic Bonferroni bounds,0.000997263812249849,0.0004556413546880078,0.008961921484630486
206,1.0,test,state_UT,mlp_stronger,mlp_base:C5:E8,mlp_base,mlp,5.0,8.0,7.998197999765249,0.882940530322084,0.8808348706598553,0.0021056596622286428,0.001243307392871793,0.007889875989300481,1114,0.0066397880563520825,0.8520618488357271,True,0.05,360,paired cluster influence sandwich; asymptotic Bonferroni bounds,0.000997263812249849,0.0004556413546880078,0.000652754495290786
206,1.0,test,state_UT,mlp_stronger,mlp_stronger:C1:E2,mlp_stronger,mlp,1.0,2.0,1.9948093103901194,0.882940530322084,0.8560220111623357,0.0269185191597483,0.00408807567297799,0.00888794309502064,1114,0.04182702858585301,0.8236092101257364,True,0.05,360,paired cluster influence sandwich; asymptotic Bonferroni bounds,-1.1102230246251565e-16,0.028324631889747653,-0.0014061127299992426
206,1.0,test,state_UT,mlp_stronger,mlp_stronger:C1:E8,mlp_stronger,mlp,1.0,8.0,7.995742559457445,0.882940530322084,0.8551949548394493,0.027745575482634677,0.00406632127098535,0.008919788109863621,1114,0.04257475034325902,0.8226660205064193,True,0.05,360,paired cluster influence sandwich; asymptotic Bonferroni bounds,-1.1102230246251565e-16,0.028324631889747653,-0.0005790564071128657
206,1.0,test,state_UT,mlp_stronger,mlp_stronger:C5:E2,mlp_stronger,mlp,5.0,2.0,1.9948093103901194,0.882940530322084,0.8797141917951801,0.0032263385269039047,0.002944488139711363,0.007875001436975415,1114,0.013964380749581888,0.850995414907126,True,0.05,360,paired cluster influence sandwich; asymptotic Bonferroni bounds,-1.1102230246251565e-16,0.000235131995615534,0.0029912065312884817
206,1.0,test,state_UT,mlp_stronger,mlp_stronger:C5:E8,mlp_stronger,mlp,5.0,8.0,7.995742559457445,0.882940530322084,0.8833569830108361,-0.0004164526887521225,0.000829286902002954,0.0077468069260448365,1114,0.00260781412636042,0.8551057094733723,True,0.05,360,paired cluster influence sandwich; asymptotic Bonferroni bounds,-1.1102230246251565e-16,0.000235131995615534,-0.0006515846843675455
206,1.0,test,state_UT,mlp_stronger,logistic:C1:E2,logistic,logistic,1.0,2.0,1.9948093103901194,0.882940530322084,0.8569192561406299,0.026021274181454057,0.003839116701103424,0.0088274694625894,1114,0.04002187302179371,0.8247269920488556,True,0.05,360,paired cluster influence sandwich; asymptotic Bonferroni bounds,0.004479206025929883,0.019849351749276822,0.001692716406247352
206,1.0,test,state_UT,mlp_stronger,logistic:C1:E8,logistic,logistic,1.0,8.0,7.995742559457445,0.882940530322084,0.8582937839756961,0.02464674634638786,0.003731295803489044,0.008805314442921985,1114,0.03825414090260914,0.8261823154332142,True,0.05,360,paired cluster influence sandwich; asymptotic Bonferroni bounds,0.004479206025929883,0.019849351749276822,0.00031818857118115496
206,1.0,test,state_UT,mlp_stronger,logistic:C5:E2,logistic,logistic,5.0,2.0,1.9948093103901194,0.882940530322084,0.8551434831588169,0.02779704716326703,0.004584651921550039,0.008855090429328128,1114,0.044516484829167056,0.8228504901481275,True,0.05,360,paired cluster influence sandwich; asymptotic Bonferroni bounds,0.004479206025929883,0.0,0.023317841137337147
206,1.0,test,state_UT,mlp_stronger,logistic:C5:E8,logistic,logistic,5.0,8.0,7.995742559457445,0.882940530322084,0.8762737778692828,0.006666752452801128,0.001983837602237489,0.008107770062154906,1114,0.013901467257205338,0.8467061338074806,True,0.05,360,paired cluster influence sandwich; asymptotic Bonferroni bounds,0.004479206025929883,0.0,0.0021875464268712452
207,1.0,validation,source,mlp_base,mlp_base:C1:E2,mlp_base,mlp,1.0,2.0,1.9909995955023065,0.8512042770530804,0.827931217543761,0.02327305950931946,0.003876242967316025,0.00930571689425699,1175,0.037406700730746714,0.7940005106709996,True,0.05,360,paired cluster influence sandwich; asymptotic Bonferroni bounds,,,
207,1.0,validation,source,mlp_base,mlp_base:C1:E8,mlp_base,mlp,1.0,8.0,7.998197999765249,0.8512042770530804,0.827495251832777,0.023709025220303492,0.0038360486506924473,0.009325327820008038,1175,0.037696109052246095,0.7934930391769874,True,0.05,360,paired cluster influence sandwich; asymptotic Bonferroni bounds,,,
207,1.0,validation,source,mlp_base,mlp_base:C5:E2,mlp_base,mlp,5.0,2.0,1.9909995955023065,0.8512042770530804,0.8402383835476136,0.01096589350546684,0.0030870870049992407,0.009064372766174783,1175,0.022222097132506516,0.8071876708718038,True,0.05,360,paired cluster influence sandwich; asymptotic Bonferroni bounds,,,
207,1.0,validation,source,mlp_base,mlp_base:C5:E8,mlp_base,mlp,5.0,8.0,7.998197999765249,0.8512042770530804,0.8509925520786072,0.00021172497447319305,0.0009204929199959921,0.008719665016014427,1175,0.003568046233946662,0.8191987202815482,True,0.05,360,paired cluster influence sandwich; asymptotic Bonferroni bounds,,,
207,1.0,validation,source,mlp_base,mlp_stronger:C1:E2,mlp_stronger,mlp,1.0,2.0,1.9948093103901194,0.8512042770530804,0.8257112342523032,0.025493042800777244,0.0039898786052442676,0.009347368509343196,1175,0.04004102475109794,0.7916286563567796,True,0.05,360,paired cluster influence sandwich; asymptotic Bonferroni bounds,,,
207,1.0,validation,source,mlp_base,mlp_stronger:C1:E8,mlp_stronger,mlp,1.0,8.0,7.995742559457445,0.8512042770530804,0.8251548043317053,0.026049472721375144,0.0039536369379433445,0.009376382318671432,1175,0.04046530951794346,0.7909664356550129,True,0.05,360,paired cluster influence sandwich; asymptotic Bonferroni bounds,,,
207,1.0,validation,source,mlp_base,mlp_stronger:C5:E2,mlp_stronger,mlp,5.0,2.0,1.9948093103901194,0.8512042770530804,0.8398410081029128,0.011363268950167593,0.0033371749850503243,0.009040652018594922,1175,0.023531348796948195,0.8068767865316661,True,0.05,360,paired cluster influence sandwich; asymptotic Bonferroni bounds,,,
207,1.0,validation,source,mlp_base,mlp_stronger:C5:E8,mlp_stronger,mlp,5.0,8.0,7.995742559457445,0.8512042770530804,0.8497524486566937,0.0014518283963866896,0.0011532438417526394,0.008750278880897551,1175,0.0056568111174358565,0.8178469919211807,True,0.05,360,paired cluster influence sandwich; asymptotic Bonferroni bounds,,,
207,1.0,validation,source,mlp_base,logistic:C1:E2,logistic,logistic,1.0,2.0,1.9948093103901194,0.8512042770530804,0.8318298774185406,0.019374399634539796,0.0032760809286561054,0.009189639985524885,1175,0.031319717007162226,0.7983224126892531,True,0.05,360,paired cluster influence sandwich; asymptotic Bonferroni bounds,,,
207,1.0,validation,source,mlp_base,logistic:C1:E8,logistic,logistic,1.0,8.0,7.995742559457445,0.8512042770530804,0.8309767196396294,0.02022755741345106,0.0033109930294585098,0.00922330691842048,1175,0.03230017204560754,0.7973464978090495,True,0.05,360,paired cluster influence sandwich; asymptotic Bonferroni bounds,,,
207,1.0,validation,source,mlp_base,logistic:C5:E2,logistic,logistic,5.0,2.0,1.9948093103901194,0.8512042770530804,0.8410644238421094,0.010139853210970995,0.0029411956122069385,0.00899197955912612,1175,0.020864104475785954,0.8082776728487642,True,0.05,360,paired cluster influence sandwich; asymptotic Bonferroni bounds,,,
207,1.0,validation,source,mlp_base,logistic:C5:E8,logistic,logistic,5.0,8.0,7.995742559457445,0.8512042770530804,0.8476685742773972,0.0035357027756832693,0.0012690732160740615,0.008808603247241892,1175,0.0081630250748665,0.8155504539716878,True,0.05,360,paired cluster influence sandwich; asymptotic Bonferroni bounds,,,
207,1.0,validation,state_OR,mlp_base,mlp_base:C1:E2,mlp_base,mlp,1.0,2.0,1.9909995955023065,0.8596646758740824,0.8277531150571462,0.031911560816936135,0.004624173110986292,0.009326752956662791,1219,0.048770473211164386,0.7937494332647382,True,0.05,360,paired cluster influence sandwich; asymptotic Bonferroni bounds,,,
207,1.0,validation,state_OR,mlp_base,mlp_base:C1:E8,mlp_base,mlp,1.0,8.0,7.998197999765249,0.8596646758740824,0.8283385769388009,0.03132609893528149,0.004522797390199819,0.009308815878543908,1219,0.047815413489069813,0.7944002905417115,True,0.05,360,paired cluster influence sandwich; asymptotic Bonferroni bounds,,,
207,1.0,validation,state_OR,mlp_base,mlp_base:C5:E2,mlp_base,mlp,5.0,2.0,1.9909995955023065,0.8596646758740824,0.8452903091060985,0.01437436676798387,0.0038498222799335682,0.009025853549625653,1219,0.0284101338106465,0.8123836530134122,True,0.05,360,paired cluster influence sandwich; asymptotic Bonferroni bounds,,,
207,1.0,validation,state_OR,mlp_base,mlp_base:C5:E8,mlp_base,mlp,5.0,8.0,7.998197999765249,0.8596646758740824,0.8585170817113706,0.001147594162711707,0.0012320891484230976,0.00856189572936197,1219,0.005639571975089473,0.8273019332804238,True,0.05,360,paired cluster influence sandwich; asymptotic Bonferroni bounds,,,
207,1.0,validation,state_OR,mlp_base,mlp_stronger:C1:E2,mlp_stronger,mlp,1.0,2.0,1.9948093103901194,0.8596646758740824,0.8265255336923869,0.03313914218169545,0.004708009302767586,0.009310842757803897,1219,0.05030370641437858,0.7925798576541535,True,0.05,360,paired cluster influence sandwich; asymptotic Bonferroni bounds,,,
207,1.0,validation,state_OR,mlp_base,mlp_stronger:C1:E8,mlp_stronger,mlp,1.0,8.0,7.995742559457445,0.8596646758740824,0.8262444675518583,0.03342020832222403,0.0046692117127463025,0.009317471236148147,1219,0.050443323444855026,0.7922746252609716,True,0.05,360,paired cluster influence sandwich; asymptotic Bonferroni bounds,,,
207,1.0,validation,state_OR,mlp_base,mlp_stronger:C5:E2,mlp_stronger,mlp,5.0,2.0,1.9948093103901194,0.8596646758740824,0.8462601539309266,0.013404521943155778,0.003653964242830018,0.008834511353120005,1219,0.026726225431106462,0.8140510974416254,True,0.05,360,paired cluster influence sandwich; asymptotic Bonferroni bounds,,,
207,1.0,validation,state_OR,mlp_base,mlp_stronger:C5:E8,mlp_stronger,mlp,5.0,8.0,7.995742559457445,0.8596646758740824,0.8574205904833005,0.0022440853907818026,0.0013896719581789722,0.008526487288447787,1219,0.007310582089184574,0.8263345349277847,True,0.05,360,paired cluster influence sandwich; asymptotic Bonferroni bounds,,,
207,1.0,validation,state_OR,mlp_base,logistic:C1:E2,logistic,logistic,1.0,2.0,1.9948093103901194,0.8596646758740824,0.8355951936579037,0.02406948221617866,0.0039829415747344755,0.009150392381609385,1219,0.038590578522077125,0.8022344911427112,True,0.05,360,paired cluster influence sandwich; asymptotic Bonferroni bounds,,,
207,1.0,validation,state_OR,mlp_base,logistic:C1:E8,logistic,logistic,1.0,8.0,7.995742559457445,0.8596646758740824,0.8352719120496277,0.024392763824454655,0.0038991827514054103,0.009136357359010012,1219,0.03860849036350908,0.8019623787296133,True,0.05,360,paired cluster influence sandwich; asymptotic Bonferroni bounds,,,
207,1.0,validation,state_OR,mlp_base,logistic:C5:E2,logistic,logistic,5.0,2.0,1.9948093103901194,0.8596646758740824,0.850456149238344,0.009208526635738346,0.003549282552263866,0.008926290535250129,1219,0.022148579305655954,0.8179124821810541,True,0.05,360,paired cluster influence sandwich; asymptotic Bonferroni bounds,,,
207,1.0,validation,state_OR,mlp_base,logistic:C5:E8,logistic,logistic,5.0,8.0,7.995742559457445,0.8596646758740824,0.8583137809061662,0.001350894967916183,0.001565493832835429,0.008573491537736308,1219,0.007058406937736844,0.8270563562211019,True,0.05,360,paired cluster influence sandwich; asymptotic Bonferroni bounds,,,
207,1.0,validation,state_WA,mlp_base,mlp_base:C1:E2,mlp_base,mlp,1.0,2.0,1.9909995955023065,0.8506550995163806,0.828955315883319,0.021699783633061576,0.004174300928075247,0.008933755442850572,1175,0.0369202102588305,0.7963808629261939,True,0.05,360,paired cluster influence sandwich; asymptotic Bonferroni bounds,,,
207,1.0,validation,state_WA,mlp_base,mlp_base:C1:E8,mlp_base,mlp,1.0,8.0,7.998197999765249,0.8506550995163806,0.8289832408705977,0.021671858645782915,0.004084123551057463,0.00891378476741304,1175,0.036563478562631514,0.7964816054236141,True,0.05,360,paired cluster influence sandwich; asymptotic Bonferroni bounds,,,
207,1.0,validation,state_WA,mlp_base,mlp_base:C5:E2,mlp_base,mlp,5.0,2.0,1.9909995955023065,0.8506550995163806,0.837874763671867,0.012780335844513657,0.003749525348721538,0.00878156600213259,1175,0.026451936535264828,0.80585522715598,True,0.05,360,paired cluster influence sandwich; asymptotic Bonferroni bounds,,,
207,1.0,validation,state_WA,mlp_base,mlp_base:C5:E8,mlp_base,mlp,5.0,8.0,7.998197999765249,0.8506550995163806,0.850414117218754,0.00024098229762659074,0.001249821510038373,0.008317456370337463,1175,0.004798108608502821,0.820086827313441,True,0.05,360,paired cluster influence sandwich; asymptotic Bonferroni bounds,,,
207,1.0,validation,state_WA,mlp_base,mlp_stronger:C1:E2,mlp_stronger,mlp,1.0,2.0,1.9948093103901194,0.8506550995163806,0.8278362478745982,0.022818851641782434,0.004250878671649608,0.00888248250807075,1175,0.038318497697899884,0.7954487474048837,True,0.05,360,paired cluster influence sandwich; asymptotic Bonferroni bounds,,,
207,1.0,validation,state_WA,mlp_base,mlp_stronger:C1:E8,mlp_stronger,mlp,1.0,8.0,7.995742559457445,0.8506550995163806,0.827418407324207,0.023236692192173614,0.004199489695087286,0.00889732923927224,1175,0.03854896264681501,0.7949767723810134,True,0.05,360,paired cluster influence sandwich; asymptotic Bonferroni bounds,,,
207,1.0,validation,state_WA,mlp_base,mlp_stronger:C5:E2,mlp_stronger,mlp,5.0,2.0,1.9948093103901194,0.8506550995163806,0.8487417207584014,0.001913378757979256,0.003537650955937714,0.008355265880075494,1175,0.01481243844011357,0.8182765689982197,True,0.05,360,paired cluster influence sandwich; asymptotic Bonferroni bounds,,,
207,1.0,validation,state_WA,mlp_base,mlp_stronger:C5:E8,mlp_stronger,mlp,5.0,8.0,7.995742559457445,0.8506550995163806,0.8509726169643264,-0.00031751744794572545,0.001302121270970423,0.00825589366495722,1175,0.004430305386139378,0.8208697983312738,True,0.05,360,paired cluster influence sandwich; asymptotic Bonferroni bounds,,,
207,1.0,validation,state_WA,mlp_base,logistic:C1:E2,logistic,logistic,1.0,2.0,1.9948093103901194,0.8506550995163806,0.8338742506795082,0.016780848836872475,0.003599396729258072,0.008753170573727199,1175,0.029905047297563228,0.8019582501908503,True,0.05,360,paired cluster influence sandwich; asymptotic Bonferroni bounds,,,
207,1.0,validation,state_WA,mlp_base,logistic:C1:E8,logistic,logistic,1.0,8.0,7.995742559457445,0.8506550995163806,0.833096488070859,0.01755861144552162,0.003525809830770049,0.008757473469478607,1175,0.030414495760118624,0.80116479827034,True,0.05,360,paired cluster influence sandwich; asymptotic Bonferroni bounds,,,
207,1.0,validation,state_WA,mlp_base,logistic:C5:E2,logistic,logistic,5.0,2.0,1.9948093103901194,0.8506550995163806,0.8466876828052409,0.00396741671113976,0.003472582982608576,0.008471382477704112,1175,0.016629224136954286,0.8157991441870697,True,0.05,360,paired cluster influence sandwich; asymptotic Bonferroni bounds,,,
207,1.0,validation,state_WA,mlp_base,logistic:C5:E8,logistic,logistic,5.0,8.0,7.995742559457445,0.8506550995163806,0.8505470194730244,0.00010808004335627341,0.0015038684427187844,0.008282473347770932,1175,0.00559151779295927,0.8203472854237206,True,0.05,360,paired cluster influence sandwich; asymptotic Bonferroni bounds,,,
207,1.0,validation,proxy_0.5,mlp_base,mlp_base:C1:E2,mlp_base,mlp,1.0,2.0,1.9909995955023065,0.8357817292819812,0.8054476940229935,0.0303340352589877,0.004567574503376441,0.010002566665566632,1175,0.04698842452900845,0.768976118392528,True,0.05,360,paired cluster influence sandwich; asymptotic Bonferroni bounds,,,
207,1.0,validation,proxy_0.5,mlp_base,mlp_base:C1:E8,mlp_base,mlp,1.0,8.0,7.998197999765249,0.8357817292819812,0.8048615391675559,0.030920190114425372,0.004535834519975721,0.01004149000532137,1175,0.04745884836821665,0.7682480404110449,True,0.05,360,paired cluster influence sandwich; asymptotic Bonferroni bounds,,,
207,1.0,validation,proxy_0.5,mlp_base,mlp_base:C5:E2,mlp_base,mlp,5.0,2.0,1.9909995955023065,0.8357817292819812,0.8246041108020413,0.011177618479939921,0.003335264783286537,0.009529857040779554,1175,0.023338733307598253,0.7898561392632156,True,0.05,360,paired cluster influence sandwich; asymptotic Bonferroni bounds,,,
207,1.0,validation,proxy_0.5,mlp_base,mlp_base:C5:E8,mlp_base,mlp,5.0,8.0,7.998197999765249,0.8357817292819812,0.8362260388343236,-0.0004443095523423146,0.0010105302226344742,0.009283121934996152,1175,0.003240307673810072,0.802377718192327,True,0.05,360,paired cluster influence sandwich; asymptotic Bonferroni bounds,,,
207,1.0,validation,proxy_0.5,mlp_base,mlp_stronger:C1:E2,mlp_stronger,mlp,1.0,2.0,1.9948093103901194,0.8357817292819812,0.8011657389358056,0.034615990346175685,0.004681157139986147,0.010123943196091528,1175,0.051684527090532104,0.7642515975658842,True,0.05,360,paired cluster influence sandwich; asymptotic Bonferroni bounds,,,
207,1.0,validation,proxy_0.5,mlp_base,mlp_stronger:C1:E8,mlp_stronger,mlp,1.0,8.0,7.995742559457445,0.8357817292819812,0.8006969193494724,0.03508480993250884,0.004662371927254488,0.010153628490459454,1175,0.05208485162656626,0.7636745388150594,True,0.05,360,paired cluster influence sandwich; asymptotic Bonferroni bounds,,,
207,1.0,validation,proxy_0.5,mlp_base,mlp_stronger:C5:E2,mlp_stronger,mlp,5.0,2.0,1.9948093103901194,0.8357817292819812,0.820084356236135,0.015697373045846286,0.0036331890407443144,0.009608568489802122,1175,0.028944785765967214,0.7850493853038543,True,0.05,360,paired cluster influence sandwich; asymptotic Bonferroni bounds,,,
207,1.0,validation,proxy_0.5,mlp_base,mlp_stronger:C5:E8,mlp_stronger,mlp,5.0,8.0,7.995742559457445,0.8357817292819812,0.8313490635602546,0.004432665721726625,0.0014254283421865342,0.009397416363307242,1175,0.009630093474628319,0.7970840000935749,True,0.05,360,paired cluster influence sandwich; asymptotic Bonferroni bounds,,,
207,1.0,validation,proxy_0.5,mlp_base,logistic:C1:E2,logistic,logistic,1.0,2.0,1.9948093103901194,0.8357817292819812,0.8094902851612082,0.026291444120773,0.003923063077164243,0.009940676176282743,1175,0.040595801842719506,0.7732443759757857,True,0.05,360,paired cluster influence sandwich; asymptotic Bonferroni bounds,,,
207,1.0,validation,proxy_0.5,mlp_base,logistic:C1:E8,logistic,logistic,1.0,8.0,7.995742559457445,0.8357817292819812,0.8085223995636172,0.02725932971836409,0.00397645641361484,0.009977280004880223,1175,0.04175837138230565,0.7721430247040638,True,0.05,360,paired cluster influence sandwich; asymptotic Bonferroni bounds,,,
207,1.0,validation,proxy_0.5,mlp_base,logistic:C5:E2,logistic,logistic,5.0,2.0,1.9948093103901194,0.8357817292819812,0.8242536694649825,0.011528059816998781,0.003120823756119632,0.009581818299071513,1175,0.022907275118057013,0.7893162356586196,True,0.05,360,paired cluster influence sandwich; asymptotic Bonferroni bounds,,,
207,1.0,validation,proxy_0.5,mlp_base,logistic:C5:E8,logistic,logistic,5.0,8.0,7.995742559457445,0.8357817292819812,0.830245590540587,0.0055361387413942476,0.0014767728578969164,0.009457261377182257,1175,0.010920779981648865,0.7957623188856867,True,0.05,360,paired cluster influence sandwich; asymptotic Bonferroni bounds,,,
207,1.0,validation,proxy_0.75,mlp_base,mlp_base:C1:E2,mlp_base,mlp,1.0,2.0,1.9909995955023065,0.844024401564053,0.8177788485707521,0.02624555299330089,0.004148682639288841,0.009685146097143394,1175,0.04137256965858308,0.7824646587048589,True,0.05,360,paired cluster influence sandwich; asymptotic Bonferroni bounds,,,
207,1.0,validation,proxy_0.75,mlp_base,mlp_base:C1:E8,mlp_base,mlp,1.0,8.0,7.998197999765249,0.844024401564053,0.8174044186897876,0.02661998287426537,0.0041165359887869665,0.009718814345330196,1175,0.04162978572490923,0.7819674669267589,True,0.05,360,paired cluster influence sandwich; asymptotic Bonferroni bounds,,,
207,1.0,validation,proxy_0.75,mlp_base,mlp_base:C5:E2,mlp_base,mlp,5.0,2.0,1.9909995955023065,0.844024401564053,0.8329865424268689,0.011037859137184136,0.0031801327164499246,0.00935419486161059,1175,0.022633328056395886,0.7988790741375769,True,0.05,360,paired cluster influence sandwich; asymptotic Bonferroni bounds,,,
207,1.0,validation,proxy_0.75,mlp_base,mlp_base:C5:E8,mlp_base,mlp,5.0,8.0,7.998197999765249,0.844024401564053,0.8441985792524126,-0.00017417768835958913,0.0009517869958417729,0.009034586061598338,1175,0.003296248709540394,0.8112564755051972,True,0.05,360,paired cluster influence sandwich; asymptotic Bonferroni bounds,,,
207,1.0,validation,proxy_0.75,mlp_base,mlp_stronger:C1:E2,mlp_stronger,mlp,1.0,2.0,1.9948093103901194,0.844024401564053,0.8141576214211439,0.02986678014290911,0.004266110384167361,0.009784827265333376,1175,0.0454219643997351,0.7784799719167272,True,0.05,360,paired cluster influence sandwich; asymptotic Bonferroni bounds,,,
207,1.0,validation,proxy_0.75,mlp_base,mlp_stronger:C1:E8,mlp_stronger,mlp,1.0,8.0,7.995742559457445,0.844024401564053,0.813888532537331,0.03013586902672205,0.004228624542164295,0.009809531380910291,1175,0.04555437159299826,0.7781208063506214,True,0.05,360,paired cluster influence sandwich; asymptotic Bonferroni bounds,,,
207,1.0,validation,proxy_0.75,mlp_base,mlp_stronger:C5:E2,mlp_stronger,mlp,5.0,2.0,1.9948093103901194,0.844024401564053,0.829099876824042,0.014924524740011047,0.0035263388930009843,0.009439175538235983,1175,0.02778233813279507,0.7946825501475682,True,0.05,360,paired cluster influence sandwich; asymptotic Bonferroni bounds,,,
207,1.0,validation,proxy_0.75,mlp_base,mlp_stronger:C5:E8,mlp_stronger,mlp,5.0,8.0,7.995742559457445,0.844024401564053,0.8404355067997092,0.003588894764343764,0.0013082073719791058,0.009152911826739685,1175,0.008358908871994378,0.8070619610799808,True,0.05,360,paired cluster influence sandwich; asymptotic Bonferroni bounds,,,
207,1.0,validation,proxy_0.75,mlp_base,logistic:C1:E2,logistic,logistic,1.0,2.0,1.9948093103901194,0.844024401564053,0.821820396728797,0.022204004835255975,0.00350196739553806,0.009605397037386589,1175,0.03497295434513216,0.786796989615134,True,0.05,360,paired cluster influence sandwich; asymptotic Bonferroni bounds,,,
207,1.0,validation,proxy_0.75,mlp_base,logistic:C1:E8,logistic,logistic,1.0,8.0,7.995742559457445,0.844024401564053,0.820995399414471,0.023029002149582034,0.0035512495252912404,0.009636814085766677,1175,0.035977645230380474,0.7858574387772583,True,0.05,360,paired cluster influence sandwich; asymptotic Bonferroni bounds,,,
207,1.0,validation,proxy_0.75,mlp_base,logistic:C5:E2,logistic,logistic,5.0,2.0,1.9948093103901194,0.844024401564053,0.8327018088405086,0.011322592723544411,0.002961086136810129,0.009323175801852624,1175,0.02211936925078948,0.7987074429200159,True,0.05,360,paired cluster influence sandwich; asymptotic Bonferroni bounds,,,
207,1.0,validation,proxy_0.75,mlp_base,logistic:C5:E8,logistic,logistic,5.0,8.0,7.995742559457445,0.844024401564053,0.8393268188791927,0.004697582684860313,0.0013301942979031833,0.00918040872501243,1175,0.009547765998928908,0.8058530133723029,True,0.05,360,paired cluster influence sandwich; asymptotic Bonferroni bounds,,,
207,1.0,test,source,mlp_base,mlp_base:C1:E2,mlp_base,mlp,1.0,2.0,1.9909995955023065,0.8714377100804628,0.8513910249608811,0.02004668511958163,0.0036935764545614046,0.008715947776249514,1156,0.03351495598835041,0.8196091606966119,True,0.05,360,paired cluster influence sandwich; asymptotic Bonferroni bounds,1.1102230246251565e-16,0.020526206813431425,-0.00047952169384990473
207,1.0,test,source,mlp_base,mlp_base:C1:E8,mlp_base,mlp,1.0,8.0,7.998197999765249,0.8714377100804628,0.8511896361506821,0.020248073929780674,0.0036530105285738626,0.008727768636591814,1156,0.03356842505573002,0.8193646682574639,True,0.05,360,paired cluster influence sandwich; asymptotic Bonferroni bounds,1.1102230246251565e-16,0.020526206813431425,-0.0002781328836508612
207,1.0,test,source,mlp_base,mlp_base:C5:E2,mlp_base,mlp,5.0,2.0,1.9909995955023065,0.8714377100804628,0.8627671749630959,0.008670535117366929,0.0029920208691353828,0.008470741061707232,1156,0.019580651100145317,0.8318794333712348,True,0.05,360,paired cluster influence sandwich; asymptotic Bonferroni bounds,1.1102230246251565e-16,0.0003049160502246462,0.008365619067142172
207,1.0,test,source,mlp_base,mlp_base:C5:E8,mlp_base,mlp,5.0,8.0,7.998197999765249,0.8714377100804628,0.8718662407456433,-0.0004285306651805598,0.0009093531487272822,0.008138165609780748,1156,0.0028873380255302547,0.8421912035138931,True,0.05,360,paired cluster influence sandwich; asymptotic Bonferroni bounds,1.1102230246251565e-16,0.0003049160502246462,-0.000733446715405317
207,1.0,test,source,mlp_base,mlp_stronger:C1:E2,mlp_stronger,mlp,1.0,2.0,1.9948093103901194,0.8714377100804628,0.8501729059426697,0.02126480413779308,0.0038029881312822682,0.008774558066676595,1156,0.03513203414993168,0.8181773248982336,True,0.05,360,paired cluster influence sandwich; asymptotic Bonferroni bounds,-0.0008725131572305811,0.02201061231469381,0.00012670498032985034
207,1.0,test,source,mlp_base,mlp_stronger:C1:E8,mlp_stronger,mlp,1.0,8.0,7.995742559457445,0.8714377100804628,0.8504036532239205,0.02103405685654225,0.0037402392927460364,0.008764841820267459,1156,0.03467247927135525,0.8184435015363898,True,0.05,360,paired cluster influence sandwich; asymptotic Bonferroni bounds,-0.0008725131572305811,0.02201061231469381,-0.00010404230092098121
207,1.0,test,source,mlp_base,mlp_stronger:C5:E2,mlp_stronger,mlp,5.0,2.0,1.9948093103901194,0.8714377100804628,0.8626373796173922,0.008800330463070605,0.003167916888402368,0.008389466357777112,1156,0.020351834342206276,0.832045998407068,True,0.05,360,paired cluster influence sandwich; asymptotic Bonferroni bounds,-0.0008725131572305811,0.000496518703406279,0.009176324916894907
207,1.0,test,source,mlp_base,mlp_stronger:C5:E8,mlp_stronger,mlp,5.0,8.0,7.995742559457445,0.8714377100804628,0.8711781193890553,0.00025959069140746305,0.0010983966310963284,0.008149329750252123,1156,0.0042647882366428184,0.8414623731941265,True,0.05,360,paired cluster influence sandwich; asymptotic Bonferroni bounds,-0.0008725131572305811,0.000496518703406279,0.0006355851452317651
207,1.0,test,source,mlp_base,logistic:C1:E2,logistic,logistic,1.0,2.0,1.9948093103901194,0.8714377100804628,0.8562248714665536,0.015212838613909208,0.00322237088849956,0.008583932799791794,1156,0.026962903760753637,0.8249243871015608,True,0.05,360,paired cluster influence sandwich; asymptotic Bonferroni bounds,0.0013381282068978262,0.014215680719931623,-0.00034097031292024127
207,1.0,test,source,mlp_base,logistic:C1:E8,logistic,logistic,1.0,8.0,7.995742559457445,0.8714377100804628,0.8561537930629538,0.015283917017508974,0.0031881354531481665,0.008598173059323574,1156,0.026909145946044356,0.8248013829628436,True,0.05,360,paired cluster influence sandwich; asymptotic Bonferroni bounds,0.0013381282068978262,0.014215680719931623,-0.00026989190932047435
207,1.0,test,source,mlp_base,logistic:C5:E2,logistic,logistic,5.0,2.0,1.9948093103901194,0.8714377100804628,0.8627743858156349,0.008663324264827854,0.002788644379626534,0.008369564652223858,1156,0.018831847462742732,0.8322555742581769,True,0.05,360,paired cluster influence sandwich; asymptotic Bonferroni bounds,0.0013381282068978262,0.0,0.007325196057930028
207,1.0,test,source,mlp_base,logistic:C5:E8,logistic,logistic,5.0,8.0,7.995742559457445,0.8714377100804628,0.8707753417686573,0.0006623683118054391,0.001207566658377395,0.008157278914766213,1156,0.005065643848998017,0.8410306097107925,True,0.05,360,paired cluster influence sandwich; asymptotic Bonferroni bounds,0.0013381282068978262,0.0,-0.0006757598950923871
207,1.0,test,state_CO,mlp_base,mlp_base:C1:E2,mlp_base,mlp,1.0,2.0,1.9909995955023065,0.8472584507823315,0.8266013251779706,0.02065712560436095,0.004556103685727313,0.00954733336174688,1198,0.03726872123536352,0.7917916605830785,True,0.05,360,paired cluster influence sandwich; asymptotic Bonferroni bounds,0.0,0.020332608990342615,0.0003245166140183331
207,1.0,test,state_CO,mlp_base,mlp_base:C1:E8,mlp_base,mlp,1.0,8.0,7.998197999765249,0.8472584507823315,0.8270634532675536,0.020194997514777935,0.004461087688558695,0.009536545285569055,1198,0.03646016395269913,0.7922931220968906,True,0.05,360,paired cluster influence sandwich; asymptotic Bonferroni bounds,0.0,0.020332608990342615,-0.00013761147556468067
207,1.0,test,state_CO,mlp_base,mlp_base:C5:E2,mlp_base,mlp,5.0,2.0,1.9909995955023065,0.8472584507823315,0.8331922986867346,0.014066152095596918,0.0036641346934625767,0.009309756379662025,1198,0.027425620637984,0.799248841937373,True,0.05,360,paired cluster influence sandwich; asymptotic Bonferroni bounds,0.0,0.0008523695874531612,0.013213782508143757
207,1.0,test,state_CO,mlp_base,mlp_base:C5:E8,mlp_base,mlp,5.0,8.0,7.998197999765249,0.8472584507823315,0.8462849009402765,0.0009735498420549993,0.0010958514901592458,0.00890314343819733,1198,0.00496903437924481,0.8138239586874799,True,0.05,360,paired cluster influence sandwich; asymptotic Bonferroni bounds,0.0,0.0008523695874531612,0.00012118025460183812
207,1.0,test,state_CO,mlp_base,mlp_stronger:C1:E2,mlp_stronger,mlp,1.0,2.0,1.9948093103901194,0.8472584507823315,0.8255723199651658,0.02168613081716575,0.004569210943741335,0.009570980103771614,1198,0.038345515630544086,0.7906764391329795,True,0.05,360,paired cluster influence sandwich; asymptotic Bonferroni bounds,0.0008410731230410473,0.0248296287776405,-0.003984571083515798
207,1.0,test,state_CO,mlp_base,mlp_stronger:C1:E8,mlp_stronger,mlp,1.0,8.0,7.995742559457445,0.8472584507823315,0.822840629480075,0.02441782130225656,0.004576218959181883,0.009634730341725965,1198,0.04110275740390758,0.7877123146983288,True,0.05,360,paired cluster influence sandwich; asymptotic Bonferroni bounds,0.0008410731230410473,0.0248296287776405,-0.001252880598424988
207,1.0,test,state_CO,mlp_base,mlp_stronger:C5:E2,mlp_stronger,mlp,5.0,2.0,1.9948093103901194,0.8472584507823315,0.8433057151894315,0.003952735592899992,0.0035793040042561143,0.009041947436471184,1198,0.01700291066801778,0.8103386922917816,True,0.05,360,paired cluster influence sandwich; asymptotic Bonferroni bounds,0.0008410731230410473,0.000978684598605839,0.0021329778712531056
207,1.0,test,state_CO,mlp_base,mlp_stronger:C5:E8,mlp_stronger,mlp,5.0,8.0,7.995742559457445,0.8472584507823315,0.8488861686089739,-0.0016277178266423942,0.0012188960745923756,0.008803317413004276,1198,0.002816388388669216,0.8167891929553467,True,0.05,360,paired cluster influence sandwich; asymptotic Bonferroni bounds,0.0008410731230410473,0.000978684598605839,-0.0034474755482892805
207,1.0,test,state_CO,mlp_base,logistic:C1:E2,logistic,logistic,1.0,2.0,1.9948093103901194,0.8472584507823315,0.8295507293408205,0.017707721441511004,0.0038079790594386775,0.009424252383203583,1198,0.03159164785540754,0.7951898191173081,True,0.05,360,paired cluster influence sandwich; asymptotic Bonferroni bounds,0.001862889676674584,0.015855101277938433,-1.0269513102012517e-05
207,1.0,test,state_CO,mlp_base,logistic:C1:E8,logistic,logistic,1.0,8.0,7.995742559457445,0.8472584507823315,0.8297633082620287,0.01749514252030282,0.003781037391379337,0.009411248577988696,1198,0.031280839366503506,0.795449810031042,True,0.05,360,paired cluster influence sandwich; asymptotic Bonferroni bounds,0.001862889676674584,0.015855101277938433,-0.00022284843431019663
207,1.0,test,state_CO,mlp_base,logistic:C5:E2,logistic,logistic,5.0,2.0,1.9948093103901194,0.8472584507823315,0.8363624973812741,0.010895953401057423,0.0032014087665807097,0.009124475236458736,1198,0.02256831898979094,0.8030945773714702,True,0.05,360,paired cluster influence sandwich; asymptotic Bonferroni bounds,0.001862889676674584,0.0,0.00903306372438284
207,1.0,test,state_CO,mlp_base,logistic:C5:E8,logistic,logistic,5.0,8.0,7.995742559457445,0.8472584507823315,0.8456759188133373,0.0015825319689942718,0.0014218889137567474,0.008902696471682865,1198,0.0067667519290283955,0.8132166062045328,True,0.05,360,paired cluster influence sandwich; asymptotic Bonferroni bounds,0.001862889676674584,0.0,-0.0002803577076803121
207,1.0,test,state_UT,mlp_base,mlp_base:C1:E2,mlp_base,mlp,1.0,2.0,1.9909995955023065,0.8700639004027299,0.8469162708960655,0.02314762950666438,0.004008032289834286,0.008827612566754139,1131,0.03776353062377315,0.8147250351360462,True,0.05,360,paired cluster influence sandwich; asymptotic Bonferroni bounds,0.0,0.02150457328630473,0.001643056220359651
207,1.0,test,state_UT,mlp_base,mlp_base:C1:E8,mlp_base,mlp,1.0,8.0,7.998197999765249,0.8700639004027299,0.8481281945957934,0.02193570580693649,0.00389069150768492,0.00875354031574868,1131,0.03612370586315579,0.8162070745978062,True,0.05,360,paired cluster influence sandwich; asymptotic Bonferroni bounds,0.0,0.02150457328630473,0.00043113252063176066
207,1.0,test,state_UT,mlp_base,mlp_base:C5:E2,mlp_base,mlp,5.0,2.0,1.9909995955023065,0.8700639004027299,0.855927053735407,0.014136846667322844,0.003149721577505412,0.008688180951955376,1131,0.025622786847995967,0.8242442766271971,True,0.05,360,paired cluster influence sandwich; asymptotic Bonferroni bounds,0.0,0.001199476304119318,0.012937370363203526
207,1.0,test,state_UT,mlp_base,mlp_base:C5:E8,mlp_base,mlp,5.0,8.0,7.998197999765249,0.8700639004027299,0.8676672109573292,0.0023966894454006127,0.0009649644512870901,0.008221539695071022,1131,0.005915579509562336,0.83768611237229,True,0.05,360,paired cluster influence sandwich; asymptotic Bonferroni bounds,0.0,0.001199476304119318,0.0011972131412812947
207,1.0,test,state_UT,mlp_base,mlp_stronger:C1:E2,mlp_stronger,mlp,1.0,2.0,1.9948093103901194,0.8700639004027299,0.8455040572851779,0.024559843117551994,0.004126858498090573,0.008766765090886898,1131,0.03960906212843119,0.8135347111273848,True,0.05,360,paired cluster influence sandwich; asymptotic Bonferroni bounds,0.0014733190075126856,0.024534948326334405,-0.0014484242162950967
207,1.0,test,state_UT,mlp_base,mlp_stronger:C1:E8,mlp_stronger,mlp,1.0,8.0,7.995742559457445,0.8700639004027299,0.8443928443317388,0.025671056070991072,0.00406250990871922,0.008818561026931855,1131,0.0404856181352028,0.812234616392374,True,0.05,360,paired cluster influence sandwich; asymptotic Bonferroni bounds,0.0014733190075126856,0.024534948326334405,-0.00033721126285601866
207,1.0,test,state_UT,mlp_base,mlp_stronger:C5:E2,mlp_stronger,mlp,5.0,2.0,1.9948093103901194,0.8700639004027299,0.866406629256585,0.0036572711461448915,0.003285480123313437,0.008078346060317048,1131,0.015638275572274637,0.8369477081029679,True,0.05,360,paired cluster influence sandwich; asymptotic Bonferroni bounds,0.0014733190075126856,0.0010206864399204818,0.001163265698711724
207,1.0,test,state_UT,mlp_base,mlp_stronger:C5:E8,mlp_stronger,mlp,5.0,8.0,7.995742559457445,0.8700639004027299,0.8689900296361174,0.0010738707666124725,0.0013727148215585338,0.008091086050451356,1131,0.0060796847528861876,0.8394846501651589,True,0.05,360,paired cluster influence sandwich; asymptotic Bonferroni bounds,0.0014733190075126856,0.0010206864399204818,-0.001420134680820695
207,1.0,test,state_UT,mlp_base,logistic:C1:E2,logistic,logistic,1.0,2.0,1.9948093103901194,0.8700639004027299,0.8521090980277667,0.017954802374963164,0.0032189923123066237,0.00857823449332222,1131,0.029693348856421813,0.8208272574518384,True,0.05,360,paired cluster influence sandwich; asymptotic Bonferroni bounds,0.0035712709583024527,0.0140621622936703,0.0003213691229904114
207,1.0,test,state_UT,mlp_base,logistic:C1:E8,logistic,logistic,1.0,8.0,7.995742559457445,0.8700639004027299,0.8526120859685036,0.017451814434226276,0.0032007798531553575,0.008560698881903432,1131,0.029123946405320466,0.8213941916744391,True,0.05,360,paired cluster influence sandwich; asymptotic Bonferroni bounds,0.0035712709583024527,0.0140621622936703,-0.00018161881774647615
207,1.0,test,state_UT,mlp_base,logistic:C5:E2,logistic,logistic,5.0,2.0,1.9948093103901194,0.8700639004027299,0.8596906935349359,0.010373206867793971,0.0030526970573345126,0.008562186721700534,1131,0.021505332335858725,0.828467373606101,True,0.05,360,paired cluster influence sandwich; asymptotic Bonferroni bounds,0.0035712709583024527,0.0,0.006801935909491519
207,1.0,test,state_UT,mlp_base,logistic:C5:E8,logistic,logistic,5.0,8.0,7.995742559457445,0.8700639004027299,0.8667743932177537,0.003289507184976115,0.0012525834942024514,0.008206347521264638,1131,0.007857243961603368,0.8368486952118642,True,0.05,360,paired cluster influence sandwich; asymptotic Bonferroni bounds,0.0035712709583024527,0.0,-0.00028176377332633784
208,1.0,validation,source,mlp_stronger,mlp_base:C1:E2,mlp_base,mlp,1.0,2.0,1.9909995955023065,0.8665244938488349,0.8456689799625411,0.02085551388629381,0.003635024844712679,0.008784562654891147,1133,0.03411111262229566,0.8136349107060741,True,0.05,360,paired cluster influence sandwich; asymptotic Bonferroni bounds,,,
208,1.0,validation,source,mlp_stronger,mlp_base:C1:E8,mlp_base,mlp,1.0,8.0,7.998197999765249,0.8665244938488349,0.8452833099396398,0.02124118390919505,0.003680406114406641,0.008809696787609327,1133,0.034662271445656805,0.813157585744865,True,0.05,360,paired cluster influence sandwich; asymptotic Bonferroni bounds,,,
208,1.0,validation,source,mlp_stronger,mlp_base:C5:E2,mlp_base,mlp,5.0,2.0,1.9909995955023065,0.8665244938488349,0.8541950034547343,0.012329490394100584,0.002770017691507985,0.008489458918161634,1133,0.02243072617070456,0.8232370689942292,True,0.05,360,paired cluster influence sandwich; asymptotic Bonferroni bounds,,,
208,1.0,validation,source,mlp_stronger,mlp_base:C5:E8,mlp_base,mlp,5.0,8.0,7.998197999765249,0.8665244938488349,0.863529304403374,0.002995189445460844,0.0012182423538546904,0.008238822135496203,1133,0.007437671270417001,0.8334853501112103,True,0.05,360,paired cluster influence sandwich; asymptotic Bonferroni bounds,,,
208,1.0,validation,source,mlp_stronger,mlp_stronger:C1:E2,mlp_stronger,mlp,1.0,2.0,1.9948093103901194,0.8665244938488349,0.8456602888070954,0.02086420504173947,0.003725891494336187,0.008820900505418916,1133,0.03445116103040112,0.8134937087739207,True,0.05,360,paired cluster influence sandwich; asymptotic Bonferroni bounds,,,
208,1.0,validation,source,mlp_stronger,mlp_stronger:C1:E8,mlp_stronger,mlp,1.0,8.0,7.995742559457445,0.8665244938488349,0.845561426913901,0.020963066934933883,0.0037052284244871035,0.00881890908870359,1133,0.03447467230722441,0.813402108845093,True,0.05,360,paired cluster influence sandwich; asymptotic Bonferroni bounds,,,
208,1.0,validation,source,mlp_stronger,mlp_stronger:C5:E2,mlp_stronger,mlp,5.0,2.0,1.9948093103901194,0.8665244938488349,0.8599713626428065,0.006553131206028406,0.0025748613250229915,0.008423098938875443,1133,0.01594270348776962,0.8292554186211911,True,0.05,360,paired cluster influence sandwich; asymptotic Bonferroni bounds,,,
208,1.0,validation,source,mlp_stronger,mlp_stronger:C5:E8,mlp_stronger,mlp,5.0,8.0,7.995742559457445,0.8665244938488349,0.8658911258957321,0.0006333679531027592,0.0008276138711032616,0.008219851824030353,1133,0.003651371365005472,0.8359163493526707,True,0.05,360,paired cluster influence sandwich; asymptotic Bonferroni bounds,,,
208,1.0,validation,source,mlp_stronger,logistic:C1:E2,logistic,logistic,1.0,2.0,1.9948093103901194,0.8665244938488349,0.8512932439303144,0.01523124991852054,0.003156258975208594,0.008624063680666552,1133,0.026740965606743442,0.8198444554052723,True,0.05,360,paired cluster influence sandwich; asymptotic Bonferroni bounds,,,
208,1.0,validation,source,mlp_stronger,logistic:C1:E8,logistic,logistic,1.0,8.0,7.995742559457445,0.8665244938488349,0.8515224731551937,0.015002020693641205,0.003113061079858005,0.008613758713712122,1133,0.026354209544643147,0.8201112630547212,True,0.05,360,paired cluster influence sandwich; asymptotic Bonferroni bounds,,,
208,1.0,validation,source,mlp_stronger,logistic:C5:E2,logistic,logistic,5.0,2.0,1.9948093103901194,0.8665244938488349,0.8446629787197059,0.02186151512912904,0.00407326990726259,0.008926145778313693,1133,0.03671523243250339,0.8121126078829047,True,0.05,360,paired cluster influence sandwich; asymptotic Bonferroni bounds,,,
208,1.0,validation,source,mlp_stronger,logistic:C5:E8,logistic,logistic,5.0,8.0,7.995742559457445,0.8665244938488349,0.8625265623438308,0.003997931505004049,0.0016073783724111397,0.008317710804111757,1133,0.009859449274986156,0.8321949300905367,True,0.05,360,paired cluster influence sandwich; asymptotic Bonferroni bounds,,,
208,1.0,validation,state_OR,mlp_stronger,mlp_base:C1:E2,mlp_base,mlp,1.0,2.0,1.9909995955023065,0.8382498642929332,0.8163833735673527,0.021866490725580556,0.0042841142862286175,0.009618334161652704,1209,0.037485987272456424,0.7813157896544861,True,0.05,360,paired cluster influence sandwich; asymptotic Bonferroni bounds,,,
208,1.0,validation,state_OR,mlp_stronger,mlp_base:C1:E8,mlp_base,mlp,1.0,8.0,7.998197999765249,0.8382498642929332,0.8172627112286013,0.020987153064331965,0.0042496813725672045,0.00958895558555302,1209,0.03648111029547058,0.7823022389699257,True,0.05,360,paired cluster influence sandwich; asymptotic Bonferroni bounds,,,
208,1.0,validation,state_OR,mlp_stronger,mlp_base:C5:E2,mlp_base,mlp,5.0,2.0,1.9909995955023065,0.8382498642929332,0.8218877845986823,0.016362079694250964,0.0032839199680774834,0.009457329901561602,1209,0.028334957440880187,0.7874072077814502,True,0.05,360,paired cluster influence sandwich; asymptotic Bonferroni bounds,,,
208,1.0,validation,state_OR,mlp_stronger,mlp_base:C5:E8,mlp_base,mlp,5.0,8.0,7.998197999765249,0.8382498642929332,0.8339701267923263,0.0042797375006069505,0.0013770851326407071,0.00927152884001911,1209,0.009300466416074495,0.8001669639853828,True,0.05,360,paired cluster influence sandwich; asymptotic Bonferroni bounds,,,
208,1.0,validation,state_OR,mlp_stronger,mlp_stronger:C1:E2,mlp_stronger,mlp,1.0,2.0,1.9948093103901194,0.8382498642929332,0.8163557908301742,0.021894073462759067,0.0042800219328317825,0.00964097616471435,1209,0.0374986496560963,0.7812056562043697,True,0.05,360,paired cluster influence sandwich; asymptotic Bonferroni bounds,,,
208,1.0,validation,state_OR,mlp_stronger,mlp_stronger:C1:E8,mlp_stronger,mlp,1.0,8.0,7.995742559457445,0.8382498642929332,0.8160220397103151,0.022227824582618183,0.0043198117194346,0.009629763313911051,1209,0.037977470770106,0.7809127861331244,True,0.05,360,paired cluster influence sandwich; asymptotic Bonferroni bounds,,,
208,1.0,validation,state_OR,mlp_stronger,mlp_stronger:C5:E2,mlp_stronger,mlp,5.0,2.0,1.9948093103901194,0.8382498642929332,0.8284734389274069,0.009776425365526364,0.0030434514300092057,0.009560384013636758,1209,0.020872576384284792,0.7936171360580305,True,0.05,360,paired cluster influence sandwich; asymptotic Bonferroni bounds,,,
208,1.0,validation,state_OR,mlp_stronger,mlp_stronger:C5:E8,mlp_stronger,mlp,5.0,8.0,7.995742559457445,0.8382498642929332,0.8369479590981107,0.001301905194822539,0.0008620915029923592,0.009256182272067441,1209,0.00444501351416993,0.8032007485018489,True,0.05,360,paired cluster influence sandwich; asymptotic Bonferroni bounds,,,
208,1.0,validation,state_OR,mlp_stronger,logistic:C1:E2,logistic,logistic,1.0,2.0,1.9948093103901194,0.8382498642929332,0.8218348257432997,0.016415038549633554,0.003934144227000267,0.009471082473999267,1209,0.030758575641086187,0.7873041082801022,True,0.05,360,paired cluster influence sandwich; asymptotic Bonferroni bounds,,,
208,1.0,validation,state_OR,mlp_stronger,logistic:C1:E8,logistic,logistic,1.0,8.0,7.995742559457445,0.8382498642929332,0.8219572930963717,0.016292571196561578,0.0038604848579199104,0.009495056932487473,1209,0.030367552833110947,0.7873391669072274,True,0.05,360,paired cluster influence sandwich; asymptotic Bonferroni bounds,,,
208,1.0,validation,state_OR,mlp_stronger,logistic:C5:E2,logistic,logistic,5.0,2.0,1.9948093103901194,0.8382498642929332,0.8136151700641243,0.02463469422880893,0.004981076687782073,0.009640211989042417,1209,0.042795253197702915,0.7784678215542988,True,0.05,360,paired cluster influence sandwich; asymptotic Bonferroni bounds,,,
208,1.0,validation,state_OR,mlp_stronger,logistic:C5:E8,logistic,logistic,5.0,8.0,7.995742559457445,0.8382498642929332,0.8341411397628326,0.004108724530100694,0.0020824217640392382,0.009208490629394836,1209,0.011701047558715223,0.8005678086194215,True,0.05,360,paired cluster influence sandwich; asymptotic Bonferroni bounds,,,
208,1.0,validation,state_WA,mlp_stronger,mlp_base:C1:E2,mlp_base,mlp,1.0,2.0,1.9909995955023065,0.8648436238248512,0.853094965492624,0.011748658332227269,0.0038909481643061576,0.008398623475237352,1198,0.025935090859898695,0.822473507630561,True,0.05,360,paired cluster influence sandwich; asymptotic Bonferroni bounds,,,
208,1.0,validation,state_WA,mlp_stronger,mlp_base:C1:E8,mlp_base,mlp,1.0,8.0,7.998197999765249,0.8648436238248512,0.8528028177852118,0.012040806039639418,0.0038772822712089703,0.008395726572406793,1198,0.02617741259632205,0.8221919220573151,True,0.05,360,paired cluster influence sandwich; asymptotic Bonferroni bounds,,,
208,1.0,validation,state_WA,mlp_stronger,mlp_base:C5:E2,mlp_base,mlp,5.0,2.0,1.9909995955023065,0.8648436238248512,0.8510026118416517,0.013841011983199536,0.0033902308973022565,0.008591465020580526,1198,0.026201824784308103,0.8196780519448099,True,0.05,360,paired cluster influence sandwich; asymptotic Bonferroni bounds,,,
208,1.0,validation,state_WA,mlp_stronger,mlp_base:C5:E8,mlp_base,mlp,5.0,8.0,7.998197999765249,0.8648436238248512,0.8630804506892731,0.0017631731355781666,0.0013757139256254144,0.008098059558470044,1198,0.006779038667352258,0.833554851611603,True,0.05,360,paired cluster influence sandwich; asymptotic Bonferroni bounds,,,
208,1.0,validation,state_WA,mlp_stronger,mlp_stronger:C1:E2,mlp_stronger,mlp,1.0,2.0,1.9948093103901194,0.8648436238248512,0.8515025547494061,0.013341069075445189,0.003976182747407969,0.008463002167843563,1198,0.027838267671215514,0.8206463715863854,True,0.05,360,paired cluster influence sandwich; asymptotic Bonferroni bounds,,,
208,1.0,validation,state_WA,mlp_stronger,mlp_stronger:C1:E8,mlp_stronger,mlp,1.0,8.0,7.995742559457445,0.8648436238248512,0.8513050464401699,0.013538577384681338,0.0039650351949976495,0.008465887849508373,1198,0.02799513190259722,0.8204383420554558,True,0.05,360,paired cluster influence sandwich; asymptotic Bonferroni bounds,,,
208,1.0,validation,state_WA,mlp_stronger,mlp_stronger:C5:E2,mlp_stronger,mlp,5.0,2.0,1.9948093103901194,0.8648436238248512,0.8588587105793475,0.005984913245503765,0.0030055871522614115,0.00832677072527167,1198,0.016943311440766287,0.8284992284996059,True,0.05,360,paired cluster influence sandwich; asymptotic Bonferroni bounds,,,
208,1.0,validation,state_WA,mlp_stronger,mlp_stronger:C5:E8,mlp_stronger,mlp,5.0,8.0,7.995742559457445,0.8648436238248512,0.8642428693842574,0.0006007544405938203,0.0008829930572447611,0.008104879306054165,1198,0.003820155188184832,0.834692405444638,True,0.05,360,paired cluster influence sandwich; asymptotic Bonferroni bounds,,,
208,1.0,validation,state_WA,mlp_stronger,logistic:C1:E2,logistic,logistic,1.0,2.0,1.9948093103901194,0.8648436238248512,0.8560894794935968,0.008754144331254432,0.003384659388315945,0.008280334764321893,1198,0.02109464335973639,0.8258993033513937,True,0.05,360,paired cluster influence sandwich; asymptotic Bonferroni bounds,,,
208,1.0,validation,state_WA,mlp_stronger,logistic:C1:E8,logistic,logistic,1.0,8.0,7.995742559457445,0.8648436238248512,0.8560992520401477,0.008744371784703553,0.0033166495466308283,0.008298651316625242,1198,0.02083690630953719,0.8258422935810341,True,0.05,360,paired cluster influence sandwich; asymptotic Bonferroni bounds,,,
208,1.0,validation,state_WA,mlp_stronger,logistic:C5:E2,logistic,logistic,5.0,2.0,1.9948093103901194,0.8648436238248512,0.8427730989568063,0.02207052486804495,0.0046493353302687985,0.00865467934919757,1198,0.039022043926160946,0.8112180590407408,True,0.05,360,paired cluster influence sandwich; asymptotic Bonferroni bounds,,,
208,1.0,validation,state_WA,mlp_stronger,logistic:C5:E8,logistic,logistic,5.0,8.0,7.995742559457445,0.8648436238248512,0.8624292904822598,0.002414333342591446,0.0018779213835814577,0.00808917687028881,1198,0.00926125185074392,0.8329360777667889,True,0.05,360,paired cluster influence sandwich; asymptotic Bonferroni bounds,,,
208,1.0,validation,proxy_0.5,mlp_stronger,mlp_base:C1:E2,mlp_base,mlp,1.0,2.0,1.9909995955023065,0.8538804922670445,0.8288760380498786,0.025004454217165906,0.004033530368002239,0.009297203463737722,1133,0.03971325603608215,0.7949725563002196,True,0.05,360,paired cluster influence sandwich; asymptotic Bonferroni bounds,,,
208,1.0,validation,proxy_0.5,mlp_stronger,mlp_base:C1:E8,mlp_base,mlp,1.0,8.0,7.998197999765249,0.8538804922670445,0.8279145789787025,0.02596591328834208,0.004088404263688705,0.009338609037734284,1133,0.04087482002355869,0.7938601063286288,True,0.05,360,paired cluster influence sandwich; asymptotic Bonferroni bounds,,,
208,1.0,validation,proxy_0.5,mlp_stronger,mlp_base:C5:E2,mlp_base,mlp,5.0,2.0,1.9909995955023065,0.8538804922670445,0.8419736093064892,0.01190688296055531,0.003063498666985579,0.008979590196124718,1133,0.023078335919647038,0.8092283463334726,True,0.05,360,paired cluster influence sandwich; asymptotic Bonferroni bounds,,,
208,1.0,validation,proxy_0.5,mlp_stronger,mlp_base:C5:E8,mlp_base,mlp,5.0,8.0,7.998197999765249,0.8538804922670445,0.8517250857165206,0.0021554065505239306,0.0014611641501872787,0.008691987387562366,1133,0.00748373482604763,0.820028604413097,True,0.05,360,paired cluster influence sandwich; asymptotic Bonferroni bounds,,,
208,1.0,validation,proxy_0.5,mlp_stronger,mlp_stronger:C1:E2,mlp_stronger,mlp,1.0,2.0,1.9948093103901194,0.8538804922670445,0.8259699329477358,0.027910559319308748,0.00416022705413145,0.009438570976013663,1133,0.043081377356615574,0.7915509358722977,True,0.05,360,paired cluster influence sandwich; asymptotic Bonferroni bounds,,,
208,1.0,validation,proxy_0.5,mlp_stronger,mlp_stronger:C1:E8,mlp_stronger,mlp,1.0,8.0,7.995742559457445,0.8538804922670445,0.8266293743671752,0.027251117899869337,0.004149522419021196,0.009401917369221378,1133,0.04238290006983038,0.7923440395154142,True,0.05,360,paired cluster influence sandwich; asymptotic Bonferroni bounds,,,
208,1.0,validation,proxy_0.5,mlp_stronger,mlp_stronger:C5:E2,mlp_stronger,mlp,5.0,2.0,1.9948093103901194,0.8538804922670445,0.8381049587387394,0.015775533528305186,0.0030209761830523032,0.009165693270759953,1133,0.026791922627215196,0.8046810462966582,True,0.05,360,paired cluster influence sandwich; asymptotic Bonferroni bounds,,,
208,1.0,validation,proxy_0.5,mlp_stronger,mlp_stronger:C5:E8,mlp_stronger,mlp,5.0,8.0,7.995742559457445,0.8538804922670445,0.8510938905522795,0.00278660171476508,0.001050146310971147,0.008783434689358617,1133,0.0066160990929120065,0.8190639345712717,True,0.05,360,paired cluster influence sandwich; asymptotic Bonferroni bounds,,,
208,1.0,validation,proxy_0.5,mlp_stronger,logistic:C1:E2,logistic,logistic,1.0,2.0,1.9948093103901194,0.8538804922670445,0.8345361530338652,0.019344339233179353,0.003516459199484826,0.00916709213396172,1133,0.03216757266656116,0.8011071394521546,True,0.05,360,paired cluster influence sandwich; asymptotic Bonferroni bounds,,,
208,1.0,validation,proxy_0.5,mlp_stronger,logistic:C1:E8,logistic,logistic,1.0,8.0,7.995742559457445,0.8538804922670445,0.8347925421195121,0.019087950147532395,0.003507440179240262,0.00915676723354987,1133,0.03187829453105593,0.8014011796523594,True,0.05,360,paired cluster influence sandwich; asymptotic Bonferroni bounds,,,
208,1.0,validation,proxy_0.5,mlp_stronger,logistic:C5:E2,logistic,logistic,5.0,2.0,1.9948093103901194,0.8538804922670445,0.832073296859451,0.02180719540759357,0.003981277076566046,0.009339990919322182,1133,0.03632544869011644,0.7980137849954483,True,0.05,360,paired cluster influence sandwich; asymptotic Bonferroni bounds,,,
208,1.0,validation,proxy_0.5,mlp_stronger,logistic:C5:E8,logistic,logistic,5.0,8.0,7.995742559457445,0.8538804922670445,0.8492307241036158,0.004649768163428769,0.0016679143685407155,0.008815784678060169,1133,0.010732038447646097,0.817082799611343,True,0.05,360,paired cluster influence sandwich; asymptotic Bonferroni bounds,,,
208,1.0,validation,proxy_0.75,mlp_stronger,mlp_base:C1:E2,mlp_base,mlp,1.0,2.0,1.9909995955023065,0.856558997735954,0.8331917399258645,0.023367257810089526,0.0038064244057933174,0.009182346615517601,1133,0.03724788770881274,0.7997070988601425,True,0.05,360,paired cluster influence sandwich; asymptotic Bonferroni bounds,,,
208,1.0,validation,proxy_0.75,mlp_stronger,mlp_base:C1:E8,mlp_base,mlp,1.0,8.0,7.998197999765249,0.856558997735954,0.832127073383771,0.024431924352183,0.0038668527946057237,0.009227879260413092,1133,0.03853291436083103,0.7984763915079012,True,0.05,360,paired cluster influence sandwich; asymptotic Bonferroni bounds,,,
208,1.0,validation,proxy_0.75,mlp_stronger,mlp_base:C5:E2,mlp_base,mlp,5.0,2.0,1.9909995955023065,0.856558997735954,0.8439796366227907,0.012579361113163268,0.002926520051264443,0.00886351894226884,1133,0.02325130343808328,0.8116576428244363,True,0.05,360,paired cluster influence sandwich; asymptotic Bonferroni bounds,,,
208,1.0,validation,proxy_0.75,mlp_stronger,mlp_base:C5:E8,mlp_base,mlp,5.0,8.0,7.998197999765249,0.856558997735954,0.8544861571621639,0.0020728405737900912,0.0013493022186469314,0.008572259942690327,1133,0.006993249525051193,0.8232262778173813,True,0.05,360,paired cluster influence sandwich; asymptotic Bonferroni bounds,,,
208,1.0,validation,proxy_0.75,mlp_stronger,mlp_stronger:C1:E2,mlp_stronger,mlp,1.0,2.0,1.9948093103901194,0.856558997735954,0.830075960698595,0.026483037037358992,0.003958133457588562,0.009322668581772749,1133,0.040916894053124375,0.7960796170289057,True,0.05,360,paired cluster influence sandwich; asymptotic Bonferroni bounds,,,
208,1.0,validation,proxy_0.75,mlp_stronger,mlp_stronger:C1:E8,mlp_stronger,mlp,1.0,8.0,7.995742559457445,0.856558997735954,0.8307549572177872,0.02580404051816676,0.003944365792894957,0.009298204155487148,1133,0.04018769192420277,0.7968478263133477,True,0.05,360,paired cluster influence sandwich; asymptotic Bonferroni bounds,,,
208,1.0,validation,proxy_0.75,mlp_stronger,mlp_stronger:C5:E2,mlp_stronger,mlp,5.0,2.0,1.9948093103901194,0.856558997735954,0.8421208157518502,0.014438181984103848,0.0028056494420136057,0.009000656084539328,1133,0.024669353650321024,0.8092987332313007,True,0.05,360,paired cluster influence sandwich; asymptotic Bonferroni bounds,,,
208,1.0,validation,proxy_0.75,mlp_stronger,mlp_stronger:C5:E8,mlp_stronger,mlp,5.0,8.0,7.995742559457445,0.856558997735954,0.8535953137289837,0.002963684006970335,0.0009410804256384874,0.00865178488536927,1133,0.006395458213057127,0.8220454361655676,True,0.05,360,paired cluster influence sandwich; asymptotic Bonferroni bounds,,,
208,1.0,validation,proxy_0.75,mlp_stronger,logistic:C1:E2,logistic,logistic,1.0,2.0,1.9948093103901194,0.856558997735954,0.838157648868629,0.01840134886732503,0.0033649828436832494,0.009080138518455206,1133,0.03067220374037371,0.8050457231432712,True,0.05,360,paired cluster influence sandwich; asymptotic Bonferroni bounds,,,
208,1.0,validation,proxy_0.75,mlp_stronger,logistic:C1:E8,logistic,logistic,1.0,8.0,7.995742559457445,0.856558997735954,0.8387138828171512,0.017845114918802807,0.0033288579166839047,0.009060884531016082,1133,0.029984235468943847,0.8056721693028412,True,0.05,360,paired cluster influence sandwich; asymptotic Bonferroni bounds,,,
208,1.0,validation,proxy_0.75,mlp_stronger,logistic:C5:E2,logistic,logistic,5.0,2.0,1.9948093103901194,0.856558997735954,0.8320292978850073,0.024529699850946662,0.004056625442181852,0.009358051402112225,1133,0.03932272091159613,0.7979039260824704,True,0.05,360,paired cluster influence sandwich; asymptotic Bonferroni bounds,,,
208,1.0,validation,proxy_0.75,mlp_stronger,logistic:C5:E8,logistic,logistic,5.0,8.0,7.995742559457445,0.856558997735954,0.85139427861237,0.005164719123583961,0.001666347938166366,0.008738352481682672,1133,0.011241277212320572,0.8195287208626301,True,0.05,360,paired cluster influence sandwich; asymptotic Bonferroni bounds,,,
208,1.0,test,source,mlp_stronger,mlp_base:C1:E2,mlp_base,mlp,1.0,2.0,1.9909995955023065,0.8895407434386314,0.8669290481528114,0.022611695285820077,0.0033250817769502087,0.008070231749440786,1120,0.03473748897783759,0.8374988049874103,True,0.05,360,paired cluster influence sandwich; asymptotic Bonferroni bounds,-0.0003872403265795521,0.023690735222856918,-0.0006917996104572888
208,1.0,test,source,mlp_stronger,mlp_base:C1:E8,mlp_base,mlp,1.0,8.0,7.998197999765249,0.8895407434386314,0.8666694924744553,0.022871250964176082,0.003358878261111195,0.008077267878100718,1120,0.03512029251051481,0.8372135901974161,True,0.05,360,paired cluster influence sandwich; asymptotic Bonferroni bounds,-0.0003872403265795521,0.023690735222856918,-0.00043224393210128387
208,1.0,test,source,mlp_stronger,mlp_base:C5:E2,mlp_base,mlp,5.0,2.0,1.9909995955023065,0.8895407434386314,0.8760208230636152,0.013519920375016259,0.0026590408073807544,0.007892326667272902,1120,0.02321681880093354,0.8472393580239382,True,0.05,360,paired cluster influence sandwich; asymptotic Bonferroni bounds,-0.0003872403265795521,0.0008498355275208258,0.013057325174074985
208,1.0,test,source,mlp_stronger,mlp_base:C5:E8,mlp_base,mlp,5.0,8.0,7.998197999765249,0.8895407434386314,0.887690362634867,0.0018503808037644287,0.00111436581797856,0.00746709092386253,1120,0.005914211684530976,0.8604596326570493,True,0.05,360,paired cluster influence sandwich; asymptotic Bonferroni bounds,-0.0003872403265795521,0.0008498355275208258,0.001387785602823155
208,1.0,test,source,mlp_stronger,mlp_stronger:C1:E2,mlp_stronger,mlp,1.0,2.0,1.9948093103901194,0.8895407434386314,0.8683953284164279,0.021145415022203573,0.0033465053973076564,0.008009419007189007,1120,0.03334933563500581,0.8391868550647807,True,0.05,360,paired cluster influence sandwich; asymptotic Bonferroni bounds,1.1102230246251565e-16,0.02167080595177917,-0.0005253909295757087
208,1.0,test,source,mlp_stronger,mlp_stronger:C1:E8,mlp_stronger,mlp,1.0,8.0,7.995742559457445,0.8895407434386314,0.8682006616576607,0.021340081780970688,0.0033231124088527204,0.008021050206352928,1120,0.033458693649245,0.8389497720495384,True,0.05,360,paired cluster influence sandwich; asymptotic Bonferroni bounds,1.1102230246251565e-16,0.02167080595177917,-0.00033072417080859395
208,1.0,test,source,mlp_stronger,mlp_stronger:C5:E2,mlp_stronger,mlp,5.0,2.0,1.9948093103901194,0.8895407434386314,0.880931449042836,0.008609294395795386,0.0024793276322412432,0.007748417049294391,1120,0.017650821004819225,0.8526747886410483,True,0.05,360,paired cluster influence sandwich; asymptotic Bonferroni bounds,1.1102230246251565e-16,0.0008299502134531123,0.007779344182342163
208,1.0,test,source,mlp_stronger,mlp_stronger:C5:E8,mlp_stronger,mlp,5.0,8.0,7.995742559457445,0.8895407434386314,0.8881571442177171,0.0013835992209143555,0.0007491801225739706,0.007454969093574793,1120,0.004115683486470269,0.8609706197130572,True,0.05,360,paired cluster influence sandwich; asymptotic Bonferroni bounds,1.1102230246251565e-16,0.0008299502134531123,0.0005536490074611322
208,1.0,test,source,mlp_stronger,logistic:C1:E2,logistic,logistic,1.0,2.0,1.9948093103901194,0.8895407434386314,0.8740422343138886,0.01549850912474282,0.002825626877326284,0.007820979800458162,1120,0.025802907892494172,0.8455209545705747,True,0.05,360,paired cluster influence sandwich; asymptotic Bonferroni bounds,0.002687657185558412,0.01352515335240223,-0.0007143014132178216
208,1.0,test,source,mlp_stronger,logistic:C1:E8,logistic,logistic,1.0,8.0,7.995742559457445,0.8895407434386314,0.8737811087423166,0.015759634696314806,0.0027926125282452,0.007846383869500892,1120,0.02594363787301376,0.8451671863150588,True,0.05,360,paired cluster influence sandwich; asymptotic Bonferroni bounds,0.002687657185558412,0.01352515335240223,-0.00045317584164583646
208,1.0,test,source,mlp_stronger,logistic:C5:E2,logistic,logistic,5.0,2.0,1.9948093103901194,0.8895407434386314,0.8671142955522831,0.02242644788634829,0.0038438229519243243,0.007990133032102232,1120,0.0364439690272649,0.8379761536302787,True,0.05,360,paired cluster influence sandwich; asymptotic Bonferroni bounds,0.002687657185558412,0.0,0.019738790700789877
208,1.0,test,source,mlp_stronger,logistic:C5:E8,logistic,logistic,5.0,8.0,7.995742559457445,0.8895407434386314,0.8858211431125121,0.003719600326119288,0.0014865259256478024,0.007481194037651728,1120,0.009140611868510156,0.8585389823851085,True,0.05,360,paired cluster influence sandwich; asymptotic Bonferroni bounds,0.002687657185558412,0.0,0.0010319431405608759
208,1.0,test,state_CO,mlp_stronger,mlp_base:C1:E2,mlp_base,mlp,1.0,2.0,1.9909995955023065,0.8397672407014232,0.8301108752064167,0.00965636549500648,0.003908432763180706,0.009109464412085813,1208,0.023906195706405217,0.796898503635935,True,0.05,360,paired cluster influence sandwich; asymptotic Bonferroni bounds,-8.492569002138683e-05,0.009508531886451288,0.00023275929857657918
208,1.0,test,state_CO,mlp_stronger,mlp_base:C1:E8,mlp_base,mlp,1.0,8.0,7.998197999765249,0.8397672407014232,0.8304390448481036,0.009328195853319565,0.003972204479608769,0.009097684869702211,1208,0.023810532592641744,0.7972696205378423,True,0.05,360,paired cluster influence sandwich; asymptotic Bonferroni bounds,-8.492569002138683e-05,0.009508531886451288,-9.541034311033592e-05
208,1.0,test,state_CO,mlp_stronger,mlp_base:C5:E2,mlp_base,mlp,5.0,2.0,1.9909995955023065,0.8397672407014232,0.8261204162407276,0.013646824460695539,0.003263958911193276,0.009349675389550295,1208,0.025546955055147744,0.7920322548457339,True,0.05,360,paired cluster influence sandwich; asymptotic Bonferroni bounds,-8.492569002138683e-05,0.00012057351052396914,0.013611176640192957
208,1.0,test,state_CO,mlp_stronger,mlp_base:C5:E8,mlp_base,mlp,5.0,8.0,7.998197999765249,0.8397672407014232,0.8381127624439727,0.0016544782574504646,0.0012589355825310222,0.009091843274815319,1208,0.00624445572032386,0.8049646361169046,True,0.05,360,paired cluster influence sandwich; asymptotic Bonferroni bounds,-8.492569002138683e-05,0.00012057351052396914,0.0016188304369478823
208,1.0,test,state_CO,mlp_stronger,mlp_stronger:C1:E2,mlp_stronger,mlp,1.0,2.0,1.9948093103901194,0.8397672407014232,0.8305942177138214,0.009173022987601809,0.004094349089308544,0.009115805901293348,1208,0.024100689109549184,0.7973587255858247,True,0.05,360,paired cluster influence sandwich; asymptotic Bonferroni bounds,-1.1102230246251565e-16,0.009707740295142986,-0.0005347173075410661
208,1.0,test,state_CO,mlp_stronger,mlp_stronger:C1:E8,mlp_stronger,mlp,1.0,8.0,7.995742559457445,0.8397672407014232,0.8303562160887001,0.009411024612723029,0.004028915694447838,0.009108008905449185,1208,0.024100125861377903,0.7971491511778696,True,0.05,360,paired cluster influence sandwich; asymptotic Bonferroni bounds,-1.1102230246251565e-16,0.009707740295142986,-0.0002967156824198458
208,1.0,test,state_CO,mlp_stronger,mlp_stronger:C5:E2,mlp_stronger,mlp,5.0,2.0,1.9948093103901194,0.8397672407014232,0.8358092841603103,0.0039579565411128614,0.0029097087910593456,0.009136434121232582,1208,0.014566519806626797,0.8024985832083403,True,0.05,360,paired cluster influence sandwich; asymptotic Bonferroni bounds,-1.1102230246251565e-16,2.0969306178120206e-05,0.003936987234934852
208,1.0,test,state_CO,mlp_stronger,mlp_stronger:C5:E8,mlp_stronger,mlp,5.0,8.0,7.995742559457445,0.8397672407014232,0.8398469240648999,-7.968336347674576e-05,0.0008710149875252721,0.009044601972934278,1208,0.003095966938287153,0.8068710357093052,True,0.05,360,paired cluster influence sandwich; asymptotic Bonferroni bounds,-1.1102230246251565e-16,2.0969306178120206e-05,-0.00010065266965475494
208,1.0,test,state_CO,mlp_stronger,logistic:C1:E2,logistic,logistic,1.0,2.0,1.9948093103901194,0.8397672407014232,0.8352368221016487,0.004530418599774433,0.003327613686396312,0.008998125622826248,1208,0.016662629363887745,0.8024303827651401,True,0.05,360,paired cluster influence sandwich; asymptotic Bonferroni bounds,-0.000630127650651624,0.0056533249456111045,-0.0004927786951850477
208,1.0,test,state_CO,mlp_stronger,logistic:C1:E8,logistic,logistic,1.0,8.0,7.995742559457445,0.8397672407014232,0.8351183455217426,0.00464889517968059,0.00334064609471194,0.008980562122092115,1208,0.016828621052021625,0.8023759412904907,True,0.05,360,paired cluster influence sandwich; asymptotic Bonferroni bounds,-0.000630127650651624,0.0056533249456111045,-0.00037430211527889057
208,1.0,test,state_CO,mlp_stronger,logistic:C5:E2,logistic,logistic,5.0,2.0,1.9948093103901194,0.8397672407014232,0.817415008780897,0.022352231920526155,0.004539713034147409,0.009644612813482386,1208,0.03890365901797714,0.7822515293572521,True,0.05,360,paired cluster influence sandwich; asymptotic Bonferroni bounds,-0.000630127650651624,0.0,0.02298235957117778
208,1.0,test,state_CO,mlp_stronger,logistic:C5:E8,logistic,logistic,5.0,8.0,7.995742559457445,0.8397672407014232,0.8381997850646116,0.0015674556368115988,0.0018204012217868384,0.009065128288607803,1208,0.008204491476715571,0.8051490594197666,True,0.05,360,paired cluster influence sandwich; asymptotic Bonferroni bounds,-0.000630127650651624,0.0,0.002197583287463223
208,1.0,test,state_UT,mlp_stronger,mlp_base:C1:E2,mlp_base,mlp,1.0,2.0,1.9909995955023065,0.876622792022792,0.8592592592592592,0.017363532763532863,0.0036577136856883476,0.00857623354580751,1115,0.03070254765334042,0.827983299248063,True,0.05,360,paired cluster influence sandwich; asymptotic Bonferroni bounds,0.0009646723646723476,0.01575384615384623,0.000645014245014286
208,1.0,test,state_UT,mlp_stronger,mlp_base:C1:E8,mlp_base,mlp,1.0,8.0,7.998197999765249,0.876622792022792,0.8599111111111111,0.01671168091168096,0.003646806254749151,0.008520985109115514,1115,0.03001091838963784,0.8288366320749176,True,0.05,360,paired cluster influence sandwich; asymptotic Bonferroni bounds,0.0009646723646723476,0.01575384615384623,-6.8376068376174715e-06
208,1.0,test,state_UT,mlp_stronger,mlp_base:C5:E2,mlp_base,mlp,5.0,2.0,1.9909995955023065,0.876622792022792,0.8670256410256411,0.009597150997150972,0.002921682529612696,0.008322954304586313,1115,0.020251994463517074,0.8366733442260156,True,0.05,360,paired cluster influence sandwich; asymptotic Bonferroni bounds,0.0009646723646723476,1.4814814814800847e-05,0.008617663817663823
208,1.0,test,state_UT,mlp_stronger,mlp_base:C5:E8,mlp_base,mlp,5.0,8.0,7.998197999765249,0.876622792022792,0.8744079772079771,0.0022148148148148916,0.0010881448204116888,0.008009556561401949,1115,0.006183080570150234,0.8451985848349953,True,0.05,360,paired cluster influence sandwich; asymptotic Bonferroni bounds,0.0009646723646723476,1.4814814814800847e-05,0.0012353276353277431
208,1.0,test,state_UT,mlp_stronger,mlp_stronger:C1:E2,mlp_stronger,mlp,1.0,2.0,1.9948093103901194,0.876622792022792,0.859217094017094,0.017405698005698023,0.003690956819226363,0.00851242533232236,1115,0.030865944542198563,0.8281738309261355,True,0.05,360,paired cluster influence sandwich; asymptotic Bonferroni bounds,0.0,0.01776923076923076,-0.0003635327635327368
208,1.0,test,state_UT,mlp_stronger,mlp_stronger:C1:E8,mlp_stronger,mlp,1.0,8.0,7.995742559457445,0.876622792022792,0.8590279202279201,0.017594871794871958,0.0036766020378462025,0.008533498527568557,1115,0.03100276906102936,0.8279078070362375,True,0.05,360,paired cluster influence sandwich; asymptotic Bonferroni bounds,0.0,0.01776923076923076,-0.00017435897435880143
208,1.0,test,state_UT,mlp_stronger,mlp_stronger:C5:E2,mlp_stronger,mlp,5.0,2.0,1.9948093103901194,0.876622792022792,0.8725162393162393,0.004106552706552691,0.002409795204234423,0.00794070436536139,1115,0.012894636431214305,0.8435579383481902,True,0.05,360,paired cluster influence sandwich; asymptotic Bonferroni bounds,0.0,0.00023760683760687407,0.0038689458689458167
208,1.0,test,state_UT,mlp_stronger,mlp_stronger:C5:E8,mlp_stronger,mlp,5.0,8.0,7.995742559457445,0.876622792022792,0.8770358974358975,-0.00041310541310546345,0.0007295038327401305,0.007829513765731797,1115,0.0022472620522777727,0.8484830883109822,True,0.05,360,paired cluster influence sandwich; asymptotic Bonferroni bounds,0.0,0.00023760683760687407,-0.0006507122507123375
208,1.0,test,state_UT,mlp_stronger,logistic:C1:E2,logistic,logistic,1.0,2.0,1.9948093103901194,0.876622792022792,0.8650427350427351,0.01158005698005693,0.003264253838898272,0.008228875460747992,1115,0.023484195549334078,0.8350335266329104,True,0.05,360,paired cluster influence sandwich; asymptotic Bonferroni bounds,0.0008780626780627854,0.010849002849002698,-0.0001470085470085536
208,1.0,test,state_UT,mlp_stronger,logistic:C1:E8,logistic,logistic,1.0,8.0,7.995742559457445,0.876622792022792,0.8650780626780628,0.011544729344729276,0.0031713360622256568,0.008290203208486637,1115,0.023110013724458076,0.8348452031543073,True,0.05,360,paired cluster influence sandwich; asymptotic Bonferroni bounds,0.0008780626780627854,0.010849002849002698,-0.00018233618233620685
208,1.0,test,state_UT,mlp_stronger,logistic:C5:E2,logistic,logistic,5.0,2.0,1.9948093103901194,0.876622792022792,0.8524193732193732,0.024203418803418808,0.004717671345775225,0.00839615278224405,1115,0.041407906014306536,0.8218001349182278,True,0.05,360,paired cluster influence sandwich; asymptotic Bonferroni bounds,0.0008780626780627854,0.0,0.023325356125356023
208,1.0,test,state_UT,mlp_stronger,logistic:C5:E8,logistic,logistic,5.0,8.0,7.995742559457445,0.876622792022792,0.8735270655270656,0.0030957264957264252,0.0018916909684031638,0.007868896362663065,1115,0.009994378539809425,0.844830635251889,True,0.05,360,paired cluster influence sandwich; asymptotic Bonferroni bounds,0.0008780626780627854,0.0,0.00221766381766364
209,1.0,validation,source,mlp_base,mlp_base:C1:E2,mlp_base,mlp,1.0,2.0,1.9909995955023065,0.8714946712379319,0.8570932935502896,0.01440137768764227,0.0038263468192555952,0.008358048607298276,1148,0.028354083055142434,0.8266158185137833,True,0.05,360,paired cluster influence sandwich; asymptotic Bonferroni bounds,,,
209,1.0,validation,source,mlp_base,mlp_base:C1:E8,mlp_base,mlp,1.0,8.0,7.998197999765249,0.8714946712379319,0.8579207051607566,0.013573966077175315,0.003694554221253458,0.008336393820303734,1148,0.02704609208885562,0.8275221939184391,True,0.05,360,paired cluster influence sandwich; asymptotic Bonferroni bounds,,,
209,1.0,validation,source,mlp_base,mlp_base:C5:E2,mlp_base,mlp,5.0,2.0,1.9909995955023065,0.8714946712379319,0.8611630652708959,0.010331605967035973,0.0025316754664794446,0.00822448270056593,1148,0.01956331535943976,0.8311726359288366,True,0.05,360,paired cluster influence sandwich; asymptotic Bonferroni bounds,,,
209,1.0,validation,source,mlp_base,mlp_base:C5:E8,mlp_base,mlp,5.0,8.0,7.998197999765249,0.8714946712379319,0.8694119490011659,0.002082722236765977,0.0008854604316941353,0.008039638050523447,1148,0.005311537893474095,0.8400955523755929,True,0.05,360,paired cluster influence sandwich; asymptotic Bonferroni bounds,,,
209,1.0,validation,source,mlp_base,mlp_stronger:C1:E2,mlp_stronger,mlp,1.0,2.0,1.9948093103901194,0.8714946712379319,0.8581036398751418,0.013391031362790073,0.003479962109840972,0.008373909801794456,1148,0.02608065107115763,0.8275683272760632,True,0.05,360,paired cluster influence sandwich; asymptotic Bonferroni bounds,,,
209,1.0,validation,source,mlp_base,mlp_stronger:C1:E8,mlp_stronger,mlp,1.0,8.0,7.995742559457445,0.8714946712379319,0.8583643744105874,0.013130296827344456,0.003478821843636653,0.008342068979577372,1148,0.02581575857535429,0.827945168801293,True,0.05,360,paired cluster influence sandwich; asymptotic Bonferroni bounds,,,
209,1.0,validation,source,mlp_base,mlp_stronger:C5:E2,mlp_stronger,mlp,5.0,2.0,1.9948093103901194,0.8714946712379319,0.86032303747323,0.011171633764701872,0.002924522137039044,0.00847213675773238,1148,0.021835851528102683,0.8294295420328963,True,0.05,360,paired cluster influence sandwich; asymptotic Bonferroni bounds,,,
209,1.0,validation,source,mlp_base,mlp_stronger:C5:E8,mlp_stronger,mlp,5.0,8.0,7.995742559457445,0.8714946712379319,0.8698440534127312,0.0016506178252007064,0.0011264592033922278,0.008097221248318366,1148,0.00575823120053463,0.8403176806843888,True,0.05,360,paired cluster influence sandwich; asymptotic Bonferroni bounds,,,
209,1.0,validation,source,mlp_base,logistic:C1:E2,logistic,logistic,1.0,2.0,1.9948093103901194,0.8714946712379319,0.8619095230135024,0.009585148224429463,0.003045646864025524,0.008211502535246915,1148,0.02069104514243708,0.8319664256125536,True,0.05,360,paired cluster influence sandwich; asymptotic Bonferroni bounds,,,
209,1.0,validation,source,mlp_base,logistic:C1:E8,logistic,logistic,1.0,8.0,7.995742559457445,0.8714946712379319,0.8614227484574082,0.010071922780523712,0.0031249067697742368,0.008245783942327901,1148,0.02146683952987604,0.8313546445175389,True,0.05,360,paired cluster influence sandwich; asymptotic Bonferroni bounds,,,
209,1.0,validation,source,mlp_base,logistic:C5:E2,logistic,logistic,5.0,2.0,1.9948093103901194,0.8714946712379319,0.8572793823114747,0.014215288926457181,0.003529622682112135,0.008279479792487013,1148,0.027085995025058388,0.8270884070555472,True,0.05,360,paired cluster influence sandwich; asymptotic Bonferroni bounds,,,
209,1.0,validation,source,mlp_base,logistic:C5:E8,logistic,logistic,5.0,8.0,7.995742559457445,0.8714946712379319,0.8699229045827248,0.0015717666552070853,0.0015075629513690485,0.007988891671977246,1148,0.00706906804397757,0.8407915537205832,True,0.05,360,paired cluster influence sandwich; asymptotic Bonferroni bounds,,,
209,1.0,validation,state_OR,mlp_base,mlp_base:C1:E2,mlp_base,mlp,1.0,2.0,1.9909995955023065,0.8561032661456928,0.832558665548428,0.02354460059726482,0.00454186161010841,0.009456986024548907,1220,0.0401033801803747,0.7980802598760636,True,0.05,360,paired cluster influence sandwich; asymptotic Bonferroni bounds,,,
209,1.0,validation,state_OR,mlp_base,mlp_base:C1:E8,mlp_base,mlp,1.0,8.0,7.998197999765249,0.8561032661456928,0.8340053590364036,0.02209790710928916,0.004405188590306411,0.009405331966074718,1220,0.03815840237549638,0.7997152744187679,True,0.05,360,paired cluster influence sandwich; asymptotic Bonferroni bounds,,,
209,1.0,validation,state_OR,mlp_base,mlp_base:C5:E2,mlp_base,mlp,5.0,2.0,1.9909995955023065,0.8561032661456928,0.8416329720705297,0.014470294075163093,0.003117562413389101,0.009331629185650758,1220,0.025836344666622227,0.807611594031929,True,0.05,360,paired cluster influence sandwich; asymptotic Bonferroni bounds,,,
209,1.0,validation,state_OR,mlp_base,mlp_base:C5:E8,mlp_base,mlp,5.0,8.0,7.998197999765249,0.8561032661456928,0.8528750793609914,0.003228186784701381,0.0011044611287512602,0.008878527557564306,1220,0.0072548458859830545,0.8205056252761134,True,0.05,360,paired cluster influence sandwich; asymptotic Bonferroni bounds,,,
209,1.0,validation,state_OR,mlp_base,mlp_stronger:C1:E2,mlp_stronger,mlp,1.0,2.0,1.9948093103901194,0.8561032661456928,0.836412782410357,0.019690483735335773,0.004128484429815832,0.009316142014499927,1220,0.034742167285858945,0.8024478677067204,True,0.05,360,paired cluster influence sandwich; asymptotic Bonferroni bounds,,,
209,1.0,validation,state_OR,mlp_base,mlp_stronger:C1:E8,mlp_stronger,mlp,1.0,8.0,7.995742559457445,0.8561032661456928,0.8363803101881037,0.019722955957589106,0.00419016039278948,0.009323806339907549,1220,0.034999498555817236,0.802387452784761,True,0.05,360,paired cluster influence sandwich; asymptotic Bonferroni bounds,,,
209,1.0,validation,state_OR,mlp_base,mlp_stronger:C5:E2,mlp_stronger,mlp,5.0,2.0,1.9948093103901194,0.8561032661456928,0.8396924768579429,0.01641078928774986,0.0034141704520279045,0.009338807451136832,1220,0.02885821741908548,0.8056449282033753,True,0.05,360,paired cluster influence sandwich; asymptotic Bonferroni bounds,,,
209,1.0,validation,state_OR,mlp_base,mlp_stronger:C5:E8,mlp_stronger,mlp,5.0,8.0,7.995742559457445,0.8561032661456928,0.8532367527329854,0.0028665134127073832,0.001259700696812549,0.008830408655558336,1220,0.00745914699995379,0.8210427311822746,True,0.05,360,paired cluster influence sandwich; asymptotic Bonferroni bounds,,,
209,1.0,validation,state_OR,mlp_base,logistic:C1:E2,logistic,logistic,1.0,2.0,1.9948093103901194,0.8561032661456928,0.8401918772415631,0.015911388904129686,0.0035119192624159623,0.009222597497541124,1220,0.028715190950981503,0.8065680083844318,True,0.05,360,paired cluster influence sandwich; asymptotic Bonferroni bounds,,,
209,1.0,validation,state_OR,mlp_base,logistic:C1:E8,logistic,logistic,1.0,8.0,7.995742559457445,0.8561032661456928,0.8392569011870277,0.016846364958665094,0.0036426255664339102,0.009249027641198485,1220,0.030126697790501464,0.8055366729599416,True,0.05,360,paired cluster influence sandwich; asymptotic Bonferroni bounds,,,
209,1.0,validation,state_OR,mlp_base,logistic:C5:E2,logistic,logistic,5.0,2.0,1.9948093103901194,0.8561032661456928,0.8315531463903765,0.02455011975531629,0.0049438513010312025,0.009507619047974857,1220,0.04257447871051852,0.7968901421664686,True,0.05,360,paired cluster influence sandwich; asymptotic Bonferroni bounds,,,
209,1.0,validation,state_OR,mlp_base,logistic:C5:E8,logistic,logistic,5.0,8.0,7.995742559457445,0.8561032661456928,0.8525996253377391,0.003503640807953623,0.0019305118493619792,0.008904464027585162,1220,0.010541926634413189,0.820135611724829,True,0.05,360,paired cluster influence sandwich; asymptotic Bonferroni bounds,,,
209,1.0,validation,state_WA,mlp_base,mlp_base:C1:E2,mlp_base,mlp,1.0,2.0,1.9909995955023065,0.8470370381694015,0.8179898515232397,0.029047186646161793,0.004452282197741842,0.009740677434843378,1239,0.04527864851992863,0.7824787524090571,True,0.05,360,paired cluster influence sandwich; asymptotic Bonferroni bounds,,,
209,1.0,validation,state_WA,mlp_base,mlp_base:C1:E8,mlp_base,mlp,1.0,8.0,7.998197999765249,0.8470370381694015,0.8202197036171911,0.02681733455221036,0.004299265608552476,0.009724777188192002,1239,0.042490951522358836,0.7847665712346402,True,0.05,360,paired cluster influence sandwich; asymptotic Bonferroni bounds,,,
209,1.0,validation,state_WA,mlp_base,mlp_base:C5:E2,mlp_base,mlp,5.0,2.0,1.9909995955023065,0.8470370381694015,0.8310397857385264,0.01599725243087502,0.0030328518891380696,0.009531118764208098,1239,0.027053968429760746,0.7962926641580363,True,0.05,360,paired cluster influence sandwich; asymptotic Bonferroni bounds,,,
209,1.0,validation,state_WA,mlp_base,mlp_base:C5:E8,mlp_base,mlp,5.0,8.0,7.998197999765249,0.8470370381694015,0.8428229438327978,0.004214094336603691,0.0011150868293486997,0.009274899685835905,1239,0.008279310455584844,0.8090099072939161,True,0.05,360,paired cluster influence sandwich; asymptotic Bonferroni bounds,,,
209,1.0,validation,state_WA,mlp_base,mlp_stronger:C1:E2,mlp_stronger,mlp,1.0,2.0,1.9948093103901194,0.8470370381694015,0.8251420919233086,0.021894946246092895,0.004121305171039686,0.009628019509049434,1239,0.03691978177601893,0.7900417041580673,True,0.05,360,paired cluster influence sandwich; asymptotic Bonferroni bounds,,,
209,1.0,validation,state_WA,mlp_base,mlp_stronger:C1:E8,mlp_stronger,mlp,1.0,8.0,7.995742559457445,0.8470370381694015,0.8237030831679798,0.023333955001421658,0.004192738716719214,0.009661670059779744,1239,0.03861921222559549,0.7884800172779136,True,0.05,360,paired cluster influence sandwich; asymptotic Bonferroni bounds,,,
209,1.0,validation,state_WA,mlp_base,mlp_stronger:C5:E2,mlp_stronger,mlp,5.0,2.0,1.9948093103901194,0.8470370381694015,0.8388687271396849,0.008168311029716602,0.003513819408133547,0.009390034484335945,1239,0.020978466186402082,0.8046359494412816,True,0.05,360,paired cluster influence sandwich; asymptotic Bonferroni bounds,,,
209,1.0,validation,state_WA,mlp_base,mlp_stronger:C5:E8,mlp_stronger,mlp,5.0,8.0,7.995742559457445,0.8470370381694015,0.8464092553129691,0.0006277828564323906,0.001359752405314133,0.009201810591102423,1239,0.005584963992842209,0.8128626760204758,True,0.05,360,paired cluster influence sandwich; asymptotic Bonferroni bounds,,,
209,1.0,validation,state_WA,mlp_base,logistic:C1:E2,logistic,logistic,1.0,2.0,1.9948093103901194,0.8470370381694015,0.8252012013481025,0.02183583682129897,0.0036502092376553166,0.009671719658991412,1239,0.035143221537911044,0.7899414981382964,True,0.05,360,paired cluster influence sandwich; asymptotic Bonferroni bounds,,,
209,1.0,validation,state_WA,mlp_base,logistic:C1:E8,logistic,logistic,1.0,8.0,7.995742559457445,0.8470370381694015,0.8251125372109115,0.021924500958489967,0.003733470573464726,0.009653375668156928,1239,0.035535427350522966,0.7899197097683229,True,0.05,360,paired cluster influence sandwich; asymptotic Bonferroni bounds,,,
209,1.0,validation,state_WA,mlp_base,logistic:C5:E2,logistic,logistic,5.0,2.0,1.9948093103901194,0.8470370381694015,0.817786025920502,0.029251012248899477,0.004370415185221714,0.009858483333979415,1239,0.04518401566171934,0.7818454477491964,True,0.05,360,paired cluster influence sandwich; asymptotic Bonferroni bounds,,,
209,1.0,validation,state_WA,mlp_base,logistic:C5:E8,logistic,logistic,5.0,8.0,7.995742559457445,0.8470370381694015,0.8396641565543689,0.007372881615032578,0.0018466179512850384,0.009359500111629851,1239,0.014105004050330756,0.8055426964868808,True,0.05,360,paired cluster influence sandwich; asymptotic Bonferroni bounds,,,
209,1.0,validation,proxy_0.5,mlp_base,mlp_base:C1:E2,mlp_base,mlp,1.0,2.0,1.9909995955023065,0.853426188471118,0.8325416675865969,0.020884520884521085,0.004474359574264851,0.00910258851363279,1148,0.03720019319467419,0.7993492410733573,True,0.05,360,paired cluster influence sandwich; asymptotic Bonferroni bounds,,,
209,1.0,validation,proxy_0.5,mlp_base,mlp_base:C1:E8,mlp_base,mlp,1.0,8.0,7.998197999765249,0.853426188471118,0.8324375840422052,0.020988604428912705,0.004318191568923229,0.009111476484151653,1148,0.03673481289553849,0.7992127477031389,True,0.05,360,paired cluster influence sandwich; asymptotic Bonferroni bounds,,,
209,1.0,validation,proxy_0.5,mlp_base,mlp_base:C5:E2,mlp_base,mlp,5.0,2.0,1.9909995955023065,0.853426188471118,0.8480101644414867,0.005416024029631261,0.0036926712772536855,0.008663135017439831,1148,0.018881283919631193,0.8164201972568792,True,0.05,360,paired cluster influence sandwich; asymptotic Bonferroni bounds,,,
209,1.0,validation,proxy_0.5,mlp_base,mlp_base:C5:E8,mlp_base,mlp,5.0,8.0,7.998197999765249,0.853426188471118,0.8542499203603182,-0.0008237318892002632,0.0012964996090767732,0.008473353831334051,1148,0.0039039307898578396,0.8233519868828235,True,0.05,360,paired cluster influence sandwich; asymptotic Bonferroni bounds,,,
209,1.0,validation,proxy_0.5,mlp_base,mlp_stronger:C1:E2,mlp_stronger,mlp,1.0,2.0,1.9948093103901194,0.853426188471118,0.8336729190387727,0.019753269432345233,0.004086499073115145,0.00910824809619229,1148,0.03465461534924013,0.8004598549587661,True,0.05,360,paired cluster influence sandwich; asymptotic Bonferroni bounds,,,
209,1.0,validation,proxy_0.5,mlp_base,mlp_stronger:C1:E8,mlp_stronger,mlp,1.0,8.0,7.995742559457445,0.853426188471118,0.8323292951020808,0.021096893369037195,0.00410620187426339,0.009110498449650251,1148,0.03607008519857975,0.7991080251483637,True,0.05,360,paired cluster influence sandwich; asymptotic Bonferroni bounds,,,
209,1.0,validation,proxy_0.5,mlp_base,mlp_stronger:C5:E2,mlp_stronger,mlp,5.0,2.0,1.9948093103901194,0.853426188471118,0.8476926570636455,0.005733531407472459,0.0032171956347058846,0.008907804708726848,1148,0.017464977855233783,0.8152105062176654,True,0.05,360,paired cluster influence sandwich; asymptotic Bonferroni bounds,,,
209,1.0,validation,proxy_0.5,mlp_base,mlp_stronger:C5:E8,mlp_stronger,mlp,5.0,8.0,7.995742559457445,0.853426188471118,0.8531365418400079,0.0002896466311100854,0.0012699679691822296,0.008597544059831059,1148,0.00492056215894231,0.8217857509113744,True,0.05,360,paired cluster influence sandwich; asymptotic Bonferroni bounds,,,
209,1.0,validation,proxy_0.5,mlp_base,logistic:C1:E2,logistic,logistic,1.0,2.0,1.9948093103901194,0.853426188471118,0.8365588718605407,0.016867316610577276,0.0035408427396508976,0.008972048572967378,1148,0.029778936448690264,0.8038424569105053,True,0.05,360,paired cluster influence sandwich; asymptotic Bonferroni bounds,,,
209,1.0,validation,proxy_0.5,mlp_base,logistic:C1:E8,logistic,logistic,1.0,8.0,7.995742559457445,0.853426188471118,0.8354917526932931,0.01793443577782483,0.0036603847993283175,0.009014552569769681,1148,0.03128196360245632,0.8026203476777103,True,0.05,360,paired cluster influence sandwich; asymptotic Bonferroni bounds,,,
209,1.0,validation,proxy_0.5,mlp_base,logistic:C5:E2,logistic,logistic,5.0,2.0,1.9948093103901194,0.853426188471118,0.8312322124902356,0.022193975980882352,0.003942682594633634,0.009066084486378663,1148,0.036570897676442726,0.798172897260699,True,0.05,360,paired cluster influence sandwich; asymptotic Bonferroni bounds,,,
209,1.0,validation,proxy_0.5,mlp_base,logistic:C5:E8,logistic,logistic,5.0,8.0,7.995742559457445,0.853426188471118,0.8462228712549636,0.0072033172161543035,0.0017966333627023464,0.008675981894363758,1148,0.01375470869929325,0.8145860581629988,True,0.05,360,paired cluster influence sandwich; asymptotic Bonferroni bounds,,,
209,1.0,validation,proxy_0.75,mlp_base,mlp_base:C1:E2,mlp_base,mlp,1.0,2.0,1.9909995955023065,0.8619294986432343,0.8426719402329158,0.01925755841031851,0.004113172714756592,0.008662331451104344,1148,0.034256169285274314,0.8110849032386053,True,0.05,360,paired cluster influence sandwich; asymptotic Bonferroni bounds,,,
209,1.0,validation,proxy_0.75,mlp_base,mlp_base:C1:E8,mlp_base,mlp,1.0,8.0,7.998197999765249,0.8619294986432343,0.8428464641558352,0.01908303448739912,0.003976772238670864,0.008656684828400707,1148,0.03358426346136427,0.8112800174704085,True,0.05,360,paired cluster influence sandwich; asymptotic Bonferroni bounds,,,
209,1.0,validation,proxy_0.75,mlp_base,mlp_base:C5:E2,mlp_base,mlp,5.0,2.0,1.9909995955023065,0.8619294986432343,0.8526849874731773,0.00924451117005698,0.0034084487881318026,0.008448468578576148,1148,0.021673358827486038,0.8218777976256065,True,0.05,360,paired cluster influence sandwich; asymptotic Bonferroni bounds,,,
209,1.0,validation,proxy_0.75,mlp_base,mlp_base:C5:E8,mlp_base,mlp,5.0,8.0,7.998197999765249,0.8619294986432343,0.8613438972874147,0.0005856013558196427,0.0011711724389586093,0.008199484060659519,1148,0.004856260746414337,0.831444625039492,True,0.05,360,paired cluster influence sandwich; asymptotic Bonferroni bounds,,,
209,1.0,validation,proxy_0.75,mlp_base,mlp_stronger:C1:E2,mlp_stronger,mlp,1.0,2.0,1.9948093103901194,0.8619294986432343,0.8440544640801381,0.017875034563096248,0.0037631516196624743,0.008673054789750086,1148,0.03159729976345685,0.8124283246228916,True,0.05,360,paired cluster influence sandwich; asymptotic Bonferroni bounds,,,
209,1.0,validation,proxy_0.75,mlp_base,mlp_stronger:C1:E8,mlp_stronger,mlp,1.0,8.0,7.995742559457445,0.8619294986432343,0.8431429445550113,0.01878655408822305,0.0037699709606404705,0.008662881127480156,1148,0.032533685893719314,0.8115539031756093,True,0.05,360,paired cluster influence sandwich; asymptotic Bonferroni bounds,,,
209,1.0,validation,proxy_0.75,mlp_base,mlp_stronger:C5:E2,mlp_stronger,mlp,5.0,2.0,1.9948093103901194,0.8619294986432343,0.854183159703057,0.007746338940177289,0.0031487298243594473,0.008628882534076636,1148,0.019228126032779368,0.8227180935875494,True,0.05,360,paired cluster influence sandwich; asymptotic Bonferroni bounds,,,
209,1.0,validation,proxy_0.75,mlp_base,mlp_stronger:C5:E8,mlp_stronger,mlp,5.0,8.0,7.995742559457445,0.8619294986432343,0.861252429930222,0.0006770687130123187,0.0012065474622347085,0.008294157704573292,1148,0.005076722494459407,0.8310079319299056,True,0.05,360,paired cluster influence sandwich; asymptotic Bonferroni bounds,,,
209,1.0,validation,proxy_0.75,mlp_base,logistic:C1:E2,logistic,logistic,1.0,2.0,1.9948093103901194,0.8619294986432343,0.8467974334469842,0.0151320651962501,0.0033013906582375348,0.008526794708909654,1148,0.02717052729424864,0.8157046287634502,True,0.05,360,paired cluster influence sandwich; asymptotic Bonferroni bounds,,,
209,1.0,validation,proxy_0.75,mlp_base,logistic:C1:E8,logistic,logistic,1.0,8.0,7.995742559457445,0.8619294986432343,0.8461487511551695,0.015780747488064795,0.0033853284436120563,0.00855847185004489,1148,0.02812528722195286,0.8149404363419943,True,0.05,360,paired cluster influence sandwich; asymptotic Bonferroni bounds,,,
209,1.0,validation,proxy_0.75,mlp_base,logistic:C5:E2,logistic,logistic,5.0,2.0,1.9948093103901194,0.8619294986432343,0.8416006156699353,0.020328882973299045,0.003836235726729889,0.008669178850097912,1148,0.034317648065364935,0.8099886097574361,True,0.05,360,paired cluster influence sandwich; asymptotic Bonferroni bounds,,,
209,1.0,validation,proxy_0.75,mlp_base,logistic:C5:E8,logistic,logistic,5.0,8.0,7.995742559457445,0.8619294986432343,0.8564940246583379,0.005435473984896411,0.0017123289809402658,0.00828884948011512,1148,0.011679451044963166,0.8262688830037446,True,0.05,360,paired cluster influence sandwich; asymptotic Bonferroni bounds,,,
209,1.0,test,source,mlp_base,mlp_base:C1:E2,mlp_base,mlp,1.0,2.0,1.9909995955023065,0.8715751030684132,0.8541738038140917,0.017401299254321545,0.0037366960811840355,0.00870242158584511,1106,0.031028703500577515,0.8224368323571897,True,0.05,360,paired cluster influence sandwich; asymptotic Bonferroni bounds,1.1102230246251565e-16,0.014931712840675404,0.00246958641364603
209,1.0,test,source,mlp_base,mlp_base:C1:E8,mlp_base,mlp,1.0,8.0,7.998197999765249,0.8715751030684132,0.8559251397280039,0.015649963340409356,0.0036647457088154136,0.008669744202898469,1106,0.029014970862759115,0.8243073398326762,True,0.05,360,paired cluster influence sandwich; asymptotic Bonferroni bounds,1.1102230246251565e-16,0.014931712840675404,0.0007182504997338413
209,1.0,test,source,mlp_base,mlp_base:C5:E2,mlp_base,mlp,5.0,2.0,1.9909995955023065,0.8715751030684132,0.8602741304953366,0.011300972573076606,0.0024595558887514804,0.00868700886282326,1106,0.020270758082540693,0.8285933678931531,True,0.05,360,paired cluster influence sandwich; asymptotic Bonferroni bounds,1.1102230246251565e-16,0.0004898617821365026,0.010811110790939993
209,1.0,test,source,mlp_base,mlp_base:C5:E8,mlp_base,mlp,5.0,8.0,7.998197999765249,0.8715751030684132,0.8680329434716578,0.003542159596755412,0.0008319312649249811,0.008485710089118272,1106,0.006576140259330315,0.8370862999158069,True,0.05,360,paired cluster influence sandwich; asymptotic Bonferroni bounds,1.1102230246251565e-16,0.0004898617821365026,0.0030522978146187985
209,1.0,test,source,mlp_base,mlp_stronger:C1:E2,mlp_stronger,mlp,1.0,2.0,1.9948093103901194,0.8715751030684132,0.858582559853319,0.012992543215094243,0.003546636956443453,0.008538576658757905,1106,0.025926818433123538,0.8274431165353413,True,0.05,360,paired cluster influence sandwich; asymptotic Bonferroni bounds,-0.0010512284431464236,0.01421559681493767,-0.00017182515669700305
209,1.0,test,source,mlp_base,mlp_stronger:C1:E8,mlp_stronger,mlp,1.0,8.0,7.995742559457445,0.8715751030684132,0.8585302652404112,0.013044837828002032,0.0035351752929309354,0.008566309410703382,1106,0.025937313360259145,0.8272896829982579,True,0.05,360,paired cluster influence sandwich; asymptotic Bonferroni bounds,-0.0010512284431464236,0.01421559681493767,-0.00011953054378921468
209,1.0,test,source,mlp_base,mlp_stronger:C5:E2,mlp_stronger,mlp,5.0,2.0,1.9948093103901194,0.8715751030684132,0.8637864074561444,0.007788695612268803,0.0027895746519746682,0.00837002109650937,1106,0.01796203072747625,0.8332616715520991,True,0.05,360,paired cluster influence sandwich; asymptotic Bonferroni bounds,-0.0010512284431464236,0.0005112065220985729,0.008328717533316654
209,1.0,test,source,mlp_base,mlp_stronger:C5:E8,mlp_stronger,mlp,5.0,8.0,7.995742559457445,0.8715751030684132,0.8721289990704365,-0.0005538960020232686,0.00110878311662606,0.008284876466268876,1106,0.0034897391835546528,0.841914778196374,True,0.05,360,paired cluster influence sandwich; asymptotic Bonferroni bounds,-0.0010512284431464236,0.0005112065220985729,-1.3874080975417868e-05
209,1.0,test,source,mlp_base,logistic:C1:E2,logistic,logistic,1.0,2.0,1.9948093103901194,0.8715751030684132,0.8621161815540891,0.009458921514324148,0.0031066354832652576,0.008532888187179644,1106,0.02078854978925834,0.830997483595128,True,0.05,360,paired cluster influence sandwich; asymptotic Bonferroni bounds,0.0008249741995456361,0.010752412756043661,-0.0021184654412651494
209,1.0,test,source,mlp_base,logistic:C1:E8,logistic,logistic,1.0,8.0,7.995742559457445,0.8715751030684132,0.8609016658502303,0.010673437218182924,0.003165038258266591,0.008545696427683071,1106,0.022216055312667578,0.8297362573568209,True,0.05,360,paired cluster influence sandwich; asymptotic Bonferroni bounds,0.0008249741995456361,0.010752412756043661,-0.0009039497374063732
209,1.0,test,source,mlp_base,logistic:C5:E2,logistic,logistic,5.0,2.0,1.9948093103901194,0.8715751030684132,0.8584769033905053,0.013098199677907929,0.0034598472634453257,0.008812746676852687,1106,0.025715960465756655,0.8263375859624563,True,0.05,360,paired cluster influence sandwich; asymptotic Bonferroni bounds,0.0008249741995456361,0.0,0.012273225478362293
209,1.0,test,source,mlp_base,logistic:C5:E8,logistic,logistic,5.0,8.0,7.995742559457445,0.8715751030684132,0.8703808648675186,0.0011942382008945929,0.001555862359306801,0.008397686226374714,1106,0.006868332336773313,0.8397552366511178,True,0.05,360,paired cluster influence sandwich; asymptotic Bonferroni bounds,0.0008249741995456361,0.0,0.00036926400134895676
209,1.0,test,state_CO,mlp_base,mlp_base:C1:E2,mlp_base,mlp,1.0,2.0,1.9909995955023065,0.8556905992101718,0.834601061722526,0.02108953748764575,0.0043143532422786094,0.008781501588217921,1215,0.036819053327627804,0.8025849609134627,True,0.05,360,paired cluster influence sandwich; asymptotic Bonferroni bounds,0.0,0.017384351060679926,0.003705186426965823
209,1.0,test,state_CO,mlp_base,mlp_base:C1:E8,mlp_base,mlp,1.0,8.0,7.998197999765249,0.8556905992101718,0.8371657096151359,0.018524889595035843,0.004143596157316906,0.008715664537527042,1215,0.033631849487031656,0.8053896412914869,True,0.05,360,paired cluster influence sandwich; asymptotic Bonferroni bounds,0.0,0.017384351060679926,0.0011405385343559171
209,1.0,test,state_CO,mlp_base,mlp_base:C5:E2,mlp_base,mlp,5.0,2.0,1.9909995955023065,0.8556905992101718,0.838289567512792,0.01740103169737972,0.0030497124824496766,0.008798882546626401,1215,0.028519847915299733,0.8062100982113388,True,0.05,360,paired cluster influence sandwich; asymptotic Bonferroni bounds,0.0,4.899937030589108e-05,0.01735203232707383
209,1.0,test,state_CO,mlp_base,mlp_base:C5:E8,mlp_base,mlp,5.0,8.0,7.998197999765249,0.8556905992101718,0.8520959220013428,0.003594677208829,0.0011136187785738925,0.00850685234370765,1215,0.00765477225288435,0.8210811531183786,True,0.05,360,paired cluster influence sandwich; asymptotic Bonferroni bounds,0.0,4.899937030589108e-05,0.003545677838523109
209,1.0,test,state_CO,mlp_base,mlp_stronger:C1:E2,mlp_stronger,mlp,1.0,2.0,1.9948093103901194,0.8556905992101718,0.8407051322148967,0.014985466995275032,0.003878367476927894,0.00863258781299668,1215,0.02912544099271922,0.8092319497656886,True,0.05,360,paired cluster influence sandwich; asymptotic Bonferroni bounds,0.0002835708238984047,0.015319079729273155,-0.0006171835578965279
209,1.0,test,state_CO,mlp_base,mlp_stronger:C1:E8,mlp_stronger,mlp,1.0,8.0,7.995742559457445,0.8556905992101718,0.8403892426573922,0.015301356552779533,0.0039106454668302775,0.008635749793450664,1215,0.029559011492172778,0.8089045320789736,True,0.05,360,paired cluster influence sandwich; asymptotic Bonferroni bounds,0.0002835708238984047,0.015319079729273155,-0.00030129400039202725
209,1.0,test,state_CO,mlp_base,mlp_stronger:C5:E2,mlp_stronger,mlp,5.0,2.0,1.9948093103901194,0.8556905992101718,0.8477693818573054,0.007921217352866328,0.0033692137731909325,0.008712195595584709,1215,0.020204889652657616,0.8160059608006199,True,0.05,360,paired cluster influence sandwich; asymptotic Bonferroni bounds,0.0002835708238984047,0.00014699811091767323,0.00749064841805025
209,1.0,test,state_CO,mlp_base,mlp_stronger:C5:E8,mlp_stronger,mlp,5.0,8.0,7.995742559457445,0.8556905992101718,0.8551067769256753,0.0005838222844964935,0.0012503838686659147,0.008454876823848852,1215,0.00514254331723488,0.8242815033661118,True,0.05,360,paired cluster influence sandwich; asymptotic Bonferroni bounds,0.0002835708238984047,0.00014699811091767323,0.0001532533496804156
209,1.0,test,state_CO,mlp_base,logistic:C1:E2,logistic,logistic,1.0,2.0,1.9948093103901194,0.8556905992101718,0.8409032147757081,0.014787384434463702,0.0035230477238368707,0.008616386164638912,1215,0.027631913351117064,0.809489101222848,True,0.05,360,paired cluster influence sandwich; asymptotic Bonferroni bounds,0.001406907451657391,0.012679890241410474,0.0007005867413958367
209,1.0,test,state_CO,mlp_base,logistic:C1:E8,logistic,logistic,1.0,8.0,7.995742559457445,0.8556905992101718,0.84181439455544,0.013876204654731716,0.0035324741937311425,0.00858964014676386,1215,0.02675510113453778,0.8104977931644725,True,0.05,360,paired cluster influence sandwich; asymptotic Bonferroni bounds,0.001406907451657391,0.012679890241410474,-0.00021059303833614873
209,1.0,test,state_CO,mlp_base,logistic:C5:E2,logistic,logistic,5.0,2.0,1.9948093103901194,0.8556905992101718,0.8307999616345355,0.024890637575636254,0.004223151730769499,0.009071042970607677,1215,0.040287645728056966,0.797728234291233,True,0.05,360,paired cluster influence sandwich; asymptotic Bonferroni bounds,0.001406907451657391,-5.212698969137008e-07,0.023484251393875777
209,1.0,test,state_CO,mlp_base,logistic:C5:E8,logistic,logistic,5.0,8.0,7.995742559457445,0.8556905992101718,0.8506707701032948,0.005019829106876927,0.001802727620672096,0.008499688169422964,1215,0.011592316585801756,0.8196821207767423,True,0.05,360,paired cluster influence sandwich; asymptotic Bonferroni bounds,0.001406907451657391,-5.212698969137008e-07,0.00361344292511645
209,1.0,test,state_UT,mlp_base,mlp_base:C1:E2,mlp_base,mlp,1.0,2.0,1.9909995955023065,0.8828119936984421,0.8692627012097627,0.01354929248867942,0.004087656895890716,0.008145861135168238,1119,0.028456061307881267,0.8395565708108672,True,0.05,360,paired cluster influence sandwich; asymptotic Bonferroni bounds,2.220446049250313e-16,0.011342922353445584,0.002206370135233615
209,1.0,test,state_UT,mlp_base,mlp_base:C1:E8,mlp_base,mlp,1.0,8.0,7.998197999765249,0.8828119936984421,0.8707697492220263,0.012042244476415775,0.004002950709269454,0.008112907720801041,1119,0.026640108812271995,0.8411837925417883,True,0.05,360,paired cluster influence sandwich; asymptotic Bonferroni bounds,2.220446049250313e-16,0.011342922353445584,0.0006993221229699698
209,1.0,test,state_UT,mlp_base,mlp_base:C5:E2,mlp_base,mlp,5.0,2.0,1.9909995955023065,0.8828119936984421,0.8707556096003318,0.012056384098110273,0.002682907883350346,0.008168123118209821,1119,0.021840348016540622,0.840968294737302,True,0.05,360,paired cluster influence sandwich; asymptotic Bonferroni bounds,2.220446049250313e-16,0.0007340820263019854,0.011322302071808066
209,1.0,test,state_UT,mlp_base,mlp_base:C5:E8,mlp_base,mlp,5.0,8.0,7.998197999765249,0.8828119936984421,0.8795999429701924,0.0032120507282497046,0.0009121521458649415,0.007778147318452424,1119,0.006538465227474614,0.851234782470928,True,0.05,360,paired cluster influence sandwich; asymptotic Bonferroni bounds,2.220446049250313e-16,0.0007340820263019854,0.002477968701947497
209,1.0,test,state_UT,mlp_base,mlp_stronger:C1:E2,mlp_stronger,mlp,1.0,2.0,1.9948093103901194,0.8828119936984421,0.8731970509462353,0.009614942752206757,0.0038014608771840845,0.008075496267974413,1119,0.02347801881624499,0.8437475254520486,True,0.05,360,paired cluster influence sandwich; asymptotic Bonferroni bounds,0.0020066479788001246,0.008229259826153523,-0.0006209650527468913
209,1.0,test,state_UT,mlp_base,mlp_stronger:C1:E8,mlp_stronger,mlp,1.0,8.0,7.995742559457445,0.8828119936984421,0.8730073443551684,0.009804649343273741,0.003812794268724445,0.00806292047355193,1119,0.023709055746900774,0.8436036799655088,True,0.05,360,paired cluster influence sandwich; asymptotic Bonferroni bounds,0.0020066479788001246,0.008229259826153523,-0.00043125846167990645
209,1.0,test,state_UT,mlp_base,mlp_stronger:C5:E2,mlp_stronger,mlp,5.0,2.0,1.9948093103901194,0.8828119936984421,0.8723592783608408,0.010452715337601282,0.0030366667921443544,0.008247437093101648,1119,0.02152675873320759,0.842282723202464,True,0.05,360,paired cluster influence sandwich; asymptotic Bonferroni bounds,0.0020066479788001246,0.0006398178816725553,0.007806249477128602
209,1.0,test,state_UT,mlp_base,mlp_stronger:C5:E8,mlp_stronger,mlp,5.0,8.0,7.995742559457445,0.8828119936984421,0.8804989872495961,0.0023130064488460222,0.0012081164541033697,0.007828112206302642,1119,0.006718736466474754,0.8519516159994711,True,0.05,360,paired cluster influence sandwich; asymptotic Bonferroni bounds,0.0020066479788001246,0.0006398178816725553,-0.0003334594116266576
209,1.0,test,state_UT,mlp_base,logistic:C1:E2,logistic,logistic,1.0,2.0,1.9948093103901194,0.8828119936984421,0.8728341339894118,0.009977859709030312,0.0033587460668944944,0.008055434784331463,1119,0.022226454054591126,0.8434577682310963,True,0.05,360,paired cluster influence sandwich; asymptotic Bonferroni bounds,0.0018911744016291143,0.008037196631470622,4.948867593057571e-05
209,1.0,test,state_UT,mlp_base,logistic:C1:E8,logistic,logistic,1.0,8.0,7.995742559457445,0.8828119936984421,0.8731605235901913,0.009651470108250848,0.003426974586253514,0.008039546796289505,1119,0.022148878576636843,0.8438420977644033,True,0.05,360,paired cluster influence sandwich; asymptotic Bonferroni bounds,0.0018911744016291143,0.008037196631470622,-0.0002769009248488885
209,1.0,test,state_UT,mlp_base,logistic:C5:E2,logistic,logistic,5.0,2.0,1.9948093103901194,0.8828119936984421,0.8597820848636529,0.02302990883478917,0.0038907121294373646,0.008571105607468356,1119,0.03721846421816592,0.828525183154525,True,0.05,360,paired cluster influence sandwich; asymptotic Bonferroni bounds,0.0018911744016291143,0.0,0.021138734433160056
209,1.0,test,state_UT,mlp_base,logistic:C5:E8,logistic,logistic,5.0,8.0,7.995742559457445,0.8828119936984421,0.8781247091067411,0.00468728459170098,0.0017265021945325433,0.007894577315949504,1119,0.010983451255203001,0.8493349544939017,True,0.05,360,paired cluster influence sandwich; asymptotic Bonferroni bounds,0.0018911744016291143,0.0,0.0027961101900718655
210,1.0,validation,source,mlp_base,mlp_base:C1:E2,mlp_base,mlp,1.0,2.0,1.9909995955023065,0.8834159024849978,0.8552683705937055,0.028147531891292266,0.003976565737860721,0.008373007899036401,1150,0.042647929472244175,0.8247365118271018,True,0.05,360,paired cluster influence sandwich; asymptotic Bonferroni bounds,,,
210,1.0,validation,source,mlp_base,mlp_base:C1:E8,mlp_base,mlp,1.0,8.0,7.998197999765249,0.8834159024849978,0.8562160392662188,0.027199863218778986,0.003915833780463042,0.00832868343496787,1150,0.04147880399851389,0.8258458079927651,True,0.05,360,paired cluster influence sandwich; asymptotic Bonferroni bounds,,,
210,1.0,validation,source,mlp_base,mlp_base:C5:E2,mlp_base,mlp,5.0,2.0,1.9909995955023065,0.8834159024849978,0.8669854753355936,0.016430427149404236,0.003342981605417804,0.0080454381076718,1150,0.028620483992383774,0.8376480875078386,True,0.05,360,paired cluster influence sandwich; asymptotic Bonferroni bounds,,,
210,1.0,validation,source,mlp_base,mlp_base:C5:E8,mlp_base,mlp,5.0,8.0,7.998197999765249,0.8834159024849978,0.8813402057556537,0.0020756967293440454,0.00113187563681728,0.007506437221953583,1150,0.006203038719388255,0.8539682644097678,True,0.05,360,paired cluster influence sandwich; asymptotic Bonferroni bounds,,,
210,1.0,validation,source,mlp_base,mlp_stronger:C1:E2,mlp_stronger,mlp,1.0,2.0,1.9948093103901194,0.8834159024849978,0.8575932343337546,0.025822668151243233,0.003914952551281713,0.008326085449826038,1150,0.04009839556187234,0.8272324765155256,True,0.05,360,paired cluster influence sandwich; asymptotic Bonferroni bounds,,,
210,1.0,validation,source,mlp_base,mlp_stronger:C1:E8,mlp_stronger,mlp,1.0,8.0,7.995742559457445,0.8834159024849978,0.8579732400885741,0.025442662396423676,0.0038434765805661283,0.008306299832320936,1150,0.039457755364877556,0.8276846297813185,True,0.05,360,paired cluster influence sandwich; asymptotic Bonferroni bounds,,,
210,1.0,validation,source,mlp_base,mlp_stronger:C5:E2,mlp_stronger,mlp,5.0,2.0,1.9948093103901194,0.8834159024849978,0.8691664685841058,0.01424943390089195,0.0032652274748928506,0.007981058018308607,1150,0.026155963227794364,0.8400638403337358,True,0.05,360,paired cluster influence sandwich; asymptotic Bonferroni bounds,,,
210,1.0,validation,source,mlp_base,mlp_stronger:C5:E8,mlp_stronger,mlp,5.0,8.0,7.995742559457445,0.8834159024849978,0.8823472991964103,0.0010686032885874885,0.0013061436503112858,0.007502649160109638,1150,0.005831407043351626,0.8549891708757374,True,0.05,360,paired cluster influence sandwich; asymptotic Bonferroni bounds,,,
210,1.0,validation,source,mlp_base,logistic:C1:E2,logistic,logistic,1.0,2.0,1.9948093103901194,0.8834159024849978,0.8599248745824628,0.02349102790253499,0.003619410935828739,0.008235423974685865,1150,0.03668907391461883,0.8298947104275779,True,0.05,360,paired cluster influence sandwich; asymptotic Bonferroni bounds,,,
210,1.0,validation,source,mlp_base,logistic:C1:E8,logistic,logistic,1.0,8.0,7.995742559457445,0.8834159024849978,0.8610096372378533,0.022406265247144508,0.0035053000534053416,0.00818154970362956,1150,0.03518821021311747,0.8311759235885549,True,0.05,360,paired cluster influence sandwich; asymptotic Bonferroni bounds,,,
210,1.0,validation,source,mlp_base,logistic:C5:E2,logistic,logistic,5.0,2.0,1.9948093103901194,0.8834159024849978,0.8576693397386977,0.02574656274630005,0.003868376167952003,0.008266240722358285,1150,0.03985245112478809,0.8275268034710757,True,0.05,360,paired cluster influence sandwich; asymptotic Bonferroni bounds,,,
210,1.0,validation,source,mlp_base,logistic:C5:E8,logistic,logistic,5.0,8.0,7.995742559457445,0.8834159024849978,0.8767259246285432,0.006689977856454643,0.0017950316394450068,0.007640716459349945,1150,0.013235493298214496,0.8488643390877743,True,0.05,360,paired cluster influence sandwich; asymptotic Bonferroni bounds,,,
210,1.0,validation,state_OR,mlp_base,mlp_base:C1:E2,mlp_base,mlp,1.0,2.0,1.9909995955023065,0.8642095405658502,0.8358693493004911,0.028340191265359138,0.0048168094725521615,0.009159703948904701,1232,0.045900879231820665,0.802475729762815,True,0.05,360,paired cluster influence sandwich; asymptotic Bonferroni bounds,,,
210,1.0,validation,state_OR,mlp_base,mlp_base:C1:E8,mlp_base,mlp,1.0,8.0,7.998197999765249,0.8642095405658502,0.8358999971622351,0.028309543403615134,0.00480824338481206,0.009144461853998174,1232,0.045839001902780015,0.8025619458744834,True,0.05,360,paired cluster influence sandwich; asymptotic Bonferroni bounds,,,
210,1.0,validation,state_OR,mlp_base,mlp_base:C5:E2,mlp_base,mlp,5.0,2.0,1.9909995955023065,0.8642095405658502,0.8494917562927439,0.014717784273106327,0.0037745589916597633,0.008842557371699014,1232,0.028478729778891224,0.8172543610387303,True,0.05,360,paired cluster influence sandwich; asymptotic Bonferroni bounds,,,
210,1.0,validation,state_OR,mlp_base,mlp_base:C5:E8,mlp_base,mlp,5.0,8.0,7.998197999765249,0.8642095405658502,0.8626464996169017,0.0015630409489485464,0.0011846740629292611,0.008420648874731346,1232,0.005882018413099363,0.8319472601707661,True,0.05,360,paired cluster influence sandwich; asymptotic Bonferroni bounds,,,
210,1.0,validation,state_OR,mlp_base,mlp_stronger:C1:E2,mlp_stronger,mlp,1.0,2.0,1.9948093103901194,0.8642095405658502,0.8317534549788587,0.032456085586991534,0.004792021507188924,0.009232355677672981,1232,0.04992640383309196,0.7980949683447376,True,0.05,360,paired cluster influence sandwich; asymptotic Bonferroni bounds,,,
210,1.0,validation,state_OR,mlp_base,mlp_stronger:C1:E8,mlp_stronger,mlp,1.0,8.0,7.995742559457445,0.8642095405658502,0.8340282073838644,0.030181333181985792,0.004739624946192384,0.0091580823600833,1232,0.047460628788843565,0.8006404996879303,True,0.05,360,paired cluster influence sandwich; asymptotic Bonferroni bounds,,,
210,1.0,validation,state_OR,mlp_base,mlp_stronger:C5:E2,mlp_stronger,mlp,5.0,2.0,1.9948093103901194,0.8642095405658502,0.8392894236499333,0.02492011691591689,0.0038530969269540702,0.009153519670149374,1232,0.038967388917091006,0.8059183501959541,True,0.05,360,paired cluster influence sandwich; asymptotic Bonferroni bounds,,,
210,1.0,validation,state_OR,mlp_base,mlp_stronger:C5:E8,mlp_stronger,mlp,5.0,8.0,7.995742559457445,0.8642095405658502,0.8589426487698288,0.005266891796021356,0.001450318538837953,0.008530317128113276,1232,0.010554331844799807,0.8278435907324783,True,0.05,360,paired cluster influence sandwich; asymptotic Bonferroni bounds,,,
210,1.0,validation,state_OR,mlp_base,logistic:C1:E2,logistic,logistic,1.0,2.0,1.9948093103901194,0.8642095405658502,0.8407798178154886,0.023429722750361592,0.0044705029438677464,0.00902292413119349,1232,0.03972787772156365,0.8078848577561712,True,0.05,360,paired cluster influence sandwich; asymptotic Bonferroni bounds,,,
210,1.0,validation,state_OR,mlp_base,logistic:C1:E8,logistic,logistic,1.0,8.0,7.995742559457445,0.8642095405658502,0.842003462073271,0.022206078492579162,0.004306466967036111,0.00897057867237267,1232,0.03790620594767775,0.8092993383495097,True,0.05,360,paired cluster influence sandwich; asymptotic Bonferroni bounds,,,
210,1.0,validation,state_OR,mlp_base,logistic:C5:E2,logistic,logistic,5.0,2.0,1.9948093103901194,0.8642095405658502,0.8369817531712024,0.027227787394647818,0.004889128196581607,0.009156248620029988,1232,0.045052128419020496,0.8036007307587678,True,0.05,360,paired cluster influence sandwich; asymptotic Bonferroni bounds,,,
210,1.0,validation,state_OR,mlp_base,logistic:C5:E8,logistic,logistic,5.0,8.0,7.995742559457445,0.8642095405658502,0.8595363092028718,0.0046732313629783695,0.0021827366612903114,0.00847449933859755,1232,0.012630855105477375,0.828640746610016,True,0.05,360,paired cluster influence sandwich; asymptotic Bonferroni bounds,,,
210,1.0,validation,state_WA,mlp_base,mlp_base:C1:E2,mlp_base,mlp,1.0,2.0,1.9909995955023065,0.8561155030252914,0.8229797799241683,0.033135723101123116,0.004244704149846468,0.009400566940474149,1206,0.0486116474332924,0.788705904168768,True,0.05,360,paired cluster influence sandwich; asymptotic Bonferroni bounds,,,
210,1.0,validation,state_WA,mlp_base,mlp_base:C1:E8,mlp_base,mlp,1.0,8.0,7.998197999765249,0.8561155030252914,0.8223684006006025,0.033747102424688924,0.004258326262071022,0.009423255177664194,1206,0.04927269212117792,0.7880118049595309,True,0.05,360,paired cluster influence sandwich; asymptotic Bonferroni bounds,,,
210,1.0,validation,state_WA,mlp_base,mlp_base:C5:E2,mlp_base,mlp,5.0,2.0,1.9909995955023065,0.8561155030252914,0.8406745482787601,0.015440954746531288,0.003457012938651698,0.008860831038254458,1206,0.028045006469626994,0.808368515672666,True,0.05,360,paired cluster influence sandwich; asymptotic Bonferroni bounds,,,
210,1.0,validation,state_WA,mlp_base,mlp_base:C5:E8,mlp_base,mlp,5.0,8.0,7.998197999765249,0.8561155030252914,0.8550357449657058,0.0010797580595856004,0.0011533305826818831,0.008447985499950522,1206,0.0052847288178437795,0.8242349212236727,True,0.05,360,paired cluster influence sandwich; asymptotic Bonferroni bounds,,,
210,1.0,validation,state_WA,mlp_base,mlp_stronger:C1:E2,mlp_stronger,mlp,1.0,2.0,1.9948093103901194,0.8561155030252914,0.8211969356424819,0.03491856738280952,0.004293806835774774,0.009392582822329411,1206,0.05057351701924182,0.7869521694796244,True,0.05,360,paired cluster influence sandwich; asymptotic Bonferroni bounds,,,
210,1.0,validation,state_WA,mlp_base,mlp_stronger:C1:E8,mlp_stronger,mlp,1.0,8.0,7.995742559457445,0.8561155030252914,0.8235621446357682,0.032553358389523224,0.0041917120595897275,0.009355911459485916,1206,0.047836076893897315,0.7894510799551551,True,0.05,360,paired cluster influence sandwich; asymptotic Bonferroni bounds,,,
210,1.0,validation,state_WA,mlp_base,mlp_stronger:C5:E2,mlp_stronger,mlp,5.0,2.0,1.9948093103901194,0.8561155030252914,0.8309650156316222,0.025150487393669207,0.00400093012259036,0.009142732893932588,1206,0.0397376269562097,0.7976311865917693,True,0.05,360,paired cluster influence sandwich; asymptotic Bonferroni bounds,,,
210,1.0,validation,state_WA,mlp_base,mlp_stronger:C5:E8,mlp_stronger,mlp,5.0,8.0,7.995742559457445,0.8561155030252914,0.8512483018680228,0.004867201157268575,0.0015080924062065848,0.008567307221116484,1206,0.010365611209054257,0.8200124386361314,True,0.05,360,paired cluster influence sandwich; asymptotic Bonferroni bounds,,,
210,1.0,validation,state_WA,mlp_base,logistic:C1:E2,logistic,logistic,1.0,2.0,1.9948093103901194,0.8561155030252914,0.8248564035766726,0.03125909944861882,0.003977520755622503,0.00935356986722765,1206,0.04576088993167832,0.7907538761941435,True,0.05,360,paired cluster influence sandwich; asymptotic Bonferroni bounds,,,
210,1.0,validation,state_WA,mlp_base,logistic:C1:E8,logistic,logistic,1.0,8.0,7.995742559457445,0.8561155030252914,0.8275744509761862,0.028541052049105176,0.0037937566104867424,0.009290162173806201,1206,0.0423728500180363,0.793703104055434,True,0.05,360,paired cluster influence sandwich; asymptotic Bonferroni bounds,,,
210,1.0,validation,state_WA,mlp_base,logistic:C5:E2,logistic,logistic,5.0,2.0,1.9948093103901194,0.8561155030252914,0.8181478107957153,0.03796769222957608,0.0046652152127930665,0.00943778576789662,1206,0.05497677344648068,0.783738237536652,True,0.05,360,paired cluster influence sandwich; asymptotic Bonferroni bounds,,,
210,1.0,validation,state_WA,mlp_base,logistic:C5:E8,logistic,logistic,5.0,8.0,7.995742559457445,0.8561155030252914,0.8465251375344418,0.009590365490849573,0.00191540700712013,0.008723077698994098,1206,0.016573818956875035,0.8147213449384021,True,0.05,360,paired cluster influence sandwich; asymptotic Bonferroni bounds,,,
210,1.0,validation,proxy_0.5,mlp_base,mlp_base:C1:E2,mlp_base,mlp,1.0,2.0,1.9909995955023065,0.8720683780999922,0.8351895754360944,0.03687880266389776,0.004482570425943321,0.00885922063397979,1150,0.053224327331563064,0.8028847601964024,True,0.05,360,paired cluster influence sandwich; asymptotic Bonferroni bounds,,,
210,1.0,validation,proxy_0.5,mlp_base,mlp_base:C1:E8,mlp_base,mlp,1.0,8.0,7.998197999765249,0.8720683780999922,0.835667058661629,0.03640131943836311,0.004431971408251035,0.008833292999786163,1150,0.052562336688796965,0.8034567875660366,True,0.05,360,paired cluster influence sandwich; asymptotic Bonferroni bounds,,,
210,1.0,validation,proxy_0.5,mlp_base,mlp_base:C5:E2,mlp_base,mlp,5.0,2.0,1.9909995955023065,0.8720683780999922,0.8546329425894186,0.017435435510573583,0.003379265633509583,0.008344084133190143,1150,0.02975780069895778,0.8242065532484341,True,0.05,360,paired cluster influence sandwich; asymptotic Bonferroni bounds,,,
210,1.0,validation,proxy_0.5,mlp_base,mlp_base:C5:E8,mlp_base,mlp,5.0,8.0,7.998197999765249,0.8720683780999922,0.8697080680069559,0.0023603100930362775,0.0012074170527926174,0.007866195463319134,1150,0.006763111018674432,0.8410242817484719,True,0.05,360,paired cluster influence sandwich; asymptotic Bonferroni bounds,,,
210,1.0,validation,proxy_0.5,mlp_base,mlp_stronger:C1:E2,mlp_stronger,mlp,1.0,2.0,1.9948093103901194,0.8720683780999922,0.8362691253925162,0.03579925270747597,0.004439247389368313,0.008824675668093047,1150,0.051986801549727235,0.8040902770732272,True,0.05,360,paired cluster influence sandwich; asymptotic Bonferroni bounds,,,
210,1.0,validation,proxy_0.5,mlp_base,mlp_stronger:C1:E8,mlp_stronger,mlp,1.0,8.0,7.995742559457445,0.8720683780999922,0.8373976747192441,0.03467070338074807,0.004326755663982255,0.00879653675109013,1150,0.05044805537220048,0.8053214339037504,True,0.05,360,paired cluster influence sandwich; asymptotic Bonferroni bounds,,,
210,1.0,validation,proxy_0.5,mlp_base,mlp_stronger:C5:E2,mlp_stronger,mlp,5.0,2.0,1.9948093103901194,0.8720683780999922,0.8557807789023307,0.01628759919766143,0.003568065560381901,0.008295031981292816,1150,0.02929841622699924,0.8255332563905653,True,0.05,360,paired cluster influence sandwich; asymptotic Bonferroni bounds,,,
210,1.0,validation,proxy_0.5,mlp_base,mlp_stronger:C5:E8,mlp_stronger,mlp,5.0,8.0,7.995742559457445,0.8720683780999922,0.8702001467896029,0.0018682313103892678,0.0014286679430708853,0.00784706288159797,1150,0.007077815296000268,0.8415861267716378,True,0.05,360,paired cluster influence sandwich; asymptotic Bonferroni bounds,,,
210,1.0,validation,proxy_0.5,mlp_base,logistic:C1:E2,logistic,logistic,1.0,2.0,1.9948093103901194,0.8720683780999922,0.8408172052427241,0.031251172857268084,0.004067415251380844,0.008683399945933304,1150,0.04608284977645282,0.8091535135371806,True,0.05,360,paired cluster influence sandwich; asymptotic Bonferroni bounds,,,
210,1.0,validation,proxy_0.5,mlp_base,logistic:C1:E8,logistic,logistic,1.0,8.0,7.995742559457445,0.8720683780999922,0.8417137894653438,0.03035458863464835,0.003943540230789971,0.0086442893167556,1150,0.044734559944690416,0.8101927131998817,True,0.05,360,paired cluster influence sandwich; asymptotic Bonferroni bounds,,,
210,1.0,validation,proxy_0.5,mlp_base,logistic:C5:E2,logistic,logistic,5.0,2.0,1.9948093103901194,0.8720683780999922,0.8452990838160293,0.026769294283962908,0.004086133464382796,0.008551543510143717,1150,0.041669226463697986,0.8141162016503236,True,0.05,360,paired cluster influence sandwich; asymptotic Bonferroni bounds,,,
210,1.0,validation,proxy_0.5,mlp_base,logistic:C5:E8,logistic,logistic,5.0,8.0,7.995742559457445,0.8720683780999922,0.8642243086918628,0.007844069408129317,0.0018749330513559703,0.007988042200745527,1150,0.014680942346876426,0.8350962128826017,True,0.05,360,paired cluster influence sandwich; asymptotic Bonferroni bounds,,,
210,1.0,validation,proxy_0.75,mlp_base,mlp_base:C1:E2,mlp_base,mlp,1.0,2.0,1.9909995955023065,0.8763360147456828,0.8450733739506837,0.031262640794999075,0.004240137037897246,0.008676781913914378,1150,0.04672414122031489,0.8134338146502866,True,0.05,360,paired cluster influence sandwich; asymptotic Bonferroni bounds,,,
210,1.0,validation,proxy_0.75,mlp_base,mlp_base:C1:E8,mlp_base,mlp,1.0,8.0,7.998197999765249,0.8763360147456828,0.845756237515586,0.03057977723009675,0.004172008599215769,0.008638739687002753,1150,0.04579284986304759,0.8142553977665424,True,0.05,360,paired cluster influence sandwich; asymptotic Bonferroni bounds,,,
210,1.0,validation,proxy_0.75,mlp_base,mlp_base:C5:E2,mlp_base,mlp,5.0,2.0,1.9909995955023065,0.8763360147456828,0.8585085842726617,0.017827430473021044,0.0034643277942345172,0.008314324928972319,1150,0.030459971635075914,0.8281907107519346,True,0.05,360,paired cluster influence sandwich; asymptotic Bonferroni bounds,,,
210,1.0,validation,proxy_0.75,mlp_base,mlp_base:C5:E8,mlp_base,mlp,5.0,8.0,7.998197999765249,0.8763360147456828,0.8737359205000855,0.002600094245597262,0.001221869224094783,0.007751820035524405,1150,0.007055594470983989,0.8454691999424712,True,0.05,360,paired cluster influence sandwich; asymptotic Bonferroni bounds,,,
210,1.0,validation,proxy_0.75,mlp_base,mlp_stronger:C1:E2,mlp_stronger,mlp,1.0,2.0,1.9948093103901194,0.8763360147456828,0.845796896567542,0.03053911817814081,0.004171150317861482,0.008651180796388894,1150,0.04574906112037512,0.8142506907804797,True,0.05,360,paired cluster influence sandwich; asymptotic Bonferroni bounds,,,
210,1.0,validation,proxy_0.75,mlp_base,mlp_stronger:C1:E8,mlp_stronger,mlp,1.0,8.0,7.995742559457445,0.8763360147456828,0.846765937305827,0.029570077439855735,0.004074909159019417,0.008622677654667132,1150,0.044429080611731245,0.815323667154315,True,0.05,360,paired cluster influence sandwich; asymptotic Bonferroni bounds,,,
210,1.0,validation,proxy_0.75,mlp_base,mlp_stronger:C5:E2,mlp_stronger,mlp,5.0,2.0,1.9948093103901194,0.8763360147456828,0.8591570440243703,0.01717897072131247,0.0035007276159647995,0.00828681825556235,1150,0.029944242465924947,0.8289394725549274,True,0.05,360,paired cluster influence sandwich; asymptotic Bonferroni bounds,,,
210,1.0,validation,proxy_0.75,mlp_base,mlp_stronger:C5:E8,mlp_stronger,mlp,5.0,8.0,7.995742559457445,0.8763360147456828,0.8736837935103984,0.0026522212352844132,0.0014253616004319923,0.007775041702047036,1150,0.0078497487666675,0.8453323960181456,True,0.05,360,paired cluster influence sandwich; asymptotic Bonferroni bounds,,,
210,1.0,validation,proxy_0.75,mlp_base,logistic:C1:E2,logistic,logistic,1.0,2.0,1.9948093103901194,0.8763360147456828,0.8488895908656834,0.027446423879999404,0.0038547406882978074,0.008554347585949655,1150,0.04150259099415366,0.8176964837428883,True,0.05,360,paired cluster influence sandwich; asymptotic Bonferroni bounds,,,
210,1.0,validation,proxy_0.75,mlp_base,logistic:C1:E8,logistic,logistic,1.0,8.0,7.995742559457445,0.8763360147456828,0.8502297757705412,0.026106238975141638,0.003726094122950428,0.008495635188356686,1150,0.039693301221444655,0.8192507612000012,True,0.05,360,paired cluster influence sandwich; asymptotic Bonferroni bounds,,,
210,1.0,validation,proxy_0.75,mlp_base,logistic:C5:E2,logistic,logistic,5.0,2.0,1.9948093103901194,0.8763360147456828,0.8486690936993065,0.027666921046376247,0.004031478107811846,0.008519915929101571,1150,0.04236755452153772,0.8176015403197614,True,0.05,360,paired cluster influence sandwich; asymptotic Bonferroni bounds,,,
210,1.0,validation,proxy_0.75,mlp_base,logistic:C5:E8,logistic,logistic,5.0,8.0,7.995742559457445,0.8763360147456828,0.8683084583338546,0.008027556411828174,0.0018729443967357695,0.00790658186633172,1150,0.014857177796207766,0.8394774045739255,True,0.05,360,paired cluster influence sandwich; asymptotic Bonferroni bounds,,,
210,1.0,test,source,mlp_base,mlp_base:C1:E2,mlp_base,mlp,1.0,2.0,1.9909995955023065,0.8633580068114661,0.8345292701046763,0.02882873670678987,0.00397530212778345,0.00882168426399747,1175,0.04332356958868515,0.8023634535118163,True,0.05,360,paired cluster influence sandwich; asymptotic Bonferroni bounds,1.1102230246251565e-16,0.02837380423713254,0.000454932469657221
210,1.0,test,source,mlp_base,mlp_base:C1:E8,mlp_base,mlp,1.0,8.0,7.998197999765249,0.8633580068114661,0.8349539433045626,0.0284040635069035,0.003925180636241,0.008772952217498079,1175,0.04271614231870645,0.8029658145571281,True,0.05,360,paired cluster influence sandwich; asymptotic Bonferroni bounds,1.1102230246251565e-16,0.02837380423713254,3.025926977084925e-05
210,1.0,test,source,mlp_base,mlp_base:C5:E2,mlp_base,mlp,5.0,2.0,1.9909995955023065,0.8633580068114661,0.8462364772366817,0.01712152957478441,0.0033859811751603516,0.008677728717043707,1175,0.029467567611032565,0.8145955544829423,True,0.05,360,paired cluster influence sandwich; asymptotic Bonferroni bounds,1.1102230246251565e-16,0.0004570193158482949,0.016664510258936005
210,1.0,test,source,mlp_base,mlp_base:C5:E8,mlp_base,mlp,5.0,8.0,7.998197999765249,0.8633580068114661,0.8602454757174578,0.0031125310940083306,0.0011789171211856351,0.008184808628484794,1175,0.0074111242836331186,0.8304018488869277,True,0.05,360,paired cluster influence sandwich; asymptotic Bonferroni bounds,1.1102230246251565e-16,0.0004570193158482949,0.0026555117781599247
210,1.0,test,source,mlp_base,mlp_stronger:C1:E2,mlp_stronger,mlp,1.0,2.0,1.9948093103901194,0.8633580068114661,0.8373684243476519,0.02598958246381422,0.0038424637041228793,0.008692775223245571,1175,0.04000005700278074,0.8056726386964919,True,0.05,360,paired cluster influence sandwich; asymptotic Bonferroni bounds,0.0006401400691165016,0.025730291824571316,-0.0003808494298735976
210,1.0,test,source,mlp_base,mlp_stronger:C1:E8,mlp_stronger,mlp,1.0,8.0,7.995742559457445,0.8633580068114661,0.8373172966159702,0.02604071019549592,0.003786780687929759,0.008690955165679576,1175,0.03984815211250443,0.8056281472982023,True,0.05,360,paired cluster influence sandwich; asymptotic Bonferroni bounds,0.0006401400691165016,0.025730291824571316,-0.0003297216981918982
210,1.0,test,source,mlp_base,mlp_stronger:C5:E2,mlp_stronger,mlp,5.0,2.0,1.9948093103901194,0.8633580068114661,0.8517968789128366,0.011561127898629509,0.003317574887983811,0.008384502089021188,1175,0.02365774144616647,0.8212251254531749,True,0.05,360,paired cluster influence sandwich; asymptotic Bonferroni bounds,0.0006401400691165016,0.0003229394480709358,0.010598048381442071
210,1.0,test,source,mlp_base,mlp_stronger:C5:E8,mlp_stronger,mlp,5.0,8.0,7.995742559457445,0.8633580068114661,0.8628049925708275,0.000553014240638583,0.001317862424834596,0.008052476012604283,1175,0.005358232811524353,0.8334438797959226,True,0.05,360,paired cluster influence sandwich; asymptotic Bonferroni bounds,0.0006401400691165016,0.0003229394480709358,-0.0004100652765488544
210,1.0,test,source,mlp_base,logistic:C1:E2,logistic,logistic,1.0,2.0,1.9948093103901194,0.8633580068114661,0.8381708167081254,0.025187190103340695,0.0035451660937070744,0.008670690138517486,1175,0.03811365164388723,0.8065555581721446,True,0.05,360,paired cluster influence sandwich; asymptotic Bonferroni bounds,0.003792842952303088,0.019601746272892906,0.0017926008781447011
210,1.0,test,source,mlp_base,logistic:C1:E8,logistic,logistic,1.0,8.0,7.995742559457445,0.8633580068114661,0.8396305656187916,0.02372744119267456,0.003435732543463833,0.008628028205790797,1175,0.03625488374762949,0.8081708619476775,True,0.05,360,paired cluster influence sandwich; asymptotic Bonferroni bounds,0.003792842952303088,0.019601746272892906,0.0003328519674785646
210,1.0,test,source,mlp_base,logistic:C5:E2,logistic,logistic,5.0,2.0,1.9948093103901194,0.8633580068114661,0.8392413688041536,0.024116638007312563,0.0038416443633295626,0.008663536120975762,1175,0.038124125048098895,0.8076521954021747,True,0.05,360,paired cluster influence sandwich; asymptotic Bonferroni bounds,0.003792842952303088,0.0,0.020323795055009475
210,1.0,test,source,mlp_base,logistic:C5:E8,logistic,logistic,5.0,8.0,7.995742559457445,0.8633580068114661,0.8567797459056078,0.006578260905858335,0.0016730868164303704,0.008148530832761776,1175,0.012678706361706586,0.8270683959610667,True,0.05,360,paired cluster influence sandwich; asymptotic Bonferroni bounds,0.003792842952303088,0.0,0.002785417953555247
210,1.0,test,state_CO,mlp_base,mlp_base:C1:E2,mlp_base,mlp,1.0,2.0,1.9909995955023065,0.829710917307523,0.8010338548212445,0.02867706248627855,0.004588770563827091,0.010199582087193371,1205,0.045407472397125816,0.7638467288003344,True,0.05,360,paired cluster influence sandwich; asymptotic Bonferroni bounds,0.0,0.029273109274890907,-0.0005960467886123588
210,1.0,test,state_CO,mlp_base,mlp_base:C1:E8,mlp_base,mlp,1.0,8.0,7.998197999765249,0.829710917307523,0.8008079509671974,0.02890296634032563,0.004586188096686543,0.010194427436893664,1205,0.045623960715302954,0.763639618523186,True,0.05,360,paired cluster influence sandwich; asymptotic Bonferroni bounds,0.0,0.029273109274890907,-0.00037014293456527625
210,1.0,test,state_CO,mlp_base,mlp_base:C5:E2,mlp_base,mlp,5.0,2.0,1.9909995955023065,0.829710917307523,0.8150632265645965,0.014647690742926489,0.004007297867507284,0.009918483491215935,1205,0.0292580825735317,0.7789009708593084,True,0.05,360,paired cluster influence sandwich; asymptotic Bonferroni bounds,0.0,-0.0005143820150835809,0.01516207275801007
210,1.0,test,state_CO,mlp_base,mlp_base:C5:E8,mlp_base,mlp,5.0,8.0,7.998197999765249,0.829710917307523,0.8286460935072262,0.0010648238002968213,0.0013400985999607864,0.009507235391078655,1205,0.005950750997231593,0.7939832261881414,True,0.05,360,paired cluster influence sandwich; asymptotic Bonferroni bounds,0.0,-0.0005143820150835809,0.0015792058153804023
210,1.0,test,state_CO,mlp_base,mlp_stronger:C1:E2,mlp_stronger,mlp,1.0,2.0,1.9948093103901194,0.829710917307523,0.8011049137800291,0.028606003527493873,0.004634510897568534,0.01013339953728958,1205,0.04550318022746452,0.7641590857655097,True,0.05,360,paired cluster influence sandwich; asymptotic Bonferroni bounds,0.0014922381344795177,0.024700942538756432,0.0024128228542579233
210,1.0,test,state_CO,mlp_base,mlp_stronger:C1:E8,mlp_stronger,mlp,1.0,8.0,7.995742559457445,0.829710917307523,0.802914265775354,0.026796651532169036,0.004525754427478654,0.010109102010095641,1205,0.04329730800961999,0.7660570252341284,True,0.05,360,paired cluster influence sandwich; asymptotic Bonferroni bounds,0.0014922381344795177,0.024700942538756432,0.0006034708589330862
210,1.0,test,state_CO,mlp_base,mlp_stronger:C5:E2,mlp_stronger,mlp,5.0,2.0,1.9948093103901194,0.829710917307523,0.8107509022896895,0.01896001501783351,0.004294046542227716,0.009739877928073546,1205,0.03461587704633502,0.7752398328318214,True,0.05,360,paired cluster influence sandwich; asymptotic Bonferroni bounds,0.0014922381344795177,-0.0008314958759287894,0.01829927275928278
210,1.0,test,state_CO,mlp_base,mlp_stronger:C5:E8,mlp_stronger,mlp,5.0,8.0,7.995742559457445,0.829710917307523,0.8272440047980706,0.0024669125094524125,0.001557466105076991,0.009450929749641533,1205,0.008145349903031073,0.7927864248099676,True,0.05,360,paired cluster influence sandwich; asymptotic Bonferroni bounds,0.0014922381344795177,-0.0008314958759287894,0.0018061702509016841
210,1.0,test,state_CO,mlp_base,logistic:C1:E2,logistic,logistic,1.0,2.0,1.9948093103901194,0.829710917307523,0.8041869635446329,0.025523953762890073,0.004280152782420331,0.010104747771961436,1205,0.041129159892704305,0.7673455983207329,True,0.05,360,paired cluster influence sandwich; asymptotic Bonferroni bounds,0.0027108462485641027,0.018999256532386544,0.003813850981939426
210,1.0,test,state_CO,mlp_base,logistic:C1:E8,logistic,logistic,1.0,8.0,7.995742559457445,0.829710917307523,0.8071184107398723,0.02259250656765066,0.004097701263772151,0.010046800876942895,1205,0.037532504303760664,0.7704883167689661,True,0.05,360,paired cluster influence sandwich; asymptotic Bonferroni bounds,0.0027108462485641027,0.018999256532386544,0.0008824037867000145
210,1.0,test,state_CO,mlp_base,logistic:C5:E2,logistic,logistic,5.0,2.0,1.9948093103901194,0.829710917307523,0.7908363639448964,0.038874553362626574,0.005120320029564541,0.010307224052671067,1205,0.057542963948378476,0.753256781125155,True,0.05,360,paired cluster influence sandwich; asymptotic Bonferroni bounds,0.0027108462485641027,0.0,0.03616370711406247
210,1.0,test,state_CO,mlp_base,logistic:C5:E8,logistic,logistic,5.0,8.0,7.995742559457445,0.829710917307523,0.8199970515835012,0.009713865724021775,0.0021968141260081593,0.00967110146698463,1205,0.017723331508992995,0.7847367373922629,True,0.05,360,paired cluster influence sandwich; asymptotic Bonferroni bounds,0.0027108462485641027,0.0,0.0070030194754576724
210,1.0,test,state_UT,mlp_base,mlp_base:C1:E2,mlp_base,mlp,1.0,2.0,1.9909995955023065,0.8743005165324885,0.8399022834232677,0.034398233109220855,0.004390328279517782,0.009014723345889621,1133,0.05040814568994466,0.8070289027741662,True,0.05,360,paired cluster influence sandwich; asymptotic Bonferroni bounds,-2.220446049250313e-16,0.03147244466275523,0.002925788446465849
210,1.0,test,state_UT,mlp_base,mlp_base:C1:E8,mlp_base,mlp,1.0,8.0,7.998197999765249,0.8743005165324885,0.8419895837173925,0.032310932815096005,0.004350850163710969,0.008953669295521991,1133,0.04817688322655164,0.8093388447358049,True,0.05,360,paired cluster influence sandwich; asymptotic Bonferroni bounds,-2.220446049250313e-16,0.03147244466275523,0.0008384881523409993
210,1.0,test,state_UT,mlp_base,mlp_base:C5:E2,mlp_base,mlp,5.0,2.0,1.9909995955023065,0.8743005165324885,0.8469836429396325,0.02731687359285606,0.003775272331798589,0.008746597828584677,1133,0.04108390333468653,0.8150880174421765,True,0.05,360,paired cluster influence sandwich; asymptotic Bonferroni bounds,-2.220446049250313e-16,-0.0004709805791871524,0.027787854172043436
210,1.0,test,state_UT,mlp_base,mlp_base:C5:E8,mlp_base,mlp,5.0,8.0,7.998197999765249,0.8743005165324885,0.8680635918929495,0.006236924639539065,0.0012796934143962883,0.008056176165419366,1133,0.010903495882102921,0.8386856802809637,True,0.05,360,paired cluster influence sandwich; asymptotic Bonferroni bounds,-2.220446049250313e-16,-0.0004709805791871524,0.00670790521872644
210,1.0,test,state_UT,mlp_base,mlp_stronger:C1:E2,mlp_stronger,mlp,1.0,2.0,1.9948093103901194,0.8743005165324885,0.8400723597435298,0.03422815678895874,0.004419812442049773,0.009001470238419093,1133,0.050345587266887454,0.8072473083032066,True,0.05,360,paired cluster influence sandwich; asymptotic Bonferroni bounds,0.001964797769740234,0.029200201237156498,0.0030631577820620093
210,1.0,test,state_UT,mlp_base,mlp_stronger:C1:E8,mlp_stronger,mlp,1.0,8.0,7.995742559457445,0.8743005165324885,0.8423868249129697,0.03191369161951885,0.004327328222191866,0.008926710351580458,1133,0.04769386616104543,0.8098343952851008,True,0.05,360,paired cluster influence sandwich; asymptotic Bonferroni bounds,0.001964797769740234,0.029200201237156498,0.000748692612622115
210,1.0,test,state_UT,mlp_base,mlp_stronger:C5:E2,mlp_stronger,mlp,5.0,2.0,1.9948093103901194,0.8743005165324885,0.84987375103919,0.024426765493298475,0.003937457256463384,0.008752902773842986,1133,0.03878522400775818,0.8179551337251807,True,0.05,360,paired cluster influence sandwich; asymptotic Bonferroni bounds,0.001964797769740234,-0.0010204579215721266,0.023482425645130367
210,1.0,test,state_UT,mlp_base,mlp_stronger:C5:E8,mlp_stronger,mlp,5.0,8.0,7.995742559457445,0.8743005165324885,0.8706492276988911,0.0036512888335974436,0.0014550957945090087,0.00799917383898933,1133,0.008957488047754345,0.8414791826073431,True,0.05,360,paired cluster influence sandwich; asymptotic Bonferroni bounds,0.001964797769740234,-0.0010204579215721266,0.002706948985429336
210,1.0,test,state_UT,mlp_base,logistic:C1:E2,logistic,logistic,1.0,2.0,1.9948093103901194,0.8743005165324885,0.8439389200034728,0.03036159652901571,0.004075760871030827,0.008902424755414924,1133,0.045224397461137655,0.8114750510131751,True,0.05,360,paired cluster influence sandwich; asymptotic Bonferroni bounds,0.004085399720979432,0.020826618490269455,0.005449578317766823
210,1.0,test,state_UT,mlp_base,logistic:C1:E8,logistic,logistic,1.0,8.0,7.995742559457445,0.8743005165324885,0.8479553377204302,0.026345178812058334,0.003870937784855286,0.008764402308393223,1133,0.04046106527778766,0.8159947858331619,True,0.05,360,paired cluster influence sandwich; asymptotic Bonferroni bounds,0.004085399720979432,0.020826618490269455,0.0014331606008094466
210,1.0,test,state_UT,mlp_base,logistic:C5:E2,logistic,logistic,5.0,2.0,1.9948093103901194,0.8743005165324885,0.8188092516760843,0.05549126485640421,0.005307082873414118,0.009512162429946748,1133,0.07484424428129334,0.7841218936332777,True,0.05,360,paired cluster influence sandwich; asymptotic Bonferroni bounds,0.004085399720979432,0.0,0.05140586513542478
210,1.0,test,state_UT,mlp_base,logistic:C5:E8,logistic,logistic,5.0,8.0,7.995742559457445,0.8743005165324885,0.8596537341267056,0.014646782405782877,0.002161654422238955,0.008332980736286234,1133,0.022529541080398865,0.8292664180466763,True,0.05,360,paired cluster influence sandwich; asymptotic Bonferroni bounds,0.004085399720979432,0.0,0.010561382684803444
211,1.0,validation,source,mlp_stronger,mlp_base:C1:E2,mlp_base,mlp,1.0,2.0,1.9909995955023065,0.8869487820934826,0.860558788676761,0.026389993416721547,0.004340883856237887,0.008376308720728766,1135,0.04221951250944247,0.8300136409113438,True,0.05,360,paired cluster influence sandwich; asymptotic Bonferroni bounds,,,
211,1.0,validation,source,mlp_stronger,mlp_base:C1:E8,mlp_base,mlp,1.0,8.0,7.998197999765249,0.8869487820934826,0.8625411454904542,0.02440763660302836,0.004127172797550085,0.008285025243700771,1135,0.03945783438795551,0.8323288731463381,True,0.05,360,paired cluster influence sandwich; asymptotic Bonferroni bounds,,,
211,1.0,validation,source,mlp_stronger,mlp_base:C5:E2,mlp_base,mlp,5.0,2.0,1.9909995955023065,0.8869487820934826,0.8695605003291639,0.017388281764318725,0.0036430143652993875,0.008109054726144873,1135,0.030672941607888377,0.839989924183255,True,0.05,360,paired cluster influence sandwich; asymptotic Bonferroni bounds,,,
211,1.0,validation,source,mlp_stronger,mlp_base:C5:E8,mlp_base,mlp,5.0,8.0,7.998197999765249,0.8869487820934826,0.8837919684002633,0.003156813693219296,0.0013062451078629492,0.007482035992833502,1135,0.007920182758018507,0.8565078862816441,True,0.05,360,paired cluster influence sandwich; asymptotic Bonferroni bounds,,,
211,1.0,validation,source,mlp_stronger,mlp_stronger:C1:E2,mlp_stronger,mlp,1.0,2.0,1.9948093103901194,0.8869487820934826,0.8641011191573403,0.022847662936142266,0.003962309795415772,0.008249002984140287,1135,0.0372966693217146,0.83402020601664,True,0.05,360,paired cluster influence sandwich; asymptotic Bonferroni bounds,,,
211,1.0,validation,source,mlp_stronger,mlp_stronger:C1:E8,mlp_stronger,mlp,1.0,8.0,7.995742559457445,0.8869487820934826,0.8643907834101382,0.022557998683344405,0.003889005282504888,0.008243918385416469,1135,0.03673969195363079,0.8343284118280796,True,0.05,360,paired cluster influence sandwich; asymptotic Bonferroni bounds,,,
211,1.0,validation,source,mlp_stronger,mlp_stronger:C5:E2,mlp_stronger,mlp,5.0,2.0,1.9948093103901194,0.8869487820934826,0.8731828834759711,0.01376589861751154,0.0032302030240703447,0.00790711364123998,1135,0.025545195676890002,0.844348708110404,True,0.05,360,paired cluster influence sandwich; asymptotic Bonferroni bounds,,,
211,1.0,validation,source,mlp_stronger,mlp_stronger:C5:E8,mlp_stronger,mlp,5.0,8.0,7.995742559457445,0.8869487820934826,0.8861840684660962,0.000764713627386393,0.0009484171469469053,0.007430362702936037,1135,0.004223222961582503,0.8590884187856865,True,0.05,360,paired cluster influence sandwich; asymptotic Bonferroni bounds,,,
211,1.0,validation,source,mlp_stronger,logistic:C1:E2,logistic,logistic,1.0,2.0,1.9948093103901194,0.8869487820934826,0.86809637919684,0.018852402896642584,0.003638744905789397,0.00808474092521893,1135,0.032121493677996514,0.8386144660487722,True,0.05,360,paired cluster influence sandwich; asymptotic Bonferroni bounds,,,
211,1.0,validation,source,mlp_stronger,logistic:C1:E8,logistic,logistic,1.0,8.0,7.995742559457445,0.8869487820934826,0.8681953917050692,0.018753390388413393,0.0035907299744928527,0.008066097038389508,1135,0.03184738934587479,0.8387814655781479,True,0.05,360,paired cluster influence sandwich; asymptotic Bonferroni bounds,,,
211,1.0,validation,source,mlp_stronger,logistic:C5:E2,logistic,logistic,5.0,2.0,1.9948093103901194,0.8869487820934826,0.8685967083607635,0.018352073732719076,0.003482405689092755,0.008054633842567292,1135,0.031051056052847015,0.8392245840611062,True,0.05,360,paired cluster influence sandwich; asymptotic Bonferroni bounds,,,
211,1.0,validation,source,mlp_stronger,logistic:C5:E8,logistic,logistic,5.0,8.0,7.995742559457445,0.8869487820934826,0.8817853851217906,0.005163396971691991,0.0017188333263833402,0.007558174923195942,1135,0.011431315178739049,0.854223653867238,True,0.05,360,paired cluster influence sandwich; asymptotic Bonferroni bounds,,,
211,1.0,validation,state_OR,mlp_stronger,mlp_base:C1:E2,mlp_base,mlp,1.0,2.0,1.9909995955023065,0.8441652581082214,0.814361558932173,0.029803699176048415,0.004996991896460326,0.00965935990128515,1217,0.04802193015376956,0.7791450820146888,True,0.05,360,paired cluster influence sandwich; asymptotic Bonferroni bounds,,,
211,1.0,validation,state_OR,mlp_stronger,mlp_base:C1:E8,mlp_base,mlp,1.0,8.0,7.998197999765249,0.8441652581082214,0.8167899431133627,0.02737531499485868,0.004741160133165652,0.009623024273681256,1217,0.044660824396937165,0.7817059400661839,True,0.05,360,paired cluster influence sandwich; asymptotic Bonferroni bounds,,,
211,1.0,validation,state_OR,mlp_stronger,mlp_base:C5:E2,mlp_base,mlp,5.0,2.0,1.9909995955023065,0.8441652581082214,0.8289561368280294,0.015209121280192028,0.003908120302579596,0.009255190671294372,1217,0.029457501072753058,0.7952131960976412,True,0.05,360,paired cluster influence sandwich; asymptotic Bonferroni bounds,,,
211,1.0,validation,state_OR,mlp_stronger,mlp_base:C5:E8,mlp_base,mlp,5.0,8.0,7.998197999765249,0.8441652581082214,0.8420292509411231,0.002136007167098275,0.001441553328036398,0.00901341480857304,1217,0.007391679387714259,0.8091677862273391,True,0.05,360,paired cluster influence sandwich; asymptotic Bonferroni bounds,,,
211,1.0,validation,state_OR,mlp_stronger,mlp_stronger:C1:E2,mlp_stronger,mlp,1.0,2.0,1.9948093103901194,0.8441652581082214,0.818940293303794,0.025224964804427374,0.004544716467433185,0.009583951030184971,1217,0.0417942721092082,0.7839987450353728,True,0.05,360,paired cluster influence sandwich; asymptotic Bonferroni bounds,,,
211,1.0,validation,state_OR,mlp_stronger,mlp_stronger:C1:E8,mlp_stronger,mlp,1.0,8.0,7.995742559457445,0.8441652581082214,0.8194698818576202,0.024695376250601253,0.004538015402517136,0.009583040115171367,1217,0.04124025254749436,0.7845316546392351,True,0.05,360,paired cluster influence sandwich; asymptotic Bonferroni bounds,,,
211,1.0,validation,state_OR,mlp_stronger,mlp_stronger:C5:E2,mlp_stronger,mlp,5.0,2.0,1.9948093103901194,0.8441652581082214,0.8144398939057597,0.029725364202461746,0.0047290572637948124,0.009921636893684273,1217,0.04696674848401576,0.7782671971410802,True,0.05,360,paired cluster influence sandwich; asymptotic Bonferroni bounds,,,
211,1.0,validation,state_OR,mlp_stronger,mlp_stronger:C5:E8,mlp_stronger,mlp,5.0,8.0,7.995742559457445,0.8441652581082214,0.839079001372517,0.0050862567357043975,0.0015134275568868636,0.00917677932718955,1217,0.010603970866668668,0.8056219358261945,True,0.05,360,paired cluster influence sandwich; asymptotic Bonferroni bounds,,,
211,1.0,validation,state_OR,mlp_stronger,logistic:C1:E2,logistic,logistic,1.0,2.0,1.9948093103901194,0.8441652581082214,0.8223826189036634,0.02178263920455803,0.0043036013033373975,0.009507294178277649,1217,0.03747287929395277,0.787720549222162,True,0.05,360,paired cluster influence sandwich; asymptotic Bonferroni bounds,,,
211,1.0,validation,state_OR,mlp_stronger,logistic:C1:E8,logistic,logistic,1.0,8.0,7.995742559457445,0.8441652581082214,0.8232023778526067,0.020962880255614658,0.004102653993860438,0.00947158030118737,1217,0.035920498684967064,0.7886705152387616,True,0.05,360,paired cluster influence sandwich; asymptotic Bonferroni bounds,,,
211,1.0,validation,state_OR,mlp_stronger,logistic:C5:E2,logistic,logistic,5.0,2.0,1.9948093103901194,0.8441652581082214,0.8230490178338945,0.021116240274326903,0.004583888781618025,0.009553773492083958,1217,0.037828363553705724,0.7882174920291584,True,0.05,360,paired cluster influence sandwich; asymptotic Bonferroni bounds,,,
211,1.0,validation,state_OR,mlp_stronger,logistic:C5:E8,logistic,logistic,5.0,8.0,7.995742559457445,0.8441652581082214,0.8386641570053534,0.005501101102868056,0.0021417928793452936,0.00911270430204838,1217,0.013309734414839406,0.8054406987235837,True,0.05,360,paired cluster influence sandwich; asymptotic Bonferroni bounds,,,
211,1.0,validation,state_WA,mlp_stronger,mlp_base:C1:E2,mlp_base,mlp,1.0,2.0,1.9909995955023065,0.8510905206677265,0.8277689454160043,0.023321575251722182,0.004460977464571467,0.00900110861236833,1202,0.03958617861220392,0.7949511465036643,True,0.05,360,paired cluster influence sandwich; asymptotic Bonferroni bounds,,,
211,1.0,validation,state_WA,mlp_stronger,mlp_base:C1:E8,mlp_base,mlp,1.0,8.0,7.998197999765249,0.8510905206677265,0.8298845720720721,0.02120594859565439,0.004285471233337577,0.008930028122046471,1202,0.03683066097686474,0.797325930707811,True,0.05,360,paired cluster influence sandwich; asymptotic Bonferroni bounds,,,
211,1.0,validation,state_WA,mlp_stronger,mlp_base:C5:E2,mlp_base,mlp,5.0,2.0,1.9909995955023065,0.8510905206677265,0.8374890285506095,0.013601492117117031,0.0035713966832326815,0.008790956265170983,1202,0.02662270797329254,0.8054374394206736,True,0.05,360,paired cluster influence sandwich; asymptotic Bonferroni bounds,,,
211,1.0,validation,state_WA,mlp_stronger,mlp_base:C5:E8,mlp_base,mlp,5.0,8.0,7.998197999765249,0.8510905206677265,0.8489210718071012,0.0021694488606253115,0.0013159105338456144,0.00843279349133347,1202,0.006967223128900998,0.8181753344778573,True,0.05,360,paired cluster influence sandwich; asymptotic Bonferroni bounds,,,
211,1.0,validation,state_WA,mlp_stronger,mlp_stronger:C1:E2,mlp_stronger,mlp,1.0,2.0,1.9948093103901194,0.8510905206677265,0.8291496919713833,0.021940828696343173,0.004216634021673651,0.008989357589958401,1202,0.03731456246287836,0.796374736969396,True,0.05,360,paired cluster influence sandwich; asymptotic Bonferroni bounds,,,
211,1.0,validation,state_WA,mlp_stronger,mlp_stronger:C1:E8,mlp_stronger,mlp,1.0,8.0,7.995742559457445,0.8510905206677265,0.8310075930710121,0.020082927596714373,0.004165742649652554,0.00896854798222145,1202,0.035271112795258,0.7983085093368393,True,0.05,360,paired cluster influence sandwich; asymptotic Bonferroni bounds,,,
211,1.0,validation,state_WA,mlp_stronger,mlp_stronger:C5:E2,mlp_stronger,mlp,5.0,2.0,1.9948093103901194,0.8510905206677265,0.8277120180842608,0.023378502583465743,0.003943313554938101,0.008969214533762045,1202,0.037755717309709724,0.795010504121172,True,0.05,360,paired cluster influence sandwich; asymptotic Bonferroni bounds,,,
211,1.0,validation,state_WA,mlp_stronger,mlp_stronger:C5:E8,mlp_stronger,mlp,5.0,8.0,7.995742559457445,0.8510905206677265,0.8479056952172761,0.0031848254504504014,0.0012346381233295932,0.008456604636476826,1202,0.007686282704867263,0.817073143095895,True,0.05,360,paired cluster influence sandwich; asymptotic Bonferroni bounds,,,
211,1.0,validation,state_WA,mlp_stronger,logistic:C1:E2,logistic,logistic,1.0,2.0,1.9948093103901194,0.8510905206677265,0.8325953481054584,0.01849517256226807,0.003870998684310644,0.008881284202063622,1202,0.03260872922317521,0.8002144257570525,True,0.05,360,paired cluster influence sandwich; asymptotic Bonferroni bounds,,,
211,1.0,validation,state_WA,mlp_stronger,logistic:C1:E8,logistic,logistic,1.0,8.0,7.995742559457445,0.8510905206677265,0.832914141163222,0.01817637950450446,0.0037746468023359793,0.008853721327693003,1202,0.03193863980585816,0.8006337123103949,True,0.05,360,paired cluster influence sandwich; asymptotic Bonferroni bounds,,,
211,1.0,validation,state_WA,mlp_stronger,logistic:C5:E2,logistic,logistic,5.0,2.0,1.9948093103901194,0.8510905206677265,0.8305294034843667,0.020561117183359845,0.004237787720320252,0.00910993556044359,1202,0.036011976763873375,0.7973148244583781,True,0.05,360,paired cluster influence sandwich; asymptotic Bonferroni bounds,,,
211,1.0,validation,state_WA,mlp_stronger,logistic:C5:E8,logistic,logistic,5.0,8.0,7.995742559457445,0.8510905206677265,0.8454474695283518,0.0056430511393746885,0.0019671268764296593,0.008541232674674298,1202,0.012815142605643787,0.814306365865209,True,0.05,360,paired cluster influence sandwich; asymptotic Bonferroni bounds,,,
211,1.0,validation,proxy_0.5,mlp_stronger,mlp_base:C1:E2,mlp_base,mlp,1.0,2.0,1.9909995955023065,0.874346280447663,0.8435554970375246,0.03079078341013841,0.004568389058342934,0.008957579818429947,1135,0.04744992569935193,0.8108906791210884,True,0.05,360,paired cluster influence sandwich; asymptotic Bonferroni bounds,,,
211,1.0,validation,proxy_0.5,mlp_stronger,mlp_base:C1:E8,mlp_base,mlp,1.0,8.0,7.998197999765249,0.874346280447663,0.8459633969716919,0.028382883475971177,0.004352388885081408,0.008869649911512132,1135,0.04425435694475289,0.8136192253076027,True,0.05,360,paired cluster influence sandwich; asymptotic Bonferroni bounds,,,
211,1.0,validation,proxy_0.5,mlp_stronger,mlp_base:C5:E2,mlp_base,mlp,5.0,2.0,1.9909995955023065,0.874346280447663,0.8528658327847267,0.02148044766293633,0.0038031398711672244,0.008832188839624125,1135,0.03534902309519977,0.82065826711433,True,0.05,360,paired cluster influence sandwich; asymptotic Bonferroni bounds,,,
211,1.0,validation,proxy_0.5,mlp_stronger,mlp_base:C5:E8,mlp_base,mlp,5.0,8.0,7.998197999765249,0.874346280447663,0.8705564186965109,0.003789861751152146,0.0013996199477572817,0.008079687942237578,1135,0.008893732626144476,0.8410929318167394,True,0.05,360,paired cluster influence sandwich; asymptotic Bonferroni bounds,,,
211,1.0,validation,proxy_0.5,mlp_stronger,mlp_stronger:C1:E2,mlp_stronger,mlp,1.0,2.0,1.9948093103901194,0.874346280447663,0.8477477287689268,0.02659855167873626,0.0042694595338026555,0.008835706542714166,1135,0.042167613981292554,0.8155273354002847,True,0.05,360,paired cluster influence sandwich; asymptotic Bonferroni bounds,,,
211,1.0,validation,proxy_0.5,mlp_stronger,mlp_stronger:C1:E8,mlp_stronger,mlp,1.0,8.0,7.995742559457445,0.874346280447663,0.8481964450296248,0.02614983541803828,0.004211292258131961,0.008827568513331122,1135,0.04150678423603828,0.8160057278964596,True,0.05,360,paired cluster influence sandwich; asymptotic Bonferroni bounds,,,
211,1.0,validation,proxy_0.5,mlp_stronger,mlp_stronger:C5:E2,mlp_stronger,mlp,5.0,2.0,1.9948093103901194,0.874346280447663,0.8581166556945359,0.01622962475312717,0.003338746062148058,0.008414727149878077,1135,0.028404736155974886,0.8274314108249637,True,0.05,360,paired cluster influence sandwich; asymptotic Bonferroni bounds,,,
211,1.0,validation,proxy_0.5,mlp_stronger,mlp_stronger:C5:E8,mlp_stronger,mlp,5.0,8.0,7.995742559457445,0.874346280447663,0.872726267281106,0.0016200131665570217,0.0010387071943421507,0.00796269551941066,1135,0.005407775269649926,0.8436894063724905,True,0.05,360,paired cluster influence sandwich; asymptotic Bonferroni bounds,,,
211,1.0,validation,proxy_0.5,mlp_stronger,logistic:C1:E2,logistic,logistic,1.0,2.0,1.9948093103901194,0.874346280447663,0.8505495720868993,0.023796708360763752,0.0039749538398858595,0.008728543721941581,1135,0.03829182267043105,0.8187199599447605,True,0.05,360,paired cluster influence sandwich; asymptotic Bonferroni bounds,,,
211,1.0,validation,proxy_0.5,mlp_stronger,logistic:C1:E8,logistic,logistic,1.0,8.0,7.995742559457445,0.874346280447663,0.85078551678736,0.02356076366030302,0.003912610388443931,0.008704965324402753,1135,0.03782853559279798,0.8190418859122576,True,0.05,360,paired cluster influence sandwich; asymptotic Bonferroni bounds,,,
211,1.0,validation,proxy_0.5,mlp_stronger,logistic:C5:E2,logistic,logistic,5.0,2.0,1.9948093103901194,0.874346280447663,0.8553990783410139,0.01894720210664913,0.003717111013619035,0.008612032923034387,1135,0.03250206367597954,0.8239943358744735,True,0.05,360,paired cluster influence sandwich; asymptotic Bonferroni bounds,,,
211,1.0,validation,proxy_0.5,mlp_stronger,logistic:C5:E8,logistic,logistic,5.0,8.0,7.995742559457445,0.874346280447663,0.8678293614219881,0.006516919025674972,0.0018764952760140022,0.00816357758023359,1135,0.01335976918771728,0.8380599615829396,True,0.05,360,paired cluster influence sandwich; asymptotic Bonferroni bounds,,,
211,1.0,validation,proxy_0.75,mlp_stronger,mlp_base:C1:E2,mlp_base,mlp,1.0,2.0,1.9909995955023065,0.8766830809743252,0.8483423304805793,0.02834075049374596,0.004535573373206937,0.008817242578557682,1135,0.0448802267122687,0.8161892680249083,True,0.05,360,paired cluster influence sandwich; asymptotic Bonferroni bounds,,,
211,1.0,validation,proxy_0.75,mlp_stronger,mlp_base:C1:E8,mlp_base,mlp,1.0,8.0,7.998197999765249,0.8766830809743252,0.8505395655036206,0.026143515470704592,0.004315002552978707,0.008733501927762032,1135,0.04187865549279063,0.8186918727087162,True,0.05,360,paired cluster influence sandwich; asymptotic Bonferroni bounds,,,
211,1.0,validation,proxy_0.75,mlp_stronger,mlp_base:C5:E2,mlp_base,mlp,5.0,2.0,1.9909995955023065,0.8766830809743252,0.8561643186306781,0.020518762343647134,0.003759510774379346,0.008653291937449945,1135,0.034228239388698616,0.8246091205477084,True,0.05,360,paired cluster influence sandwich; asymptotic Bonferroni bounds,,,
211,1.0,validation,proxy_0.75,mlp_stronger,mlp_base:C5:E8,mlp_base,mlp,5.0,8.0,7.998197999765249,0.8766830809743252,0.8728995391705069,0.0037835418038183466,0.001379428584891071,0.007974854493851623,1135,0.008813782613002894,0.8438183391999778,True,0.05,360,paired cluster influence sandwich; asymptotic Bonferroni bounds,,,
211,1.0,validation,proxy_0.75,mlp_stronger,mlp_stronger:C1:E2,mlp_stronger,mlp,1.0,2.0,1.9948093103901194,0.8766830809743252,0.8522322580645162,0.024450822909809045,0.004187207407111619,0.008701483994130944,1135,0.03971994362143757,0.8205013222501043,True,0.05,360,paired cluster influence sandwich; asymptotic Bonferroni bounds,,,
211,1.0,validation,proxy_0.75,mlp_stronger,mlp_stronger:C1:E8,mlp_stronger,mlp,1.0,8.0,7.995742559457445,0.8766830809743252,0.8526061882817643,0.02407689269256097,0.004121615273722606,0.008700180911765408,1135,0.039106824344495666,0.820880004303123,True,0.05,360,paired cluster influence sandwich; asymptotic Bonferroni bounds,,,
211,1.0,validation,proxy_0.75,mlp_stronger,mlp_stronger:C5:E2,mlp_stronger,mlp,5.0,2.0,1.9948093103901194,0.8766830809743252,0.8615994733377221,0.015083607636603102,0.0033306036310116406,0.00829886312494033,1135,0.02722902675248722,0.8313367396100402,True,0.05,360,paired cluster influence sandwich; asymptotic Bonferroni bounds,,,
211,1.0,validation,proxy_0.75,mlp_stronger,mlp_stronger:C5:E8,mlp_stronger,mlp,5.0,8.0,7.995742559457445,0.8766830809743252,0.8753548387096773,0.0013282422646478942,0.001008617622756914,0.007888246456653333,1135,0.0050062793753948625,0.8465894646455344,True,0.05,360,paired cluster influence sandwich; asymptotic Bonferroni bounds,,,
211,1.0,validation,proxy_0.75,mlp_stronger,logistic:C1:E2,logistic,logistic,1.0,2.0,1.9948093103901194,0.8766830809743252,0.8547739302172481,0.02190915075707711,0.003864949128740167,0.008597383821701597,1135,0.03600312056874829,0.8234226073391874,True,0.05,360,paired cluster influence sandwich; asymptotic Bonferroni bounds,,,
211,1.0,validation,proxy_0.75,mlp_stronger,logistic:C1:E8,logistic,logistic,1.0,8.0,7.995742559457445,0.8766830809743252,0.8550857142857142,0.02159736668861101,0.0038091598705012717,0.008577844365841115,1135,0.03548789472259162,0.8238056442215616,True,0.05,360,paired cluster influence sandwich; asymptotic Bonferroni bounds,,,
211,1.0,validation,proxy_0.75,mlp_stronger,logistic:C5:E2,logistic,logistic,5.0,2.0,1.9948093103901194,0.8766830809743252,0.8558778143515471,0.02080526662277815,0.003651120710833693,0.008564140594638074,1135,0.03411948716312228,0.8246477166236938,True,0.05,360,paired cluster influence sandwich; asymptotic Bonferroni bounds,,,
211,1.0,validation,proxy_0.75,mlp_stronger,logistic:C5:E8,logistic,logistic,5.0,8.0,7.995742559457445,0.8766830809743252,0.8698090849242923,0.006873996050032916,0.0018176423423594725,0.008086741499977483,1135,0.013502232398897918,0.8403198764563344,True,0.05,360,paired cluster influence sandwich; asymptotic Bonferroni bounds,,,
211,1.0,test,source,mlp_stronger,mlp_base:C1:E2,mlp_base,mlp,1.0,2.0,1.9909995955023065,0.8778034710169346,0.8506135918761005,0.02718987914083404,0.0039791430435809376,0.008774340591354075,1133,0.04170035038990502,0.8186167987259299,True,0.05,360,paired cluster influence sandwich; asymptotic Bonferroni bounds,-0.0005440299839748475,0.025259893158849245,0.0024740159659596417
211,1.0,test,source,mlp_stronger,mlp_base:C1:E8,mlp_base,mlp,1.0,8.0,7.998197999765249,0.8778034710169346,0.852440053705795,0.025363417311139558,0.003839651977870012,0.008713053285904078,1133,0.03936521594494333,0.8206667528186381,True,0.05,360,paired cluster influence sandwich; asymptotic Bonferroni bounds,-0.0005440299839748475,0.025259893158849245,0.0006475541362651605
211,1.0,test,source,mlp_stronger,mlp_base:C5:E2,mlp_base,mlp,5.0,2.0,1.9909995955023065,0.8778034710169346,0.8605117684777407,0.017291702539193876,0.0030775737006633265,0.008492768290992301,1133,0.028514481969657404,0.829541765951628,True,0.05,360,paired cluster influence sandwich; asymptotic Bonferroni bounds,-0.0005440299839748475,0.0007838257244840996,0.017051906798684624
211,1.0,test,source,mlp_stronger,mlp_base:C5:E8,mlp_base,mlp,5.0,8.0,7.998197999765249,0.8778034710169346,0.8761090552998556,0.0016944157170789564,0.001219014950448766,0.00790963246182431,1133,0.0061397149176716966,0.8472655346797139,True,0.05,360,paired cluster influence sandwich; asymptotic Bonferroni bounds,-0.0005440299839748475,0.0007838257244840996,0.0014546199765697043
211,1.0,test,source,mlp_stronger,mlp_stronger:C1:E2,mlp_stronger,mlp,1.0,2.0,1.9948093103901194,0.8778034710169346,0.8519065874108293,0.025896883606105314,0.0036980790995948176,0.008724289655271672,1133,0.0393824180198594,0.8200923116170488,True,0.05,360,paired cluster influence sandwich; asymptotic Bonferroni bounds,-1.1102230246251565e-16,0.024657762885323953,0.0012391207207814725
211,1.0,test,source,mlp_stronger,mlp_stronger:C1:E8,mlp_stronger,mlp,1.0,8.0,7.995742559457445,0.8778034710169346,0.8528214028790279,0.02498206813790671,0.0036258151565284166,0.00869144814349586,1133,0.03820408252819718,0.8211268880003941,True,0.05,360,paired cluster influence sandwich; asymptotic Bonferroni bounds,-1.1102230246251565e-16,0.024657762885323953,0.00032430525258286824
211,1.0,test,source,mlp_stronger,mlp_stronger:C5:E2,mlp_stronger,mlp,5.0,2.0,1.9948093103901194,0.8778034710169346,0.8614276403148401,0.016375830702094474,0.0032097193423894464,0.008337784627678268,1133,0.02808049668801877,0.8310228062096571,True,0.05,360,paired cluster influence sandwich; asymptotic Bonferroni bounds,-1.1102230246251565e-16,0.0006338213405534532,0.01574200936154113
211,1.0,test,source,mlp_stronger,mlp_stronger:C5:E8,mlp_stronger,mlp,5.0,8.0,7.995742559457445,0.8778034710169346,0.8752787493437308,0.0025247216732037225,0.0009429442990415032,0.007928490279800703,1133,0.0059632927401045525,0.8463664611968705,True,0.05,360,paired cluster influence sandwich; asymptotic Bonferroni bounds,-1.1102230246251565e-16,0.0006338213405534532,0.0018909003326503804
211,1.0,test,source,mlp_stronger,logistic:C1:E2,logistic,logistic,1.0,2.0,1.9948093103901194,0.8778034710169346,0.8563507313770087,0.02145273963992589,0.0034279115445307417,0.008606881446290853,1133,0.03395307234133813,0.8249646001415318,True,0.05,360,paired cluster influence sandwich; asymptotic Bonferroni bounds,0.005109656373760152,0.017657206178913087,-0.0013141229127473508
211,1.0,test,source,mlp_stronger,logistic:C1:E8,logistic,logistic,1.0,8.0,7.995742559457445,0.8778034710169346,0.8555331018476949,0.022270369169239634,0.0033811838861095424,0.008613625472350265,1133,0.034600303285672374,0.8241223776294663,True,0.05,360,paired cluster influence sandwich; asymptotic Bonferroni bounds,0.005109656373760152,0.017657206178913087,-0.0004964933834336049
211,1.0,test,source,mlp_stronger,logistic:C5:E2,logistic,logistic,5.0,2.0,1.9948093103901194,0.8778034710169346,0.862271679066677,0.015531791950257556,0.0035095366224995395,0.008421051346557172,1133,0.028329781291327447,0.8315632018611923,True,0.05,360,paired cluster influence sandwich; asymptotic Bonferroni bounds,0.005109656373760152,0.0,0.010422135576497404
211,1.0,test,source,mlp_stronger,logistic:C5:E8,logistic,logistic,5.0,8.0,7.995742559457445,0.8778034710169346,0.8724603571160707,0.005343113900863838,0.0016989219834623534,0.008054289300705567,1133,0.011538457552862834,0.8430893262057538,True,0.05,360,paired cluster influence sandwich; asymptotic Bonferroni bounds,0.005109656373760152,0.0,0.0002334575271036865
211,1.0,test,state_CO,mlp_stronger,mlp_base:C1:E2,mlp_base,mlp,1.0,2.0,1.9909995955023065,0.8483619293062801,0.8272749025278536,0.021087026778426443,0.004820284191853739,0.009307295493242386,1187,0.03866231202567703,0.7933394815726678,True,0.05,360,paired cluster influence sandwich; asymptotic Bonferroni bounds,-0.0008214177691412416,0.019924301121602928,0.0019841434259647572
211,1.0,test,state_CO,mlp_stronger,mlp_base:C1:E8,mlp_base,mlp,1.0,8.0,7.998197999765249,0.8483619293062801,0.8287949915268633,0.01956693777941676,0.004608724578289176,0.009262692388855846,1187,0.036370853454417,0.7950221983859941,True,0.05,360,paired cluster influence sandwich; asymptotic Bonferroni bounds,-0.0008214177691412416,0.019924301121602928,0.00046405442695507393
211,1.0,test,state_CO,mlp_stronger,mlp_base:C5:E2,mlp_base,mlp,5.0,2.0,1.9909995955023065,0.8483619293062801,0.831984329876404,0.016377599429876044,0.003984606915715758,0.009095393904494342,1187,0.03090591360276719,0.7988215253725233,True,0.05,360,paired cluster influence sandwich; asymptotic Bonferroni bounds,-0.0008214177691412416,-0.00014398117264891042,0.017342998371666196
211,1.0,test,state_CO,mlp_stronger,mlp_base:C5:E8,mlp_base,mlp,5.0,8.0,7.998197999765249,0.8483619293062801,0.8479320574598821,0.0004298718463979778,0.0014967331217164946,0.008686844580996066,1187,0.005887125092509779,0.8162588686326431,True,0.05,360,paired cluster influence sandwich; asymptotic Bonferroni bounds,-0.0008214177691412416,-0.00014398117264891042,0.0013952707881881299
211,1.0,test,state_CO,mlp_stronger,mlp_stronger:C1:E2,mlp_stronger,mlp,1.0,2.0,1.9948093103901194,0.8483619293062801,0.8298608665387756,0.018501062767504517,0.00429130902210003,0.00924330481930132,1187,0.034147646484491395,0.7961587626045193,True,0.05,360,paired cluster influence sandwich; asymptotic Bonferroni bounds,0.0,0.017911672211840868,0.0005893905556636492
211,1.0,test,state_CO,mlp_stronger,mlp_stronger:C1:E8,mlp_stronger,mlp,1.0,8.0,7.995742559457445,0.8483619293062801,0.8304595796164093,0.01790234968987081,0.004306333632646419,0.009219672379481984,1187,0.033603714786040254,0.7968436421516769,True,0.05,360,paired cluster influence sandwich; asymptotic Bonferroni bounds,0.0,0.017911672211840868,-9.322521970056563e-06
211,1.0,test,state_CO,mlp_stronger,mlp_stronger:C5:E2,mlp_stronger,mlp,5.0,2.0,1.9948093103901194,0.8483619293062801,0.8293450203230979,0.0190169089831822,0.0038922321915045043,0.00925689470885692,1187,0.033208414772370035,0.7955933661598693,True,0.05,360,paired cluster influence sandwich; asymptotic Bonferroni bounds,0.0,-0.0003521841633140621,0.019369093146496263
211,1.0,test,state_CO,mlp_stronger,mlp_stronger:C5:E8,mlp_stronger,mlp,5.0,8.0,7.995742559457445,0.8483619293062801,0.8463285836810288,0.0020333456252512594,0.0012946903298638043,0.008744138895040391,1187,0.006753928675659037,0.814446493496049,True,0.05,360,paired cluster influence sandwich; asymptotic Bonferroni bounds,0.0,-0.0003521841633140621,0.0023855297885653215
211,1.0,test,state_CO,mlp_stronger,logistic:C1:E2,logistic,logistic,1.0,2.0,1.9948093103901194,0.8483619293062801,0.8353145418912704,0.01304738741500966,0.00405092077005211,0.009065480739004548,1187,0.02781748917954855,0.8022608040720925,True,0.05,360,paired cluster influence sandwich; asymptotic Bonferroni bounds,0.002065456534259269,0.01345136336704622,-0.0024694324862958306
211,1.0,test,state_CO,mlp_stronger,logistic:C1:E8,logistic,logistic,1.0,8.0,7.995742559457445,0.8483619293062801,0.833829671308592,0.014532257997688092,0.003968755634047792,0.009115840802546026,1187,0.029002776657750376,0.8005923151701235,True,0.05,360,paired cluster influence sandwich; asymptotic Bonferroni bounds,0.002065456534259269,0.01345136336704622,-0.000984561903617398
211,1.0,test,state_CO,mlp_stronger,logistic:C5:E2,logistic,logistic,5.0,2.0,1.9948093103901194,0.8483619293062801,0.8377539351401072,0.010607994166172863,0.004428525741783241,0.00895094792809159,1187,0.0267548851042983,0.8051177965208617,True,0.05,360,paired cluster influence sandwich; asymptotic Bonferroni bounds,0.002065456534259269,0.0,0.008542537631913594
211,1.0,test,state_CO,mlp_stronger,logistic:C5:E8,logistic,logistic,5.0,8.0,7.995742559457445,0.8483619293062801,0.8478989107150996,0.00046301859118047517,0.0021357714254785446,0.008663642121894041,1187,0.008250275634893674,0.8163103206004935,True,0.05,360,paired cluster influence sandwich; asymptotic Bonferroni bounds,0.002065456534259269,0.0,-0.0016024379430787938
211,1.0,test,state_UT,mlp_stronger,mlp_base:C1:E2,mlp_base,mlp,1.0,2.0,1.9909995955023065,0.8645617840701795,0.8430586204517311,0.021503163618448395,0.004503882720453383,0.009309077527747733,1114,0.037928049888480725,0.809110014512725,True,0.05,360,paired cluster influence sandwich; asymptotic Bonferroni bounds,-0.001310961844110503,0.020641293966549235,0.002172831496009664
211,1.0,test,state_UT,mlp_stronger,mlp_base:C1:E8,mlp_base,mlp,1.0,8.0,7.998197999765249,0.8645617840701795,0.8445499454673767,0.020011838602802756,0.004416135839902693,0.009265374859064762,1114,0.03611672707914251,0.8107607156505674,True,0.05,360,paired cluster influence sandwich; asymptotic Bonferroni bounds,-0.001310961844110503,0.020641293966549235,0.0006815064803640247
211,1.0,test,state_UT,mlp_stronger,mlp_base:C5:E2,mlp_base,mlp,5.0,2.0,1.9909995955023065,0.8645617840701795,0.8528200205541386,0.011741763516040837,0.0036192351352036093,0.009142599857735263,1114,0.024940492073129084,0.8194785300677703,True,0.05,360,paired cluster influence sandwich; asymptotic Bonferroni bounds,-0.001310961844110503,-6.89979917952721e-05,0.013121723351946613
211,1.0,test,state_UT,mlp_stronger,mlp_base:C5:E8,mlp_base,mlp,5.0,8.0,7.998197999765249,0.8645617840701795,0.8635437610684278,0.001018023001751689,0.001561225152666451,0.008694970065093482,1114,0.006711542830322841,0.8318346995087343,True,0.05,360,paired cluster influence sandwich; asymptotic Bonferroni bounds,-0.001310961844110503,-6.89979917952721e-05,0.002397982837657464
211,1.0,test,state_UT,mlp_stronger,mlp_stronger:C1:E2,mlp_stronger,mlp,1.0,2.0,1.9948093103901194,0.8645617840701795,0.8437243905480015,0.02083739352217795,0.004273294296040399,0.009338696030141565,1114,0.03642136343598066,0.8096677710208312,True,0.05,360,paired cluster influence sandwich; asymptotic Bonferroni bounds,0.0,0.02008083659459814,0.0007565569275798101
211,1.0,test,state_UT,mlp_stronger,mlp_stronger:C1:E8,mlp_stronger,mlp,1.0,8.0,7.995742559457445,0.8645617840701795,0.8444833684577496,0.020078415612429845,0.00426616839194023,0.00928420811952319,1114,0.03563639857859626,0.8106254569766246,True,0.05,360,paired cluster influence sandwich; asymptotic Bonferroni bounds,0.0,0.02008083659459814,-2.420982168294117e-06
211,1.0,test,state_UT,mlp_stronger,mlp_stronger:C5:E2,mlp_stronger,mlp,5.0,2.0,1.9948093103901194,0.8645617840701795,0.8522401953248414,0.012321588745338063,0.003572593052639421,0.009261306680845058,1114,0.0253502216429556,0.8184658014548656,True,0.05,360,paired cluster influence sandwich; asymptotic Bonferroni bounds,0.0,-0.00018520513587150234,0.012506793881209566
211,1.0,test,state_UT,mlp_stronger,mlp_stronger:C5:E8,mlp_stronger,mlp,5.0,8.0,7.995742559457445,0.8645617840701795,0.8642010577271093,0.00036072634307016127,0.00113257153743387,0.008731654090720983,1114,0.004491020102840703,0.8323582158302587,True,0.05,360,paired cluster influence sandwich; asymptotic Bonferroni bounds,0.0,-0.00018520513587150234,0.0005459314789416636
211,1.0,test,state_UT,mlp_stronger,logistic:C1:E2,logistic,logistic,1.0,2.0,1.9948093103901194,0.8645617840701795,0.8470677669223629,0.01749401714781662,0.004157709833697182,0.009153138265649329,1114,0.03265647039113661,0.8136878446734023,True,0.05,360,paired cluster influence sandwich; asymptotic Bonferroni bounds,0.003302219677500995,0.014904776718867141,-0.0007129792485515152
211,1.0,test,state_UT,mlp_stronger,logistic:C1:E8,logistic,logistic,1.0,8.0,7.995742559457445,0.8645617840701795,0.8467590916959101,0.017802692374269347,0.003961242610024885,0.009181044066936202,1114,0.032248663416587074,0.8132774017853873,True,0.05,360,paired cluster influence sandwich; asymptotic Bonferroni bounds,0.003302219677500995,0.014904776718867141,-0.00040430402209878924
211,1.0,test,state_UT,mlp_stronger,logistic:C5:E2,logistic,logistic,5.0,2.0,1.9948093103901194,0.8645617840701795,0.8470713983956152,0.01749038567456429,0.0043108749430487816,0.009056709081301881,1114,0.03321140574961205,0.8140431368102029,True,0.05,360,paired cluster influence sandwich; asymptotic Bonferroni bounds,0.003302219677500995,0.0,0.014188165997063296
211,1.0,test,state_UT,mlp_stronger,logistic:C5:E8,logistic,logistic,5.0,8.0,7.995742559457445,0.8645617840701795,0.859958891722783,0.0046028923473965255,0.0021173414935137585,0.00871836422127196,1114,0.012324472900071985,0.8281645156958921,True,0.05,360,paired cluster influence sandwich; asymptotic Bonferroni bounds,0.003302219677500995,0.0,0.0013006726698955307
212,1.0,validation,source,mlp_stronger,mlp_base:C1:E2,mlp_base,mlp,1.0,2.0,1.9909995955023065,0.8569698222405951,0.8386668044646548,0.018303017775940345,0.004353193663466275,0.009010466700668497,1132,0.03417755824125681,0.805808854805403,True,0.05,360,paired cluster influence sandwich; asymptotic Bonferroni bounds,,,
212,1.0,validation,source,mlp_stronger,mlp_base:C1:E8,mlp_base,mlp,1.0,8.0,7.998197999765249,0.8569698222405951,0.8390729640347251,0.01789685820587006,0.004174973099990369,0.008973440218753034,1132,0.03312149201291095,0.8063500367133004,True,0.05,360,paired cluster influence sandwich; asymptotic Bonferroni bounds,,,
212,1.0,validation,source,mlp_stronger,mlp_base:C5:E2,mlp_base,mlp,5.0,2.0,1.9909995955023065,0.8569698222405951,0.8459435717238527,0.011026250516742442,0.0035222293187887957,0.008763475975397205,1132,0.02387056119340434,0.8139863089087868,True,0.05,360,paired cluster influence sandwich; asymptotic Bonferroni bounds,,,
212,1.0,validation,source,mlp_stronger,mlp_base:C5:E8,mlp_base,mlp,5.0,8.0,7.998197999765249,0.8569698222405951,0.8558939644481189,0.0010758577924762092,0.0011331365007532358,0.008300291536421062,1132,0.005208001369017942,0.8256257696341253,True,0.05,360,paired cluster influence sandwich; asymptotic Bonferroni bounds,,,
212,1.0,validation,source,mlp_stronger,mlp_stronger:C1:E2,mlp_stronger,mlp,1.0,2.0,1.9948093103901194,0.8569698222405951,0.8385872261264985,0.01838259611409665,0.004097181744687862,0.00895785329554869,1132,0.03332355266874116,0.8059211387396749,True,0.05,360,paired cluster influence sandwich; asymptotic Bonferroni bounds,,,
212,1.0,validation,source,mlp_stronger,mlp_stronger:C1:E8,mlp_stronger,mlp,1.0,8.0,7.995742559457445,0.8569698222405951,0.8392910293509713,0.017678792889623818,0.004078020710208748,0.008942656620014427,1132,0.032549876004051605,0.8066803588050596,True,0.05,360,paired cluster influence sandwich; asymptotic Bonferroni bounds,,,
212,1.0,validation,source,mlp_stronger,mlp_stronger:C5:E2,mlp_stronger,mlp,5.0,2.0,1.9948093103901194,0.8569698222405951,0.8435934270359653,0.013376395204629854,0.002762075845622648,0.00866690548299431,1132,0.023448698017065853,0.8119883222703496,True,0.05,360,paired cluster influence sandwich; asymptotic Bonferroni bounds,,,
212,1.0,validation,source,mlp_stronger,mlp_stronger:C5:E8,mlp_stronger,mlp,5.0,8.0,7.995742559457445,0.8569698222405951,0.8550816453079786,0.0018881769326165587,0.0010068031236529144,0.008273307367645961,1132,0.00555962786326708,0.8249118521072047,True,0.05,360,paired cluster influence sandwich; asymptotic Bonferroni bounds,,,
212,1.0,validation,source,mlp_stronger,logistic:C1:E2,logistic,logistic,1.0,2.0,1.9948093103901194,0.8569698222405951,0.84213104588673,0.014838776353865102,0.0037573309104569855,0.008883091158992652,1132,0.02854041845635317,0.8097375892748688,True,0.05,360,paired cluster influence sandwich; asymptotic Bonferroni bounds,,,
212,1.0,validation,source,mlp_stronger,logistic:C1:E8,logistic,logistic,1.0,8.0,7.995742559457445,0.8569698222405951,0.8429485324514262,0.014021289789168945,0.003681657051846485,0.008823430967824597,1132,0.027446976392419588,0.8107726352205809,True,0.05,360,paired cluster influence sandwich; asymptotic Bonferroni bounds,,,
212,1.0,validation,source,mlp_stronger,logistic:C5:E2,logistic,logistic,5.0,2.0,1.9948093103901194,0.8569698222405951,0.8419109136006614,0.015058908639933755,0.0033110172054768004,0.008846264264758008,1132,0.027133004274780465,0.8096517515017335,True,0.05,360,paired cluster influence sandwich; asymptotic Bonferroni bounds,,,
212,1.0,validation,source,mlp_stronger,logistic:C5:E8,logistic,logistic,5.0,8.0,7.995742559457445,0.8569698222405951,0.8532554774700291,0.0037143447705660915,0.0016753552966728576,0.008409601372504889,1132,0.009823766383028565,0.8225886687761309,True,0.05,360,paired cluster influence sandwich; asymptotic Bonferroni bounds,,,
212,1.0,validation,state_OR,mlp_stronger,mlp_base:C1:E2,mlp_base,mlp,1.0,2.0,1.9909995955023065,0.8706440302884871,0.8433939458575517,0.02725008443093546,0.004610935930005517,0.009260331280397119,1198,0.04406159892514197,0.8096306934713136,True,0.05,360,paired cluster influence sandwich; asymptotic Bonferroni bounds,,,
212,1.0,validation,state_OR,mlp_stronger,mlp_base:C1:E8,mlp_base,mlp,1.0,8.0,7.998197999765249,0.8706440302884871,0.8447570610924475,0.02588696919603961,0.004440876754411788,0.00921129751061587,1198,0.04207844638355482,0.8111725862784629,True,0.05,360,paired cluster influence sandwich; asymptotic Bonferroni bounds,,,
212,1.0,validation,state_OR,mlp_stronger,mlp_base:C5:E2,mlp_base,mlp,5.0,2.0,1.9909995955023065,0.8706440302884871,0.8512126948577114,0.019431335430775687,0.0035604821409652787,0.00891811495154238,1198,0.03241288582050959,0.8186971663305833,True,0.05,360,paired cluster influence sandwich; asymptotic Bonferroni bounds,,,
212,1.0,validation,state_OR,mlp_stronger,mlp_base:C5:E8,mlp_base,mlp,5.0,8.0,7.998197999765249,0.8706440302884871,0.8684899305000089,0.0021540997884782476,0.0011219799092538586,0.00832811807225369,1198,0.0062448487802143305,0.8381255359808709,True,0.05,360,paired cluster influence sandwich; asymptotic Bonferroni bounds,,,
212,1.0,validation,state_OR,mlp_stronger,mlp_stronger:C1:E2,mlp_stronger,mlp,1.0,2.0,1.9948093103901194,0.8706440302884871,0.8426296237046518,0.02801440658383536,0.0045383226828259815,0.0092417016816591,1198,0.044561172515936234,0.8089342950054828,True,0.05,360,paired cluster influence sandwich; asymptotic Bonferroni bounds,,,
212,1.0,validation,state_OR,mlp_stronger,mlp_stronger:C1:E8,mlp_stronger,mlp,1.0,8.0,7.995742559457445,0.8706440302884871,0.8447381752252973,0.025905855063189875,0.004417677264119459,0.009189414284455192,1198,0.042012746697310234,0.8112334868536673,True,0.05,360,paired cluster influence sandwich; asymptotic Bonferroni bounds,,,
212,1.0,validation,state_OR,mlp_stronger,mlp_stronger:C5:E2,mlp_stronger,mlp,5.0,2.0,1.9948093103901194,0.8706440302884871,0.850868305515562,0.019775724772925107,0.003265087828883429,0.008857158704231895,1198,0.03168026480414288,0.8185750240225997,True,0.05,360,paired cluster influence sandwich; asymptotic Bonferroni bounds,,,
212,1.0,validation,state_OR,mlp_stronger,mlp_stronger:C5:E8,mlp_stronger,mlp,5.0,8.0,7.995742559457445,0.8706440302884871,0.8665580173838853,0.004086012904601866,0.0010475610606600204,0.008355148015822407,1198,0.007905430094992364,0.8360950714437383,True,0.05,360,paired cluster influence sandwich; asymptotic Bonferroni bounds,,,
212,1.0,validation,state_OR,mlp_stronger,logistic:C1:E2,logistic,logistic,1.0,2.0,1.9948093103901194,0.8706440302884871,0.848086528377682,0.02255750191080519,0.003929780589654935,0.0090270287016076,1198,0.03688551781580092,0.8151738993235383,True,0.05,360,paired cluster influence sandwich; asymptotic Bonferroni bounds,,,
212,1.0,validation,state_OR,mlp_stronger,logistic:C1:E8,logistic,logistic,1.0,8.0,7.995742559457445,0.8706440302884871,0.8495285198812633,0.021115510407223814,0.0038846488050052544,0.009008156505187138,1198,0.03527897541337706,0.8166846990275537,True,0.05,360,paired cluster influence sandwich; asymptotic Bonferroni bounds,,,
212,1.0,validation,state_OR,mlp_stronger,logistic:C5:E2,logistic,logistic,5.0,2.0,1.9948093103901194,0.8706440302884871,0.8493507705433798,0.021293259745107318,0.0035226739746742,0.008929057659654807,1198,0.03413696121539179,0.8167953448025774,True,0.05,360,paired cluster influence sandwich; asymptotic Bonferroni bounds,,,
212,1.0,validation,state_OR,mlp_stronger,logistic:C5:E8,logistic,logistic,5.0,8.0,7.995742559457445,0.8706440302884871,0.8647283101370449,0.005915720151442261,0.0016488078885133098,0.008463544474290654,1198,0.01192728876499061,0.8338701497197674,True,0.05,360,paired cluster influence sandwich; asymptotic Bonferroni bounds,,,
212,1.0,validation,state_WA,mlp_stronger,mlp_base:C1:E2,mlp_base,mlp,1.0,2.0,1.9909995955023065,0.8450123647475636,0.8227558191333019,0.022256545614261714,0.0043645427506424535,0.009132374625040752,1196,0.03816978758170056,0.7894589320483534,True,0.05,360,paired cluster influence sandwich; asymptotic Bonferroni bounds,,,
212,1.0,validation,state_WA,mlp_stronger,mlp_base:C1:E8,mlp_base,mlp,1.0,8.0,7.998197999765249,0.8450123647475636,0.8228234713716542,0.022188893375909347,0.004201723301624525,0.009144632984816319,1196,0.03750849118925073,0.7894818899724609,True,0.05,360,paired cluster influence sandwich; asymptotic Bonferroni bounds,,,
212,1.0,validation,state_WA,mlp_stronger,mlp_base:C5:E2,mlp_base,mlp,5.0,2.0,1.9909995955023065,0.8450123647475636,0.8354723583362129,0.009540006411350666,0.0034234268741981577,0.00890635799277947,1196,0.022021914212329147,0.8029995340599768,True,0.05,360,paired cluster influence sandwich; asymptotic Bonferroni bounds,,,
212,1.0,validation,state_WA,mlp_stronger,mlp_base:C5:E8,mlp_base,mlp,5.0,8.0,7.998197999765249,0.8450123647475636,0.844228639586343,0.0007837251612206053,0.0012111647448204191,0.008642573429733399,1196,0.005199664870809112,0.8127175810250628,True,0.05,360,paired cluster influence sandwich; asymptotic Bonferroni bounds,,,
212,1.0,validation,state_WA,mlp_stronger,mlp_stronger:C1:E2,mlp_stronger,mlp,1.0,2.0,1.9948093103901194,0.8450123647475636,0.8229311945511846,0.022081170196379007,0.004219521036218633,0.009101385026214244,1196,0.03746565903571082,0.7897472963891943,True,0.05,360,paired cluster influence sandwich; asymptotic Bonferroni bounds,,,
212,1.0,validation,state_WA,mlp_stronger,mlp_stronger:C1:E8,mlp_stronger,mlp,1.0,8.0,7.995742559457445,0.8450123647475636,0.8248046411517116,0.02020772359585199,0.004140968836193697,0.009058121570664159,1196,0.035305808970379285,0.7917784827292198,True,0.05,360,paired cluster influence sandwich; asymptotic Bonferroni bounds,,,
212,1.0,validation,state_WA,mlp_stronger,mlp_stronger:C5:E2,mlp_stronger,mlp,5.0,2.0,1.9948093103901194,0.8450123647475636,0.8248946706689037,0.02011769407865993,0.003347064694535911,0.009245232320931232,1196,0.032321183288837006,0.7911863013451047,True,0.05,360,paired cluster influence sandwich; asymptotic Bonferroni bounds,,,
212,1.0,validation,state_WA,mlp_stronger,mlp_stronger:C5:E8,mlp_stronger,mlp,5.0,8.0,7.995742559457445,0.8450123647475636,0.8416141407749407,0.0033982239726229047,0.0011332556279419644,0.008728476772989865,1196,0.007530104916107258,0.8097898762800375,True,0.05,360,paired cluster influence sandwich; asymptotic Bonferroni bounds,,,
212,1.0,validation,state_WA,mlp_stronger,logistic:C1:E2,logistic,logistic,1.0,2.0,1.9948093103901194,0.8450123647475636,0.8261228189959159,0.018889545751647696,0.0037963798072201617,0.009053737843768962,1196,0.03273125012347465,0.793112643761306,True,0.05,360,paired cluster influence sandwich; asymptotic Bonferroni bounds,,,
212,1.0,validation,state_WA,mlp_stronger,logistic:C1:E8,logistic,logistic,1.0,8.0,7.995742559457445,0.8450123647475636,0.8272271116865599,0.017785253061003647,0.003731193108045749,0.009024301551463039,1196,0.03138928494884167,0.7943242619769479,True,0.05,360,paired cluster influence sandwich; asymptotic Bonferroni bounds,,,
212,1.0,validation,state_WA,mlp_stronger,logistic:C5:E2,logistic,logistic,5.0,2.0,1.9948093103901194,0.8450123647475636,0.826813912630777,0.018198452116786612,0.003615552957580563,0.009064283659307396,1196,0.031380856860467855,0.7937652870649423,True,0.05,360,paired cluster influence sandwich; asymptotic Bonferroni bounds,,,
212,1.0,validation,state_WA,mlp_stronger,logistic:C5:E8,logistic,logistic,5.0,8.0,7.995742559457445,0.8450123647475636,0.8397375717634128,0.005274792984150789,0.0017438700972420948,0.008720854976237978,1196,0.0116329909450047,0.8079410965474488,True,0.05,360,paired cluster influence sandwich; asymptotic Bonferroni bounds,,,
212,1.0,validation,proxy_0.5,mlp_stronger,mlp_base:C1:E2,mlp_base,mlp,1.0,2.0,1.9909995955023065,0.8479149441918147,0.8233025010334849,0.024612443158329778,0.004707360340150784,0.009439007820486914,1132,0.04177850283348037,0.7888818151686969,True,0.05,360,paired cluster influence sandwich; asymptotic Bonferroni bounds,,,
212,1.0,validation,proxy_0.5,mlp_stronger,mlp_base:C1:E8,mlp_base,mlp,1.0,8.0,7.998197999765249,0.8479149441918147,0.8241427242662256,0.02377221992558909,0.00453222430717928,0.00941260496452436,1132,0.04029962112209819,0.789818320174724,True,0.05,360,paired cluster influence sandwich; asymptotic Bonferroni bounds,,,
212,1.0,validation,proxy_0.5,mlp_stronger,mlp_base:C5:E2,mlp_base,mlp,5.0,2.0,1.9909995955023065,0.8479149441918147,0.8313337122778006,0.01658123191401406,0.003707213487409154,0.009136987229421769,1132,0.03010011369805659,0.7980143874975101,True,0.05,360,paired cluster influence sandwich; asymptotic Bonferroni bounds,,,
212,1.0,validation,proxy_0.5,mlp_stronger,mlp_base:C5:E8,mlp_base,mlp,5.0,8.0,7.998197999765249,0.8479149441918147,0.846550744109136,0.0013642000826786793,0.0011966642135031165,0.008596305382369633,1132,0.005728006508309918,0.8152030926619029,True,0.05,360,paired cluster influence sandwich; asymptotic Bonferroni bounds,,,
212,1.0,validation,proxy_0.5,mlp_stronger,mlp_stronger:C1:E2,mlp_stronger,mlp,1.0,2.0,1.9948093103901194,0.8479149441918147,0.824883732947499,0.02303121124431573,0.004509558907807822,0.009344510550074039,1132,0.03947595983510587,0.7908076448330065,True,0.05,360,paired cluster influence sandwich; asymptotic Bonferroni bounds,,,
212,1.0,validation,proxy_0.5,mlp_stronger,mlp_stronger:C1:E8,mlp_stronger,mlp,1.0,8.0,7.995742559457445,0.8479149441918147,0.824703906572964,0.023211037618850683,0.0044380316035065115,0.00936202493764814,1132,0.039394951711043756,0.7905639497506298,True,0.05,360,paired cluster influence sandwich; asymptotic Bonferroni bounds,,,
212,1.0,validation,proxy_0.5,mlp_stronger,mlp_stronger:C5:E2,mlp_stronger,mlp,5.0,2.0,1.9948093103901194,0.8479149441918147,0.837685510541546,0.010229433650268627,0.003329191613646187,0.008787998546296864,1132,0.02236980485202599,0.8056388226803749,True,0.05,360,paired cluster influence sandwich; asymptotic Bonferroni bounds,,,
212,1.0,validation,proxy_0.5,mlp_stronger,mlp_stronger:C5:E8,mlp_stronger,mlp,5.0,8.0,7.995742559457445,0.8479149441918147,0.8473372261264985,0.0005777180653161462,0.001136841925563808,0.008521508392071653,1132,0.004723374000977179,0.81626233255336,True,0.05,360,paired cluster influence sandwich; asymptotic Bonferroni bounds,,,
212,1.0,validation,proxy_0.5,mlp_stronger,logistic:C1:E2,logistic,logistic,1.0,2.0,1.9948093103901194,0.8479149441918147,0.8276328028110789,0.020282141380735808,0.004037744474882294,0.009308806401883174,1132,0.03500635146885048,0.7936869149562239,True,0.05,360,paired cluster influence sandwich; asymptotic Bonferroni bounds,,,
212,1.0,validation,proxy_0.5,mlp_stronger,logistic:C1:E8,logistic,logistic,1.0,8.0,7.995742559457445,0.8479149441918147,0.8279645514675485,0.01995039272426613,0.0039468279808825505,0.009266728694804886,1132,0.03434306287307692,0.7941721059622283,True,0.05,360,paired cluster influence sandwich; asymptotic Bonferroni bounds,,,
212,1.0,validation,proxy_0.5,mlp_stronger,logistic:C5:E2,logistic,logistic,5.0,2.0,1.9948093103901194,0.8479149441918147,0.8320013435303844,0.015913600661430327,0.00368600875388443,0.009237557846880459,1132,0.029355156365721453,0.7983152736751231,True,0.05,360,paired cluster influence sandwich; asymptotic Bonferroni bounds,,,
212,1.0,validation,proxy_0.5,mlp_stronger,logistic:C5:E8,logistic,logistic,5.0,8.0,7.995742559457445,0.8479149441918147,0.8430089913187266,0.0049059528730880375,0.0017900262594392074,0.008775138533541695,1132,0.011433538477175396,0.8110091993249688,True,0.05,360,paired cluster influence sandwich; asymptotic Bonferroni bounds,,,
212,1.0,validation,proxy_0.75,mlp_stronger,mlp_base:C1:E2,mlp_base,mlp,1.0,2.0,1.9909995955023065,0.8522829681686647,0.8307203389830509,0.021562629185613802,0.004505656977179932,0.009283497836589383,1132,0.03799314883084493,0.7968667424147626,True,0.05,360,paired cluster influence sandwich; asymptotic Bonferroni bounds,,,
212,1.0,validation,proxy_0.75,mlp_stronger,mlp_base:C1:E8,mlp_base,mlp,1.0,8.0,7.998197999765249,0.8522829681686647,0.8314065729640348,0.020876395204629916,0.0043251438870816955,0.009248497622315168,1132,0.03664864816686628,0.7976806096601367,True,0.05,360,paired cluster influence sandwich; asymptotic Bonferroni bounds,,,
212,1.0,validation,proxy_0.75,mlp_stronger,mlp_base:C5:E2,mlp_base,mlp,5.0,2.0,1.9909995955023065,0.8522829681686647,0.8383526250516742,0.013930343116990485,0.003683341676912168,0.009081064829602003,1132,0.027362172945386037,0.8052372292640924,True,0.05,360,paired cluster influence sandwich; asymptotic Bonferroni bounds,,,
212,1.0,validation,proxy_0.75,mlp_stronger,mlp_base:C5:E8,mlp_base,mlp,5.0,8.0,7.998197999765249,0.8522829681686647,0.8510334849111203,0.0012494832575443704,0.0011699267329463058,0.008524029077246881,1132,0.005515787653665226,0.8199493993006162,True,0.05,360,paired cluster influence sandwich; asymptotic Bonferroni bounds,,,
212,1.0,validation,proxy_0.75,mlp_stronger,mlp_stronger:C1:E2,mlp_stronger,mlp,1.0,2.0,1.9948093103901194,0.8522829681686647,0.8311874741628771,0.021095494005787585,0.00428776250960093,0.009229108807392224,1132,0.0367314304529909,0.7975322149330136,True,0.05,360,paired cluster influence sandwich; asymptotic Bonferroni bounds,,,
212,1.0,validation,proxy_0.75,mlp_stronger,mlp_stronger:C1:E8,mlp_stronger,mlp,1.0,8.0,7.995742559457445,0.8522829681686647,0.8314065729640348,0.020876395204629916,0.004252871206425255,0.009243674781292144,1132,0.03638509554726975,0.7976981968365631,True,0.05,360,paired cluster influence sandwich; asymptotic Bonferroni bounds,,,
212,1.0,validation,proxy_0.75,mlp_stronger,mlp_stronger:C5:E2,mlp_stronger,mlp,5.0,2.0,1.9948093103901194,0.8522829681686647,0.8407410086812733,0.01154195948739134,0.003155044331393619,0.008777447248314516,1132,0.02304727783077392,0.8087327976304008,True,0.05,360,paired cluster influence sandwich; asymptotic Bonferroni bounds,,,
212,1.0,validation,proxy_0.75,mlp_stronger,mlp_stronger:C5:E8,mlp_stronger,mlp,5.0,8.0,7.995742559457445,0.8522829681686647,0.8512319140140554,0.0010510541546092655,0.0011000671712453256,0.008458782519042968,1132,0.005062605712964471,0.8203857592673038,True,0.05,360,paired cluster influence sandwich; asymptotic Bonferroni bounds,,,
212,1.0,validation,proxy_0.75,mlp_stronger,logistic:C1:E2,logistic,logistic,1.0,2.0,1.9948093103901194,0.8522829681686647,0.8343323687474162,0.017950599421248437,0.003921466476357854,0.009187637699122174,1132,0.032250785233049965,0.8008283398181708,True,0.05,360,paired cluster influence sandwich; asymptotic Bonferroni bounds,,,
212,1.0,validation,proxy_0.75,mlp_stronger,logistic:C1:E8,logistic,logistic,1.0,8.0,7.995742559457445,0.8522829681686647,0.834854278627532,0.017428689541132636,0.003836087922007431,0.009137714746703872,1132,0.03141753029900729,0.8015323008518944,True,0.05,360,paired cluster influence sandwich; asymptotic Bonferroni bounds,,,
212,1.0,validation,proxy_0.75,mlp_stronger,logistic:C5:E2,logistic,logistic,5.0,2.0,1.9948093103901194,0.8522829681686647,0.8368768085985946,0.015406159570070077,0.00349041774978243,0.009089541441155096,1132,0.0281344648312838,0.8037305016401549,True,0.05,360,paired cluster influence sandwich; asymptotic Bonferroni bounds,,,
212,1.0,validation,proxy_0.75,mlp_stronger,logistic:C5:E8,logistic,logistic,5.0,8.0,7.995742559457445,0.8522829681686647,0.8480043406366266,0.004278627532038115,0.0017519811047220905,0.008660976372250212,1132,0.010667476062896988,0.8164208572174766,True,0.05,360,paired cluster influence sandwich; asymptotic Bonferroni bounds,,,
212,1.0,test,source,mlp_stronger,mlp_base:C1:E2,mlp_base,mlp,1.0,2.0,1.9909995955023065,0.8765498507856424,0.8519861585134624,0.024563692272180027,0.003903840458180987,0.008292738869124327,1143,0.03879917038777007,0.8217464230646606,True,0.05,360,paired cluster influence sandwich; asymptotic Bonferroni bounds,-8.44998433660038e-05,0.02155467345962947,0.0030935186559165606
212,1.0,test,source,mlp_stronger,mlp_base:C1:E8,mlp_base,mlp,1.0,8.0,7.998197999765249,0.8765498507856424,0.8542130385319285,0.022336812253713867,0.003748166781601895,0.008207863195320854,1143,0.03600462136749544,0.8242828049211035,True,0.05,360,paired cluster influence sandwich; asymptotic Bonferroni bounds,-8.44998433660038e-05,0.02155467345962947,0.0008666386374504009
212,1.0,test,source,mlp_stronger,mlp_base:C5:E2,mlp_base,mlp,5.0,2.0,1.9909995955023065,0.8765498507856424,0.8591191818766384,0.01743066890900402,0.0031529218532033755,0.008190815925986104,1143,0.02892789850182295,0.8292511116744222,True,0.05,360,paired cluster influence sandwich; asymptotic Bonferroni bounds,-8.44998433660038e-05,0.0007635900479791013,0.016751578704390924
212,1.0,test,source,mlp_stronger,mlp_base:C5:E8,mlp_base,mlp,5.0,8.0,7.998197999765249,0.8765498507856424,0.8742796903595983,0.00227016042604411,0.001031866517932666,0.007571932376225929,1143,0.0060328944290328045,0.8466683986612902,True,0.05,360,paired cluster influence sandwich; asymptotic Bonferroni bounds,-8.44998433660038e-05,0.0007635900479791013,0.0015910702214310124
212,1.0,test,source,mlp_stronger,mlp_stronger:C1:E2,mlp_stronger,mlp,1.0,2.0,1.9948093103901194,0.8765498507856424,0.8532938451138481,0.02325600567179431,0.003729776006798547,0.00824640623181086,1143,0.036856752241640936,0.8232230630973341,True,0.05,360,paired cluster influence sandwich; asymptotic Bonferroni bounds,0.0,0.02169172808362596,0.0015642775881683502
212,1.0,test,source,mlp_stronger,mlp_stronger:C1:E8,mlp_stronger,mlp,1.0,8.0,7.995742559457445,0.8765498507856424,0.8546015317142339,0.021948319071408484,0.0036657926699035404,0.008210624681134135,1143,0.03531574837281435,0.8246612282577576,True,0.05,360,paired cluster influence sandwich; asymptotic Bonferroni bounds,0.0,0.02169172808362596,0.00025659098778252343
212,1.0,test,source,mlp_stronger,mlp_stronger:C5:E2,mlp_stronger,mlp,5.0,2.0,1.9948093103901194,0.8765498507856424,0.8590728100113766,0.017477040774265817,0.0027918497438030702,0.008112807367222412,1143,0.027657609461860917,0.829489200494223,True,0.05,360,paired cluster influence sandwich; asymptotic Bonferroni bounds,0.0,0.0008058399696625473,0.01667120080460327
212,1.0,test,source,mlp_stronger,mlp_stronger:C5:E8,mlp_stronger,mlp,5.0,8.0,7.995742559457445,0.8765498507856424,0.8734676674745677,0.003082183311074682,0.0009481622567146907,0.007603258218900388,1143,0.006539687069253286,0.8457421450968501,True,0.05,360,paired cluster influence sandwich; asymptotic Bonferroni bounds,0.0,0.0008058399696625473,0.002276343341412135
212,1.0,test,source,mlp_stronger,logistic:C1:E2,logistic,logistic,1.0,2.0,1.9948093103901194,0.8765498507856424,0.8622734992003429,0.014276351585299496,0.0033264406062858023,0.007941968593757993,1143,0.026406322817693603,0.8333128586920407,True,0.05,360,paired cluster influence sandwich; asymptotic Bonferroni bounds,0.0015096618357488545,0.014673088654762467,-0.0019063989052118258
212,1.0,test,source,mlp_stronger,logistic:C1:E8,logistic,logistic,1.0,8.0,7.995742559457445,0.8765498507856424,0.8611492390892154,0.015400611696427036,0.0032735332426721887,0.00798867226772926,1143,0.027337654548436945,0.8320182921516782,True,0.05,360,paired cluster influence sandwich; asymptotic Bonferroni bounds,0.0015096618357488545,0.014673088654762467,-0.0007821387940842861
212,1.0,test,source,mlp_stronger,logistic:C5:E2,logistic,logistic,5.0,2.0,1.9948093103901194,0.8765498507856424,0.8718065242122967,0.004743326573345752,0.0031383945941747026,0.0076185205366655516,1143,0.016187582055107244,0.8440253473085125,True,0.05,360,paired cluster influence sandwich; asymptotic Bonferroni bounds,0.0015096618357488545,-1.1102230246251565e-16,0.0032336647375970085
212,1.0,test,source,mlp_stronger,logistic:C5:E8,logistic,logistic,5.0,8.0,7.995742559457445,0.8765498507856424,0.8768564203393184,-0.00030656955367602823,0.0015177798478809795,0.007467291595788842,1143,0.00522806282698761,0.8496267045675544,True,0.05,360,paired cluster influence sandwich; asymptotic Bonferroni bounds,0.0015096618357488545,-1.1102230246251565e-16,-0.0018162313894247717
212,1.0,test,state_CO,mlp_stronger,mlp_base:C1:E2,mlp_base,mlp,1.0,2.0,1.9909995955023065,0.8504789700910701,0.8297550926515472,0.020723877439522864,0.00428141381826135,0.00913330557917794,1200,0.036333873821139354,0.7964551424259785,True,0.05,360,paired cluster influence sandwich; asymptotic Bonferroni bounds,9.756037446762011e-05,0.018604249935301964,0.00202206712975328
212,1.0,test,state_CO,mlp_stronger,mlp_base:C1:E8,mlp_base,mlp,1.0,8.0,7.998197999765249,0.8504789700910701,0.8313345437666109,0.01914442632445923,0.004145501610096792,0.00909263136012278,1200,0.034258888014096836,0.7981828913789124,True,0.05,360,paired cluster influence sandwich; asymptotic Bonferroni bounds,9.756037446762011e-05,0.018604249935301964,0.0004426160146896452
212,1.0,test,state_CO,mlp_stronger,mlp_base:C5:E2,mlp_base,mlp,5.0,2.0,1.9909995955023065,0.8504789700910701,0.8329920431812488,0.017486926909821343,0.003519367988097037,0.009162828741347726,1200,0.03031851102940577,0.7995844517712005,True,0.05,360,paired cluster influence sandwich; asymptotic Bonferroni bounds,9.756037446762011e-05,0.0007999950706335524,0.01658937146472017
212,1.0,test,state_CO,mlp_stronger,mlp_base:C5:E8,mlp_base,mlp,5.0,8.0,7.998197999765249,0.8504789700910701,0.8474433020181648,0.00303566807290534,0.001201464657860696,0.008713031035300084,1200,0.007416197439595189,0.8156756690101554,True,0.05,360,paired cluster influence sandwich; asymptotic Bonferroni bounds,9.756037446762011e-05,0.0007999950706335524,0.0021381126278041673
212,1.0,test,state_CO,mlp_stronger,mlp_stronger:C1:E2,mlp_stronger,mlp,1.0,2.0,1.9948093103901194,0.8504789700910701,0.8300744745090146,0.020404495582055482,0.004173832380432718,0.009111302556465906,1200,0.03562225100624076,0.7968547471069101,True,0.05,360,paired cluster influence sandwich; asymptotic Bonferroni bounds,1.1102230246251565e-16,0.017390393486663935,0.0030141020953914355
212,1.0,test,state_CO,mlp_stronger,mlp_stronger:C1:E8,mlp_stronger,mlp,1.0,8.0,7.995742559457445,0.8504789700910701,0.8323347943427306,0.018144175748339486,0.004088315703319588,0.009058608620726006,1200,0.03305013813476465,0.7993071885577246,True,0.05,360,paired cluster influence sandwich; asymptotic Bonferroni bounds,1.1102230246251565e-16,0.017390393486663935,0.0007537822616754397
212,1.0,test,state_CO,mlp_stronger,mlp_stronger:C5:E2,mlp_stronger,mlp,5.0,2.0,1.9948093103901194,0.8504789700910701,0.8259584536577953,0.024520516433274797,0.003797508268345654,0.009300033403691187,1200,0.038366197520020844,0.7920506152794239,True,0.05,360,paired cluster influence sandwich; asymptotic Bonferroni bounds,1.1102230246251565e-16,0.0007342701867818491,0.023786246246492837
212,1.0,test,state_CO,mlp_stronger,mlp_stronger:C5:E8,mlp_stronger,mlp,5.0,8.0,7.995742559457445,0.8504789700910701,0.8458207189480732,0.004658251142996894,0.0011889504189505871,0.008765956527606767,1200,0.008993153706860005,0.8138601200697996,True,0.05,360,paired cluster influence sandwich; asymptotic Bonferroni bounds,1.1102230246251565e-16,0.0007342701867818491,0.003923980956214934
212,1.0,test,state_CO,mlp_stronger,logistic:C1:E2,logistic,logistic,1.0,2.0,1.9948093103901194,0.8504789700910701,0.8338295219747042,0.016649448116365928,0.0037045709154677363,0.009006636175451341,1200,0.030156280448069082,0.8009914072590316,True,0.05,360,paired cluster influence sandwich; asymptotic Bonferroni bounds,0.0014942141563184519,0.013610185713874956,0.0015450482461725201
212,1.0,test,state_CO,mlp_stronger,logistic:C1:E8,logistic,logistic,1.0,8.0,7.995742559457445,0.8504789700910701,0.834937088962738,0.015541881128332102,0.003644014367995239,0.008972413237625376,1200,0.028827924831078863,0.8022237507714354,True,0.05,360,paired cluster influence sandwich; asymptotic Bonferroni bounds,0.0014942141563184519,0.013610185713874956,0.00043748125813869443
212,1.0,test,state_CO,mlp_stronger,logistic:C5:E2,logistic,logistic,5.0,2.0,1.9948093103901194,0.8504789700910701,0.8355486384679529,0.014930331623117188,0.0034616778474427256,0.00893504580275548,1200,0.02755157800729568,0.8029715416090394,True,0.05,360,paired cluster influence sandwich; asymptotic Bonferroni bounds,0.0014942141563184519,0.0,0.013436117466798736
212,1.0,test,state_CO,mlp_stronger,logistic:C5:E8,logistic,logistic,5.0,8.0,7.995742559457445,0.8504789700910701,0.8474299516511322,0.0030490184399378784,0.0016975141610381123,0.00865154502181793,1200,0.009238139846171951,0.8158864960968142,True,0.05,360,paired cluster influence sandwich; asymptotic Bonferroni bounds,0.0014942141563184519,0.0,0.0015548042836194265
212,1.0,test,state_UT,mlp_stronger,mlp_base:C1:E2,mlp_base,mlp,1.0,2.0,1.9909995955023065,0.8604898001449726,0.8394575234905068,0.02103227665446572,0.004579810975986186,0.00900539456966883,1116,0.03773396432895096,0.8066165856708566,True,0.05,360,paired cluster influence sandwich; asymptotic Bonferroni bounds,0.0014013263638450457,0.019088428758593734,0.0005425215320269405
212,1.0,test,state_UT,mlp_stronger,mlp_base:C1:E8,mlp_base,mlp,1.0,8.0,7.998197999765249,0.8604898001449726,0.840057448753101,0.020432351391871606,0.004409819919036095,0.009008426334546463,1116,0.03651411445472488,0.8072054546714447,True,0.05,360,paired cluster influence sandwich; asymptotic Bonferroni bounds,0.0014013263638450457,0.019088428758593734,-5.740373056717374e-05
212,1.0,test,state_UT,mlp_stronger,mlp_base:C5:E2,mlp_base,mlp,5.0,2.0,1.9909995955023065,0.8604898001449726,0.8400968434701569,0.020392956674815665,0.003574436083830803,0.008700673749269363,1116,0.03342823594672863,0.8083671637344997,True,0.05,360,paired cluster influence sandwich; asymptotic Bonferroni bounds,0.0014013263638450457,0.0006933470201836434,0.018298283290786976
212,1.0,test,state_UT,mlp_stronger,mlp_base:C5:E8,mlp_base,mlp,5.0,8.0,7.998197999765249,0.8604898001449726,0.8561817064440752,0.004308093700897353,0.0011413302107426697,0.008291083827700637,1116,0.008470304939140385,0.8259457221863595,True,0.05,360,paired cluster influence sandwich; asymptotic Bonferroni bounds,0.0014013263638450457,0.0006933470201836434,0.002213420316868664
212,1.0,test,state_UT,mlp_stronger,mlp_stronger:C1:E2,mlp_stronger,mlp,1.0,2.0,1.9948093103901194,0.8604898001449726,0.8361281071176123,0.024361693027360243,0.004679849565987263,0.009134234777039108,1116,0.041428202152851784,0.802817313901157,True,0.05,360,paired cluster influence sandwich; asymptotic Bonferroni bounds,0.0,0.02088482785634216,0.0034768651710180842
212,1.0,test,state_UT,mlp_stronger,mlp_stronger:C1:E8,mlp_stronger,mlp,1.0,8.0,7.995742559457445,0.8604898001449726,0.8387078983031008,0.021781901841871787,0.004506851979454312,0.009059828990464279,1116,0.038217522121980166,0.8056684486453781,True,0.05,360,paired cluster influence sandwich; asymptotic Bonferroni bounds,0.0,0.02088482785634216,0.0008970739855296284
212,1.0,test,state_UT,mlp_stronger,mlp_stronger:C5:E2,mlp_stronger,mlp,5.0,2.0,1.9948093103901194,0.8604898001449726,0.8367043955499728,0.02378540459499978,0.0035772840863833293,0.009002460635818029,1116,0.036831069983147204,0.8038741572214348,True,0.05,360,paired cluster influence sandwich; asymptotic Bonferroni bounds,0.0,0.0005852929391160222,0.02320011165588376
212,1.0,test,state_UT,mlp_stronger,mlp_stronger:C5:E8,mlp_stronger,mlp,5.0,8.0,7.995742559457445,0.8604898001449726,0.8560753407080244,0.0044144594369481815,0.00118064093101659,0.008337189522792913,1116,0.008720029293203322,0.8256712178691569,True,0.05,360,paired cluster influence sandwich; asymptotic Bonferroni bounds,0.0,0.0005852929391160222,0.0038291664978321593
212,1.0,test,state_UT,mlp_stronger,logistic:C1:E2,logistic,logistic,1.0,2.0,1.9948093103901194,0.8604898001449726,0.8415206811008911,0.018969119044081495,0.003912118504570457,0.0089032785045465,1116,0.03323586100166641,0.8090521408834919,True,0.05,360,paired cluster influence sandwich; asymptotic Bonferroni bounds,0.002966984975980469,0.014320542431486949,0.001681591636614077
212,1.0,test,state_UT,mlp_stronger,logistic:C1:E8,logistic,logistic,1.0,8.0,7.995742559457445,0.8604898001449726,0.8426541233887561,0.017835676756216445,0.0038830907942596885,0.008891179245793183,1116,0.031996560250633785,0.8102297068353794,True,0.05,360,paired cluster influence sandwich; asymptotic Bonferroni bounds,0.002966984975980469,0.014320542431486949,0.0005481493487490274
212,1.0,test,state_UT,mlp_stronger,logistic:C5:E2,logistic,logistic,5.0,2.0,1.9948093103901194,0.8604898001449726,0.8429557743650697,0.017534025779902818,0.003490416888567932,0.008679575691583265,1116,0.03026290324499451,0.8113030351782384,True,0.05,360,paired cluster influence sandwich; asymptotic Bonferroni bounds,0.002966984975980469,0.0,0.014567040803922349
212,1.0,test,state_UT,mlp_stronger,logistic:C5:E8,logistic,logistic,5.0,8.0,7.995742559457445,0.8604898001449726,0.8551118584851719,0.005377941659800656,0.0017317979212589367,0.008331130024773054,1116,0.011693474800327543,0.8247298334673547,True,0.05,360,paired cluster influence sandwich; asymptotic Bonferroni bounds,0.002966984975980469,0.0,0.002410956683820187
213,1.0,validation,source,mlp_stronger,mlp_base:C1:E2,mlp_base,mlp,1.0,2.0,1.9909995955023065,0.8759262966067415,0.8423356644523121,0.03359063215442937,0.004270344042253299,0.009127500092385122,1152,0.04916219739689631,0.8090527575523327,True,0.05,360,paired cluster influence sandwich; asymptotic Bonferroni bounds,,,
213,1.0,validation,source,mlp_stronger,mlp_base:C1:E8,mlp_base,mlp,1.0,8.0,7.998197999765249,0.8759262966067415,0.8440970354338425,0.03182926117289897,0.004155251924524922,0.009079734094233018,1152,0.04698114959252252,0.8109883045134183,True,0.05,360,paired cluster influence sandwich; asymptotic Bonferroni bounds,,,
213,1.0,validation,source,mlp_stronger,mlp_base:C5:E2,mlp_base,mlp,5.0,2.0,1.9909995955023065,0.8759262966067415,0.8618749452666609,0.01405135134008062,0.0030634340261489635,0.00854609545243978,1152,0.025221988256491922,0.8307120971239157,True,0.05,360,paired cluster influence sandwich; asymptotic Bonferroni bounds,,,
213,1.0,validation,source,mlp_stronger,mlp_base:C5:E8,mlp_base,mlp,5.0,8.0,7.998197999765249,0.8759262966067415,0.8732678201326945,0.0026584764740469335,0.0011787953245583791,0.008105346263778202,1152,0.006956886185829826,0.8437121386910161,True,0.05,360,paired cluster influence sandwich; asymptotic Bonferroni bounds,,,
213,1.0,validation,source,mlp_stronger,mlp_stronger:C1:E2,mlp_stronger,mlp,1.0,2.0,1.9948093103901194,0.8759262966067415,0.8468394363612859,0.029086860245455592,0.004000272397777194,0.008988481073523265,1152,0.043673624687216805,0.8140634543602683,True,0.05,360,paired cluster influence sandwich; asymptotic Bonferroni bounds,,,
213,1.0,validation,source,mlp_stronger,mlp_stronger:C1:E8,mlp_stronger,mlp,1.0,8.0,7.995742559457445,0.8759262966067415,0.8474388967426887,0.028487399864052798,0.00397306040195262,0.00898599206393247,1152,0.0429749373198458,0.814671990772747,True,0.05,360,paired cluster influence sandwich; asymptotic Bonferroni bounds,,,
213,1.0,validation,source,mlp_stronger,mlp_stronger:C5:E2,mlp_stronger,mlp,5.0,2.0,1.9948093103901194,0.8759262966067415,0.8588964090759345,0.01702988753080703,0.002939832271071902,0.00856679885774283,1152,0.027749817718621752,0.8276580671501995,True,0.05,360,paired cluster influence sandwich; asymptotic Bonferroni bounds,,,
213,1.0,validation,source,mlp_stronger,mlp_stronger:C5:E8,mlp_stronger,mlp,5.0,8.0,7.995742559457445,0.8759262966067415,0.8729008461252966,0.003025450481444869,0.0010515958925537356,0.008089194770041684,1152,0.006860034741538883,0.8434040601814968,True,0.05,360,paired cluster influence sandwich; asymptotic Bonferroni bounds,,,
213,1.0,validation,source,mlp_stronger,logistic:C1:E2,logistic,logistic,1.0,2.0,1.9948093103901194,0.8759262966067415,0.8529174433588129,0.023008853247928562,0.003650219709568453,0.00880054743018886,1152,0.036319170588751476,0.8208267506364765,True,0.05,360,paired cluster influence sandwich; asymptotic Bonferroni bounds,,,
213,1.0,validation,source,mlp_stronger,logistic:C1:E8,logistic,logistic,1.0,8.0,7.995742559457445,0.8759262966067415,0.851337995571291,0.02458830103545051,0.0035854195792012905,0.008859991429831146,1152,0.03766232840812364,0.8190305437050672,True,0.05,360,paired cluster influence sandwich; asymptotic Bonferroni bounds,,,
213,1.0,validation,source,mlp_stronger,logistic:C5:E2,logistic,logistic,5.0,2.0,1.9948093103901194,0.8759262966067415,0.8636681137119003,0.012258182894841152,0.003683021535176337,0.00840240610022854,1152,0.025688110216141348,0.8330292205714843,True,0.05,360,paired cluster influence sandwich; asymptotic Bonferroni bounds,,,
213,1.0,validation,source,mlp_stronger,logistic:C5:E8,logistic,logistic,5.0,8.0,7.995742559457445,0.8759262966067415,0.8723608105121372,0.0035654860946042755,0.0016059690696532865,0.00811744903456226,1152,0.009421560429143045,0.8427609970091977,True,0.05,360,paired cluster influence sandwich; asymptotic Bonferroni bounds,,,
213,1.0,validation,state_OR,mlp_stronger,mlp_base:C1:E2,mlp_base,mlp,1.0,2.0,1.9909995955023065,0.8490797020416997,0.8197144866892722,0.02936521535242753,0.004979096873708393,0.009702734673420777,1226,0.04751781329158371,0.7843406335780879,True,0.05,360,paired cluster influence sandwich; asymptotic Bonferroni bounds,,,
213,1.0,validation,state_OR,mlp_stronger,mlp_base:C1:E8,mlp_base,mlp,1.0,8.0,7.998197999765249,0.8490797020416997,0.8213028010244573,0.027776901017242395,0.004818592111522471,0.00964859589716061,1226,0.04534433693019543,0.7861263249604156,True,0.05,360,paired cluster influence sandwich; asymptotic Bonferroni bounds,,,
213,1.0,validation,state_OR,mlp_stronger,mlp_base:C5:E2,mlp_base,mlp,5.0,2.0,1.9909995955023065,0.8490797020416997,0.8282456171993362,0.020834084842363487,0.0039969526880076515,0.00954740250089495,1226,0.03540601966659878,0.7934380680879328,True,0.05,360,paired cluster influence sandwich; asymptotic Bonferroni bounds,,,
213,1.0,validation,state_OR,mlp_stronger,mlp_base:C5:E8,mlp_base,mlp,5.0,8.0,7.998197999765249,0.8490797020416997,0.8455558761994083,0.0035238258422913837,0.0015927132348916347,0.009059444412124112,1226,0.009330477875519912,0.8125273057303743,True,0.05,360,paired cluster influence sandwich; asymptotic Bonferroni bounds,,,
213,1.0,validation,state_OR,mlp_stronger,mlp_stronger:C1:E2,mlp_stronger,mlp,1.0,2.0,1.9948093103901194,0.8490797020416997,0.8230985318519587,0.025981170189741,0.004729323121470267,0.00961678255250845,1226,0.04322315268695334,0.7880380396438688,True,0.05,360,paired cluster influence sandwich; asymptotic Bonferroni bounds,,,
213,1.0,validation,state_OR,mlp_stronger,mlp_stronger:C1:E8,mlp_stronger,mlp,1.0,8.0,7.995742559457445,0.8490797020416997,0.8238075806218887,0.025272121419810945,0.004661460125664465,0.00959842674946495,1226,0.04226669164346134,0.7888140092873931,True,0.05,360,paired cluster influence sandwich; asymptotic Bonferroni bounds,,,
213,1.0,validation,state_OR,mlp_stronger,mlp_stronger:C5:E2,mlp_stronger,mlp,5.0,2.0,1.9948093103901194,0.8490797020416997,0.8314707182021499,0.017608983839549786,0.0038241204036350927,0.00945320994042614,1226,0.031550813436130754,0.7970065726682263,True,0.05,360,paired cluster influence sandwich; asymptotic Bonferroni bounds,,,
213,1.0,validation,state_OR,mlp_stronger,mlp_stronger:C5:E8,mlp_stronger,mlp,5.0,8.0,7.995742559457445,0.8490797020416997,0.8466279038308924,0.002451798210807321,0.0012886804437538199,0.009026521058666801,1226,0.007150019306090732,0.8137193640447872,True,0.05,360,paired cluster influence sandwich; asymptotic Bonferroni bounds,,,
213,1.0,validation,state_OR,mlp_stronger,logistic:C1:E2,logistic,logistic,1.0,2.0,1.9948093103901194,0.8490797020416997,0.8264904678594619,0.022589234182237794,0.004361590126534201,0.00948634604688347,1226,0.03849055001331547,0.7919055159959878,True,0.05,360,paired cluster influence sandwich; asymptotic Bonferroni bounds,,,
213,1.0,validation,state_OR,mlp_stronger,logistic:C1:E8,logistic,logistic,1.0,8.0,7.995742559457445,0.8490797020416997,0.8270338088882475,0.02204589315345218,0.004208177655708142,0.009478184912178512,1226,0.037387903758623726,0.7924786105726123,True,0.05,360,paired cluster influence sandwich; asymptotic Bonferroni bounds,,,
213,1.0,validation,state_OR,mlp_stronger,logistic:C5:E2,logistic,logistic,5.0,2.0,1.9948093103901194,0.8490797020416997,0.8253192410360003,0.023760461005699396,0.005175364800220153,0.009605551560264481,1226,0.042628604926122304,0.7902996943430979,True,0.05,360,paired cluster influence sandwich; asymptotic Bonferroni bounds,,,
213,1.0,validation,state_OR,mlp_stronger,logistic:C5:E8,logistic,logistic,5.0,8.0,7.995742559457445,0.8490797020416997,0.8444150854916672,0.004664616550032474,0.0022688438244013757,0.009065455872334099,1226,0.012936279218130162,0.8113645986745511,True,0.05,360,paired cluster influence sandwich; asymptotic Bonferroni bounds,,,
213,1.0,validation,state_WA,mlp_stronger,mlp_base:C1:E2,mlp_base,mlp,1.0,2.0,1.9909995955023065,0.8536933276919474,0.8300313425539869,0.023661985137960473,0.004402960678390823,0.009341093157998302,1192,0.03971546063031621,0.7959731210441497,True,0.05,360,paired cluster influence sandwich; asymptotic Bonferroni bounds,,,
213,1.0,validation,state_WA,mlp_stronger,mlp_base:C1:E8,mlp_base,mlp,1.0,8.0,7.998197999765249,0.8536933276919474,0.8303414818496626,0.02335184584228478,0.004310688287571179,0.009347467612701244,1192,0.03906889031178033,0.7962600186713606,True,0.05,360,paired cluster influence sandwich; asymptotic Bonferroni bounds,,,
213,1.0,validation,state_WA,mlp_stronger,mlp_base:C5:E2,mlp_base,mlp,5.0,2.0,1.9909995955023065,0.8536933276919474,0.8390377055443048,0.0146556221476426,0.003800710247670672,0.009105067077118938,1192,0.028513254152847296,0.8058400501811401,True,0.05,360,paired cluster influence sandwich; asymptotic Bonferroni bounds,,,
213,1.0,validation,state_WA,mlp_stronger,mlp_base:C5:E8,mlp_base,mlp,5.0,8.0,7.998197999765249,0.8536933276919474,0.8533246521715913,0.00036867552035613205,0.0012630843134908223,0.008734952872795984,1192,0.004973961497794071,0.8214764568064757,True,0.05,360,paired cluster influence sandwich; asymptotic Bonferroni bounds,,,
213,1.0,validation,state_WA,mlp_stronger,mlp_stronger:C1:E2,mlp_stronger,mlp,1.0,2.0,1.9948093103901194,0.8536933276919474,0.8297633082620287,0.02393001942991868,0.004227601714500566,0.009350888575348793,1192,0.03934412495401797,0.7956693720356951,True,0.05,360,paired cluster influence sandwich; asymptotic Bonferroni bounds,,,
213,1.0,validation,state_WA,mlp_stronger,mlp_stronger:C1:E8,mlp_stronger,mlp,1.0,8.0,7.995742559457445,0.8536933276919474,0.8303743442915885,0.023318983400358873,0.004183570649922878,0.009344565502059097,1192,0.0385725488543255,0.7963034623938096,True,0.05,360,paired cluster influence sandwich; asymptotic Bonferroni bounds,,,
213,1.0,validation,state_WA,mlp_stronger,mlp_stronger:C5:E2,mlp_stronger,mlp,5.0,2.0,1.9948093103901194,0.8536933276919474,0.8376420787137638,0.016051248978183552,0.003469140494135598,0.009125947400636008,1192,0.028699956511610517,0.8043682923591282,True,0.05,360,paired cluster influence sandwich; asymptotic Bonferroni bounds,,,
213,1.0,validation,state_WA,mlp_stronger,mlp_stronger:C5:E8,mlp_stronger,mlp,5.0,8.0,7.995742559457445,0.8536933276919474,0.8514360887121619,0.0022572389797854697,0.00131750399311065,0.008806173149137562,1192,0.007060942580475507,0.8193282196764593,True,0.05,360,paired cluster influence sandwich; asymptotic Bonferroni bounds,,,
213,1.0,validation,state_WA,mlp_stronger,logistic:C1:E2,logistic,logistic,1.0,2.0,1.9948093103901194,0.8536933276919474,0.8358305366025988,0.01786279108934863,0.0038733510521171723,0.009185071943728432,1192,0.03198527610122453,0.8023411783923731,True,0.05,360,paired cluster influence sandwich; asymptotic Bonferroni bounds,,,
213,1.0,validation,state_WA,mlp_stronger,logistic:C1:E8,logistic,logistic,1.0,8.0,7.995742559457445,0.8536933276919474,0.8353283574119184,0.018364970280029036,0.0037679136134260143,0.009202627211708284,1192,0.0321030236647245,0.8017749915748111,True,0.05,360,paired cluster influence sandwich; asymptotic Bonferroni bounds,,,
213,1.0,validation,state_WA,mlp_stronger,logistic:C5:E2,logistic,logistic,5.0,2.0,1.9948093103901194,0.8536933276919474,0.8414746610033725,0.012218666688574853,0.00409038180620305,0.009083808601908973,1192,0.027132459673947916,0.808354515396873,True,0.05,360,paired cluster influence sandwich; asymptotic Bonferroni bounds,,,
213,1.0,validation,state_WA,mlp_stronger,logistic:C5:E8,logistic,logistic,5.0,8.0,7.995742559457445,0.8536933276919474,0.8519978310788329,0.0016954966131145222,0.0018290731355420859,0.008784821552512383,1192,0.008364413939417472,0.8199678113264153,True,0.05,360,paired cluster influence sandwich; asymptotic Bonferroni bounds,,,
213,1.0,validation,proxy_0.5,mlp_stronger,mlp_base:C1:E2,mlp_base,mlp,1.0,2.0,1.9909995955023065,0.8679925687763503,0.8238952205805696,0.044097348195780706,0.004747247881321248,0.009482097695038315,1152,0.061407916003603256,0.7893192938091461,True,0.05,360,paired cluster influence sandwich; asymptotic Bonferroni bounds,,,
213,1.0,validation,proxy_0.5,mlp_stronger,mlp_base:C1:E8,mlp_base,mlp,1.0,8.0,7.998197999765249,0.8679925687763503,0.8256414747350906,0.042351094041259696,0.004620333270774138,0.009437431727545041,1152,0.059198874982543545,0.7912284198587786,True,0.05,360,paired cluster influence sandwich; asymptotic Bonferroni bounds,,,
213,1.0,validation,proxy_0.5,mlp_stronger,mlp_base:C5:E2,mlp_base,mlp,5.0,2.0,1.9909995955023065,0.8679925687763503,0.851455802567984,0.016536766208366305,0.0033410798607446165,0.008737495670199045,1152,0.028719822776432678,0.8195950244812412,True,0.05,360,paired cluster influence sandwich; asymptotic Bonferroni bounds,,,
213,1.0,validation,proxy_0.5,mlp_stronger,mlp_base:C5:E8,mlp_base,mlp,5.0,8.0,7.998197999765249,0.8679925687763503,0.8636629010129316,0.004329667763418699,0.0013273555221082179,0.008321540480588543,1152,0.009169793736395489,0.8333188797281875,True,0.05,360,paired cluster influence sandwich; asymptotic Bonferroni bounds,,,
213,1.0,validation,proxy_0.5,mlp_stronger,mlp_stronger:C1:E2,mlp_stronger,mlp,1.0,2.0,1.9948093103901194,0.8679925687763503,0.8283114191468688,0.03968114962948155,0.00444151869796456,0.009362710653169645,1152,0.05587689346104836,0.7941708303934525,True,0.05,360,paired cluster influence sandwich; asymptotic Bonferroni bounds,,,
213,1.0,validation,proxy_0.5,mlp_stronger,mlp_stronger:C1:E8,mlp_stronger,mlp,1.0,8.0,7.995742559457445,0.8679925687763503,0.828774828085188,0.03921774069116235,0.004409795217756538,0.00938231549474174,1152,0.05529780666706004,0.7945627513985777,True,0.05,360,paired cluster influence sandwich; asymptotic Bonferroni bounds,,,
213,1.0,validation,proxy_0.5,mlp_stronger,mlp_stronger:C5:E2,mlp_stronger,mlp,5.0,2.0,1.9948093103901194,0.8679925687763503,0.8497648030225313,0.018227765753819014,0.0032044413472051146,0.008786980611827658,1152,0.029912577799392215,0.8177235809271874,True,0.05,360,paired cluster influence sandwich; asymptotic Bonferroni bounds,,,
213,1.0,validation,proxy_0.5,mlp_stronger,mlp_stronger:C5:E8,mlp_stronger,mlp,5.0,8.0,7.995742559457445,0.8679925687763503,0.8639688864423954,0.004023682333954892,0.001176678469378095,0.008294177596591307,1152,0.00831437305442877,0.8337246423487088,True,0.05,360,paired cluster influence sandwich; asymptotic Bonferroni bounds,,,
213,1.0,validation,proxy_0.5,mlp_stronger,logistic:C1:E2,logistic,logistic,1.0,2.0,1.9948093103901194,0.8679925687763503,0.8361471482366482,0.031845420539702185,0.003976587062604314,0.009174596586298513,1152,0.04634581776180032,0.8026925066660175,True,0.05,360,paired cluster influence sandwich; asymptotic Bonferroni bounds,,,
213,1.0,validation,proxy_0.5,mlp_stronger,logistic:C1:E8,logistic,logistic,1.0,8.0,7.995742559457445,0.8679925687763503,0.8344551061514018,0.0335374626249485,0.003967675824312301,0.009217362481318239,1152,0.04800536552642931,0.800844521191231,True,0.05,360,paired cluster influence sandwich; asymptotic Bonferroni bounds,,,
213,1.0,validation,proxy_0.5,mlp_stronger,logistic:C5:E2,logistic,logistic,5.0,2.0,1.9948093103901194,0.8679925687763503,0.8553455185384427,0.012647050237907687,0.003726740471838806,0.008645044287091062,1152,0.026236396160574646,0.8238218591310329,True,0.05,360,paired cluster influence sandwich; asymptotic Bonferroni bounds,,,
213,1.0,validation,proxy_0.5,mlp_stronger,logistic:C5:E8,logistic,logistic,5.0,8.0,7.995742559457445,0.8679925687763503,0.8627475510740245,0.005245017702325883,0.0017162371696492322,0.008378280515843457,1152,0.011503178355030182,0.832196630496837,True,0.05,360,paired cluster influence sandwich; asymptotic Bonferroni bounds,,,
213,1.0,validation,proxy_0.75,mlp_stronger,mlp_base:C1:E2,mlp_base,mlp,1.0,2.0,1.9909995955023065,0.8717102656808411,0.8306592187623802,0.04105104691846084,0.0045325515075703565,0.009479972202108744,1152,0.057578736682242004,0.7960910424793244,True,0.05,360,paired cluster influence sandwich; asymptotic Bonferroni bounds,,,
213,1.0,validation,proxy_0.75,mlp_stronger,mlp_base:C1:E8,mlp_base,mlp,1.0,8.0,7.998197999765249,0.8717102656808411,0.8323053890967017,0.03940487658413938,0.004416800215490853,0.009440060449756427,1152,0.05551048588351731,0.7978827487352358,True,0.05,360,paired cluster influence sandwich; asymptotic Bonferroni bounds,,,
213,1.0,validation,proxy_0.75,mlp_stronger,mlp_base:C5:E2,mlp_base,mlp,5.0,2.0,1.9909995955023065,0.8717102656808411,0.8565048227890859,0.015205442891755183,0.003111664948850348,0.008718671319161323,1152,0.026551951108492136,0.8247126866214556,True,0.05,360,paired cluster influence sandwich; asymptotic Bonferroni bounds,,,
213,1.0,validation,proxy_0.75,mlp_stronger,mlp_base:C5:E8,mlp_base,mlp,5.0,8.0,7.998197999765249,0.8717102656808411,0.8676454030250336,0.004064862655807522,0.001242124182201207,0.008332646686544761,1152,0.008594197423922843,0.8372608835956594,True,0.05,360,paired cluster influence sandwich; asymptotic Bonferroni bounds,,,
213,1.0,validation,proxy_0.75,mlp_stronger,mlp_stronger:C1:E2,mlp_stronger,mlp,1.0,2.0,1.9948093103901194,0.8717102656808411,0.836005362824699,0.03570490285614214,0.004253682790083935,0.009343833482745747,1152,0.05121571379576852,0.801933608593265,True,0.05,360,paired cluster influence sandwich; asymptotic Bonferroni bounds,,,
213,1.0,validation,proxy_0.75,mlp_stronger,mlp_stronger:C1:E8,mlp_stronger,mlp,1.0,8.0,7.995742559457445,0.8717102656808411,0.8364192511228153,0.035291014558025746,0.0042201796189333465,0.009357296779891713,1152,0.050679658100777555,0.8022984037485777,True,0.05,360,paired cluster influence sandwich; asymptotic Bonferroni bounds,,,
213,1.0,validation,proxy_0.75,mlp_stronger,mlp_stronger:C5:E2,mlp_stronger,mlp,5.0,2.0,1.9948093103901194,0.8717102656808411,0.8529674852689126,0.01874278041192845,0.0031486064838271233,0.008793975459635723,1152,0.030223993822522385,0.8209007568612139,True,0.05,360,paired cluster influence sandwich; asymptotic Bonferroni bounds,,,
213,1.0,validation,proxy_0.75,mlp_stronger,mlp_stronger:C5:E8,mlp_stronger,mlp,5.0,8.0,7.995742559457445,0.8717102656808411,0.8677965712951263,0.003913694385714761,0.001118570157302503,0.008306245813635175,1152,0.007992496470598225,0.8375083211384154,True,0.05,360,paired cluster influence sandwich; asymptotic Bonferroni bounds,,,
213,1.0,validation,proxy_0.75,mlp_stronger,logistic:C1:E2,logistic,logistic,1.0,2.0,1.9948093103901194,0.8717102656808411,0.841969732984708,0.029740532696133082,0.003856915324274412,0.009180841733616486,1152,0.04380455377086576,0.8084923188416692,True,0.05,360,paired cluster influence sandwich; asymptotic Bonferroni bounds,,,
213,1.0,validation,proxy_0.75,mlp_stronger,logistic:C1:E8,logistic,logistic,1.0,8.0,7.995742559457445,0.8717102656808411,0.8402412020066805,0.03146906367416058,0.0038233422146906806,0.00923332846011833,1152,0.04541066232552343,0.8065723980182333,True,0.05,360,paired cluster influence sandwich; asymptotic Bonferroni bounds,,,
213,1.0,validation,proxy_0.75,mlp_stronger,logistic:C5:E2,logistic,logistic,5.0,2.0,1.9948093103901194,0.8717102656808411,0.8579033899223932,0.013806875758447856,0.003705947022651063,0.008646871803839199,1152,0.027320399558250913,0.8263730665797141,True,0.05,360,paired cluster influence sandwich; asymptotic Bonferroni bounds,,,
213,1.0,validation,proxy_0.75,mlp_stronger,logistic:C5:E8,logistic,logistic,5.0,8.0,7.995742559457445,0.8717102656808411,0.8659356377632933,0.005774627917547792,0.0016580935827185,0.008410674245114682,1152,0.011820771306920493,0.8352665953055729,True,0.05,360,paired cluster influence sandwich; asymptotic Bonferroni bounds,,,
213,1.0,test,source,mlp_stronger,mlp_base:C1:E2,mlp_base,mlp,1.0,2.0,1.9909995955023065,0.8738736329848392,0.852493382175994,0.021380250808845203,0.004349673060749467,0.008960277372629055,1109,0.037242990084424395,0.8198163184487272,True,0.05,360,paired cluster influence sandwich; asymptotic Bonferroni bounds,3.208641942309409e-05,0.01939944918313319,0.0019487152062889201
213,1.0,test,source,mlp_stronger,mlp_base:C1:E8,mlp_base,mlp,1.0,8.0,7.998197999765249,0.8738736329848392,0.8538666809272977,0.02000695205754155,0.004221049660751576,0.008911995369465214,1109,0.03540061712216073,0.8213656959115095,True,0.05,360,paired cluster influence sandwich; asymptotic Bonferroni bounds,3.208641942309409e-05,0.01939944918313319,0.0005754164549852669
213,1.0,test,source,mlp_stronger,mlp_base:C5:E2,mlp_base,mlp,5.0,2.0,1.9909995955023065,0.8738736329848392,0.8608925372336158,0.012981095751223415,0.003163931231602319,0.008613634091370859,1109,0.02451957588796317,0.829479640241511,True,0.05,360,paired cluster influence sandwich; asymptotic Bonferroni bounds,3.208641942309409e-05,0.0002598999973258964,0.012689109334474424
213,1.0,test,source,mlp_stronger,mlp_base:C5:E8,mlp_base,mlp,5.0,8.0,7.998197999765249,0.8738736329848392,0.8719388218936335,0.001934811091205746,0.001246805308853757,0.008181979879069072,1109,0.0064817614632291885,0.8421001163709374,True,0.05,360,paired cluster influence sandwich; asymptotic Bonferroni bounds,3.208641942309409e-05,0.0002598999973258964,0.0016428246744567554
213,1.0,test,source,mlp_stronger,mlp_stronger:C1:E2,mlp_stronger,mlp,1.0,2.0,1.9948093103901194,0.8738736329848392,0.8544977138426161,0.01937591914222314,0.004132481849785029,0.008900434798381872,1109,0.03444658795541163,0.8220388888518254,True,0.05,360,paired cluster influence sandwich; asymptotic Bonferroni bounds,-1.1102230246251565e-16,0.018468943019867012,0.00090697612235624
213,1.0,test,source,mlp_stronger,mlp_stronger:C1:E8,mlp_stronger,mlp,1.0,8.0,7.995742559457445,0.8738736329848392,0.8554485414048504,0.01842509157998884,0.0040496185325435375,0.008878846642718645,1109,0.033193567750522734,0.8230684458449717,True,0.05,360,paired cluster influence sandwich; asymptotic Bonferroni bounds,-1.1102230246251565e-16,0.018468943019867012,-4.385143987806206e-05
213,1.0,test,source,mlp_stronger,mlp_stronger:C5:E2,mlp_stronger,mlp,5.0,2.0,1.9948093103901194,0.8738736329848392,0.8651386400705902,0.008734992914249062,0.0029850546869959237,0.008387467495262488,1109,0.019621131610614254,0.8345505457008447,True,0.05,360,paired cluster influence sandwich; asymptotic Bonferroni bounds,-1.1102230246251565e-16,4.7060081820538e-05,0.008687932832428635
213,1.0,test,source,mlp_stronger,mlp_stronger:C5:E8,mlp_stronger,mlp,5.0,8.0,7.995742559457445,0.8738736329848392,0.8729559613893418,0.0009176715954973824,0.0010833570538693025,0.008170998139414945,1109,0.004868545660714436,0.8431573049624037,True,0.05,360,paired cluster influence sandwich; asymptotic Bonferroni bounds,-1.1102230246251565e-16,4.7060081820538e-05,0.0008706115136769554
213,1.0,test,source,mlp_stronger,logistic:C1:E2,logistic,logistic,1.0,2.0,1.9948093103901194,0.8738736329848392,0.8598465199604267,0.014027113024412508,0.0036509635183702106,0.008705228126916311,1109,0.027341741868397176,0.8280995904365055,True,0.05,360,paired cluster influence sandwich; asymptotic Bonferroni bounds,0.0020086098558784737,0.013272012620658247,-0.001253509452124213
213,1.0,test,source,mlp_stronger,logistic:C1:E8,logistic,logistic,1.0,8.0,7.995742559457445,0.8738736329848392,0.8590924891039868,0.014781143880852388,0.0036386665505341934,0.008727912129172571,1109,0.028050927148643497,0.8272628337272274,True,0.05,360,paired cluster influence sandwich; asymptotic Bonferroni bounds,0.0020086098558784737,0.013272012620658247,-0.0004994785956843328
213,1.0,test,source,mlp_stronger,logistic:C5:E2,logistic,logistic,5.0,2.0,1.9948093103901194,0.8738736329848392,0.8636872643653575,0.010186368619481745,0.003590766851365312,0.008583647387429302,1109,0.023281467392902204,0.8323837253088298,True,0.05,360,paired cluster influence sandwich; asymptotic Bonferroni bounds,0.0020086098558784737,0.0,0.008177758763603271
213,1.0,test,source,mlp_stronger,logistic:C5:E8,logistic,logistic,5.0,8.0,7.995742559457445,0.8738736329848392,0.8731238803176556,0.0007497526671835786,0.0015742180347686806,0.00818626505979821,1109,0.006490738230854325,0.8432695472515314,True,0.05,360,paired cluster influence sandwich; asymptotic Bonferroni bounds,0.0020086098558784737,0.0,-0.0012588571886948952
213,1.0,test,state_CO,mlp_stronger,mlp_base:C1:E2,mlp_base,mlp,1.0,2.0,1.9909995955023065,0.8590905713260051,0.8434533883005277,0.01563718302547734,0.004305607067511231,0.009077810469290326,1176,0.03133634040576882,0.8103537642541969,True,0.05,360,paired cluster influence sandwich; asymptotic Bonferroni bounds,0.0007933193717497566,0.012867891392694064,0.0019759722610335206
213,1.0,test,state_CO,mlp_stronger,mlp_base:C1:E8,mlp_base,mlp,1.0,8.0,7.998197999765249,0.8590905713260051,0.844970951742529,0.014119619583476073,0.00420272923688397,0.009041512997825536,1176,0.02944366255396751,0.8120036759825369,True,0.05,360,paired cluster influence sandwich; asymptotic Bonferroni bounds,0.0007933193717497566,0.012867891392694064,0.00045840881903225217
213,1.0,test,state_CO,mlp_stronger,mlp_base:C5:E2,mlp_base,mlp,5.0,2.0,1.9909995955023065,0.8590905713260051,0.8402937165547333,0.018796854771271798,0.0033730410352673917,0.009017045316896354,1176,0.03109567842901282,0.8074156551535098,True,0.05,360,paired cluster influence sandwich; asymptotic Bonferroni bounds,0.0007933193717497566,-0.0005264375250528808,0.018529972924574922
213,1.0,test,state_CO,mlp_stronger,mlp_base:C5:E8,mlp_base,mlp,5.0,8.0,7.998197999765249,0.8590905713260051,0.8576033591528438,0.0014872121731612786,0.0011234488347668693,0.008498197676215753,1176,0.005583545115104581,0.8266171263926733,True,0.05,360,paired cluster influence sandwich; asymptotic Bonferroni bounds,0.0007933193717497566,-0.0005264375250528808,0.0012203303264644028
213,1.0,test,state_CO,mlp_stronger,mlp_stronger:C1:E2,mlp_stronger,mlp,1.0,2.0,1.9948093103901194,0.8590905713260051,0.8450306076847319,0.014059963641273154,0.0041669355380095216,0.009055527907353866,1176,0.029253495187233337,0.8120122305894563,True,0.05,360,paired cluster influence sandwich; asymptotic Bonferroni bounds,0.0,0.013063604746938462,0.0009963588943346924
213,1.0,test,state_CO,mlp_stronger,mlp_stronger:C1:E8,mlp_stronger,mlp,1.0,8.0,7.995742559457445,0.8590905713260051,0.8459599844685233,0.013130586857481807,0.004121569967076093,0.00900812529055354,1176,0.028158705901426953,0.813114447376926,True,0.05,360,paired cluster influence sandwich; asymptotic Bonferroni bounds,0.0,0.013063604746938462,6.698211054334546e-05
213,1.0,test,state_CO,mlp_stronger,mlp_stronger:C5:E2,mlp_stronger,mlp,5.0,2.0,1.9948093103901194,0.8590905713260051,0.8452420199711349,0.013848551354870176,0.003091006927607303,0.009097711039305912,1176,0.02511901878471111,0.8120698342219517,True,0.05,360,paired cluster influence sandwich; asymptotic Bonferroni bounds,0.0,-0.0002469965326291623,0.014095547887499338
213,1.0,test,state_CO,mlp_stronger,mlp_stronger:C5:E8,mlp_stronger,mlp,5.0,8.0,7.995742559457445,0.8590905713260051,0.8570057531353384,0.0020848181906666374,0.0011861156956718903,0.008574132445218477,1176,0.006409647810651077,0.8257426460876359,True,0.05,360,paired cluster influence sandwich; asymptotic Bonferroni bounds,0.0,-0.0002469965326291623,0.0023318147232957998
213,1.0,test,state_CO,mlp_stronger,logistic:C1:E2,logistic,logistic,1.0,2.0,1.9948093103901194,0.8590905713260051,0.8474618489783659,0.011628722347639231,0.0037787480931477523,0.008940188305807725,1176,0.025406840063590824,0.8148640245550969,True,0.05,360,paired cluster influence sandwich; asymptotic Bonferroni bounds,0.001506050891751598,0.00933039867961527,0.0007922727762723625
213,1.0,test,state_CO,mlp_stronger,logistic:C1:E8,logistic,logistic,1.0,8.0,7.995742559457445,0.8590905713260051,0.8482091181491168,0.010881453176888267,0.003687010039716717,0.00893196016559083,1176,0.024325074475495416,0.8156412952717824,True,0.05,360,paired cluster influence sandwich; asymptotic Bonferroni bounds,0.001506050891751598,0.00933039867961527,4.5003605521398704e-05
213,1.0,test,state_CO,mlp_stronger,logistic:C5:E2,logistic,logistic,5.0,2.0,1.9948093103901194,0.8590905713260051,0.8448034964661703,0.014287074859834825,0.0038880550632736863,0.00886371487111302,1176,0.028463748993003045,0.8124845104198964,True,0.05,360,paired cluster influence sandwich; asymptotic Bonferroni bounds,0.001506050891751598,0.0,0.012781023968083227
213,1.0,test,state_CO,mlp_stronger,logistic:C5:E8,logistic,logistic,5.0,8.0,7.995742559457445,0.8590905713260051,0.857574054479481,0.0015165168465240964,0.0017655357632088095,0.008538353596221966,1176,0.00795403503444588,0.8264414047105023,True,0.05,360,paired cluster influence sandwich; asymptotic Bonferroni bounds,0.001506050891751598,0.0,1.0465954772498343e-05
213,1.0,test,state_UT,mlp_stronger,mlp_base:C1:E2,mlp_base,mlp,1.0,2.0,1.9909995955023065,0.8837025641025642,0.868354415954416,0.015348148148148222,0.004251307546985434,0.008571976587157134,1108,0.03085220515154763,0.8370933481134578,True,0.05,360,paired cluster influence sandwich; asymptotic Bonferroni bounds,-0.0019384615384614445,0.01833960113960109,-0.0010529914529914253
213,1.0,test,state_UT,mlp_stronger,mlp_base:C1:E8,mlp_base,mlp,1.0,8.0,7.998197999765249,0.8837025641025642,0.8678376068376068,0.015864957264957402,0.004186909089559165,0.0085716644009063,1108,0.03113416008671195,0.8365776775060072,True,0.05,360,paired cluster influence sandwich; asymptotic Bonferroni bounds,-0.0019384615384614445,0.01833960113960109,-0.0005361823361822449
213,1.0,test,state_UT,mlp_stronger,mlp_base:C5:E2,mlp_base,mlp,5.0,2.0,1.9909995955023065,0.8837025641025642,0.8736273504273504,0.010075213675213801,0.0029342760573359762,0.008171970873437674,1108,0.020776199843317744,0.843825059990438,True,0.05,360,paired cluster influence sandwich; asymptotic Bonferroni bounds,-0.0019384615384614445,0.000425071225071294,0.011588603988603952
213,1.0,test,state_UT,mlp_stronger,mlp_base:C5:E8,mlp_base,mlp,5.0,8.0,7.998197999765249,0.8837025641025642,0.8850336182336181,-0.0013310541310539437,0.0010706246534883685,0.007627828478719654,1108,0.002573397728397775,0.8572157560255355,True,0.05,360,paired cluster influence sandwich; asymptotic Bonferroni bounds,-0.0019384615384614445,0.000425071225071294,0.00018233618233620685
213,1.0,test,state_UT,mlp_stronger,mlp_stronger:C1:E2,mlp_stronger,mlp,1.0,2.0,1.9948093103901194,0.8837025641025642,0.8688273504273506,0.014875213675213605,0.004085008893047493,0.008466486179422757,1108,0.029772797544936603,0.8379509946489166,True,0.05,360,paired cluster influence sandwich; asymptotic Bonferroni bounds,1.1102230246251565e-16,0.01644216524216524,-0.0015669515669517464
213,1.0,test,state_UT,mlp_stronger,mlp_stronger:C1:E8,mlp_stronger,mlp,1.0,8.0,7.995742559457445,0.8837025641025642,0.8680376068376068,0.015664957264957424,0.004029566514670821,0.008511819616129972,1108,0.03036034880084998,0.8369959249379499,True,0.05,360,paired cluster influence sandwich; asymptotic Bonferroni bounds,1.1102230246251565e-16,0.01644216524216524,-0.0007772079772079277
213,1.0,test,state_UT,mlp_stronger,mlp_stronger:C5:E2,mlp_stronger,mlp,5.0,2.0,1.9948093103901194,0.8837025641025642,0.8689333333333332,0.014769230769230979,0.003345516040492138,0.008100147704732627,1108,0.02696996450216383,0.8393929741939007,True,0.05,360,paired cluster influence sandwich; asymptotic Bonferroni bounds,1.1102230246251565e-16,0.000283760683760681,0.014485470085470187
213,1.0,test,state_UT,mlp_stronger,mlp_stronger:C5:E8,mlp_stronger,mlp,5.0,8.0,7.995742559457445,0.8837025641025642,0.8833754985754987,0.0003270655270655176,0.0010902956994891786,0.007650975445446112,1108,0.00430325555533763,0.8554732218931357,True,0.05,360,paired cluster influence sandwich; asymptotic Bonferroni bounds,1.1102230246251565e-16,0.000283760683760681,4.3304843304725615e-05
213,1.0,test,state_UT,mlp_stronger,logistic:C1:E2,logistic,logistic,1.0,2.0,1.9948093103901194,0.8837025641025642,0.8683418803418803,0.01536068376068389,0.0037459252519926223,0.008410586512739428,1108,0.029021666410256924,0.8376693845780774,True,0.05,360,paired cluster influence sandwich; asymptotic Bonferroni bounds,0.0017868945868946273,0.011839316239316333,0.0017344729344729304
213,1.0,test,state_UT,mlp_stronger,logistic:C1:E8,logistic,logistic,1.0,8.0,7.995742559457445,0.8837025641025642,0.8698575498575498,0.013845014245014386,0.003653845830875203,0.008375914619336124,1108,0.027170193244047767,0.8393114987242045,True,0.05,360,paired cluster influence sandwich; asymptotic Bonferroni bounds,0.0017868945868946273,0.011839316239316333,0.00021880341880342602
213,1.0,test,state_UT,mlp_stronger,logistic:C5:E2,logistic,logistic,5.0,2.0,1.9948093103901194,0.8837025641025642,0.86645698005698,0.017245584045584184,0.0038961201792937004,0.008326625526070573,1108,0.0314543112863827,0.8360906808948081,True,0.05,360,paired cluster influence sandwich; asymptotic Bonferroni bounds,0.0017868945868946273,0.0,0.015458689458689556
213,1.0,test,state_UT,mlp_stronger,logistic:C5:E8,logistic,logistic,5.0,8.0,7.995742559457445,0.8837025641025642,0.8809333333333333,0.002769230769230857,0.0017550045756248316,0.007803076570516507,1108,0.009169541892571801,0.8524763603634611,True,0.05,360,paired cluster influence sandwich; asymptotic Bonferroni bounds,0.0017868945868946273,0.0,0.0009823361823362298
214,1.0,validation,source,mlp_stronger,mlp_base:C1:E2,mlp_base,mlp,1.0,2.0,1.9909995955023065,0.8894083874840158,0.8617855372008665,0.02762285028314937,0.003830630333159154,0.008134265863509503,1145,0.041591289176004964,0.8321238403597182,True,0.05,360,paired cluster influence sandwich; asymptotic Bonferroni bounds,,,
214,1.0,validation,source,mlp_stronger,mlp_base:C1:E8,mlp_base,mlp,1.0,8.0,7.998197999765249,0.8894083874840158,0.861680106474595,0.02772828100942082,0.003843542278808295,0.00812566364011007,1145,0.041743803465058925,0.8320497777429867,True,0.05,360,paired cluster influence sandwich; asymptotic Bonferroni bounds,,,
214,1.0,validation,source,mlp_stronger,mlp_base:C5:E2,mlp_base,mlp,5.0,2.0,1.9909995955023065,0.8894083874840158,0.8757326652574442,0.013675722226571652,0.002426071445488383,0.007740455451090928,1145,0.022522420495171804,0.8475070027508077,True,0.05,360,paired cluster influence sandwich; asymptotic Bonferroni bounds,,,
214,1.0,validation,source,mlp_stronger,mlp_base:C5:E8,mlp_base,mlp,5.0,8.0,7.998197999765249,0.8894083874840158,0.8857579790704351,0.0036504084135807746,0.0010048522540474073,0.007291436288358218,1145,0.007314614062846237,0.8591696702604108,True,0.05,360,paired cluster influence sandwich; asymptotic Bonferroni bounds,,,
214,1.0,validation,source,mlp_stronger,mlp_stronger:C1:E2,mlp_stronger,mlp,1.0,2.0,1.9948093103901194,0.8894083874840158,0.8609984602938491,0.028409927190166773,0.003999633723376056,0.008172585133850706,1145,0.04299463894769823,0.8311970317794181,True,0.05,360,paired cluster influence sandwich; asymptotic Bonferroni bounds,,,
214,1.0,validation,source,mlp_stronger,mlp_stronger:C1:E8,mlp_stronger,mlp,1.0,8.0,7.995742559457445,0.8894083874840158,0.8618168532581747,0.027591534225841152,0.003907424044266173,0.008128385418011433,1145,0.04184000229605392,0.832176599531203,True,0.05,360,paired cluster influence sandwich; asymptotic Bonferroni bounds,,,
214,1.0,validation,source,mlp_stronger,mlp_stronger:C5:E2,mlp_stronger,mlp,5.0,2.0,1.9948093103901194,0.8894083874840158,0.8759727550301418,0.013435632453874025,0.0027526075390826078,0.007635284608900166,1145,0.023473048456367607,0.8481305992455546,True,0.05,360,paired cluster influence sandwich; asymptotic Bonferroni bounds,,,
214,1.0,validation,source,mlp_stronger,mlp_stronger:C5:E8,mlp_stronger,mlp,5.0,8.0,7.995742559457445,0.8894083874840158,0.887546125942744,0.0018622615412718924,0.0007882354493040385,0.007206439581000389,1145,0.004736571445695807,0.8612677586330896,True,0.05,360,paired cluster influence sandwich; asymptotic Bonferroni bounds,,,
214,1.0,validation,source,mlp_stronger,logistic:C1:E2,logistic,logistic,1.0,2.0,1.9948093103901194,0.8894083874840158,0.8652334351105195,0.024174952373496317,0.0034663071863421913,0.008035485130827077,1145,0.036814882595203616,0.8359319433813921,True,0.05,360,paired cluster influence sandwich; asymptotic Bonferroni bounds,,,
214,1.0,validation,source,mlp_stronger,logistic:C1:E8,logistic,logistic,1.0,8.0,7.995742559457445,0.8894083874840158,0.865850361439495,0.02355802604452084,0.003420365680614072,0.007991229464803696,1145,0.03603043002130339,0.8367102485208362,True,0.05,360,paired cluster influence sandwich; asymptotic Bonferroni bounds,,,
214,1.0,validation,source,mlp_stronger,logistic:C5:E2,logistic,logistic,5.0,2.0,1.9948093103901194,0.8894083874840158,0.8660100733317675,0.023398314152248356,0.0036596396661587394,0.008163900974389147,1145,0.03674323355209296,0.8362403117076977,True,0.05,360,paired cluster influence sandwich; asymptotic Bonferroni bounds,,,
214,1.0,validation,source,mlp_stronger,logistic:C5:E8,logistic,logistic,5.0,8.0,7.995742559457445,0.8894083874840158,0.8831744043424934,0.006233983141522459,0.0015478620889771237,0.007427047542657528,1145,0.011878280587111148,0.8560915874870266,True,0.05,360,paired cluster influence sandwich; asymptotic Bonferroni bounds,,,
214,1.0,validation,state_OR,mlp_stronger,mlp_base:C1:E2,mlp_base,mlp,1.0,2.0,1.9909995955023065,0.8355270929869247,0.8096441516487424,0.025882941338182364,0.0047465921861104396,0.009767580015663217,1207,0.043188675463413775,0.7740322565943021,True,0.05,360,paired cluster influence sandwich; asymptotic Bonferroni bounds,,,
214,1.0,validation,state_OR,mlp_stronger,mlp_base:C1:E8,mlp_base,mlp,1.0,8.0,7.998197999765249,0.8355270929869247,0.8081017851484569,0.02742530783846786,0.004776342292747234,0.009788274822676371,1207,0.044839508715311144,0.7724144383143186,True,0.05,360,paired cluster influence sandwich; asymptotic Bonferroni bounds,,,
214,1.0,validation,state_OR,mlp_stronger,mlp_base:C5:E2,mlp_base,mlp,5.0,2.0,1.9909995955023065,0.8355270929869247,0.8332715061865789,0.0022555868003458768,0.0035522658846300504,0.009290470264122837,1207,0.0152068930283015,0.7993991190116808,True,0.05,360,paired cluster influence sandwich; asymptotic Bonferroni bounds,,,
214,1.0,validation,state_OR,mlp_stronger,mlp_base:C5:E8,mlp_base,mlp,5.0,8.0,7.998197999765249,0.8355270929869247,0.834632807471369,0.0008942855155557039,0.0013093822750804092,0.009103002464307187,1207,0.00566819922719492,0.8014439144273013,True,0.05,360,paired cluster influence sandwich; asymptotic Bonferroni bounds,,,
214,1.0,validation,state_OR,mlp_stronger,mlp_stronger:C1:E2,mlp_stronger,mlp,1.0,2.0,1.9948093103901194,0.8355270929869247,0.8112654581667589,0.024261634820165856,0.004842126118805945,0.009686957976802293,1207,0.041915678801045714,0.7759475052742857,True,0.05,360,paired cluster influence sandwich; asymptotic Bonferroni bounds,,,
214,1.0,validation,state_OR,mlp_stronger,mlp_stronger:C1:E8,mlp_stronger,mlp,1.0,8.0,7.995742559457445,0.8355270929869247,0.811364823224043,0.024162269762881716,0.004770653364795343,0.00968773179319451,1207,0.041555729217093176,0.776044049052593,True,0.05,360,paired cluster influence sandwich; asymptotic Bonferroni bounds,,,
214,1.0,validation,state_OR,mlp_stronger,mlp_stronger:C5:E2,mlp_stronger,mlp,5.0,2.0,1.9948093103901194,0.8355270929869247,0.8241012154554617,0.011425877531463069,0.0034841486160013145,0.009241157870900442,1207,0.024128833091401465,0.7904086177237526,True,0.05,360,paired cluster influence sandwich; asymptotic Bonferroni bounds,,,
214,1.0,validation,state_OR,mlp_stronger,mlp_stronger:C5:E8,mlp_stronger,mlp,5.0,8.0,7.995742559457445,0.8355270929869247,0.8364191703900962,-0.0008920774031714318,0.0010203512926949584,0.009009180545831297,1207,0.0028280501100760866,0.8035723453208198,True,0.05,360,paired cluster influence sandwich; asymptotic Bonferroni bounds,,,
214,1.0,validation,state_OR,mlp_stronger,logistic:C1:E2,logistic,logistic,1.0,2.0,1.9948093103901194,0.8355270929869247,0.8151925860418592,0.020334506945065556,0.0043514334093623435,0.009619993444045662,1207,0.03619952055765946,0.7801187810252236,True,0.05,360,paired cluster influence sandwich; asymptotic Bonferroni bounds,,,
214,1.0,validation,state_OR,mlp_stronger,logistic:C1:E8,logistic,logistic,1.0,8.0,7.995742559457445,0.8355270929869247,0.8136965899016396,0.021830503085285113,0.004325316677342426,0.009638727543856989,1207,0.0376002969691062,0.7785544817029108,True,0.05,360,paired cluster influence sandwich; asymptotic Bonferroni bounds,,,
214,1.0,validation,state_OR,mlp_stronger,logistic:C5:E2,logistic,logistic,5.0,2.0,1.9948093103901194,0.8355270929869247,0.8193592941106331,0.016167798876291606,0.005470984724699947,0.009535803503561984,1207,0.03611461615836446,0.7845924395689705,True,0.05,360,paired cluster influence sandwich; asymptotic Bonferroni bounds,,,
214,1.0,validation,state_OR,mlp_stronger,logistic:C5:E8,logistic,logistic,5.0,8.0,7.995742559457445,0.8355270929869247,0.8344583665930262,0.0010687263938985447,0.0021882732404101784,0.009073968296793432,1207,0.009047013427428,0.8013753300379594,True,0.05,360,paired cluster influence sandwich; asymptotic Bonferroni bounds,,,
214,1.0,validation,state_WA,mlp_stronger,mlp_base:C1:E2,mlp_base,mlp,1.0,2.0,1.9909995955023065,0.8514820338108786,0.8261077555366977,0.025374278274180928,0.004535516054021,0.009199133115165735,1200,0.04191072912834816,0.7925677987053209,True,0.05,360,paired cluster influence sandwich; asymptotic Bonferroni bounds,,,
214,1.0,validation,state_WA,mlp_stronger,mlp_base:C1:E8,mlp_base,mlp,1.0,8.0,7.998197999765249,0.8514820338108786,0.8252196375979634,0.026262396212915262,0.00457616575668006,0.009206487119642967,1200,0.04294705551839249,0.7916528681322202,True,0.05,360,paired cluster influence sandwich; asymptotic Bonferroni bounds,,,
214,1.0,validation,state_WA,mlp_stronger,mlp_base:C5:E2,mlp_base,mlp,5.0,2.0,1.9909995955023065,0.8514820338108786,0.84300799514135,0.00847403866952856,0.003013728491314813,0.008947567149866019,1200,0.019462065718897754,0.8103852455631748,True,0.05,360,paired cluster influence sandwich; asymptotic Bonferroni bounds,,,
214,1.0,validation,state_WA,mlp_stronger,mlp_base:C5:E8,mlp_base,mlp,5.0,8.0,7.998197999765249,0.8514820338108786,0.8494400905173131,0.0020419432935655513,0.001228132072406998,0.008700405413420141,1200,0.006519701814512647,0.8177184904134395,True,0.05,360,paired cluster influence sandwich; asymptotic Bonferroni bounds,,,
214,1.0,validation,state_WA,mlp_stronger,mlp_stronger:C1:E2,mlp_stronger,mlp,1.0,2.0,1.9948093103901194,0.8514820338108786,0.8248005374465466,0.026681496364332036,0.004715337995957593,0.009186710390987148,1200,0.04387357640598701,0.7913058737561063,True,0.05,360,paired cluster influence sandwich; asymptotic Bonferroni bounds,,,
214,1.0,validation,state_WA,mlp_stronger,mlp_stronger:C1:E8,mlp_stronger,mlp,1.0,8.0,7.995742559457445,0.8514820338108786,0.8254983443984093,0.025983689412469313,0.0046725074591927014,0.009175621473232781,1200,0.04301960970122422,0.7920441108026455,True,0.05,360,paired cluster influence sandwich; asymptotic Bonferroni bounds,,,
214,1.0,validation,state_WA,mlp_stronger,mlp_stronger:C5:E2,mlp_stronger,mlp,5.0,2.0,1.9948093103901194,0.8514820338108786,0.8414054310387858,0.010076602772092769,0.0033951070942711895,0.00894408194624631,1200,0.022455132787277253,0.8087953884817495,True,0.05,360,paired cluster influence sandwich; asymptotic Bonferroni bounds,,,
214,1.0,validation,state_WA,mlp_stronger,mlp_stronger:C5:E8,mlp_stronger,mlp,5.0,8.0,7.995742559457445,0.8514820338108786,0.8523644320204995,-0.0008823982096208827,0.0009544431326072623,0.008608836775231193,1200,0.002597492891517382,0.8209766903501887,True,0.05,360,paired cluster influence sandwich; asymptotic Bonferroni bounds,,,
214,1.0,validation,state_WA,mlp_stronger,logistic:C1:E2,logistic,logistic,1.0,2.0,1.9948093103901194,0.8514820338108786,0.8305504251318656,0.020931608679013003,0.0042172157311152715,0.00906669700026282,1200,0.036307539410683994,0.7974933291876127,True,0.05,360,paired cluster influence sandwich; asymptotic Bonferroni bounds,,,
214,1.0,validation,state_WA,mlp_stronger,logistic:C1:E8,logistic,logistic,1.0,8.0,7.995742559457445,0.8514820338108786,0.8299638929100317,0.021518140900846916,0.004208732825884164,0.009075244899075689,1200,0.036863143036128,0.7968756314033727,True,0.05,360,paired cluster influence sandwich; asymptotic Bonferroni bounds,,,
214,1.0,validation,state_WA,mlp_stronger,logistic:C5:E2,logistic,logistic,5.0,2.0,1.9948093103901194,0.8514820338108786,0.8323131416496116,0.019168892161267048,0.004595717400287222,0.009169885423649174,1200,0.035924836583978374,0.7988798216391833,True,0.05,360,paired cluster influence sandwich; asymptotic Bonferroni bounds,,,
214,1.0,validation,state_WA,mlp_stronger,logistic:C5:E8,logistic,logistic,5.0,8.0,7.995742559457445,0.8514820338108786,0.8493516947037388,0.002130339107139778,0.0019281015706434767,0.008647894989763502,1200,0.009160180140669251,0.8178215471335543,True,0.05,360,paired cluster influence sandwich; asymptotic Bonferroni bounds,,,
214,1.0,validation,proxy_0.5,mlp_stronger,mlp_base:C1:E2,mlp_base,mlp,1.0,2.0,1.9909995955023065,0.8739758344424438,0.8434531172525378,0.030522717189905957,0.0042657533881539774,0.00884126532369413,1145,0.04607783745787489,0.8112133385037243,True,0.05,360,paired cluster influence sandwich; asymptotic Bonferroni bounds,,,
214,1.0,validation,proxy_0.5,mlp_stronger,mlp_base:C1:E8,mlp_base,mlp,1.0,8.0,7.998197999765249,0.8739758344424438,0.8435261880529242,0.030449646389519525,0.004284771985691822,0.00882087096277379,1145,0.04607411819873104,0.8113607775828269,True,0.05,360,paired cluster influence sandwich; asymptotic Bonferroni bounds,,,
214,1.0,validation,proxy_0.5,mlp_stronger,mlp_base:C5:E2,mlp_base,mlp,5.0,2.0,1.9909995955023065,0.8739758344424438,0.8575985803387353,0.016377254103708494,0.0026008288979725695,0.008445431626845933,1145,0.025861207493212808,0.8268022138550769,True,0.05,360,paired cluster influence sandwich; asymptotic Bonferroni bounds,,,
214,1.0,validation,proxy_0.5,mlp_stronger,mlp_base:C5:E8,mlp_base,mlp,5.0,8.0,7.998197999765249,0.8739758344424438,0.869009107753334,0.004966726689109802,0.001144390020607365,0.007980790306656691,1145,0.00913975845729519,0.839907061348535,True,0.05,360,paired cluster influence sandwich; asymptotic Bonferroni bounds,,,
214,1.0,validation,proxy_0.5,mlp_stronger,mlp_stronger:C1:E2,mlp_stronger,mlp,1.0,2.0,1.9948093103901194,0.8739758344424438,0.8438111641744305,0.030164670268013283,0.004427041493496379,0.008793589040529464,1145,0.046307929522957175,0.8117452375570168,True,0.05,360,paired cluster influence sandwich; asymptotic Bonferroni bounds,,,
214,1.0,validation,proxy_0.5,mlp_stronger,mlp_stronger:C1:E8,mlp_stronger,mlp,1.0,8.0,7.995742559457445,0.8739758344424438,0.8437516636655445,0.030224170776899206,0.004347570105669512,0.008803702434728982,1145,0.0460776366746035,0.8116488584363649,True,0.05,360,paired cluster influence sandwich; asymptotic Bonferroni bounds,,,
214,1.0,validation,proxy_0.5,mlp_stronger,mlp_stronger:C5:E2,mlp_stronger,mlp,5.0,2.0,1.9948093103901194,0.8739758344424438,0.8661322059552702,0.00784362848717357,0.0034825587555594884,0.00802510398328925,1145,0.020542820248570508,0.836868569203629,True,0.05,360,paired cluster influence sandwich; asymptotic Bonferroni bounds,,,
214,1.0,validation,proxy_0.5,mlp_stronger,mlp_stronger:C5:E8,mlp_stronger,mlp,5.0,8.0,7.995742559457445,0.8739758344424438,0.874356846473029,-0.00038101203058527044,0.00103102306531345,0.007740229112946305,1145,0.003378625792017756,0.8461320093111184,True,0.05,360,paired cluster influence sandwich; asymptotic Bonferroni bounds,,,
214,1.0,validation,proxy_0.5,mlp_stronger,logistic:C1:E2,logistic,logistic,1.0,2.0,1.9948093103901194,0.8739758344424438,0.8473968527362405,0.02657898170620321,0.003949855777583785,0.00873052472108051,1145,0.04098217759466416,0.8155608909068454,True,0.05,360,paired cluster influence sandwich; asymptotic Bonferroni bounds,,,
214,1.0,validation,proxy_0.5,mlp_stronger,logistic:C1:E8,logistic,logistic,1.0,8.0,7.995742559457445,0.8739758344424438,0.8478373652757119,0.026138469166731904,0.0038644745225076536,0.008689969803702596,1145,0.04023032129701228,0.8161492874330053,True,0.05,360,paired cluster influence sandwich; asymptotic Bonferroni bounds,,,
214,1.0,validation,proxy_0.5,mlp_stronger,logistic:C5:E2,logistic,logistic,5.0,2.0,1.9948093103901194,0.8739758344424438,0.8526068008037788,0.021369033638664936,0.0038786709321915335,0.008654242818725245,1145,0.035512653145048055,0.8210490018350639,True,0.05,360,paired cluster influence sandwich; asymptotic Bonferroni bounds,,,
214,1.0,validation,proxy_0.5,mlp_stronger,logistic:C5:E8,logistic,logistic,5.0,8.0,7.995742559457445,0.8739758344424438,0.868561288133824,0.005414546308619705,0.0017199035054933558,0.008029389068281097,1145,0.011686194817777456,0.8392820257689929,True,0.05,360,paired cluster influence sandwich; asymptotic Bonferroni bounds,,,
214,1.0,validation,proxy_0.75,mlp_stronger,mlp_base:C1:E2,mlp_base,mlp,1.0,2.0,1.9909995955023065,0.8789634385030923,0.8501484903050707,0.02881494819802166,0.004006525912414157,0.008523090095792309,1145,0.043424792404535034,0.8190689412943488,True,0.05,360,paired cluster influence sandwich; asymptotic Bonferroni bounds,,,
214,1.0,validation,proxy_0.75,mlp_stronger,mlp_base:C1:E8,mlp_base,mlp,1.0,8.0,7.998197999765249,0.8789634385030923,0.8501735431509172,0.028789895352175132,0.00402834031964052,0.008512375541852716,1145,0.043479286053083335,0.8191330648880757,True,0.05,360,paired cluster influence sandwich; asymptotic Bonferroni bounds,,,
214,1.0,validation,proxy_0.75,mlp_stronger,mlp_base:C5:E2,mlp_base,mlp,5.0,2.0,1.9909995955023065,0.8789634385030923,0.8623534017067251,0.01661003679636719,0.002581156965290932,0.008223248212822021,1145,0.026022256250286754,0.8323672296745998,True,0.05,360,paired cluster influence sandwich; asymptotic Bonferroni bounds,,,
214,1.0,validation,proxy_0.75,mlp_stronger,mlp_base:C5:E8,mlp_base,mlp,5.0,8.0,7.998197999765249,0.8789634385030923,0.8740228085284063,0.004940629974686028,0.0011108082410368509,0.007758430922315345,1145,0.00899120538581093,0.8457315982529875,True,0.05,360,paired cluster influence sandwich; asymptotic Bonferroni bounds,,,
214,1.0,validation,proxy_0.75,mlp_stronger,mlp_stronger:C1:E2,mlp_stronger,mlp,1.0,2.0,1.9948093103901194,0.8789634385030923,0.8507654166340458,0.02819802186904652,0.004193131378472182,0.00849346026558854,1145,0.043488325118329146,0.8197939131501983,True,0.05,360,paired cluster influence sandwich; asymptotic Bonferroni bounds,,,
214,1.0,validation,proxy_0.75,mlp_stronger,mlp_stronger:C1:E8,mlp_stronger,mlp,1.0,8.0,7.995742559457445,0.8789634385030923,0.8505013178840785,0.028462120619013875,0.004090274174968714,0.008494162488127222,1145,0.043377353857131186,0.8195272537374242,True,0.05,360,paired cluster influence sandwich; asymptotic Bonferroni bounds,,,
214,1.0,validation,proxy_0.75,mlp_stronger,mlp_stronger:C5:E2,mlp_stronger,mlp,5.0,2.0,1.9948093103901194,0.8789634385030923,0.8714809885435424,0.007482449959549942,0.0033047430983839726,0.007811448549895905,1145,0.01953323482040403,0.8429964488610303,True,0.05,360,paired cluster influence sandwich; asymptotic Bonferroni bounds,,,
214,1.0,validation,proxy_0.75,mlp_stronger,mlp_stronger:C5:E8,mlp_stronger,mlp,5.0,8.0,7.995742559457445,0.8789634385030923,0.8793162660821002,-0.0003528275790078972,0.0009624002518438305,0.007528586447424145,1145,0.0031565763412765833,0.8518631864074305,True,0.05,360,paired cluster influence sandwich; asymptotic Bonferroni bounds,,,
214,1.0,validation,proxy_0.75,mlp_stronger,logistic:C1:E2,logistic,logistic,1.0,2.0,1.9948093103901194,0.8789634385030923,0.8539241629478849,0.025039275555207463,0.0036555059011636327,0.008427923286535575,1145,0.038369121132023065,0.8231916408345965,True,0.05,360,paired cluster influence sandwich; asymptotic Bonferroni bounds,,,
214,1.0,validation,proxy_0.75,mlp_stronger,logistic:C1:E8,logistic,logistic,1.0,8.0,7.995742559457445,0.8789634385030923,0.8542738589211619,0.02468957958193041,0.0035905003288294645,0.008387928370595479,1145,0.03778238156908277,0.8236871787426847,True,0.05,360,paired cluster influence sandwich; asymptotic Bonferroni bounds,,,
214,1.0,validation,proxy_0.75,mlp_stronger,logistic:C5:E2,logistic,logistic,5.0,2.0,1.9948093103901194,0.8789634385030923,0.8579096531746654,0.021053785328426944,0.0038006304509132257,0.008474286858928093,1145,0.0349128292952523,0.8270080657453601,True,0.05,360,paired cluster influence sandwich; asymptotic Bonferroni bounds,,,
214,1.0,validation,proxy_0.75,mlp_stronger,logistic:C5:E8,logistic,logistic,5.0,8.0,7.995742559457445,0.8789634385030923,0.8731511782666563,0.005812260236435995,0.0016459382081548163,0.007825268493467812,1145,0.011814193412552666,0.844616243996179,True,0.05,360,paired cluster influence sandwich; asymptotic Bonferroni bounds,,,
214,1.0,test,source,mlp_stronger,mlp_base:C1:E2,mlp_base,mlp,1.0,2.0,1.9909995955023065,0.8693709331694127,0.843289072627264,0.02608186054214867,0.004175409061894282,0.009117124116470076,1145,0.0413075391540667,0.810043371522385,True,0.05,360,paired cluster influence sandwich; asymptotic Bonferroni bounds,0.001213480140011991,0.023855554458504513,0.0010128259436321674
214,1.0,test,source,mlp_stronger,mlp_base:C1:E8,mlp_base,mlp,1.0,8.0,7.998197999765249,0.8693709331694127,0.8441670674442282,0.025203865725184516,0.004195593817288686,0.009079266168103424,1145,0.040503148286785015,0.8110594157965862,True,0.05,360,paired cluster influence sandwich; asymptotic Bonferroni bounds,0.001213480140011991,0.023855554458504513,0.00013483112666801134
214,1.0,test,source,mlp_stronger,mlp_base:C5:E2,mlp_base,mlp,5.0,2.0,1.9909995955023065,0.8693709331694127,0.8574696975005281,0.011901235668884569,0.0026567525955406685,0.008708632967815436,1145,0.02158911548412109,0.8257135642087743,True,0.05,360,paired cluster influence sandwich; asymptotic Bonferroni bounds,0.001213480140011991,0.0009533728484085735,0.009734382680464004
214,1.0,test,source,mlp_stronger,mlp_base:C5:E8,mlp_base,mlp,5.0,8.0,7.998197999765249,0.8693709331694127,0.8658621388888004,0.0035087942806123484,0.0010840941229188364,0.00831657112377517,1145,0.0074619563435272,0.8355356637562509,True,0.05,360,paired cluster influence sandwich; asymptotic Bonferroni bounds,0.001213480140011991,0.0009533728484085735,0.001341941292191784
214,1.0,test,source,mlp_stronger,mlp_stronger:C1:E2,mlp_stronger,mlp,1.0,2.0,1.9948093103901194,0.8693709331694127,0.8457818559770002,0.023589077192412544,0.004312512702838761,0.008997487074170148,1145,0.03931470585535561,0.8129724127642551,True,0.05,360,paired cluster influence sandwich; asymptotic Bonferroni bounds,2.220446049250313e-16,0.024038160393834107,-0.00044908320142178493
214,1.0,test,source,mlp_stronger,mlp_stronger:C1:E8,mlp_stronger,mlp,1.0,8.0,7.995742559457445,0.8693709331694127,0.845618359965135,0.023752573204277705,0.004243932186695131,0.009006376843886967,1145,0.039228122202602564,0.812776500101797,True,0.05,360,paired cluster influence sandwich; asymptotic Bonferroni bounds,2.220446049250313e-16,0.024038160393834107,-0.0002855871895566242
214,1.0,test,source,mlp_stronger,mlp_stronger:C5:E2,mlp_stronger,mlp,5.0,2.0,1.9948093103901194,0.8693709331694127,0.8611653443661291,0.008205588803283592,0.0031097742418518637,0.008478262125178573,1145,0.019545417418920283,0.830249261081345,True,0.05,360,paired cluster influence sandwich; asymptotic Bonferroni bounds,2.220446049250313e-16,0.0009926543577524205,0.00721293444553095
214,1.0,test,source,mlp_stronger,mlp_stronger:C5:E8,mlp_stronger,mlp,5.0,8.0,7.995742559457445,0.8693709331694127,0.8697595016131959,-0.0003885684437832104,0.0008726191201383079,0.008105723665983453,1145,0.002793447516064549,0.8402018842334771,True,0.05,360,paired cluster influence sandwich; asymptotic Bonferroni bounds,2.220446049250313e-16,0.0009926543577524205,-0.001381222801535853
214,1.0,test,source,mlp_stronger,logistic:C1:E2,logistic,logistic,1.0,2.0,1.9948093103901194,0.8693709331694127,0.8479816205002765,0.02138931266913624,0.003862880447211388,0.008947461829302249,1145,0.03547535198496315,0.8153545949356111,True,0.05,360,paired cluster influence sandwich; asymptotic Bonferroni bounds,0.0034907460195621187,0.016943070476336253,0.0009554961732378686
214,1.0,test,source,mlp_stronger,logistic:C1:E8,logistic,logistic,1.0,8.0,7.995742559457445,0.8693709331694127,0.8488734169286318,0.02049751624078089,0.0038180829955469413,0.00890293921289877,1145,0.03442020111838028,0.8164087436121588,True,0.05,360,paired cluster influence sandwich; asymptotic Bonferroni bounds,0.0034907460195621187,0.016943070476336253,6.369974488251717e-05
214,1.0,test,source,mlp_stronger,logistic:C5:E2,logistic,logistic,5.0,2.0,1.9948093103901194,0.8693709331694127,0.8452627030562077,0.024108230113205065,0.0039029368195819566,0.009086355526199952,1145,0.038340335465444915,0.8121291999802763,True,0.05,360,paired cluster influence sandwich; asymptotic Bonferroni bounds,0.0034907460195621187,0.0,0.020617484093642946
214,1.0,test,source,mlp_stronger,logistic:C5:E8,logistic,logistic,5.0,8.0,7.995742559457445,0.8693709331694127,0.8629032857390073,0.006467647430405399,0.0017710997576401916,0.008398941261056699,1145,0.012925983679558809,0.8322764469249891,True,0.05,360,paired cluster influence sandwich; asymptotic Bonferroni bounds,0.0034907460195621187,0.0,0.00297690141084328
214,1.0,test,state_CO,mlp_stronger,mlp_base:C1:E2,mlp_base,mlp,1.0,2.0,1.9909995955023065,0.8421273518308618,0.8246073435418256,0.017520008289036215,0.00486632413362238,0.009186566298978743,1208,0.03526223307821698,0.7911138647184438,True,0.05,360,paired cluster influence sandwich; asymptotic Bonferroni bounds,-0.0006143515451410009,0.019307593364165765,-0.0011732335299885488
214,1.0,test,state_CO,mlp_stronger,mlp_base:C1:E8,mlp_base,mlp,1.0,8.0,7.998197999765249,0.8421273518308618,0.8239458952002084,0.018181456630653403,0.004926582981651276,0.00920607722172818,1208,0.036143380313271814,0.790381281128175,True,0.05,360,paired cluster influence sandwich; asymptotic Bonferroni bounds,-0.0006143515451410009,0.019307593364165765,-0.0005117851883713609
214,1.0,test,state_CO,mlp_stronger,mlp_base:C5:E2,mlp_base,mlp,5.0,2.0,1.9909995955023065,0.8421273518308618,0.8317095404503919,0.010417811380469932,0.003284139787618011,0.008893510612572146,1208,0.022391519820568802,0.7992845189926117,True,0.05,360,paired cluster influence sandwich; asymptotic Bonferroni bounds,-0.0006143515451410009,0.00026164886931034914,0.010770514056300584
214,1.0,test,state_CO,mlp_stronger,mlp_base:C5:E8,mlp_base,mlp,5.0,8.0,7.998197999765249,0.8421273518308618,0.8411111076224596,0.001016244208402295,0.0013391643329641683,0.008682243546810721,1208,0.005898729216119479,0.8094563488246184,True,0.05,360,paired cluster influence sandwich; asymptotic Bonferroni bounds,-0.0006143515451410009,0.00026164886931034914,0.0013689468842329466
214,1.0,test,state_CO,mlp_stronger,mlp_stronger:C1:E2,mlp_stronger,mlp,1.0,2.0,1.9948093103901194,0.8421273518308618,0.8240662536800913,0.018061098150770505,0.004927301722539148,0.009152740921978259,1208,0.03602564230462092,0.790696099449532,True,0.05,360,paired cluster influence sandwich; asymptotic Bonferroni bounds,1.1102230246251565e-16,0.01740802257297125,0.0006530755777991448
214,1.0,test,state_CO,mlp_stronger,mlp_stronger:C1:E8,mlp_stronger,mlp,1.0,8.0,7.995742559457445,0.8421273518308618,0.8247360747855264,0.017391277045335496,0.004817128688655452,0.009156500450486766,1208,0.03495413921516741,0.7913522136176427,True,0.05,360,paired cluster influence sandwich; asymptotic Bonferroni bounds,1.1102230246251565e-16,0.01740802257297125,-1.674552763586412e-05
214,1.0,test,state_CO,mlp_stronger,mlp_stronger:C5:E2,mlp_stronger,mlp,5.0,2.0,1.9948093103901194,0.8421273518308618,0.837740023590262,0.0043873282405998415,0.0035213346452697557,0.008770952803428924,1208,0.017225829975953868,0.8057618380069079,True,0.05,360,paired cluster influence sandwich; asymptotic Bonferroni bounds,1.1102230246251565e-16,0.00014547677133658343,0.004241851469263147
214,1.0,test,state_CO,mlp_stronger,mlp_stronger:C5:E8,mlp_stronger,mlp,5.0,8.0,7.995742559457445,0.8421273518308618,0.8434104778859609,-0.0012831260550990597,0.0009871070195541186,0.008587000042654449,1208,0.0023157864199051057,0.8121029692124537,True,0.05,360,paired cluster influence sandwich; asymptotic Bonferroni bounds,1.1102230246251565e-16,0.00014547677133658343,-0.0014286028264357542
214,1.0,test,state_CO,mlp_stronger,logistic:C1:E2,logistic,logistic,1.0,2.0,1.9948093103901194,0.8421273518308618,0.8256989426245893,0.016428409206272532,0.004383808032514136,0.009124888577843071,1208,0.032411419258581875,0.7924303357914049,True,0.05,360,paired cluster influence sandwich; asymptotic Bonferroni bounds,0.0005573120916316787,0.015950638370911263,-7.954125627041009e-05
214,1.0,test,state_CO,mlp_stronger,logistic:C1:E8,logistic,logistic,1.0,8.0,7.995742559457445,0.8421273518308618,0.8259333800114915,0.016193971819370323,0.004423836321766222,0.009133623951557214,1208,0.032322921781627295,0.7926329247112099,True,0.05,360,paired cluster influence sandwich; asymptotic Bonferroni bounds,0.0005573120916316787,0.015950638370911263,-0.0003139786431726188
214,1.0,test,state_CO,mlp_stronger,logistic:C5:E2,logistic,logistic,5.0,2.0,1.9948093103901194,0.8421273518308618,0.8163402858670886,0.025787065963773226,0.004523063785474855,0.009260561040993055,1208,0.04227779124514944,0.7825770281901026,True,0.05,360,paired cluster influence sandwich; asymptotic Bonferroni bounds,0.0005573120916316787,0.0,0.025229753872141547
214,1.0,test,state_CO,mlp_stronger,logistic:C5:E8,logistic,logistic,5.0,8.0,7.995742559457445,0.8421273518308618,0.8386683537785758,0.0034589980522859998,0.0018921273631970848,0.008706850411502343,1208,0.010357541611202902,0.8069238803393076,True,0.05,360,paired cluster influence sandwich; asymptotic Bonferroni bounds,0.0005573120916316787,0.0,0.002901685960654321
214,1.0,test,state_UT,mlp_stronger,mlp_base:C1:E2,mlp_base,mlp,1.0,2.0,1.9909995955023065,0.8846962043320074,0.8587968379374104,0.025899366394597,0.004312456317810686,0.008593598714692494,1081,0.04162769179595259,0.8274543947930881,True,0.05,360,paired cluster influence sandwich; asymptotic Bonferroni bounds,0.00022022490468387446,0.02715877756825824,-0.0014796360783451146
214,1.0,test,state_UT,mlp_stronger,mlp_base:C1:E8,mlp_base,mlp,1.0,8.0,7.998197999765249,0.8846962043320074,0.8580042576814906,0.026691946650516774,0.004345333961948892,0.008603710713282264,1081,0.04254018289787907,0.8266249342089849,True,0.05,360,paired cluster influence sandwich; asymptotic Bonferroni bounds,0.00022022490468387446,0.02715877756825824,-0.000687055822425342
214,1.0,test,state_UT,mlp_stronger,mlp_base:C5:E2,mlp_base,mlp,5.0,2.0,1.9909995955023065,0.8846962043320074,0.8732926834863438,0.01140352084566354,0.0029596084524385865,0.008129742068565527,1081,0.022197759991531223,0.8436420112800215,True,0.05,360,paired cluster influence sandwich; asymptotic Bonferroni bounds,0.00022022490468387446,0.0010185401841630304,0.010164755756816635
214,1.0,test,state_UT,mlp_stronger,mlp_base:C5:E8,mlp_base,mlp,5.0,8.0,7.998197999765249,0.8846962043320074,0.8829516101652146,0.0017445941667927345,0.0012706260164945544,0.0076954512478969546,1081,0.006378802139709733,0.854884876865841,True,0.05,360,paired cluster influence sandwich; asymptotic Bonferroni bounds,0.00022022490468387446,0.0010185401841630304,0.0005058290779458297
214,1.0,test,state_UT,mlp_stronger,mlp_stronger:C1:E2,mlp_stronger,mlp,1.0,2.0,1.9948093103901194,0.8846962043320074,0.8573917571653383,0.02730444716666902,0.004507240453213005,0.008629352756785332,1081,0.04374318631806688,0.8259189124199315,True,0.05,360,paired cluster influence sandwich; asymptotic Bonferroni bounds,-2.220446049250313e-16,0.025814488045917017,0.0014899591207522267
214,1.0,test,state_UT,mlp_stronger,mlp_stronger:C1:E8,mlp_stronger,mlp,1.0,8.0,7.995742559457445,0.8846962043320074,0.8585622754738277,0.026133928858179667,0.0043741190460724454,0.008574484369575586,1081,0.04208714962861546,0.8272895458796673,True,0.05,360,paired cluster influence sandwich; asymptotic Bonferroni bounds,-2.220446049250313e-16,0.025814488045917017,0.00031944081226287224
214,1.0,test,state_UT,mlp_stronger,mlp_stronger:C5:E2,mlp_stronger,mlp,5.0,2.0,1.9948093103901194,0.8846962043320074,0.8773347280910629,0.007361476240944409,0.003142668177421845,0.00795874401128473,1081,0.018823368044655373,0.8483077174107262,True,0.05,360,paired cluster influence sandwich; asymptotic Bonferroni bounds,-2.220446049250313e-16,0.0007226129684939631,0.006638863272450668
214,1.0,test,state_UT,mlp_stronger,mlp_stronger:C5:E8,mlp_stronger,mlp,5.0,8.0,7.995742559457445,0.8846962043320074,0.883920829146766,0.0007753751852414004,0.0009087526307970922,0.007640469843443577,1081,0.0040897640237979975,0.856054623193419,True,0.05,360,paired cluster influence sandwich; asymptotic Bonferroni bounds,-2.220446049250313e-16,0.0007226129684939631,5.276221674765935e-05
214,1.0,test,state_UT,mlp_stronger,logistic:C1:E2,logistic,logistic,1.0,2.0,1.9948093103901194,0.8846962043320074,0.8604989929298631,0.02419721140214426,0.003910210761207371,0.008479953013712163,1081,0.03845847289855618,0.829571036665814,True,0.05,360,paired cluster influence sandwich; asymptotic Bonferroni bounds,0.004178538165434675,0.019672277813717387,0.00034639542299219617
214,1.0,test,state_UT,mlp_stronger,logistic:C1:E8,logistic,logistic,1.0,8.0,7.995742559457445,0.8846962043320074,0.8608797984942123,0.023816405837795096,0.0039076718347763805,0.008466640771386296,1081,0.03806840740016158,0.8300003944388565,True,0.05,360,paired cluster influence sandwich; asymptotic Bonferroni bounds,0.004178538165434675,0.019672277813717387,-3.4410141356966406e-05
214,1.0,test,state_UT,mlp_stronger,logistic:C5:E2,logistic,logistic,5.0,2.0,1.9948093103901194,0.8846962043320074,0.8540987066374868,0.03059749769452058,0.00432659450009813,0.008665243236544627,1081,0.04637738766029441,0.8224949626776036,True,0.05,360,paired cluster influence sandwich; asymptotic Bonferroni bounds,0.004178538165434675,0.0,0.026418959529085906
214,1.0,test,state_UT,mlp_stronger,logistic:C5:E8,logistic,logistic,5.0,8.0,7.995742559457445,0.8846962043320074,0.8763930372225968,0.008303167109410592,0.001822250236096932,0.007879628251644438,1081,0.014949250585701884,0.8476545763431841,True,0.05,360,paired cluster influence sandwich; asymptotic Bonferroni bounds,0.004178538165434675,0.0,0.0041246289439759165
215,1.0,validation,source,mlp_stronger,mlp_base:C1:E2,mlp_base,mlp,1.0,2.0,1.9909995955023065,0.8727766047363478,0.8478484586026656,0.024928146133682216,0.004187022625917429,0.00870350391474809,1165,0.04019535686459125,0.8161127265000392,True,0.05,360,paired cluster influence sandwich; asymptotic Bonferroni bounds,,,
215,1.0,validation,source,mlp_stronger,mlp_base:C1:E8,mlp_base,mlp,1.0,8.0,7.998197999765249,0.8727766047363478,0.8470074209816424,0.025769183754705383,0.004222868875795644,0.00873755394367837,1165,0.04116710126694775,0.8151475316882107,True,0.05,360,paired cluster influence sandwich; asymptotic Bonferroni bounds,,,
215,1.0,validation,source,mlp_stronger,mlp_base:C5:E2,mlp_base,mlp,5.0,2.0,1.9909995955023065,0.8727766047363478,0.8582355344141102,0.014541070322237615,0.002860205392976529,0.008524634179970427,1165,0.024970285153310345,0.8271520180213604,True,0.05,360,paired cluster influence sandwich; asymptotic Bonferroni bounds,,,
215,1.0,validation,source,mlp_stronger,mlp_base:C5:E8,mlp_base,mlp,5.0,8.0,7.998197999765249,0.8727766047363478,0.869402006579944,0.0033745981564037297,0.001072521092571573,0.008194285784980687,1165,0.0072853497803090726,0.8395230450729757,True,0.05,360,paired cluster influence sandwich; asymptotic Bonferroni bounds,,,
215,1.0,validation,source,mlp_stronger,mlp_stronger:C1:E2,mlp_stronger,mlp,1.0,2.0,1.9948093103901194,0.8727766047363478,0.8463648891345252,0.02641171560182254,0.004256263199852987,0.008772252629347355,1165,0.04193139939720937,0.8143784774423573,True,0.05,360,paired cluster influence sandwich; asymptotic Bonferroni bounds,,,
215,1.0,validation,source,mlp_stronger,mlp_stronger:C1:E8,mlp_stronger,mlp,1.0,8.0,7.995742559457445,0.8727766047363478,0.8476886092163095,0.025087995520038264,0.004158850939241446,0.008740750193251476,1165,0.04025248335796242,0.8158170653845243,True,0.05,360,paired cluster influence sandwich; asymptotic Bonferroni bounds,,,
215,1.0,validation,source,mlp_stronger,mlp_stronger:C5:E2,mlp_stronger,mlp,5.0,2.0,1.9948093103901194,0.8727766047363478,0.8575961368686862,0.015180467867661585,0.0034923711160153676,0.008555401674772306,1165,0.027914759163033737,0.826400432444304,True,0.05,360,paired cluster influence sandwich; asymptotic Bonferroni bounds,,,
215,1.0,validation,source,mlp_stronger,mlp_stronger:C5:E8,mlp_stronger,mlp,5.0,8.0,7.995742559457445,0.8727766047363478,0.8709367696424075,0.0018398350939402563,0.0010407436848546058,0.008140136331623454,1165,0.005634716223835395,0.8412552541941853,True,0.05,360,paired cluster influence sandwich; asymptotic Bonferroni bounds,,,
215,1.0,validation,source,mlp_stronger,logistic:C1:E2,logistic,logistic,1.0,2.0,1.9948093103901194,0.8727766047363478,0.8535936336064006,0.019182971129947157,0.0037489935602904763,0.00854646392928587,1165,0.032852989142146065,0.8224305190330873,True,0.05,360,paired cluster influence sandwich; asymptotic Bonferroni bounds,,,
215,1.0,validation,source,mlp_stronger,logistic:C1:E8,logistic,logistic,1.0,8.0,7.995742559457445,0.8727766047363478,0.8537701992684539,0.019006405467893894,0.003696595940403724,0.00854612440140273,1165,0.03248536516107217,0.8226083227213477,True,0.05,360,paired cluster influence sandwich; asymptotic Bonferroni bounds,,,
215,1.0,validation,source,mlp_stronger,logistic:C5:E2,logistic,logistic,5.0,2.0,1.9948093103901194,0.8727766047363478,0.8519084240626609,0.020868180673686898,0.004007606224452611,0.008634302769586003,1165,0.03548118237482156,0.8204250212547152,True,0.05,360,paired cluster influence sandwich; asymptotic Bonferroni bounds,,,
215,1.0,validation,source,mlp_stronger,logistic:C5:E8,logistic,logistic,5.0,8.0,7.995742559457445,0.8727766047363478,0.8702733424506688,0.0025032622856789866,0.0014709726517483028,0.008124263107757714,1165,0.007866894503626376,0.8406497058044948,True,0.05,360,paired cluster influence sandwich; asymptotic Bonferroni bounds,,,
215,1.0,validation,state_OR,mlp_stronger,mlp_base:C1:E2,mlp_base,mlp,1.0,2.0,1.9909995955023065,0.8576290221593671,0.8301345061758127,0.027494515983554346,0.005073967881296847,0.009591360418430448,1227,0.04599294708481416,0.7951667799271518,True,0.05,360,paired cluster influence sandwich; asymptotic Bonferroni bounds,,,
215,1.0,validation,state_OR,mlp_stronger,mlp_base:C1:E8,mlp_base,mlp,1.0,8.0,7.998197999765249,0.8576290221593671,0.8294788323532888,0.028150189806078307,0.00510535396737296,0.009647803603795172,1227,0.04676304680919638,0.7943053282203307,True,0.05,360,paired cluster influence sandwich; asymptotic Bonferroni bounds,,,
215,1.0,validation,state_OR,mlp_stronger,mlp_base:C5:E2,mlp_base,mlp,5.0,2.0,1.9909995955023065,0.8576290221593671,0.838873904838632,0.018755117320735093,0.0035907661865187904,0.009182477535841484,1227,0.03184616213142361,0.8053968643824329,True,0.05,360,paired cluster influence sandwich; asymptotic Bonferroni bounds,,,
215,1.0,validation,state_OR,mlp_stronger,mlp_base:C5:E8,mlp_base,mlp,5.0,8.0,7.998197999765249,0.8576290221593671,0.8551037475206992,0.002525274638667918,0.0013753759020201704,0.008736505264807957,1227,0.0075395547754492425,0.8232526115877028,True,0.05,360,paired cluster influence sandwich; asymptotic Bonferroni bounds,,,
215,1.0,validation,state_OR,mlp_stronger,mlp_stronger:C1:E2,mlp_stronger,mlp,1.0,2.0,1.9948093103901194,0.8576290221593671,0.8310375627761165,0.026591459383250582,0.005085227567159141,0.009612052068383326,1227,0.04513094051242115,0.7959943998928574,True,0.05,360,paired cluster influence sandwich; asymptotic Bonferroni bounds,,,
215,1.0,validation,state_OR,mlp_stronger,mlp_stronger:C1:E8,mlp_stronger,mlp,1.0,8.0,7.995742559457445,0.8576290221593671,0.8320566484668834,0.025572373692483663,0.005005563046631622,0.009580739015575506,1227,0.043821417696574015,0.7971276452242618,True,0.05,360,paired cluster influence sandwich; asymptotic Bonferroni bounds,,,
215,1.0,validation,state_OR,mlp_stronger,mlp_stronger:C5:E2,mlp_stronger,mlp,5.0,2.0,1.9948093103901194,0.8576290221593671,0.8423766698337499,0.015252352325617169,0.003974868654596646,0.009021987058908875,1227,0.029743739670548542,0.8094847379354684,True,0.05,360,paired cluster influence sandwich; asymptotic Bonferroni bounds,,,
215,1.0,validation,state_OR,mlp_stronger,mlp_stronger:C5:E8,mlp_stronger,mlp,5.0,8.0,7.995742559457445,0.8576290221593671,0.8558010166775399,0.0018280054818271552,0.0011130622044476716,0.008703579406612136,1227,0.005885954799221944,0.8240699202744606,True,0.05,360,paired cluster influence sandwich; asymptotic Bonferroni bounds,,,
215,1.0,validation,state_OR,mlp_stronger,logistic:C1:E2,logistic,logistic,1.0,2.0,1.9948093103901194,0.8576290221593671,0.8372385514315364,0.020390470727830734,0.004413732858204794,0.009454996138877061,1227,0.03648184834136027,0.8027679755963201,True,0.05,360,paired cluster influence sandwich; asymptotic Bonferroni bounds,,,
215,1.0,validation,state_OR,mlp_stronger,logistic:C1:E8,logistic,logistic,1.0,8.0,7.995742559457445,0.8576290221593671,0.8384732760923154,0.019155746067051727,0.004326191738324816,0.009404426549910506,1227,0.03492797042369998,0.8041870644626284,True,0.05,360,paired cluster influence sandwich; asymptotic Bonferroni bounds,,,
215,1.0,validation,state_OR,mlp_stronger,logistic:C5:E2,logistic,logistic,5.0,2.0,1.9948093103901194,0.8576290221593671,0.827935426527315,0.029693595632052094,0.004725560533098711,0.00960447585076652,1227,0.046921819771700526,0.7929198846583924,True,0.05,360,paired cluster influence sandwich; asymptotic Bonferroni bounds,,,
215,1.0,validation,state_OR,mlp_stronger,logistic:C5:E8,logistic,logistic,5.0,8.0,7.995742559457445,0.8576290221593671,0.8524066184744583,0.005222403684908783,0.001795448422030737,0.008883835574764402,1227,0.011768164262784653,0.8200183526952319,True,0.05,360,paired cluster influence sandwich; asymptotic Bonferroni bounds,,,
215,1.0,validation,state_WA,mlp_stronger,mlp_base:C1:E2,mlp_base,mlp,1.0,2.0,1.9909995955023065,0.8562105818682069,0.8329031040132834,0.023307477854923486,0.004344619319503539,0.009339597595222788,1177,0.03914884134967666,0.7988490363216741,True,0.05,360,paired cluster influence sandwich; asymptotic Bonferroni bounds,,,
215,1.0,validation,state_WA,mlp_stronger,mlp_base:C1:E8,mlp_base,mlp,1.0,8.0,7.998197999765249,0.8562105818682069,0.8314815220418214,0.024729059826385513,0.004411618513186824,0.009375927909249706,1177,0.0408147159744047,0.797294986654413,True,0.05,360,paired cluster influence sandwich; asymptotic Bonferroni bounds,,,
215,1.0,validation,state_WA,mlp_stronger,mlp_base:C5:E2,mlp_base,mlp,5.0,2.0,1.9909995955023065,0.8562105818682069,0.8485154741752897,0.007695107692917147,0.0030538688709038347,0.008850025268631581,1177,0.018830133178838707,0.8162464865130603,True,0.05,360,paired cluster influence sandwich; asymptotic Bonferroni bounds,,,
215,1.0,validation,state_WA,mlp_stronger,mlp_base:C5:E8,mlp_base,mlp,5.0,8.0,7.998197999765249,0.8562105818682069,0.8566444616188511,-0.00043387975064423934,0.0011797090881552372,0.008624584088181874,1177,0.0038675789294378704,0.8251974782390585,True,0.05,360,paired cluster influence sandwich; asymptotic Bonferroni bounds,,,
215,1.0,validation,state_WA,mlp_stronger,mlp_stronger:C1:E2,mlp_stronger,mlp,1.0,2.0,1.9948093103901194,0.8562105818682069,0.8274931658724373,0.028717415995769602,0.0044425733662049405,0.009451397005794566,1177,0.04491593981815218,0.7930314548475177,True,0.05,360,paired cluster influence sandwich; asymptotic Bonferroni bounds,,,
215,1.0,validation,state_WA,mlp_stronger,mlp_stronger:C1:E8,mlp_stronger,mlp,1.0,8.0,7.995742559457445,0.8562105818682069,0.8295363640251107,0.026674217843096204,0.004371536481050303,0.009400216190941892,1177,0.042613726769923276,0.7952612686349372,True,0.05,360,paired cluster influence sandwich; asymptotic Bonferroni bounds,,,
215,1.0,validation,state_WA,mlp_stronger,mlp_stronger:C5:E2,mlp_stronger,mlp,5.0,2.0,1.9948093103901194,0.8562105818682069,0.8424985215756094,0.013712060292597417,0.0037680938638023106,0.009023023476452138,1177,0.027451295007795053,0.8095987473490144,True,0.05,360,paired cluster influence sandwich; asymptotic Bonferroni bounds,,,
215,1.0,validation,state_WA,mlp_stronger,mlp_stronger:C5:E8,mlp_stronger,mlp,5.0,8.0,7.995742559457445,0.8562105818682069,0.8552249656077289,0.000985616260477995,0.0010333581123327588,0.008617136076462794,1177,0.004753449590369323,0.8238051391897501,True,0.05,360,paired cluster influence sandwich; asymptotic Bonferroni bounds,,,
215,1.0,validation,state_WA,mlp_stronger,logistic:C1:E2,logistic,logistic,1.0,2.0,1.9948093103901194,0.8562105818682069,0.8351841016446753,0.021026480223531596,0.0040636188562439115,0.009264596005835084,1177,0.035843259018606535,0.8014035049646323,True,0.05,360,paired cluster influence sandwich; asymptotic Bonferroni bounds,,,
215,1.0,validation,state_WA,mlp_stronger,logistic:C1:E8,logistic,logistic,1.0,8.0,7.995742559457445,0.8562105818682069,0.8371214373101125,0.019089144558094406,0.003894229325945786,0.009196958162531101,1177,0.03328829475919515,0.8035874619294247,True,0.05,360,paired cluster influence sandwich; asymptotic Bonferroni bounds,,,
215,1.0,validation,state_WA,mlp_stronger,logistic:C5:E2,logistic,logistic,5.0,2.0,1.9948093103901194,0.8562105818682069,0.8165596047522349,0.039650977115971986,0.005243171489153538,0.009676292400939491,1177,0.05876864412356119,0.7812778794888311,True,0.05,360,paired cluster influence sandwich; asymptotic Bonferroni bounds,,,
215,1.0,validation,state_WA,mlp_stronger,logistic:C5:E8,logistic,logistic,5.0,8.0,7.995742559457445,0.8562105818682069,0.8497055145490519,0.006505067319155011,0.0019034194467789064,0.008794325722691386,1177,0.01344532079638077,0.817639618731894,True,0.05,360,paired cluster influence sandwich; asymptotic Bonferroni bounds,,,
215,1.0,validation,proxy_0.5,mlp_stronger,mlp_base:C1:E2,mlp_base,mlp,1.0,2.0,1.9909995955023065,0.858103371359378,0.8294151079610218,0.028688263398356173,0.004592501695450871,0.00920411231156465,1165,0.04543397925202736,0.7958539990762037,True,0.05,360,paired cluster influence sandwich; asymptotic Bonferroni bounds,,,
215,1.0,validation,proxy_0.5,mlp_stronger,mlp_base:C1:E8,mlp_base,mlp,1.0,8.0,7.998197999765249,0.858103371359378,0.8282355657571272,0.029867805602250774,0.004628215087123238,0.009247405959410048,1165,0.046743743794154025,0.7945165945190288,True,0.05,360,paired cluster influence sandwich; asymptotic Bonferroni bounds,,,
215,1.0,validation,proxy_0.5,mlp_stronger,mlp_base:C5:E2,mlp_base,mlp,5.0,2.0,1.9909995955023065,0.858103371359378,0.844653038026393,0.013450333332984954,0.0032212309743209332,0.008888487845327179,1165,0.02519596178826786,0.8122427959193302,True,0.05,360,paired cluster influence sandwich; asymptotic Bonferroni bounds,,,
215,1.0,validation,proxy_0.5,mlp_stronger,mlp_base:C5:E8,mlp_base,mlp,5.0,8.0,7.998197999765249,0.858103371359378,0.8540705698473908,0.00403280151198715,0.0012146563528417603,0.008651036233869737,1165,0.008461823316092933,0.8225261515283522,True,0.05,360,paired cluster influence sandwich; asymptotic Bonferroni bounds,,,
215,1.0,validation,proxy_0.5,mlp_stronger,mlp_stronger:C1:E2,mlp_stronger,mlp,1.0,2.0,1.9948093103901194,0.858103371359378,0.8288101877342238,0.029293183625154207,0.00459799151921988,0.009306422906694948,1165,0.04605891711518546,0.7948760220127432,True,0.05,360,paired cluster influence sandwich; asymptotic Bonferroni bounds,,,
215,1.0,validation,proxy_0.5,mlp_stronger,mlp_stronger:C1:E8,mlp_stronger,mlp,1.0,8.0,7.995742559457445,0.858103371359378,0.8300973409629201,0.02800603039645788,0.004509871083244622,0.009271361364281605,1165,0.04445044886483003,0.7962910207308004,True,0.05,360,paired cluster influence sandwich; asymptotic Bonferroni bounds,,,
215,1.0,validation,proxy_0.5,mlp_stronger,mlp_stronger:C5:E2,mlp_stronger,mlp,5.0,2.0,1.9948093103901194,0.858103371359378,0.8429020081470948,0.015201363212283159,0.004008015084727956,0.008977020200964119,1165,0.02981585574748797,0.8101689490288111,True,0.05,360,paired cluster influence sandwich; asymptotic Bonferroni bounds,,,
215,1.0,validation,proxy_0.5,mlp_stronger,mlp_stronger:C5:E8,mlp_stronger,mlp,5.0,8.0,7.995742559457445,0.858103371359378,0.8570095000684324,0.001093871290945625,0.001131445565112999,0.008593349409038371,1165,0.005219480206027057,0.8256754261849948,True,0.05,360,paired cluster influence sandwich; asymptotic Bonferroni bounds,,,
215,1.0,validation,proxy_0.5,mlp_stronger,logistic:C1:E2,logistic,logistic,1.0,2.0,1.9948093103901194,0.858103371359378,0.8350829701896566,0.023020401169721372,0.004078543524095724,0.009077218580104967,1165,0.037892062734700395,0.8019845560432511,True,0.05,360,paired cluster influence sandwich; asymptotic Bonferroni bounds,,,
215,1.0,validation,proxy_0.5,mlp_stronger,logistic:C1:E8,logistic,logistic,1.0,8.0,7.995742559457445,0.858103371359378,0.8352292376020084,0.022874133757369575,0.004009634428011276,0.009080525015361579,1165,0.03749453093111135,0.802118767145346,True,0.05,360,paired cluster influence sandwich; asymptotic Bonferroni bounds,,,
215,1.0,validation,proxy_0.5,mlp_stronger,logistic:C5:E2,logistic,logistic,5.0,2.0,1.9948093103901194,0.858103371359378,0.8366940012599894,0.02140937009938859,0.0043285071854691475,0.009046539687501347,1165,0.03719247834956948,0.8037074520735368,True,0.05,360,paired cluster influence sandwich; asymptotic Bonferroni bounds,,,
215,1.0,validation,proxy_0.5,mlp_stronger,logistic:C5:E8,logistic,logistic,5.0,8.0,7.995742559457445,0.858103371359378,0.854799817374688,0.0033035539846899553,0.0016352995135898902,0.008602323036380493,1165,0.009266373991343113,0.8234330228035702,True,0.05,360,paired cluster influence sandwich; asymptotic Bonferroni bounds,,,
215,1.0,validation,proxy_0.75,mlp_stronger,mlp_base:C1:E2,mlp_base,mlp,1.0,2.0,1.9909995955023065,0.8657933805637773,0.8378291408565628,0.02796423970721451,0.0044574159201513685,0.00899782457861205,1165,0.04421739003580835,0.8050202223876011,True,0.05,360,paired cluster influence sandwich; asymptotic Bonferroni bounds,,,
215,1.0,validation,proxy_0.75,mlp_stronger,mlp_base:C1:E8,mlp_base,mlp,1.0,8.0,7.998197999765249,0.8657933805637773,0.8368146718751797,0.028978708688597643,0.004494250811004642,0.00903870107116152,1165,0.0453661706966713,0.803856704766779,True,0.05,360,paired cluster influence sandwich; asymptotic Bonferroni bounds,,,
215,1.0,validation,proxy_0.75,mlp_stronger,mlp_base:C5:E2,mlp_base,mlp,5.0,2.0,1.9909995955023065,0.8657933805637773,0.8527317006407558,0.01306167992302154,0.0030267819401820504,0.008682207747743868,1165,0.024098285608223385,0.8210736211085744,True,0.05,360,paired cluster influence sandwich; asymptotic Bonferroni bounds,,,
215,1.0,validation,proxy_0.75,mlp_stronger,mlp_base:C5:E8,mlp_base,mlp,5.0,8.0,7.998197999765249,0.8657933805637773,0.8621157999103589,0.0036775806534183886,0.0011834478484436608,0.008437589168506026,1165,0.007992806365214333,0.8313496772008617,True,0.05,360,paired cluster influence sandwich; asymptotic Bonferroni bounds,,,
215,1.0,validation,proxy_0.75,mlp_stronger,mlp_stronger:C1:E2,mlp_stronger,mlp,1.0,2.0,1.9948093103901194,0.8657933805637773,0.8368167614096418,0.02897661915413552,0.004461195102206381,0.00905631382326247,1165,0.045243549577555504,0.8037945726282527,True,0.05,360,paired cluster influence sandwich; asymptotic Bonferroni bounds,,,
215,1.0,validation,proxy_0.75,mlp_stronger,mlp_stronger:C1:E8,mlp_stronger,mlp,1.0,8.0,7.995742559457445,0.8657933805637773,0.8380474972078598,0.027745883355917544,0.0043754458762174046,0.00902755719937496,1165,0.0437001449403677,0.8051301641858073,True,0.05,360,paired cluster influence sandwich; asymptotic Bonferroni bounds,,,
215,1.0,validation,proxy_0.75,mlp_stronger,mlp_stronger:C5:E2,mlp_stronger,mlp,5.0,2.0,1.9948093103901194,0.8657933805637773,0.8480417405404164,0.017751640023360937,0.0038263414652166304,0.008746899893860672,1165,0.03170369299682141,0.8161477729522961,True,0.05,360,paired cluster influence sandwich; asymptotic Bonferroni bounds,,,
215,1.0,validation,proxy_0.75,mlp_stronger,mlp_stronger:C5:E8,mlp_stronger,mlp,5.0,8.0,7.995742559457445,0.8657933805637773,0.863767576902704,0.0020258036610733,0.0011008097443742438,0.00836734319697403,1165,0.006039704669864055,0.8332575932557802,True,0.05,360,paired cluster influence sandwich; asymptotic Bonferroni bounds,,,
215,1.0,validation,proxy_0.75,mlp_stronger,logistic:C1:E2,logistic,logistic,1.0,2.0,1.9948093103901194,0.8657933805637773,0.843562823420756,0.022230557143021357,0.003946411869115401,0.008849364269043673,1165,0.03662042484132254,0.8112952382651913,True,0.05,360,paired cluster influence sandwich; asymptotic Bonferroni bounds,,,
215,1.0,validation,proxy_0.75,mlp_stronger,logistic:C1:E8,logistic,logistic,1.0,8.0,7.995742559457445,0.8657933805637773,0.843698643160797,0.02209473740298029,0.003894718820887098,0.008853282020567385,1165,0.03629611587370019,0.8114167726422316,True,0.05,360,paired cluster influence sandwich; asymptotic Bonferroni bounds,,,
215,1.0,validation,proxy_0.75,mlp_stronger,logistic:C5:E2,logistic,logistic,5.0,2.0,1.9948093103901194,0.8657933805637773,0.8442784889740491,0.02151489158972819,0.004213139746749742,0.008854893612125199,1165,0.036877333615773625,0.8119907420821932,True,0.05,360,paired cluster influence sandwich; asymptotic Bonferroni bounds,,,
215,1.0,validation,proxy_0.75,mlp_stronger,logistic:C5:E8,logistic,logistic,5.0,8.0,7.995742559457445,0.8657933805637773,0.8624678864672347,0.0033254940965425916,0.0015775237467713337,0.008383459985076778,1165,0.009077645356937067,0.8318991359059057,True,0.05,360,paired cluster influence sandwich; asymptotic Bonferroni bounds,,,
215,1.0,test,source,mlp_stronger,mlp_base:C1:E2,mlp_base,mlp,1.0,2.0,1.9909995955023065,0.8574613618958763,0.8328456011642886,0.024615760731587666,0.004084658905570218,0.009413651879051906,1130,0.03951113408597432,0.7985171877989805,True,0.05,360,paired cluster influence sandwich; asymptotic Bonferroni bounds,0.0008504405261029468,0.025958286623531612,-0.0021929664180468933
215,1.0,test,source,mlp_stronger,mlp_base:C1:E8,mlp_base,mlp,1.0,8.0,7.998197999765249,0.8574613618958763,0.8316159101333018,0.025845451762574467,0.004100319210590468,0.009449922409376548,1130,0.04079793296746048,0.7971552303772284,True,0.05,360,paired cluster influence sandwich; asymptotic Bonferroni bounds,0.0008504405261029468,0.025958286623531612,-0.0009632753870600919
215,1.0,test,source,mlp_stronger,mlp_base:C5:E2,mlp_base,mlp,5.0,2.0,1.9909995955023065,0.8574613618958763,0.8467347367343293,0.010726625161546988,0.0029871633634564734,0.009132293404529786,1130,0.02161980243726815,0.8134323428289845,True,0.05,360,paired cluster influence sandwich; asymptotic Bonferroni bounds,0.0008504405261029468,0.00044402607321081256,0.009432158562233228
215,1.0,test,source,mlp_stronger,mlp_base:C5:E8,mlp_base,mlp,5.0,8.0,7.998197999765249,0.8574613618958763,0.8564970417415853,0.0009643201542910429,0.0011302800738305706,0.008669365247128932,1130,0.005086070362557152,0.824882790689819,True,0.05,360,paired cluster influence sandwich; asymptotic Bonferroni bounds,0.0008504405261029468,0.00044402607321081256,-0.0003301464450227165
215,1.0,test,source,mlp_stronger,mlp_stronger:C1:E2,mlp_stronger,mlp,1.0,2.0,1.9948093103901194,0.8574613618958763,0.8306056202208428,0.026855741675033462,0.0041021313881262605,0.009484865055010089,1130,0.04181483128018107,0.7960175164216035,True,0.05,360,paired cluster influence sandwich; asymptotic Bonferroni bounds,-1.1102230246251565e-16,0.025737840737772855,0.0011179009372607185
215,1.0,test,source,mlp_stronger,mlp_stronger:C1:E8,mlp_stronger,mlp,1.0,8.0,7.995742559457445,0.8574613618958763,0.8315866566508315,0.02587470524504476,0.004074255070352416,0.00946511709742874,1130,0.04073213932139884,0.7970705669922978,True,0.05,360,paired cluster influence sandwich; asymptotic Bonferroni bounds,-1.1102230246251565e-16,0.025737840737772855,0.0001368645072720165
215,1.0,test,source,mlp_stronger,mlp_stronger:C5:E2,mlp_stronger,mlp,5.0,2.0,1.9948093103901194,0.8574613618958763,0.8412465744694412,0.016214787426435118,0.0033577107855844476,0.009033554558663885,1130,0.028459226172379625,0.80830424783232,True,0.05,360,paired cluster influence sandwich; asymptotic Bonferroni bounds,-1.1102230246251565e-16,0.0007652919967695571,0.015449495429665672
215,1.0,test,source,mlp_stronger,mlp_stronger:C5:E8,mlp_stronger,mlp,5.0,8.0,7.995742559457445,0.8574613618958763,0.8550051141355962,0.0024562477602800836,0.001034588947765562,0.008668478702567796,1130,0.006229044706501168,0.8233940960128305,True,0.05,360,paired cluster influence sandwich; asymptotic Bonferroni bounds,-1.1102230246251565e-16,0.0007652919967695571,0.0016909557635106376
215,1.0,test,source,mlp_stronger,logistic:C1:E2,logistic,logistic,1.0,2.0,1.9948093103901194,0.8574613618958763,0.8358628889276615,0.02159847296821482,0.0036252795214338053,0.00935684506279299,1130,0.03481864464818777,0.80174163086144,True,0.05,360,paired cluster influence sandwich; asymptotic Bonferroni bounds,0.0033840010614835103,0.01701298959098385,0.0012014823157474597
215,1.0,test,source,mlp_stronger,logistic:C1:E8,logistic,logistic,1.0,8.0,7.995742559457445,0.8574613618958763,0.8369369096412166,0.02052445225465971,0.003578676447293213,0.009317397085804242,1130,0.03357467824153215,0.8029595050420548,True,0.05,360,paired cluster influence sandwich; asymptotic Bonferroni bounds,0.0033840010614835103,0.01701298959098385,0.00012746160219234692
215,1.0,test,source,mlp_stronger,logistic:C5:E2,logistic,logistic,5.0,2.0,1.9948093103901194,0.8574613618958763,0.8381122727761869,0.019349089119689356,0.004094334346855599,0.009202233293181044,1130,0.03427974554510984,0.8045548316862647,True,0.05,360,paired cluster influence sandwich; asymptotic Bonferroni bounds,0.0033840010614835103,-2.220446049250313e-16,0.015965088058206067
215,1.0,test,source,mlp_stronger,logistic:C5:E8,logistic,logistic,5.0,8.0,7.995742559457445,0.8574613618958763,0.8538459448927076,0.003615417003168697,0.0014594165468598814,0.008737127251853606,1130,0.008937416917385026,0.8219845886644872,True,0.05,360,paired cluster influence sandwich; asymptotic Bonferroni bounds,0.0033840010614835103,-2.220446049250313e-16,0.0002314159416854089
215,1.0,test,state_CO,mlp_stronger,mlp_base:C1:E2,mlp_base,mlp,1.0,2.0,1.9909995955023065,0.8514606949819815,0.833001700334965,0.018458994647016502,0.00446973148267085,0.008776220922451512,1188,0.034756085002726936,0.8010027165236592,True,0.05,360,paired cluster influence sandwich; asymptotic Bonferroni bounds,-0.00022594775712991844,0.020936090104217042,-0.0022511477000706215
215,1.0,test,state_CO,mlp_stronger,mlp_base:C1:E8,mlp_base,mlp,1.0,8.0,7.998197999765249,0.8514606949819815,0.8318209410880271,0.019639753893954448,0.004446554368067628,0.008818130415104946,1188,0.03585233815968212,0.799669151053085,True,0.05,360,paired cluster influence sandwich; asymptotic Bonferroni bounds,-0.00022594775712991844,0.020936090104217042,-0.0010703884531326757
215,1.0,test,state_CO,mlp_stronger,mlp_base:C5:E2,mlp_base,mlp,5.0,2.0,1.9909995955023065,0.8514606949819815,0.8383224055835127,0.013138289398468839,0.0034913261201104146,0.008758065703987463,1188,0.025868015437110467,0.8063896175239837,True,0.05,360,paired cluster influence sandwich; asymptotic Bonferroni bounds,-0.00022594775712991844,-0.00024052503178384477,0.013604762187382602
215,1.0,test,state_CO,mlp_stronger,mlp_base:C5:E8,mlp_base,mlp,5.0,8.0,7.998197999765249,0.8514606949819815,0.8506589448760359,0.0008017501059456311,0.001302244012457593,0.008412048730382017,1188,0.0055498626980521265,0.8199877694895098,True,0.05,360,paired cluster influence sandwich; asymptotic Bonferroni bounds,-0.00022594775712991844,-0.00024052503178384477,0.0012682228948593943
215,1.0,test,state_CO,mlp_stronger,mlp_stronger:C1:E2,mlp_stronger,mlp,1.0,2.0,1.9948093103901194,0.8514606949819815,0.8304152753178626,0.02104541966411888,0.004469121110634717,0.008930461109507187,1188,0.03734028454202108,0.797853916277827,True,0.05,360,paired cluster influence sandwich; asymptotic Bonferroni bounds,0.0,0.019982319848313113,0.001063099815805768
215,1.0,test,state_CO,mlp_stronger,mlp_stronger:C1:E8,mlp_stronger,mlp,1.0,8.0,7.995742559457445,0.8514606949819815,0.8313607157025362,0.02009997927944529,0.0043852739833352425,0.008859432704026721,1188,0.03608912910154065,0.7990583333698095,True,0.05,360,paired cluster influence sandwich; asymptotic Bonferroni bounds,0.0,0.019982319848313113,0.0001176594311321777
215,1.0,test,state_CO,mlp_stronger,mlp_stronger:C5:E2,mlp_stronger,mlp,5.0,2.0,1.9948093103901194,0.8514606949819815,0.8344812937123008,0.016979401269680672,0.0036780943765968165,0.00898621934948234,1188,0.030390103148445608,0.8017166345235932,True,0.05,360,paired cluster influence sandwich; asymptotic Bonferroni bounds,0.0,-2.6030847595559514e-05,0.01700543211727623
215,1.0,test,state_CO,mlp_stronger,mlp_stronger:C5:E8,mlp_stronger,mlp,5.0,8.0,7.995742559457445,0.8514606949819815,0.8488378267782453,0.0026228682037362505,0.001092582027845303,0.00857547226508543,1188,0.006606532121323637,0.8175707927542066,True,0.05,360,paired cluster influence sandwich; asymptotic Bonferroni bounds,0.0,-2.6030847595559514e-05,0.00264889905133181
215,1.0,test,state_CO,mlp_stronger,logistic:C1:E2,logistic,logistic,1.0,2.0,1.9948093103901194,0.8514606949819815,0.8334483896797061,0.018012305302275378,0.0038753744276171604,0.008814920625115123,1188,0.03214231008085043,0.801308302861767,True,0.05,360,paired cluster influence sandwich; asymptotic Bonferroni bounds,0.0009548114898080273,0.014249285973850334,0.002808207838617016
215,1.0,test,state_CO,mlp_stronger,logistic:C1:E8,logistic,logistic,1.0,8.0,7.995742559457445,0.8514606949819815,0.8355714656096059,0.01588922937237558,0.0038330465346434516,0.008748504821483058,1188,0.029864902397682275,0.803673537488903,True,0.05,360,paired cluster influence sandwich; asymptotic Bonferroni bounds,0.0009548114898080273,0.014249285973850334,0.0006851319087172181
215,1.0,test,state_CO,mlp_stronger,logistic:C5:E2,logistic,logistic,5.0,2.0,1.9948093103901194,0.8514606949819815,0.8053236207034784,0.04613707427850311,0.005415967152150227,0.009799459945888784,1188,0.06588423501608959,0.7695938045401401,True,0.05,360,paired cluster influence sandwich; asymptotic Bonferroni bounds,0.0009548114898080273,0.0,0.04518226278869508
215,1.0,test,state_CO,mlp_stronger,logistic:C5:E8,logistic,logistic,5.0,8.0,7.995742559457445,0.8514606949819815,0.8437409868190199,0.007719708162961636,0.0018574738763430408,0.008687081149536199,1188,0.014492244659504334,0.8120670155815388,True,0.05,360,paired cluster influence sandwich; asymptotic Bonferroni bounds,0.0009548114898080273,0.0,0.006764896673153609
215,1.0,test,state_UT,mlp_stronger,mlp_base:C1:E2,mlp_base,mlp,1.0,2.0,1.9909995955023065,0.8566024987309702,0.8419069058082691,0.014695592922701062,0.004987170275799667,0.009463659267399505,1111,0.03288310319627903,0.807394268253725,True,0.05,360,paired cluster influence sandwich; asymptotic Bonferroni bounds,-0.0022293765519890707,0.018411220509349624,-0.0014862510346594915
215,1.0,test,state_UT,mlp_stronger,mlp_base:C1:E8,mlp_base,mlp,1.0,8.0,7.998197999765249,0.8566024987309702,0.8410448802081666,0.015557618522803573,0.004899137456126959,0.009489199173027273,1111,0.03342408545443294,0.8064391022011608,True,0.05,360,paired cluster influence sandwich; asymptotic Bonferroni bounds,-0.0022293765519890707,0.018411220509349624,-0.0006242254345569798
215,1.0,test,state_UT,mlp_stronger,mlp_base:C5:E2,mlp_base,mlp,5.0,2.0,1.9909995955023065,0.8566024987309702,0.8569260441485154,-0.0003235454175452013,0.003521476499716513,0.008801550507701568,1111,0.012518785298040375,0.8248280243437736,True,0.05,360,paired cluster influence sandwich; asymptotic Bonferroni bounds,-0.0022293765519890707,-0.0008528794398892092,0.0027587105743330786
215,1.0,test,state_UT,mlp_stronger,mlp_base:C5:E8,mlp_base,mlp,5.0,8.0,7.998197999765249,0.8566024987309702,0.8597396316841283,-0.003137132953158095,0.0012812172822511889,0.008754917014685115,1111,0.0015352867147051122,0.8278116776855301,True,0.05,360,paired cluster influence sandwich; asymptotic Bonferroni bounds,-0.0022293765519890707,-0.0008528794398892092,-5.4876961279815006e-05
215,1.0,test,state_UT,mlp_stronger,mlp_stronger:C1:E2,mlp_stronger,mlp,1.0,2.0,1.9948093103901194,0.8566024987309702,0.8373029574109049,0.019299541320065283,0.004704036821351815,0.00961892951752059,1111,0.03645450361016012,0.8022240710392787,True,0.05,360,paired cluster influence sandwich; asymptotic Bonferroni bounds,-1.1102230246251565e-16,0.017208500441302177,0.0020910408787632173
215,1.0,test,state_UT,mlp_stronger,mlp_stronger:C1:E8,mlp_stronger,mlp,1.0,8.0,7.995742559457445,0.8566024987309702,0.838797211335751,0.017805287395219138,0.004684323588816186,0.009540339884887117,1111,0.03488835829211111,0.8040049303278627,True,0.05,360,paired cluster influence sandwich; asymptotic Bonferroni bounds,-1.1102230246251565e-16,0.017208500441302177,0.0005967869539170723
215,1.0,test,state_UT,mlp_stronger,mlp_stronger:C5:E2,mlp_stronger,mlp,5.0,2.0,1.9948093103901194,0.8566024987309702,0.8432342423092226,0.013368256421747549,0.0034452808040780136,0.009456830054208686,1111,0.02593271212593592,0.8087465099370162,True,0.05,360,paired cluster influence sandwich; asymptotic Bonferroni bounds,-1.1102230246251565e-16,-0.0006951081762097688,0.014063364597957428
215,1.0,test,state_UT,mlp_stronger,mlp_stronger:C5:E8,mlp_stronger,mlp,5.0,8.0,7.995742559457445,0.8566024987309702,0.8534299244069858,0.003172574323984323,0.0010001632994614154,0.008997498197225952,1111,0.006820029549742256,0.8206173108708845,True,0.05,360,paired cluster influence sandwich; asymptotic Bonferroni bounds,-1.1102230246251565e-16,-0.0006951081762097688,0.003867682500194203
215,1.0,test,state_UT,mlp_stronger,logistic:C1:E2,logistic,logistic,1.0,2.0,1.9948093103901194,0.8566024987309702,0.8452784091168924,0.011324089614077715,0.004207213917475924,0.00925506760746135,1111,0.02666720848020951,0.8115264760798012,True,0.05,360,paired cluster influence sandwich; asymptotic Bonferroni bounds,-0.0022133707716159856,0.013687228759186265,-0.00014976837349256478
215,1.0,test,state_UT,mlp_stronger,logistic:C1:E8,logistic,logistic,1.0,8.0,7.995742559457445,0.8566024987309702,0.8453172802977991,0.011285218433171096,0.004252290498426314,0.009283018234163037,1111,0.026792725265583333,0.8114634152467246,True,0.05,360,paired cluster influence sandwich; asymptotic Bonferroni bounds,-0.0022133707716159856,0.013687228759186265,-0.00018863955439918367
215,1.0,test,state_UT,mlp_stronger,logistic:C5:E2,logistic,logistic,5.0,2.0,1.9948093103901194,0.8566024987309702,0.8345488199166784,0.022053678814291766,0.004329947602288688,0.009269183961249905,1111,0.03784439020885158,0.8007454065179078,True,0.05,360,paired cluster influence sandwich; asymptotic Bonferroni bounds,-0.0022133707716159856,0.0,0.024267049585907752
215,1.0,test,state_UT,mlp_stronger,logistic:C5:E8,logistic,logistic,5.0,8.0,7.995742559457445,0.8566024987309702,0.8557153211902814,0.0008871775406887883,0.0015869743732510135,0.008783799683539923,1111,0.006674650420342915,0.8236820361507371,True,0.05,360,paired cluster influence sandwich; asymptotic Bonferroni bounds,-0.0022133707716159856,0.0,0.003100548312304774
216,1.0,validation,source,mlp_stronger,mlp_base:C1:E2,mlp_base,mlp,1.0,2.0,1.9909995955023065,0.8615535746770965,0.8383263598326359,0.023227214844460553,0.004006286571623439,0.008996389500689069,1159,0.03783563631625425,0.8055221539424842,True,0.05,360,paired cluster influence sandwich; asymptotic Bonferroni bounds,,,
216,1.0,validation,source,mlp_stronger,mlp_base:C1:E8,mlp_base,mlp,1.0,8.0,7.998197999765249,0.8615535746770965,0.8393107929000233,0.022242781777073173,0.003922689472760833,0.00896852646576972,1159,0.036546376913513305,0.8066081860718228,True,0.05,360,paired cluster influence sandwich; asymptotic Bonferroni bounds,,,
216,1.0,validation,source,mlp_stronger,mlp_base:C5:E2,mlp_base,mlp,5.0,2.0,1.9909995955023065,0.8615535746770965,0.8462382078536343,0.015315366823462129,0.003163612275480294,0.008731454961348289,1159,0.026851082171660226,0.8144000525302441,True,0.05,360,paired cluster influence sandwich; asymptotic Bonferroni bounds,,,
216,1.0,validation,source,mlp_stronger,mlp_base:C5:E8,mlp_base,mlp,5.0,8.0,7.998197999765249,0.8615535746770965,0.8575669845889966,0.003986590088099873,0.0012583003058766983,0.008427537800650564,1159,0.008574824323896193,0.8268370250715255,True,0.05,360,paired cluster influence sandwich; asymptotic Bonferroni bounds,,,
216,1.0,validation,source,mlp_stronger,mlp_stronger:C1:E2,mlp_stronger,mlp,1.0,2.0,1.9948093103901194,0.8615535746770965,0.8377182359208919,0.023835338756204583,0.004131657340331809,0.009033024368694112,1159,0.038900909010740614,0.8047804455796996,True,0.05,360,paired cluster influence sandwich; asymptotic Bonferroni bounds,,,
216,1.0,validation,source,mlp_stronger,mlp_stronger:C1:E8,mlp_stronger,mlp,1.0,8.0,7.995742559457445,0.8615535746770965,0.8387879102887289,0.02276566438836758,0.004046113837381202,0.008989185076483129,1159,0.03751931098918213,0.8060099744277875,True,0.05,360,paired cluster influence sandwich; asymptotic Bonferroni bounds,,,
216,1.0,validation,source,mlp_stronger,mlp_stronger:C5:E2,mlp_stronger,mlp,5.0,2.0,1.9948093103901194,0.8615535746770965,0.8485927388965411,0.012960835780555402,0.0033677491471005585,0.00886851245447037,1159,0.025240910626070694,0.8162548206157088,True,0.05,360,paired cluster influence sandwich; asymptotic Bonferroni bounds,,,
216,1.0,validation,source,mlp_stronger,mlp_stronger:C5:E8,mlp_stronger,mlp,5.0,8.0,7.995742559457445,0.8615535746770965,0.860947529821461,0.0006060448556354237,0.0011183156454484195,0.008395679763452022,1159,0.004683842585564528,0.830333736640656,True,0.05,360,paired cluster influence sandwich; asymptotic Bonferroni bounds,,,
216,1.0,validation,source,mlp_stronger,logistic:C1:E2,logistic,logistic,1.0,2.0,1.9948093103901194,0.8615535746770965,0.8411206112424959,0.02043296343460055,0.0037397485737422687,0.008873369975606563,1159,0.03406948752918831,0.8087649806201231,True,0.05,360,paired cluster influence sandwich; asymptotic Bonferroni bounds,,,
216,1.0,validation,source,mlp_stronger,logistic:C1:E8,logistic,logistic,1.0,8.0,7.995742559457445,0.8615535746770965,0.8409854725954415,0.020568102081654938,0.0037563118152703096,0.008903337100516327,1159,0.034265021958934466,0.808520570610885,True,0.05,360,paired cluster influence sandwich; asymptotic Bonferroni bounds,,,
216,1.0,validation,source,mlp_stronger,logistic:C5:E2,logistic,logistic,5.0,2.0,1.9948093103901194,0.8615535746770965,0.8481395046648822,0.013414070012214285,0.0036900193405687014,0.008594884629847819,1159,0.026869262695610907,0.8167993359251857,True,0.05,360,paired cluster influence sandwich; asymptotic Bonferroni bounds,,,
216,1.0,validation,source,mlp_stronger,logistic:C5:E8,logistic,logistic,5.0,8.0,7.995742559457445,0.8615535746770965,0.8590628654590816,0.0024907092180148638,0.0015906488520180141,0.008344649927813917,1159,0.008290810740579645,0.8286351461732191,True,0.05,360,paired cluster influence sandwich; asymptotic Bonferroni bounds,,,
216,1.0,validation,state_OR,mlp_stronger,mlp_base:C1:E2,mlp_base,mlp,1.0,2.0,1.9909995955023065,0.8585106649622779,0.8270797303055367,0.03143093465674118,0.0047247369678729625,0.009490370911259486,1208,0.048656944074111266,0.7924786044008942,True,0.05,360,paired cluster influence sandwich; asymptotic Bonferroni bounds,,,
216,1.0,validation,state_OR,mlp_stronger,mlp_base:C1:E8,mlp_base,mlp,1.0,8.0,7.998197999765249,0.8585106649622779,0.8288026450719298,0.029708019890348103,0.004620693218658116,0.009453174961490814,1208,0.046554694200604214,0.7943371325962169,True,0.05,360,paired cluster influence sandwich; asymptotic Bonferroni bounds,,,
216,1.0,validation,state_OR,mlp_stronger,mlp_base:C5:E2,mlp_base,mlp,5.0,2.0,1.9909995955023065,0.8585106649622779,0.8309832601557706,0.027527404806507283,0.004238672322629014,0.009426490590249092,1208,0.04298126178166589,0.7966150367425879,True,0.05,360,paired cluster influence sandwich; asymptotic Bonferroni bounds,,,
216,1.0,validation,state_OR,mlp_stronger,mlp_base:C5:E8,mlp_base,mlp,5.0,8.0,7.998197999765249,0.8585106649622779,0.8531958924665798,0.005314772495698117,0.0015650789571880553,0.008887845554451998,1208,0.011020923978578737,0.8207915253531982,True,0.05,360,paired cluster influence sandwich; asymptotic Bonferroni bounds,,,
216,1.0,validation,state_OR,mlp_stronger,mlp_stronger:C1:E2,mlp_stronger,mlp,1.0,2.0,1.9948093103901194,0.8585106649622779,0.8311968536372463,0.027313811325031634,0.004578584427878243,0.009431378710693867,1208,0.0440069603847901,0.7968108085316842,True,0.05,360,paired cluster influence sandwich; asymptotic Bonferroni bounds,,,
216,1.0,validation,state_OR,mlp_stronger,mlp_stronger:C1:E8,mlp_stronger,mlp,1.0,8.0,7.995742559457445,0.8585106649622779,0.8310922364218298,0.02741842854044807,0.004572862737589156,0.009409099865256726,1208,0.0440907167794935,0.7967874181875026,True,0.05,360,paired cluster influence sandwich; asymptotic Bonferroni bounds,,,
216,1.0,validation,state_OR,mlp_stronger,mlp_stronger:C5:E2,mlp_stronger,mlp,5.0,2.0,1.9948093103901194,0.8585106649622779,0.8397231566937036,0.018787508268574338,0.0035718684990539507,0.009424417133057566,1208,0.031810252353735705,0.8053624929379898,True,0.05,360,paired cluster influence sandwich; asymptotic Bonferroni bounds,,,
216,1.0,validation,state_OR,mlp_stronger,mlp_stronger:C5:E8,mlp_stronger,mlp,5.0,8.0,7.995742559457445,0.8585106649622779,0.8562755617454074,0.002235103216870482,0.001146073818266343,0.008867361629154776,1208,0.006413595801896887,0.8239458773693875,True,0.05,360,paired cluster influence sandwich; asymptotic Bonferroni bounds,,,
216,1.0,validation,state_OR,mlp_stronger,logistic:C1:E2,logistic,logistic,1.0,2.0,1.9948093103901194,0.8585106649622779,0.8353902603551973,0.023120404607080647,0.0042678334197779715,0.009284119852754477,1208,0.038680580587408114,0.8015411091531274,True,0.05,360,paired cluster influence sandwich; asymptotic Bonferroni bounds,,,
216,1.0,validation,state_OR,mlp_stronger,logistic:C1:E8,logistic,logistic,1.0,8.0,7.995742559457445,0.8585106649622779,0.8346437729326929,0.02386689202958503,0.004294716168800705,0.009316061709670715,1208,0.039525080341811444,0.8006781642999155,True,0.05,360,paired cluster influence sandwich; asymptotic Bonferroni bounds,,,
216,1.0,validation,state_OR,mlp_stronger,logistic:C5:E2,logistic,logistic,5.0,2.0,1.9948093103901194,0.8585106649622779,0.8420476204487424,0.01646304451353553,0.004050822488511191,0.009100313105984604,1208,0.03123201616416319,0.8088686138012506,True,0.05,360,paired cluster influence sandwich; asymptotic Bonferroni bounds,,,
216,1.0,validation,state_OR,mlp_stronger,logistic:C5:E8,logistic,logistic,5.0,8.0,7.995742559457445,0.8585106649622779,0.8541494347945963,0.00436123016768164,0.0017937949271795764,0.008824770710655428,1208,0.010901261606159146,0.8219750334678028,True,0.05,360,paired cluster influence sandwich; asymptotic Bonferroni bounds,,,
216,1.0,validation,state_WA,mlp_stronger,mlp_base:C1:E2,mlp_base,mlp,1.0,2.0,1.9909995955023065,0.8790703834083272,0.8549460567366711,0.024124326671656093,0.004109081565947114,0.008263939145544488,1182,0.03910667959373191,0.8248144443999452,True,0.05,360,paired cluster influence sandwich; asymptotic Bonferroni bounds,,,
216,1.0,validation,state_WA,mlp_stronger,mlp_base:C1:E8,mlp_base,mlp,1.0,8.0,7.998197999765249,0.8790703834083272,0.8550620637545825,0.024008319653744725,0.004056132188697655,0.00826979808667223,1182,0.038797610879618194,0.8249090888037743,True,0.05,360,paired cluster influence sandwich; asymptotic Bonferroni bounds,,,
216,1.0,validation,state_WA,mlp_stronger,mlp_base:C5:E2,mlp_base,mlp,5.0,2.0,1.9909995955023065,0.8790703834083272,0.8650787051152936,0.013991678293033605,0.0033281662021962494,0.008002855492867993,1182,0.026126691878030597,0.8358990445380559,True,0.05,360,paired cluster influence sandwich; asymptotic Bonferroni bounds,,,
216,1.0,validation,state_WA,mlp_stronger,mlp_base:C5:E8,mlp_base,mlp,5.0,8.0,7.998197999765249,0.8790703834083272,0.8778199714807526,0.0012504119275745795,0.0012614336293700866,0.007629752698020556,1182,0.005849795882281128,0.8500007019444089,True,0.05,360,paired cluster influence sandwich; asymptotic Bonferroni bounds,,,
216,1.0,validation,state_WA,mlp_stronger,mlp_stronger:C1:E2,mlp_stronger,mlp,1.0,2.0,1.9948093103901194,0.8790703834083272,0.853292700078741,0.025777683329586187,0.004183230765243269,0.008302617279705316,1182,0.04103039580888054,0.8230200612262196,True,0.05,360,paired cluster influence sandwich; asymptotic Bonferroni bounds,,,
216,1.0,validation,state_WA,mlp_stronger,mlp_stronger:C1:E8,mlp_stronger,mlp,1.0,8.0,7.995742559457445,0.8790703834083272,0.8552930511796271,0.023777332228700154,0.004139106089645094,0.008253384856434204,1182,0.03886915925177418,0.8251999214287915,True,0.05,360,paired cluster influence sandwich; asymptotic Bonferroni bounds,,,
216,1.0,validation,state_WA,mlp_stronger,mlp_stronger:C5:E2,mlp_stronger,mlp,5.0,2.0,1.9948093103901194,0.8790703834083272,0.8541206616711786,0.0249497217371486,0.003559868183953834,0.008462440309188394,1182,0.03792955692223382,0.823265283100703,True,0.05,360,paired cluster influence sandwich; asymptotic Bonferroni bounds,,,
216,1.0,validation,state_WA,mlp_stronger,mlp_stronger:C5:E8,mlp_stronger,mlp,5.0,8.0,7.995742559457445,0.8790703834083272,0.875968478942673,0.0031019044656541706,0.001133294848551316,0.007689824641299713,1182,0.00723407441975744,0.8479301777223681,True,0.05,360,paired cluster influence sandwich; asymptotic Bonferroni bounds,,,
216,1.0,validation,state_WA,mlp_stronger,logistic:C1:E2,logistic,logistic,1.0,2.0,1.9948093103901194,0.8790703834083272,0.8604897549377412,0.018580628470586058,0.00378413468234063,0.008111526185759214,1182,0.032378174322520666,0.83091386404795,True,0.05,360,paired cluster influence sandwich; asymptotic Bonferroni bounds,,,
216,1.0,validation,state_WA,mlp_stronger,logistic:C1:E8,logistic,logistic,1.0,8.0,7.995742559457445,0.8790703834083272,0.8592526889502803,0.01981769445804693,0.003799997291124221,0.008158341175033355,1182,0.03367307785816508,0.8295061033005795,True,0.05,360,paired cluster influence sandwich; asymptotic Bonferroni bounds,,,
216,1.0,validation,state_WA,mlp_stronger,logistic:C5:E2,logistic,logistic,5.0,2.0,1.9948093103901194,0.8790703834083272,0.8602639005665864,0.0188064828417408,0.0040492863691714755,0.00813994000303179,1182,0.03357081314081446,0.8305844084628965,True,0.05,360,paired cluster influence sandwich; asymptotic Bonferroni bounds,,,
216,1.0,validation,state_WA,mlp_stronger,logistic:C5:E8,logistic,logistic,5.0,8.0,7.995742559457445,0.8790703834083272,0.8753396798411628,0.0037307035671644284,0.0017224614729587757,0.0076783931469133785,1182,0.010011067017822459,0.8473430596341388,True,0.05,360,paired cluster influence sandwich; asymptotic Bonferroni bounds,,,
216,1.0,validation,proxy_0.5,mlp_stronger,mlp_base:C1:E2,mlp_base,mlp,1.0,2.0,1.9909995955023065,0.8480776527456536,0.8241269263754255,0.023950726370228104,0.004449123000223914,0.009429638305343453,1159,0.04017389533359681,0.7897429330618351,True,0.05,360,paired cluster influence sandwich; asymptotic Bonferroni bounds,,,
216,1.0,validation,proxy_0.5,mlp_stronger,mlp_base:C1:E8,mlp_base,mlp,1.0,8.0,7.998197999765249,0.8480776527456536,0.824507393643286,0.023570259102367652,0.00437708081687629,0.009434843187434235,1159,0.03953073528046617,0.7901044213800038,True,0.05,360,paired cluster influence sandwich; asymptotic Bonferroni bounds,,,
216,1.0,validation,proxy_0.5,mlp_stronger,mlp_base:C5:E2,mlp_base,mlp,5.0,2.0,1.9909995955023065,0.8480776527456536,0.8349920735985862,0.013085579147067428,0.0035212747344791915,0.009115109010819267,1159,0.02592546579012544,0.8017549719058249,True,0.05,360,paired cluster influence sandwich; asymptotic Bonferroni bounds,,,
216,1.0,validation,proxy_0.5,mlp_stronger,mlp_base:C5:E8,mlp_base,mlp,5.0,8.0,7.998197999765249,0.8480776527456536,0.8450401517710958,0.003037500974557794,0.0013089105210925044,0.008886934592582267,1159,0.007810279012060014,0.8126350594743414,True,0.05,360,paired cluster influence sandwich; asymptotic Bonferroni bounds,,,
216,1.0,validation,proxy_0.5,mlp_stronger,mlp_stronger:C1:E2,mlp_stronger,mlp,1.0,2.0,1.9948093103901194,0.8480776527456536,0.8219761428311547,0.026101509914498888,0.004584336952650607,0.009502874656849836,1159,0.042817719595400636,0.7873251023478886,True,0.05,360,paired cluster influence sandwich; asymptotic Bonferroni bounds,,,
216,1.0,validation,proxy_0.5,mlp_stronger,mlp_stronger:C1:E8,mlp_stronger,mlp,1.0,8.0,7.995742559457445,0.8480776527456536,0.8232620390342784,0.024815613711375195,0.004505271835786753,0.009465013171464426,1159,0.041243522360831814,0.7887490557084748,True,0.05,360,paired cluster influence sandwich; asymptotic Bonferroni bounds,,,
216,1.0,validation,proxy_0.5,mlp_stronger,mlp_stronger:C5:E2,mlp_stronger,mlp,5.0,2.0,1.9948093103901194,0.8480776527456536,0.8316390758595599,0.016438576886093736,0.003775774325202069,0.00937630377771647,1159,0.030206464364641715,0.7974495602111701,True,0.05,360,paired cluster influence sandwich; asymptotic Bonferroni bounds,,,
216,1.0,validation,proxy_0.5,mlp_stronger,mlp_stronger:C5:E8,mlp_stronger,mlp,5.0,8.0,7.995742559457445,0.8480776527456536,0.8470557966683127,0.0010218560773409546,0.001225228498021313,0.00888128129006672,1159,0.0054894981140151166,0.8146713184300831,True,0.05,360,paired cluster influence sandwich; asymptotic Bonferroni bounds,,,
216,1.0,validation,proxy_0.5,mlp_stronger,logistic:C1:E2,logistic,logistic,1.0,2.0,1.9948093103901194,0.8480776527456536,0.8248410821487046,0.023236570596949058,0.004202077247547992,0.00940142540977221,1159,0.03855891821032534,0.7905599636200492,True,0.05,360,paired cluster influence sandwich; asymptotic Bonferroni bounds,,,
216,1.0,validation,proxy_0.5,mlp_stronger,logistic:C1:E8,logistic,logistic,1.0,8.0,7.995742559457445,0.8480776527456536,0.825585384235557,0.022492268510096558,0.004196955370543819,0.009391302541138406,1159,0.03779593984141812,0.7913411774776556,True,0.05,360,paired cluster influence sandwich; asymptotic Bonferroni bounds,,,
216,1.0,validation,proxy_0.5,mlp_stronger,logistic:C5:E2,logistic,logistic,5.0,2.0,1.9948093103901194,0.8480776527456536,0.8286093713454091,0.01946828140024448,0.004172373042174652,0.009252621884612285,1159,0.03468231635454839,0.794870846206708,True,0.05,360,paired cluster influence sandwich; asymptotic Bonferroni bounds,,,
216,1.0,validation,proxy_0.5,mlp_stronger,logistic:C5:E8,logistic,logistic,5.0,8.0,7.995742559457445,0.8480776527456536,0.8436378284258946,0.004439824319758978,0.00181686916221045,0.008912294525886325,1159,0.011064809828451557,0.8111402643132631,True,0.05,360,paired cluster influence sandwich; asymptotic Bonferroni bounds,,,
216,1.0,validation,proxy_0.75,mlp_stronger,mlp_base:C1:E2,mlp_base,mlp,1.0,2.0,1.9909995955023065,0.8551334494139661,0.8300090958704749,0.025124353543491185,0.004175908465655626,0.009227178988864368,1159,0.04035127997606756,0.7963633450597963,True,0.05,360,paired cluster influence sandwich; asymptotic Bonferroni bounds,,,
216,1.0,validation,proxy_0.75,mlp_stronger,mlp_base:C1:E8,mlp_base,mlp,1.0,8.0,7.998197999765249,0.8551334494139661,0.8309072481093582,0.02422620130460784,0.0041030380269476835,0.009211599900199667,1159,0.03918741482263133,0.7973183044913984,True,0.05,360,paired cluster influence sandwich; asymptotic Bonferroni bounds,,,
216,1.0,validation,proxy_0.75,mlp_stronger,mlp_base:C5:E2,mlp_base,mlp,5.0,2.0,1.9909995955023065,0.8551334494139661,0.8386361391928064,0.016497310221159633,0.003313186120832062,0.008947981850684246,1159,0.028578427835269548,0.8060084457265881,True,0.05,360,paired cluster influence sandwich; asymptotic Bonferroni bounds,,,
216,1.0,validation,proxy_0.75,mlp_stronger,mlp_base:C5:E8,mlp_base,mlp,5.0,8.0,7.998197999765249,0.8551334494139661,0.8510387484082226,0.004094701005743495,0.0012626069754272796,0.008642826672758197,1159,0.00869863897186711,0.819523765022461,True,0.05,360,paired cluster influence sandwich; asymptotic Bonferroni bounds,,,
216,1.0,validation,proxy_0.75,mlp_stronger,mlp_stronger:C1:E2,mlp_stronger,mlp,1.0,2.0,1.9948093103901194,0.8551334494139661,0.8285516775383975,0.02658177187556854,0.004297023244447274,0.009288357426931182,1159,0.04225032815748803,0.7946828472269672,True,0.05,360,paired cluster influence sandwich; asymptotic Bonferroni bounds,,,
216,1.0,validation,proxy_0.75,mlp_stronger,mlp_stronger:C1:E8,mlp_stronger,mlp,1.0,8.0,7.995742559457445,0.8551334494139661,0.829737779048312,0.025395670365654044,0.004215738341244535,0.009250414124012294,1159,0.04076783144367319,0.7960073042317176,True,0.05,360,paired cluster influence sandwich; asymptotic Bonferroni bounds,,,
216,1.0,validation,proxy_0.75,mlp_stronger,mlp_stronger:C5:E2,mlp_stronger,mlp,5.0,2.0,1.9948093103901194,0.8551334494139661,0.8394230619298839,0.015710387484082156,0.0036219219524845146,0.009111366748277535,1159,0.02891727158333798,0.8061996059280861,True,0.05,360,paired cluster influence sandwich; asymptotic Bonferroni bounds,,,
216,1.0,validation,proxy_0.75,mlp_stronger,mlp_stronger:C5:E8,mlp_stronger,mlp,5.0,8.0,7.995742559457445,0.8551334494139661,0.8538589880194392,0.0012744613945269156,0.0011669262183676967,0.008628944056737569,1159,0.005529511481344311,0.8223946258516895,True,0.05,360,paired cluster influence sandwich; asymptotic Bonferroni bounds,,,
216,1.0,validation,proxy_0.75,mlp_stronger,logistic:C1:E2,logistic,logistic,1.0,2.0,1.9948093103901194,0.8551334494139661,0.8319873177577379,0.02314613165622814,0.003946748856754683,0.009140072101116994,1159,0.03753745631861466,0.7986591912873457,True,0.05,360,paired cluster influence sandwich; asymptotic Bonferroni bounds,,,
216,1.0,validation,proxy_0.75,mlp_stronger,logistic:C1:E8,logistic,logistic,1.0,8.0,7.995742559457445,0.8551334494139661,0.8322970971179084,0.022836352296057627,0.003942686341921413,0.009149288759682876,1159,0.03721286350766901,0.7989353632581084,True,0.05,360,paired cluster influence sandwich; asymptotic Bonferroni bounds,,,
216,1.0,validation,proxy_0.75,mlp_stronger,logistic:C5:E2,logistic,logistic,5.0,2.0,1.9948093103901194,0.8551334494139661,0.8385737675095507,0.01655968190441537,0.0039683590107830735,0.008904436679525052,1159,0.031029805282888036,0.8061048560480598,True,0.05,360,paired cluster influence sandwich; asymptotic Bonferroni bounds,,,
216,1.0,validation,proxy_0.75,mlp_stronger,logistic:C5:E8,logistic,logistic,5.0,8.0,7.995742559457445,0.8551334494139661,0.8514607967982536,0.0036726526157124795,0.001722361469830675,0.008614919330914466,1159,0.009953027678315346,0.8200475740340857,True,0.05,360,paired cluster influence sandwich; asymptotic Bonferroni bounds,,,
216,1.0,test,source,mlp_stronger,mlp_base:C1:E2,mlp_base,mlp,1.0,2.0,1.9909995955023065,0.8726264386020485,0.8541104424031254,0.01851599619892308,0.003741672387410175,0.0088216358160079,1163,0.03215939076120722,0.8219437945353041,True,0.05,360,paired cluster influence sandwich; asymptotic Bonferroni bounds,-0.00016524126280215157,0.01793422025129343,0.0007470172104317996
216,1.0,test,source,mlp_stronger,mlp_base:C1:E8,mlp_base,mlp,1.0,8.0,7.998197999765249,0.8726264386020485,0.8546848273677541,0.017941611234294386,0.0036809040793764226,0.008799998075708807,1163,0.03136342413000168,0.8225970779703948,True,0.05,360,paired cluster influence sandwich; asymptotic Bonferroni bounds,-0.00016524126280215157,0.01793422025129343,0.000172632245803106
216,1.0,test,source,mlp_stronger,mlp_base:C5:E2,mlp_base,mlp,5.0,2.0,1.9909995955023065,0.8726264386020485,0.8610083412522437,0.01161809734980479,0.0029468503182480364,0.008554004127137839,1163,0.022363303622574902,0.82981756843455,True,0.05,360,paired cluster influence sandwich; asymptotic Bonferroni bounds,-0.00016524126280215157,0.0002565726955972014,0.01152676591700974
216,1.0,test,source,mlp_stronger,mlp_base:C5:E8,mlp_base,mlp,5.0,8.0,7.998197999765249,0.8726264386020485,0.8711192059972548,0.0015072326047936846,0.001181402654141856,0.008204026340195951,1163,0.005815023581262223,0.8412045697679351,True,0.05,360,paired cluster influence sandwich; asymptotic Bonferroni bounds,-0.00016524126280215157,0.0002565726955972014,0.0014159011719986347
216,1.0,test,source,mlp_stronger,mlp_stronger:C1:E2,mlp_stronger,mlp,1.0,2.0,1.9948093103901194,0.8726264386020485,0.8524168514412417,0.020209587160806786,0.0037429757489735997,0.008852862992516973,1163,0.03385773421722348,0.8201363387969068,True,0.05,360,paired cluster influence sandwich; asymptotic Bonferroni bounds,1.1102230246251565e-16,0.018890824622532,0.001318762538274676
216,1.0,test,source,mlp_stronger,mlp_stronger:C1:E8,mlp_stronger,mlp,1.0,8.0,7.995742559457445,0.8726264386020485,0.8535793474817865,0.019047091120261928,0.0037262136535246883,0.008804818283750265,1163,0.03263411794534312,0.8214740219865297,True,0.05,360,paired cluster influence sandwich; asymptotic Bonferroni bounds,1.1102230246251565e-16,0.018890824622532,0.00015626649772981782
216,1.0,test,source,mlp_stronger,mlp_stronger:C5:E2,mlp_stronger,mlp,5.0,2.0,1.9948093103901194,0.8726264386020485,0.8536310843627917,0.0189953542392568,0.003068871618897664,0.008870728788301698,1163,0.03018549116799978,0.8212854270249021,True,0.05,360,paired cluster influence sandwich; asymptotic Bonferroni bounds,1.1102230246251565e-16,0.00020325203252025137,0.01879210220673644
216,1.0,test,source,mlp_stronger,mlp_stronger:C5:E8,mlp_stronger,mlp,5.0,8.0,7.995742559457445,0.8726264386020485,0.8703304825256044,0.002295956076444061,0.001018844827018846,0.008221407713276091,1163,0.006011006602923098,0.8403524679706557,True,0.05,360,paired cluster influence sandwich; asymptotic Bonferroni bounds,1.1102230246251565e-16,0.00020325203252025137,0.002092704043923699
216,1.0,test,source,mlp_stronger,logistic:C1:E2,logistic,logistic,1.0,2.0,1.9948093103901194,0.8726264386020485,0.8571101256467111,0.015516312955337397,0.0034745815549497897,0.008707658938288168,1163,0.028185804611667704,0.8253590757662871,True,0.05,360,paired cluster influence sandwich; asymptotic Bonferroni bounds,0.00195491500369549,0.013325942350332798,0.00023545560130910914
216,1.0,test,source,mlp_stronger,logistic:C1:E8,logistic,logistic,1.0,8.0,7.995742559457445,0.8726264386020485,0.8574786189420336,0.015147819660014883,0.0034348005280911455,0.008689725877779372,1163,0.02767225632773862,0.8257929590249463,True,0.05,360,paired cluster influence sandwich; asymptotic Bonferroni bounds,0.00195491500369549,0.013325942350332798,-0.00013303769401340482
216,1.0,test,source,mlp_stronger,logistic:C5:E2,logistic,logistic,5.0,2.0,1.9948093103901194,0.8726264386020485,0.8547064723893992,0.01791996621264924,0.0037716113751852126,0.008824855788036174,1163,0.03167252838254773,0.8225280834217935,True,0.05,360,paired cluster influence sandwich; asymptotic Bonferroni bounds,0.00195491500369549,0.0,0.01596505120895375
216,1.0,test,source,mlp_stronger,logistic:C5:E8,logistic,logistic,5.0,8.0,7.995742559457445,0.8726264386020485,0.8692936331960722,0.003332805405976247,0.0016179434752062241,0.008292245514066147,1163,0.009232370874611661,0.8390573202210494,True,0.05,360,paired cluster influence sandwich; asymptotic Bonferroni bounds,0.00195491500369549,0.0,0.001377890402280757
216,1.0,test,state_CO,mlp_stronger,mlp_base:C1:E2,mlp_base,mlp,1.0,2.0,1.9909995955023065,0.8489692048449404,0.8244881455691387,0.024481059275801687,0.004386623214301471,0.009170573100536922,1201,0.04047460857674884,0.7910524010713673,True,0.05,360,paired cluster influence sandwich; asymptotic Bonferroni bounds,-0.0005731560787370915,0.02221865591773231,0.0028355594368064674
216,1.0,test,state_CO,mlp_stronger,mlp_base:C1:E8,mlp_base,mlp,1.0,8.0,7.998197999765249,0.8489692048449404,0.8265275391074814,0.022441665737458982,0.0041861705305356114,0.009123216657664279,1201,0.03770436816059264,0.7932644553482324,True,0.05,360,paired cluster influence sandwich; asymptotic Bonferroni bounds,-0.0005731560787370915,0.02221865591773231,0.0007961658984637632
216,1.0,test,state_CO,mlp_stronger,mlp_base:C5:E2,mlp_base,mlp,5.0,2.0,1.9909995955023065,0.8489692048449404,0.8288670580106898,0.0201021468342506,0.004334230753546557,0.00915710549528499,1201,0.035904674166100936,0.795480416159314,True,0.05,360,paired cluster influence sandwich; asymptotic Bonferroni bounds,-0.0005731560787370915,0.0006294295846493991,0.020045873328338293
216,1.0,test,state_CO,mlp_stronger,mlp_base:C5:E8,mlp_base,mlp,5.0,8.0,7.998197999765249,0.8489692048449404,0.8466692858162629,0.002299919028677544,0.0017950804182692904,0.00860407180316769,1201,0.008844749930760499,0.8152989948543653,True,0.05,360,paired cluster influence sandwich; asymptotic Bonferroni bounds,-0.0005731560787370915,0.0006294295846493991,0.0022436455227652363
216,1.0,test,state_CO,mlp_stronger,mlp_stronger:C1:E2,mlp_stronger,mlp,1.0,2.0,1.9948093103901194,0.8489692048449404,0.8258136992639634,0.02315550558097701,0.004228295560843109,0.009123948130823291,1201,0.03857179510656121,0.7925479485667397,True,0.05,360,paired cluster influence sandwich; asymptotic Bonferroni bounds,0.0,0.02312528462409824,3.0220956878768135e-05
216,1.0,test,state_CO,mlp_stronger,mlp_stronger:C1:E8,mlp_stronger,mlp,1.0,8.0,7.995742559457445,0.8489692048449404,0.8261179930366748,0.02285121180826566,0.004157381308576162,0.009133034691490193,1201,0.0380089492462045,0.7928191129027745,True,0.05,360,paired cluster influence sandwich; asymptotic Bonferroni bounds,0.0,0.02312528462409824,-0.00027407281583258225
216,1.0,test,state_CO,mlp_stronger,mlp_stronger:C5:E2,mlp_stronger,mlp,5.0,2.0,1.9948093103901194,0.8489692048449404,0.8292151200657776,0.01975408477916285,0.0038996376486857736,0.00908788029031099,1201,0.03397209347130379,0.7960808720660117,True,0.05,360,paired cluster influence sandwich; asymptotic Bonferroni bounds,0.0,0.0007013346199818971,0.019052750159180953
216,1.0,test,state_CO,mlp_stronger,mlp_stronger:C5:E8,mlp_stronger,mlp,5.0,8.0,7.995742559457445,0.8489692048449404,0.8472101367341983,0.0017590681107421124,0.0012984640925582291,0.00856021574261578,1201,0.0064932448260191285,0.8159997441798721,True,0.05,360,paired cluster influence sandwich; asymptotic Bonferroni bounds,0.0,0.0007013346199818971,0.0010577334907602154
216,1.0,test,state_CO,mlp_stronger,logistic:C1:E2,logistic,logistic,1.0,2.0,1.9948093103901194,0.8489692048449404,0.8305438000664861,0.018425404778454335,0.0038834528256438097,0.009008999193185605,1201,0.032584403897034264,0.7976971511273541,True,0.05,360,paired cluster influence sandwich; asymptotic Bonferroni bounds,0.00329929480960256,0.01590872854181813,-0.0007826185729663537
216,1.0,test,state_CO,mlp_stronger,logistic:C1:E8,logistic,logistic,1.0,8.0,7.995742559457445,0.8489692048449404,0.8303332954702954,0.018635909374644988,0.0038345735671704477,0.009005993449523093,1201,0.03261669559642568,0.7974976054184679,True,0.05,360,paired cluster influence sandwich; asymptotic Bonferroni bounds,0.00329929480960256,0.01590872854181813,-0.0005721139767757011
216,1.0,test,state_CO,mlp_stronger,logistic:C5:E2,logistic,logistic,5.0,2.0,1.9948093103901194,0.8489692048449404,0.82664321242519,0.022325992419750418,0.0044264904543808705,0.009212385623562028,1201,0.038464896960605975,0.7930550202208959,True,0.05,360,paired cluster influence sandwich; asymptotic Bonferroni bounds,0.00329929480960256,0.0,0.019026697610147858
216,1.0,test,state_CO,mlp_stronger,logistic:C5:E8,logistic,logistic,5.0,8.0,7.995742559457445,0.8489692048449404,0.8446757447642192,0.004293460080721179,0.0018401573186815417,0.008657385606620499,1201,0.01100264055053696,0.8131110726343281,True,0.05,360,paired cluster influence sandwich; asymptotic Bonferroni bounds,0.00329929480960256,0.0,0.0009941652711186189
216,1.0,test,state_UT,mlp_stronger,mlp_base:C1:E2,mlp_base,mlp,1.0,2.0,1.9909995955023065,0.8873575205435494,0.8687055587333918,0.018651961810157602,0.00392794534718456,0.008337007596782721,1118,0.0329763392610987,0.838302273282061,True,0.05,360,paired cluster influence sandwich; asymptotic Bonferroni bounds,0.00032902232701326195,0.016622021941022358,0.0017009175421219824
216,1.0,test,state_UT,mlp_stronger,mlp_base:C1:E8,mlp_base,mlp,1.0,8.0,7.998197999765249,0.8873575205435494,0.8699170119657167,0.017440508577832747,0.0038129193411657963,0.008282899351802457,1118,0.031345410760853426,0.8397110477232619,True,0.05,360,paired cluster influence sandwich; asymptotic Bonferroni bounds,0.00032902232701326195,0.016622021941022358,0.0004894643097971274
216,1.0,test,state_UT,mlp_stronger,mlp_base:C5:E2,mlp_base,mlp,5.0,2.0,1.9909995955023065,0.8873575205435494,0.8717597695216037,0.015597751021945716,0.0034519132693565024,0.008232556969782109,1118,0.028186141192296864,0.8417373931904104,True,0.05,360,paired cluster influence sandwich; asymptotic Bonferroni bounds,0.00032902232701326195,-9.533509121950612e-05,0.01536406378615196
216,1.0,test,state_UT,mlp_stronger,mlp_base:C5:E8,mlp_base,mlp,5.0,8.0,7.998197999765249,0.8873575205435494,0.8858205328534026,0.0015369876901468738,0.0013002382980824357,0.007572083958756452,1118,0.0062786789591590605,0.8582067604792047,True,0.05,360,paired cluster influence sandwich; asymptotic Bonferroni bounds,0.00032902232701326195,-9.533509121950612e-05,0.001303300454353118
216,1.0,test,state_UT,mlp_stronger,mlp_stronger:C1:E2,mlp_stronger,mlp,1.0,2.0,1.9948093103901194,0.8873575205435494,0.8686520780724639,0.01870544247108552,0.003836809890242308,0.008326118150245487,1118,0.032697468382222095,0.8382885041060556,True,0.05,360,paired cluster influence sandwich; asymptotic Bonferroni bounds,-1.1102230246251565e-16,0.016573191772349172,0.0021322506987364598
216,1.0,test,state_UT,mlp_stronger,mlp_stronger:C1:E8,mlp_stronger,mlp,1.0,8.0,7.995742559457445,0.8873575205435494,0.8704396110328277,0.016917909510721696,0.003798842421652939,0.008231790248446155,1118,0.030771476175901424,0.8404200307705317,True,0.05,360,paired cluster influence sandwich; asymptotic Bonferroni bounds,-1.1102230246251565e-16,0.016573191772349172,0.0003447177383726352
216,1.0,test,state_UT,mlp_stronger,mlp_stronger:C5:E2,mlp_stronger,mlp,5.0,2.0,1.9948093103901194,0.8873575205435494,0.8645294166887566,0.022828103854792836,0.003235773445173884,0.008449469482658522,1118,0.034628278265983525,0.8337160067678263,True,0.05,360,paired cluster influence sandwich; asymptotic Bonferroni bounds,-1.1102230246251565e-16,-0.00010928656798325775,0.022937390422776205
216,1.0,test,state_UT,mlp_stronger,mlp_stronger:C5:E8,mlp_stronger,mlp,5.0,8.0,7.995742559457445,0.8873575205435494,0.8851357478689119,0.0022217726746375233,0.0010177126582527143,0.0076537328053370435,1118,0.005933153298571529,0.8572242195960246,True,0.05,360,paired cluster influence sandwich; asymptotic Bonferroni bounds,-1.1102230246251565e-16,-0.00010928656798325775,0.002331059242620892
216,1.0,test,state_UT,mlp_stronger,logistic:C1:E2,logistic,logistic,1.0,2.0,1.9948093103901194,0.8873575205435494,0.8770078500309257,0.010349670512623699,0.003498724655303968,0.007987439537954983,1118,0.023108771805978076,0.8478793646027242,True,0.05,360,paired cluster influence sandwich; asymptotic Bonferroni bounds,0.0025949746780694616,0.011343713232045749,-0.003589017397491512
216,1.0,test,state_UT,mlp_stronger,logistic:C1:E8,logistic,logistic,1.0,8.0,7.995742559457445,0.8873575205435494,0.8747814268640337,0.012576093679515732,0.003534001956750024,0.00809151530145927,1118,0.02546384375402643,0.8452733993627738,True,0.05,360,paired cluster influence sandwich; asymptotic Bonferroni bounds,0.0025949746780694616,0.011343713232045749,-0.0013625942305994787
216,1.0,test,state_UT,mlp_stronger,logistic:C5:E2,logistic,logistic,5.0,2.0,1.9948093103901194,0.8873575205435494,0.8761882007710518,0.011169319772497688,0.0036026620488204086,0.007876199313792324,1118,0.024307458533128344,0.8474653846731974,True,0.05,360,paired cluster influence sandwich; asymptotic Bonferroni bounds,0.0025949746780694616,0.0,0.008574345094428226
216,1.0,test,state_UT,mlp_stronger,logistic:C5:E8,logistic,logistic,5.0,8.0,7.995742559457445,0.8873575205435494,0.8859751617208682,0.001382358822681229,0.001541828436410798,0.007550693593382865,1118,0.0070050777089236335,0.8584393954390017,True,0.05,360,paired cluster influence sandwich; asymptotic Bonferroni bounds,0.0025949746780694616,0.0,-0.0012126158553882327
217,1.0,validation,source,mlp_stronger,mlp_base:C1:E2,mlp_base,mlp,1.0,2.0,1.9909995955023065,0.8748843807842718,0.8489051535709254,0.025979227213346334,0.003857375237367502,0.008726325642993664,1150,0.04004500111171476,0.8170849349235817,True,0.05,360,paired cluster influence sandwich; asymptotic Bonferroni bounds,,,
217,1.0,validation,source,mlp_stronger,mlp_base:C1:E8,mlp_base,mlp,1.0,8.0,7.998197999765249,0.8748843807842718,0.8492516139012175,0.02563276688305427,0.003771543796751734,0.008711081347262277,1150,0.03938555965752858,0.8174869830055969,True,0.05,360,paired cluster influence sandwich; asymptotic Bonferroni bounds,,,
217,1.0,validation,source,mlp_stronger,mlp_base:C5:E2,mlp_base,mlp,5.0,2.0,1.9909995955023065,0.8748843807842718,0.8607939345073429,0.014090446276928903,0.0031750966513916525,0.008528451075693217,1150,0.025668316941754456,0.8296952580363794,True,0.05,360,paired cluster influence sandwich; asymptotic Bonferroni bounds,,,
217,1.0,validation,source,mlp_stronger,mlp_base:C5:E8,mlp_base,mlp,5.0,8.0,7.998197999765249,0.8748843807842718,0.8709737230499953,0.003910657734276457,0.0012979086115902246,0.008130000733289474,1150,0.008643432729698579,0.8413279807845729,True,0.05,360,paired cluster influence sandwich; asymptotic Bonferroni bounds,,,
217,1.0,validation,source,mlp_stronger,mlp_stronger:C1:E2,mlp_stronger,mlp,1.0,2.0,1.9948093103901194,0.8748843807842718,0.8482800416600006,0.02660433912427118,0.003720544784229775,0.008749190478990766,1150,0.040171165915393686,0.8163764472471251,True,0.05,360,paired cluster influence sandwich; asymptotic Bonferroni bounds,,,
217,1.0,validation,source,mlp_stronger,mlp_stronger:C1:E8,mlp_stronger,mlp,1.0,8.0,7.995742559457445,0.8748843807842718,0.8507147995774668,0.024169581206805013,0.0035754467045206236,0.008687176762575407,1150,0.037207313300967416,0.8190373358519162,True,0.05,360,paired cluster influence sandwich; asymptotic Bonferroni bounds,,,
217,1.0,validation,source,mlp_stronger,mlp_stronger:C5:E2,mlp_stronger,mlp,5.0,2.0,1.9948093103901194,0.8748843807842718,0.8612029060287276,0.013681474755544154,0.002702205763509812,0.008498280065887768,1150,0.023534966562147947,0.830214247011627,True,0.05,360,paired cluster influence sandwich; asymptotic Bonferroni bounds,,,
217,1.0,validation,source,mlp_stronger,mlp_stronger:C5:E8,mlp_stronger,mlp,5.0,8.0,7.995742559457445,0.8748843807842718,0.8717937851161913,0.0030905956680804536,0.0009382388997784759,0.008106839409013949,1150,0.006511848570596735,0.8422324997496702,True,0.05,360,paired cluster influence sandwich; asymptotic Bonferroni bounds,,,
217,1.0,validation,source,mlp_stronger,logistic:C1:E2,logistic,logistic,1.0,2.0,1.9948093103901194,0.8748843807842718,0.853466351497249,0.021418029287022744,0.003392661849223803,0.008616948280252515,1150,0.0337892432727717,0.8220449732943125,True,0.05,360,paired cluster influence sandwich; asymptotic Bonferroni bounds,,,
217,1.0,validation,source,mlp_stronger,logistic:C1:E8,logistic,logistic,1.0,8.0,7.995742559457445,0.8748843807842718,0.8538340020618098,0.02105037872246196,0.003333329598851548,0.008605304974467747,1150,0.033205239886081254,0.8224550807360294,True,0.05,360,paired cluster influence sandwich; asymptotic Bonferroni bounds,,,
217,1.0,validation,source,mlp_stronger,logistic:C5:E2,logistic,logistic,5.0,2.0,1.9948093103901194,0.8748843807842718,0.8580074187010175,0.016876962083254288,0.003350327180543116,0.008540632525503132,1150,0.029093804289987195,0.8268643230309259,True,0.05,360,paired cluster influence sandwich; asymptotic Bonferroni bounds,,,
217,1.0,validation,source,mlp_stronger,logistic:C5:E8,logistic,logistic,5.0,8.0,7.995742559457445,0.8748843807842718,0.8687116655418182,0.0061727152424535525,0.0016071903352229413,0.008191254073401889,1150,0.012033274424742689,0.8388425652726956,True,0.05,360,paired cluster influence sandwich; asymptotic Bonferroni bounds,,,
217,1.0,validation,state_OR,mlp_stronger,mlp_base:C1:E2,mlp_base,mlp,1.0,2.0,1.9909995955023065,0.8633377791651297,0.8270824938278613,0.036255285337268406,0.004840747901035915,0.009593731296405856,1212,0.053904089214275384,0.7921048652546532,True,0.05,360,paired cluster influence sandwich; asymptotic Bonferroni bounds,,,
217,1.0,validation,state_OR,mlp_stronger,mlp_base:C1:E8,mlp_base,mlp,1.0,8.0,7.998197999765249,0.8633377791651297,0.8277680978461363,0.03556968131899341,0.004805022328066291,0.009584676469768452,1212,0.05308823391177225,0.7928234821177883,True,0.05,360,paired cluster influence sandwich; asymptotic Bonferroni bounds,,,
217,1.0,validation,state_OR,mlp_stronger,mlp_base:C5:E2,mlp_base,mlp,5.0,2.0,1.9909995955023065,0.8633377791651297,0.8363858225261784,0.026951956638951224,0.00394748425808222,0.009502251163609764,1212,0.04134402515868482,0.801741719878172,True,0.05,360,paired cluster influence sandwich; asymptotic Bonferroni bounds,,,
217,1.0,validation,state_OR,mlp_stronger,mlp_base:C5:E8,mlp_base,mlp,5.0,8.0,7.998197999765249,0.8633377791651297,0.8580686171571271,0.005269162008002537,0.0014895686515331698,0.008756417132939986,1212,0.01069995607736955,0.8261437386458025,True,0.05,360,paired cluster influence sandwich; asymptotic Bonferroni bounds,,,
217,1.0,validation,state_OR,mlp_stronger,mlp_stronger:C1:E2,mlp_stronger,mlp,1.0,2.0,1.9948093103901194,0.8633377791651297,0.8273617299015297,0.035976049263599985,0.004759188341557667,0.00958709521617454,1212,0.053327496471977584,0.7924082957050809,True,0.05,360,paired cluster influence sandwich; asymptotic Bonferroni bounds,,,
217,1.0,validation,state_OR,mlp_stronger,mlp_stronger:C1:E8,mlp_stronger,mlp,1.0,8.0,7.995742559457445,0.8633377791651297,0.8299554470898721,0.03338233207525754,0.004607288156726188,0.009520880136467314,1212,0.050179968875454575,0.7952434253733427,True,0.05,360,paired cluster influence sandwich; asymptotic Bonferroni bounds,,,
217,1.0,validation,state_OR,mlp_stronger,mlp_stronger:C5:E2,mlp_stronger,mlp,5.0,2.0,1.9948093103901194,0.8633377791651297,0.8497165072788672,0.013621271886262498,0.0027636653652277957,0.009001412153069566,1212,0.02369727439863137,0.816898405416625,True,0.05,360,paired cluster influence sandwich; asymptotic Bonferroni bounds,,,
217,1.0,validation,state_OR,mlp_stronger,mlp_stronger:C5:E8,mlp_stronger,mlp,5.0,8.0,7.995742559457445,0.8633377791651297,0.8599551633133743,0.003382615851755366,0.0009336678640580331,0.008708700692148292,1212,0.006786660300237788,0.8282042533958409,True,0.05,360,paired cluster influence sandwich; asymptotic Bonferroni bounds,,,
217,1.0,validation,state_OR,mlp_stronger,logistic:C1:E2,logistic,logistic,1.0,2.0,1.9948093103901194,0.8633377791651297,0.8334129799370017,0.029924799228127963,0.004317481202435208,0.009478619542479092,1212,0.04566583357700138,0.7988550354313232,True,0.05,360,paired cluster influence sandwich; asymptotic Bonferroni bounds,,,
217,1.0,validation,state_OR,mlp_stronger,logistic:C1:E8,logistic,logistic,1.0,8.0,7.995742559457445,0.8633377791651297,0.8344300349045091,0.028907744260620594,0.004244474029148276,0.009425605792013668,1212,0.044382602946291226,0.8000653723676248,True,0.05,360,paired cluster influence sandwich; asymptotic Bonferroni bounds,,,
217,1.0,validation,state_OR,mlp_stronger,logistic:C5:E2,logistic,logistic,5.0,2.0,1.9948093103901194,0.8633377791651297,0.8377207071710322,0.025617071994097462,0.003992344173960728,0.009434388405508892,1212,0.040172694549997535,0.8033240242467463,True,0.05,360,paired cluster influence sandwich; asymptotic Bonferroni bounds,,,
217,1.0,validation,state_OR,mlp_stronger,logistic:C5:E8,logistic,logistic,5.0,8.0,7.995742559457445,0.8633377791651297,0.854695082153296,0.008642697011833622,0.0019198389419892582,0.008900669820454737,1212,0.015642206520551913,0.8222442751196176,True,0.05,360,paired cluster influence sandwich; asymptotic Bonferroni bounds,,,
217,1.0,validation,state_WA,mlp_stronger,mlp_base:C1:E2,mlp_base,mlp,1.0,2.0,1.9909995955023065,0.8389567233700334,0.8039631121942856,0.03499361117574773,0.0044573580749996955,0.010075678533629909,1200,0.05124509873939789,0.7672272786288761,True,0.05,360,paired cluster influence sandwich; asymptotic Bonferroni bounds,,,
217,1.0,validation,state_WA,mlp_stronger,mlp_base:C1:E8,mlp_base,mlp,1.0,8.0,7.998197999765249,0.8389567233700334,0.8055654211521112,0.03339130221792219,0.004389106979864731,0.010055363760971082,1200,0.04939394690085058,0.7689036550656135,True,0.05,360,paired cluster influence sandwich; asymptotic Bonferroni bounds,,,
217,1.0,validation,state_WA,mlp_stronger,mlp_base:C5:E2,mlp_base,mlp,5.0,2.0,1.9909995955023065,0.8389567233700334,0.8157661077976314,0.023190615572401985,0.0037597860795283845,0.009743618733604945,1200,0.0368987618970485,0.7802409612848867,True,0.05,360,paired cluster influence sandwich; asymptotic Bonferroni bounds,,,
217,1.0,validation,state_WA,mlp_stronger,mlp_base:C5:E8,mlp_base,mlp,5.0,8.0,7.998197999765249,0.8389567233700334,0.8329904188047796,0.0059663045652537106,0.0014816842019201297,0.009489453662329445,1200,0.011368511876310619,0.798391955862313,True,0.05,360,paired cluster influence sandwich; asymptotic Bonferroni bounds,,,
217,1.0,validation,state_WA,mlp_stronger,mlp_stronger:C1:E2,mlp_stronger,mlp,1.0,2.0,1.9948093103901194,0.8389567233700334,0.8067707248968194,0.032185998473213906,0.004255464463649604,0.01006768681323905,1200,0.0477013837406543,0.7700640290722776,True,0.05,360,paired cluster influence sandwich; asymptotic Bonferroni bounds,,,
217,1.0,validation,state_WA,mlp_stronger,mlp_stronger:C1:E8,mlp_stronger,mlp,1.0,8.0,7.995742559457445,0.8389567233700334,0.8073442902689839,0.03161243310104944,0.00411708242243022,0.010112243128891344,1200,0.04662327868734486,0.770475142517197,True,0.05,360,paired cluster influence sandwich; asymptotic Bonferroni bounds,,,
217,1.0,validation,state_WA,mlp_stronger,mlp_stronger:C5:E2,mlp_stronger,mlp,5.0,2.0,1.9948093103901194,0.8389567233700334,0.8283406610902232,0.010616062279810157,0.003462603247474815,0.009374612805274256,1200,0.023240682664205786,0.7941609068825785,True,0.05,360,paired cluster influence sandwich; asymptotic Bonferroni bounds,,,
217,1.0,validation,state_WA,mlp_stronger,mlp_stronger:C5:E8,mlp_stronger,mlp,5.0,8.0,7.995742559457445,0.8389567233700334,0.8366655236182381,0.0022911997517952587,0.001095638257136088,0.009396770039508222,1200,0.0062858870105943375,0.8024049843333033,True,0.05,360,paired cluster influence sandwich; asymptotic Bonferroni bounds,,,
217,1.0,validation,state_WA,mlp_stronger,logistic:C1:E2,logistic,logistic,1.0,2.0,1.9948093103901194,0.8389567233700334,0.808295469854139,0.030661253515894327,0.004028158198677947,0.010036813575552661,1200,0.04534788217994541,0.7717013375773014,True,0.05,360,paired cluster influence sandwich; asymptotic Bonferroni bounds,,,
217,1.0,validation,state_WA,mlp_stronger,logistic:C1:E8,logistic,logistic,1.0,8.0,7.995742559457445,0.8389567233700334,0.8106734188170266,0.02828330455300676,0.003932520519480671,0.00998388939008065,1200,0.04262123909647365,0.7742722476457459,True,0.05,360,paired cluster influence sandwich; asymptotic Bonferroni bounds,,,
217,1.0,validation,state_WA,mlp_stronger,logistic:C5:E2,logistic,logistic,5.0,2.0,1.9948093103901194,0.8389567233700334,0.80566645846856,0.033290264901473354,0.004163791201453249,0.010095555802471842,1200,0.04847141027715827,0.7688581525592308,True,0.05,360,paired cluster influence sandwich; asymptotic Bonferroni bounds,,,
217,1.0,validation,state_WA,mlp_stronger,logistic:C5:E8,logistic,logistic,5.0,8.0,7.995742559457445,0.8389567233700334,0.8271853657142624,0.011771357655770975,0.0019449148473406788,0.009649156701194062,1200,0.018862499745341096,0.792004626924463,True,0.05,360,paired cluster influence sandwich; asymptotic Bonferroni bounds,,,
217,1.0,validation,proxy_0.5,mlp_stronger,mlp_base:C1:E2,mlp_base,mlp,1.0,2.0,1.9909995955023065,0.8588952895168732,0.8284703511539672,0.03042493836290605,0.004279749887066276,0.00953798408166784,1150,0.04603088555463549,0.7936904505004505,True,0.05,360,paired cluster influence sandwich; asymptotic Bonferroni bounds,,,
217,1.0,validation,proxy_0.5,mlp_stronger,mlp_base:C1:E8,mlp_base,mlp,1.0,8.0,7.998197999765249,0.8588952895168732,0.8286006710947194,0.030294618422153863,0.00423665015309414,0.009545485255965014,1150,0.04574340405302214,0.7937934176909143,True,0.05,360,paired cluster influence sandwich; asymptotic Bonferroni bounds,,,
217,1.0,validation,proxy_0.5,mlp_stronger,mlp_base:C5:E2,mlp_base,mlp,5.0,2.0,1.9909995955023065,0.8588952895168732,0.8504552192076761,0.008440070309197134,0.0035824411416661363,0.00892263409086089,1150,0.021503307355660285,0.817919169179633,True,0.05,360,paired cluster influence sandwich; asymptotic Bonferroni bounds,,,
217,1.0,validation,proxy_0.5,mlp_stronger,mlp_base:C5:E8,mlp_base,mlp,5.0,8.0,7.998197999765249,0.8588952895168732,0.8569235382181767,0.0019717512986965335,0.0014402434560070428,0.008728524602541112,1150,0.007223544957387913,0.8250953011474484,True,0.05,360,paired cluster influence sandwich; asymptotic Bonferroni bounds,,,
217,1.0,validation,proxy_0.5,mlp_stronger,mlp_stronger:C1:E2,mlp_stronger,mlp,1.0,2.0,1.9948093103901194,0.8588952895168732,0.8243340174247297,0.03456127209214355,0.004182058106287088,0.00965370336392598,1150,0.04981098987511399,0.7891321507555252,True,0.05,360,paired cluster influence sandwich; asymptotic Bonferroni bounds,,,
217,1.0,validation,proxy_0.5,mlp_stronger,mlp_stronger:C1:E8,mlp_stronger,mlp,1.0,8.0,7.995742559457445,0.8588952895168732,0.8289831548232681,0.029912134693605097,0.004019599667002164,0.009557243547293145,1150,0.04456945388057505,0.7941330252518425,True,0.05,360,paired cluster influence sandwich; asymptotic Bonferroni bounds,,,
217,1.0,validation,proxy_0.5,mlp_stronger,mlp_stronger:C5:E2,mlp_stronger,mlp,5.0,2.0,1.9948093103901194,0.8588952895168732,0.8341662861253764,0.024729003391496862,0.003194612341574101,0.009377009400346739,1150,0.036378037287453716,0.7999733736001834,True,0.05,360,paired cluster influence sandwich; asymptotic Bonferroni bounds,,,
217,1.0,validation,proxy_0.5,mlp_stronger,mlp_stronger:C5:E8,mlp_stronger,mlp,5.0,8.0,7.995742559457445,0.8588952895168732,0.8511078784231498,0.007787411093723384,0.0011831033312689374,0.00892053868726377,1150,0.012101552947185462,0.8185794692056085,True,0.05,360,paired cluster influence sandwich; asymptotic Bonferroni bounds,,,
217,1.0,validation,proxy_0.5,mlp_stronger,logistic:C1:E2,logistic,logistic,1.0,2.0,1.9948093103901194,0.8588952895168732,0.833230737282416,0.025664552234457183,0.0037847282052475045,0.009468362651110483,1150,0.03946542145923084,0.7987047085600546,True,0.05,360,paired cluster influence sandwich; asymptotic Bonferroni bounds,,,
217,1.0,validation,proxy_0.5,mlp_stronger,logistic:C1:E8,logistic,logistic,1.0,8.0,7.995742559457445,0.8588952895168732,0.8324477581261899,0.026447531390683343,0.0037380590700691178,0.009484591574403437,1150,0.04007822336718401,0.7978625512446902,True,0.05,360,paired cluster influence sandwich; asymptotic Bonferroni bounds,,,
217,1.0,validation,proxy_0.5,mlp_stronger,logistic:C5:E2,logistic,logistic,5.0,2.0,1.9948093103901194,0.8588952895168732,0.8460423529212328,0.012852936595640463,0.00370280196149083,0.009117627995480878,1150,0.026355064850165543,0.8127952649450598,True,0.05,360,paired cluster influence sandwich; asymptotic Bonferroni bounds,,,
217,1.0,validation,proxy_0.5,mlp_stronger,logistic:C5:E8,logistic,logistic,5.0,8.0,7.995742559457445,0.8588952895168732,0.8538297640149559,0.005065525501917301,0.0017755147837275702,0.008877354191300424,1150,0.011539873462466307,0.8214588254396926,True,0.05,360,paired cluster influence sandwich; asymptotic Bonferroni bounds,,,
217,1.0,validation,proxy_0.75,mlp_stronger,mlp_base:C1:E2,mlp_base,mlp,1.0,2.0,1.9909995955023065,0.8650722428061803,0.8386628538371806,0.026409388968999692,0.004035674634003455,0.009142161317337746,1150,0.04112532491927375,0.8053263060244661,True,0.05,360,paired cluster influence sandwich; asymptotic Bonferroni bounds,,,
217,1.0,validation,proxy_0.75,mlp_stronger,mlp_base:C1:E8,mlp_base,mlp,1.0,8.0,7.998197999765249,0.8650722428061803,0.8390813609639861,0.025990881842194224,0.003975018587525129,0.009135495505931427,1150,0.04048563779756706,0.8057691197821594,True,0.05,360,paired cluster influence sandwich; asymptotic Bonferroni bounds,,,
217,1.0,validation,proxy_0.75,mlp_stronger,mlp_base:C5:E2,mlp_base,mlp,5.0,2.0,1.9909995955023065,0.8650722428061803,0.8547790865101909,0.01029315629598948,0.003368373729584799,0.008743354865264915,1150,0.02257580456587308,0.8228967714435483,True,0.05,360,paired cluster influence sandwich; asymptotic Bonferroni bounds,,,
217,1.0,validation,proxy_0.75,mlp_stronger,mlp_base:C5:E8,mlp_base,mlp,5.0,8.0,7.998197999765249,0.8650722428061803,0.8625982829553172,0.0024739598508631833,0.0013590429725749019,0.008479021627735929,1150,0.007429658997065761,0.8316798491094821,True,0.05,360,paired cluster influence sandwich; asymptotic Bonferroni bounds,,,
217,1.0,validation,proxy_0.75,mlp_stronger,mlp_stronger:C1:E2,mlp_stronger,mlp,1.0,2.0,1.9948093103901194,0.8650722428061803,0.8357301254144016,0.02934211739177872,0.003912194517046727,0.009216978402217505,1150,0.04360778773417722,0.8021207599122232,True,0.05,360,paired cluster influence sandwich; asymptotic Bonferroni bounds,,,
217,1.0,validation,proxy_0.75,mlp_stronger,mlp_stronger:C1:E8,mlp_stronger,mlp,1.0,8.0,7.995742559457445,0.8650722428061803,0.8393960359428753,0.025676206863305073,0.003762134710269632,0.009141592693131114,1150,0.039394689757380565,0.8060615615969695,True,0.05,360,paired cluster influence sandwich; asymptotic Bonferroni bounds,,,
217,1.0,validation,proxy_0.75,mlp_stronger,mlp_stronger:C5:E2,mlp_stronger,mlp,5.0,2.0,1.9948093103901194,0.8650722428061803,0.842980364069415,0.022091878736765325,0.0030510992452214055,0.009065519919994186,1150,0.03321759751803051,0.8099232862330321,True,0.05,360,paired cluster influence sandwich; asymptotic Bonferroni bounds,,,
217,1.0,validation,proxy_0.75,mlp_stronger,mlp_stronger:C5:E8,mlp_stronger,mlp,5.0,8.0,7.995742559457445,0.8650722428061803,0.85886032563033,0.0062119171758503455,0.0010977080180258542,0.008601559190878506,1150,0.010214668227499403,0.827495063163695,True,0.05,360,paired cluster influence sandwich; asymptotic Bonferroni bounds,,,
217,1.0,validation,proxy_0.75,mlp_stronger,logistic:C1:E2,logistic,logistic,1.0,2.0,1.9948093103901194,0.8650722428061803,0.8427176051644838,0.02235463764169654,0.0035681814984414736,0.009072300175075702,1150,0.03536587743481329,0.8096358033826507,True,0.05,360,paired cluster influence sandwich; asymptotic Bonferroni bounds,,,
217,1.0,validation,proxy_0.75,mlp_stronger,logistic:C1:E8,logistic,logistic,1.0,8.0,7.995742559457445,0.8650722428061803,0.8425004052632304,0.02257183754294989,0.0035027893676528197,0.009078116675071088,1150,0.035344627387641755,0.8093973938326646,True,0.05,360,paired cluster influence sandwich; asymptotic Bonferroni bounds,,,
217,1.0,validation,proxy_0.75,mlp_stronger,logistic:C5:E2,logistic,logistic,5.0,2.0,1.9948093103901194,0.8650722428061803,0.8515539328545046,0.013518309951675689,0.0035923642147436567,0.008828196634164327,1150,0.026617731111349623,0.819362245464704,True,0.05,360,paired cluster influence sandwich; asymptotic Bonferroni bounds,,,
217,1.0,validation,proxy_0.75,mlp_stronger,logistic:C5:E8,logistic,logistic,5.0,8.0,7.995742559457445,0.8650722428061803,0.8603754273805375,0.00469681542564282,0.0017106600907065993,0.008572679419233132,1150,0.010934673184397604,0.8291154739163209,True,0.05,360,paired cluster influence sandwich; asymptotic Bonferroni bounds,,,
217,1.0,test,source,mlp_stronger,mlp_base:C1:E2,mlp_base,mlp,1.0,2.0,1.9909995955023065,0.8859472718834944,0.8614363692041533,0.024510902679341084,0.0038230914763157714,0.008228578197030522,1151,0.03845162454650066,0.8314312488146403,True,0.05,360,paired cluster influence sandwich; asymptotic Bonferroni bounds,0.0015911250580098457,0.02229364044572546,0.0006261371756057788
217,1.0,test,source,mlp_stronger,mlp_base:C1:E8,mlp_base,mlp,1.0,8.0,7.998197999765249,0.8859472718834944,0.8619793722001408,0.023967899683353666,0.003776879611063185,0.008215875433084645,1151,0.037740112174151214,0.8320205718372895,True,0.05,360,paired cluster influence sandwich; asymptotic Bonferroni bounds,0.0015911250580098457,0.02229364044572546,8.313417961836045e-05
217,1.0,test,source,mlp_stronger,mlp_base:C5:E2,mlp_base,mlp,5.0,2.0,1.9909995955023065,0.8859472718834944,0.8738012630081313,0.012146008875363101,0.003071038331698063,0.007750039733138047,1151,0.023344404595374985,0.845541110446145,True,0.05,360,paired cluster influence sandwich; asymptotic Bonferroni bounds,0.0015911250580098457,0.000492491089384095,0.01006239272796916
217,1.0,test,source,mlp_stronger,mlp_base:C5:E8,mlp_base,mlp,5.0,8.0,7.998197999765249,0.8859472718834944,0.8823219902533067,0.0036252816301877155,0.0012448163935605213,0.007535869119795053,1151,0.00816444560934293,0.8548428006819342,True,0.05,360,paired cluster influence sandwich; asymptotic Bonferroni bounds,0.0015911250580098457,0.000492491089384095,0.0015416654827937748
217,1.0,test,source,mlp_stronger,mlp_stronger:C1:E2,mlp_stronger,mlp,1.0,2.0,1.9948093103901194,0.8859472718834944,0.8599715239126522,0.025975747970842233,0.00380413247575518,0.008277142650312026,1151,0.039847336741048234,0.8297893155460342,True,0.05,360,paired cluster influence sandwich; asymptotic Bonferroni bounds,2.220446049250313e-16,0.022752456930706932,0.003223291040135079
217,1.0,test,source,mlp_stronger,mlp_stronger:C1:E8,mlp_stronger,mlp,1.0,8.0,7.995742559457445,0.8859472718834944,0.8623150659127765,0.023632205970717912,0.0036562079910007965,0.008207497808908785,1151,0.03696439511837263,0.8323868141594124,True,0.05,360,paired cluster influence sandwich; asymptotic Bonferroni bounds,2.220446049250313e-16,0.022752456930706932,0.0008797490400107577
217,1.0,test,source,mlp_stronger,mlp_stronger:C5:E2,mlp_stronger,mlp,5.0,2.0,1.9948093103901194,0.8859472718834944,0.8729951771652508,0.012952094718243656,0.0026326928640486393,0.007852336759794229,1151,0.02255208446652098,0.8443620033440856,True,0.05,360,paired cluster influence sandwich; asymptotic Bonferroni bounds,2.220446049250313e-16,0.0005335320134993715,0.012418562704744063
217,1.0,test,source,mlp_stronger,mlp_stronger:C5:E8,mlp_stronger,mlp,5.0,8.0,7.995742559457445,0.8859472718834944,0.8835384853373406,0.0024087865461538405,0.0009353944849587141,0.007473219841917135,1151,0.00581965820111378,0.8562877433883922,True,0.05,360,paired cluster influence sandwich; asymptotic Bonferroni bounds,2.220446049250313e-16,0.0005335320134993715,0.001875254532654247
217,1.0,test,source,mlp_stronger,logistic:C1:E2,logistic,logistic,1.0,2.0,1.9948093103901194,0.8859472718834944,0.8646417706106995,0.021305501272794958,0.0035652736915023028,0.00821257563716848,1151,0.03430610280729763,0.8346950027972577,True,0.05,360,paired cluster influence sandwich; asymptotic Bonferroni bounds,0.0032548609817620866,0.016458462901635662,0.001592177389397209
217,1.0,test,source,mlp_stronger,logistic:C1:E8,logistic,logistic,1.0,8.0,7.995742559457445,0.8859472718834944,0.8659003589502365,0.020046912933257888,0.003468133193243045,0.008147074151855347,1151,0.032693296244979596,0.8361924391984468,True,0.05,360,paired cluster influence sandwich; asymptotic Bonferroni bounds,0.0032548609817620866,0.016458462901635662,0.00033358904986013904
217,1.0,test,source,mlp_stronger,logistic:C5:E2,logistic,logistic,5.0,2.0,1.9948093103901194,0.8859472718834944,0.8664191583243097,0.019528113559184712,0.003423044935120946,0.008245154358733207,1151,0.032010084674690645,0.8363535937468002,True,0.05,360,paired cluster influence sandwich; asymptotic Bonferroni bounds,0.0032548609817620866,0.0,0.016273252577422626
217,1.0,test,source,mlp_stronger,logistic:C5:E8,logistic,logistic,5.0,8.0,7.995742559457445,0.8859472718834944,0.8800805243977772,0.00586674748571725,0.0017132843857618795,0.007679857409447447,1151,0.012114157794682858,0.8520762883527309,True,0.05,360,paired cluster influence sandwich; asymptotic Bonferroni bounds,0.0032548609817620866,0.0,0.002611886503955163
217,1.0,test,state_CO,mlp_stronger,mlp_base:C1:E2,mlp_base,mlp,1.0,2.0,1.9909995955023065,0.8299700146189115,0.8070189464416242,0.022951068177287315,0.0049484441424280014,0.009784893541002999,1193,0.04099336590556804,0.7713426899405889,True,0.05,360,paired cluster influence sandwich; asymptotic Bonferroni bounds,0.0022395591069173104,0.018537361286464216,0.0021741477839057888
217,1.0,test,state_CO,mlp_stronger,mlp_base:C1:E8,mlp_base,mlp,1.0,8.0,7.998197999765249,0.8299700146189115,0.8085945287062263,0.021375485912685233,0.004869042461598768,0.00975305244139163,1193,0.03912828077412264,0.7730343665941846,True,0.05,360,paired cluster influence sandwich; asymptotic Bonferroni bounds,0.0022395591069173104,0.018537361286464216,0.0005985655193037065
217,1.0,test,state_CO,mlp_stronger,mlp_base:C5:E2,mlp_base,mlp,5.0,2.0,1.9909995955023065,0.8299700146189115,0.8121199913615522,0.017850023257359293,0.003700602790085178,0.009617635355885775,1193,0.031342623232442184,0.7770535673425092,True,0.05,360,paired cluster influence sandwich; asymptotic Bonferroni bounds,0.0022395591069173104,0.00012874609608615195,0.01548171805435583
217,1.0,test,state_CO,mlp_stronger,mlp_base:C5:E8,mlp_base,mlp,5.0,8.0,7.998197999765249,0.8299700146189115,0.82542237025716,0.0045476443617514795,0.0015262799700530589,0.009302537146866685,1193,0.010112544529119458,0.7915048115252941,True,0.05,360,paired cluster influence sandwich; asymptotic Bonferroni bounds,0.0022395591069173104,0.00012874609608615195,0.002179339158748017
217,1.0,test,state_CO,mlp_stronger,mlp_stronger:C1:E2,mlp_stronger,mlp,1.0,2.0,1.9948093103901194,0.8299700146189115,0.8082005033557047,0.02176951126320681,0.0047364878640465706,0.009709685779566057,1193,0.03903900481913211,0.7727984584622509,True,0.05,360,paired cluster influence sandwich; asymptotic Bonferroni bounds,0.0,0.018641188783307783,0.003128322479899026
217,1.0,test,state_CO,mlp_stronger,mlp_stronger:C1:E8,mlp_stronger,mlp,1.0,8.0,7.995742559457445,0.8299700146189115,0.8103570004651471,0.019613014153764374,0.0046724626147236145,0.009703095748907379,1193,0.03664906815229267,0.7749789831835568,True,0.05,360,paired cluster influence sandwich; asymptotic Bonferroni bounds,0.0,0.018641188783307783,0.0009718253704565916
217,1.0,test,state_CO,mlp_stronger,mlp_stronger:C5:E2,mlp_stronger,mlp,5.0,2.0,1.9948093103901194,0.8299700146189115,0.8159475920326933,0.01402242258621822,0.0032566890686316977,0.009470050683427452,1193,0.02589648887725654,0.7814192697935194,True,0.05,360,paired cluster influence sandwich; asymptotic Bonferroni bounds,0.0,-1.765067446335422e-05,0.014040073260681574
217,1.0,test,state_CO,mlp_stronger,mlp_stronger:C5:E8,mlp_stronger,mlp,5.0,8.0,7.995742559457445,0.8299700146189115,0.8265582430726293,0.0034117715462822495,0.0011194465769132373,0.009258574284395556,1193,0.007493334932721385,0.7928009753394816,True,0.05,360,paired cluster influence sandwich; asymptotic Bonferroni bounds,0.0,-1.765067446335422e-05,0.0034294222207456038
217,1.0,test,state_CO,mlp_stronger,logistic:C1:E2,logistic,logistic,1.0,2.0,1.9948093103901194,0.8299700146189115,0.8155089208585289,0.014461093760382626,0.004860745626466946,0.009575993841925085,1193,0.03218363790758698,0.7805943240746956,True,0.05,360,paired cluster influence sandwich; asymptotic Bonferroni bounds,-0.0005949315569141467,0.014950121270516203,0.00010590404678056942
217,1.0,test,state_CO,mlp_stronger,logistic:C1:E8,logistic,logistic,1.0,8.0,7.995742559457445,0.8299700146189115,0.8157788723503223,0.014191142268589196,0.004642414993687737,0.00957000033335178,1193,0.03111764099900653,0.780886128226235,True,0.05,360,paired cluster influence sandwich; asymptotic Bonferroni bounds,-0.0005949315569141467,0.014950121270516203,-0.0001640474450128604
217,1.0,test,state_CO,mlp_stronger,logistic:C5:E2,logistic,logistic,5.0,2.0,1.9948093103901194,0.8299700146189115,0.8185915592398165,0.011378455379094987,0.005238559804478256,0.009450604847738808,1193,0.030478530663247988,0.7841341375800918,True,0.05,360,paired cluster influence sandwich; asymptotic Bonferroni bounds,-0.0005949315569141467,0.0,0.011973386936009134
217,1.0,test,state_CO,mlp_stronger,logistic:C5:E8,logistic,logistic,5.0,8.0,7.995742559457445,0.8299700146189115,0.8314682453983655,-0.0014982307794539906,0.00259427252632746,0.009140705270205284,1193,0.00796062860363544,0.7981407345313661,True,0.05,360,paired cluster influence sandwich; asymptotic Bonferroni bounds,-0.0005949315569141467,0.0,-0.000903299222539844
217,1.0,test,state_UT,mlp_stronger,mlp_base:C1:E2,mlp_base,mlp,1.0,2.0,1.9909995955023065,0.8758321193774904,0.8527962310545402,0.023035888322950226,0.004164205969890977,0.008843783613388605,1107,0.038222339523491244,0.8205438186513212,True,0.05,360,paired cluster influence sandwich; asymptotic Bonferroni bounds,-0.0006325197820273853,0.024859978946619288,-0.001191570841641676
217,1.0,test,state_UT,mlp_stronger,mlp_base:C1:E8,mlp_base,mlp,1.0,8.0,7.998197999765249,0.8758321193774904,0.8521728948628146,0.023659224514675836,0.004093583186314239,0.0088544352315747,1107,0.038588121342501086,0.8198816370516211,True,0.05,360,paired cluster influence sandwich; asymptotic Bonferroni bounds,-0.0006325197820273853,0.024859978946619288,-0.0005682346499160662
217,1.0,test,state_UT,mlp_stronger,mlp_base:C5:E2,mlp_base,mlp,5.0,2.0,1.9909995955023065,0.8758321193774904,0.8707673693261196,0.005064750051370748,0.003992754759109052,0.008287804440091145,1107,0.019625935483446055,0.8405425584980504,True,0.05,360,paired cluster influence sandwich; asymptotic Bonferroni bounds,-0.0006325197820273853,0.0008724410786586922,0.004824828754739441
217,1.0,test,state_UT,mlp_stronger,mlp_base:C5:E8,mlp_base,mlp,5.0,8.0,7.998197999765249,0.8758321193774904,0.87699958329459,-0.0011674639170996537,0.001450662805265031,0.00794315767010697,1107,0.004122961210736688,0.8480316654712455,True,0.05,360,paired cluster influence sandwich; asymptotic Bonferroni bounds,-0.0006325197820273853,0.0008724410786586922,-0.0014073852137309606
217,1.0,test,state_UT,mlp_stronger,mlp_stronger:C1:E2,mlp_stronger,mlp,1.0,2.0,1.9948093103901194,0.8758321193774904,0.850069852683732,0.025762266693758362,0.004057167771632677,0.008887450539632424,1107,0.040558360071896546,0.8176581912785966,True,0.05,360,paired cluster influence sandwich; asymptotic Bonferroni bounds,0.0,0.021893679279180067,0.003868587414578295
217,1.0,test,state_UT,mlp_stronger,mlp_stronger:C1:E8,mlp_stronger,mlp,1.0,8.0,7.995742559457445,0.8758321193774904,0.8527468692566686,0.023085250120821743,0.0038986824837670404,0.008799160676292151,1107,0.03730336318108478,0.8206571923332842,True,0.05,360,paired cluster influence sandwich; asymptotic Bonferroni bounds,0.0,0.021893679279180067,0.001191570841641676
217,1.0,test,state_UT,mlp_stronger,mlp_stronger:C5:E2,mlp_stronger,mlp,5.0,2.0,1.9948093103901194,0.8758321193774904,0.8622530331676843,0.01357908620980608,0.002787321076091869,0.008538879288067472,1107,0.023744173097527167,0.8311125769671132,True,0.05,360,paired cluster influence sandwich; asymptotic Bonferroni bounds,0.0,0.0008047121001838464,0.012774374109622233
217,1.0,test,state_UT,mlp_stronger,mlp_stronger:C5:E8,mlp_stronger,mlp,5.0,8.0,7.995742559457445,0.8758321193774904,0.8735017833384418,0.0023303360390486416,0.0008768990171566095,0.008090335313669022,1107,0.005528300843897111,0.8439971230681754,True,0.05,360,paired cluster influence sandwich; asymptotic Bonferroni bounds,0.0,0.0008047121001838464,0.0015256239388647952
217,1.0,test,state_UT,mlp_stronger,logistic:C1:E2,logistic,logistic,1.0,2.0,1.9948093103901194,0.8758321193774904,0.8544596088479299,0.021372510529560462,0.0037129143644211273,0.008778865648728127,1107,0.03491314545846756,0.8224439459017462,True,0.05,360,paired cluster influence sandwich; asymptotic Bonferroni bounds,0.0027068632414171123,0.01642599920332355,0.002239648084819801
217,1.0,test,state_UT,mlp_stronger,logistic:C1:E8,logistic,logistic,1.0,8.0,7.995742559457445,0.8758321193774904,0.8561872717734317,0.019644847604058713,0.0036296134164458703,0.00870964823413018,1107,0.032881692136781784,0.8244240379569836,True,0.05,360,paired cluster influence sandwich; asymptotic Bonferroni bounds,0.0027068632414171123,0.01642599920332355,0.0005119851593180513
217,1.0,test,state_UT,mlp_stronger,logistic:C5:E2,logistic,logistic,5.0,2.0,1.9948093103901194,0.8758321193774904,0.8431913435477817,0.0326407758297087,0.0038701884537873567,0.009112823824116469,1107,0.046754973954226,0.8099577678541914,True,0.05,360,paired cluster influence sandwich; asymptotic Bonferroni bounds,0.0027068632414171123,0.0,0.02993391258829159
217,1.0,test,state_UT,mlp_stronger,logistic:C5:E8,logistic,logistic,5.0,8.0,7.995742559457445,0.8758321193774904,0.8667254416445974,0.009106677732892976,0.001804406279998875,0.008345952753410846,1107,0.015687170656462288,0.8362885696147029,True,0.05,360,paired cluster influence sandwich; asymptotic Bonferroni bounds,0.0027068632414171123,0.0,0.006399814491475864
218,1.0,validation,source,mlp_stronger,mlp_base:C1:E2,mlp_base,mlp,1.0,2.0,1.9909995955023065,0.8796949256477081,0.8544485003169657,0.025246425330742395,0.003872510811801735,0.008759930654280424,1162,0.03936693802987206,0.8225067658561364,True,0.05,360,paired cluster influence sandwich; asymptotic Bonferroni bounds,,,
218,1.0,validation,source,mlp_stronger,mlp_base:C1:E8,mlp_base,mlp,1.0,8.0,7.998197999765249,0.8796949256477081,0.8561628085236854,0.0235321171240227,0.003848784860219705,0.008718184951952122,1162,0.037566116804365696,0.8243732933202083,True,0.05,360,paired cluster influence sandwich; asymptotic Bonferroni bounds,,,
218,1.0,validation,source,mlp_stronger,mlp_base:C5:E2,mlp_base,mlp,5.0,2.0,1.9909995955023065,0.8796949256477081,0.8632189218192592,0.016476003828448937,0.0030556065871750675,0.00846225018567944,1162,0.027617801415238688,0.8323626332206732,True,0.05,360,paired cluster influence sandwich; asymptotic Bonferroni bounds,,,
218,1.0,validation,source,mlp_stronger,mlp_base:C5:E8,mlp_base,mlp,5.0,8.0,7.998197999765249,0.8796949256477081,0.8748202824931324,0.004874643154575753,0.0012357138426019637,0.008022327265940977,1162,0.00938048286812145,0.8455681048904082,True,0.05,360,paired cluster influence sandwich; asymptotic Bonferroni bounds,,,
218,1.0,validation,source,mlp_stronger,mlp_stronger:C1:E2,mlp_stronger,mlp,1.0,2.0,1.9948093103901194,0.8796949256477081,0.8574596749133006,0.022235250734407574,0.0036404028705519995,0.008670257646811957,1162,0.035509417666858584,0.8258449192272931,True,0.05,360,paired cluster influence sandwich; asymptotic Bonferroni bounds,,,
218,1.0,validation,source,mlp_stronger,mlp_stronger:C1:E8,mlp_stronger,mlp,1.0,8.0,7.995742559457445,0.8796949256477081,0.8573913097521866,0.022303615895521545,0.0036644590113519867,0.008681793461424264,1162,0.035665499830756134,0.8257344904995051,True,0.05,360,paired cluster influence sandwich; asymptotic Bonferroni bounds,,,
218,1.0,validation,source,mlp_stronger,mlp_stronger:C5:E2,mlp_stronger,mlp,5.0,2.0,1.9948093103901194,0.8796949256477081,0.871944802383251,0.0077501232644571205,0.002816201373572712,0.008111612247582225,1162,0.018018966707747122,0.8423670608819667,True,0.05,360,paired cluster influence sandwich; asymptotic Bonferroni bounds,,,
218,1.0,validation,source,mlp_stronger,mlp_stronger:C5:E8,mlp_stronger,mlp,5.0,8.0,7.995742559457445,0.8796949256477081,0.8786259431284726,0.001068982519235484,0.000983008905034737,0.00786661535252641,1162,0.004653372699528469,0.8499415449736651,True,0.05,360,paired cluster influence sandwich; asymptotic Bonferroni bounds,,,
218,1.0,validation,source,mlp_stronger,logistic:C1:E2,logistic,logistic,1.0,2.0,1.9948093103901194,0.8796949256477081,0.8601528479268783,0.01954207772082983,0.003363900527680154,0.008586353381659487,1162,0.0318080215562756,0.8288440361876213,True,0.05,360,paired cluster influence sandwich; asymptotic Bonferroni bounds,,,
218,1.0,validation,source,mlp_stronger,logistic:C1:E8,logistic,logistic,1.0,8.0,7.995742559457445,0.8796949256477081,0.8614124242286131,0.018282501419095043,0.0032928984245869514,0.008551838623336793,1162,0.03028954704944426,0.8302294652259625,True,0.05,360,paired cluster influence sandwich; asymptotic Bonferroni bounds,,,
218,1.0,validation,source,mlp_stronger,logistic:C5:E2,logistic,logistic,5.0,2.0,1.9948093103901194,0.8796949256477081,0.8586757461125083,0.021019179535199828,0.003544915473694273,0.008608928001179307,1162,0.033945166419753425,0.8272846195090459,True,0.05,360,paired cluster influence sandwich; asymptotic Bonferroni bounds,,,
218,1.0,validation,source,mlp_stronger,logistic:C5:E8,logistic,logistic,5.0,8.0,7.995742559457445,0.8796949256477081,0.8744618833151716,0.005233042332536519,0.001533046751880324,0.008064708663173778,1162,0.010823060586924263,0.8450551684917872,True,0.05,360,paired cluster influence sandwich; asymptotic Bonferroni bounds,,,
218,1.0,validation,state_OR,mlp_stronger,mlp_base:C1:E2,mlp_base,mlp,1.0,2.0,1.9909995955023065,0.8651617219915857,0.8412827766329453,0.023878945358640435,0.004026818223797124,0.008893644865797475,1215,0.038560149580687986,0.8088578174476717,True,0.05,360,paired cluster influence sandwich; asymptotic Bonferroni bounds,,,
218,1.0,validation,state_OR,mlp_stronger,mlp_base:C1:E8,mlp_base,mlp,1.0,8.0,7.998197999765249,0.8651617219915857,0.8433779873730712,0.02178373461851446,0.003910117830342137,0.008797795109603906,1215,0.036039465870617425,0.8113024827117181,True,0.05,360,paired cluster influence sandwich; asymptotic Bonferroni bounds,,,
218,1.0,validation,state_OR,mlp_stronger,mlp_base:C5:E2,mlp_base,mlp,5.0,2.0,1.9909995955023065,0.8651617219915857,0.8438143968364767,0.021347325155108954,0.0037026810708229076,0.008925260081249334,1215,0.03484677160357609,0.8112741730902578,True,0.05,360,paired cluster influence sandwich; asymptotic Bonferroni bounds,,,
218,1.0,validation,state_OR,mlp_stronger,mlp_base:C5:E8,mlp_base,mlp,5.0,8.0,7.998197999765249,0.8651617219915857,0.8609701872218865,0.0041915347696992455,0.0014448773715197106,0.008292366910847374,1215,0.009459351340543508,0.8307374015990225,True,0.05,360,paired cluster influence sandwich; asymptotic Bonferroni bounds,,,
218,1.0,validation,state_OR,mlp_stronger,mlp_stronger:C1:E2,mlp_stronger,mlp,1.0,2.0,1.9948093103901194,0.8651617219915857,0.8433568348735694,0.021804887118016314,0.0036906310636867327,0.008790409783095157,1215,0.03526040096118286,0.8113082560580568,True,0.05,360,paired cluster influence sandwich; asymptotic Bonferroni bounds,,,
218,1.0,validation,state_OR,mlp_stronger,mlp_stronger:C1:E8,mlp_stronger,mlp,1.0,8.0,7.995742559457445,0.8651617219915857,0.8438043772314495,0.021357344760136177,0.003696244482489449,0.008774952656437187,1215,0.03483332432667199,0.8118121528924838,True,0.05,360,paired cluster influence sandwich; asymptotic Bonferroni bounds,,,
218,1.0,validation,state_OR,mlp_stronger,mlp_stronger:C5:E2,mlp_stronger,mlp,5.0,2.0,1.9948093103901194,0.8651617219915857,0.8543372086938998,0.010824513297685856,0.0033666190667102094,0.008559370675658597,1215,0.023098725668167536,0.8231309654721596,True,0.05,360,paired cluster influence sandwich; asymptotic Bonferroni bounds,,,
218,1.0,validation,state_OR,mlp_stronger,mlp_stronger:C5:E8,mlp_stronger,mlp,5.0,8.0,7.995742559457445,0.8651617219915857,0.8637255786043581,0.0014361433872276397,0.0010983845635154396,0.008181721409272305,1215,0.005440696658596553,0.8338961906802715,True,0.05,360,paired cluster influence sandwich; asymptotic Bonferroni bounds,,,
218,1.0,validation,state_OR,mlp_stronger,logistic:C1:E2,logistic,logistic,1.0,2.0,1.9948093103901194,0.8651617219915857,0.8463081651987946,0.018853556792791104,0.0034971641619869144,0.008717757910814845,1215,0.0316037179390625,0.814524464735068,True,0.05,360,paired cluster influence sandwich; asymptotic Bonferroni bounds,,,
218,1.0,validation,state_OR,mlp_stronger,logistic:C1:E8,logistic,logistic,1.0,8.0,7.995742559457445,0.8651617219915857,0.8470462761024627,0.01811544588912295,0.003356898869904921,0.008679621339771702,1215,0.030354219810078003,0.8154016161309303,True,0.05,360,paired cluster influence sandwich; asymptotic Bonferroni bounds,,,
218,1.0,validation,state_OR,mlp_stronger,logistic:C5:E2,logistic,logistic,5.0,2.0,1.9948093103901194,0.8651617219915857,0.8468269580813124,0.018334763910273333,0.00406097897399646,0.008767136265534754,1215,0.03314051334945808,0.8148632311874113,True,0.05,360,paired cluster influence sandwich; asymptotic Bonferroni bounds,,,
218,1.0,validation,state_OR,mlp_stronger,logistic:C5:E8,logistic,logistic,5.0,8.0,7.995742559457445,0.8651617219915857,0.8609991327475204,0.004162589244065318,0.001756397070172902,0.00826533719265075,1215,0.01056616215178381,0.8308648936174095,True,0.05,360,paired cluster influence sandwich; asymptotic Bonferroni bounds,,,
218,1.0,validation,state_WA,mlp_stronger,mlp_base:C1:E2,mlp_base,mlp,1.0,2.0,1.9909995955023065,0.8647740298358696,0.8390653033424149,0.02570872649345468,0.004071327642376019,0.008951272497178234,1196,0.040552898174970514,0.8064287195575247,True,0.05,360,paired cluster influence sandwich; asymptotic Bonferroni bounds,,,
218,1.0,validation,state_WA,mlp_stronger,mlp_base:C1:E8,mlp_base,mlp,1.0,8.0,7.998197999765249,0.8647740298358696,0.8393622499833877,0.025411779852481886,0.004032479620591442,0.008933342637083421,1196,0.040114310586495644,0.8067910389576689,True,0.05,360,paired cluster influence sandwich; asymptotic Bonferroni bounds,,,
218,1.0,validation,state_WA,mlp_stronger,mlp_base:C5:E2,mlp_base,mlp,5.0,2.0,1.9909995955023065,0.8647740298358696,0.8534734450794073,0.01130058475646234,0.003295743894893446,0.00843928251585957,1196,0.023316956930713305,0.8227035907374648,True,0.05,360,paired cluster influence sandwich; asymptotic Bonferroni bounds,,,
218,1.0,validation,state_WA,mlp_stronger,mlp_base:C5:E8,mlp_base,mlp,5.0,8.0,7.998197999765249,0.8647740298358696,0.8644282842713802,0.0003457455644894081,0.0013943249924083631,0.008081549365768631,1196,0.005429492534816494,0.8349627347564057,True,0.05,360,paired cluster influence sandwich; asymptotic Bonferroni bounds,,,
218,1.0,validation,state_WA,mlp_stronger,mlp_stronger:C1:E2,mlp_stronger,mlp,1.0,2.0,1.9948093103901194,0.8647740298358696,0.8398637367931423,0.024910293042727294,0.0039052705785458507,0.00885109388152645,1196,0.03914901613819298,0.8075924069745685,True,0.05,360,paired cluster influence sandwich; asymptotic Bonferroni bounds,,,
218,1.0,validation,state_WA,mlp_stronger,mlp_stronger:C1:E8,mlp_stronger,mlp,1.0,8.0,7.995742559457445,0.8647740298358696,0.8395377184530534,0.025236311382816234,0.003860138230342969,0.00888469464862971,1196,0.03931048070517351,0.8071438793207314,True,0.05,360,paired cluster influence sandwich; asymptotic Bonferroni bounds,,,
218,1.0,validation,state_WA,mlp_stronger,mlp_stronger:C5:E2,mlp_stronger,mlp,5.0,2.0,1.9948093103901194,0.8647740298358696,0.848453385607017,0.0163206442288526,0.003574608938682178,0.008543690182541256,1196,0.02935376596235976,0.8173028580633017,True,0.05,360,paired cluster influence sandwich; asymptotic Bonferroni bounds,,,
218,1.0,validation,state_WA,mlp_stronger,mlp_stronger:C5:E8,mlp_stronger,mlp,5.0,8.0,7.995742559457445,0.8647740298358696,0.8631366702106452,0.0016373596252243772,0.0013277964536498538,0.008094305593124834,1196,0.006478541727823119,0.8336246111426411,True,0.05,360,paired cluster influence sandwich; asymptotic Bonferroni bounds,,,
218,1.0,validation,state_WA,mlp_stronger,logistic:C1:E2,logistic,logistic,1.0,2.0,1.9948093103901194,0.8647740298358696,0.8449377865638912,0.019836243271978415,0.0035677689818971905,0.008735017472451775,1196,0.03284442633640041,0.8130896745002689,True,0.05,360,paired cluster influence sandwich; asymptotic Bonferroni bounds,,,
218,1.0,validation,state_WA,mlp_stronger,logistic:C1:E8,logistic,logistic,1.0,8.0,7.995742559457445,0.8647740298358696,0.8456417369924912,0.019132292843378362,0.0034660040956865424,0.00871839547306187,1196,0.03176943835574051,0.8138542291922216,True,0.05,360,paired cluster influence sandwich; asymptotic Bonferroni bounds,,,
218,1.0,validation,state_WA,mlp_stronger,logistic:C5:E2,logistic,logistic,5.0,2.0,1.9948093103901194,0.8647740298358696,0.8477899279021862,0.016984101933683382,0.003913797183629838,0.008569398924066066,1196,0.03125391326395724,0.8165456655853375,True,0.05,360,paired cluster influence sandwich; asymptotic Bonferroni bounds,,,
218,1.0,validation,state_WA,mlp_stronger,logistic:C5:E8,logistic,logistic,5.0,8.0,7.995742559457445,0.8647740298358696,0.8617069655791082,0.003067064256761398,0.0016980512367575017,0.008159541445413858,1196,0.009258205401994402,0.831957054813518,True,0.05,360,paired cluster influence sandwich; asymptotic Bonferroni bounds,,,
218,1.0,validation,proxy_0.5,mlp_stronger,mlp_base:C1:E2,mlp_base,mlp,1.0,2.0,1.9909995955023065,0.8675487153564725,0.8349918790475283,0.03255683630894424,0.004334782576770916,0.009294974603155528,1162,0.048362951617059106,0.8010991894462616,True,0.05,360,paired cluster influence sandwich; asymptotic Bonferroni bounds,,,
218,1.0,validation,proxy_0.5,mlp_stronger,mlp_base:C1:E8,mlp_base,mlp,1.0,8.0,7.998197999765249,0.8675487153564725,0.8362861558477073,0.03126255950876522,0.004304872830031359,0.00926128827446034,1162,0.04695961354392597,0.8025162982423327,True,0.05,360,paired cluster influence sandwich; asymptotic Bonferroni bounds,,,
218,1.0,validation,proxy_0.5,mlp_stronger,mlp_base:C5:E2,mlp_base,mlp,5.0,2.0,1.9909995955023065,0.8675487153564725,0.8448784135967946,0.02267030175967788,0.0033700632872304217,0.009008005308938432,1162,0.03495871714619745,0.812032113214353,True,0.05,360,paired cluster influence sandwich; asymptotic Bonferroni bounds,,,
218,1.0,validation,proxy_0.5,mlp_stronger,mlp_base:C5:E8,mlp_base,mlp,5.0,8.0,7.998197999765249,0.8675487153564725,0.8621333659276323,0.005415349428840144,0.0013415448974545931,0.008451174027368431,1162,0.010307085741939441,0.8313174648299957,True,0.05,360,paired cluster influence sandwich; asymptotic Bonferroni bounds,,,
218,1.0,validation,proxy_0.5,mlp_stronger,mlp_stronger:C1:E2,mlp_stronger,mlp,1.0,2.0,1.9948093103901194,0.8675487153564725,0.8380066790690736,0.02954203628739893,0.004056709621265884,0.009225648788670784,1162,0.04433420150206875,0.8043667753453378,True,0.05,360,paired cluster influence sandwich; asymptotic Bonferroni bounds,,,
218,1.0,validation,proxy_0.5,mlp_stronger,mlp_stronger:C1:E8,mlp_stronger,mlp,1.0,8.0,7.995742559457445,0.8675487153564725,0.8384572676309608,0.029091447725511643,0.004076370688019043,0.00922279080780301,1162,0.04395530398412131,0.8048277850931426,True,0.05,360,paired cluster influence sandwich; asymptotic Bonferroni bounds,,,
218,1.0,validation,proxy_0.5,mlp_stronger,mlp_stronger:C5:E2,mlp_stronger,mlp,5.0,2.0,1.9948093103901194,0.8675487153564725,0.8564466275258854,0.011102087830587082,0.003194944072517335,0.008656199634208977,1162,0.02275195804179512,0.8248831322120581,True,0.05,360,paired cluster influence sandwich; asymptotic Bonferroni bounds,,,
218,1.0,validation,proxy_0.5,mlp_stronger,mlp_stronger:C5:E8,mlp_stronger,mlp,5.0,8.0,7.995742559457445,0.8675487153564725,0.8658893064457988,0.001659408910673732,0.0010979331196047163,0.008334421452818003,1162,0.005662852493303861,0.8354991255828407,True,0.05,360,paired cluster influence sandwich; asymptotic Bonferroni bounds,,,
218,1.0,validation,proxy_0.5,mlp_stronger,logistic:C1:E2,logistic,logistic,1.0,2.0,1.9948093103901194,0.8675487153564725,0.8418713823435577,0.02567733301291475,0.0038054836547237593,0.009159455248597476,1162,0.03955344153379868,0.8084728431423837,True,0.05,360,paired cluster influence sandwich; asymptotic Bonferroni bounds,,,
218,1.0,validation,proxy_0.5,mlp_stronger,logistic:C1:E8,logistic,logistic,1.0,8.0,7.995742559457445,0.8675487153564725,0.8431475320176837,0.024401183338788823,0.0037308901008827984,0.009104777434526739,1162,0.03800529798400054,0.8099483670224108,True,0.05,360,paired cluster influence sandwich; asymptotic Bonferroni bounds,,,
218,1.0,validation,proxy_0.5,mlp_stronger,logistic:C5:E2,logistic,logistic,5.0,2.0,1.9948093103901194,0.8675487153564725,0.8449333128928408,0.022615402463631695,0.0036642175517406484,0.009183546251349064,1162,0.035976405953678674,0.8114469295701598,True,0.05,360,paired cluster influence sandwich; asymptotic Bonferroni bounds,,,
218,1.0,validation,proxy_0.5,mlp_stronger,logistic:C5:E8,logistic,logistic,5.0,8.0,7.995742559457445,0.8675487153564725,0.860842714552664,0.006706000803808454,0.0017506520283813458,0.008576479241437078,1162,0.013089483097306443,0.8295699073410068,True,0.05,360,paired cluster influence sandwich; asymptotic Bonferroni bounds,,,
218,1.0,validation,proxy_0.75,mlp_stronger,mlp_base:C1:E2,mlp_base,mlp,1.0,2.0,1.9909995955023065,0.8730914725855704,0.8431765354193684,0.02991493716620197,0.004125641651255543,0.009028992342571884,1162,0.04495845238404787,0.810253709059508,True,0.05,360,paired cluster influence sandwich; asymptotic Bonferroni bounds,,,
218,1.0,validation,proxy_0.75,mlp_stronger,mlp_base:C1:E8,mlp_base,mlp,1.0,8.0,7.998197999765249,0.8730914725855704,0.8444941185244726,0.028597354061097757,0.004103663454743315,0.008993340404941872,1162,0.043560729179138356,0.8117012914499645,True,0.05,360,paired cluster influence sandwich; asymptotic Bonferroni bounds,,,
218,1.0,validation,proxy_0.75,mlp_stronger,mlp_base:C5:E2,mlp_base,mlp,5.0,2.0,1.9909995955023065,0.8730914725855704,0.8537410244830144,0.01935044810255604,0.0031782762576424064,0.008646572245166628,1162,0.03093954170059339,0.822212633956711,True,0.05,360,paired cluster influence sandwich; asymptotic Bonferroni bounds,,,
218,1.0,validation,proxy_0.75,mlp_stronger,mlp_base:C5:E8,mlp_base,mlp,5.0,8.0,7.998197999765249,0.8730914725855704,0.8678066384643114,0.005284834121259019,0.0012739728141562805,0.00816984493346612,1162,0.00993017926679524,0.8380165604659869,True,0.05,360,paired cluster influence sandwich; asymptotic Bonferroni bounds,,,
218,1.0,validation,proxy_0.75,mlp_stronger,mlp_stronger:C1:E2,mlp_stronger,mlp,1.0,2.0,1.9948093103901194,0.8730914725855704,0.8457837340636666,0.027307738521903824,0.003886801539913456,0.00897144265229465,1162,0.04148036015438143,0.8130707537628318,True,0.05,360,paired cluster influence sandwich; asymptotic Bonferroni bounds,,,
218,1.0,validation,proxy_0.75,mlp_stronger,mlp_stronger:C1:E8,mlp_stronger,mlp,1.0,8.0,7.995742559457445,0.8730914725855704,0.8462022117165455,0.026889260869024878,0.003914457886837984,0.008968167896578085,1162,0.04116272709999119,0.8135011723067578,True,0.05,360,paired cluster influence sandwich; asymptotic Bonferroni bounds,,,
218,1.0,validation,proxy_0.75,mlp_stronger,mlp_stronger:C5:E2,mlp_stronger,mlp,5.0,2.0,1.9948093103901194,0.8730914725855704,0.8626533554864079,0.010438117099162536,0.0030224091490758417,0.008342961921280015,1162,0.021458865354126,0.8322320331239846,True,0.05,360,paired cluster influence sandwich; asymptotic Bonferroni bounds,,,
218,1.0,validation,proxy_0.75,mlp_stronger,mlp_stronger:C5:E8,mlp_stronger,mlp,5.0,8.0,7.995742559457445,0.8730914725855704,0.8715988332345838,0.0014926393509866465,0.0010204736357395969,0.008038912623574946,1162,0.005213638886655791,0.8422861796862854,True,0.05,360,paired cluster influence sandwich; asymptotic Bonferroni bounds,,,
218,1.0,validation,proxy_0.75,mlp_stronger,logistic:C1:E2,logistic,logistic,1.0,2.0,1.9948093103901194,0.8730914725855704,0.84958317968436,0.02350829290121037,0.00361193128797935,0.00887687674262577,1162,0.0366786426042669,0.8172150193706804,True,0.05,360,paired cluster influence sandwich; asymptotic Bonferroni bounds,,,
218,1.0,validation,proxy_0.75,mlp_stronger,logistic:C1:E8,logistic,logistic,1.0,8.0,7.995742559457445,0.8730914725855704,0.8507484949306197,0.022342977654950746,0.0035474990515012967,0.00882146973115484,1162,0.035278385157032924,0.8185823677285615,True,0.05,360,paired cluster influence sandwich; asymptotic Bonferroni bounds,,,
218,1.0,validation,proxy_0.75,mlp_stronger,logistic:C5:E2,logistic,logistic,5.0,2.0,1.9948093103901194,0.8730914725855704,0.8513378854862834,0.021753587099286986,0.0035753741724234124,0.00891856175094069,1162,0.03479063692545796,0.8188177272265993,True,0.05,360,paired cluster influence sandwich; asymptotic Bonferroni bounds,,,
218,1.0,validation,proxy_0.75,mlp_stronger,logistic:C5:E8,logistic,logistic,5.0,8.0,7.995742559457445,0.8730914725855704,0.8665802089073591,0.00651126367821131,0.0016430630137756132,0.008296449409630726,1162,0.01250243924337243,0.8363284872364074,True,0.05,360,paired cluster influence sandwich; asymptotic Bonferroni bounds,,,
218,1.0,test,source,mlp_stronger,mlp_base:C1:E2,mlp_base,mlp,1.0,2.0,1.9909995955023065,0.8763636211063373,0.8527310183941998,0.023632602712137407,0.003683301967685315,0.008703680685739066,1126,0.03706451338266786,0.8209912744086868,True,0.05,360,paired cluster influence sandwich; asymptotic Bonferroni bounds,0.0013321529269600951,0.021854650577336376,0.00044579920784093563
218,1.0,test,source,mlp_stronger,mlp_base:C1:E8,mlp_base,mlp,1.0,8.0,7.998197999765249,0.8763636211063373,0.8531107344253491,0.023252886680988127,0.0036671745436250964,0.008706772701648657,1126,0.03662598541559177,0.8213597147741823,True,0.05,360,paired cluster influence sandwich; asymptotic Bonferroni bounds,0.0013321529269600951,0.021854650577336376,6.608317669165586e-05
218,1.0,test,source,mlp_stronger,mlp_base:C5:E2,mlp_base,mlp,5.0,2.0,1.9909995955023065,0.8763636211063373,0.8647371777658431,0.01162644334049412,0.0026300550744567013,0.00835771153548822,1126,0.021217474738030595,0.8342590807377879,True,0.05,360,paired cluster influence sandwich; asymptotic Bonferroni bounds,0.0013321529269600951,6.083848012905513e-05,0.010233451933404969
218,1.0,test,source,mlp_stronger,mlp_base:C5:E8,mlp_base,mlp,5.0,8.0,7.998197999765249,0.8763636211063373,0.8736919726772286,0.0026716484291086084,0.001086811028152177,0.00803913699664834,1126,0.006634926154899074,0.844375622577648,True,0.05,360,paired cluster influence sandwich; asymptotic Bonferroni bounds,0.0013321529269600951,6.083848012905513e-05,0.0012786570220194582
218,1.0,test,source,mlp_stronger,mlp_stronger:C1:E2,mlp_stronger,mlp,1.0,2.0,1.9948093103901194,0.8763636211063373,0.8555096586331901,0.020853962473147192,0.0035568231111408025,0.008574303158907459,1126,0.033824642237897655,0.8242417161449266,True,0.05,360,paired cluster influence sandwich; asymptotic Bonferroni bounds,0.0,0.021703603316326592,-0.0008496408431794
218,1.0,test,source,mlp_stronger,mlp_stronger:C1:E8,mlp_stronger,mlp,1.0,8.0,7.995742559457445,0.8763636211063373,0.8550995233619764,0.021264097744360888,0.0035869309148258747,0.008613399645274727,1126,0.034344571746220263,0.8236890075748023,True,0.05,360,paired cluster influence sandwich; asymptotic Bonferroni bounds,0.0,0.021703603316326592,-0.0004395055719657037
218,1.0,test,source,mlp_stronger,mlp_stronger:C5:E2,mlp_stronger,mlp,5.0,2.0,1.9948093103901194,0.8763636211063373,0.8742059529403866,0.0021576681659506436,0.0027866266968043646,0.007839884642412547,1126,0.012319669867677373,0.8456162171250727,True,0.05,360,paired cluster influence sandwich; asymptotic Bonferroni bounds,0.0,0.00019510271213751817,0.0019625654538131254
218,1.0,test,source,mlp_stronger,mlp_stronger:C5:E8,mlp_stronger,mlp,5.0,8.0,7.995742559457445,0.8763636211063373,0.8767433371374865,-0.00037971603114927976,0.0009258094911499798,0.00785717660322588,1126,0.0029964368045821105,0.8480905426658364,True,0.05,360,paired cluster influence sandwich; asymptotic Bonferroni bounds,0.0,0.00019510271213751817,-0.0005748187432867979
218,1.0,test,source,mlp_stronger,logistic:C1:E2,logistic,logistic,1.0,2.0,1.9948093103901194,0.8763636211063373,0.8590319968447906,0.017331624261546663,0.003215283522410422,0.008461478341815362,1126,0.029056810366932806,0.8281754930270178,True,0.05,360,paired cluster influence sandwich; asymptotic Bonferroni bounds,0.0032863268662727263,0.014162778598281522,-0.00011748120300758558
218,1.0,test,source,mlp_stronger,logistic:C1:E8,logistic,logistic,1.0,8.0,7.995742559457445,0.8763636211063373,0.8589826966970998,0.01738092440923744,0.00318395897624822,0.008469770799677276,1126,0.028991879178301733,0.8280959527431074,True,0.05,360,paired cluster influence sandwich; asymptotic Bonferroni bounds,0.0032863268662727263,0.014162778598281522,-6.818105531680718e-05
218,1.0,test,source,mlp_stronger,logistic:C5:E2,logistic,logistic,5.0,2.0,1.9948093103901194,0.8763636211063373,0.8609054024570355,0.015458218649301747,0.00316172646381774,0.008351825802195371,1126,0.026988098034493743,0.8304487689539678,True,0.05,360,paired cluster influence sandwich; asymptotic Bonferroni bounds,0.0032863268662727263,0.0,0.01217189178302902
218,1.0,test,source,mlp_stronger,logistic:C5:E8,logistic,logistic,5.0,8.0,7.995742559457445,0.8763636211063373,0.8719727611439312,0.0043908599624060685,0.001373644480745518,0.008034509722415633,1126,0.009400134282109996,0.8426732853421103,True,0.05,360,paired cluster influence sandwich; asymptotic Bonferroni bounds,0.0032863268662727263,0.0,0.0011045330961333422
218,1.0,test,state_CO,mlp_stronger,mlp_base:C1:E2,mlp_base,mlp,1.0,2.0,1.9909995955023065,0.8490644305227014,0.8256873788602677,0.023377051662433757,0.004026187551699862,0.00902024826531612,1197,0.03805660475571411,0.7927993895093064,True,0.05,360,paired cluster influence sandwich; asymptotic Bonferroni bounds,-0.0022452008184352668,0.024565504382030534,0.0010567480988384892
218,1.0,test,state_CO,mlp_stronger,mlp_base:C1:E8,mlp_base,mlp,1.0,8.0,7.998197999765249,0.8490644305227014,0.8265102734789413,0.02255415704376007,0.004016409873118433,0.009015913591623596,1197,0.03719806054297109,0.7936380884271574,True,0.05,360,paired cluster influence sandwich; asymptotic Bonferroni bounds,-0.0022452008184352668,0.024565504382030534,0.0002338534801648029
218,1.0,test,state_CO,mlp_stronger,mlp_base:C5:E2,mlp_base,mlp,5.0,2.0,1.9909995955023065,0.8490644305227014,0.8383585041258805,0.010705926396820886,0.00328111815352288,0.00868223813319826,1197,0.022668942903498437,0.8067029058686714,True,0.05,360,paired cluster influence sandwich; asymptotic Bonferroni bounds,-0.0022452008184352668,0.00038578046395276733,0.012565346751303386
218,1.0,test,state_CO,mlp_stronger,mlp_base:C5:E8,mlp_base,mlp,5.0,8.0,7.998197999765249,0.8490644305227014,0.8481518315757163,0.0009125989469851437,0.001341671957410641,0.00838610213754226,1197,0.005804359323190064,0.8175759505485771,True,0.05,360,paired cluster influence sandwich; asymptotic Bonferroni bounds,-0.0022452008184352668,0.00038578046395276733,0.002772019301467643
218,1.0,test,state_CO,mlp_stronger,mlp_stronger:C1:E2,mlp_stronger,mlp,1.0,2.0,1.9948093103901194,0.8490644305227014,0.8266030889400267,0.022461341582674765,0.0038049702152120847,0.008968383531838615,1197,0.03633433224079103,0.7939041993513033,True,0.05,360,paired cluster influence sandwich; asymptotic Bonferroni bounds,0.0,0.023291495511153948,-0.0008301539284791826
218,1.0,test,state_CO,mlp_stronger,mlp_stronger:C1:E8,mlp_stronger,mlp,1.0,8.0,7.995742559457445,0.8490644305227014,0.8263884207786335,0.022676009744067915,0.0037964457294840264,0.008982893044840633,1197,0.036517919972067325,0.7936366292414202,True,0.05,360,paired cluster influence sandwich; asymptotic Bonferroni bounds,0.0,0.023291495511153948,-0.0006154857670860325
218,1.0,test,state_CO,mlp_stronger,mlp_stronger:C5:E2,mlp_stronger,mlp,5.0,2.0,1.9948093103901194,0.8490644305227014,0.8315767532010964,0.017487677321605055,0.003706340143724981,0.008873086351638661,1197,0.0310010609439344,0.7992253188658658,True,0.05,360,paired cluster influence sandwich; asymptotic Bonferroni bounds,0.0,0.0005257814387745752,0.01696189588283048
218,1.0,test,state_CO,mlp_stronger,mlp_stronger:C5:E8,mlp_stronger,mlp,5.0,8.0,7.995742559457445,0.8490644305227014,0.8462011513265352,0.0028632791961662463,0.0012853669757037717,0.008440502713033992,1197,0.007549750584272934,0.8154269248110199,True,0.05,360,paired cluster influence sandwich; asymptotic Bonferroni bounds,0.0,0.0005257814387745752,0.002337497757391671
218,1.0,test,state_CO,mlp_stronger,logistic:C1:E2,logistic,logistic,1.0,2.0,1.9948093103901194,0.8490644305227014,0.8333853583869398,0.015679072135761585,0.003557577989641608,0.008757300454516177,1197,0.02865006623671465,0.8014560815400122,True,0.05,360,paired cluster influence sandwich; asymptotic Bonferroni bounds,0.0021352741270939113,0.015355514327284991,-0.001811716318617318
218,1.0,test,state_CO,mlp_stronger,logistic:C1:E8,logistic,logistic,1.0,8.0,7.995742559457445,0.8490644305227014,0.8323047582701687,0.01675967225253272,0.003452666958853045,0.00882712384513836,1197,0.029348158825767343,0.800120904070192,True,0.05,360,paired cluster influence sandwich; asymptotic Bonferroni bounds,0.0021352741270939113,0.015355514327284991,-0.0007311162018461825
218,1.0,test,state_CO,mlp_stronger,logistic:C5:E2,logistic,logistic,5.0,2.0,1.9948093103901194,0.8490644305227014,0.8449566982170097,0.004107732305691725,0.004032825565535954,0.008332889440961241,1197,0.01881148771823555,0.8145748316501179,True,0.05,360,paired cluster influence sandwich; asymptotic Bonferroni bounds,0.0021352741270939113,0.0,0.0019724581785978135
218,1.0,test,state_CO,mlp_stronger,logistic:C5:E8,logistic,logistic,5.0,8.0,7.995742559457445,0.8490644305227014,0.8500278446383256,-0.0009634141156241727,0.0017422022864192208,0.008259395040001593,1197,0.005388687130113296,0.8199139399949886,True,0.05,360,paired cluster influence sandwich; asymptotic Bonferroni bounds,0.0021352741270939113,0.0,-0.003098688242718084
218,1.0,test,state_UT,mlp_stronger,mlp_base:C1:E2,mlp_base,mlp,1.0,2.0,1.9909995955023065,0.8709197215839705,0.8486681939851461,0.022251527598824317,0.0038482881810297975,0.008901944967252384,1148,0.03628424175033135,0.8162074105818431,True,0.05,360,paired cluster influence sandwich; asymptotic Bonferroni bounds,-0.00031174341946649253,0.019500784404755,0.0030624866135358086
218,1.0,test,state_UT,mlp_stronger,mlp_base:C1:E8,mlp_base,mlp,1.0,8.0,7.998197999765249,0.8709197215839705,0.8508189993036235,0.020100722280346983,0.003787839295523069,0.008845444086826413,1148,0.03391301065000259,0.8185642453521257,True,0.05,360,paired cluster influence sandwich; asymptotic Bonferroni bounds,-0.00031174341946649253,0.019500784404755,0.0009116812950584752
218,1.0,test,state_UT,mlp_stronger,mlp_base:C5:E2,mlp_base,mlp,5.0,2.0,1.9909995955023065,0.8709197215839705,0.8603596935943455,0.010560027989624965,0.0029954346791878366,0.008489104543864787,1148,0.021482827072022634,0.8294043254247933,True,0.05,360,paired cluster influence sandwich; asymptotic Bonferroni bounds,-0.00031174341946649253,0.00011438067908475791,0.0107573907300067
218,1.0,test,state_UT,mlp_stronger,mlp_base:C5:E8,mlp_base,mlp,5.0,8.0,7.998197999765249,0.8709197215839705,0.8681588859770409,0.0027608356069295237,0.0012930395733861402,0.008135347413037354,1148,0.007475881327611169,0.8384934868696887,True,0.05,360,paired cluster influence sandwich; asymptotic Bonferroni bounds,-0.00031174341946649253,0.00011438067908475791,0.0029581983473112583
218,1.0,test,state_UT,mlp_stronger,mlp_stronger:C1:E2,mlp_stronger,mlp,1.0,2.0,1.9948093103901194,0.8709197215839705,0.8544735741383042,0.016446147445666304,0.0034328951514428895,0.008663706316477733,1148,0.028964138330486555,0.822881523721954,True,0.05,360,paired cluster influence sandwich; asymptotic Bonferroni bounds,-2.220446049250313e-16,0.019476674751810807,-0.0030305273061442817
218,1.0,test,state_UT,mlp_stronger,mlp_stronger:C1:E8,mlp_stronger,mlp,1.0,8.0,7.995742559457445,0.8709197215839705,0.8527937480866468,0.0181259734973237,0.003515332997566324,0.008758972445721722,1148,0.030944572516331682,0.8208543114307235,True,0.05,360,paired cluster influence sandwich; asymptotic Bonferroni bounds,-2.220446049250313e-16,0.019476674751810807,-0.0013507012544868857
218,1.0,test,state_UT,mlp_stronger,mlp_stronger:C5:E2,mlp_stronger,mlp,5.0,2.0,1.9948093103901194,0.8709197215839705,0.8645581373442826,0.006361584239687912,0.0034885814947319,0.008213647088791803,1148,0.019082634381184793,0.8346072198671175,True,0.05,360,paired cluster influence sandwich; asymptotic Bonferroni bounds,-2.220446049250313e-16,0.0004530371995125071,0.005908547040175627
218,1.0,test,state_UT,mlp_stronger,mlp_stronger:C5:E8,mlp_stronger,mlp,5.0,8.0,7.995742559457445,0.8709197215839705,0.8716127339337197,-0.0006930123497492779,0.0011134126239122314,0.00793738391253268,1148,0.003367026906421689,0.8426692051968632,True,0.05,360,paired cluster influence sandwich; asymptotic Bonferroni bounds,-2.220446049250313e-16,0.0004530371995125071,-0.001146049549261563
218,1.0,test,state_UT,mlp_stronger,logistic:C1:E2,logistic,logistic,1.0,2.0,1.9948093103901194,0.8709197215839705,0.8549692237476716,0.01595049783629887,0.0032609290238724037,0.008664890549265891,1148,0.027841417306916333,0.8233728550476006,True,0.05,360,paired cluster influence sandwich; asymptotic Bonferroni bounds,0.0030961279897371297,0.012553840219162393,0.0003005296273993485
218,1.0,test,state_UT,mlp_stronger,logistic:C1:E8,logistic,logistic,1.0,8.0,7.995742559457445,0.8709197215839705,0.8552652678582441,0.01565445372572638,0.0031651537306294384,0.008657027735738312,1148,0.027196130299338234,0.8236975707673325,True,0.05,360,paired cluster influence sandwich; asymptotic Bonferroni bounds,0.0030961279897371297,0.012553840219162393,4.485516826857605e-06
218,1.0,test,state_UT,mlp_stronger,logistic:C5:E2,logistic,logistic,5.0,2.0,1.9948093103901194,0.8709197215839705,0.8577087531496739,0.013210968434296588,0.003591188759053318,0.008522632683687087,1148,0.026306174133370573,0.8266311252168125,True,0.05,360,paired cluster influence sandwich; asymptotic Bonferroni bounds,0.0030961279897371297,0.0,0.010114840444559459
218,1.0,test,state_UT,mlp_stronger,logistic:C5:E8,logistic,logistic,5.0,8.0,7.995742559457445,0.8709197215839705,0.8677764956675516,0.0031432259164189125,0.0015847838069383273,0.008140205233381404,1148,0.008922111776456444,0.8380933826050379,True,0.05,360,paired cluster influence sandwich; asymptotic Bonferroni bounds,0.0030961279897371297,0.0,4.709792668178281e-05
219,1.0,validation,source,mlp_base,mlp_base:C1:E2,mlp_base,mlp,1.0,2.0,1.9909995955023065,0.8788638314345643,0.8612139459626639,0.017649885471900384,0.003726359650508537,0.008321252766139264,1138,0.031238360596363847,0.8308698174238028,True,0.05,360,paired cluster influence sandwich; asymptotic Bonferroni bounds,,,
219,1.0,validation,source,mlp_base,mlp_base:C1:E8,mlp_base,mlp,1.0,8.0,7.998197999765249,0.8788638314345643,0.8604812152121546,0.018382616222409665,0.0037586998972993163,0.008309647302252511,1138,0.03208902270086241,0.8301794069461936,True,0.05,360,paired cluster influence sandwich; asymptotic Bonferroni bounds,,,
219,1.0,validation,source,mlp_base,mlp_base:C5:E2,mlp_base,mlp,5.0,2.0,1.9909995955023065,0.8788638314345643,0.8685038904266549,0.010359941007909379,0.002934343828379297,0.008139090659492079,1138,0.021060265683525016,0.8388240309028518,True,0.05,360,paired cluster influence sandwich; asymptotic Bonferroni bounds,,,
219,1.0,validation,source,mlp_base,mlp_base:C5:E8,mlp_base,mlp,5.0,8.0,7.998197999765249,0.8788638314345643,0.8781134570257565,0.0007503744088077635,0.0009850993802776543,0.007800231969720356,1138,0.004342619838526413,0.8496692734185395,True,0.05,360,paired cluster influence sandwich; asymptotic Bonferroni bounds,,,
219,1.0,validation,source,mlp_base,mlp_stronger:C1:E2,mlp_stronger,mlp,1.0,2.0,1.9948093103901194,0.8788638314345643,0.8563889243491826,0.02247490708538169,0.004002956210161834,0.008421504798841855,1138,0.037072014178540946,0.8256792185766881,True,0.05,360,paired cluster influence sandwich; asymptotic Bonferroni bounds,,,
219,1.0,validation,source,mlp_base,mlp_stronger:C1:E8,mlp_stronger,mlp,1.0,8.0,7.995742559457445,0.8788638314345643,0.8571714724878284,0.021692358946735824,0.003916255293012149,0.008398738515584642,1138,0.03597330405703444,0.8265447858285522,True,0.05,360,paired cluster influence sandwich; asymptotic Bonferroni bounds,,,
219,1.0,validation,source,mlp_base,mlp_stronger:C5:E2,mlp_stronger,mlp,5.0,2.0,1.9948093103901194,0.8788638314345643,0.8629440623381585,0.0159197690964058,0.0028562505019894447,0.008332671686141924,1138,0.026335320072604015,0.8325582937739222,True,0.05,360,paired cluster influence sandwich; asymptotic Bonferroni bounds,,,
219,1.0,validation,source,mlp_base,mlp_stronger:C5:E8,mlp_stronger,mlp,5.0,8.0,7.995742559457445,0.8788638314345643,0.8758550687635636,0.0030087626710006976,0.001195607045259233,0.007897471256589704,1138,0.00736864151171356,0.8470562941467095,True,0.05,360,paired cluster influence sandwich; asymptotic Bonferroni bounds,,,
219,1.0,validation,source,mlp_base,logistic:C1:E2,logistic,logistic,1.0,2.0,1.9948093103901194,0.8788638314345643,0.858287174409638,0.02057665702492628,0.003788811938082946,0.008404701242689628,1138,0.03439286952199007,0.827638744178474,True,0.05,360,paired cluster influence sandwich; asymptotic Bonferroni bounds,,,
219,1.0,validation,source,mlp_base,logistic:C1:E8,logistic,logistic,1.0,8.0,7.995742559457445,0.8788638314345643,0.8614184048264746,0.017445426608089676,0.003536769851997357,0.008309976740814627,1138,0.030342547031841513,0.8311153952358626,True,0.05,360,paired cluster influence sandwich; asymptotic Bonferroni bounds,,,
219,1.0,validation,source,mlp_base,logistic:C5:E2,logistic,logistic,5.0,2.0,1.9948093103901194,0.8788638314345643,0.8417893160383967,0.03707451539616757,0.004760936624455935,0.00901300390355356,1138,0.05443566004084451,0.8089226604209188,True,0.05,360,paired cluster influence sandwich; asymptotic Bonferroni bounds,,,
219,1.0,validation,source,mlp_base,logistic:C5:E8,logistic,logistic,5.0,8.0,7.995742559457445,0.8788638314345643,0.8704882830540964,0.008375548380467834,0.002064421157454528,0.008086384813777167,1138,0.015903628913611922,0.8410006197058056,True,0.05,360,paired cluster influence sandwich; asymptotic Bonferroni bounds,,,
219,1.0,validation,state_OR,mlp_base,mlp_base:C1:E2,mlp_base,mlp,1.0,2.0,1.9909995955023065,0.8494713604700176,0.8421653579235091,0.007306002546508483,0.004662396859255124,0.009310043654667595,1193,0.024305356250601717,0.8082204300540424,True,0.05,360,paired cluster influence sandwich; asymptotic Bonferroni bounds,,,
219,1.0,validation,state_OR,mlp_base,mlp_base:C1:E8,mlp_base,mlp,1.0,8.0,7.998197999765249,0.8494713604700176,0.8418068477613756,0.007664512708641991,0.004750283207395054,0.00933693424573229,1193,0.024984304840199,0.8077638753275742,True,0.05,360,paired cluster influence sandwich; asymptotic Bonferroni bounds,,,
219,1.0,validation,state_OR,mlp_base,mlp_base:C5:E2,mlp_base,mlp,5.0,2.0,1.9909995955023065,0.8494713604700176,0.8295664417105931,0.01990491875942446,0.0034991590265609166,0.009595891008450272,1193,0.032663043765729226,0.7945792987704198,True,0.05,360,paired cluster influence sandwich; asymptotic Bonferroni bounds,,,
219,1.0,validation,state_OR,mlp_base,mlp_base:C5:E8,mlp_base,mlp,5.0,8.0,7.998197999765249,0.8494713604700176,0.8454082452991714,0.004063115170846232,0.00116890833725282,0.00925781337920241,1193,0.008325018838094066,0.8116537518679341,True,0.05,360,paired cluster influence sandwich; asymptotic Bonferroni bounds,,,
219,1.0,validation,state_OR,mlp_base,mlp_stronger:C1:E2,mlp_stronger,mlp,1.0,2.0,1.9948093103901194,0.8494713604700176,0.8359109851859254,0.013560375284092152,0.005099096739082837,0.009507865268630454,1193,0.03215196061149519,0.8012447889028972,True,0.05,360,paired cluster influence sandwich; asymptotic Bonferroni bounds,,,
219,1.0,validation,state_OR,mlp_base,mlp_stronger:C1:E8,mlp_stronger,mlp,1.0,8.0,7.995742559457445,0.8494713604700176,0.8374428013332234,0.012028559136794237,0.004968698590723887,0.009452591728400933,1193,0.030144705690273006,0.8029781353980405,True,0.05,360,paired cluster influence sandwich; asymptotic Bonferroni bounds,,,
219,1.0,validation,state_OR,mlp_base,mlp_stronger:C5:E2,mlp_stronger,mlp,5.0,2.0,1.9948093103901194,0.8494713604700176,0.8341879636188232,0.015283396851194397,0.003377162622966669,0.009725699102178081,1193,0.02759671630406173,0.7987275332761515,True,0.05,360,paired cluster influence sandwich; asymptotic Bonferroni bounds,,,
219,1.0,validation,state_OR,mlp_base,mlp_stronger:C5:E8,mlp_stronger,mlp,5.0,8.0,7.995742559457445,0.8494713604700176,0.8453256793224375,0.0041456811475800714,0.0014886866284621841,0.009331559269100245,1193,0.00957351393739234,0.8113023043471275,True,0.05,360,paired cluster influence sandwich; asymptotic Bonferroni bounds,,,
219,1.0,validation,state_OR,mlp_base,logistic:C1:E2,logistic,logistic,1.0,2.0,1.9948093103901194,0.8494713604700176,0.838071823708603,0.011399536761414586,0.004828287595338649,0.00940198503294306,1193,0.02900373715360523,0.8037916725502299,True,0.05,360,paired cluster influence sandwich; asymptotic Bonferroni bounds,,,
219,1.0,validation,state_OR,mlp_base,logistic:C1:E8,logistic,logistic,1.0,8.0,7.995742559457445,0.8494713604700176,0.8422848613108871,0.007186499159130499,0.004513624981976445,0.009318649868833483,1193,0.02364342246971016,0.8083085547143245,True,0.05,360,paired cluster influence sandwich; asymptotic Bonferroni bounds,,,
219,1.0,validation,state_OR,mlp_base,logistic:C5:E2,logistic,logistic,5.0,2.0,1.9948093103901194,0.8494713604700176,0.8089901311929915,0.04048122927702613,0.005732680979048395,0.009978019781012731,1193,0.061382897362642574,0.7726097258683848,True,0.05,360,paired cluster influence sandwich; asymptotic Bonferroni bounds,,,
219,1.0,validation,state_OR,mlp_base,logistic:C5:E8,logistic,logistic,5.0,8.0,7.995742559457445,0.8494713604700176,0.8439231441123941,0.005548216357623481,0.0024855386085917888,0.009247028772886356,1193,0.014610625935383436,0.8102079719450604,True,0.05,360,paired cluster influence sandwich; asymptotic Bonferroni bounds,,,
219,1.0,validation,state_WA,mlp_base,mlp_base:C1:E2,mlp_base,mlp,1.0,2.0,1.9909995955023065,0.8586554361306323,0.8375485737908228,0.021106862339809518,0.004427097601933343,0.00887677813521572,1192,0.0372483425950632,0.805183274472082,True,0.05,360,paired cluster influence sandwich; asymptotic Bonferroni bounds,,,
219,1.0,validation,state_WA,mlp_base,mlp_base:C1:E8,mlp_base,mlp,1.0,8.0,7.998197999765249,0.8586554361306323,0.8365047540305912,0.02215068210004112,0.004470310187702063,0.00891913597320302,1192,0.0384497181994803,0.8039850153325993,True,0.05,360,paired cluster influence sandwich; asymptotic Bonferroni bounds,,,
219,1.0,validation,state_WA,mlp_base,mlp_base:C5:E2,mlp_base,mlp,5.0,2.0,1.9909995955023065,0.8586554361306323,0.84587639520463,0.01277904092600235,0.003373597180537701,0.0086044842777029,1192,0.02507939144347185,0.8145038966596401,True,0.05,360,paired cluster influence sandwich; asymptotic Bonferroni bounds,,,
219,1.0,validation,state_WA,mlp_base,mlp_base:C5:E8,mlp_base,mlp,5.0,8.0,7.998197999765249,0.8586554361306323,0.8571351798263744,0.0015202563042578943,0.001237664162981986,0.00828523396362917,1192,0.006032858791423387,0.8269266882910458,True,0.05,360,paired cluster influence sandwich; asymptotic Bonferroni bounds,,,
219,1.0,validation,state_WA,mlp_base,mlp_stronger:C1:E2,mlp_stronger,mlp,1.0,2.0,1.9948093103901194,0.8586554361306323,0.8303110789582472,0.02834435717238515,0.005050030248332338,0.00921332310394383,1192,0.046757089592445664,0.7967187152157726,True,0.05,360,paired cluster influence sandwich; asymptotic Bonferroni bounds,,,
219,1.0,validation,state_WA,mlp_base,mlp_stronger:C1:E8,mlp_stronger,mlp,1.0,8.0,7.995742559457445,0.8586554361306323,0.8319718892104175,0.026683546920214796,0.004821348074234364,0.009119028511433012,1192,0.044262489546185634,0.7987233295671627,True,0.05,360,paired cluster influence sandwich; asymptotic Bonferroni bounds,,,
219,1.0,validation,state_WA,mlp_base,mlp_stronger:C5:E2,mlp_stronger,mlp,5.0,2.0,1.9948093103901194,0.8586554361306323,0.8425248036378669,0.016130632492765473,0.0032612125383382515,0.008769596913949297,1192,0.02802122143591053,0.8105502938888095,True,0.05,360,paired cluster influence sandwich; asymptotic Bonferroni bounds,,,
219,1.0,validation,state_WA,mlp_base,mlp_stronger:C5:E8,mlp_stronger,mlp,5.0,8.0,7.995742559457445,0.8586554361306323,0.8553224472922696,0.0033329888383627493,0.0017109564816253405,0.008396553559398152,1192,0.009571245309982674,0.8247080774098398,True,0.05,360,paired cluster influence sandwich; asymptotic Bonferroni bounds,,,
219,1.0,validation,state_WA,mlp_base,logistic:C1:E2,logistic,logistic,1.0,2.0,1.9948093103901194,0.8586554361306323,0.8355281107895824,0.023127325341049887,0.00456040250981326,0.008987822708542073,1192,0.039754843793774614,0.8027579358731097,True,0.05,360,paired cluster influence sandwich; asymptotic Bonferroni bounds,,,
219,1.0,validation,state_WA,mlp_base,logistic:C1:E8,logistic,logistic,1.0,8.0,7.995742559457445,0.8586554361306323,0.8382895824720958,0.020365853658536492,0.004253395694575774,0.008898130794130564,1192,0.0358740056793533,0.8058464299968942,True,0.05,360,paired cluster influence sandwich; asymptotic Bonferroni bounds,,,
219,1.0,validation,state_WA,mlp_base,logistic:C5:E2,logistic,logistic,5.0,2.0,1.9948093103901194,0.8586554361306323,0.8168695742042167,0.041785861926415646,0.005876491071049201,0.00958504870226933,1192,0.06321192322492672,0.7819218752183711,True,0.05,360,paired cluster influence sandwich; asymptotic Bonferroni bounds,,,
219,1.0,validation,state_WA,mlp_base,logistic:C5:E8,logistic,logistic,5.0,8.0,7.995742559457445,0.8586554361306323,0.8501581231914014,0.00849731293923095,0.002477604855885975,0.008538455702775309,1192,0.01753081828687434,0.8190263690424715,True,0.05,360,paired cluster influence sandwich; asymptotic Bonferroni bounds,,,
219,1.0,validation,proxy_0.5,mlp_base,mlp_base:C1:E2,mlp_base,mlp,1.0,2.0,1.9909995955023065,0.8721037156506516,0.8494212361147003,0.02268247953595126,0.004249546532947471,0.008710151095280921,1138,0.03817879840182514,0.8176589580231611,True,0.05,360,paired cluster influence sandwich; asymptotic Bonferroni bounds,,,
219,1.0,validation,proxy_0.5,mlp_base,mlp_base:C1:E8,mlp_base,mlp,1.0,8.0,7.998197999765249,0.8721037156506516,0.8483211021266835,0.023782613523968044,0.004281814706538697,0.00871492630328805,1138,0.03939660092301649,0.816541410848736,True,0.05,360,paired cluster influence sandwich; asymptotic Bonferroni bounds,,,
219,1.0,validation,proxy_0.5,mlp_base,mlp_base:C5:E2,mlp_base,mlp,5.0,2.0,1.9909995955023065,0.8721037156506516,0.8609020683556837,0.011201647294967865,0.003404681616104549,0.008425065759413606,1138,0.023617097167295945,0.8301793772493282,True,0.05,360,paired cluster influence sandwich; asymptotic Bonferroni bounds,,,
219,1.0,validation,proxy_0.5,mlp_base,mlp_base:C5:E8,mlp_base,mlp,5.0,8.0,7.998197999765249,0.8721037156506516,0.8708686595697647,0.0012350560808869204,0.0012649908353206377,0.008050303645956913,1138,0.005847948584723181,0.8415125691498466,True,0.05,360,paired cluster influence sandwich; asymptotic Bonferroni bounds,,,
219,1.0,validation,proxy_0.5,mlp_base,mlp_stronger:C1:E2,mlp_stronger,mlp,1.0,2.0,1.9948093103901194,0.8721037156506516,0.843180570388337,0.028923145262314542,0.004630596722537947,0.008871169379071528,1138,0.045808994798346804,0.8108311259604584,True,0.05,360,paired cluster influence sandwich; asymptotic Bonferroni bounds,,,
219,1.0,validation,proxy_0.5,mlp_base,mlp_stronger:C1:E8,mlp_stronger,mlp,1.0,8.0,7.995742559457445,0.8721037156506516,0.8443709983923513,0.027732717258300288,0.0045261534665147485,0.00882509560283013,1138,0.04423770592219545,0.8121895657564264,True,0.05,360,paired cluster influence sandwich; asymptotic Bonferroni bounds,,,
219,1.0,validation,proxy_0.5,mlp_base,mlp_stronger:C5:E2,mlp_stronger,mlp,5.0,2.0,1.9948093103901194,0.8721037156506516,0.8565212517864205,0.015582463864231122,0.003385376632275586,0.008595859539221928,1138,0.02792751653469431,0.825175747198274,True,0.05,360,paired cluster influence sandwich; asymptotic Bonferroni bounds,,,
219,1.0,validation,proxy_0.5,mlp_base,mlp_stronger:C5:E8,mlp_stronger,mlp,5.0,8.0,7.995742559457445,0.8721037156506516,0.8701411181305194,0.00196259752013217,0.0014504267317597024,0.008110141612697073,1138,0.007251697181160286,0.8405668236726641,True,0.05,360,paired cluster influence sandwich; asymptotic Bonferroni bounds,,,
219,1.0,validation,proxy_0.5,mlp_base,logistic:C1:E2,logistic,logistic,1.0,2.0,1.9948093103901194,0.8721037156506516,0.8464643665563418,0.02563934909430976,0.004357224985724169,0.008805642188430487,1138,0.04152832624178488,0.8143538723864931,True,0.05,360,paired cluster influence sandwich; asymptotic Bonferroni bounds,,,
219,1.0,validation,proxy_0.5,mlp_base,logistic:C1:E8,logistic,logistic,1.0,8.0,7.995742559457445,0.8721037156506516,0.8495706882791102,0.022533027371541392,0.004082166084026336,0.008711629747485036,1138,0.03741897974577082,0.8178030181614174,True,0.05,360,paired cluster influence sandwich; asymptotic Bonferroni bounds,,,
219,1.0,validation,proxy_0.5,mlp_base,logistic:C5:E2,logistic,logistic,5.0,2.0,1.9948093103901194,0.8721037156506516,0.8315305666001397,0.0405731490505119,0.005150239924243034,0.009269702140420055,1138,0.05935392000643515,0.7977278398748506,True,0.05,360,paired cluster influence sandwich; asymptotic Bonferroni bounds,,,
219,1.0,validation,proxy_0.5,mlp_base,logistic:C5:E8,logistic,logistic,5.0,8.0,7.995742559457445,0.8721037156506516,0.8629928418640421,0.009110873786609464,0.0022440064964455975,0.008337125299979096,1138,0.017293826940882717,0.8325908328328311,True,0.05,360,paired cluster influence sandwich; asymptotic Bonferroni bounds,,,
219,1.0,validation,proxy_0.75,mlp_base,mlp_base:C1:E2,mlp_base,mlp,1.0,2.0,1.9909995955023065,0.8748701374856126,0.853614718547325,0.02125541893828764,0.003934617064462062,0.00860140431972268,1138,0.03560332174939599,0.8222489944637535,True,0.05,360,paired cluster influence sandwich; asymptotic Bonferroni bounds,,,
219,1.0,validation,proxy_0.75,mlp_base,mlp_base:C1:E8,mlp_base,mlp,1.0,8.0,7.998197999765249,0.8748701374856126,0.8528290568219206,0.022041080663692036,0.003980607583473685,0.008591508138854445,1138,0.0365566916624589,0.821499419970975,True,0.05,360,paired cluster influence sandwich; asymptotic Bonferroni bounds,,,
219,1.0,validation,proxy_0.75,mlp_base,mlp_base:C5:E2,mlp_base,mlp,5.0,2.0,1.9909995955023065,0.8748701374856126,0.8638521918093987,0.011017945676213947,0.0031337964950878257,0.008344904315718908,1138,0.022445590807789025,0.8334218159612974,True,0.05,360,paired cluster influence sandwich; asymptotic Bonferroni bounds,,,
219,1.0,validation,proxy_0.75,mlp_base,mlp_base:C5:E8,mlp_base,mlp,5.0,8.0,7.998197999765249,0.8748701374856126,0.8734150546071225,0.001455082878490055,0.0011105313074390474,0.00798725959918261,1138,0.005504726085638347,0.844288859458108,True,0.05,360,paired cluster influence sandwich; asymptotic Bonferroni bounds,,,
219,1.0,validation,proxy_0.75,mlp_base,mlp_stronger:C1:E2,mlp_stronger,mlp,1.0,2.0,1.9948093103901194,0.8748701374856126,0.8481514116483432,0.02671872583726942,0.00427423708773293,0.00871151451942967,1138,0.042305080829813366,0.816384161719175,True,0.05,360,paired cluster influence sandwich; asymptotic Bonferroni bounds,,,
219,1.0,validation,proxy_0.75,mlp_base,mlp_stronger:C1:E8,mlp_stronger,mlp,1.0,8.0,7.995742559457445,0.8748701374856126,0.8489827393128728,0.025887398172739773,0.00418178498590221,0.008686110472512597,1138,0.04113661901727961,0.8173081273177663,True,0.05,360,paired cluster influence sandwich; asymptotic Bonferroni bounds,,,
219,1.0,validation,proxy_0.75,mlp_base,mlp_stronger:C5:E2,mlp_stronger,mlp,5.0,2.0,1.9948093103901194,0.8748701374856126,0.8588611122354619,0.016009025250150688,0.003108790677480281,0.008489174430286694,1138,0.02734548462339978,0.8279046436193852,True,0.05,360,paired cluster influence sandwich; asymptotic Bonferroni bounds,,,
219,1.0,validation,proxy_0.75,mlp_base,mlp_stronger:C5:E8,mlp_stronger,mlp,5.0,8.0,7.995742559457445,0.8748701374856126,0.8725183416206636,0.0023517958649490467,0.0013042253998164421,0.00804463955759491,1138,0.007107760415950062,0.8431829057620408,True,0.05,360,paired cluster influence sandwich; asymptotic Bonferroni bounds,,,
219,1.0,validation,proxy_0.75,mlp_base,logistic:C1:E2,logistic,logistic,1.0,2.0,1.9948093103901194,0.8748701374856126,0.8512162188809977,0.023653918604614854,0.004006959223313126,0.008657045976867945,1138,0.03826562301250776,0.8196475929455079,True,0.05,360,paired cluster influence sandwich; asymptotic Bonferroni bounds,,,
219,1.0,validation,proxy_0.75,mlp_base,logistic:C1:E8,logistic,logistic,1.0,8.0,7.995742559457445,0.8748701374856126,0.8540225984126933,0.020847539072919252,0.0037417478721929747,0.008577504833081511,1138,0.03449212860586182,0.8227440257611279,True,0.05,360,paired cluster influence sandwich; asymptotic Bonferroni bounds,,,
219,1.0,validation,proxy_0.75,mlp_base,logistic:C5:E2,logistic,logistic,5.0,2.0,1.9948093103901194,0.8748701374856126,0.8375579516335433,0.0373121858520693,0.004928183452913581,0.009094175624541404,1138,0.05528320973044607,0.8043952966990636,True,0.05,360,paired cluster influence sandwich; asymptotic Bonferroni bounds,,,
219,1.0,validation,proxy_0.75,mlp_base,logistic:C5:E8,logistic,logistic,5.0,8.0,7.995742559457445,0.8748701374856126,0.8662901302413342,0.008580007244278431,0.002101077929203428,0.008239227655327435,1138,0.016241759692581077,0.8362451129752393,True,0.05,360,paired cluster influence sandwich; asymptotic Bonferroni bounds,,,
219,1.0,test,source,mlp_base,mlp_base:C1:E2,mlp_base,mlp,1.0,2.0,1.9909995955023065,0.8715361741062677,0.8492234984641527,0.022312675642115032,0.003825231530990512,0.008706013707130849,1173,0.03626039007702472,0.8174792779980969,True,0.05,360,paired cluster influence sandwich; asymptotic Bonferroni bounds,1.1102230246251565e-16,0.02306936638128232,-0.0007566907391673983
219,1.0,test,source,mlp_base,mlp_base:C1:E8,mlp_base,mlp,1.0,8.0,7.998197999765249,0.8715361741062677,0.8489334847395595,0.022602689366708173,0.0038852833659014665,0.008739480701144562,1173,0.03676936723895349,0.8170672355618517,True,0.05,360,paired cluster influence sandwich; asymptotic Bonferroni bounds,1.1102230246251565e-16,0.02306936638128232,-0.00046667701457425714
219,1.0,test,source,mlp_base,mlp_base:C5:E2,mlp_base,mlp,5.0,2.0,1.9909995955023065,0.8715361741062677,0.8625957862231227,0.008940387883144996,0.0026964394019207217,0.008152076596455173,1173,0.018772254651034548,0.8328713537285948,True,0.05,360,paired cluster influence sandwich; asymptotic Bonferroni bounds,1.1102230246251565e-16,0.00045850761388144257,0.008481880269263442
219,1.0,test,source,mlp_base,mlp_base:C5:E8,mlp_base,mlp,5.0,8.0,7.998197999765249,0.8715361741062677,0.8704853849421608,0.0010507891641069467,0.0009753321196254834,0.007985463125780717,1173,0.004607084717335555,0.8413684652455248,True,0.05,360,paired cluster influence sandwich; asymptotic Bonferroni bounds,1.1102230246251565e-16,0.00045850761388144257,0.0005922815502253931
219,1.0,test,source,mlp_base,mlp_stronger:C1:E2,mlp_stronger,mlp,1.0,2.0,1.9948093103901194,0.8715361741062677,0.8454655741454806,0.02607059996078709,0.00422124111718277,0.008844119096216642,1173,0.041462260618807124,0.81321778820547,True,0.05,360,paired cluster influence sandwich; asymptotic Bonferroni bounds,0.00027571727338093766,0.0230652816809358,0.00272960100647035
219,1.0,test,source,mlp_base,mlp_stronger:C1:E8,mlp_stronger,mlp,1.0,8.0,7.995742559457445,0.8715361741062677,0.8474308255996341,0.024105348506633595,0.004100832565865257,0.008767708628606317,1173,0.0390579706187011,0.8154616506073353,True,0.05,360,paired cluster influence sandwich; asymptotic Bonferroni bounds,0.00027571727338093766,0.0230652816809358,0.0007643495523168564
219,1.0,test,source,mlp_base,mlp_stronger:C5:E2,mlp_stronger,mlp,5.0,2.0,1.9948093103901194,0.8715361741062677,0.8579525031043723,0.013583671001895392,0.0028690405577194637,0.008595793729776015,1173,0.02404488310815531,0.8266101711924375,True,0.05,360,paired cluster influence sandwich; asymptotic Bonferroni bounds,0.00027571727338093766,0.00039213123325287924,0.012915822495261575
219,1.0,test,source,mlp_base,mlp_stronger:C5:E8,mlp_stronger,mlp,5.0,8.0,7.995742559457445,0.8715361741062677,0.8685594487288412,0.002976725377426548,0.0012258192416222393,0.008118053275941468,1173,0.007446357239563094,0.8389590734462252,True,0.05,360,paired cluster influence sandwich; asymptotic Bonferroni bounds,0.00027571727338093766,0.00039213123325287924,0.002308876870792731
219,1.0,test,source,mlp_base,logistic:C1:E2,logistic,logistic,1.0,2.0,1.9948093103901194,0.8715361741062677,0.8482033445526436,0.023332829553624146,0.003935171371630163,0.008692779338039159,1173,0.03768141109679597,0.8165073797802163,True,0.05,360,paired cluster influence sandwich; asymptotic Bonferroni bounds,0.002837845565649477,0.015909907849160243,0.004585076138814426
219,1.0,test,source,mlp_base,logistic:C1:E8,logistic,logistic,1.0,8.0,7.995742559457445,0.8715361741062677,0.8516988268740605,0.019837347232207203,0.0036717809412813566,0.008640672921968011,1173,0.03322554389994593,0.8201928546303727,True,0.05,360,paired cluster influence sandwich; asymptotic Bonferroni bounds,0.002837845565649477,0.015909907849160243,0.0010895938173974828
219,1.0,test,source,mlp_base,logistic:C5:E2,logistic,logistic,5.0,2.0,1.9948093103901194,0.8715361741062677,0.8340953001437814,0.0374408739624863,0.004710630367401405,0.00888947319528405,1173,0.05461696556390509,0.8016821422472971,True,0.05,360,paired cluster influence sandwich; asymptotic Bonferroni bounds,0.002837845565649477,0.0,0.03460302839683682
219,1.0,test,source,mlp_base,logistic:C5:E8,logistic,logistic,5.0,8.0,7.995742559457445,0.8715361741062677,0.862721390758774,0.008814783347493749,0.0019810800963587006,0.00818341987575387,1173,0.01603827798640246,0.8328826731273673,True,0.05,360,paired cluster influence sandwich; asymptotic Bonferroni bounds,0.002837845565649477,0.0,0.0059769377818442715
219,1.0,test,state_CO,mlp_base,mlp_base:C1:E2,mlp_base,mlp,1.0,2.0,1.9909995955023065,0.8265362099231585,0.8168947900105988,0.009641419912559623,0.004209100928400968,0.009469973463593597,1200,0.024987764146315483,0.7823673516980063,True,0.05,360,paired cluster influence sandwich; asymptotic Bonferroni bounds,0.0,0.011501391096979341,-0.0018599711844197175
219,1.0,test,state_CO,mlp_base,mlp_base:C1:E8,mlp_base,mlp,1.0,8.0,7.998197999765249,0.8265362099231585,0.8157665937996822,0.010769616123476267,0.004286937867676248,0.009505448088256808,1200,0.026399753139714578,0.7811098153237375,True,0.05,360,paired cluster influence sandwich; asymptotic Bonferroni bounds,0.0,0.011501391096979341,-0.0007317749735030743
219,1.0,test,state_CO,mlp_base,mlp_base:C5:E2,mlp_base,mlp,5.0,2.0,1.9909995955023065,0.8265362099231585,0.8147450069554848,0.011791202967673664,0.003488760428506828,0.009270371552972955,1200,0.0245111921995097,0.7809453154187965,True,0.05,360,paired cluster influence sandwich; asymptotic Bonferroni bounds,0.0,-0.00045697121754106895,0.012248174185214733
219,1.0,test,state_CO,mlp_base,mlp_base:C5:E8,mlp_base,mlp,5.0,8.0,7.998197999765249,0.8265362099231585,0.8270884050410705,-0.0005521951179120466,0.0011489766953898066,0.008990126588136322,1200,0.0036369636083705796,0.794310484132675,True,0.05,360,paired cluster influence sandwich; asymptotic Bonferroni bounds,0.0,-0.00045697121754106895,-9.522390037097761e-05
219,1.0,test,state_CO,mlp_base,mlp_stronger:C1:E2,mlp_stronger,mlp,1.0,2.0,1.9948093103901194,0.8265362099231585,0.8101142272787493,0.016421982644409194,0.004640582327781508,0.009725158817489307,1200,0.03334150419037363,0.7746563854545963,True,0.05,360,paired cluster influence sandwich; asymptotic Bonferroni bounds,0.0024985923423422873,0.013485567368839546,0.0004378229332273609
219,1.0,test,state_CO,mlp_base,mlp_stronger:C1:E8,mlp_stronger,mlp,1.0,8.0,7.995742559457445,0.8265362099231585,0.8106617647058824,0.0158744452172761,0.004508507725855039,0.009678515406675154,1200,0.032312423949186445,0.7753739843392156,True,0.05,360,paired cluster influence sandwich; asymptotic Bonferroni bounds,0.0024985923423422873,0.013485567368839546,-0.00010971449390573262
219,1.0,test,state_CO,mlp_base,mlp_stronger:C5:E2,mlp_stronger,mlp,5.0,2.0,1.9948093103901194,0.8265362099231585,0.8144934916534181,0.012042718269740349,0.0034634961829370743,0.009344376328627032,1200,0.024670594288822685,0.7804239793684399,True,0.05,360,paired cluster influence sandwich; asymptotic Bonferroni bounds,0.0024985923423422873,-0.0010360774377318194,0.010580203365129881
219,1.0,test,state_CO,mlp_base,mlp_stronger:C5:E8,mlp_stronger,mlp,5.0,8.0,7.995742559457445,0.8265362099231585,0.8238388894409115,0.002697320482246912,0.001548281137359315,0.009109169139803995,1200,0.008342339622610849,0.7906269404568218,True,0.05,360,paired cluster influence sandwich; asymptotic Bonferroni bounds,0.0024985923423422873,-0.0010360774377318194,0.0012348055776364442
219,1.0,test,state_CO,mlp_base,logistic:C1:E2,logistic,logistic,1.0,2.0,1.9948093103901194,0.8265362099231585,0.8118225647522523,0.01471364517090612,0.004365428312731323,0.009657944694332423,1200,0.030629957645838764,0.7766097850182896,True,0.05,360,paired cluster influence sandwich; asymptotic Bonferroni bounds,0.0006965835320614788,0.008648814255431847,0.005368247383412794
219,1.0,test,state_CO,mlp_base,logistic:C1:E8,logistic,logistic,1.0,8.0,7.995742559457445,0.8265362099231585,0.8157427878245893,0.01079342209856915,0.004051516412369336,0.00952996847124257,1200,0.025565214600240513,0.7809966082522005,True,0.05,360,paired cluster influence sandwich; asymptotic Bonferroni bounds,0.0006965835320614788,0.008648814255431847,0.001448024311075824
219,1.0,test,state_CO,mlp_base,logistic:C5:E2,logistic,logistic,5.0,2.0,1.9948093103901194,0.8265362099231585,0.7804995942633811,0.04603661565977735,0.0058065346886030985,0.010351955648922408,1200,0.06720718905593488,0.7427564568135293,True,0.05,360,paired cluster influence sandwich; asymptotic Bonferroni bounds,0.0006965835320614788,0.0,0.04534003212771587
219,1.0,test,state_CO,mlp_base,logistic:C5:E8,logistic,logistic,5.0,8.0,7.995742559457445,0.8265362099231585,0.8179091315580288,0.008627078365129659,0.002430143867432644,0.009347667381821773,1200,0.017487361109962768,0.7838276201226198,True,0.05,360,paired cluster influence sandwich; asymptotic Bonferroni bounds,0.0006965835320614788,0.0,0.00793049483306818
219,1.0,test,state_UT,mlp_base,mlp_base:C1:E2,mlp_base,mlp,1.0,2.0,1.9909995955023065,0.868017181148374,0.8589196110990128,0.009097570049361181,0.003960460866439972,0.00895848054225097,1102,0.02354119411162242,0.8262484322930812,True,0.05,360,paired cluster influence sandwich; asymptotic Bonferroni bounds,-1.1102230246251565e-16,0.008892276422764467,0.00020529362659682526
219,1.0,test,state_UT,mlp_base,mlp_base:C1:E8,mlp_base,mlp,1.0,8.0,7.998197999765249,0.868017181148374,0.8590863412819396,0.008930839866434392,0.003908707769682409,0.008960494252409044,1102,0.023185722694068565,0.8264078185649142,True,0.05,360,paired cluster influence sandwich; asymptotic Bonferroni bounds,-1.1102230246251565e-16,0.008892276422764467,3.856344367003661e-05
219,1.0,test,state_UT,mlp_base,mlp_base:C5:E2,mlp_base,mlp,5.0,2.0,1.9909995955023065,0.868017181148374,0.8588061892058654,0.009210991942508628,0.0032310568149349433,0.008870777640670844,1102,0.020994511975286324,0.8264548589686513,True,0.05,360,paired cluster influence sandwich; asymptotic Bonferroni bounds,-1.1102230246251565e-16,-0.00025406504065028646,0.009465056983159026
219,1.0,test,state_UT,mlp_base,mlp_base:C5:E8,mlp_base,mlp,5.0,8.0,7.998197999765249,0.868017181148374,0.8677869347052847,0.0002302464430893325,0.0011267567593449127,0.008652797982187897,1102,0.004339478067998346,0.836230566556202,True,0.05,360,paired cluster influence sandwich; asymptotic Bonferroni bounds,-1.1102230246251565e-16,-0.00025406504065028646,0.00048431148373973
219,1.0,test,state_UT,mlp_base,mlp_stronger:C1:E2,mlp_stronger,mlp,1.0,2.0,1.9948093103901194,0.868017181148374,0.8556020207244482,0.012415160423925764,0.004152594210405192,0.009068413443133182,1102,0.027559486218547084,0.8225299215342574,True,0.05,360,paired cluster influence sandwich; asymptotic Bonferroni bounds,0.0007860137195120354,0.011411376669570483,0.00021777003484324542
219,1.0,test,state_UT,mlp_base,mlp_stronger:C1:E8,mlp_stronger,mlp,1.0,8.0,7.995742559457445,0.868017181148374,0.8558821728005227,0.012135008347851306,0.004014210101001362,0.009003627531568803,1102,0.026774653470241556,0.8230463449390291,True,0.05,360,paired cluster influence sandwich; asymptotic Bonferroni bounds,0.0007860137195120354,0.011411376669570483,-6.23820412312126e-05
219,1.0,test,state_UT,mlp_base,mlp_stronger:C5:E2,mlp_stronger,mlp,5.0,2.0,1.9948093103901194,0.868017181148374,0.8588504237441926,0.00916675740418138,0.0031639504975363663,0.009100934599474357,1102,0.020705543691722228,0.825659721347935,True,0.05,360,paired cluster influence sandwich; asymptotic Bonferroni bounds,0.0007860137195120354,-0.0008540668554004593,0.009234810540069804
219,1.0,test,state_UT,mlp_base,mlp_stronger:C5:E8,mlp_stronger,mlp,5.0,8.0,7.995742559457445,0.868017181148374,0.8678033808797908,0.00021380026858319745,0.0012777891467427704,0.008677116321136168,1102,0.004873840271195321,0.8361583248336596,True,0.05,360,paired cluster influence sandwich; asymptotic Bonferroni bounds,0.0007860137195120354,-0.0008540668554004593,0.00028185340447162144
219,1.0,test,state_UT,mlp_base,logistic:C1:E2,logistic,logistic,1.0,2.0,1.9948093103901194,0.868017181148374,0.8528265869991289,0.015190594149245062,0.0039899653382049925,0.00910778013942625,1102,0.02974181970352979,0.819610919224118,True,0.05,360,paired cluster influence sandwich; asymptotic Bonferroni bounds,0.00045482179152145363,0.00787828469802554,0.006857487659698069
219,1.0,test,state_UT,mlp_base,logistic:C1:E8,logistic,logistic,1.0,8.0,7.995742559457445,0.868017181148374,0.8578171502976191,0.010200030850754938,0.0036943485684668336,0.008936829849748917,1102,0.023673155236365304,0.8252249306011782,True,0.05,360,paired cluster influence sandwich; asymptotic Bonferroni bounds,0.00045482179152145363,0.00787828469802554,0.0018669243612079445
219,1.0,test,state_UT,mlp_base,logistic:C5:E2,logistic,logistic,5.0,2.0,1.9948093103901194,0.868017181148374,0.8177123030995934,0.05030487804878059,0.005188394880766152,0.010234704551248065,1102,0.06922672267029034,0.780386792278571,True,0.05,360,paired cluster influence sandwich; asymptotic Bonferroni bounds,0.00045482179152145363,0.0,0.049850056257259134
219,1.0,test,state_UT,mlp_base,logistic:C5:E8,logistic,logistic,5.0,8.0,7.995742559457445,0.868017181148374,0.858253824586237,0.009763356562137004,0.00199176031758958,0.0089812427175476,1102,0.01702721756709462,0.8254996331426576,True,0.05,360,paired cluster influence sandwich; asymptotic Bonferroni bounds,0.00045482179152145363,0.0,0.00930853477061555
