seed,strength,policy,bound_rule,uncertainty_bounds,safety_margin,selected_candidate,n_search_candidates,environment,abstained,failed,auc,gap
300,1.0,standard_c1_source,point,False,0.0,standard_c1:E2,2,state_CO,False,False,0.8258449652124314,0.024799914810257673
300,1.0,standard_c1_source,point,False,0.0,standard_c1:E2,2,state_UT,False,False,0.8413452547919589,0.029151472650771337
300,1.0,standard_c1_source,point,False,0.01,,2,state_CO,True,,,
300,1.0,standard_c1_source,point,False,0.01,,2,state_UT,True,,,
300,1.0,standard_c1_source,sandwich,True,0.0,,2,state_CO,True,,,
300,1.0,standard_c1_source,sandwich,True,0.0,,2,state_UT,True,,,
300,1.0,standard_c1_source,sandwich,True,0.01,,2,state_CO,True,,,
300,1.0,standard_c1_source,sandwich,True,0.01,,2,state_UT,True,,,
300,1.0,standard_c1_source,concentration,True,0.0,,2,state_CO,True,,,
300,1.0,standard_c1_source,concentration,True,0.0,,2,state_UT,True,,,
300,1.0,standard_c1_source,concentration,True,0.01,,2,state_CO,True,,,
300,1.0,standard_c1_source,concentration,True,0.01,,2,state_UT,True,,,
300,1.0,standard_c1_shift,point,False,0.0,standard_c1:E2,2,state_CO,False,False,0.8258449652124314,0.024799914810257673
300,1.0,standard_c1_shift,point,False,0.0,standard_c1:E2,2,state_UT,False,False,0.8413452547919589,0.029151472650771337
300,1.0,standard_c1_shift,point,False,0.01,,2,state_CO,True,,,
300,1.0,standard_c1_shift,point,False,0.01,,2,state_UT,True,,,
300,1.0,standard_c1_shift,sandwich,True,0.0,,2,state_CO,True,,,
300,1.0,standard_c1_shift,sandwich,True,0.0,,2,state_UT,True,,,
300,1.0,standard_c1_shift,sandwich,True,0.01,,2,state_CO,True,,,
300,1.0,standard_c1_shift,sandwich,True,0.01,,2,state_UT,True,,,
300,1.0,standard_c1_shift,concentration,True,0.0,,2,state_CO,True,,,
300,1.0,standard_c1_shift,concentration,True,0.0,,2,state_UT,True,,,
300,1.0,standard_c1_shift,concentration,True,0.01,,2,state_CO,True,,,
300,1.0,standard_c1_shift,concentration,True,0.01,,2,state_UT,True,,,
300,1.0,standard_c5_source,point,False,0.0,standard_c5:E2,2,state_CO,False,False,0.8313970590561018,0.01924782096658728
300,1.0,standard_c5_source,point,False,0.0,standard_c5:E2,2,state_UT,False,False,0.8502232351566154,0.020273492286114858
300,1.0,standard_c5_source,point,False,0.01,standard_c5:E2,2,state_CO,False,False,0.8313970590561018,0.01924782096658728
300,1.0,standard_c5_source,point,False,0.01,standard_c5:E2,2,state_UT,False,False,0.8502232351566154,0.020273492286114858
300,1.0,standard_c5_source,sandwich,True,0.0,standard_c5:E2,2,state_CO,False,False,0.8313970590561018,0.01924782096658728
300,1.0,standard_c5_source,sandwich,True,0.0,standard_c5:E2,2,state_UT,False,False,0.8502232351566154,0.020273492286114858
300,1.0,standard_c5_source,sandwich,True,0.01,standard_c5:E2,2,state_CO,False,False,0.8313970590561018,0.01924782096658728
300,1.0,standard_c5_source,sandwich,True,0.01,standard_c5:E2,2,state_UT,False,False,0.8502232351566154,0.020273492286114858
300,1.0,standard_c5_source,concentration,True,0.0,,2,state_CO,True,,,
300,1.0,standard_c5_source,concentration,True,0.0,,2,state_UT,True,,,
300,1.0,standard_c5_source,concentration,True,0.01,,2,state_CO,True,,,
300,1.0,standard_c5_source,concentration,True,0.01,,2,state_UT,True,,,
300,1.0,standard_c5_shift,point,False,0.0,standard_c5:E2,2,state_CO,False,False,0.8313970590561018,0.01924782096658728
300,1.0,standard_c5_shift,point,False,0.0,standard_c5:E2,2,state_UT,False,False,0.8502232351566154,0.020273492286114858
300,1.0,standard_c5_shift,point,False,0.01,standard_c5:E8,2,state_CO,False,False,0.8484761263127708,0.002168753709918314
300,1.0,standard_c5_shift,point,False,0.01,standard_c5:E8,2,state_UT,False,False,0.8676005142589995,0.002896213183730678
300,1.0,standard_c5_shift,sandwich,True,0.0,standard_c5:E8,2,state_CO,False,False,0.8484761263127708,0.002168753709918314
300,1.0,standard_c5_shift,sandwich,True,0.0,standard_c5:E8,2,state_UT,False,False,0.8676005142589995,0.002896213183730678
300,1.0,standard_c5_shift,sandwich,True,0.01,standard_c5:E8,2,state_CO,False,False,0.8484761263127708,0.002168753709918314
300,1.0,standard_c5_shift,sandwich,True,0.01,standard_c5:E8,2,state_UT,False,False,0.8676005142589995,0.002896213183730678
300,1.0,standard_c5_shift,concentration,True,0.0,,2,state_CO,True,,,
300,1.0,standard_c5_shift,concentration,True,0.0,,2,state_UT,True,,,
300,1.0,standard_c5_shift,concentration,True,0.01,,2,state_CO,True,,,
300,1.0,standard_c5_shift,concentration,True,0.01,,2,state_UT,True,,,
300,1.0,auto_s_source,point,False,0.0,auto_s:E2,2,state_CO,False,False,0.8211811431240386,0.02946373689865056
300,1.0,auto_s_source,point,False,0.0,auto_s:E2,2,state_UT,False,True,0.8364159654043946,0.034080762038335655
300,1.0,auto_s_source,point,False,0.01,,2,state_CO,True,,,
300,1.0,auto_s_source,point,False,0.01,,2,state_UT,True,,,
300,1.0,auto_s_source,sandwich,True,0.0,,2,state_CO,True,,,
300,1.0,auto_s_source,sandwich,True,0.0,,2,state_UT,True,,,
300,1.0,auto_s_source,sandwich,True,0.01,,2,state_CO,True,,,
300,1.0,auto_s_source,sandwich,True,0.01,,2,state_UT,True,,,
300,1.0,auto_s_source,concentration,True,0.0,,2,state_CO,True,,,
300,1.0,auto_s_source,concentration,True,0.0,,2,state_UT,True,,,
300,1.0,auto_s_source,concentration,True,0.01,,2,state_CO,True,,,
300,1.0,auto_s_source,concentration,True,0.01,,2,state_UT,True,,,
300,1.0,auto_s_shift,point,False,0.0,,2,state_CO,True,,,
300,1.0,auto_s_shift,point,False,0.0,,2,state_UT,True,,,
300,1.0,auto_s_shift,point,False,0.01,,2,state_CO,True,,,
300,1.0,auto_s_shift,point,False,0.01,,2,state_UT,True,,,
300,1.0,auto_s_shift,sandwich,True,0.0,,2,state_CO,True,,,
300,1.0,auto_s_shift,sandwich,True,0.0,,2,state_UT,True,,,
300,1.0,auto_s_shift,sandwich,True,0.01,,2,state_CO,True,,,
300,1.0,auto_s_shift,sandwich,True,0.01,,2,state_UT,True,,,
300,1.0,auto_s_shift,concentration,True,0.0,,2,state_CO,True,,,
300,1.0,auto_s_shift,concentration,True,0.0,,2,state_UT,True,,,
300,1.0,auto_s_shift,concentration,True,0.01,,2,state_CO,True,,,
300,1.0,auto_s_shift,concentration,True,0.01,,2,state_UT,True,,,
300,1.0,standard_joint_source,point,False,0.0,standard_c5:E2,4,state_CO,False,False,0.8313970590561018,0.01924782096658728
300,1.0,standard_joint_source,point,False,0.0,standard_c5:E2,4,state_UT,False,False,0.8502232351566154,0.020273492286114858
300,1.0,standard_joint_source,point,False,0.01,standard_c5:E2,4,state_CO,False,False,0.8313970590561018,0.01924782096658728
300,1.0,standard_joint_source,point,False,0.01,standard_c5:E2,4,state_UT,False,False,0.8502232351566154,0.020273492286114858
300,1.0,standard_joint_source,sandwich,True,0.0,standard_c5:E2,4,state_CO,False,False,0.8313970590561018,0.01924782096658728
300,1.0,standard_joint_source,sandwich,True,0.0,standard_c5:E2,4,state_UT,False,False,0.8502232351566154,0.020273492286114858
300,1.0,standard_joint_source,sandwich,True,0.01,standard_c5:E2,4,state_CO,False,False,0.8313970590561018,0.01924782096658728
300,1.0,standard_joint_source,sandwich,True,0.01,standard_c5:E2,4,state_UT,False,False,0.8502232351566154,0.020273492286114858
300,1.0,standard_joint_source,concentration,True,0.0,,4,state_CO,True,,,
300,1.0,standard_joint_source,concentration,True,0.0,,4,state_UT,True,,,
300,1.0,standard_joint_source,concentration,True,0.01,,4,state_CO,True,,,
300,1.0,standard_joint_source,concentration,True,0.01,,4,state_UT,True,,,
300,1.0,standard_joint_shift,point,False,0.0,standard_c5:E2,4,state_CO,False,False,0.8313970590561018,0.01924782096658728
300,1.0,standard_joint_shift,point,False,0.0,standard_c5:E2,4,state_UT,False,False,0.8502232351566154,0.020273492286114858
300,1.0,standard_joint_shift,point,False,0.01,standard_c5:E8,4,state_CO,False,False,0.8484761263127708,0.002168753709918314
300,1.0,standard_joint_shift,point,False,0.01,standard_c5:E8,4,state_UT,False,False,0.8676005142589995,0.002896213183730678
300,1.0,standard_joint_shift,sandwich,True,0.0,standard_c5:E8,4,state_CO,False,False,0.8484761263127708,0.002168753709918314
300,1.0,standard_joint_shift,sandwich,True,0.0,standard_c5:E8,4,state_UT,False,False,0.8676005142589995,0.002896213183730678
300,1.0,standard_joint_shift,sandwich,True,0.01,standard_c5:E8,4,state_CO,False,False,0.8484761263127708,0.002168753709918314
300,1.0,standard_joint_shift,sandwich,True,0.01,standard_c5:E8,4,state_UT,False,False,0.8676005142589995,0.002896213183730678
300,1.0,standard_joint_shift,concentration,True,0.0,,4,state_CO,True,,,
300,1.0,standard_joint_shift,concentration,True,0.0,,4,state_UT,True,,,
300,1.0,standard_joint_shift,concentration,True,0.01,,4,state_CO,True,,,
300,1.0,standard_joint_shift,concentration,True,0.01,,4,state_UT,True,,,
300,1.0,combined_source,point,False,0.0,standard_c5:E2,6,state_CO,False,False,0.8313970590561018,0.01924782096658728
300,1.0,combined_source,point,False,0.0,standard_c5:E2,6,state_UT,False,False,0.8502232351566154,0.020273492286114858
300,1.0,combined_source,point,False,0.01,standard_c5:E2,6,state_CO,False,False,0.8313970590561018,0.01924782096658728
300,1.0,combined_source,point,False,0.01,standard_c5:E2,6,state_UT,False,False,0.8502232351566154,0.020273492286114858
300,1.0,combined_source,sandwich,True,0.0,standard_c5:E2,6,state_CO,False,False,0.8313970590561018,0.01924782096658728
300,1.0,combined_source,sandwich,True,0.0,standard_c5:E2,6,state_UT,False,False,0.8502232351566154,0.020273492286114858
300,1.0,combined_source,sandwich,True,0.01,standard_c5:E2,6,state_CO,False,False,0.8313970590561018,0.01924782096658728
300,1.0,combined_source,sandwich,True,0.01,standard_c5:E2,6,state_UT,False,False,0.8502232351566154,0.020273492286114858
300,1.0,combined_source,concentration,True,0.0,,6,state_CO,True,,,
300,1.0,combined_source,concentration,True,0.0,,6,state_UT,True,,,
300,1.0,combined_source,concentration,True,0.01,,6,state_CO,True,,,
300,1.0,combined_source,concentration,True,0.01,,6,state_UT,True,,,
300,1.0,combined_shift,point,False,0.0,standard_c5:E2,6,state_CO,False,False,0.8313970590561018,0.01924782096658728
300,1.0,combined_shift,point,False,0.0,standard_c5:E2,6,state_UT,False,False,0.8502232351566154,0.020273492286114858
300,1.0,combined_shift,point,False,0.01,standard_c5:E8,6,state_CO,False,False,0.8484761263127708,0.002168753709918314
300,1.0,combined_shift,point,False,0.01,standard_c5:E8,6,state_UT,False,False,0.8676005142589995,0.002896213183730678
300,1.0,combined_shift,sandwich,True,0.0,standard_c5:E8,6,state_CO,False,False,0.8484761263127708,0.002168753709918314
300,1.0,combined_shift,sandwich,True,0.0,standard_c5:E8,6,state_UT,False,False,0.8676005142589995,0.002896213183730678
300,1.0,combined_shift,sandwich,True,0.01,standard_c5:E8,6,state_CO,False,False,0.8484761263127708,0.002168753709918314
300,1.0,combined_shift,sandwich,True,0.01,standard_c5:E8,6,state_UT,False,False,0.8676005142589995,0.002896213183730678
300,1.0,combined_shift,concentration,True,0.0,,6,state_CO,True,,,
300,1.0,combined_shift,concentration,True,0.0,,6,state_UT,True,,,
300,1.0,combined_shift,concentration,True,0.01,,6,state_CO,True,,,
300,1.0,combined_shift,concentration,True,0.01,,6,state_UT,True,,,
301,1.0,standard_c1_source,point,False,0.0,standard_c1:E2,2,state_CO,False,False,0.8277606725692505,0.015614979427426623
301,1.0,standard_c1_source,point,False,0.0,standard_c1:E2,2,state_UT,False,False,0.8482610827492718,0.023079807331775615
301,1.0,standard_c1_source,point,False,0.01,,2,state_CO,True,,,
301,1.0,standard_c1_source,point,False,0.01,,2,state_UT,True,,,
301,1.0,standard_c1_source,sandwich,True,0.0,,2,state_CO,True,,,
301,1.0,standard_c1_source,sandwich,True,0.0,,2,state_UT,True,,,
301,1.0,standard_c1_source,sandwich,True,0.01,,2,state_CO,True,,,
301,1.0,standard_c1_source,sandwich,True,0.01,,2,state_UT,True,,,
301,1.0,standard_c1_source,concentration,True,0.0,,2,state_CO,True,,,
301,1.0,standard_c1_source,concentration,True,0.0,,2,state_UT,True,,,
301,1.0,standard_c1_source,concentration,True,0.01,,2,state_CO,True,,,
301,1.0,standard_c1_source,concentration,True,0.01,,2,state_UT,True,,,
301,1.0,standard_c1_shift,point,False,0.0,standard_c1:E2,2,state_CO,False,False,0.8277606725692505,0.015614979427426623
301,1.0,standard_c1_shift,point,False,0.0,standard_c1:E2,2,state_UT,False,False,0.8482610827492718,0.023079807331775615
301,1.0,standard_c1_shift,point,False,0.01,,2,state_CO,True,,,
301,1.0,standard_c1_shift,point,False,0.01,,2,state_UT,True,,,
301,1.0,standard_c1_shift,sandwich,True,0.0,,2,state_CO,True,,,
301,1.0,standard_c1_shift,sandwich,True,0.0,,2,state_UT,True,,,
301,1.0,standard_c1_shift,sandwich,True,0.01,,2,state_CO,True,,,
301,1.0,standard_c1_shift,sandwich,True,0.01,,2,state_UT,True,,,
301,1.0,standard_c1_shift,concentration,True,0.0,,2,state_CO,True,,,
301,1.0,standard_c1_shift,concentration,True,0.0,,2,state_UT,True,,,
301,1.0,standard_c1_shift,concentration,True,0.01,,2,state_CO,True,,,
301,1.0,standard_c1_shift,concentration,True,0.01,,2,state_UT,True,,,
301,1.0,standard_c5_source,point,False,0.0,standard_c5:E2,2,state_CO,False,False,0.832066655755019,0.011308996241658043
301,1.0,standard_c5_source,point,False,0.0,standard_c5:E2,2,state_UT,False,False,0.8658019670618096,0.0055389230192378625
301,1.0,standard_c5_source,point,False,0.01,standard_c5:E2,2,state_CO,False,False,0.832066655755019,0.011308996241658043
301,1.0,standard_c5_source,point,False,0.01,standard_c5:E2,2,state_UT,False,False,0.8658019670618096,0.0055389230192378625
301,1.0,standard_c5_source,sandwich,True,0.0,standard_c5:E2,2,state_CO,False,False,0.832066655755019,0.011308996241658043
301,1.0,standard_c5_source,sandwich,True,0.0,standard_c5:E2,2,state_UT,False,False,0.8658019670618096,0.0055389230192378625
301,1.0,standard_c5_source,sandwich,True,0.01,standard_c5:E8,2,state_CO,False,False,0.8431908745685525,0.00018477742812461617
301,1.0,standard_c5_source,sandwich,True,0.01,standard_c5:E8,2,state_UT,False,False,0.8706382855989157,0.0007026044821317745
301,1.0,standard_c5_source,concentration,True,0.0,,2,state_CO,True,,,
301,1.0,standard_c5_source,concentration,True,0.0,,2,state_UT,True,,,
301,1.0,standard_c5_source,concentration,True,0.01,,2,state_CO,True,,,
301,1.0,standard_c5_source,concentration,True,0.01,,2,state_UT,True,,,
301,1.0,standard_c5_shift,point,False,0.0,standard_c5:E2,2,state_CO,False,False,0.832066655755019,0.011308996241658043
301,1.0,standard_c5_shift,point,False,0.0,standard_c5:E2,2,state_UT,False,False,0.8658019670618096,0.0055389230192378625
301,1.0,standard_c5_shift,point,False,0.01,standard_c5:E2,2,state_CO,False,False,0.832066655755019,0.011308996241658043
301,1.0,standard_c5_shift,point,False,0.01,standard_c5:E2,2,state_UT,False,False,0.8658019670618096,0.0055389230192378625
301,1.0,standard_c5_shift,sandwich,True,0.0,standard_c5:E2,2,state_CO,False,False,0.832066655755019,0.011308996241658043
301,1.0,standard_c5_shift,sandwich,True,0.0,standard_c5:E2,2,state_UT,False,False,0.8658019670618096,0.0055389230192378625
301,1.0,standard_c5_shift,sandwich,True,0.01,standard_c5:E8,2,state_CO,False,False,0.8431908745685525,0.00018477742812461617
301,1.0,standard_c5_shift,sandwich,True,0.01,standard_c5:E8,2,state_UT,False,False,0.8706382855989157,0.0007026044821317745
301,1.0,standard_c5_shift,concentration,True,0.0,,2,state_CO,True,,,
301,1.0,standard_c5_shift,concentration,True,0.0,,2,state_UT,True,,,
301,1.0,standard_c5_shift,concentration,True,0.01,,2,state_CO,True,,,
301,1.0,standard_c5_shift,concentration,True,0.01,,2,state_UT,True,,,
301,1.0,auto_s_source,point,False,0.0,,2,state_CO,True,,,
301,1.0,auto_s_source,point,False,0.0,,2,state_UT,True,,,
301,1.0,auto_s_source,point,False,0.01,,2,state_CO,True,,,
301,1.0,auto_s_source,point,False,0.01,,2,state_UT,True,,,
301,1.0,auto_s_source,sandwich,True,0.0,,2,state_CO,True,,,
301,1.0,auto_s_source,sandwich,True,0.0,,2,state_UT,True,,,
301,1.0,auto_s_source,sandwich,True,0.01,,2,state_CO,True,,,
301,1.0,auto_s_source,sandwich,True,0.01,,2,state_UT,True,,,
301,1.0,auto_s_source,concentration,True,0.0,,2,state_CO,True,,,
301,1.0,auto_s_source,concentration,True,0.0,,2,state_UT,True,,,
301,1.0,auto_s_source,concentration,True,0.01,,2,state_CO,True,,,
301,1.0,auto_s_source,concentration,True,0.01,,2,state_UT,True,,,
301,1.0,auto_s_shift,point,False,0.0,,2,state_CO,True,,,
301,1.0,auto_s_shift,point,False,0.0,,2,state_UT,True,,,
301,1.0,auto_s_shift,point,False,0.01,,2,state_CO,True,,,
301,1.0,auto_s_shift,point,False,0.01,,2,state_UT,True,,,
301,1.0,auto_s_shift,sandwich,True,0.0,,2,state_CO,True,,,
301,1.0,auto_s_shift,sandwich,True,0.0,,2,state_UT,True,,,
301,1.0,auto_s_shift,sandwich,True,0.01,,2,state_CO,True,,,
301,1.0,auto_s_shift,sandwich,True,0.01,,2,state_UT,True,,,
301,1.0,auto_s_shift,concentration,True,0.0,,2,state_CO,True,,,
301,1.0,auto_s_shift,concentration,True,0.0,,2,state_UT,True,,,
301,1.0,auto_s_shift,concentration,True,0.01,,2,state_CO,True,,,
301,1.0,auto_s_shift,concentration,True,0.01,,2,state_UT,True,,,
301,1.0,standard_joint_source,point,False,0.0,standard_c5:E2,4,state_CO,False,False,0.832066655755019,0.011308996241658043
301,1.0,standard_joint_source,point,False,0.0,standard_c5:E2,4,state_UT,False,False,0.8658019670618096,0.0055389230192378625
301,1.0,standard_joint_source,point,False,0.01,standard_c5:E2,4,state_CO,False,False,0.832066655755019,0.011308996241658043
301,1.0,standard_joint_source,point,False,0.01,standard_c5:E2,4,state_UT,False,False,0.8658019670618096,0.0055389230192378625
301,1.0,standard_joint_source,sandwich,True,0.0,standard_c5:E2,4,state_CO,False,False,0.832066655755019,0.011308996241658043
301,1.0,standard_joint_source,sandwich,True,0.0,standard_c5:E2,4,state_UT,False,False,0.8658019670618096,0.0055389230192378625
301,1.0,standard_joint_source,sandwich,True,0.01,standard_c5:E8,4,state_CO,False,False,0.8431908745685525,0.00018477742812461617
301,1.0,standard_joint_source,sandwich,True,0.01,standard_c5:E8,4,state_UT,False,False,0.8706382855989157,0.0007026044821317745
301,1.0,standard_joint_source,concentration,True,0.0,,4,state_CO,True,,,
301,1.0,standard_joint_source,concentration,True,0.0,,4,state_UT,True,,,
301,1.0,standard_joint_source,concentration,True,0.01,,4,state_CO,True,,,
301,1.0,standard_joint_source,concentration,True,0.01,,4,state_UT,True,,,
301,1.0,standard_joint_shift,point,False,0.0,standard_c5:E2,4,state_CO,False,False,0.832066655755019,0.011308996241658043
301,1.0,standard_joint_shift,point,False,0.0,standard_c5:E2,4,state_UT,False,False,0.8658019670618096,0.0055389230192378625
301,1.0,standard_joint_shift,point,False,0.01,standard_c5:E2,4,state_CO,False,False,0.832066655755019,0.011308996241658043
301,1.0,standard_joint_shift,point,False,0.01,standard_c5:E2,4,state_UT,False,False,0.8658019670618096,0.0055389230192378625
301,1.0,standard_joint_shift,sandwich,True,0.0,standard_c5:E2,4,state_CO,False,False,0.832066655755019,0.011308996241658043
301,1.0,standard_joint_shift,sandwich,True,0.0,standard_c5:E2,4,state_UT,False,False,0.8658019670618096,0.0055389230192378625
301,1.0,standard_joint_shift,sandwich,True,0.01,standard_c5:E8,4,state_CO,False,False,0.8431908745685525,0.00018477742812461617
301,1.0,standard_joint_shift,sandwich,True,0.01,standard_c5:E8,4,state_UT,False,False,0.8706382855989157,0.0007026044821317745
301,1.0,standard_joint_shift,concentration,True,0.0,,4,state_CO,True,,,
301,1.0,standard_joint_shift,concentration,True,0.0,,4,state_UT,True,,,
301,1.0,standard_joint_shift,concentration,True,0.01,,4,state_CO,True,,,
301,1.0,standard_joint_shift,concentration,True,0.01,,4,state_UT,True,,,
301,1.0,combined_source,point,False,0.0,standard_c5:E2,6,state_CO,False,False,0.832066655755019,0.011308996241658043
301,1.0,combined_source,point,False,0.0,standard_c5:E2,6,state_UT,False,False,0.8658019670618096,0.0055389230192378625
301,1.0,combined_source,point,False,0.01,standard_c5:E2,6,state_CO,False,False,0.832066655755019,0.011308996241658043
301,1.0,combined_source,point,False,0.01,standard_c5:E2,6,state_UT,False,False,0.8658019670618096,0.0055389230192378625
301,1.0,combined_source,sandwich,True,0.0,standard_c5:E2,6,state_CO,False,False,0.832066655755019,0.011308996241658043
301,1.0,combined_source,sandwich,True,0.0,standard_c5:E2,6,state_UT,False,False,0.8658019670618096,0.0055389230192378625
301,1.0,combined_source,sandwich,True,0.01,standard_c5:E8,6,state_CO,False,False,0.8431908745685525,0.00018477742812461617
301,1.0,combined_source,sandwich,True,0.01,standard_c5:E8,6,state_UT,False,False,0.8706382855989157,0.0007026044821317745
301,1.0,combined_source,concentration,True,0.0,,6,state_CO,True,,,
301,1.0,combined_source,concentration,True,0.0,,6,state_UT,True,,,
301,1.0,combined_source,concentration,True,0.01,,6,state_CO,True,,,
301,1.0,combined_source,concentration,True,0.01,,6,state_UT,True,,,
301,1.0,combined_shift,point,False,0.0,standard_c5:E2,6,state_CO,False,False,0.832066655755019,0.011308996241658043
301,1.0,combined_shift,point,False,0.0,standard_c5:E2,6,state_UT,False,False,0.8658019670618096,0.0055389230192378625
301,1.0,combined_shift,point,False,0.01,standard_c5:E2,6,state_CO,False,False,0.832066655755019,0.011308996241658043
301,1.0,combined_shift,point,False,0.01,standard_c5:E2,6,state_UT,False,False,0.8658019670618096,0.0055389230192378625
301,1.0,combined_shift,sandwich,True,0.0,standard_c5:E2,6,state_CO,False,False,0.832066655755019,0.011308996241658043
301,1.0,combined_shift,sandwich,True,0.0,standard_c5:E2,6,state_UT,False,False,0.8658019670618096,0.0055389230192378625
301,1.0,combined_shift,sandwich,True,0.01,standard_c5:E8,6,state_CO,False,False,0.8431908745685525,0.00018477742812461617
301,1.0,combined_shift,sandwich,True,0.01,standard_c5:E8,6,state_UT,False,False,0.8706382855989157,0.0007026044821317745
301,1.0,combined_shift,concentration,True,0.0,,6,state_CO,True,,,
301,1.0,combined_shift,concentration,True,0.0,,6,state_UT,True,,,
301,1.0,combined_shift,concentration,True,0.01,,6,state_CO,True,,,
301,1.0,combined_shift,concentration,True,0.01,,6,state_UT,True,,,
302,1.0,standard_c1_source,point,False,0.0,standard_c1:E2,2,state_CO,False,False,0.8228239756718487,0.018991022595925444
302,1.0,standard_c1_source,point,False,0.0,standard_c1:E2,2,state_UT,False,False,0.8517002011609331,0.020635106955933402
302,1.0,standard_c1_source,point,False,0.01,,2,state_CO,True,,,
302,1.0,standard_c1_source,point,False,0.01,,2,state_UT,True,,,
302,1.0,standard_c1_source,sandwich,True,0.0,,2,state_CO,True,,,
302,1.0,standard_c1_source,sandwich,True,0.0,,2,state_UT,True,,,
302,1.0,standard_c1_source,sandwich,True,0.01,,2,state_CO,True,,,
302,1.0,standard_c1_source,sandwich,True,0.01,,2,state_UT,True,,,
302,1.0,standard_c1_source,concentration,True,0.0,,2,state_CO,True,,,
302,1.0,standard_c1_source,concentration,True,0.0,,2,state_UT,True,,,
302,1.0,standard_c1_source,concentration,True,0.01,,2,state_CO,True,,,
302,1.0,standard_c1_source,concentration,True,0.01,,2,state_UT,True,,,
302,1.0,standard_c1_shift,point,False,0.0,,2,state_CO,True,,,
302,1.0,standard_c1_shift,point,False,0.0,,2,state_UT,True,,,
302,1.0,standard_c1_shift,point,False,0.01,,2,state_CO,True,,,
302,1.0,standard_c1_shift,point,False,0.01,,2,state_UT,True,,,
302,1.0,standard_c1_shift,sandwich,True,0.0,,2,state_CO,True,,,
302,1.0,standard_c1_shift,sandwich,True,0.0,,2,state_UT,True,,,
302,1.0,standard_c1_shift,sandwich,True,0.01,,2,state_CO,True,,,
302,1.0,standard_c1_shift,sandwich,True,0.01,,2,state_UT,True,,,
302,1.0,standard_c1_shift,concentration,True,0.0,,2,state_CO,True,,,
302,1.0,standard_c1_shift,concentration,True,0.0,,2,state_UT,True,,,
302,1.0,standard_c1_shift,concentration,True,0.01,,2,state_CO,True,,,
302,1.0,standard_c1_shift,concentration,True,0.01,,2,state_UT,True,,,
302,1.0,standard_c5_source,point,False,0.0,standard_c5:E2,2,state_CO,False,False,0.832329890729314,0.009485107538460213
302,1.0,standard_c5_source,point,False,0.0,standard_c5:E2,2,state_UT,False,False,0.8710291430175982,0.001306165099268397
302,1.0,standard_c5_source,point,False,0.01,standard_c5:E2,2,state_CO,False,False,0.832329890729314,0.009485107538460213
302,1.0,standard_c5_source,point,False,0.01,standard_c5:E2,2,state_UT,False,False,0.8710291430175982,0.001306165099268397
302,1.0,standard_c5_source,sandwich,True,0.0,standard_c5:E2,2,state_CO,False,False,0.832329890729314,0.009485107538460213
302,1.0,standard_c5_source,sandwich,True,0.0,standard_c5:E2,2,state_UT,False,False,0.8710291430175982,0.001306165099268397
302,1.0,standard_c5_source,sandwich,True,0.01,standard_c5:E2,2,state_CO,False,False,0.832329890729314,0.009485107538460213
302,1.0,standard_c5_source,sandwich,True,0.01,standard_c5:E2,2,state_UT,False,False,0.8710291430175982,0.001306165099268397
302,1.0,standard_c5_source,concentration,True,0.0,,2,state_CO,True,,,
302,1.0,standard_c5_source,concentration,True,0.0,,2,state_UT,True,,,
302,1.0,standard_c5_source,concentration,True,0.01,,2,state_CO,True,,,
302,1.0,standard_c5_source,concentration,True,0.01,,2,state_UT,True,,,
302,1.0,standard_c5_shift,point,False,0.0,standard_c5:E2,2,state_CO,False,False,0.832329890729314,0.009485107538460213
302,1.0,standard_c5_shift,point,False,0.0,standard_c5:E2,2,state_UT,False,False,0.8710291430175982,0.001306165099268397
302,1.0,standard_c5_shift,point,False,0.01,standard_c5:E2,2,state_CO,False,False,0.832329890729314,0.009485107538460213
302,1.0,standard_c5_shift,point,False,0.01,standard_c5:E2,2,state_UT,False,False,0.8710291430175982,0.001306165099268397
302,1.0,standard_c5_shift,sandwich,True,0.0,standard_c5:E2,2,state_CO,False,False,0.832329890729314,0.009485107538460213
302,1.0,standard_c5_shift,sandwich,True,0.0,standard_c5:E2,2,state_UT,False,False,0.8710291430175982,0.001306165099268397
302,1.0,standard_c5_shift,sandwich,True,0.01,standard_c5:E8,2,state_CO,False,False,0.8432579997107754,-0.0014430014430012461
302,1.0,standard_c5_shift,sandwich,True,0.01,standard_c5:E8,2,state_UT,False,False,0.8749131141277579,-0.0025778060108913037
302,1.0,standard_c5_shift,concentration,True,0.0,,2,state_CO,True,,,
302,1.0,standard_c5_shift,concentration,True,0.0,,2,state_UT,True,,,
302,1.0,standard_c5_shift,concentration,True,0.01,,2,state_CO,True,,,
302,1.0,standard_c5_shift,concentration,True,0.01,,2,state_UT,True,,,
302,1.0,auto_s_source,point,False,0.0,auto_s:E2,2,state_CO,False,False,0.8162774100048793,0.025537588262894872
302,1.0,auto_s_source,point,False,0.0,auto_s:E2,2,state_UT,False,False,0.8466107604988056,0.025724547618060978
302,1.0,auto_s_source,point,False,0.01,,2,state_CO,True,,,
302,1.0,auto_s_source,point,False,0.01,,2,state_UT,True,,,
302,1.0,auto_s_source,sandwich,True,0.0,,2,state_CO,True,,,
302,1.0,auto_s_source,sandwich,True,0.0,,2,state_UT,True,,,
302,1.0,auto_s_source,sandwich,True,0.01,,2,state_CO,True,,,
302,1.0,auto_s_source,sandwich,True,0.01,,2,state_UT,True,,,
302,1.0,auto_s_source,concentration,True,0.0,,2,state_CO,True,,,
302,1.0,auto_s_source,concentration,True,0.0,,2,state_UT,True,,,
302,1.0,auto_s_source,concentration,True,0.01,,2,state_CO,True,,,
302,1.0,auto_s_source,concentration,True,0.01,,2,state_UT,True,,,
302,1.0,auto_s_shift,point,False,0.0,,2,state_CO,True,,,
302,1.0,auto_s_shift,point,False,0.0,,2,state_UT,True,,,
302,1.0,auto_s_shift,point,False,0.01,,2,state_CO,True,,,
302,1.0,auto_s_shift,point,False,0.01,,2,state_UT,True,,,
302,1.0,auto_s_shift,sandwich,True,0.0,,2,state_CO,True,,,
302,1.0,auto_s_shift,sandwich,True,0.0,,2,state_UT,True,,,
302,1.0,auto_s_shift,sandwich,True,0.01,,2,state_CO,True,,,
302,1.0,auto_s_shift,sandwich,True,0.01,,2,state_UT,True,,,
302,1.0,auto_s_shift,concentration,True,0.0,,2,state_CO,True,,,
302,1.0,auto_s_shift,concentration,True,0.0,,2,state_UT,True,,,
302,1.0,auto_s_shift,concentration,True,0.01,,2,state_CO,True,,,
302,1.0,auto_s_shift,concentration,True,0.01,,2,state_UT,True,,,
302,1.0,standard_joint_source,point,False,0.0,standard_c5:E2,4,state_CO,False,False,0.832329890729314,0.009485107538460213
302,1.0,standard_joint_source,point,False,0.0,standard_c5:E2,4,state_UT,False,False,0.8710291430175982,0.001306165099268397
302,1.0,standard_joint_source,point,False,0.01,standard_c5:E2,4,state_CO,False,False,0.832329890729314,0.009485107538460213
302,1.0,standard_joint_source,point,False,0.01,standard_c5:E2,4,state_UT,False,False,0.8710291430175982,0.001306165099268397
302,1.0,standard_joint_source,sandwich,True,0.0,standard_c5:E2,4,state_CO,False,False,0.832329890729314,0.009485107538460213
302,1.0,standard_joint_source,sandwich,True,0.0,standard_c5:E2,4,state_UT,False,False,0.8710291430175982,0.001306165099268397
302,1.0,standard_joint_source,sandwich,True,0.01,standard_c5:E2,4,state_CO,False,False,0.832329890729314,0.009485107538460213
302,1.0,standard_joint_source,sandwich,True,0.01,standard_c5:E2,4,state_UT,False,False,0.8710291430175982,0.001306165099268397
302,1.0,standard_joint_source,concentration,True,0.0,,4,state_CO,True,,,
302,1.0,standard_joint_source,concentration,True,0.0,,4,state_UT,True,,,
302,1.0,standard_joint_source,concentration,True,0.01,,4,state_CO,True,,,
302,1.0,standard_joint_source,concentration,True,0.01,,4,state_UT,True,,,
302,1.0,standard_joint_shift,point,False,0.0,standard_c5:E2,4,state_CO,False,False,0.832329890729314,0.009485107538460213
302,1.0,standard_joint_shift,point,False,0.0,standard_c5:E2,4,state_UT,False,False,0.8710291430175982,0.001306165099268397
302,1.0,standard_joint_shift,point,False,0.01,standard_c5:E2,4,state_CO,False,False,0.832329890729314,0.009485107538460213
302,1.0,standard_joint_shift,point,False,0.01,standard_c5:E2,4,state_UT,False,False,0.8710291430175982,0.001306165099268397
302,1.0,standard_joint_shift,sandwich,True,0.0,standard_c5:E2,4,state_CO,False,False,0.832329890729314,0.009485107538460213
302,1.0,standard_joint_shift,sandwich,True,0.0,standard_c5:E2,4,state_UT,False,False,0.8710291430175982,0.001306165099268397
302,1.0,standard_joint_shift,sandwich,True,0.01,standard_c5:E8,4,state_CO,False,False,0.8432579997107754,-0.0014430014430012461
302,1.0,standard_joint_shift,sandwich,True,0.01,standard_c5:E8,4,state_UT,False,False,0.8749131141277579,-0.0025778060108913037
302,1.0,standard_joint_shift,concentration,True,0.0,,4,state_CO,True,,,
302,1.0,standard_joint_shift,concentration,True,0.0,,4,state_UT,True,,,
302,1.0,standard_joint_shift,concentration,True,0.01,,4,state_CO,True,,,
302,1.0,standard_joint_shift,concentration,True,0.01,,4,state_UT,True,,,
302,1.0,combined_source,point,False,0.0,standard_c5:E2,6,state_CO,False,False,0.832329890729314,0.009485107538460213
302,1.0,combined_source,point,False,0.0,standard_c5:E2,6,state_UT,False,False,0.8710291430175982,0.001306165099268397
302,1.0,combined_source,point,False,0.01,standard_c5:E2,6,state_CO,False,False,0.832329890729314,0.009485107538460213
302,1.0,combined_source,point,False,0.01,standard_c5:E2,6,state_UT,False,False,0.8710291430175982,0.001306165099268397
302,1.0,combined_source,sandwich,True,0.0,standard_c5:E2,6,state_CO,False,False,0.832329890729314,0.009485107538460213
302,1.0,combined_source,sandwich,True,0.0,standard_c5:E2,6,state_UT,False,False,0.8710291430175982,0.001306165099268397
302,1.0,combined_source,sandwich,True,0.01,standard_c5:E2,6,state_CO,False,False,0.832329890729314,0.009485107538460213
302,1.0,combined_source,sandwich,True,0.01,standard_c5:E2,6,state_UT,False,False,0.8710291430175982,0.001306165099268397
302,1.0,combined_source,concentration,True,0.0,,6,state_CO,True,,,
302,1.0,combined_source,concentration,True,0.0,,6,state_UT,True,,,
302,1.0,combined_source,concentration,True,0.01,,6,state_CO,True,,,
302,1.0,combined_source,concentration,True,0.01,,6,state_UT,True,,,
302,1.0,combined_shift,point,False,0.0,standard_c5:E2,6,state_CO,False,False,0.832329890729314,0.009485107538460213
302,1.0,combined_shift,point,False,0.0,standard_c5:E2,6,state_UT,False,False,0.8710291430175982,0.001306165099268397
302,1.0,combined_shift,point,False,0.01,standard_c5:E2,6,state_CO,False,False,0.832329890729314,0.009485107538460213
302,1.0,combined_shift,point,False,0.01,standard_c5:E2,6,state_UT,False,False,0.8710291430175982,0.001306165099268397
302,1.0,combined_shift,sandwich,True,0.0,standard_c5:E2,6,state_CO,False,False,0.832329890729314,0.009485107538460213
302,1.0,combined_shift,sandwich,True,0.0,standard_c5:E2,6,state_UT,False,False,0.8710291430175982,0.001306165099268397
302,1.0,combined_shift,sandwich,True,0.01,standard_c5:E8,6,state_CO,False,False,0.8432579997107754,-0.0014430014430012461
302,1.0,combined_shift,sandwich,True,0.01,standard_c5:E8,6,state_UT,False,False,0.8749131141277579,-0.0025778060108913037
302,1.0,combined_shift,concentration,True,0.0,,6,state_CO,True,,,
302,1.0,combined_shift,concentration,True,0.0,,6,state_UT,True,,,
302,1.0,combined_shift,concentration,True,0.01,,6,state_CO,True,,,
302,1.0,combined_shift,concentration,True,0.01,,6,state_UT,True,,,
303,1.0,standard_c1_source,point,False,0.0,standard_c1:E2,2,state_CO,False,False,0.8162634503275313,0.028552813122796117
303,1.0,standard_c1_source,point,False,0.0,standard_c1:E2,2,state_UT,False,False,0.8403043565319375,0.027476758488515052
303,1.0,standard_c1_source,point,False,0.01,,2,state_CO,True,,,
303,1.0,standard_c1_source,point,False,0.01,,2,state_UT,True,,,
303,1.0,standard_c1_source,sandwich,True,0.0,,2,state_CO,True,,,
303,1.0,standard_c1_source,sandwich,True,0.0,,2,state_UT,True,,,
303,1.0,standard_c1_source,sandwich,True,0.01,,2,state_CO,True,,,
303,1.0,standard_c1_source,sandwich,True,0.01,,2,state_UT,True,,,
303,1.0,standard_c1_source,concentration,True,0.0,,2,state_CO,True,,,
303,1.0,standard_c1_source,concentration,True,0.0,,2,state_UT,True,,,
303,1.0,standard_c1_source,concentration,True,0.01,,2,state_CO,True,,,
303,1.0,standard_c1_source,concentration,True,0.01,,2,state_UT,True,,,
303,1.0,standard_c1_shift,point,False,0.0,,2,state_CO,True,,,
303,1.0,standard_c1_shift,point,False,0.0,,2,state_UT,True,,,
303,1.0,standard_c1_shift,point,False,0.01,,2,state_CO,True,,,
303,1.0,standard_c1_shift,point,False,0.01,,2,state_UT,True,,,
303,1.0,standard_c1_shift,sandwich,True,0.0,,2,state_CO,True,,,
303,1.0,standard_c1_shift,sandwich,True,0.0,,2,state_UT,True,,,
303,1.0,standard_c1_shift,sandwich,True,0.01,,2,state_CO,True,,,
303,1.0,standard_c1_shift,sandwich,True,0.01,,2,state_UT,True,,,
303,1.0,standard_c1_shift,concentration,True,0.0,,2,state_CO,True,,,
303,1.0,standard_c1_shift,concentration,True,0.0,,2,state_UT,True,,,
303,1.0,standard_c1_shift,concentration,True,0.01,,2,state_CO,True,,,
303,1.0,standard_c1_shift,concentration,True,0.01,,2,state_UT,True,,,
303,1.0,standard_c5_source,point,False,0.0,standard_c5:E2,2,state_CO,False,False,0.8328238747715982,0.011992388678729204
303,1.0,standard_c5_source,point,False,0.0,standard_c5:E2,2,state_UT,False,False,0.8558871821276353,0.01189393289281726
303,1.0,standard_c5_source,point,False,0.01,standard_c5:E2,2,state_CO,False,False,0.8328238747715982,0.011992388678729204
303,1.0,standard_c5_source,point,False,0.01,standard_c5:E2,2,state_UT,False,False,0.8558871821276353,0.01189393289281726
303,1.0,standard_c5_source,sandwich,True,0.0,standard_c5:E2,2,state_CO,False,False,0.8328238747715982,0.011992388678729204
303,1.0,standard_c5_source,sandwich,True,0.0,standard_c5:E2,2,state_UT,False,False,0.8558871821276353,0.01189393289281726
303,1.0,standard_c5_source,sandwich,True,0.01,standard_c5:E8,2,state_CO,False,False,0.8419221382965059,0.0028941251538215917
303,1.0,standard_c5_source,sandwich,True,0.01,standard_c5:E8,2,state_UT,False,False,0.864348522554993,0.003432592465459572
303,1.0,standard_c5_source,concentration,True,0.0,,2,state_CO,True,,,
303,1.0,standard_c5_source,concentration,True,0.0,,2,state_UT,True,,,
303,1.0,standard_c5_source,concentration,True,0.01,,2,state_CO,True,,,
303,1.0,standard_c5_source,concentration,True,0.01,,2,state_UT,True,,,
303,1.0,standard_c5_shift,point,False,0.0,standard_c5:E2,2,state_CO,False,False,0.8328238747715982,0.011992388678729204
303,1.0,standard_c5_shift,point,False,0.0,standard_c5:E2,2,state_UT,False,False,0.8558871821276353,0.01189393289281726
303,1.0,standard_c5_shift,point,False,0.01,standard_c5:E8,2,state_CO,False,False,0.8419221382965059,0.0028941251538215917
303,1.0,standard_c5_shift,point,False,0.01,standard_c5:E8,2,state_UT,False,False,0.864348522554993,0.003432592465459572
303,1.0,standard_c5_shift,sandwich,True,0.0,standard_c5:E8,2,state_CO,False,False,0.8419221382965059,0.0028941251538215917
303,1.0,standard_c5_shift,sandwich,True,0.0,standard_c5:E8,2,state_UT,False,False,0.864348522554993,0.003432592465459572
303,1.0,standard_c5_shift,sandwich,True,0.01,standard_c5:E8,2,state_CO,False,False,0.8419221382965059,0.0028941251538215917
303,1.0,standard_c5_shift,sandwich,True,0.01,standard_c5:E8,2,state_UT,False,False,0.864348522554993,0.003432592465459572
303,1.0,standard_c5_shift,concentration,True,0.0,,2,state_CO,True,,,
303,1.0,standard_c5_shift,concentration,True,0.0,,2,state_UT,True,,,
303,1.0,standard_c5_shift,concentration,True,0.01,,2,state_CO,True,,,
303,1.0,standard_c5_shift,concentration,True,0.01,,2,state_UT,True,,,
303,1.0,auto_s_source,point,False,0.0,auto_s:E8,2,state_CO,False,True,0.8114561364982951,0.03336012695203239
303,1.0,auto_s_source,point,False,0.0,auto_s:E8,2,state_UT,False,False,0.8398461054377986,0.027935009582653936
303,1.0,auto_s_source,point,False,0.01,,2,state_CO,True,,,
303,1.0,auto_s_source,point,False,0.01,,2,state_UT,True,,,
303,1.0,auto_s_source,sandwich,True,0.0,,2,state_CO,True,,,
303,1.0,auto_s_source,sandwich,True,0.0,,2,state_UT,True,,,
303,1.0,auto_s_source,sandwich,True,0.01,,2,state_CO,True,,,
303,1.0,auto_s_source,sandwich,True,0.01,,2,state_UT,True,,,
303,1.0,auto_s_source,concentration,True,0.0,,2,state_CO,True,,,
303,1.0,auto_s_source,concentration,True,0.0,,2,state_UT,True,,,
303,1.0,auto_s_source,concentration,True,0.01,,2,state_CO,True,,,
303,1.0,auto_s_source,concentration,True,0.01,,2,state_UT,True,,,
303,1.0,auto_s_shift,point,False,0.0,,2,state_CO,True,,,
303,1.0,auto_s_shift,point,False,0.0,,2,state_UT,True,,,
303,1.0,auto_s_shift,point,False,0.01,,2,state_CO,True,,,
303,1.0,auto_s_shift,point,False,0.01,,2,state_UT,True,,,
303,1.0,auto_s_shift,sandwich,True,0.0,,2,state_CO,True,,,
303,1.0,auto_s_shift,sandwich,True,0.0,,2,state_UT,True,,,
303,1.0,auto_s_shift,sandwich,True,0.01,,2,state_CO,True,,,
303,1.0,auto_s_shift,sandwich,True,0.01,,2,state_UT,True,,,
303,1.0,auto_s_shift,concentration,True,0.0,,2,state_CO,True,,,
303,1.0,auto_s_shift,concentration,True,0.0,,2,state_UT,True,,,
303,1.0,auto_s_shift,concentration,True,0.01,,2,state_CO,True,,,
303,1.0,auto_s_shift,concentration,True,0.01,,2,state_UT,True,,,
303,1.0,standard_joint_source,point,False,0.0,standard_c5:E2,4,state_CO,False,False,0.8328238747715982,0.011992388678729204
303,1.0,standard_joint_source,point,False,0.0,standard_c5:E2,4,state_UT,False,False,0.8558871821276353,0.01189393289281726
303,1.0,standard_joint_source,point,False,0.01,standard_c5:E2,4,state_CO,False,False,0.8328238747715982,0.011992388678729204
303,1.0,standard_joint_source,point,False,0.01,standard_c5:E2,4,state_UT,False,False,0.8558871821276353,0.01189393289281726
303,1.0,standard_joint_source,sandwich,True,0.0,standard_c5:E2,4,state_CO,False,False,0.8328238747715982,0.011992388678729204
303,1.0,standard_joint_source,sandwich,True,0.0,standard_c5:E2,4,state_UT,False,False,0.8558871821276353,0.01189393289281726
303,1.0,standard_joint_source,sandwich,True,0.01,standard_c5:E8,4,state_CO,False,False,0.8419221382965059,0.0028941251538215917
303,1.0,standard_joint_source,sandwich,True,0.01,standard_c5:E8,4,state_UT,False,False,0.864348522554993,0.003432592465459572
303,1.0,standard_joint_source,concentration,True,0.0,,4,state_CO,True,,,
303,1.0,standard_joint_source,concentration,True,0.0,,4,state_UT,True,,,
303,1.0,standard_joint_source,concentration,True,0.01,,4,state_CO,True,,,
303,1.0,standard_joint_source,concentration,True,0.01,,4,state_UT,True,,,
303,1.0,standard_joint_shift,point,False,0.0,standard_c5:E2,4,state_CO,False,False,0.8328238747715982,0.011992388678729204
303,1.0,standard_joint_shift,point,False,0.0,standard_c5:E2,4,state_UT,False,False,0.8558871821276353,0.01189393289281726
303,1.0,standard_joint_shift,point,False,0.01,standard_c5:E8,4,state_CO,False,False,0.8419221382965059,0.0028941251538215917
303,1.0,standard_joint_shift,point,False,0.01,standard_c5:E8,4,state_UT,False,False,0.864348522554993,0.003432592465459572
303,1.0,standard_joint_shift,sandwich,True,0.0,standard_c5:E8,4,state_CO,False,False,0.8419221382965059,0.0028941251538215917
303,1.0,standard_joint_shift,sandwich,True,0.0,standard_c5:E8,4,state_UT,False,False,0.864348522554993,0.003432592465459572
303,1.0,standard_joint_shift,sandwich,True,0.01,standard_c5:E8,4,state_CO,False,False,0.8419221382965059,0.0028941251538215917
303,1.0,standard_joint_shift,sandwich,True,0.01,standard_c5:E8,4,state_UT,False,False,0.864348522554993,0.003432592465459572
303,1.0,standard_joint_shift,concentration,True,0.0,,4,state_CO,True,,,
303,1.0,standard_joint_shift,concentration,True,0.0,,4,state_UT,True,,,
303,1.0,standard_joint_shift,concentration,True,0.01,,4,state_CO,True,,,
303,1.0,standard_joint_shift,concentration,True,0.01,,4,state_UT,True,,,
303,1.0,combined_source,point,False,0.0,standard_c5:E2,6,state_CO,False,False,0.8328238747715982,0.011992388678729204
303,1.0,combined_source,point,False,0.0,standard_c5:E2,6,state_UT,False,False,0.8558871821276353,0.01189393289281726
303,1.0,combined_source,point,False,0.01,standard_c5:E2,6,state_CO,False,False,0.8328238747715982,0.011992388678729204
303,1.0,combined_source,point,False,0.01,standard_c5:E2,6,state_UT,False,False,0.8558871821276353,0.01189393289281726
303,1.0,combined_source,sandwich,True,0.0,standard_c5:E2,6,state_CO,False,False,0.8328238747715982,0.011992388678729204
303,1.0,combined_source,sandwich,True,0.0,standard_c5:E2,6,state_UT,False,False,0.8558871821276353,0.01189393289281726
303,1.0,combined_source,sandwich,True,0.01,standard_c5:E8,6,state_CO,False,False,0.8419221382965059,0.0028941251538215917
303,1.0,combined_source,sandwich,True,0.01,standard_c5:E8,6,state_UT,False,False,0.864348522554993,0.003432592465459572
303,1.0,combined_source,concentration,True,0.0,,6,state_CO,True,,,
303,1.0,combined_source,concentration,True,0.0,,6,state_UT,True,,,
303,1.0,combined_source,concentration,True,0.01,,6,state_CO,True,,,
303,1.0,combined_source,concentration,True,0.01,,6,state_UT,True,,,
303,1.0,combined_shift,point,False,0.0,standard_c5:E2,6,state_CO,False,False,0.8328238747715982,0.011992388678729204
303,1.0,combined_shift,point,False,0.0,standard_c5:E2,6,state_UT,False,False,0.8558871821276353,0.01189393289281726
303,1.0,combined_shift,point,False,0.01,standard_c5:E8,6,state_CO,False,False,0.8419221382965059,0.0028941251538215917
303,1.0,combined_shift,point,False,0.01,standard_c5:E8,6,state_UT,False,False,0.864348522554993,0.003432592465459572
303,1.0,combined_shift,sandwich,True,0.0,standard_c5:E8,6,state_CO,False,False,0.8419221382965059,0.0028941251538215917
303,1.0,combined_shift,sandwich,True,0.0,standard_c5:E8,6,state_UT,False,False,0.864348522554993,0.003432592465459572
303,1.0,combined_shift,sandwich,True,0.01,standard_c5:E8,6,state_CO,False,False,0.8419221382965059,0.0028941251538215917
303,1.0,combined_shift,sandwich,True,0.01,standard_c5:E8,6,state_UT,False,False,0.864348522554993,0.003432592465459572
303,1.0,combined_shift,concentration,True,0.0,,6,state_CO,True,,,
303,1.0,combined_shift,concentration,True,0.0,,6,state_UT,True,,,
303,1.0,combined_shift,concentration,True,0.01,,6,state_CO,True,,,
303,1.0,combined_shift,concentration,True,0.01,,6,state_UT,True,,,
304,1.0,standard_c1_source,point,False,0.0,standard_c1:E2,2,state_CO,False,False,0.8231705252823609,0.02301416353872654
304,1.0,standard_c1_source,point,False,0.0,standard_c1:E2,2,state_UT,False,False,0.837052374848558,0.01744090503665785
304,1.0,standard_c1_source,point,False,0.01,,2,state_CO,True,,,
304,1.0,standard_c1_source,point,False,0.01,,2,state_UT,True,,,
304,1.0,standard_c1_source,sandwich,True,0.0,,2,state_CO,True,,,
304,1.0,standard_c1_source,sandwich,True,0.0,,2,state_UT,True,,,
304,1.0,standard_c1_source,sandwich,True,0.01,,2,state_CO,True,,,
304,1.0,standard_c1_source,sandwich,True,0.01,,2,state_UT,True,,,
304,1.0,standard_c1_source,concentration,True,0.0,,2,state_CO,True,,,
304,1.0,standard_c1_source,concentration,True,0.0,,2,state_UT,True,,,
304,1.0,standard_c1_source,concentration,True,0.01,,2,state_CO,True,,,
304,1.0,standard_c1_source,concentration,True,0.01,,2,state_UT,True,,,
304,1.0,standard_c1_shift,point,False,0.0,standard_c1:E2,2,state_CO,False,False,0.8231705252823609,0.02301416353872654
304,1.0,standard_c1_shift,point,False,0.0,standard_c1:E2,2,state_UT,False,False,0.837052374848558,0.01744090503665785
304,1.0,standard_c1_shift,point,False,0.01,,2,state_CO,True,,,
304,1.0,standard_c1_shift,point,False,0.01,,2,state_UT,True,,,
304,1.0,standard_c1_shift,sandwich,True,0.0,,2,state_CO,True,,,
304,1.0,standard_c1_shift,sandwich,True,0.0,,2,state_UT,True,,,
304,1.0,standard_c1_shift,sandwich,True,0.01,,2,state_CO,True,,,
304,1.0,standard_c1_shift,sandwich,True,0.01,,2,state_UT,True,,,
304,1.0,standard_c1_shift,concentration,True,0.0,,2,state_CO,True,,,
304,1.0,standard_c1_shift,concentration,True,0.0,,2,state_UT,True,,,
304,1.0,standard_c1_shift,concentration,True,0.01,,2,state_CO,True,,,
304,1.0,standard_c1_shift,concentration,True,0.01,,2,state_UT,True,,,
304,1.0,standard_c5_source,point,False,0.0,standard_c5:E2,2,state_CO,False,False,0.8384977846989772,0.007686904122110261
304,1.0,standard_c5_source,point,False,0.0,standard_c5:E2,2,state_UT,False,False,0.8560652166768101,-0.0015719367915942861
304,1.0,standard_c5_source,point,False,0.01,standard_c5:E2,2,state_CO,False,False,0.8384977846989772,0.007686904122110261
304,1.0,standard_c5_source,point,False,0.01,standard_c5:E2,2,state_UT,False,False,0.8560652166768101,-0.0015719367915942861
304,1.0,standard_c5_source,sandwich,True,0.0,standard_c5:E2,2,state_CO,False,False,0.8384977846989772,0.007686904122110261
304,1.0,standard_c5_source,sandwich,True,0.0,standard_c5:E2,2,state_UT,False,False,0.8560652166768101,-0.0015719367915942861
304,1.0,standard_c5_source,sandwich,True,0.01,standard_c5:E2,2,state_CO,False,False,0.8384977846989772,0.007686904122110261
304,1.0,standard_c5_source,sandwich,True,0.01,standard_c5:E2,2,state_UT,False,False,0.8560652166768101,-0.0015719367915942861
304,1.0,standard_c5_source,concentration,True,0.0,,2,state_CO,True,,,
304,1.0,standard_c5_source,concentration,True,0.0,,2,state_UT,True,,,
304,1.0,standard_c5_source,concentration,True,0.01,,2,state_CO,True,,,
304,1.0,standard_c5_source,concentration,True,0.01,,2,state_UT,True,,,
304,1.0,standard_c5_shift,point,False,0.0,standard_c5:E2,2,state_CO,False,False,0.8384977846989772,0.007686904122110261
304,1.0,standard_c5_shift,point,False,0.0,standard_c5:E2,2,state_UT,False,False,0.8560652166768101,-0.0015719367915942861
304,1.0,standard_c5_shift,point,False,0.01,standard_c5:E2,2,state_CO,False,False,0.8384977846989772,0.007686904122110261
304,1.0,standard_c5_shift,point,False,0.01,standard_c5:E2,2,state_UT,False,False,0.8560652166768101,-0.0015719367915942861
304,1.0,standard_c5_shift,sandwich,True,0.0,standard_c5:E2,2,state_CO,False,False,0.8384977846989772,0.007686904122110261
304,1.0,standard_c5_shift,sandwich,True,0.0,standard_c5:E2,2,state_UT,False,False,0.8560652166768101,-0.0015719367915942861
304,1.0,standard_c5_shift,sandwich,True,0.01,standard_c5:E2,2,state_CO,False,False,0.8384977846989772,0.007686904122110261
304,1.0,standard_c5_shift,sandwich,True,0.01,standard_c5:E2,2,state_UT,False,False,0.8560652166768101,-0.0015719367915942861
304,1.0,standard_c5_shift,concentration,True,0.0,,2,state_CO,True,,,
304,1.0,standard_c5_shift,concentration,True,0.0,,2,state_UT,True,,,
304,1.0,standard_c5_shift,concentration,True,0.01,,2,state_CO,True,,,
304,1.0,standard_c5_shift,concentration,True,0.01,,2,state_UT,True,,,
304,1.0,auto_s_source,point,False,0.0,,2,state_CO,True,,,
304,1.0,auto_s_source,point,False,0.0,,2,state_UT,True,,,
304,1.0,auto_s_source,point,False,0.01,,2,state_CO,True,,,
304,1.0,auto_s_source,point,False,0.01,,2,state_UT,True,,,
304,1.0,auto_s_source,sandwich,True,0.0,,2,state_CO,True,,,
304,1.0,auto_s_source,sandwich,True,0.0,,2,state_UT,True,,,
304,1.0,auto_s_source,sandwich,True,0.01,,2,state_CO,True,,,
304,1.0,auto_s_source,sandwich,True,0.01,,2,state_UT,True,,,
304,1.0,auto_s_source,concentration,True,0.0,,2,state_CO,True,,,
304,1.0,auto_s_source,concentration,True,0.0,,2,state_UT,True,,,
304,1.0,auto_s_source,concentration,True,0.01,,2,state_CO,True,,,
304,1.0,auto_s_source,concentration,True,0.01,,2,state_UT,True,,,
304,1.0,auto_s_shift,point,False,0.0,,2,state_CO,True,,,
304,1.0,auto_s_shift,point,False,0.0,,2,state_UT,True,,,
304,1.0,auto_s_shift,point,False,0.01,,2,state_CO,True,,,
304,1.0,auto_s_shift,point,False,0.01,,2,state_UT,True,,,
304,1.0,auto_s_shift,sandwich,True,0.0,,2,state_CO,True,,,
304,1.0,auto_s_shift,sandwich,True,0.0,,2,state_UT,True,,,
304,1.0,auto_s_shift,sandwich,True,0.01,,2,state_CO,True,,,
304,1.0,auto_s_shift,sandwich,True,0.01,,2,state_UT,True,,,
304,1.0,auto_s_shift,concentration,True,0.0,,2,state_CO,True,,,
304,1.0,auto_s_shift,concentration,True,0.0,,2,state_UT,True,,,
304,1.0,auto_s_shift,concentration,True,0.01,,2,state_CO,True,,,
304,1.0,auto_s_shift,concentration,True,0.01,,2,state_UT,True,,,
304,1.0,standard_joint_source,point,False,0.0,standard_c5:E2,4,state_CO,False,False,0.8384977846989772,0.007686904122110261
304,1.0,standard_joint_source,point,False,0.0,standard_c5:E2,4,state_UT,False,False,0.8560652166768101,-0.0015719367915942861
304,1.0,standard_joint_source,point,False,0.01,standard_c5:E2,4,state_CO,False,False,0.8384977846989772,0.007686904122110261
304,1.0,standard_joint_source,point,False,0.01,standard_c5:E2,4,state_UT,False,False,0.8560652166768101,-0.0015719367915942861
304,1.0,standard_joint_source,sandwich,True,0.0,standard_c5:E2,4,state_CO,False,False,0.8384977846989772,0.007686904122110261
304,1.0,standard_joint_source,sandwich,True,0.0,standard_c5:E2,4,state_UT,False,False,0.8560652166768101,-0.0015719367915942861
304,1.0,standard_joint_source,sandwich,True,0.01,standard_c5:E2,4,state_CO,False,False,0.8384977846989772,0.007686904122110261
304,1.0,standard_joint_source,sandwich,True,0.01,standard_c5:E2,4,state_UT,False,False,0.8560652166768101,-0.0015719367915942861
304,1.0,standard_joint_source,concentration,True,0.0,,4,state_CO,True,,,
304,1.0,standard_joint_source,concentration,True,0.0,,4,state_UT,True,,,
304,1.0,standard_joint_source,concentration,True,0.01,,4,state_CO,True,,,
304,1.0,standard_joint_source,concentration,True,0.01,,4,state_UT,True,,,
304,1.0,standard_joint_shift,point,False,0.0,standard_c5:E2,4,state_CO,False,False,0.8384977846989772,0.007686904122110261
304,1.0,standard_joint_shift,point,False,0.0,standard_c5:E2,4,state_UT,False,False,0.8560652166768101,-0.0015719367915942861
304,1.0,standard_joint_shift,point,False,0.01,standard_c5:E2,4,state_CO,False,False,0.8384977846989772,0.007686904122110261
304,1.0,standard_joint_shift,point,False,0.01,standard_c5:E2,4,state_UT,False,False,0.8560652166768101,-0.0015719367915942861
304,1.0,standard_joint_shift,sandwich,True,0.0,standard_c5:E2,4,state_CO,False,False,0.8384977846989772,0.007686904122110261
304,1.0,standard_joint_shift,sandwich,True,0.0,standard_c5:E2,4,state_UT,False,False,0.8560652166768101,-0.0015719367915942861
304,1.0,standard_joint_shift,sandwich,True,0.01,standard_c5:E2,4,state_CO,False,False,0.8384977846989772,0.007686904122110261
304,1.0,standard_joint_shift,sandwich,True,0.01,standard_c5:E2,4,state_UT,False,False,0.8560652166768101,-0.0015719367915942861
304,1.0,standard_joint_shift,concentration,True,0.0,,4,state_CO,True,,,
304,1.0,standard_joint_shift,concentration,True,0.0,,4,state_UT,True,,,
304,1.0,standard_joint_shift,concentration,True,0.01,,4,state_CO,True,,,
304,1.0,standard_joint_shift,concentration,True,0.01,,4,state_UT,True,,,
304,1.0,combined_source,point,False,0.0,standard_c5:E2,6,state_CO,False,False,0.8384977846989772,0.007686904122110261
304,1.0,combined_source,point,False,0.0,standard_c5:E2,6,state_UT,False,False,0.8560652166768101,-0.0015719367915942861
304,1.0,combined_source,point,False,0.01,standard_c5:E2,6,state_CO,False,False,0.8384977846989772,0.007686904122110261
304,1.0,combined_source,point,False,0.01,standard_c5:E2,6,state_UT,False,False,0.8560652166768101,-0.0015719367915942861
304,1.0,combined_source,sandwich,True,0.0,standard_c5:E2,6,state_CO,False,False,0.8384977846989772,0.007686904122110261
304,1.0,combined_source,sandwich,True,0.0,standard_c5:E2,6,state_UT,False,False,0.8560652166768101,-0.0015719367915942861
304,1.0,combined_source,sandwich,True,0.01,standard_c5:E2,6,state_CO,False,False,0.8384977846989772,0.007686904122110261
304,1.0,combined_source,sandwich,True,0.01,standard_c5:E2,6,state_UT,False,False,0.8560652166768101,-0.0015719367915942861
304,1.0,combined_source,concentration,True,0.0,,6,state_CO,True,,,
304,1.0,combined_source,concentration,True,0.0,,6,state_UT,True,,,
304,1.0,combined_source,concentration,True,0.01,,6,state_CO,True,,,
304,1.0,combined_source,concentration,True,0.01,,6,state_UT,True,,,
304,1.0,combined_shift,point,False,0.0,standard_c5:E2,6,state_CO,False,False,0.8384977846989772,0.007686904122110261
304,1.0,combined_shift,point,False,0.0,standard_c5:E2,6,state_UT,False,False,0.8560652166768101,-0.0015719367915942861
304,1.0,combined_shift,point,False,0.01,standard_c5:E2,6,state_CO,False,False,0.8384977846989772,0.007686904122110261
304,1.0,combined_shift,point,False,0.01,standard_c5:E2,6,state_UT,False,False,0.8560652166768101,-0.0015719367915942861
304,1.0,combined_shift,sandwich,True,0.0,standard_c5:E2,6,state_CO,False,False,0.8384977846989772,0.007686904122110261
304,1.0,combined_shift,sandwich,True,0.0,standard_c5:E2,6,state_UT,False,False,0.8560652166768101,-0.0015719367915942861
304,1.0,combined_shift,sandwich,True,0.01,standard_c5:E2,6,state_CO,False,False,0.8384977846989772,0.007686904122110261
304,1.0,combined_shift,sandwich,True,0.01,standard_c5:E2,6,state_UT,False,False,0.8560652166768101,-0.0015719367915942861
304,1.0,combined_shift,concentration,True,0.0,,6,state_CO,True,,,
304,1.0,combined_shift,concentration,True,0.0,,6,state_UT,True,,,
304,1.0,combined_shift,concentration,True,0.01,,6,state_CO,True,,,
304,1.0,combined_shift,concentration,True,0.01,,6,state_UT,True,,,
305,1.0,standard_c1_source,point,False,0.0,standard_c1:E2,2,state_CO,False,False,0.8245233787338125,0.024687557588246145
305,1.0,standard_c1_source,point,False,0.0,standard_c1:E2,2,state_UT,False,False,0.824956722346933,0.020698408603240348
305,1.0,standard_c1_source,point,False,0.01,,2,state_CO,True,,,
305,1.0,standard_c1_source,point,False,0.01,,2,state_UT,True,,,
305,1.0,standard_c1_source,sandwich,True,0.0,,2,state_CO,True,,,
305,1.0,standard_c1_source,sandwich,True,0.0,,2,state_UT,True,,,
305,1.0,standard_c1_source,sandwich,True,0.01,,2,state_CO,True,,,
305,1.0,standard_c1_source,sandwich,True,0.01,,2,state_UT,True,,,
305,1.0,standard_c1_source,concentration,True,0.0,,2,state_CO,True,,,
305,1.0,standard_c1_source,concentration,True,0.0,,2,state_UT,True,,,
305,1.0,standard_c1_source,concentration,True,0.01,,2,state_CO,True,,,
305,1.0,standard_c1_source,concentration,True,0.01,,2,state_UT,True,,,
305,1.0,standard_c1_shift,point,False,0.0,,2,state_CO,True,,,
305,1.0,standard_c1_shift,point,False,0.0,,2,state_UT,True,,,
305,1.0,standard_c1_shift,point,False,0.01,,2,state_CO,True,,,
305,1.0,standard_c1_shift,point,False,0.01,,2,state_UT,True,,,
305,1.0,standard_c1_shift,sandwich,True,0.0,,2,state_CO,True,,,
305,1.0,standard_c1_shift,sandwich,True,0.0,,2,state_UT,True,,,
305,1.0,standard_c1_shift,sandwich,True,0.01,,2,state_CO,True,,,
305,1.0,standard_c1_shift,sandwich,True,0.01,,2,state_UT,True,,,
305,1.0,standard_c1_shift,concentration,True,0.0,,2,state_CO,True,,,
305,1.0,standard_c1_shift,concentration,True,0.0,,2,state_UT,True,,,
305,1.0,standard_c1_shift,concentration,True,0.01,,2,state_CO,True,,,
305,1.0,standard_c1_shift,concentration,True,0.01,,2,state_UT,True,,,
305,1.0,standard_c5_source,point,False,0.0,standard_c5:E2,2,state_CO,False,False,0.8280634852825385,0.021147451039520204
305,1.0,standard_c5_source,point,False,0.0,standard_c5:E2,2,state_UT,False,True,0.8116042850347429,0.034050845915430394
305,1.0,standard_c5_source,point,False,0.01,standard_c5:E2,2,state_CO,False,False,0.8280634852825385,0.021147451039520204
305,1.0,standard_c5_source,point,False,0.01,standard_c5:E2,2,state_UT,False,True,0.8116042850347429,0.034050845915430394
305,1.0,standard_c5_source,sandwich,True,0.0,standard_c5:E2,2,state_CO,False,False,0.8280634852825385,0.021147451039520204
305,1.0,standard_c5_source,sandwich,True,0.0,standard_c5:E2,2,state_UT,False,True,0.8116042850347429,0.034050845915430394
305,1.0,standard_c5_source,sandwich,True,0.01,standard_c5:E8,2,state_CO,False,False,0.8448478413831232,0.004363094938935497
305,1.0,standard_c5_source,sandwich,True,0.01,standard_c5:E8,2,state_UT,False,False,0.8381052968622407,0.007549834087932639
305,1.0,standard_c5_source,concentration,True,0.0,,2,state_CO,True,,,
305,1.0,standard_c5_source,concentration,True,0.0,,2,state_UT,True,,,
305,1.0,standard_c5_source,concentration,True,0.01,,2,state_CO,True,,,
305,1.0,standard_c5_source,concentration,True,0.01,,2,state_UT,True,,,
305,1.0,standard_c5_shift,point,False,0.0,standard_c5:E8,2,state_CO,False,False,0.8448478413831232,0.004363094938935497
305,1.0,standard_c5_shift,point,False,0.0,standard_c5:E8,2,state_UT,False,False,0.8381052968622407,0.007549834087932639
305,1.0,standard_c5_shift,point,False,0.01,standard_c5:E8,2,state_CO,False,False,0.8448478413831232,0.004363094938935497
305,1.0,standard_c5_shift,point,False,0.01,standard_c5:E8,2,state_UT,False,False,0.8381052968622407,0.007549834087932639
305,1.0,standard_c5_shift,sandwich,True,0.0,standard_c5:E8,2,state_CO,False,False,0.8448478413831232,0.004363094938935497
305,1.0,standard_c5_shift,sandwich,True,0.0,standard_c5:E8,2,state_UT,False,False,0.8381052968622407,0.007549834087932639
305,1.0,standard_c5_shift,sandwich,True,0.01,standard_c5:E8,2,state_CO,False,False,0.8448478413831232,0.004363094938935497
305,1.0,standard_c5_shift,sandwich,True,0.01,standard_c5:E8,2,state_UT,False,False,0.8381052968622407,0.007549834087932639
305,1.0,standard_c5_shift,concentration,True,0.0,,2,state_CO,True,,,
305,1.0,standard_c5_shift,concentration,True,0.0,,2,state_UT,True,,,
305,1.0,standard_c5_shift,concentration,True,0.01,,2,state_CO,True,,,
305,1.0,standard_c5_shift,concentration,True,0.01,,2,state_UT,True,,,
305,1.0,auto_s_source,point,False,0.0,,2,state_CO,True,,,
305,1.0,auto_s_source,point,False,0.0,,2,state_UT,True,,,
305,1.0,auto_s_source,point,False,0.01,,2,state_CO,True,,,
305,1.0,auto_s_source,point,False,0.01,,2,state_UT,True,,,
305,1.0,auto_s_source,sandwich,True,0.0,,2,state_CO,True,,,
305,1.0,auto_s_source,sandwich,True,0.0,,2,state_UT,True,,,
305,1.0,auto_s_source,sandwich,True,0.01,,2,state_CO,True,,,
305,1.0,auto_s_source,sandwich,True,0.01,,2,state_UT,True,,,
305,1.0,auto_s_source,concentration,True,0.0,,2,state_CO,True,,,
305,1.0,auto_s_source,concentration,True,0.0,,2,state_UT,True,,,
305,1.0,auto_s_source,concentration,True,0.01,,2,state_CO,True,,,
305,1.0,auto_s_source,concentration,True,0.01,,2,state_UT,True,,,
305,1.0,auto_s_shift,point,False,0.0,,2,state_CO,True,,,
305,1.0,auto_s_shift,point,False,0.0,,2,state_UT,True,,,
305,1.0,auto_s_shift,point,False,0.01,,2,state_CO,True,,,
305,1.0,auto_s_shift,point,False,0.01,,2,state_UT,True,,,
305,1.0,auto_s_shift,sandwich,True,0.0,,2,state_CO,True,,,
305,1.0,auto_s_shift,sandwich,True,0.0,,2,state_UT,True,,,
305,1.0,auto_s_shift,sandwich,True,0.01,,2,state_CO,True,,,
305,1.0,auto_s_shift,sandwich,True,0.01,,2,state_UT,True,,,
305,1.0,auto_s_shift,concentration,True,0.0,,2,state_CO,True,,,
305,1.0,auto_s_shift,concentration,True,0.0,,2,state_UT,True,,,
305,1.0,auto_s_shift,concentration,True,0.01,,2,state_CO,True,,,
305,1.0,auto_s_shift,concentration,True,0.01,,2,state_UT,True,,,
305,1.0,standard_joint_source,point,False,0.0,standard_c5:E2,4,state_CO,False,False,0.8280634852825385,0.021147451039520204
305,1.0,standard_joint_source,point,False,0.0,standard_c5:E2,4,state_UT,False,True,0.8116042850347429,0.034050845915430394
305,1.0,standard_joint_source,point,False,0.01,standard_c5:E2,4,state_CO,False,False,0.8280634852825385,0.021147451039520204
305,1.0,standard_joint_source,point,False,0.01,standard_c5:E2,4,state_UT,False,True,0.8116042850347429,0.034050845915430394
305,1.0,standard_joint_source,sandwich,True,0.0,standard_c5:E2,4,state_CO,False,False,0.8280634852825385,0.021147451039520204
305,1.0,standard_joint_source,sandwich,True,0.0,standard_c5:E2,4,state_UT,False,True,0.8116042850347429,0.034050845915430394
305,1.0,standard_joint_source,sandwich,True,0.01,standard_c5:E8,4,state_CO,False,False,0.8448478413831232,0.004363094938935497
305,1.0,standard_joint_source,sandwich,True,0.01,standard_c5:E8,4,state_UT,False,False,0.8381052968622407,0.007549834087932639
305,1.0,standard_joint_source,concentration,True,0.0,,4,state_CO,True,,,
305,1.0,standard_joint_source,concentration,True,0.0,,4,state_UT,True,,,
305,1.0,standard_joint_source,concentration,True,0.01,,4,state_CO,True,,,
305,1.0,standard_joint_source,concentration,True,0.01,,4,state_UT,True,,,
305,1.0,standard_joint_shift,point,False,0.0,standard_c5:E8,4,state_CO,False,False,0.8448478413831232,0.004363094938935497
305,1.0,standard_joint_shift,point,False,0.0,standard_c5:E8,4,state_UT,False,False,0.8381052968622407,0.007549834087932639
305,1.0,standard_joint_shift,point,False,0.01,standard_c5:E8,4,state_CO,False,False,0.8448478413831232,0.004363094938935497
305,1.0,standard_joint_shift,point,False,0.01,standard_c5:E8,4,state_UT,False,False,0.8381052968622407,0.007549834087932639
305,1.0,standard_joint_shift,sandwich,True,0.0,standard_c5:E8,4,state_CO,False,False,0.8448478413831232,0.004363094938935497
305,1.0,standard_joint_shift,sandwich,True,0.0,standard_c5:E8,4,state_UT,False,False,0.8381052968622407,0.007549834087932639
305,1.0,standard_joint_shift,sandwich,True,0.01,standard_c5:E8,4,state_CO,False,False,0.8448478413831232,0.004363094938935497
305,1.0,standard_joint_shift,sandwich,True,0.01,standard_c5:E8,4,state_UT,False,False,0.8381052968622407,0.007549834087932639
305,1.0,standard_joint_shift,concentration,True,0.0,,4,state_CO,True,,,
305,1.0,standard_joint_shift,concentration,True,0.0,,4,state_UT,True,,,
305,1.0,standard_joint_shift,concentration,True,0.01,,4,state_CO,True,,,
305,1.0,standard_joint_shift,concentration,True,0.01,,4,state_UT,True,,,
305,1.0,combined_source,point,False,0.0,standard_c5:E2,6,state_CO,False,False,0.8280634852825385,0.021147451039520204
305,1.0,combined_source,point,False,0.0,standard_c5:E2,6,state_UT,False,True,0.8116042850347429,0.034050845915430394
305,1.0,combined_source,point,False,0.01,standard_c5:E2,6,state_CO,False,False,0.8280634852825385,0.021147451039520204
305,1.0,combined_source,point,False,0.01,standard_c5:E2,6,state_UT,False,True,0.8116042850347429,0.034050845915430394
305,1.0,combined_source,sandwich,True,0.0,standard_c5:E2,6,state_CO,False,False,0.8280634852825385,0.021147451039520204
305,1.0,combined_source,sandwich,True,0.0,standard_c5:E2,6,state_UT,False,True,0.8116042850347429,0.034050845915430394
305,1.0,combined_source,sandwich,True,0.01,standard_c5:E8,6,state_CO,False,False,0.8448478413831232,0.004363094938935497
305,1.0,combined_source,sandwich,True,0.01,standard_c5:E8,6,state_UT,False,False,0.8381052968622407,0.007549834087932639
305,1.0,combined_source,concentration,True,0.0,,6,state_CO,True,,,
305,1.0,combined_source,concentration,True,0.0,,6,state_UT,True,,,
305,1.0,combined_source,concentration,True,0.01,,6,state_CO,True,,,
305,1.0,combined_source,concentration,True,0.01,,6,state_UT,True,,,
305,1.0,combined_shift,point,False,0.0,standard_c5:E8,6,state_CO,False,False,0.8448478413831232,0.004363094938935497
305,1.0,combined_shift,point,False,0.0,standard_c5:E8,6,state_UT,False,False,0.8381052968622407,0.007549834087932639
305,1.0,combined_shift,point,False,0.01,standard_c5:E8,6,state_CO,False,False,0.8448478413831232,0.004363094938935497
305,1.0,combined_shift,point,False,0.01,standard_c5:E8,6,state_UT,False,False,0.8381052968622407,0.007549834087932639
305,1.0,combined_shift,sandwich,True,0.0,standard_c5:E8,6,state_CO,False,False,0.8448478413831232,0.004363094938935497
305,1.0,combined_shift,sandwich,True,0.0,standard_c5:E8,6,state_UT,False,False,0.8381052968622407,0.007549834087932639
305,1.0,combined_shift,sandwich,True,0.01,standard_c5:E8,6,state_CO,False,False,0.8448478413831232,0.004363094938935497
305,1.0,combined_shift,sandwich,True,0.01,standard_c5:E8,6,state_UT,False,False,0.8381052968622407,0.007549834087932639
305,1.0,combined_shift,concentration,True,0.0,,6,state_CO,True,,,
305,1.0,combined_shift,concentration,True,0.0,,6,state_UT,True,,,
305,1.0,combined_shift,concentration,True,0.01,,6,state_CO,True,,,
305,1.0,combined_shift,concentration,True,0.01,,6,state_UT,True,,,
306,1.0,standard_c1_source,point,False,0.0,standard_c1:E2,2,state_CO,False,False,0.8217062612184564,0.02653468482736776
306,1.0,standard_c1_source,point,False,0.0,standard_c1:E2,2,state_UT,False,False,0.8372858635440692,0.023558633933199458
306,1.0,standard_c1_source,point,False,0.01,,2,state_CO,True,,,
306,1.0,standard_c1_source,point,False,0.01,,2,state_UT,True,,,
306,1.0,standard_c1_source,sandwich,True,0.0,,2,state_CO,True,,,
306,1.0,standard_c1_source,sandwich,True,0.0,,2,state_UT,True,,,
306,1.0,standard_c1_source,sandwich,True,0.01,,2,state_CO,True,,,
306,1.0,standard_c1_source,sandwich,True,0.01,,2,state_UT,True,,,
306,1.0,standard_c1_source,concentration,True,0.0,,2,state_CO,True,,,
306,1.0,standard_c1_source,concentration,True,0.0,,2,state_UT,True,,,
306,1.0,standard_c1_source,concentration,True,0.01,,2,state_CO,True,,,
306,1.0,standard_c1_source,concentration,True,0.01,,2,state_UT,True,,,
306,1.0,standard_c1_shift,point,False,0.0,standard_c1:E2,2,state_CO,False,False,0.8217062612184564,0.02653468482736776
306,1.0,standard_c1_shift,point,False,0.0,standard_c1:E2,2,state_UT,False,False,0.8372858635440692,0.023558633933199458
306,1.0,standard_c1_shift,point,False,0.01,,2,state_CO,True,,,
306,1.0,standard_c1_shift,point,False,0.01,,2,state_UT,True,,,
306,1.0,standard_c1_shift,sandwich,True,0.0,,2,state_CO,True,,,
306,1.0,standard_c1_shift,sandwich,True,0.0,,2,state_UT,True,,,
306,1.0,standard_c1_shift,sandwich,True,0.01,,2,state_CO,True,,,
306,1.0,standard_c1_shift,sandwich,True,0.01,,2,state_UT,True,,,
306,1.0,standard_c1_shift,concentration,True,0.0,,2,state_CO,True,,,
306,1.0,standard_c1_shift,concentration,True,0.0,,2,state_UT,True,,,
306,1.0,standard_c1_shift,concentration,True,0.01,,2,state_CO,True,,,
306,1.0,standard_c1_shift,concentration,True,0.01,,2,state_UT,True,,,
306,1.0,standard_c5_source,point,False,0.0,standard_c5:E2,2,state_CO,False,False,0.8307707739415057,0.01747017210431845
306,1.0,standard_c5_source,point,False,0.0,standard_c5:E2,2,state_UT,False,False,0.8502618978870748,0.010582599590193809
306,1.0,standard_c5_source,point,False,0.01,standard_c5:E8,2,state_CO,False,False,0.8471534156900011,0.0010875303558229854
306,1.0,standard_c5_source,point,False,0.01,standard_c5:E8,2,state_UT,False,False,0.8616144784248787,-0.0007699809476100494
306,1.0,standard_c5_source,sandwich,True,0.0,standard_c5:E8,2,state_CO,False,False,0.8471534156900011,0.0010875303558229854
306,1.0,standard_c5_source,sandwich,True,0.0,standard_c5:E8,2,state_UT,False,False,0.8616144784248787,-0.0007699809476100494
306,1.0,standard_c5_source,sandwich,True,0.01,standard_c5:E8,2,state_CO,False,False,0.8471534156900011,0.0010875303558229854
306,1.0,standard_c5_source,sandwich,True,0.01,standard_c5:E8,2,state_UT,False,False,0.8616144784248787,-0.0007699809476100494
306,1.0,standard_c5_source,concentration,True,0.0,,2,state_CO,True,,,
306,1.0,standard_c5_source,concentration,True,0.0,,2,state_UT,True,,,
306,1.0,standard_c5_source,concentration,True,0.01,,2,state_CO,True,,,
306,1.0,standard_c5_source,concentration,True,0.01,,2,state_UT,True,,,
306,1.0,standard_c5_shift,point,False,0.0,standard_c5:E2,2,state_CO,False,False,0.8307707739415057,0.01747017210431845
306,1.0,standard_c5_shift,point,False,0.0,standard_c5:E2,2,state_UT,False,False,0.8502618978870748,0.010582599590193809
306,1.0,standard_c5_shift,point,False,0.01,standard_c5:E8,2,state_CO,False,False,0.8471534156900011,0.0010875303558229854
306,1.0,standard_c5_shift,point,False,0.01,standard_c5:E8,2,state_UT,False,False,0.8616144784248787,-0.0007699809476100494
306,1.0,standard_c5_shift,sandwich,True,0.0,standard_c5:E8,2,state_CO,False,False,0.8471534156900011,0.0010875303558229854
306,1.0,standard_c5_shift,sandwich,True,0.0,standard_c5:E8,2,state_UT,False,False,0.8616144784248787,-0.0007699809476100494
306,1.0,standard_c5_shift,sandwich,True,0.01,standard_c5:E8,2,state_CO,False,False,0.8471534156900011,0.0010875303558229854
306,1.0,standard_c5_shift,sandwich,True,0.01,standard_c5:E8,2,state_UT,False,False,0.8616144784248787,-0.0007699809476100494
306,1.0,standard_c5_shift,concentration,True,0.0,,2,state_CO,True,,,
306,1.0,standard_c5_shift,concentration,True,0.0,,2,state_UT,True,,,
306,1.0,standard_c5_shift,concentration,True,0.01,,2,state_CO,True,,,
306,1.0,standard_c5_shift,concentration,True,0.01,,2,state_UT,True,,,
306,1.0,auto_s_source,point,False,0.0,,2,state_CO,True,,,
306,1.0,auto_s_source,point,False,0.0,,2,state_UT,True,,,
306,1.0,auto_s_source,point,False,0.01,,2,state_CO,True,,,
306,1.0,auto_s_source,point,False,0.01,,2,state_UT,True,,,
306,1.0,auto_s_source,sandwich,True,0.0,,2,state_CO,True,,,
306,1.0,auto_s_source,sandwich,True,0.0,,2,state_UT,True,,,
306,1.0,auto_s_source,sandwich,True,0.01,,2,state_CO,True,,,
306,1.0,auto_s_source,sandwich,True,0.01,,2,state_UT,True,,,
306,1.0,auto_s_source,concentration,True,0.0,,2,state_CO,True,,,
306,1.0,auto_s_source,concentration,True,0.0,,2,state_UT,True,,,
306,1.0,auto_s_source,concentration,True,0.01,,2,state_CO,True,,,
306,1.0,auto_s_source,concentration,True,0.01,,2,state_UT,True,,,
306,1.0,auto_s_shift,point,False,0.0,,2,state_CO,True,,,
306,1.0,auto_s_shift,point,False,0.0,,2,state_UT,True,,,
306,1.0,auto_s_shift,point,False,0.01,,2,state_CO,True,,,
306,1.0,auto_s_shift,point,False,0.01,,2,state_UT,True,,,
306,1.0,auto_s_shift,sandwich,True,0.0,,2,state_CO,True,,,
306,1.0,auto_s_shift,sandwich,True,0.0,,2,state_UT,True,,,
306,1.0,auto_s_shift,sandwich,True,0.01,,2,state_CO,True,,,
306,1.0,auto_s_shift,sandwich,True,0.01,,2,state_UT,True,,,
306,1.0,auto_s_shift,concentration,True,0.0,,2,state_CO,True,,,
306,1.0,auto_s_shift,concentration,True,0.0,,2,state_UT,True,,,
306,1.0,auto_s_shift,concentration,True,0.01,,2,state_CO,True,,,
306,1.0,auto_s_shift,concentration,True,0.01,,2,state_UT,True,,,
306,1.0,standard_joint_source,point,False,0.0,standard_c5:E2,4,state_CO,False,False,0.8307707739415057,0.01747017210431845
306,1.0,standard_joint_source,point,False,0.0,standard_c5:E2,4,state_UT,False,False,0.8502618978870748,0.010582599590193809
306,1.0,standard_joint_source,point,False,0.01,standard_c5:E8,4,state_CO,False,False,0.8471534156900011,0.0010875303558229854
306,1.0,standard_joint_source,point,False,0.01,standard_c5:E8,4,state_UT,False,False,0.8616144784248787,-0.0007699809476100494
306,1.0,standard_joint_source,sandwich,True,0.0,standard_c5:E8,4,state_CO,False,False,0.8471534156900011,0.0010875303558229854
306,1.0,standard_joint_source,sandwich,True,0.0,standard_c5:E8,4,state_UT,False,False,0.8616144784248787,-0.0007699809476100494
306,1.0,standard_joint_source,sandwich,True,0.01,standard_c5:E8,4,state_CO,False,False,0.8471534156900011,0.0010875303558229854
306,1.0,standard_joint_source,sandwich,True,0.01,standard_c5:E8,4,state_UT,False,False,0.8616144784248787,-0.0007699809476100494
306,1.0,standard_joint_source,concentration,True,0.0,,4,state_CO,True,,,
306,1.0,standard_joint_source,concentration,True,0.0,,4,state_UT,True,,,
306,1.0,standard_joint_source,concentration,True,0.01,,4,state_CO,True,,,
306,1.0,standard_joint_source,concentration,True,0.01,,4,state_UT,True,,,
306,1.0,standard_joint_shift,point,False,0.0,standard_c5:E2,4,state_CO,False,False,0.8307707739415057,0.01747017210431845
306,1.0,standard_joint_shift,point,False,0.0,standard_c5:E2,4,state_UT,False,False,0.8502618978870748,0.010582599590193809
306,1.0,standard_joint_shift,point,False,0.01,standard_c5:E8,4,state_CO,False,False,0.8471534156900011,0.0010875303558229854
306,1.0,standard_joint_shift,point,False,0.01,standard_c5:E8,4,state_UT,False,False,0.8616144784248787,-0.0007699809476100494
306,1.0,standard_joint_shift,sandwich,True,0.0,standard_c5:E8,4,state_CO,False,False,0.8471534156900011,0.0010875303558229854
306,1.0,standard_joint_shift,sandwich,True,0.0,standard_c5:E8,4,state_UT,False,False,0.8616144784248787,-0.0007699809476100494
306,1.0,standard_joint_shift,sandwich,True,0.01,standard_c5:E8,4,state_CO,False,False,0.8471534156900011,0.0010875303558229854
306,1.0,standard_joint_shift,sandwich,True,0.01,standard_c5:E8,4,state_UT,False,False,0.8616144784248787,-0.0007699809476100494
306,1.0,standard_joint_shift,concentration,True,0.0,,4,state_CO,True,,,
306,1.0,standard_joint_shift,concentration,True,0.0,,4,state_UT,True,,,
306,1.0,standard_joint_shift,concentration,True,0.01,,4,state_CO,True,,,
306,1.0,standard_joint_shift,concentration,True,0.01,,4,state_UT,True,,,
306,1.0,combined_source,point,False,0.0,standard_c5:E2,6,state_CO,False,False,0.8307707739415057,0.01747017210431845
306,1.0,combined_source,point,False,0.0,standard_c5:E2,6,state_UT,False,False,0.8502618978870748,0.010582599590193809
306,1.0,combined_source,point,False,0.01,standard_c5:E8,6,state_CO,False,False,0.8471534156900011,0.0010875303558229854
306,1.0,combined_source,point,False,0.01,standard_c5:E8,6,state_UT,False,False,0.8616144784248787,-0.0007699809476100494
306,1.0,combined_source,sandwich,True,0.0,standard_c5:E8,6,state_CO,False,False,0.8471534156900011,0.0010875303558229854
306,1.0,combined_source,sandwich,True,0.0,standard_c5:E8,6,state_UT,False,False,0.8616144784248787,-0.0007699809476100494
306,1.0,combined_source,sandwich,True,0.01,standard_c5:E8,6,state_CO,False,False,0.8471534156900011,0.0010875303558229854
306,1.0,combined_source,sandwich,True,0.01,standard_c5:E8,6,state_UT,False,False,0.8616144784248787,-0.0007699809476100494
306,1.0,combined_source,concentration,True,0.0,,6,state_CO,True,,,
306,1.0,combined_source,concentration,True,0.0,,6,state_UT,True,,,
306,1.0,combined_source,concentration,True,0.01,,6,state_CO,True,,,
306,1.0,combined_source,concentration,True,0.01,,6,state_UT,True,,,
306,1.0,combined_shift,point,False,0.0,standard_c5:E2,6,state_CO,False,False,0.8307707739415057,0.01747017210431845
306,1.0,combined_shift,point,False,0.0,standard_c5:E2,6,state_UT,False,False,0.8502618978870748,0.010582599590193809
306,1.0,combined_shift,point,False,0.01,standard_c5:E8,6,state_CO,False,False,0.8471534156900011,0.0010875303558229854
306,1.0,combined_shift,point,False,0.01,standard_c5:E8,6,state_UT,False,False,0.8616144784248787,-0.0007699809476100494
306,1.0,combined_shift,sandwich,True,0.0,standard_c5:E8,6,state_CO,False,False,0.8471534156900011,0.0010875303558229854
306,1.0,combined_shift,sandwich,True,0.0,standard_c5:E8,6,state_UT,False,False,0.8616144784248787,-0.0007699809476100494
306,1.0,combined_shift,sandwich,True,0.01,standard_c5:E8,6,state_CO,False,False,0.8471534156900011,0.0010875303558229854
306,1.0,combined_shift,sandwich,True,0.01,standard_c5:E8,6,state_UT,False,False,0.8616144784248787,-0.0007699809476100494
306,1.0,combined_shift,concentration,True,0.0,,6,state_CO,True,,,
306,1.0,combined_shift,concentration,True,0.0,,6,state_UT,True,,,
306,1.0,combined_shift,concentration,True,0.01,,6,state_CO,True,,,
306,1.0,combined_shift,concentration,True,0.01,,6,state_UT,True,,,
307,1.0,standard_c1_source,point,False,0.0,standard_c1:E2,2,state_CO,False,False,0.8180774489957613,0.027126352828333533
307,1.0,standard_c1_source,point,False,0.0,standard_c1:E2,2,state_UT,False,False,0.8447206449302659,0.027529751524198787
307,1.0,standard_c1_source,point,False,0.01,,2,state_CO,True,,,
307,1.0,standard_c1_source,point,False,0.01,,2,state_UT,True,,,
307,1.0,standard_c1_source,sandwich,True,0.0,,2,state_CO,True,,,
307,1.0,standard_c1_source,sandwich,True,0.0,,2,state_UT,True,,,
307,1.0,standard_c1_source,sandwich,True,0.01,,2,state_CO,True,,,
307,1.0,standard_c1_source,sandwich,True,0.01,,2,state_UT,True,,,
307,1.0,standard_c1_source,concentration,True,0.0,,2,state_CO,True,,,
307,1.0,standard_c1_source,concentration,True,0.0,,2,state_UT,True,,,
307,1.0,standard_c1_source,concentration,True,0.01,,2,state_CO,True,,,
307,1.0,standard_c1_source,concentration,True,0.01,,2,state_UT,True,,,
307,1.0,standard_c1_shift,point,False,0.0,standard_c1:E8,2,state_CO,False,False,0.8189316735770706,0.026272128247024185
307,1.0,standard_c1_shift,point,False,0.0,standard_c1:E8,2,state_UT,False,False,0.8471819179560156,0.025068478498449065
307,1.0,standard_c1_shift,point,False,0.01,,2,state_CO,True,,,
307,1.0,standard_c1_shift,point,False,0.01,,2,state_UT,True,,,
307,1.0,standard_c1_shift,sandwich,True,0.0,,2,state_CO,True,,,
307,1.0,standard_c1_shift,sandwich,True,0.0,,2,state_UT,True,,,
307,1.0,standard_c1_shift,sandwich,True,0.01,,2,state_CO,True,,,
307,1.0,standard_c1_shift,sandwich,True,0.01,,2,state_UT,True,,,
307,1.0,standard_c1_shift,concentration,True,0.0,,2,state_CO,True,,,
307,1.0,standard_c1_shift,concentration,True,0.0,,2,state_UT,True,,,
307,1.0,standard_c1_shift,concentration,True,0.01,,2,state_CO,True,,,
307,1.0,standard_c1_shift,concentration,True,0.01,,2,state_UT,True,,,
307,1.0,standard_c5_source,point,False,0.0,standard_c5:E2,2,state_CO,False,False,0.8320619659128712,0.013141835911223643
307,1.0,standard_c5_source,point,False,0.0,standard_c5:E2,2,state_UT,False,False,0.8492851030781609,0.02296529337630382
307,1.0,standard_c5_source,point,False,0.01,standard_c5:E2,2,state_CO,False,False,0.8320619659128712,0.013141835911223643
307,1.0,standard_c5_source,point,False,0.01,standard_c5:E2,2,state_UT,False,False,0.8492851030781609,0.02296529337630382
307,1.0,standard_c5_source,sandwich,True,0.0,standard_c5:E2,2,state_CO,False,False,0.8320619659128712,0.013141835911223643
307,1.0,standard_c5_source,sandwich,True,0.0,standard_c5:E2,2,state_UT,False,False,0.8492851030781609,0.02296529337630382
307,1.0,standard_c5_source,sandwich,True,0.01,standard_c5:E2,2,state_CO,False,False,0.8320619659128712,0.013141835911223643
307,1.0,standard_c5_source,sandwich,True,0.01,standard_c5:E2,2,state_UT,False,False,0.8492851030781609,0.02296529337630382
307,1.0,standard_c5_source,concentration,True,0.0,,2,state_CO,True,,,
307,1.0,standard_c5_source,concentration,True,0.0,,2,state_UT,True,,,
307,1.0,standard_c5_source,concentration,True,0.01,,2,state_CO,True,,,
307,1.0,standard_c5_source,concentration,True,0.01,,2,state_UT,True,,,
307,1.0,standard_c5_shift,point,False,0.0,standard_c5:E2,2,state_CO,False,False,0.8320619659128712,0.013141835911223643
307,1.0,standard_c5_shift,point,False,0.0,standard_c5:E2,2,state_UT,False,False,0.8492851030781609,0.02296529337630382
307,1.0,standard_c5_shift,point,False,0.01,standard_c5:E2,2,state_CO,False,False,0.8320619659128712,0.013141835911223643
307,1.0,standard_c5_shift,point,False,0.01,standard_c5:E2,2,state_UT,False,False,0.8492851030781609,0.02296529337630382
307,1.0,standard_c5_shift,sandwich,True,0.0,standard_c5:E2,2,state_CO,False,False,0.8320619659128712,0.013141835911223643
307,1.0,standard_c5_shift,sandwich,True,0.0,standard_c5:E2,2,state_UT,False,False,0.8492851030781609,0.02296529337630382
307,1.0,standard_c5_shift,sandwich,True,0.01,standard_c5:E8,2,state_CO,False,False,0.8455091818648333,-0.0003053800407384344
307,1.0,standard_c5_shift,sandwich,True,0.01,standard_c5:E8,2,state_UT,False,False,0.868548604619799,0.0037017918346656797
307,1.0,standard_c5_shift,concentration,True,0.0,,2,state_CO,True,,,
307,1.0,standard_c5_shift,concentration,True,0.0,,2,state_UT,True,,,
307,1.0,standard_c5_shift,concentration,True,0.01,,2,state_CO,True,,,
307,1.0,standard_c5_shift,concentration,True,0.01,,2,state_UT,True,,,
307,1.0,auto_s_source,point,False,0.0,,2,state_CO,True,,,
307,1.0,auto_s_source,point,False,0.0,,2,state_UT,True,,,
307,1.0,auto_s_source,point,False,0.01,,2,state_CO,True,,,
307,1.0,auto_s_source,point,False,0.01,,2,state_UT,True,,,
307,1.0,auto_s_source,sandwich,True,0.0,,2,state_CO,True,,,
307,1.0,auto_s_source,sandwich,True,0.0,,2,state_UT,True,,,
307,1.0,auto_s_source,sandwich,True,0.01,,2,state_CO,True,,,
307,1.0,auto_s_source,sandwich,True,0.01,,2,state_UT,True,,,
307,1.0,auto_s_source,concentration,True,0.0,,2,state_CO,True,,,
307,1.0,auto_s_source,concentration,True,0.0,,2,state_UT,True,,,
307,1.0,auto_s_source,concentration,True,0.01,,2,state_CO,True,,,
307,1.0,auto_s_source,concentration,True,0.01,,2,state_UT,True,,,
307,1.0,auto_s_shift,point,False,0.0,,2,state_CO,True,,,
307,1.0,auto_s_shift,point,False,0.0,,2,state_UT,True,,,
307,1.0,auto_s_shift,point,False,0.01,,2,state_CO,True,,,
307,1.0,auto_s_shift,point,False,0.01,,2,state_UT,True,,,
307,1.0,auto_s_shift,sandwich,True,0.0,,2,state_CO,True,,,
307,1.0,auto_s_shift,sandwich,True,0.0,,2,state_UT,True,,,
307,1.0,auto_s_shift,sandwich,True,0.01,,2,state_CO,True,,,
307,1.0,auto_s_shift,sandwich,True,0.01,,2,state_UT,True,,,
307,1.0,auto_s_shift,concentration,True,0.0,,2,state_CO,True,,,
307,1.0,auto_s_shift,concentration,True,0.0,,2,state_UT,True,,,
307,1.0,auto_s_shift,concentration,True,0.01,,2,state_CO,True,,,
307,1.0,auto_s_shift,concentration,True,0.01,,2,state_UT,True,,,
307,1.0,standard_joint_source,point,False,0.0,standard_c5:E2,4,state_CO,False,False,0.8320619659128712,0.013141835911223643
307,1.0,standard_joint_source,point,False,0.0,standard_c5:E2,4,state_UT,False,False,0.8492851030781609,0.02296529337630382
307,1.0,standard_joint_source,point,False,0.01,standard_c5:E2,4,state_CO,False,False,0.8320619659128712,0.013141835911223643
307,1.0,standard_joint_source,point,False,0.01,standard_c5:E2,4,state_UT,False,False,0.8492851030781609,0.02296529337630382
307,1.0,standard_joint_source,sandwich,True,0.0,standard_c5:E2,4,state_CO,False,False,0.8320619659128712,0.013141835911223643
307,1.0,standard_joint_source,sandwich,True,0.0,standard_c5:E2,4,state_UT,False,False,0.8492851030781609,0.02296529337630382
307,1.0,standard_joint_source,sandwich,True,0.01,standard_c5:E2,4,state_CO,False,False,0.8320619659128712,0.013141835911223643
307,1.0,standard_joint_source,sandwich,True,0.01,standard_c5:E2,4,state_UT,False,False,0.8492851030781609,0.02296529337630382
307,1.0,standard_joint_source,concentration,True,0.0,,4,state_CO,True,,,
307,1.0,standard_joint_source,concentration,True,0.0,,4,state_UT,True,,,
307,1.0,standard_joint_source,concentration,True,0.01,,4,state_CO,True,,,
307,1.0,standard_joint_source,concentration,True,0.01,,4,state_UT,True,,,
307,1.0,standard_joint_shift,point,False,0.0,standard_c5:E2,4,state_CO,False,False,0.8320619659128712,0.013141835911223643
307,1.0,standard_joint_shift,point,False,0.0,standard_c5:E2,4,state_UT,False,False,0.8492851030781609,0.02296529337630382
307,1.0,standard_joint_shift,point,False,0.01,standard_c5:E2,4,state_CO,False,False,0.8320619659128712,0.013141835911223643
307,1.0,standard_joint_shift,point,False,0.01,standard_c5:E2,4,state_UT,False,False,0.8492851030781609,0.02296529337630382
307,1.0,standard_joint_shift,sandwich,True,0.0,standard_c5:E2,4,state_CO,False,False,0.8320619659128712,0.013141835911223643
307,1.0,standard_joint_shift,sandwich,True,0.0,standard_c5:E2,4,state_UT,False,False,0.8492851030781609,0.02296529337630382
307,1.0,standard_joint_shift,sandwich,True,0.01,standard_c5:E8,4,state_CO,False,False,0.8455091818648333,-0.0003053800407384344
307,1.0,standard_joint_shift,sandwich,True,0.01,standard_c5:E8,4,state_UT,False,False,0.868548604619799,0.0037017918346656797
307,1.0,standard_joint_shift,concentration,True,0.0,,4,state_CO,True,,,
307,1.0,standard_joint_shift,concentration,True,0.0,,4,state_UT,True,,,
307,1.0,standard_joint_shift,concentration,True,0.01,,4,state_CO,True,,,
307,1.0,standard_joint_shift,concentration,True,0.01,,4,state_UT,True,,,
307,1.0,combined_source,point,False,0.0,standard_c5:E2,6,state_CO,False,False,0.8320619659128712,0.013141835911223643
307,1.0,combined_source,point,False,0.0,standard_c5:E2,6,state_UT,False,False,0.8492851030781609,0.02296529337630382
307,1.0,combined_source,point,False,0.01,standard_c5:E2,6,state_CO,False,False,0.8320619659128712,0.013141835911223643
307,1.0,combined_source,point,False,0.01,standard_c5:E2,6,state_UT,False,False,0.8492851030781609,0.02296529337630382
307,1.0,combined_source,sandwich,True,0.0,standard_c5:E2,6,state_CO,False,False,0.8320619659128712,0.013141835911223643
307,1.0,combined_source,sandwich,True,0.0,standard_c5:E2,6,state_UT,False,False,0.8492851030781609,0.02296529337630382
307,1.0,combined_source,sandwich,True,0.01,standard_c5:E2,6,state_CO,False,False,0.8320619659128712,0.013141835911223643
307,1.0,combined_source,sandwich,True,0.01,standard_c5:E2,6,state_UT,False,False,0.8492851030781609,0.02296529337630382
307,1.0,combined_source,concentration,True,0.0,,6,state_CO,True,,,
307,1.0,combined_source,concentration,True,0.0,,6,state_UT,True,,,
307,1.0,combined_source,concentration,True,0.01,,6,state_CO,True,,,
307,1.0,combined_source,concentration,True,0.01,,6,state_UT,True,,,
307,1.0,combined_shift,point,False,0.0,standard_c5:E2,6,state_CO,False,False,0.8320619659128712,0.013141835911223643
307,1.0,combined_shift,point,False,0.0,standard_c5:E2,6,state_UT,False,False,0.8492851030781609,0.02296529337630382
307,1.0,combined_shift,point,False,0.01,standard_c5:E2,6,state_CO,False,False,0.8320619659128712,0.013141835911223643
307,1.0,combined_shift,point,False,0.01,standard_c5:E2,6,state_UT,False,False,0.8492851030781609,0.02296529337630382
307,1.0,combined_shift,sandwich,True,0.0,standard_c5:E2,6,state_CO,False,False,0.8320619659128712,0.013141835911223643
307,1.0,combined_shift,sandwich,True,0.0,standard_c5:E2,6,state_UT,False,False,0.8492851030781609,0.02296529337630382
307,1.0,combined_shift,sandwich,True,0.01,standard_c5:E8,6,state_CO,False,False,0.8455091818648333,-0.0003053800407384344
307,1.0,combined_shift,sandwich,True,0.01,standard_c5:E8,6,state_UT,False,False,0.868548604619799,0.0037017918346656797
307,1.0,combined_shift,concentration,True,0.0,,6,state_CO,True,,,
307,1.0,combined_shift,concentration,True,0.0,,6,state_UT,True,,,
307,1.0,combined_shift,concentration,True,0.01,,6,state_CO,True,,,
307,1.0,combined_shift,concentration,True,0.01,,6,state_UT,True,,,
308,1.0,standard_c1_source,point,False,0.0,standard_c1:E2,2,state_CO,False,True,0.8154165920757371,0.032113997144034734
308,1.0,standard_c1_source,point,False,0.0,standard_c1:E2,2,state_UT,False,True,0.8337616790998071,0.0342380261078401
308,1.0,standard_c1_source,point,False,0.01,,2,state_CO,True,,,
308,1.0,standard_c1_source,point,False,0.01,,2,state_UT,True,,,
308,1.0,standard_c1_source,sandwich,True,0.0,,2,state_CO,True,,,
308,1.0,standard_c1_source,sandwich,True,0.0,,2,state_UT,True,,,
308,1.0,standard_c1_source,sandwich,True,0.01,,2,state_CO,True,,,
308,1.0,standard_c1_source,sandwich,True,0.01,,2,state_UT,True,,,
308,1.0,standard_c1_source,concentration,True,0.0,,2,state_CO,True,,,
308,1.0,standard_c1_source,concentration,True,0.0,,2,state_UT,True,,,
308,1.0,standard_c1_source,concentration,True,0.01,,2,state_CO,True,,,
308,1.0,standard_c1_source,concentration,True,0.01,,2,state_UT,True,,,
308,1.0,standard_c1_shift,point,False,0.0,standard_c1:E2,2,state_CO,False,True,0.8154165920757371,0.032113997144034734
308,1.0,standard_c1_shift,point,False,0.0,standard_c1:E2,2,state_UT,False,True,0.8337616790998071,0.0342380261078401
308,1.0,standard_c1_shift,point,False,0.01,,2,state_CO,True,,,
308,1.0,standard_c1_shift,point,False,0.01,,2,state_UT,True,,,
308,1.0,standard_c1_shift,sandwich,True,0.0,,2,state_CO,True,,,
308,1.0,standard_c1_shift,sandwich,True,0.0,,2,state_UT,True,,,
308,1.0,standard_c1_shift,sandwich,True,0.01,,2,state_CO,True,,,
308,1.0,standard_c1_shift,sandwich,True,0.01,,2,state_UT,True,,,
308,1.0,standard_c1_shift,concentration,True,0.0,,2,state_CO,True,,,
308,1.0,standard_c1_shift,concentration,True,0.0,,2,state_UT,True,,,
308,1.0,standard_c1_shift,concentration,True,0.01,,2,state_CO,True,,,
308,1.0,standard_c1_shift,concentration,True,0.01,,2,state_UT,True,,,
308,1.0,standard_c5_source,point,False,0.0,standard_c5:E2,2,state_CO,False,False,0.8359422811918451,0.011588308027926764
308,1.0,standard_c5_source,point,False,0.0,standard_c5:E2,2,state_UT,False,False,0.8432465060672243,0.024753199140422955
308,1.0,standard_c5_source,point,False,0.01,standard_c5:E2,2,state_CO,False,False,0.8359422811918451,0.011588308027926764
308,1.0,standard_c5_source,point,False,0.01,standard_c5:E2,2,state_UT,False,False,0.8432465060672243,0.024753199140422955
308,1.0,standard_c5_source,sandwich,True,0.0,standard_c5:E2,2,state_CO,False,False,0.8359422811918451,0.011588308027926764
308,1.0,standard_c5_source,sandwich,True,0.0,standard_c5:E2,2,state_UT,False,False,0.8432465060672243,0.024753199140422955
308,1.0,standard_c5_source,sandwich,True,0.01,standard_c5:E2,2,state_CO,False,False,0.8359422811918451,0.011588308027926764
308,1.0,standard_c5_source,sandwich,True,0.01,standard_c5:E2,2,state_UT,False,False,0.8432465060672243,0.024753199140422955
308,1.0,standard_c5_source,concentration,True,0.0,,2,state_CO,True,,,
308,1.0,standard_c5_source,concentration,True,0.0,,2,state_UT,True,,,
308,1.0,standard_c5_source,concentration,True,0.01,,2,state_CO,True,,,
308,1.0,standard_c5_source,concentration,True,0.01,,2,state_UT,True,,,
308,1.0,standard_c5_shift,point,False,0.0,standard_c5:E2,2,state_CO,False,False,0.8359422811918451,0.011588308027926764
308,1.0,standard_c5_shift,point,False,0.0,standard_c5:E2,2,state_UT,False,False,0.8432465060672243,0.024753199140422955
308,1.0,standard_c5_shift,point,False,0.01,standard_c5:E2,2,state_CO,False,False,0.8359422811918451,0.011588308027926764
308,1.0,standard_c5_shift,point,False,0.01,standard_c5:E2,2,state_UT,False,False,0.8432465060672243,0.024753199140422955
308,1.0,standard_c5_shift,sandwich,True,0.0,standard_c5:E2,2,state_CO,False,False,0.8359422811918451,0.011588308027926764
308,1.0,standard_c5_shift,sandwich,True,0.0,standard_c5:E2,2,state_UT,False,False,0.8432465060672243,0.024753199140422955
308,1.0,standard_c5_shift,sandwich,True,0.01,standard_c5:E8,2,state_CO,False,False,0.8455676335038864,0.0019629557158854505
308,1.0,standard_c5_shift,sandwich,True,0.01,standard_c5:E8,2,state_UT,False,False,0.8629917446443132,0.00500796056333408
308,1.0,standard_c5_shift,concentration,True,0.0,,2,state_CO,True,,,
308,1.0,standard_c5_shift,concentration,True,0.0,,2,state_UT,True,,,
308,1.0,standard_c5_shift,concentration,True,0.01,,2,state_CO,True,,,
308,1.0,standard_c5_shift,concentration,True,0.01,,2,state_UT,True,,,
308,1.0,auto_s_source,point,False,0.0,,2,state_CO,True,,,
308,1.0,auto_s_source,point,False,0.0,,2,state_UT,True,,,
308,1.0,auto_s_source,point,False,0.01,,2,state_CO,True,,,
308,1.0,auto_s_source,point,False,0.01,,2,state_UT,True,,,
308,1.0,auto_s_source,sandwich,True,0.0,,2,state_CO,True,,,
308,1.0,auto_s_source,sandwich,True,0.0,,2,state_UT,True,,,
308,1.0,auto_s_source,sandwich,True,0.01,,2,state_CO,True,,,
308,1.0,auto_s_source,sandwich,True,0.01,,2,state_UT,True,,,
308,1.0,auto_s_source,concentration,True,0.0,,2,state_CO,True,,,
308,1.0,auto_s_source,concentration,True,0.0,,2,state_UT,True,,,
308,1.0,auto_s_source,concentration,True,0.01,,2,state_CO,True,,,
308,1.0,auto_s_source,concentration,True,0.01,,2,state_UT,True,,,
308,1.0,auto_s_shift,point,False,0.0,,2,state_CO,True,,,
308,1.0,auto_s_shift,point,False,0.0,,2,state_UT,True,,,
308,1.0,auto_s_shift,point,False,0.01,,2,state_CO,True,,,
308,1.0,auto_s_shift,point,False,0.01,,2,state_UT,True,,,
308,1.0,auto_s_shift,sandwich,True,0.0,,2,state_CO,True,,,
308,1.0,auto_s_shift,sandwich,True,0.0,,2,state_UT,True,,,
308,1.0,auto_s_shift,sandwich,True,0.01,,2,state_CO,True,,,
308,1.0,auto_s_shift,sandwich,True,0.01,,2,state_UT,True,,,
308,1.0,auto_s_shift,concentration,True,0.0,,2,state_CO,True,,,
308,1.0,auto_s_shift,concentration,True,0.0,,2,state_UT,True,,,
308,1.0,auto_s_shift,concentration,True,0.01,,2,state_CO,True,,,
308,1.0,auto_s_shift,concentration,True,0.01,,2,state_UT,True,,,
308,1.0,standard_joint_source,point,False,0.0,standard_c5:E2,4,state_CO,False,False,0.8359422811918451,0.011588308027926764
308,1.0,standard_joint_source,point,False,0.0,standard_c5:E2,4,state_UT,False,False,0.8432465060672243,0.024753199140422955
308,1.0,standard_joint_source,point,False,0.01,standard_c5:E2,4,state_CO,False,False,0.8359422811918451,0.011588308027926764
308,1.0,standard_joint_source,point,False,0.01,standard_c5:E2,4,state_UT,False,False,0.8432465060672243,0.024753199140422955
308,1.0,standard_joint_source,sandwich,True,0.0,standard_c5:E2,4,state_CO,False,False,0.8359422811918451,0.011588308027926764
308,1.0,standard_joint_source,sandwich,True,0.0,standard_c5:E2,4,state_UT,False,False,0.8432465060672243,0.024753199140422955
308,1.0,standard_joint_source,sandwich,True,0.01,standard_c5:E2,4,state_CO,False,False,0.8359422811918451,0.011588308027926764
308,1.0,standard_joint_source,sandwich,True,0.01,standard_c5:E2,4,state_UT,False,False,0.8432465060672243,0.024753199140422955
308,1.0,standard_joint_source,concentration,True,0.0,,4,state_CO,True,,,
308,1.0,standard_joint_source,concentration,True,0.0,,4,state_UT,True,,,
308,1.0,standard_joint_source,concentration,True,0.01,,4,state_CO,True,,,
308,1.0,standard_joint_source,concentration,True,0.01,,4,state_UT,True,,,
308,1.0,standard_joint_shift,point,False,0.0,standard_c5:E2,4,state_CO,False,False,0.8359422811918451,0.011588308027926764
308,1.0,standard_joint_shift,point,False,0.0,standard_c5:E2,4,state_UT,False,False,0.8432465060672243,0.024753199140422955
308,1.0,standard_joint_shift,point,False,0.01,standard_c5:E2,4,state_CO,False,False,0.8359422811918451,0.011588308027926764
308,1.0,standard_joint_shift,point,False,0.01,standard_c5:E2,4,state_UT,False,False,0.8432465060672243,0.024753199140422955
308,1.0,standard_joint_shift,sandwich,True,0.0,standard_c5:E2,4,state_CO,False,False,0.8359422811918451,0.011588308027926764
308,1.0,standard_joint_shift,sandwich,True,0.0,standard_c5:E2,4,state_UT,False,False,0.8432465060672243,0.024753199140422955
308,1.0,standard_joint_shift,sandwich,True,0.01,standard_c5:E8,4,state_CO,False,False,0.8455676335038864,0.0019629557158854505
308,1.0,standard_joint_shift,sandwich,True,0.01,standard_c5:E8,4,state_UT,False,False,0.8629917446443132,0.00500796056333408
308,1.0,standard_joint_shift,concentration,True,0.0,,4,state_CO,True,,,
308,1.0,standard_joint_shift,concentration,True,0.0,,4,state_UT,True,,,
308,1.0,standard_joint_shift,concentration,True,0.01,,4,state_CO,True,,,
308,1.0,standard_joint_shift,concentration,True,0.01,,4,state_UT,True,,,
308,1.0,combined_source,point,False,0.0,standard_c5:E2,6,state_CO,False,False,0.8359422811918451,0.011588308027926764
308,1.0,combined_source,point,False,0.0,standard_c5:E2,6,state_UT,False,False,0.8432465060672243,0.024753199140422955
308,1.0,combined_source,point,False,0.01,standard_c5:E2,6,state_CO,False,False,0.8359422811918451,0.011588308027926764
308,1.0,combined_source,point,False,0.01,standard_c5:E2,6,state_UT,False,False,0.8432465060672243,0.024753199140422955
308,1.0,combined_source,sandwich,True,0.0,standard_c5:E2,6,state_CO,False,False,0.8359422811918451,0.011588308027926764
308,1.0,combined_source,sandwich,True,0.0,standard_c5:E2,6,state_UT,False,False,0.8432465060672243,0.024753199140422955
308,1.0,combined_source,sandwich,True,0.01,standard_c5:E2,6,state_CO,False,False,0.8359422811918451,0.011588308027926764
308,1.0,combined_source,sandwich,True,0.01,standard_c5:E2,6,state_UT,False,False,0.8432465060672243,0.024753199140422955
308,1.0,combined_source,concentration,True,0.0,,6,state_CO,True,,,
308,1.0,combined_source,concentration,True,0.0,,6,state_UT,True,,,
308,1.0,combined_source,concentration,True,0.01,,6,state_CO,True,,,
308,1.0,combined_source,concentration,True,0.01,,6,state_UT,True,,,
308,1.0,combined_shift,point,False,0.0,standard_c5:E2,6,state_CO,False,False,0.8359422811918451,0.011588308027926764
308,1.0,combined_shift,point,False,0.0,standard_c5:E2,6,state_UT,False,False,0.8432465060672243,0.024753199140422955
308,1.0,combined_shift,point,False,0.01,standard_c5:E2,6,state_CO,False,False,0.8359422811918451,0.011588308027926764
308,1.0,combined_shift,point,False,0.01,standard_c5:E2,6,state_UT,False,False,0.8432465060672243,0.024753199140422955
308,1.0,combined_shift,sandwich,True,0.0,standard_c5:E2,6,state_CO,False,False,0.8359422811918451,0.011588308027926764
308,1.0,combined_shift,sandwich,True,0.0,standard_c5:E2,6,state_UT,False,False,0.8432465060672243,0.024753199140422955
308,1.0,combined_shift,sandwich,True,0.01,standard_c5:E8,6,state_CO,False,False,0.8455676335038864,0.0019629557158854505
308,1.0,combined_shift,sandwich,True,0.01,standard_c5:E8,6,state_UT,False,False,0.8629917446443132,0.00500796056333408
308,1.0,combined_shift,concentration,True,0.0,,6,state_CO,True,,,
308,1.0,combined_shift,concentration,True,0.0,,6,state_UT,True,,,
308,1.0,combined_shift,concentration,True,0.01,,6,state_CO,True,,,
308,1.0,combined_shift,concentration,True,0.01,,6,state_UT,True,,,
309,1.0,standard_c1_source,point,False,0.0,standard_c1:E2,2,state_CO,False,False,0.8263644096127559,0.01956531858440802
309,1.0,standard_c1_source,point,False,0.0,standard_c1:E2,2,state_UT,False,False,0.8591016523205971,0.0207504591098433
309,1.0,standard_c1_source,point,False,0.01,,2,state_CO,True,,,
309,1.0,standard_c1_source,point,False,0.01,,2,state_UT,True,,,
309,1.0,standard_c1_source,sandwich,True,0.0,,2,state_CO,True,,,
309,1.0,standard_c1_source,sandwich,True,0.0,,2,state_UT,True,,,
309,1.0,standard_c1_source,sandwich,True,0.01,,2,state_CO,True,,,
309,1.0,standard_c1_source,sandwich,True,0.01,,2,state_UT,True,,,
309,1.0,standard_c1_source,concentration,True,0.0,,2,state_CO,True,,,
309,1.0,standard_c1_source,concentration,True,0.0,,2,state_UT,True,,,
309,1.0,standard_c1_source,concentration,True,0.01,,2,state_CO,True,,,
309,1.0,standard_c1_source,concentration,True,0.01,,2,state_UT,True,,,
309,1.0,standard_c1_shift,point,False,0.0,standard_c1:E2,2,state_CO,False,False,0.8263644096127559,0.01956531858440802
309,1.0,standard_c1_shift,point,False,0.0,standard_c1:E2,2,state_UT,False,False,0.8591016523205971,0.0207504591098433
309,1.0,standard_c1_shift,point,False,0.01,,2,state_CO,True,,,
309,1.0,standard_c1_shift,point,False,0.01,,2,state_UT,True,,,
309,1.0,standard_c1_shift,sandwich,True,0.0,,2,state_CO,True,,,
309,1.0,standard_c1_shift,sandwich,True,0.0,,2,state_UT,True,,,
309,1.0,standard_c1_shift,sandwich,True,0.01,,2,state_CO,True,,,
309,1.0,standard_c1_shift,sandwich,True,0.01,,2,state_UT,True,,,
309,1.0,standard_c1_shift,concentration,True,0.0,,2,state_CO,True,,,
309,1.0,standard_c1_shift,concentration,True,0.0,,2,state_UT,True,,,
309,1.0,standard_c1_shift,concentration,True,0.01,,2,state_CO,True,,,
309,1.0,standard_c1_shift,concentration,True,0.01,,2,state_UT,True,,,
309,1.0,standard_c5_source,point,False,0.0,standard_c5:E2,2,state_CO,False,False,0.8341285424715734,0.011801185725590524
309,1.0,standard_c5_source,point,False,0.0,standard_c5:E2,2,state_UT,False,False,0.8664402872300392,0.013411824200401212
309,1.0,standard_c5_source,point,False,0.01,standard_c5:E2,2,state_CO,False,False,0.8341285424715734,0.011801185725590524
309,1.0,standard_c5_source,point,False,0.01,standard_c5:E2,2,state_UT,False,False,0.8664402872300392,0.013411824200401212
309,1.0,standard_c5_source,sandwich,True,0.0,standard_c5:E2,2,state_CO,False,False,0.8341285424715734,0.011801185725590524
309,1.0,standard_c5_source,sandwich,True,0.0,standard_c5:E2,2,state_UT,False,False,0.8664402872300392,0.013411824200401212
309,1.0,standard_c5_source,sandwich,True,0.01,standard_c5:E2,2,state_CO,False,False,0.8341285424715734,0.011801185725590524
309,1.0,standard_c5_source,sandwich,True,0.01,standard_c5:E2,2,state_UT,False,False,0.8664402872300392,0.013411824200401212
309,1.0,standard_c5_source,concentration,True,0.0,,2,state_CO,True,,,
309,1.0,standard_c5_source,concentration,True,0.0,,2,state_UT,True,,,
309,1.0,standard_c5_source,concentration,True,0.01,,2,state_CO,True,,,
309,1.0,standard_c5_source,concentration,True,0.01,,2,state_UT,True,,,
309,1.0,standard_c5_shift,point,False,0.0,standard_c5:E2,2,state_CO,False,False,0.8341285424715734,0.011801185725590524
309,1.0,standard_c5_shift,point,False,0.0,standard_c5:E2,2,state_UT,False,False,0.8664402872300392,0.013411824200401212
309,1.0,standard_c5_shift,point,False,0.01,standard_c5:E2,2,state_CO,False,False,0.8341285424715734,0.011801185725590524
309,1.0,standard_c5_shift,point,False,0.01,standard_c5:E2,2,state_UT,False,False,0.8664402872300392,0.013411824200401212
309,1.0,standard_c5_shift,sandwich,True,0.0,standard_c5:E2,2,state_CO,False,False,0.8341285424715734,0.011801185725590524
309,1.0,standard_c5_shift,sandwich,True,0.0,standard_c5:E2,2,state_UT,False,False,0.8664402872300392,0.013411824200401212
309,1.0,standard_c5_shift,sandwich,True,0.01,standard_c5:E8,2,state_CO,False,False,0.8447490806606549,0.0011806475365090385
309,1.0,standard_c5_shift,sandwich,True,0.01,standard_c5:E8,2,state_UT,False,False,0.8773485234291439,0.002503588001296464
309,1.0,standard_c5_shift,concentration,True,0.0,,2,state_CO,True,,,
309,1.0,standard_c5_shift,concentration,True,0.0,,2,state_UT,True,,,
309,1.0,standard_c5_shift,concentration,True,0.01,,2,state_CO,True,,,
309,1.0,standard_c5_shift,concentration,True,0.01,,2,state_UT,True,,,
309,1.0,auto_s_source,point,False,0.0,,2,state_CO,True,,,
309,1.0,auto_s_source,point,False,0.0,,2,state_UT,True,,,
309,1.0,auto_s_source,point,False,0.01,,2,state_CO,True,,,
309,1.0,auto_s_source,point,False,0.01,,2,state_UT,True,,,
309,1.0,auto_s_source,sandwich,True,0.0,,2,state_CO,True,,,
309,1.0,auto_s_source,sandwich,True,0.0,,2,state_UT,True,,,
309,1.0,auto_s_source,sandwich,True,0.01,,2,state_CO,True,,,
309,1.0,auto_s_source,sandwich,True,0.01,,2,state_UT,True,,,
309,1.0,auto_s_source,concentration,True,0.0,,2,state_CO,True,,,
309,1.0,auto_s_source,concentration,True,0.0,,2,state_UT,True,,,
309,1.0,auto_s_source,concentration,True,0.01,,2,state_CO,True,,,
309,1.0,auto_s_source,concentration,True,0.01,,2,state_UT,True,,,
309,1.0,auto_s_shift,point,False,0.0,,2,state_CO,True,,,
309,1.0,auto_s_shift,point,False,0.0,,2,state_UT,True,,,
309,1.0,auto_s_shift,point,False,0.01,,2,state_CO,True,,,
309,1.0,auto_s_shift,point,False,0.01,,2,state_UT,True,,,
309,1.0,auto_s_shift,sandwich,True,0.0,,2,state_CO,True,,,
309,1.0,auto_s_shift,sandwich,True,0.0,,2,state_UT,True,,,
309,1.0,auto_s_shift,sandwich,True,0.01,,2,state_CO,True,,,
309,1.0,auto_s_shift,sandwich,True,0.01,,2,state_UT,True,,,
309,1.0,auto_s_shift,concentration,True,0.0,,2,state_CO,True,,,
309,1.0,auto_s_shift,concentration,True,0.0,,2,state_UT,True,,,
309,1.0,auto_s_shift,concentration,True,0.01,,2,state_CO,True,,,
309,1.0,auto_s_shift,concentration,True,0.01,,2,state_UT,True,,,
309,1.0,standard_joint_source,point,False,0.0,standard_c5:E2,4,state_CO,False,False,0.8341285424715734,0.011801185725590524
309,1.0,standard_joint_source,point,False,0.0,standard_c5:E2,4,state_UT,False,False,0.8664402872300392,0.013411824200401212
309,1.0,standard_joint_source,point,False,0.01,standard_c5:E2,4,state_CO,False,False,0.8341285424715734,0.011801185725590524
309,1.0,standard_joint_source,point,False,0.01,standard_c5:E2,4,state_UT,False,False,0.8664402872300392,0.013411824200401212
309,1.0,standard_joint_source,sandwich,True,0.0,standard_c5:E2,4,state_CO,False,False,0.8341285424715734,0.011801185725590524
309,1.0,standard_joint_source,sandwich,True,0.0,standard_c5:E2,4,state_UT,False,False,0.8664402872300392,0.013411824200401212
309,1.0,standard_joint_source,sandwich,True,0.01,standard_c5:E2,4,state_CO,False,False,0.8341285424715734,0.011801185725590524
309,1.0,standard_joint_source,sandwich,True,0.01,standard_c5:E2,4,state_UT,False,False,0.8664402872300392,0.013411824200401212
309,1.0,standard_joint_source,concentration,True,0.0,,4,state_CO,True,,,
309,1.0,standard_joint_source,concentration,True,0.0,,4,state_UT,True,,,
309,1.0,standard_joint_source,concentration,True,0.01,,4,state_CO,True,,,
309,1.0,standard_joint_source,concentration,True,0.01,,4,state_UT,True,,,
309,1.0,standard_joint_shift,point,False,0.0,standard_c5:E2,4,state_CO,False,False,0.8341285424715734,0.011801185725590524
309,1.0,standard_joint_shift,point,False,0.0,standard_c5:E2,4,state_UT,False,False,0.8664402872300392,0.013411824200401212
309,1.0,standard_joint_shift,point,False,0.01,standard_c5:E2,4,state_CO,False,False,0.8341285424715734,0.011801185725590524
309,1.0,standard_joint_shift,point,False,0.01,standard_c5:E2,4,state_UT,False,False,0.8664402872300392,0.013411824200401212
309,1.0,standard_joint_shift,sandwich,True,0.0,standard_c5:E2,4,state_CO,False,False,0.8341285424715734,0.011801185725590524
309,1.0,standard_joint_shift,sandwich,True,0.0,standard_c5:E2,4,state_UT,False,False,0.8664402872300392,0.013411824200401212
309,1.0,standard_joint_shift,sandwich,True,0.01,standard_c5:E8,4,state_CO,False,False,0.8447490806606549,0.0011806475365090385
309,1.0,standard_joint_shift,sandwich,True,0.01,standard_c5:E8,4,state_UT,False,False,0.8773485234291439,0.002503588001296464
309,1.0,standard_joint_shift,concentration,True,0.0,,4,state_CO,True,,,
309,1.0,standard_joint_shift,concentration,True,0.0,,4,state_UT,True,,,
309,1.0,standard_joint_shift,concentration,True,0.01,,4,state_CO,True,,,
309,1.0,standard_joint_shift,concentration,True,0.01,,4,state_UT,True,,,
309,1.0,combined_source,point,False,0.0,standard_c5:E2,6,state_CO,False,False,0.8341285424715734,0.011801185725590524
309,1.0,combined_source,point,False,0.0,standard_c5:E2,6,state_UT,False,False,0.8664402872300392,0.013411824200401212
309,1.0,combined_source,point,False,0.01,standard_c5:E2,6,state_CO,False,False,0.8341285424715734,0.011801185725590524
309,1.0,combined_source,point,False,0.01,standard_c5:E2,6,state_UT,False,False,0.8664402872300392,0.013411824200401212
309,1.0,combined_source,sandwich,True,0.0,standard_c5:E2,6,state_CO,False,False,0.8341285424715734,0.011801185725590524
309,1.0,combined_source,sandwich,True,0.0,standard_c5:E2,6,state_UT,False,False,0.8664402872300392,0.013411824200401212
309,1.0,combined_source,sandwich,True,0.01,standard_c5:E2,6,state_CO,False,False,0.8341285424715734,0.011801185725590524
309,1.0,combined_source,sandwich,True,0.01,standard_c5:E2,6,state_UT,False,False,0.8664402872300392,0.013411824200401212
309,1.0,combined_source,concentration,True,0.0,,6,state_CO,True,,,
309,1.0,combined_source,concentration,True,0.0,,6,state_UT,True,,,
309,1.0,combined_source,concentration,True,0.01,,6,state_CO,True,,,
309,1.0,combined_source,concentration,True,0.01,,6,state_UT,True,,,
309,1.0,combined_shift,point,False,0.0,standard_c5:E2,6,state_CO,False,False,0.8341285424715734,0.011801185725590524
309,1.0,combined_shift,point,False,0.0,standard_c5:E2,6,state_UT,False,False,0.8664402872300392,0.013411824200401212
309,1.0,combined_shift,point,False,0.01,standard_c5:E2,6,state_CO,False,False,0.8341285424715734,0.011801185725590524
309,1.0,combined_shift,point,False,0.01,standard_c5:E2,6,state_UT,False,False,0.8664402872300392,0.013411824200401212
309,1.0,combined_shift,sandwich,True,0.0,standard_c5:E2,6,state_CO,False,False,0.8341285424715734,0.011801185725590524
309,1.0,combined_shift,sandwich,True,0.0,standard_c5:E2,6,state_UT,False,False,0.8664402872300392,0.013411824200401212
309,1.0,combined_shift,sandwich,True,0.01,standard_c5:E8,6,state_CO,False,False,0.8447490806606549,0.0011806475365090385
309,1.0,combined_shift,sandwich,True,0.01,standard_c5:E8,6,state_UT,False,False,0.8773485234291439,0.002503588001296464
309,1.0,combined_shift,concentration,True,0.0,,6,state_CO,True,,,
309,1.0,combined_shift,concentration,True,0.0,,6,state_UT,True,,,
309,1.0,combined_shift,concentration,True,0.01,,6,state_CO,True,,,
309,1.0,combined_shift,concentration,True,0.01,,6,state_UT,True,,,
310,1.0,standard_c1_source,point,False,0.0,standard_c1:E2,2,state_CO,False,False,0.8335293976173223,0.019098229774792697
310,1.0,standard_c1_source,point,False,0.0,standard_c1:E2,2,state_UT,False,False,0.8437720488466758,0.025877431026684605
310,1.0,standard_c1_source,point,False,0.01,,2,state_CO,True,,,
310,1.0,standard_c1_source,point,False,0.01,,2,state_UT,True,,,
310,1.0,standard_c1_source,sandwich,True,0.0,,2,state_CO,True,,,
310,1.0,standard_c1_source,sandwich,True,0.0,,2,state_UT,True,,,
310,1.0,standard_c1_source,sandwich,True,0.01,,2,state_CO,True,,,
310,1.0,standard_c1_source,sandwich,True,0.01,,2,state_UT,True,,,
310,1.0,standard_c1_source,concentration,True,0.0,,2,state_CO,True,,,
310,1.0,standard_c1_source,concentration,True,0.0,,2,state_UT,True,,,
310,1.0,standard_c1_source,concentration,True,0.01,,2,state_CO,True,,,
310,1.0,standard_c1_source,concentration,True,0.01,,2,state_UT,True,,,
310,1.0,standard_c1_shift,point,False,0.0,standard_c1:E2,2,state_CO,False,False,0.8335293976173223,0.019098229774792697
310,1.0,standard_c1_shift,point,False,0.0,standard_c1:E2,2,state_UT,False,False,0.8437720488466758,0.025877431026684605
310,1.0,standard_c1_shift,point,False,0.01,,2,state_CO,True,,,
310,1.0,standard_c1_shift,point,False,0.01,,2,state_UT,True,,,
310,1.0,standard_c1_shift,sandwich,True,0.0,,2,state_CO,True,,,
310,1.0,standard_c1_shift,sandwich,True,0.0,,2,state_UT,True,,,
310,1.0,standard_c1_shift,sandwich,True,0.01,,2,state_CO,True,,,
310,1.0,standard_c1_shift,sandwich,True,0.01,,2,state_UT,True,,,
310,1.0,standard_c1_shift,concentration,True,0.0,,2,state_CO,True,,,
310,1.0,standard_c1_shift,concentration,True,0.0,,2,state_UT,True,,,
310,1.0,standard_c1_shift,concentration,True,0.01,,2,state_CO,True,,,
310,1.0,standard_c1_shift,concentration,True,0.01,,2,state_UT,True,,,
310,1.0,standard_c5_source,point,False,0.0,standard_c5:E2,2,state_CO,False,False,0.8374119932783936,0.015215634113721399
310,1.0,standard_c5_source,point,False,0.0,standard_c5:E2,2,state_UT,False,False,0.8579341926729988,0.011715287200361635
310,1.0,standard_c5_source,point,False,0.01,standard_c5:E2,2,state_CO,False,False,0.8374119932783936,0.015215634113721399
310,1.0,standard_c5_source,point,False,0.01,standard_c5:E2,2,state_UT,False,False,0.8579341926729988,0.011715287200361635
310,1.0,standard_c5_source,sandwich,True,0.0,standard_c5:E2,2,state_CO,False,False,0.8374119932783936,0.015215634113721399
310,1.0,standard_c5_source,sandwich,True,0.0,standard_c5:E2,2,state_UT,False,False,0.8579341926729988,0.011715287200361635
310,1.0,standard_c5_source,sandwich,True,0.01,standard_c5:E8,2,state_CO,False,False,0.8515035254972453,0.0011241018948696668
310,1.0,standard_c5_source,sandwich,True,0.01,standard_c5:E8,2,state_UT,False,False,0.8683322026232474,0.0013172772501129915
310,1.0,standard_c5_source,concentration,True,0.0,,2,state_CO,True,,,
310,1.0,standard_c5_source,concentration,True,0.0,,2,state_UT,True,,,
310,1.0,standard_c5_source,concentration,True,0.01,,2,state_CO,True,,,
310,1.0,standard_c5_source,concentration,True,0.01,,2,state_UT,True,,,
310,1.0,standard_c5_shift,point,False,0.0,standard_c5:E2,2,state_CO,False,False,0.8374119932783936,0.015215634113721399
310,1.0,standard_c5_shift,point,False,0.0,standard_c5:E2,2,state_UT,False,False,0.8579341926729988,0.011715287200361635
310,1.0,standard_c5_shift,point,False,0.01,standard_c5:E2,2,state_CO,False,False,0.8374119932783936,0.015215634113721399
310,1.0,standard_c5_shift,point,False,0.01,standard_c5:E2,2,state_UT,False,False,0.8579341926729988,0.011715287200361635
310,1.0,standard_c5_shift,sandwich,True,0.0,standard_c5:E2,2,state_CO,False,False,0.8374119932783936,0.015215634113721399
310,1.0,standard_c5_shift,sandwich,True,0.0,standard_c5:E2,2,state_UT,False,False,0.8579341926729988,0.011715287200361635
310,1.0,standard_c5_shift,sandwich,True,0.01,standard_c5:E8,2,state_CO,False,False,0.8515035254972453,0.0011241018948696668
310,1.0,standard_c5_shift,sandwich,True,0.01,standard_c5:E8,2,state_UT,False,False,0.8683322026232474,0.0013172772501129915
310,1.0,standard_c5_shift,concentration,True,0.0,,2,state_CO,True,,,
310,1.0,standard_c5_shift,concentration,True,0.0,,2,state_UT,True,,,
310,1.0,standard_c5_shift,concentration,True,0.01,,2,state_CO,True,,,
310,1.0,standard_c5_shift,concentration,True,0.01,,2,state_UT,True,,,
310,1.0,auto_s_source,point,False,0.0,auto_s:E2,2,state_CO,False,False,0.8277081183161686,0.02491950907594631
310,1.0,auto_s_source,point,False,0.0,auto_s:E2,2,state_UT,False,True,0.8381377204884669,0.03151175938489348
310,1.0,auto_s_source,point,False,0.01,,2,state_CO,True,,,
310,1.0,auto_s_source,point,False,0.01,,2,state_UT,True,,,
310,1.0,auto_s_source,sandwich,True,0.0,,2,state_CO,True,,,
310,1.0,auto_s_source,sandwich,True,0.0,,2,state_UT,True,,,
310,1.0,auto_s_source,sandwich,True,0.01,,2,state_CO,True,,,
310,1.0,auto_s_source,sandwich,True,0.01,,2,state_UT,True,,,
310,1.0,auto_s_source,concentration,True,0.0,,2,state_CO,True,,,
310,1.0,auto_s_source,concentration,True,0.0,,2,state_UT,True,,,
310,1.0,auto_s_source,concentration,True,0.01,,2,state_CO,True,,,
310,1.0,auto_s_source,concentration,True,0.01,,2,state_UT,True,,,
310,1.0,auto_s_shift,point,False,0.0,,2,state_CO,True,,,
310,1.0,auto_s_shift,point,False,0.0,,2,state_UT,True,,,
310,1.0,auto_s_shift,point,False,0.01,,2,state_CO,True,,,
310,1.0,auto_s_shift,point,False,0.01,,2,state_UT,True,,,
310,1.0,auto_s_shift,sandwich,True,0.0,,2,state_CO,True,,,
310,1.0,auto_s_shift,sandwich,True,0.0,,2,state_UT,True,,,
310,1.0,auto_s_shift,sandwich,True,0.01,,2,state_CO,True,,,
310,1.0,auto_s_shift,sandwich,True,0.01,,2,state_UT,True,,,
310,1.0,auto_s_shift,concentration,True,0.0,,2,state_CO,True,,,
310,1.0,auto_s_shift,concentration,True,0.0,,2,state_UT,True,,,
310,1.0,auto_s_shift,concentration,True,0.01,,2,state_CO,True,,,
310,1.0,auto_s_shift,concentration,True,0.01,,2,state_UT,True,,,
310,1.0,standard_joint_source,point,False,0.0,standard_c5:E2,4,state_CO,False,False,0.8374119932783936,0.015215634113721399
310,1.0,standard_joint_source,point,False,0.0,standard_c5:E2,4,state_UT,False,False,0.8579341926729988,0.011715287200361635
310,1.0,standard_joint_source,point,False,0.01,standard_c5:E2,4,state_CO,False,False,0.8374119932783936,0.015215634113721399
310,1.0,standard_joint_source,point,False,0.01,standard_c5:E2,4,state_UT,False,False,0.8579341926729988,0.011715287200361635
310,1.0,standard_joint_source,sandwich,True,0.0,standard_c5:E2,4,state_CO,False,False,0.8374119932783936,0.015215634113721399
310,1.0,standard_joint_source,sandwich,True,0.0,standard_c5:E2,4,state_UT,False,False,0.8579341926729988,0.011715287200361635
310,1.0,standard_joint_source,sandwich,True,0.01,standard_c5:E8,4,state_CO,False,False,0.8515035254972453,0.0011241018948696668
310,1.0,standard_joint_source,sandwich,True,0.01,standard_c5:E8,4,state_UT,False,False,0.8683322026232474,0.0013172772501129915
310,1.0,standard_joint_source,concentration,True,0.0,,4,state_CO,True,,,
310,1.0,standard_joint_source,concentration,True,0.0,,4,state_UT,True,,,
310,1.0,standard_joint_source,concentration,True,0.01,,4,state_CO,True,,,
310,1.0,standard_joint_source,concentration,True,0.01,,4,state_UT,True,,,
310,1.0,standard_joint_shift,point,False,0.0,standard_c5:E2,4,state_CO,False,False,0.8374119932783936,0.015215634113721399
310,1.0,standard_joint_shift,point,False,0.0,standard_c5:E2,4,state_UT,False,False,0.8579341926729988,0.011715287200361635
310,1.0,standard_joint_shift,point,False,0.01,standard_c5:E2,4,state_CO,False,False,0.8374119932783936,0.015215634113721399
310,1.0,standard_joint_shift,point,False,0.01,standard_c5:E2,4,state_UT,False,False,0.8579341926729988,0.011715287200361635
310,1.0,standard_joint_shift,sandwich,True,0.0,standard_c5:E2,4,state_CO,False,False,0.8374119932783936,0.015215634113721399
310,1.0,standard_joint_shift,sandwich,True,0.0,standard_c5:E2,4,state_UT,False,False,0.8579341926729988,0.011715287200361635
310,1.0,standard_joint_shift,sandwich,True,0.01,standard_c5:E8,4,state_CO,False,False,0.8515035254972453,0.0011241018948696668
310,1.0,standard_joint_shift,sandwich,True,0.01,standard_c5:E8,4,state_UT,False,False,0.8683322026232474,0.0013172772501129915
310,1.0,standard_joint_shift,concentration,True,0.0,,4,state_CO,True,,,
310,1.0,standard_joint_shift,concentration,True,0.0,,4,state_UT,True,,,
310,1.0,standard_joint_shift,concentration,True,0.01,,4,state_CO,True,,,
310,1.0,standard_joint_shift,concentration,True,0.01,,4,state_UT,True,,,
310,1.0,combined_source,point,False,0.0,standard_c5:E2,6,state_CO,False,False,0.8374119932783936,0.015215634113721399
310,1.0,combined_source,point,False,0.0,standard_c5:E2,6,state_UT,False,False,0.8579341926729988,0.011715287200361635
310,1.0,combined_source,point,False,0.01,standard_c5:E2,6,state_CO,False,False,0.8374119932783936,0.015215634113721399
310,1.0,combined_source,point,False,0.01,standard_c5:E2,6,state_UT,False,False,0.8579341926729988,0.011715287200361635
310,1.0,combined_source,sandwich,True,0.0,standard_c5:E2,6,state_CO,False,False,0.8374119932783936,0.015215634113721399
310,1.0,combined_source,sandwich,True,0.0,standard_c5:E2,6,state_UT,False,False,0.8579341926729988,0.011715287200361635
310,1.0,combined_source,sandwich,True,0.01,standard_c5:E8,6,state_CO,False,False,0.8515035254972453,0.0011241018948696668
310,1.0,combined_source,sandwich,True,0.01,standard_c5:E8,6,state_UT,False,False,0.8683322026232474,0.0013172772501129915
310,1.0,combined_source,concentration,True,0.0,,6,state_CO,True,,,
310,1.0,combined_source,concentration,True,0.0,,6,state_UT,True,,,
310,1.0,combined_source,concentration,True,0.01,,6,state_CO,True,,,
310,1.0,combined_source,concentration,True,0.01,,6,state_UT,True,,,
310,1.0,combined_shift,point,False,0.0,standard_c5:E2,6,state_CO,False,False,0.8374119932783936,0.015215634113721399
310,1.0,combined_shift,point,False,0.0,standard_c5:E2,6,state_UT,False,False,0.8579341926729988,0.011715287200361635
310,1.0,combined_shift,point,False,0.01,standard_c5:E2,6,state_CO,False,False,0.8374119932783936,0.015215634113721399
310,1.0,combined_shift,point,False,0.01,standard_c5:E2,6,state_UT,False,False,0.8579341926729988,0.011715287200361635
310,1.0,combined_shift,sandwich,True,0.0,standard_c5:E2,6,state_CO,False,False,0.8374119932783936,0.015215634113721399
310,1.0,combined_shift,sandwich,True,0.0,standard_c5:E2,6,state_UT,False,False,0.8579341926729988,0.011715287200361635
310,1.0,combined_shift,sandwich,True,0.01,standard_c5:E8,6,state_CO,False,False,0.8515035254972453,0.0011241018948696668
310,1.0,combined_shift,sandwich,True,0.01,standard_c5:E8,6,state_UT,False,False,0.8683322026232474,0.0013172772501129915
310,1.0,combined_shift,concentration,True,0.0,,6,state_CO,True,,,
310,1.0,combined_shift,concentration,True,0.0,,6,state_UT,True,,,
310,1.0,combined_shift,concentration,True,0.01,,6,state_CO,True,,,
310,1.0,combined_shift,concentration,True,0.01,,6,state_UT,True,,,
311,1.0,standard_c1_source,point,False,0.0,standard_c1:E2,2,state_CO,False,False,0.8346879360754869,0.021195345205661464
311,1.0,standard_c1_source,point,False,0.0,standard_c1:E2,2,state_UT,False,False,0.8618157543391187,0.021079683019741058
311,1.0,standard_c1_source,point,False,0.01,,2,state_CO,True,,,
311,1.0,standard_c1_source,point,False,0.01,,2,state_UT,True,,,
311,1.0,standard_c1_source,sandwich,True,0.0,,2,state_CO,True,,,
311,1.0,standard_c1_source,sandwich,True,0.0,,2,state_UT,True,,,
311,1.0,standard_c1_source,sandwich,True,0.01,,2,state_CO,True,,,
311,1.0,standard_c1_source,sandwich,True,0.01,,2,state_UT,True,,,
311,1.0,standard_c1_source,concentration,True,0.0,,2,state_CO,True,,,
311,1.0,standard_c1_source,concentration,True,0.0,,2,state_UT,True,,,
311,1.0,standard_c1_source,concentration,True,0.01,,2,state_CO,True,,,
311,1.0,standard_c1_source,concentration,True,0.01,,2,state_UT,True,,,
311,1.0,standard_c1_shift,point,False,0.0,standard_c1:E2,2,state_CO,False,False,0.8346879360754869,0.021195345205661464
311,1.0,standard_c1_shift,point,False,0.0,standard_c1:E2,2,state_UT,False,False,0.8618157543391187,0.021079683019741058
311,1.0,standard_c1_shift,point,False,0.01,,2,state_CO,True,,,
311,1.0,standard_c1_shift,point,False,0.01,,2,state_UT,True,,,
311,1.0,standard_c1_shift,sandwich,True,0.0,,2,state_CO,True,,,
311,1.0,standard_c1_shift,sandwich,True,0.0,,2,state_UT,True,,,
311,1.0,standard_c1_shift,sandwich,True,0.01,,2,state_CO,True,,,
311,1.0,standard_c1_shift,sandwich,True,0.01,,2,state_UT,True,,,
311,1.0,standard_c1_shift,concentration,True,0.0,,2,state_CO,True,,,
311,1.0,standard_c1_shift,concentration,True,0.0,,2,state_UT,True,,,
311,1.0,standard_c1_shift,concentration,True,0.01,,2,state_CO,True,,,
311,1.0,standard_c1_shift,concentration,True,0.01,,2,state_UT,True,,,
311,1.0,standard_c5_source,point,False,0.0,standard_c5:E2,2,state_CO,False,False,0.8400360904379028,0.015847190843245484
311,1.0,standard_c5_source,point,False,0.0,standard_c5:E2,2,state_UT,False,False,0.8734705513629136,0.009424885995946153
311,1.0,standard_c5_source,point,False,0.01,standard_c5:E2,2,state_CO,False,False,0.8400360904379028,0.015847190843245484
311,1.0,standard_c5_source,point,False,0.01,standard_c5:E2,2,state_UT,False,False,0.8734705513629136,0.009424885995946153
311,1.0,standard_c5_source,sandwich,True,0.0,standard_c5:E2,2,state_CO,False,False,0.8400360904379028,0.015847190843245484
311,1.0,standard_c5_source,sandwich,True,0.0,standard_c5:E2,2,state_UT,False,False,0.8734705513629136,0.009424885995946153
311,1.0,standard_c5_source,sandwich,True,0.01,standard_c5:E2,2,state_CO,False,False,0.8400360904379028,0.015847190843245484
311,1.0,standard_c5_source,sandwich,True,0.01,standard_c5:E2,2,state_UT,False,False,0.8734705513629136,0.009424885995946153
311,1.0,standard_c5_source,concentration,True,0.0,,2,state_CO,True,,,
311,1.0,standard_c5_source,concentration,True,0.0,,2,state_UT,True,,,
311,1.0,standard_c5_source,concentration,True,0.01,,2,state_CO,True,,,
311,1.0,standard_c5_source,concentration,True,0.01,,2,state_UT,True,,,
311,1.0,standard_c5_shift,point,False,0.0,standard_c5:E2,2,state_CO,False,False,0.8400360904379028,0.015847190843245484
311,1.0,standard_c5_shift,point,False,0.0,standard_c5:E2,2,state_UT,False,False,0.8734705513629136,0.009424885995946153
311,1.0,standard_c5_shift,point,False,0.01,standard_c5:E8,2,state_CO,False,False,0.8529750730945578,0.002908208186590544
311,1.0,standard_c5_shift,point,False,0.01,standard_c5:E8,2,state_UT,False,False,0.8812982591583945,0.0015971782004652324
311,1.0,standard_c5_shift,sandwich,True,0.0,standard_c5:E8,2,state_CO,False,False,0.8529750730945578,0.002908208186590544
311,1.0,standard_c5_shift,sandwich,True,0.0,standard_c5:E8,2,state_UT,False,False,0.8812982591583945,0.0015971782004652324
311,1.0,standard_c5_shift,sandwich,True,0.01,standard_c5:E8,2,state_CO,False,False,0.8529750730945578,0.002908208186590544
311,1.0,standard_c5_shift,sandwich,True,0.01,standard_c5:E8,2,state_UT,False,False,0.8812982591583945,0.0015971782004652324
311,1.0,standard_c5_shift,concentration,True,0.0,,2,state_CO,True,,,
311,1.0,standard_c5_shift,concentration,True,0.0,,2,state_UT,True,,,
311,1.0,standard_c5_shift,concentration,True,0.01,,2,state_CO,True,,,
311,1.0,standard_c5_shift,concentration,True,0.01,,2,state_UT,True,,,
311,1.0,auto_s_source,point,False,0.0,auto_s:E2,2,state_CO,False,False,0.8286430992092497,0.0272401820718986
311,1.0,auto_s_source,point,False,0.0,auto_s:E2,2,state_UT,False,False,0.8565231095040956,0.026372327854764177
311,1.0,auto_s_source,point,False,0.01,,2,state_CO,True,,,
311,1.0,auto_s_source,point,False,0.01,,2,state_UT,True,,,
311,1.0,auto_s_source,sandwich,True,0.0,,2,state_CO,True,,,
311,1.0,auto_s_source,sandwich,True,0.0,,2,state_UT,True,,,
311,1.0,auto_s_source,sandwich,True,0.01,,2,state_CO,True,,,
311,1.0,auto_s_source,sandwich,True,0.01,,2,state_UT,True,,,
311,1.0,auto_s_source,concentration,True,0.0,,2,state_CO,True,,,
311,1.0,auto_s_source,concentration,True,0.0,,2,state_UT,True,,,
311,1.0,auto_s_source,concentration,True,0.01,,2,state_CO,True,,,
311,1.0,auto_s_source,concentration,True,0.01,,2,state_UT,True,,,
311,1.0,auto_s_shift,point,False,0.0,auto_s:E2,2,state_CO,False,False,0.8286430992092497,0.0272401820718986
311,1.0,auto_s_shift,point,False,0.0,auto_s:E2,2,state_UT,False,False,0.8565231095040956,0.026372327854764177
311,1.0,auto_s_shift,point,False,0.01,,2,state_CO,True,,,
311,1.0,auto_s_shift,point,False,0.01,,2,state_UT,True,,,
311,1.0,auto_s_shift,sandwich,True,0.0,,2,state_CO,True,,,
311,1.0,auto_s_shift,sandwich,True,0.0,,2,state_UT,True,,,
311,1.0,auto_s_shift,sandwich,True,0.01,,2,state_CO,True,,,
311,1.0,auto_s_shift,sandwich,True,0.01,,2,state_UT,True,,,
311,1.0,auto_s_shift,concentration,True,0.0,,2,state_CO,True,,,
311,1.0,auto_s_shift,concentration,True,0.0,,2,state_UT,True,,,
311,1.0,auto_s_shift,concentration,True,0.01,,2,state_CO,True,,,
311,1.0,auto_s_shift,concentration,True,0.01,,2,state_UT,True,,,
311,1.0,standard_joint_source,point,False,0.0,standard_c5:E2,4,state_CO,False,False,0.8400360904379028,0.015847190843245484
311,1.0,standard_joint_source,point,False,0.0,standard_c5:E2,4,state_UT,False,False,0.8734705513629136,0.009424885995946153
311,1.0,standard_joint_source,point,False,0.01,standard_c5:E2,4,state_CO,False,False,0.8400360904379028,0.015847190843245484
311,1.0,standard_joint_source,point,False,0.01,standard_c5:E2,4,state_UT,False,False,0.8734705513629136,0.009424885995946153
311,1.0,standard_joint_source,sandwich,True,0.0,standard_c5:E2,4,state_CO,False,False,0.8400360904379028,0.015847190843245484
311,1.0,standard_joint_source,sandwich,True,0.0,standard_c5:E2,4,state_UT,False,False,0.8734705513629136,0.009424885995946153
311,1.0,standard_joint_source,sandwich,True,0.01,standard_c5:E2,4,state_CO,False,False,0.8400360904379028,0.015847190843245484
311,1.0,standard_joint_source,sandwich,True,0.01,standard_c5:E2,4,state_UT,False,False,0.8734705513629136,0.009424885995946153
311,1.0,standard_joint_source,concentration,True,0.0,,4,state_CO,True,,,
311,1.0,standard_joint_source,concentration,True,0.0,,4,state_UT,True,,,
311,1.0,standard_joint_source,concentration,True,0.01,,4,state_CO,True,,,
311,1.0,standard_joint_source,concentration,True,0.01,,4,state_UT,True,,,
311,1.0,standard_joint_shift,point,False,0.0,standard_c1:E2,4,state_CO,False,False,0.8346879360754869,0.021195345205661464
311,1.0,standard_joint_shift,point,False,0.0,standard_c1:E2,4,state_UT,False,False,0.8618157543391187,0.021079683019741058
311,1.0,standard_joint_shift,point,False,0.01,standard_c5:E8,4,state_CO,False,False,0.8529750730945578,0.002908208186590544
311,1.0,standard_joint_shift,point,False,0.01,standard_c5:E8,4,state_UT,False,False,0.8812982591583945,0.0015971782004652324
311,1.0,standard_joint_shift,sandwich,True,0.0,standard_c5:E8,4,state_CO,False,False,0.8529750730945578,0.002908208186590544
311,1.0,standard_joint_shift,sandwich,True,0.0,standard_c5:E8,4,state_UT,False,False,0.8812982591583945,0.0015971782004652324
311,1.0,standard_joint_shift,sandwich,True,0.01,standard_c5:E8,4,state_CO,False,False,0.8529750730945578,0.002908208186590544
311,1.0,standard_joint_shift,sandwich,True,0.01,standard_c5:E8,4,state_UT,False,False,0.8812982591583945,0.0015971782004652324
311,1.0,standard_joint_shift,concentration,True,0.0,,4,state_CO,True,,,
311,1.0,standard_joint_shift,concentration,True,0.0,,4,state_UT,True,,,
311,1.0,standard_joint_shift,concentration,True,0.01,,4,state_CO,True,,,
311,1.0,standard_joint_shift,concentration,True,0.01,,4,state_UT,True,,,
311,1.0,combined_source,point,False,0.0,standard_c5:E2,6,state_CO,False,False,0.8400360904379028,0.015847190843245484
311,1.0,combined_source,point,False,0.0,standard_c5:E2,6,state_UT,False,False,0.8734705513629136,0.009424885995946153
311,1.0,combined_source,point,False,0.01,standard_c5:E2,6,state_CO,False,False,0.8400360904379028,0.015847190843245484
311,1.0,combined_source,point,False,0.01,standard_c5:E2,6,state_UT,False,False,0.8734705513629136,0.009424885995946153
311,1.0,combined_source,sandwich,True,0.0,standard_c5:E2,6,state_CO,False,False,0.8400360904379028,0.015847190843245484
311,1.0,combined_source,sandwich,True,0.0,standard_c5:E2,6,state_UT,False,False,0.8734705513629136,0.009424885995946153
311,1.0,combined_source,sandwich,True,0.01,standard_c5:E2,6,state_CO,False,False,0.8400360904379028,0.015847190843245484
311,1.0,combined_source,sandwich,True,0.01,standard_c5:E2,6,state_UT,False,False,0.8734705513629136,0.009424885995946153
311,1.0,combined_source,concentration,True,0.0,,6,state_CO,True,,,
311,1.0,combined_source,concentration,True,0.0,,6,state_UT,True,,,
311,1.0,combined_source,concentration,True,0.01,,6,state_CO,True,,,
311,1.0,combined_source,concentration,True,0.01,,6,state_UT,True,,,
311,1.0,combined_shift,point,False,0.0,standard_c1:E2,6,state_CO,False,False,0.8346879360754869,0.021195345205661464
311,1.0,combined_shift,point,False,0.0,standard_c1:E2,6,state_UT,False,False,0.8618157543391187,0.021079683019741058
311,1.0,combined_shift,point,False,0.01,standard_c5:E8,6,state_CO,False,False,0.8529750730945578,0.002908208186590544
311,1.0,combined_shift,point,False,0.01,standard_c5:E8,6,state_UT,False,False,0.8812982591583945,0.0015971782004652324
311,1.0,combined_shift,sandwich,True,0.0,standard_c5:E8,6,state_CO,False,False,0.8529750730945578,0.002908208186590544
311,1.0,combined_shift,sandwich,True,0.0,standard_c5:E8,6,state_UT,False,False,0.8812982591583945,0.0015971782004652324
311,1.0,combined_shift,sandwich,True,0.01,standard_c5:E8,6,state_CO,False,False,0.8529750730945578,0.002908208186590544
311,1.0,combined_shift,sandwich,True,0.01,standard_c5:E8,6,state_UT,False,False,0.8812982591583945,0.0015971782004652324
311,1.0,combined_shift,concentration,True,0.0,,6,state_CO,True,,,
311,1.0,combined_shift,concentration,True,0.0,,6,state_UT,True,,,
311,1.0,combined_shift,concentration,True,0.01,,6,state_CO,True,,,
311,1.0,combined_shift,concentration,True,0.01,,6,state_UT,True,,,
312,1.0,standard_c1_source,point,False,0.0,standard_c1:E2,2,state_CO,False,True,0.8260616182719694,0.030104379084149646
312,1.0,standard_c1_source,point,False,0.0,standard_c1:E2,2,state_UT,False,True,0.8324254126262193,0.03244028719356984
312,1.0,standard_c1_source,point,False,0.01,,2,state_CO,True,,,
312,1.0,standard_c1_source,point,False,0.01,,2,state_UT,True,,,
312,1.0,standard_c1_source,sandwich,True,0.0,,2,state_CO,True,,,
312,1.0,standard_c1_source,sandwich,True,0.0,,2,state_UT,True,,,
312,1.0,standard_c1_source,sandwich,True,0.01,,2,state_CO,True,,,
312,1.0,standard_c1_source,sandwich,True,0.01,,2,state_UT,True,,,
312,1.0,standard_c1_source,concentration,True,0.0,,2,state_CO,True,,,
312,1.0,standard_c1_source,concentration,True,0.0,,2,state_UT,True,,,
312,1.0,standard_c1_source,concentration,True,0.01,,2,state_CO,True,,,
312,1.0,standard_c1_source,concentration,True,0.01,,2,state_UT,True,,,
312,1.0,standard_c1_shift,point,False,0.0,standard_c1:E2,2,state_CO,False,True,0.8260616182719694,0.030104379084149646
312,1.0,standard_c1_shift,point,False,0.0,standard_c1:E2,2,state_UT,False,True,0.8324254126262193,0.03244028719356984
312,1.0,standard_c1_shift,point,False,0.01,,2,state_CO,True,,,
312,1.0,standard_c1_shift,point,False,0.01,,2,state_UT,True,,,
312,1.0,standard_c1_shift,sandwich,True,0.0,,2,state_CO,True,,,
312,1.0,standard_c1_shift,sandwich,True,0.0,,2,state_UT,True,,,
312,1.0,standard_c1_shift,sandwich,True,0.01,,2,state_CO,True,,,
312,1.0,standard_c1_shift,sandwich,True,0.01,,2,state_UT,True,,,
312,1.0,standard_c1_shift,concentration,True,0.0,,2,state_CO,True,,,
312,1.0,standard_c1_shift,concentration,True,0.0,,2,state_UT,True,,,
312,1.0,standard_c1_shift,concentration,True,0.01,,2,state_CO,True,,,
312,1.0,standard_c1_shift,concentration,True,0.01,,2,state_UT,True,,,
312,1.0,standard_c5_source,point,False,0.0,standard_c5:E2,2,state_CO,False,False,0.84959174141677,0.006574255939349127
312,1.0,standard_c5_source,point,False,0.0,standard_c5:E2,2,state_UT,False,False,0.8553230927658114,0.009542607053977692
312,1.0,standard_c5_source,point,False,0.01,standard_c5:E2,2,state_CO,False,False,0.84959174141677,0.006574255939349127
312,1.0,standard_c5_source,point,False,0.01,standard_c5:E2,2,state_UT,False,False,0.8553230927658114,0.009542607053977692
312,1.0,standard_c5_source,sandwich,True,0.0,standard_c5:E2,2,state_CO,False,False,0.84959174141677,0.006574255939349127
312,1.0,standard_c5_source,sandwich,True,0.0,standard_c5:E2,2,state_UT,False,False,0.8553230927658114,0.009542607053977692
312,1.0,standard_c5_source,sandwich,True,0.01,standard_c5:E2,2,state_CO,False,False,0.84959174141677,0.006574255939349127
312,1.0,standard_c5_source,sandwich,True,0.01,standard_c5:E2,2,state_UT,False,False,0.8553230927658114,0.009542607053977692
312,1.0,standard_c5_source,concentration,True,0.0,,2,state_CO,True,,,
312,1.0,standard_c5_source,concentration,True,0.0,,2,state_UT,True,,,
312,1.0,standard_c5_source,concentration,True,0.01,,2,state_CO,True,,,
312,1.0,standard_c5_source,concentration,True,0.01,,2,state_UT,True,,,
312,1.0,standard_c5_shift,point,False,0.0,standard_c5:E2,2,state_CO,False,False,0.84959174141677,0.006574255939349127
312,1.0,standard_c5_shift,point,False,0.0,standard_c5:E2,2,state_UT,False,False,0.8553230927658114,0.009542607053977692
312,1.0,standard_c5_shift,point,False,0.01,standard_c5:E2,2,state_CO,False,False,0.84959174141677,0.006574255939349127
312,1.0,standard_c5_shift,point,False,0.01,standard_c5:E2,2,state_UT,False,False,0.8553230927658114,0.009542607053977692
312,1.0,standard_c5_shift,sandwich,True,0.0,standard_c5:E2,2,state_CO,False,False,0.84959174141677,0.006574255939349127
312,1.0,standard_c5_shift,sandwich,True,0.0,standard_c5:E2,2,state_UT,False,False,0.8553230927658114,0.009542607053977692
312,1.0,standard_c5_shift,sandwich,True,0.01,standard_c5:E8,2,state_CO,False,False,0.8561774652938503,-1.146793773121324e-05
312,1.0,standard_c5_shift,sandwich,True,0.01,standard_c5:E8,2,state_UT,False,False,0.8642444005835408,0.0006212992362483183
312,1.0,standard_c5_shift,concentration,True,0.0,,2,state_CO,True,,,
312,1.0,standard_c5_shift,concentration,True,0.0,,2,state_UT,True,,,
312,1.0,standard_c5_shift,concentration,True,0.01,,2,state_CO,True,,,
312,1.0,standard_c5_shift,concentration,True,0.01,,2,state_UT,True,,,
312,1.0,auto_s_source,point,False,0.0,auto_s:E2,2,state_CO,False,True,0.8196864874332254,0.03647950992289373
312,1.0,auto_s_source,point,False,0.0,auto_s:E2,2,state_UT,False,True,0.8284470379587517,0.03641866186103737
312,1.0,auto_s_source,point,False,0.01,,2,state_CO,True,,,
312,1.0,auto_s_source,point,False,0.01,,2,state_UT,True,,,
312,1.0,auto_s_source,sandwich,True,0.0,,2,state_CO,True,,,
312,1.0,auto_s_source,sandwich,True,0.0,,2,state_UT,True,,,
312,1.0,auto_s_source,sandwich,True,0.01,,2,state_CO,True,,,
312,1.0,auto_s_source,sandwich,True,0.01,,2,state_UT,True,,,
312,1.0,auto_s_source,concentration,True,0.0,,2,state_CO,True,,,
312,1.0,auto_s_source,concentration,True,0.0,,2,state_UT,True,,,
312,1.0,auto_s_source,concentration,True,0.01,,2,state_CO,True,,,
312,1.0,auto_s_source,concentration,True,0.01,,2,state_UT,True,,,
312,1.0,auto_s_shift,point,False,0.0,,2,state_CO,True,,,
312,1.0,auto_s_shift,point,False,0.0,,2,state_UT,True,,,
312,1.0,auto_s_shift,point,False,0.01,,2,state_CO,True,,,
312,1.0,auto_s_shift,point,False,0.01,,2,state_UT,True,,,
312,1.0,auto_s_shift,sandwich,True,0.0,,2,state_CO,True,,,
312,1.0,auto_s_shift,sandwich,True,0.0,,2,state_UT,True,,,
312,1.0,auto_s_shift,sandwich,True,0.01,,2,state_CO,True,,,
312,1.0,auto_s_shift,sandwich,True,0.01,,2,state_UT,True,,,
312,1.0,auto_s_shift,concentration,True,0.0,,2,state_CO,True,,,
312,1.0,auto_s_shift,concentration,True,0.0,,2,state_UT,True,,,
312,1.0,auto_s_shift,concentration,True,0.01,,2,state_CO,True,,,
312,1.0,auto_s_shift,concentration,True,0.01,,2,state_UT,True,,,
312,1.0,standard_joint_source,point,False,0.0,standard_c5:E2,4,state_CO,False,False,0.84959174141677,0.006574255939349127
312,1.0,standard_joint_source,point,False,0.0,standard_c5:E2,4,state_UT,False,False,0.8553230927658114,0.009542607053977692
312,1.0,standard_joint_source,point,False,0.01,standard_c5:E2,4,state_CO,False,False,0.84959174141677,0.006574255939349127
312,1.0,standard_joint_source,point,False,0.01,standard_c5:E2,4,state_UT,False,False,0.8553230927658114,0.009542607053977692
312,1.0,standard_joint_source,sandwich,True,0.0,standard_c5:E2,4,state_CO,False,False,0.84959174141677,0.006574255939349127
312,1.0,standard_joint_source,sandwich,True,0.0,standard_c5:E2,4,state_UT,False,False,0.8553230927658114,0.009542607053977692
312,1.0,standard_joint_source,sandwich,True,0.01,standard_c5:E2,4,state_CO,False,False,0.84959174141677,0.006574255939349127
312,1.0,standard_joint_source,sandwich,True,0.01,standard_c5:E2,4,state_UT,False,False,0.8553230927658114,0.009542607053977692
312,1.0,standard_joint_source,concentration,True,0.0,,4,state_CO,True,,,
312,1.0,standard_joint_source,concentration,True,0.0,,4,state_UT,True,,,
312,1.0,standard_joint_source,concentration,True,0.01,,4,state_CO,True,,,
312,1.0,standard_joint_source,concentration,True,0.01,,4,state_UT,True,,,
312,1.0,standard_joint_shift,point,False,0.0,standard_c5:E2,4,state_CO,False,False,0.84959174141677,0.006574255939349127
312,1.0,standard_joint_shift,point,False,0.0,standard_c5:E2,4,state_UT,False,False,0.8553230927658114,0.009542607053977692
312,1.0,standard_joint_shift,point,False,0.01,standard_c5:E2,4,state_CO,False,False,0.84959174141677,0.006574255939349127
312,1.0,standard_joint_shift,point,False,0.01,standard_c5:E2,4,state_UT,False,False,0.8553230927658114,0.009542607053977692
312,1.0,standard_joint_shift,sandwich,True,0.0,standard_c5:E2,4,state_CO,False,False,0.84959174141677,0.006574255939349127
312,1.0,standard_joint_shift,sandwich,True,0.0,standard_c5:E2,4,state_UT,False,False,0.8553230927658114,0.009542607053977692
312,1.0,standard_joint_shift,sandwich,True,0.01,standard_c5:E8,4,state_CO,False,False,0.8561774652938503,-1.146793773121324e-05
312,1.0,standard_joint_shift,sandwich,True,0.01,standard_c5:E8,4,state_UT,False,False,0.8642444005835408,0.0006212992362483183
312,1.0,standard_joint_shift,concentration,True,0.0,,4,state_CO,True,,,
312,1.0,standard_joint_shift,concentration,True,0.0,,4,state_UT,True,,,
312,1.0,standard_joint_shift,concentration,True,0.01,,4,state_CO,True,,,
312,1.0,standard_joint_shift,concentration,True,0.01,,4,state_UT,True,,,
312,1.0,combined_source,point,False,0.0,standard_c5:E2,6,state_CO,False,False,0.84959174141677,0.006574255939349127
312,1.0,combined_source,point,False,0.0,standard_c5:E2,6,state_UT,False,False,0.8553230927658114,0.009542607053977692
312,1.0,combined_source,point,False,0.01,standard_c5:E2,6,state_CO,False,False,0.84959174141677,0.006574255939349127
312,1.0,combined_source,point,False,0.01,standard_c5:E2,6,state_UT,False,False,0.8553230927658114,0.009542607053977692
312,1.0,combined_source,sandwich,True,0.0,standard_c5:E2,6,state_CO,False,False,0.84959174141677,0.006574255939349127
312,1.0,combined_source,sandwich,True,0.0,standard_c5:E2,6,state_UT,False,False,0.8553230927658114,0.009542607053977692
312,1.0,combined_source,sandwich,True,0.01,standard_c5:E2,6,state_CO,False,False,0.84959174141677,0.006574255939349127
312,1.0,combined_source,sandwich,True,0.01,standard_c5:E2,6,state_UT,False,False,0.8553230927658114,0.009542607053977692
312,1.0,combined_source,concentration,True,0.0,,6,state_CO,True,,,
312,1.0,combined_source,concentration,True,0.0,,6,state_UT,True,,,
312,1.0,combined_source,concentration,True,0.01,,6,state_CO,True,,,
312,1.0,combined_source,concentration,True,0.01,,6,state_UT,True,,,
312,1.0,combined_shift,point,False,0.0,standard_c5:E2,6,state_CO,False,False,0.84959174141677,0.006574255939349127
312,1.0,combined_shift,point,False,0.0,standard_c5:E2,6,state_UT,False,False,0.8553230927658114,0.009542607053977692
312,1.0,combined_shift,point,False,0.01,standard_c5:E2,6,state_CO,False,False,0.84959174141677,0.006574255939349127
312,1.0,combined_shift,point,False,0.01,standard_c5:E2,6,state_UT,False,False,0.8553230927658114,0.009542607053977692
312,1.0,combined_shift,sandwich,True,0.0,standard_c5:E2,6,state_CO,False,False,0.84959174141677,0.006574255939349127
312,1.0,combined_shift,sandwich,True,0.0,standard_c5:E2,6,state_UT,False,False,0.8553230927658114,0.009542607053977692
312,1.0,combined_shift,sandwich,True,0.01,standard_c5:E8,6,state_CO,False,False,0.8561774652938503,-1.146793773121324e-05
312,1.0,combined_shift,sandwich,True,0.01,standard_c5:E8,6,state_UT,False,False,0.8642444005835408,0.0006212992362483183
312,1.0,combined_shift,concentration,True,0.0,,6,state_CO,True,,,
312,1.0,combined_shift,concentration,True,0.0,,6,state_UT,True,,,
312,1.0,combined_shift,concentration,True,0.01,,6,state_CO,True,,,
312,1.0,combined_shift,concentration,True,0.01,,6,state_UT,True,,,
313,1.0,standard_c1_source,point,False,0.0,standard_c1:E2,2,state_CO,False,False,0.8243250350262329,0.017886519212887975
313,1.0,standard_c1_source,point,False,0.0,standard_c1:E2,2,state_UT,False,False,0.859392201556077,0.02140908201644054
313,1.0,standard_c1_source,point,False,0.01,,2,state_CO,True,,,
313,1.0,standard_c1_source,point,False,0.01,,2,state_UT,True,,,
313,1.0,standard_c1_source,sandwich,True,0.0,,2,state_CO,True,,,
313,1.0,standard_c1_source,sandwich,True,0.0,,2,state_UT,True,,,
313,1.0,standard_c1_source,sandwich,True,0.01,,2,state_CO,True,,,
313,1.0,standard_c1_source,sandwich,True,0.01,,2,state_UT,True,,,
313,1.0,standard_c1_source,concentration,True,0.0,,2,state_CO,True,,,
313,1.0,standard_c1_source,concentration,True,0.0,,2,state_UT,True,,,
313,1.0,standard_c1_source,concentration,True,0.01,,2,state_CO,True,,,
313,1.0,standard_c1_source,concentration,True,0.01,,2,state_UT,True,,,
313,1.0,standard_c1_shift,point,False,0.0,standard_c1:E2,2,state_CO,False,False,0.8243250350262329,0.017886519212887975
313,1.0,standard_c1_shift,point,False,0.0,standard_c1:E2,2,state_UT,False,False,0.859392201556077,0.02140908201644054
313,1.0,standard_c1_shift,point,False,0.01,,2,state_CO,True,,,
313,1.0,standard_c1_shift,point,False,0.01,,2,state_UT,True,,,
313,1.0,standard_c1_shift,sandwich,True,0.0,,2,state_CO,True,,,
313,1.0,standard_c1_shift,sandwich,True,0.0,,2,state_UT,True,,,
313,1.0,standard_c1_shift,sandwich,True,0.01,,2,state_CO,True,,,
313,1.0,standard_c1_shift,sandwich,True,0.01,,2,state_UT,True,,,
313,1.0,standard_c1_shift,concentration,True,0.0,,2,state_CO,True,,,
313,1.0,standard_c1_shift,concentration,True,0.0,,2,state_UT,True,,,
313,1.0,standard_c1_shift,concentration,True,0.01,,2,state_CO,True,,,
313,1.0,standard_c1_shift,concentration,True,0.01,,2,state_UT,True,,,
313,1.0,standard_c5_source,point,False,0.0,standard_c5:E2,2,state_CO,False,False,0.8277729626933805,0.014438591545740342
313,1.0,standard_c5_source,point,False,0.0,standard_c5:E2,2,state_UT,False,False,0.8745072866587409,0.006293996913776634
313,1.0,standard_c5_source,point,False,0.01,standard_c5:E2,2,state_CO,False,False,0.8277729626933805,0.014438591545740342
313,1.0,standard_c5_source,point,False,0.01,standard_c5:E2,2,state_UT,False,False,0.8745072866587409,0.006293996913776634
313,1.0,standard_c5_source,sandwich,True,0.0,standard_c5:E2,2,state_CO,False,False,0.8277729626933805,0.014438591545740342
313,1.0,standard_c5_source,sandwich,True,0.0,standard_c5:E2,2,state_UT,False,False,0.8745072866587409,0.006293996913776634
313,1.0,standard_c5_source,sandwich,True,0.01,standard_c5:E2,2,state_CO,False,False,0.8277729626933805,0.014438591545740342
313,1.0,standard_c5_source,sandwich,True,0.01,standard_c5:E2,2,state_UT,False,False,0.8745072866587409,0.006293996913776634
313,1.0,standard_c5_source,concentration,True,0.0,,2,state_CO,True,,,
313,1.0,standard_c5_source,concentration,True,0.0,,2,state_UT,True,,,
313,1.0,standard_c5_source,concentration,True,0.01,,2,state_CO,True,,,
313,1.0,standard_c5_source,concentration,True,0.01,,2,state_UT,True,,,
313,1.0,standard_c5_shift,point,False,0.0,standard_c5:E2,2,state_CO,False,False,0.8277729626933805,0.014438591545740342
313,1.0,standard_c5_shift,point,False,0.0,standard_c5:E2,2,state_UT,False,False,0.8745072866587409,0.006293996913776634
313,1.0,standard_c5_shift,point,False,0.01,standard_c5:E2,2,state_CO,False,False,0.8277729626933805,0.014438591545740342
313,1.0,standard_c5_shift,point,False,0.01,standard_c5:E2,2,state_UT,False,False,0.8745072866587409,0.006293996913776634
313,1.0,standard_c5_shift,sandwich,True,0.0,standard_c5:E2,2,state_CO,False,False,0.8277729626933805,0.014438591545740342
313,1.0,standard_c5_shift,sandwich,True,0.0,standard_c5:E2,2,state_UT,False,False,0.8745072866587409,0.006293996913776634
313,1.0,standard_c5_shift,sandwich,True,0.01,standard_c5:E8,2,state_CO,False,False,0.8414694819483421,0.000742072290778717
313,1.0,standard_c5_shift,sandwich,True,0.01,standard_c5:E8,2,state_UT,False,False,0.8818894493071047,-0.0010881657345871432
313,1.0,standard_c5_shift,concentration,True,0.0,,2,state_CO,True,,,
313,1.0,standard_c5_shift,concentration,True,0.0,,2,state_UT,True,,,
313,1.0,standard_c5_shift,concentration,True,0.01,,2,state_CO,True,,,
313,1.0,standard_c5_shift,concentration,True,0.01,,2,state_UT,True,,,
313,1.0,auto_s_source,point,False,0.0,auto_s:E2,2,state_CO,False,False,0.8186356388237918,0.023575915415329107
313,1.0,auto_s_source,point,False,0.0,auto_s:E2,2,state_UT,False,False,0.8555448411104385,0.025256442462079032
313,1.0,auto_s_source,point,False,0.01,,2,state_CO,True,,,
313,1.0,auto_s_source,point,False,0.01,,2,state_UT,True,,,
313,1.0,auto_s_source,sandwich,True,0.0,,2,state_CO,True,,,
313,1.0,auto_s_source,sandwich,True,0.0,,2,state_UT,True,,,
313,1.0,auto_s_source,sandwich,True,0.01,,2,state_CO,True,,,
313,1.0,auto_s_source,sandwich,True,0.01,,2,state_UT,True,,,
313,1.0,auto_s_source,concentration,True,0.0,,2,state_CO,True,,,
313,1.0,auto_s_source,concentration,True,0.0,,2,state_UT,True,,,
313,1.0,auto_s_source,concentration,True,0.01,,2,state_CO,True,,,
313,1.0,auto_s_source,concentration,True,0.01,,2,state_UT,True,,,
313,1.0,auto_s_shift,point,False,0.0,auto_s:E2,2,state_CO,False,False,0.8186356388237918,0.023575915415329107
313,1.0,auto_s_shift,point,False,0.0,auto_s:E2,2,state_UT,False,False,0.8555448411104385,0.025256442462079032
313,1.0,auto_s_shift,point,False,0.01,,2,state_CO,True,,,
313,1.0,auto_s_shift,point,False,0.01,,2,state_UT,True,,,
313,1.0,auto_s_shift,sandwich,True,0.0,,2,state_CO,True,,,
313,1.0,auto_s_shift,sandwich,True,0.0,,2,state_UT,True,,,
313,1.0,auto_s_shift,sandwich,True,0.01,,2,state_CO,True,,,
313,1.0,auto_s_shift,sandwich,True,0.01,,2,state_UT,True,,,
313,1.0,auto_s_shift,concentration,True,0.0,,2,state_CO,True,,,
313,1.0,auto_s_shift,concentration,True,0.0,,2,state_UT,True,,,
313,1.0,auto_s_shift,concentration,True,0.01,,2,state_CO,True,,,
313,1.0,auto_s_shift,concentration,True,0.01,,2,state_UT,True,,,
313,1.0,standard_joint_source,point,False,0.0,standard_c5:E2,4,state_CO,False,False,0.8277729626933805,0.014438591545740342
313,1.0,standard_joint_source,point,False,0.0,standard_c5:E2,4,state_UT,False,False,0.8745072866587409,0.006293996913776634
313,1.0,standard_joint_source,point,False,0.01,standard_c5:E2,4,state_CO,False,False,0.8277729626933805,0.014438591545740342
313,1.0,standard_joint_source,point,False,0.01,standard_c5:E2,4,state_UT,False,False,0.8745072866587409,0.006293996913776634
313,1.0,standard_joint_source,sandwich,True,0.0,standard_c5:E2,4,state_CO,False,False,0.8277729626933805,0.014438591545740342
313,1.0,standard_joint_source,sandwich,True,0.0,standard_c5:E2,4,state_UT,False,False,0.8745072866587409,0.006293996913776634
313,1.0,standard_joint_source,sandwich,True,0.01,standard_c5:E2,4,state_CO,False,False,0.8277729626933805,0.014438591545740342
313,1.0,standard_joint_source,sandwich,True,0.01,standard_c5:E2,4,state_UT,False,False,0.8745072866587409,0.006293996913776634
313,1.0,standard_joint_source,concentration,True,0.0,,4,state_CO,True,,,
313,1.0,standard_joint_source,concentration,True,0.0,,4,state_UT,True,,,
313,1.0,standard_joint_source,concentration,True,0.01,,4,state_CO,True,,,
313,1.0,standard_joint_source,concentration,True,0.01,,4,state_UT,True,,,
313,1.0,standard_joint_shift,point,False,0.0,standard_c5:E2,4,state_CO,False,False,0.8277729626933805,0.014438591545740342
313,1.0,standard_joint_shift,point,False,0.0,standard_c5:E2,4,state_UT,False,False,0.8745072866587409,0.006293996913776634
313,1.0,standard_joint_shift,point,False,0.01,standard_c5:E2,4,state_CO,False,False,0.8277729626933805,0.014438591545740342
313,1.0,standard_joint_shift,point,False,0.01,standard_c5:E2,4,state_UT,False,False,0.8745072866587409,0.006293996913776634
313,1.0,standard_joint_shift,sandwich,True,0.0,standard_c5:E2,4,state_CO,False,False,0.8277729626933805,0.014438591545740342
313,1.0,standard_joint_shift,sandwich,True,0.0,standard_c5:E2,4,state_UT,False,False,0.8745072866587409,0.006293996913776634
313,1.0,standard_joint_shift,sandwich,True,0.01,standard_c5:E8,4,state_CO,False,False,0.8414694819483421,0.000742072290778717
313,1.0,standard_joint_shift,sandwich,True,0.01,standard_c5:E8,4,state_UT,False,False,0.8818894493071047,-0.0010881657345871432
313,1.0,standard_joint_shift,concentration,True,0.0,,4,state_CO,True,,,
313,1.0,standard_joint_shift,concentration,True,0.0,,4,state_UT,True,,,
313,1.0,standard_joint_shift,concentration,True,0.01,,4,state_CO,True,,,
313,1.0,standard_joint_shift,concentration,True,0.01,,4,state_UT,True,,,
313,1.0,combined_source,point,False,0.0,standard_c5:E2,6,state_CO,False,False,0.8277729626933805,0.014438591545740342
313,1.0,combined_source,point,False,0.0,standard_c5:E2,6,state_UT,False,False,0.8745072866587409,0.006293996913776634
313,1.0,combined_source,point,False,0.01,standard_c5:E2,6,state_CO,False,False,0.8277729626933805,0.014438591545740342
313,1.0,combined_source,point,False,0.01,standard_c5:E2,6,state_UT,False,False,0.8745072866587409,0.006293996913776634
313,1.0,combined_source,sandwich,True,0.0,standard_c5:E2,6,state_CO,False,False,0.8277729626933805,0.014438591545740342
313,1.0,combined_source,sandwich,True,0.0,standard_c5:E2,6,state_UT,False,False,0.8745072866587409,0.006293996913776634
313,1.0,combined_source,sandwich,True,0.01,standard_c5:E2,6,state_CO,False,False,0.8277729626933805,0.014438591545740342
313,1.0,combined_source,sandwich,True,0.01,standard_c5:E2,6,state_UT,False,False,0.8745072866587409,0.006293996913776634
313,1.0,combined_source,concentration,True,0.0,,6,state_CO,True,,,
313,1.0,combined_source,concentration,True,0.0,,6,state_UT,True,,,
313,1.0,combined_source,concentration,True,0.01,,6,state_CO,True,,,
313,1.0,combined_source,concentration,True,0.01,,6,state_UT,True,,,
313,1.0,combined_shift,point,False,0.0,standard_c5:E2,6,state_CO,False,False,0.8277729626933805,0.014438591545740342
313,1.0,combined_shift,point,False,0.0,standard_c5:E2,6,state_UT,False,False,0.8745072866587409,0.006293996913776634
313,1.0,combined_shift,point,False,0.01,standard_c5:E2,6,state_CO,False,False,0.8277729626933805,0.014438591545740342
313,1.0,combined_shift,point,False,0.01,standard_c5:E2,6,state_UT,False,False,0.8745072866587409,0.006293996913776634
313,1.0,combined_shift,sandwich,True,0.0,standard_c5:E2,6,state_CO,False,False,0.8277729626933805,0.014438591545740342
313,1.0,combined_shift,sandwich,True,0.0,standard_c5:E2,6,state_UT,False,False,0.8745072866587409,0.006293996913776634
313,1.0,combined_shift,sandwich,True,0.01,standard_c5:E8,6,state_CO,False,False,0.8414694819483421,0.000742072290778717
313,1.0,combined_shift,sandwich,True,0.01,standard_c5:E8,6,state_UT,False,False,0.8818894493071047,-0.0010881657345871432
313,1.0,combined_shift,concentration,True,0.0,,6,state_CO,True,,,
313,1.0,combined_shift,concentration,True,0.0,,6,state_UT,True,,,
313,1.0,combined_shift,concentration,True,0.01,,6,state_CO,True,,,
313,1.0,combined_shift,concentration,True,0.01,,6,state_UT,True,,,
314,1.0,standard_c1_source,point,False,0.0,standard_c1:E2,2,state_CO,False,False,0.8362550556183488,0.01984117423381404
314,1.0,standard_c1_source,point,False,0.0,standard_c1:E2,2,state_UT,False,False,0.8421756377652575,0.024079824277932982
314,1.0,standard_c1_source,point,False,0.01,,2,state_CO,True,,,
314,1.0,standard_c1_source,point,False,0.01,,2,state_UT,True,,,
314,1.0,standard_c1_source,sandwich,True,0.0,,2,state_CO,True,,,
314,1.0,standard_c1_source,sandwich,True,0.0,,2,state_UT,True,,,
314,1.0,standard_c1_source,sandwich,True,0.01,,2,state_CO,True,,,
314,1.0,standard_c1_source,sandwich,True,0.01,,2,state_UT,True,,,
314,1.0,standard_c1_source,concentration,True,0.0,,2,state_CO,True,,,
314,1.0,standard_c1_source,concentration,True,0.0,,2,state_UT,True,,,
314,1.0,standard_c1_source,concentration,True,0.01,,2,state_CO,True,,,
314,1.0,standard_c1_source,concentration,True,0.01,,2,state_UT,True,,,
314,1.0,standard_c1_shift,point,False,0.0,standard_c1:E2,2,state_CO,False,False,0.8362550556183488,0.01984117423381404
314,1.0,standard_c1_shift,point,False,0.0,standard_c1:E2,2,state_UT,False,False,0.8421756377652575,0.024079824277932982
314,1.0,standard_c1_shift,point,False,0.01,,2,state_CO,True,,,
314,1.0,standard_c1_shift,point,False,0.01,,2,state_UT,True,,,
314,1.0,standard_c1_shift,sandwich,True,0.0,,2,state_CO,True,,,
314,1.0,standard_c1_shift,sandwich,True,0.0,,2,state_UT,True,,,
314,1.0,standard_c1_shift,sandwich,True,0.01,,2,state_CO,True,,,
314,1.0,standard_c1_shift,sandwich,True,0.01,,2,state_UT,True,,,
314,1.0,standard_c1_shift,concentration,True,0.0,,2,state_CO,True,,,
314,1.0,standard_c1_shift,concentration,True,0.0,,2,state_UT,True,,,
314,1.0,standard_c1_shift,concentration,True,0.01,,2,state_CO,True,,,
314,1.0,standard_c1_shift,concentration,True,0.01,,2,state_UT,True,,,
314,1.0,standard_c5_source,point,False,0.0,standard_c5:E2,2,state_CO,False,False,0.8397328391807934,0.016363390671369382
314,1.0,standard_c5_source,point,False,0.0,standard_c5:E2,2,state_UT,False,False,0.8471107957605647,0.01914466628262579
314,1.0,standard_c5_source,point,False,0.01,standard_c5:E2,2,state_CO,False,False,0.8397328391807934,0.016363390671369382
314,1.0,standard_c5_source,point,False,0.01,standard_c5:E2,2,state_UT,False,False,0.8471107957605647,0.01914466628262579
314,1.0,standard_c5_source,sandwich,True,0.0,standard_c5:E2,2,state_CO,False,False,0.8397328391807934,0.016363390671369382
314,1.0,standard_c5_source,sandwich,True,0.0,standard_c5:E2,2,state_UT,False,False,0.8471107957605647,0.01914466628262579
314,1.0,standard_c5_source,sandwich,True,0.01,standard_c5:E2,2,state_CO,False,False,0.8397328391807934,0.016363390671369382
314,1.0,standard_c5_source,sandwich,True,0.01,standard_c5:E2,2,state_UT,False,False,0.8471107957605647,0.01914466628262579
314,1.0,standard_c5_source,concentration,True,0.0,,2,state_CO,True,,,
314,1.0,standard_c5_source,concentration,True,0.0,,2,state_UT,True,,,
314,1.0,standard_c5_source,concentration,True,0.01,,2,state_CO,True,,,
314,1.0,standard_c5_source,concentration,True,0.01,,2,state_UT,True,,,
314,1.0,standard_c5_shift,point,False,0.0,standard_c5:E2,2,state_CO,False,False,0.8397328391807934,0.016363390671369382
314,1.0,standard_c5_shift,point,False,0.0,standard_c5:E2,2,state_UT,False,False,0.8471107957605647,0.01914466628262579
314,1.0,standard_c5_shift,point,False,0.01,standard_c5:E2,2,state_CO,False,False,0.8397328391807934,0.016363390671369382
314,1.0,standard_c5_shift,point,False,0.01,standard_c5:E2,2,state_UT,False,False,0.8471107957605647,0.01914466628262579
314,1.0,standard_c5_shift,sandwich,True,0.0,standard_c5:E2,2,state_CO,False,False,0.8397328391807934,0.016363390671369382
314,1.0,standard_c5_shift,sandwich,True,0.0,standard_c5:E2,2,state_UT,False,False,0.8471107957605647,0.01914466628262579
314,1.0,standard_c5_shift,sandwich,True,0.01,standard_c5:E8,2,state_CO,False,False,0.8546998788013377,0.0013963510508251398
314,1.0,standard_c5_shift,sandwich,True,0.01,standard_c5:E8,2,state_UT,False,False,0.8615814049335188,0.004674057109671725
314,1.0,standard_c5_shift,concentration,True,0.0,,2,state_CO,True,,,
314,1.0,standard_c5_shift,concentration,True,0.0,,2,state_UT,True,,,
314,1.0,standard_c5_shift,concentration,True,0.01,,2,state_CO,True,,,
314,1.0,standard_c5_shift,concentration,True,0.01,,2,state_UT,True,,,
314,1.0,auto_s_source,point,False,0.0,auto_s:E2,2,state_CO,False,False,0.8309598158869762,0.02513641396518662
314,1.0,auto_s_source,point,False,0.0,auto_s:E2,2,state_UT,False,False,0.8394311513261116,0.026824310717078914
314,1.0,auto_s_source,point,False,0.01,,2,state_CO,True,,,
314,1.0,auto_s_source,point,False,0.01,,2,state_UT,True,,,
314,1.0,auto_s_source,sandwich,True,0.0,,2,state_CO,True,,,
314,1.0,auto_s_source,sandwich,True,0.0,,2,state_UT,True,,,
314,1.0,auto_s_source,sandwich,True,0.01,,2,state_CO,True,,,
314,1.0,auto_s_source,sandwich,True,0.01,,2,state_UT,True,,,
314,1.0,auto_s_source,concentration,True,0.0,,2,state_CO,True,,,
314,1.0,auto_s_source,concentration,True,0.0,,2,state_UT,True,,,
314,1.0,auto_s_source,concentration,True,0.01,,2,state_CO,True,,,
314,1.0,auto_s_source,concentration,True,0.01,,2,state_UT,True,,,
314,1.0,auto_s_shift,point,False,0.0,,2,state_CO,True,,,
314,1.0,auto_s_shift,point,False,0.0,,2,state_UT,True,,,
314,1.0,auto_s_shift,point,False,0.01,,2,state_CO,True,,,
314,1.0,auto_s_shift,point,False,0.01,,2,state_UT,True,,,
314,1.0,auto_s_shift,sandwich,True,0.0,,2,state_CO,True,,,
314,1.0,auto_s_shift,sandwich,True,0.0,,2,state_UT,True,,,
314,1.0,auto_s_shift,sandwich,True,0.01,,2,state_CO,True,,,
314,1.0,auto_s_shift,sandwich,True,0.01,,2,state_UT,True,,,
314,1.0,auto_s_shift,concentration,True,0.0,,2,state_CO,True,,,
314,1.0,auto_s_shift,concentration,True,0.0,,2,state_UT,True,,,
314,1.0,auto_s_shift,concentration,True,0.01,,2,state_CO,True,,,
314,1.0,auto_s_shift,concentration,True,0.01,,2,state_UT,True,,,
314,1.0,standard_joint_source,point,False,0.0,standard_c5:E2,4,state_CO,False,False,0.8397328391807934,0.016363390671369382
314,1.0,standard_joint_source,point,False,0.0,standard_c5:E2,4,state_UT,False,False,0.8471107957605647,0.01914466628262579
314,1.0,standard_joint_source,point,False,0.01,standard_c5:E2,4,state_CO,False,False,0.8397328391807934,0.016363390671369382
314,1.0,standard_joint_source,point,False,0.01,standard_c5:E2,4,state_UT,False,False,0.8471107957605647,0.01914466628262579
314,1.0,standard_joint_source,sandwich,True,0.0,standard_c5:E2,4,state_CO,False,False,0.8397328391807934,0.016363390671369382
314,1.0,standard_joint_source,sandwich,True,0.0,standard_c5:E2,4,state_UT,False,False,0.8471107957605647,0.01914466628262579
314,1.0,standard_joint_source,sandwich,True,0.01,standard_c5:E2,4,state_CO,False,False,0.8397328391807934,0.016363390671369382
314,1.0,standard_joint_source,sandwich,True,0.01,standard_c5:E2,4,state_UT,False,False,0.8471107957605647,0.01914466628262579
314,1.0,standard_joint_source,concentration,True,0.0,,4,state_CO,True,,,
314,1.0,standard_joint_source,concentration,True,0.0,,4,state_UT,True,,,
314,1.0,standard_joint_source,concentration,True,0.01,,4,state_CO,True,,,
314,1.0,standard_joint_source,concentration,True,0.01,,4,state_UT,True,,,
314,1.0,standard_joint_shift,point,False,0.0,standard_c5:E2,4,state_CO,False,False,0.8397328391807934,0.016363390671369382
314,1.0,standard_joint_shift,point,False,0.0,standard_c5:E2,4,state_UT,False,False,0.8471107957605647,0.01914466628262579
314,1.0,standard_joint_shift,point,False,0.01,standard_c5:E2,4,state_CO,False,False,0.8397328391807934,0.016363390671369382
314,1.0,standard_joint_shift,point,False,0.01,standard_c5:E2,4,state_UT,False,False,0.8471107957605647,0.01914466628262579
314,1.0,standard_joint_shift,sandwich,True,0.0,standard_c5:E2,4,state_CO,False,False,0.8397328391807934,0.016363390671369382
314,1.0,standard_joint_shift,sandwich,True,0.0,standard_c5:E2,4,state_UT,False,False,0.8471107957605647,0.01914466628262579
314,1.0,standard_joint_shift,sandwich,True,0.01,standard_c5:E8,4,state_CO,False,False,0.8546998788013377,0.0013963510508251398
314,1.0,standard_joint_shift,sandwich,True,0.01,standard_c5:E8,4,state_UT,False,False,0.8615814049335188,0.004674057109671725
314,1.0,standard_joint_shift,concentration,True,0.0,,4,state_CO,True,,,
314,1.0,standard_joint_shift,concentration,True,0.0,,4,state_UT,True,,,
314,1.0,standard_joint_shift,concentration,True,0.01,,4,state_CO,True,,,
314,1.0,standard_joint_shift,concentration,True,0.01,,4,state_UT,True,,,
314,1.0,combined_source,point,False,0.0,standard_c5:E2,6,state_CO,False,False,0.8397328391807934,0.016363390671369382
314,1.0,combined_source,point,False,0.0,standard_c5:E2,6,state_UT,False,False,0.8471107957605647,0.01914466628262579
314,1.0,combined_source,point,False,0.01,standard_c5:E2,6,state_CO,False,False,0.8397328391807934,0.016363390671369382
314,1.0,combined_source,point,False,0.01,standard_c5:E2,6,state_UT,False,False,0.8471107957605647,0.01914466628262579
314,1.0,combined_source,sandwich,True,0.0,standard_c5:E2,6,state_CO,False,False,0.8397328391807934,0.016363390671369382
314,1.0,combined_source,sandwich,True,0.0,standard_c5:E2,6,state_UT,False,False,0.8471107957605647,0.01914466628262579
314,1.0,combined_source,sandwich,True,0.01,standard_c5:E2,6,state_CO,False,False,0.8397328391807934,0.016363390671369382
314,1.0,combined_source,sandwich,True,0.01,standard_c5:E2,6,state_UT,False,False,0.8471107957605647,0.01914466628262579
314,1.0,combined_source,concentration,True,0.0,,6,state_CO,True,,,
314,1.0,combined_source,concentration,True,0.0,,6,state_UT,True,,,
314,1.0,combined_source,concentration,True,0.01,,6,state_CO,True,,,
314,1.0,combined_source,concentration,True,0.01,,6,state_UT,True,,,
314,1.0,combined_shift,point,False,0.0,standard_c5:E2,6,state_CO,False,False,0.8397328391807934,0.016363390671369382
314,1.0,combined_shift,point,False,0.0,standard_c5:E2,6,state_UT,False,False,0.8471107957605647,0.01914466628262579
314,1.0,combined_shift,point,False,0.01,standard_c5:E2,6,state_CO,False,False,0.8397328391807934,0.016363390671369382
314,1.0,combined_shift,point,False,0.01,standard_c5:E2,6,state_UT,False,False,0.8471107957605647,0.01914466628262579
314,1.0,combined_shift,sandwich,True,0.0,standard_c5:E2,6,state_CO,False,False,0.8397328391807934,0.016363390671369382
314,1.0,combined_shift,sandwich,True,0.0,standard_c5:E2,6,state_UT,False,False,0.8471107957605647,0.01914466628262579
314,1.0,combined_shift,sandwich,True,0.01,standard_c5:E8,6,state_CO,False,False,0.8546998788013377,0.0013963510508251398
314,1.0,combined_shift,sandwich,True,0.01,standard_c5:E8,6,state_UT,False,False,0.8615814049335188,0.004674057109671725
314,1.0,combined_shift,concentration,True,0.0,,6,state_CO,True,,,
314,1.0,combined_shift,concentration,True,0.0,,6,state_UT,True,,,
314,1.0,combined_shift,concentration,True,0.01,,6,state_CO,True,,,
314,1.0,combined_shift,concentration,True,0.01,,6,state_UT,True,,,
315,1.0,standard_c1_source,point,False,0.0,standard_c1:E2,2,state_CO,False,False,0.8153568924356,0.020793335448004213
315,1.0,standard_c1_source,point,False,0.0,standard_c1:E2,2,state_UT,False,False,0.8448013090229078,0.025395044413277224
315,1.0,standard_c1_source,point,False,0.01,,2,state_CO,True,,,
315,1.0,standard_c1_source,point,False,0.01,,2,state_UT,True,,,
315,1.0,standard_c1_source,sandwich,True,0.0,,2,state_CO,True,,,
315,1.0,standard_c1_source,sandwich,True,0.0,,2,state_UT,True,,,
315,1.0,standard_c1_source,sandwich,True,0.01,,2,state_CO,True,,,
315,1.0,standard_c1_source,sandwich,True,0.01,,2,state_UT,True,,,
315,1.0,standard_c1_source,concentration,True,0.0,,2,state_CO,True,,,
315,1.0,standard_c1_source,concentration,True,0.0,,2,state_UT,True,,,
315,1.0,standard_c1_source,concentration,True,0.01,,2,state_CO,True,,,
315,1.0,standard_c1_source,concentration,True,0.01,,2,state_UT,True,,,
315,1.0,standard_c1_shift,point,False,0.0,standard_c1:E2,2,state_CO,False,False,0.8153568924356,0.020793335448004213
315,1.0,standard_c1_shift,point,False,0.0,standard_c1:E2,2,state_UT,False,False,0.8448013090229078,0.025395044413277224
315,1.0,standard_c1_shift,point,False,0.01,,2,state_CO,True,,,
315,1.0,standard_c1_shift,point,False,0.01,,2,state_UT,True,,,
315,1.0,standard_c1_shift,sandwich,True,0.0,,2,state_CO,True,,,
315,1.0,standard_c1_shift,sandwich,True,0.0,,2,state_UT,True,,,
315,1.0,standard_c1_shift,sandwich,True,0.01,,2,state_CO,True,,,
315,1.0,standard_c1_shift,sandwich,True,0.01,,2,state_UT,True,,,
315,1.0,standard_c1_shift,concentration,True,0.0,,2,state_CO,True,,,
315,1.0,standard_c1_shift,concentration,True,0.0,,2,state_UT,True,,,
315,1.0,standard_c1_shift,concentration,True,0.01,,2,state_CO,True,,,
315,1.0,standard_c1_shift,concentration,True,0.01,,2,state_UT,True,,,
315,1.0,standard_c5_source,point,False,0.0,standard_c5:E2,2,state_CO,False,False,0.8114315347501627,0.02471869313344144
315,1.0,standard_c5_source,point,False,0.0,standard_c5:E2,2,state_UT,False,False,0.8478143992519869,0.022381954184198194
315,1.0,standard_c5_source,point,False,0.01,standard_c5:E2,2,state_CO,False,False,0.8114315347501627,0.02471869313344144
315,1.0,standard_c5_source,point,False,0.01,standard_c5:E2,2,state_UT,False,False,0.8478143992519869,0.022381954184198194
315,1.0,standard_c5_source,sandwich,True,0.0,standard_c5:E2,2,state_CO,False,False,0.8114315347501627,0.02471869313344144
315,1.0,standard_c5_source,sandwich,True,0.0,standard_c5:E2,2,state_UT,False,False,0.8478143992519869,0.022381954184198194
315,1.0,standard_c5_source,sandwich,True,0.01,standard_c5:E8,2,state_CO,False,False,0.8320547922335932,0.004095435650010915
315,1.0,standard_c5_source,sandwich,True,0.01,standard_c5:E8,2,state_UT,False,False,0.8657935951379148,0.004402758298270304
315,1.0,standard_c5_source,concentration,True,0.0,,2,state_CO,True,,,
315,1.0,standard_c5_source,concentration,True,0.0,,2,state_UT,True,,,
315,1.0,standard_c5_source,concentration,True,0.01,,2,state_CO,True,,,
315,1.0,standard_c5_source,concentration,True,0.01,,2,state_UT,True,,,
315,1.0,standard_c5_shift,point,False,0.0,standard_c5:E2,2,state_CO,False,False,0.8114315347501627,0.02471869313344144
315,1.0,standard_c5_shift,point,False,0.0,standard_c5:E2,2,state_UT,False,False,0.8478143992519869,0.022381954184198194
315,1.0,standard_c5_shift,point,False,0.01,standard_c5:E8,2,state_CO,False,False,0.8320547922335932,0.004095435650010915
315,1.0,standard_c5_shift,point,False,0.01,standard_c5:E8,2,state_UT,False,False,0.8657935951379148,0.004402758298270304
315,1.0,standard_c5_shift,sandwich,True,0.0,standard_c5:E8,2,state_CO,False,False,0.8320547922335932,0.004095435650010915
315,1.0,standard_c5_shift,sandwich,True,0.0,standard_c5:E8,2,state_UT,False,False,0.8657935951379148,0.004402758298270304
315,1.0,standard_c5_shift,sandwich,True,0.01,standard_c5:E8,2,state_CO,False,False,0.8320547922335932,0.004095435650010915
315,1.0,standard_c5_shift,sandwich,True,0.01,standard_c5:E8,2,state_UT,False,False,0.8657935951379148,0.004402758298270304
315,1.0,standard_c5_shift,concentration,True,0.0,,2,state_CO,True,,,
315,1.0,standard_c5_shift,concentration,True,0.0,,2,state_UT,True,,,
315,1.0,standard_c5_shift,concentration,True,0.01,,2,state_CO,True,,,
315,1.0,standard_c5_shift,concentration,True,0.01,,2,state_UT,True,,,
315,1.0,auto_s_source,point,False,0.0,auto_s:E8,2,state_CO,False,False,0.8135475967879264,0.022602631095677728
315,1.0,auto_s_source,point,False,0.0,auto_s:E8,2,state_UT,False,False,0.8428892005610098,0.027307152875175267
315,1.0,auto_s_source,point,False,0.01,,2,state_CO,True,,,
315,1.0,auto_s_source,point,False,0.01,,2,state_UT,True,,,
315,1.0,auto_s_source,sandwich,True,0.0,,2,state_CO,True,,,
315,1.0,auto_s_source,sandwich,True,0.0,,2,state_UT,True,,,
315,1.0,auto_s_source,sandwich,True,0.01,,2,state_CO,True,,,
315,1.0,auto_s_source,sandwich,True,0.01,,2,state_UT,True,,,
315,1.0,auto_s_source,concentration,True,0.0,,2,state_CO,True,,,
315,1.0,auto_s_source,concentration,True,0.0,,2,state_UT,True,,,
315,1.0,auto_s_source,concentration,True,0.01,,2,state_CO,True,,,
315,1.0,auto_s_source,concentration,True,0.01,,2,state_UT,True,,,
315,1.0,auto_s_shift,point,False,0.0,,2,state_CO,True,,,
315,1.0,auto_s_shift,point,False,0.0,,2,state_UT,True,,,
315,1.0,auto_s_shift,point,False,0.01,,2,state_CO,True,,,
315,1.0,auto_s_shift,point,False,0.01,,2,state_UT,True,,,
315,1.0,auto_s_shift,sandwich,True,0.0,,2,state_CO,True,,,
315,1.0,auto_s_shift,sandwich,True,0.0,,2,state_UT,True,,,
315,1.0,auto_s_shift,sandwich,True,0.01,,2,state_CO,True,,,
315,1.0,auto_s_shift,sandwich,True,0.01,,2,state_UT,True,,,
315,1.0,auto_s_shift,concentration,True,0.0,,2,state_CO,True,,,
315,1.0,auto_s_shift,concentration,True,0.0,,2,state_UT,True,,,
315,1.0,auto_s_shift,concentration,True,0.01,,2,state_CO,True,,,
315,1.0,auto_s_shift,concentration,True,0.01,,2,state_UT,True,,,
315,1.0,standard_joint_source,point,False,0.0,standard_c5:E2,4,state_CO,False,False,0.8114315347501627,0.02471869313344144
315,1.0,standard_joint_source,point,False,0.0,standard_c5:E2,4,state_UT,False,False,0.8478143992519869,0.022381954184198194
315,1.0,standard_joint_source,point,False,0.01,standard_c5:E2,4,state_CO,False,False,0.8114315347501627,0.02471869313344144
315,1.0,standard_joint_source,point,False,0.01,standard_c5:E2,4,state_UT,False,False,0.8478143992519869,0.022381954184198194
315,1.0,standard_joint_source,sandwich,True,0.0,standard_c5:E2,4,state_CO,False,False,0.8114315347501627,0.02471869313344144
315,1.0,standard_joint_source,sandwich,True,0.0,standard_c5:E2,4,state_UT,False,False,0.8478143992519869,0.022381954184198194
315,1.0,standard_joint_source,sandwich,True,0.01,standard_c5:E8,4,state_CO,False,False,0.8320547922335932,0.004095435650010915
315,1.0,standard_joint_source,sandwich,True,0.01,standard_c5:E8,4,state_UT,False,False,0.8657935951379148,0.004402758298270304
315,1.0,standard_joint_source,concentration,True,0.0,,4,state_CO,True,,,
315,1.0,standard_joint_source,concentration,True,0.0,,4,state_UT,True,,,
315,1.0,standard_joint_source,concentration,True,0.01,,4,state_CO,True,,,
315,1.0,standard_joint_source,concentration,True,0.01,,4,state_UT,True,,,
315,1.0,standard_joint_shift,point,False,0.0,standard_c5:E2,4,state_CO,False,False,0.8114315347501627,0.02471869313344144
315,1.0,standard_joint_shift,point,False,0.0,standard_c5:E2,4,state_UT,False,False,0.8478143992519869,0.022381954184198194
315,1.0,standard_joint_shift,point,False,0.01,standard_c5:E8,4,state_CO,False,False,0.8320547922335932,0.004095435650010915
315,1.0,standard_joint_shift,point,False,0.01,standard_c5:E8,4,state_UT,False,False,0.8657935951379148,0.004402758298270304
315,1.0,standard_joint_shift,sandwich,True,0.0,standard_c5:E8,4,state_CO,False,False,0.8320547922335932,0.004095435650010915
315,1.0,standard_joint_shift,sandwich,True,0.0,standard_c5:E8,4,state_UT,False,False,0.8657935951379148,0.004402758298270304
315,1.0,standard_joint_shift,sandwich,True,0.01,standard_c5:E8,4,state_CO,False,False,0.8320547922335932,0.004095435650010915
315,1.0,standard_joint_shift,sandwich,True,0.01,standard_c5:E8,4,state_UT,False,False,0.8657935951379148,0.004402758298270304
315,1.0,standard_joint_shift,concentration,True,0.0,,4,state_CO,True,,,
315,1.0,standard_joint_shift,concentration,True,0.0,,4,state_UT,True,,,
315,1.0,standard_joint_shift,concentration,True,0.01,,4,state_CO,True,,,
315,1.0,standard_joint_shift,concentration,True,0.01,,4,state_UT,True,,,
315,1.0,combined_source,point,False,0.0,standard_c5:E2,6,state_CO,False,False,0.8114315347501627,0.02471869313344144
315,1.0,combined_source,point,False,0.0,standard_c5:E2,6,state_UT,False,False,0.8478143992519869,0.022381954184198194
315,1.0,combined_source,point,False,0.01,standard_c5:E2,6,state_CO,False,False,0.8114315347501627,0.02471869313344144
315,1.0,combined_source,point,False,0.01,standard_c5:E2,6,state_UT,False,False,0.8478143992519869,0.022381954184198194
315,1.0,combined_source,sandwich,True,0.0,standard_c5:E2,6,state_CO,False,False,0.8114315347501627,0.02471869313344144
315,1.0,combined_source,sandwich,True,0.0,standard_c5:E2,6,state_UT,False,False,0.8478143992519869,0.022381954184198194
315,1.0,combined_source,sandwich,True,0.01,standard_c5:E8,6,state_CO,False,False,0.8320547922335932,0.004095435650010915
315,1.0,combined_source,sandwich,True,0.01,standard_c5:E8,6,state_UT,False,False,0.8657935951379148,0.004402758298270304
315,1.0,combined_source,concentration,True,0.0,,6,state_CO,True,,,
315,1.0,combined_source,concentration,True,0.0,,6,state_UT,True,,,
315,1.0,combined_source,concentration,True,0.01,,6,state_CO,True,,,
315,1.0,combined_source,concentration,True,0.01,,6,state_UT,True,,,
315,1.0,combined_shift,point,False,0.0,standard_c5:E2,6,state_CO,False,False,0.8114315347501627,0.02471869313344144
315,1.0,combined_shift,point,False,0.0,standard_c5:E2,6,state_UT,False,False,0.8478143992519869,0.022381954184198194
315,1.0,combined_shift,point,False,0.01,standard_c5:E8,6,state_CO,False,False,0.8320547922335932,0.004095435650010915
315,1.0,combined_shift,point,False,0.01,standard_c5:E8,6,state_UT,False,False,0.8657935951379148,0.004402758298270304
315,1.0,combined_shift,sandwich,True,0.0,standard_c5:E8,6,state_CO,False,False,0.8320547922335932,0.004095435650010915
315,1.0,combined_shift,sandwich,True,0.0,standard_c5:E8,6,state_UT,False,False,0.8657935951379148,0.004402758298270304
315,1.0,combined_shift,sandwich,True,0.01,standard_c5:E8,6,state_CO,False,False,0.8320547922335932,0.004095435650010915
315,1.0,combined_shift,sandwich,True,0.01,standard_c5:E8,6,state_UT,False,False,0.8657935951379148,0.004402758298270304
315,1.0,combined_shift,concentration,True,0.0,,6,state_CO,True,,,
315,1.0,combined_shift,concentration,True,0.0,,6,state_UT,True,,,
315,1.0,combined_shift,concentration,True,0.01,,6,state_CO,True,,,
315,1.0,combined_shift,concentration,True,0.01,,6,state_UT,True,,,
316,1.0,standard_c1_source,point,False,0.0,standard_c1:E2,2,state_CO,False,False,0.8268150166888636,0.028217949982735746
316,1.0,standard_c1_source,point,False,0.0,standard_c1:E2,2,state_UT,False,False,0.8516490990243273,0.02222237591988041
316,1.0,standard_c1_source,point,False,0.01,standard_c1:E2,2,state_CO,False,False,0.8268150166888636,0.028217949982735746
316,1.0,standard_c1_source,point,False,0.01,standard_c1:E2,2,state_UT,False,False,0.8516490990243273,0.02222237591988041
316,1.0,standard_c1_source,sandwich,True,0.0,,2,state_CO,True,,,
316,1.0,standard_c1_source,sandwich,True,0.0,,2,state_UT,True,,,
316,1.0,standard_c1_source,sandwich,True,0.01,,2,state_CO,True,,,
316,1.0,standard_c1_source,sandwich,True,0.01,,2,state_UT,True,,,
316,1.0,standard_c1_source,concentration,True,0.0,,2,state_CO,True,,,
316,1.0,standard_c1_source,concentration,True,0.0,,2,state_UT,True,,,
316,1.0,standard_c1_source,concentration,True,0.01,,2,state_CO,True,,,
316,1.0,standard_c1_source,concentration,True,0.01,,2,state_UT,True,,,
316,1.0,standard_c1_shift,point,False,0.0,standard_c1:E8,2,state_CO,False,False,0.8261419128890642,0.028891053782535092
316,1.0,standard_c1_shift,point,False,0.0,standard_c1:E8,2,state_UT,False,False,0.8505516977443333,0.023319777199874436
316,1.0,standard_c1_shift,point,False,0.01,,2,state_CO,True,,,
316,1.0,standard_c1_shift,point,False,0.01,,2,state_UT,True,,,
316,1.0,standard_c1_shift,sandwich,True,0.0,,2,state_CO,True,,,
316,1.0,standard_c1_shift,sandwich,True,0.0,,2,state_UT,True,,,
316,1.0,standard_c1_shift,sandwich,True,0.01,,2,state_CO,True,,,
316,1.0,standard_c1_shift,sandwich,True,0.01,,2,state_UT,True,,,
316,1.0,standard_c1_shift,concentration,True,0.0,,2,state_CO,True,,,
316,1.0,standard_c1_shift,concentration,True,0.0,,2,state_UT,True,,,
316,1.0,standard_c1_shift,concentration,True,0.01,,2,state_CO,True,,,
316,1.0,standard_c1_shift,concentration,True,0.01,,2,state_UT,True,,,
316,1.0,standard_c5_source,point,False,0.0,standard_c5:E2,2,state_CO,False,False,0.8438625265130962,0.011170440158503103
316,1.0,standard_c5_source,point,False,0.0,standard_c5:E2,2,state_UT,False,False,0.8653643095593794,0.008507165384828319
316,1.0,standard_c5_source,point,False,0.01,standard_c5:E2,2,state_CO,False,False,0.8438625265130962,0.011170440158503103
316,1.0,standard_c5_source,point,False,0.01,standard_c5:E2,2,state_UT,False,False,0.8653643095593794,0.008507165384828319
316,1.0,standard_c5_source,sandwich,True,0.0,standard_c5:E2,2,state_CO,False,False,0.8438625265130962,0.011170440158503103
316,1.0,standard_c5_source,sandwich,True,0.0,standard_c5:E2,2,state_UT,False,False,0.8653643095593794,0.008507165384828319
316,1.0,standard_c5_source,sandwich,True,0.01,standard_c5:E8,2,state_CO,False,False,0.8543578075930218,0.0006751590785775141
316,1.0,standard_c5_source,sandwich,True,0.01,standard_c5:E8,2,state_UT,False,False,0.8748870322211771,-0.0010155572769694476
316,1.0,standard_c5_source,concentration,True,0.0,,2,state_CO,True,,,
316,1.0,standard_c5_source,concentration,True,0.0,,2,state_UT,True,,,
316,1.0,standard_c5_source,concentration,True,0.01,,2,state_CO,True,,,
316,1.0,standard_c5_source,concentration,True,0.01,,2,state_UT,True,,,
316,1.0,standard_c5_shift,point,False,0.0,standard_c5:E2,2,state_CO,False,False,0.8438625265130962,0.011170440158503103
316,1.0,standard_c5_shift,point,False,0.0,standard_c5:E2,2,state_UT,False,False,0.8653643095593794,0.008507165384828319
316,1.0,standard_c5_shift,point,False,0.01,standard_c5:E2,2,state_CO,False,False,0.8438625265130962,0.011170440158503103
316,1.0,standard_c5_shift,point,False,0.01,standard_c5:E2,2,state_UT,False,False,0.8653643095593794,0.008507165384828319
316,1.0,standard_c5_shift,sandwich,True,0.0,standard_c5:E8,2,state_CO,False,False,0.8543578075930218,0.0006751590785775141
316,1.0,standard_c5_shift,sandwich,True,0.0,standard_c5:E8,2,state_UT,False,False,0.8748870322211771,-0.0010155572769694476
316,1.0,standard_c5_shift,sandwich,True,0.01,standard_c5:E8,2,state_CO,False,False,0.8543578075930218,0.0006751590785775141
316,1.0,standard_c5_shift,sandwich,True,0.01,standard_c5:E8,2,state_UT,False,False,0.8748870322211771,-0.0010155572769694476
316,1.0,standard_c5_shift,concentration,True,0.0,,2,state_CO,True,,,
316,1.0,standard_c5_shift,concentration,True,0.0,,2,state_UT,True,,,
316,1.0,standard_c5_shift,concentration,True,0.01,,2,state_CO,True,,,
316,1.0,standard_c5_shift,concentration,True,0.01,,2,state_UT,True,,,
316,1.0,auto_s_source,point,False,0.0,auto_s:E2,2,state_CO,False,True,0.8193610343807034,0.035671932290895936
316,1.0,auto_s_source,point,False,0.0,auto_s:E2,2,state_UT,False,False,0.8468393229310759,0.027032152013131805
316,1.0,auto_s_source,point,False,0.01,,2,state_CO,True,,,
316,1.0,auto_s_source,point,False,0.01,,2,state_UT,True,,,
316,1.0,auto_s_source,sandwich,True,0.0,,2,state_CO,True,,,
316,1.0,auto_s_source,sandwich,True,0.0,,2,state_UT,True,,,
316,1.0,auto_s_source,sandwich,True,0.01,,2,state_CO,True,,,
316,1.0,auto_s_source,sandwich,True,0.01,,2,state_UT,True,,,
316,1.0,auto_s_source,concentration,True,0.0,,2,state_CO,True,,,
316,1.0,auto_s_source,concentration,True,0.0,,2,state_UT,True,,,
316,1.0,auto_s_source,concentration,True,0.01,,2,state_CO,True,,,
316,1.0,auto_s_source,concentration,True,0.01,,2,state_UT,True,,,
316,1.0,auto_s_shift,point,False,0.0,,2,state_CO,True,,,
316,1.0,auto_s_shift,point,False,0.0,,2,state_UT,True,,,
316,1.0,auto_s_shift,point,False,0.01,,2,state_CO,True,,,
316,1.0,auto_s_shift,point,False,0.01,,2,state_UT,True,,,
316,1.0,auto_s_shift,sandwich,True,0.0,,2,state_CO,True,,,
316,1.0,auto_s_shift,sandwich,True,0.0,,2,state_UT,True,,,
316,1.0,auto_s_shift,sandwich,True,0.01,,2,state_CO,True,,,
316,1.0,auto_s_shift,sandwich,True,0.01,,2,state_UT,True,,,
316,1.0,auto_s_shift,concentration,True,0.0,,2,state_CO,True,,,
316,1.0,auto_s_shift,concentration,True,0.0,,2,state_UT,True,,,
316,1.0,auto_s_shift,concentration,True,0.01,,2,state_CO,True,,,
316,1.0,auto_s_shift,concentration,True,0.01,,2,state_UT,True,,,
316,1.0,standard_joint_source,point,False,0.0,standard_c5:E2,4,state_CO,False,False,0.8438625265130962,0.011170440158503103
316,1.0,standard_joint_source,point,False,0.0,standard_c5:E2,4,state_UT,False,False,0.8653643095593794,0.008507165384828319
316,1.0,standard_joint_source,point,False,0.01,standard_c5:E2,4,state_CO,False,False,0.8438625265130962,0.011170440158503103
316,1.0,standard_joint_source,point,False,0.01,standard_c5:E2,4,state_UT,False,False,0.8653643095593794,0.008507165384828319
316,1.0,standard_joint_source,sandwich,True,0.0,standard_c5:E2,4,state_CO,False,False,0.8438625265130962,0.011170440158503103
316,1.0,standard_joint_source,sandwich,True,0.0,standard_c5:E2,4,state_UT,False,False,0.8653643095593794,0.008507165384828319
316,1.0,standard_joint_source,sandwich,True,0.01,standard_c5:E8,4,state_CO,False,False,0.8543578075930218,0.0006751590785775141
316,1.0,standard_joint_source,sandwich,True,0.01,standard_c5:E8,4,state_UT,False,False,0.8748870322211771,-0.0010155572769694476
316,1.0,standard_joint_source,concentration,True,0.0,,4,state_CO,True,,,
316,1.0,standard_joint_source,concentration,True,0.0,,4,state_UT,True,,,
316,1.0,standard_joint_source,concentration,True,0.01,,4,state_CO,True,,,
316,1.0,standard_joint_source,concentration,True,0.01,,4,state_UT,True,,,
316,1.0,standard_joint_shift,point,False,0.0,standard_c5:E2,4,state_CO,False,False,0.8438625265130962,0.011170440158503103
316,1.0,standard_joint_shift,point,False,0.0,standard_c5:E2,4,state_UT,False,False,0.8653643095593794,0.008507165384828319
316,1.0,standard_joint_shift,point,False,0.01,standard_c5:E2,4,state_CO,False,False,0.8438625265130962,0.011170440158503103
316,1.0,standard_joint_shift,point,False,0.01,standard_c5:E2,4,state_UT,False,False,0.8653643095593794,0.008507165384828319
316,1.0,standard_joint_shift,sandwich,True,0.0,standard_c5:E8,4,state_CO,False,False,0.8543578075930218,0.0006751590785775141
316,1.0,standard_joint_shift,sandwich,True,0.0,standard_c5:E8,4,state_UT,False,False,0.8748870322211771,-0.0010155572769694476
316,1.0,standard_joint_shift,sandwich,True,0.01,standard_c5:E8,4,state_CO,False,False,0.8543578075930218,0.0006751590785775141
316,1.0,standard_joint_shift,sandwich,True,0.01,standard_c5:E8,4,state_UT,False,False,0.8748870322211771,-0.0010155572769694476
316,1.0,standard_joint_shift,concentration,True,0.0,,4,state_CO,True,,,
316,1.0,standard_joint_shift,concentration,True,0.0,,4,state_UT,True,,,
316,1.0,standard_joint_shift,concentration,True,0.01,,4,state_CO,True,,,
316,1.0,standard_joint_shift,concentration,True,0.01,,4,state_UT,True,,,
316,1.0,combined_source,point,False,0.0,standard_c5:E2,6,state_CO,False,False,0.8438625265130962,0.011170440158503103
316,1.0,combined_source,point,False,0.0,standard_c5:E2,6,state_UT,False,False,0.8653643095593794,0.008507165384828319
316,1.0,combined_source,point,False,0.01,standard_c5:E2,6,state_CO,False,False,0.8438625265130962,0.011170440158503103
316,1.0,combined_source,point,False,0.01,standard_c5:E2,6,state_UT,False,False,0.8653643095593794,0.008507165384828319
316,1.0,combined_source,sandwich,True,0.0,standard_c5:E2,6,state_CO,False,False,0.8438625265130962,0.011170440158503103
316,1.0,combined_source,sandwich,True,0.0,standard_c5:E2,6,state_UT,False,False,0.8653643095593794,0.008507165384828319
316,1.0,combined_source,sandwich,True,0.01,standard_c5:E8,6,state_CO,False,False,0.8543578075930218,0.0006751590785775141
316,1.0,combined_source,sandwich,True,0.01,standard_c5:E8,6,state_UT,False,False,0.8748870322211771,-0.0010155572769694476
316,1.0,combined_source,concentration,True,0.0,,6,state_CO,True,,,
316,1.0,combined_source,concentration,True,0.0,,6,state_UT,True,,,
316,1.0,combined_source,concentration,True,0.01,,6,state_CO,True,,,
316,1.0,combined_source,concentration,True,0.01,,6,state_UT,True,,,
316,1.0,combined_shift,point,False,0.0,standard_c5:E2,6,state_CO,False,False,0.8438625265130962,0.011170440158503103
316,1.0,combined_shift,point,False,0.0,standard_c5:E2,6,state_UT,False,False,0.8653643095593794,0.008507165384828319
316,1.0,combined_shift,point,False,0.01,standard_c5:E2,6,state_CO,False,False,0.8438625265130962,0.011170440158503103
316,1.0,combined_shift,point,False,0.01,standard_c5:E2,6,state_UT,False,False,0.8653643095593794,0.008507165384828319
316,1.0,combined_shift,sandwich,True,0.0,standard_c5:E8,6,state_CO,False,False,0.8543578075930218,0.0006751590785775141
316,1.0,combined_shift,sandwich,True,0.0,standard_c5:E8,6,state_UT,False,False,0.8748870322211771,-0.0010155572769694476
316,1.0,combined_shift,sandwich,True,0.01,standard_c5:E8,6,state_CO,False,False,0.8543578075930218,0.0006751590785775141
316,1.0,combined_shift,sandwich,True,0.01,standard_c5:E8,6,state_UT,False,False,0.8748870322211771,-0.0010155572769694476
316,1.0,combined_shift,concentration,True,0.0,,6,state_CO,True,,,
316,1.0,combined_shift,concentration,True,0.0,,6,state_UT,True,,,
316,1.0,combined_shift,concentration,True,0.01,,6,state_CO,True,,,
316,1.0,combined_shift,concentration,True,0.01,,6,state_UT,True,,,
317,1.0,standard_c1_source,point,False,0.0,standard_c1:E2,2,state_CO,False,False,0.825621103861073,0.026395015456234017
317,1.0,standard_c1_source,point,False,0.0,standard_c1:E2,2,state_UT,False,False,0.8521004202798562,0.01881814862634501
317,1.0,standard_c1_source,point,False,0.01,,2,state_CO,True,,,
317,1.0,standard_c1_source,point,False,0.01,,2,state_UT,True,,,
317,1.0,standard_c1_source,sandwich,True,0.0,,2,state_CO,True,,,
317,1.0,standard_c1_source,sandwich,True,0.0,,2,state_UT,True,,,
317,1.0,standard_c1_source,sandwich,True,0.01,,2,state_CO,True,,,
317,1.0,standard_c1_source,sandwich,True,0.01,,2,state_UT,True,,,
317,1.0,standard_c1_source,concentration,True,0.0,,2,state_CO,True,,,
317,1.0,standard_c1_source,concentration,True,0.0,,2,state_UT,True,,,
317,1.0,standard_c1_source,concentration,True,0.01,,2,state_CO,True,,,
317,1.0,standard_c1_source,concentration,True,0.01,,2,state_UT,True,,,
317,1.0,standard_c1_shift,point,False,0.0,standard_c1:E2,2,state_CO,False,False,0.825621103861073,0.026395015456234017
317,1.0,standard_c1_shift,point,False,0.0,standard_c1:E2,2,state_UT,False,False,0.8521004202798562,0.01881814862634501
317,1.0,standard_c1_shift,point,False,0.01,,2,state_CO,True,,,
317,1.0,standard_c1_shift,point,False,0.01,,2,state_UT,True,,,
317,1.0,standard_c1_shift,sandwich,True,0.0,,2,state_CO,True,,,
317,1.0,standard_c1_shift,sandwich,True,0.0,,2,state_UT,True,,,
317,1.0,standard_c1_shift,sandwich,True,0.01,,2,state_CO,True,,,
317,1.0,standard_c1_shift,sandwich,True,0.01,,2,state_UT,True,,,
317,1.0,standard_c1_shift,concentration,True,0.0,,2,state_CO,True,,,
317,1.0,standard_c1_shift,concentration,True,0.0,,2,state_UT,True,,,
317,1.0,standard_c1_shift,concentration,True,0.01,,2,state_CO,True,,,
317,1.0,standard_c1_shift,concentration,True,0.01,,2,state_UT,True,,,
317,1.0,standard_c5_source,point,False,0.0,standard_c5:E2,2,state_CO,False,False,0.8396951282746946,0.012320991042612417
317,1.0,standard_c5_source,point,False,0.0,standard_c5:E2,2,state_UT,False,False,0.853472750915367,0.017445817990834223
317,1.0,standard_c5_source,point,False,0.01,standard_c5:E2,2,state_CO,False,False,0.8396951282746946,0.012320991042612417
317,1.0,standard_c5_source,point,False,0.01,standard_c5:E2,2,state_UT,False,False,0.853472750915367,0.017445817990834223
317,1.0,standard_c5_source,sandwich,True,0.0,standard_c5:E2,2,state_CO,False,False,0.8396951282746946,0.012320991042612417
317,1.0,standard_c5_source,sandwich,True,0.0,standard_c5:E2,2,state_UT,False,False,0.853472750915367,0.017445817990834223
317,1.0,standard_c5_source,sandwich,True,0.01,standard_c5:E2,2,state_CO,False,False,0.8396951282746946,0.012320991042612417
317,1.0,standard_c5_source,sandwich,True,0.01,standard_c5:E2,2,state_UT,False,False,0.853472750915367,0.017445817990834223
317,1.0,standard_c5_source,concentration,True,0.0,,2,state_CO,True,,,
317,1.0,standard_c5_source,concentration,True,0.0,,2,state_UT,True,,,
317,1.0,standard_c5_source,concentration,True,0.01,,2,state_CO,True,,,
317,1.0,standard_c5_source,concentration,True,0.01,,2,state_UT,True,,,
317,1.0,standard_c5_shift,point,False,0.0,standard_c5:E2,2,state_CO,False,False,0.8396951282746946,0.012320991042612417
317,1.0,standard_c5_shift,point,False,0.0,standard_c5:E2,2,state_UT,False,False,0.853472750915367,0.017445817990834223
317,1.0,standard_c5_shift,point,False,0.01,standard_c5:E8,2,state_CO,False,False,0.8528530919276663,-0.00083697261035931
317,1.0,standard_c5_shift,point,False,0.01,standard_c5:E8,2,state_UT,False,False,0.8701284565973801,0.0007901123088210893
317,1.0,standard_c5_shift,sandwich,True,0.0,standard_c5:E8,2,state_CO,False,False,0.8528530919276663,-0.00083697261035931
317,1.0,standard_c5_shift,sandwich,True,0.0,standard_c5:E8,2,state_UT,False,False,0.8701284565973801,0.0007901123088210893
317,1.0,standard_c5_shift,sandwich,True,0.01,standard_c5:E8,2,state_CO,False,False,0.8528530919276663,-0.00083697261035931
317,1.0,standard_c5_shift,sandwich,True,0.01,standard_c5:E8,2,state_UT,False,False,0.8701284565973801,0.0007901123088210893
317,1.0,standard_c5_shift,concentration,True,0.0,,2,state_CO,True,,,
317,1.0,standard_c5_shift,concentration,True,0.0,,2,state_UT,True,,,
317,1.0,standard_c5_shift,concentration,True,0.01,,2,state_CO,True,,,
317,1.0,standard_c5_shift,concentration,True,0.01,,2,state_UT,True,,,
317,1.0,auto_s_source,point,False,0.0,,2,state_CO,True,,,
317,1.0,auto_s_source,point,False,0.0,,2,state_UT,True,,,
317,1.0,auto_s_source,point,False,0.01,,2,state_CO,True,,,
317,1.0,auto_s_source,point,False,0.01,,2,state_UT,True,,,
317,1.0,auto_s_source,sandwich,True,0.0,,2,state_CO,True,,,
317,1.0,auto_s_source,sandwich,True,0.0,,2,state_UT,True,,,
317,1.0,auto_s_source,sandwich,True,0.01,,2,state_CO,True,,,
317,1.0,auto_s_source,sandwich,True,0.01,,2,state_UT,True,,,
317,1.0,auto_s_source,concentration,True,0.0,,2,state_CO,True,,,
317,1.0,auto_s_source,concentration,True,0.0,,2,state_UT,True,,,
317,1.0,auto_s_source,concentration,True,0.01,,2,state_CO,True,,,
317,1.0,auto_s_source,concentration,True,0.01,,2,state_UT,True,,,
317,1.0,auto_s_shift,point,False,0.0,,2,state_CO,True,,,
317,1.0,auto_s_shift,point,False,0.0,,2,state_UT,True,,,
317,1.0,auto_s_shift,point,False,0.01,,2,state_CO,True,,,
317,1.0,auto_s_shift,point,False,0.01,,2,state_UT,True,,,
317,1.0,auto_s_shift,sandwich,True,0.0,,2,state_CO,True,,,
317,1.0,auto_s_shift,sandwich,True,0.0,,2,state_UT,True,,,
317,1.0,auto_s_shift,sandwich,True,0.01,,2,state_CO,True,,,
317,1.0,auto_s_shift,sandwich,True,0.01,,2,state_UT,True,,,
317,1.0,auto_s_shift,concentration,True,0.0,,2,state_CO,True,,,
317,1.0,auto_s_shift,concentration,True,0.0,,2,state_UT,True,,,
317,1.0,auto_s_shift,concentration,True,0.01,,2,state_CO,True,,,
317,1.0,auto_s_shift,concentration,True,0.01,,2,state_UT,True,,,
317,1.0,standard_joint_source,point,False,0.0,standard_c5:E2,4,state_CO,False,False,0.8396951282746946,0.012320991042612417
317,1.0,standard_joint_source,point,False,0.0,standard_c5:E2,4,state_UT,False,False,0.853472750915367,0.017445817990834223
317,1.0,standard_joint_source,point,False,0.01,standard_c5:E2,4,state_CO,False,False,0.8396951282746946,0.012320991042612417
317,1.0,standard_joint_source,point,False,0.01,standard_c5:E2,4,state_UT,False,False,0.853472750915367,0.017445817990834223
317,1.0,standard_joint_source,sandwich,True,0.0,standard_c5:E2,4,state_CO,False,False,0.8396951282746946,0.012320991042612417
317,1.0,standard_joint_source,sandwich,True,0.0,standard_c5:E2,4,state_UT,False,False,0.853472750915367,0.017445817990834223
317,1.0,standard_joint_source,sandwich,True,0.01,standard_c5:E2,4,state_CO,False,False,0.8396951282746946,0.012320991042612417
317,1.0,standard_joint_source,sandwich,True,0.01,standard_c5:E2,4,state_UT,False,False,0.853472750915367,0.017445817990834223
317,1.0,standard_joint_source,concentration,True,0.0,,4,state_CO,True,,,
317,1.0,standard_joint_source,concentration,True,0.0,,4,state_UT,True,,,
317,1.0,standard_joint_source,concentration,True,0.01,,4,state_CO,True,,,
317,1.0,standard_joint_source,concentration,True,0.01,,4,state_UT,True,,,
317,1.0,standard_joint_shift,point,False,0.0,standard_c5:E2,4,state_CO,False,False,0.8396951282746946,0.012320991042612417
317,1.0,standard_joint_shift,point,False,0.0,standard_c5:E2,4,state_UT,False,False,0.853472750915367,0.017445817990834223
317,1.0,standard_joint_shift,point,False,0.01,standard_c5:E8,4,state_CO,False,False,0.8528530919276663,-0.00083697261035931
317,1.0,standard_joint_shift,point,False,0.01,standard_c5:E8,4,state_UT,False,False,0.8701284565973801,0.0007901123088210893
317,1.0,standard_joint_shift,sandwich,True,0.0,standard_c5:E8,4,state_CO,False,False,0.8528530919276663,-0.00083697261035931
317,1.0,standard_joint_shift,sandwich,True,0.0,standard_c5:E8,4,state_UT,False,False,0.8701284565973801,0.0007901123088210893
317,1.0,standard_joint_shift,sandwich,True,0.01,standard_c5:E8,4,state_CO,False,False,0.8528530919276663,-0.00083697261035931
317,1.0,standard_joint_shift,sandwich,True,0.01,standard_c5:E8,4,state_UT,False,False,0.8701284565973801,0.0007901123088210893
317,1.0,standard_joint_shift,concentration,True,0.0,,4,state_CO,True,,,
317,1.0,standard_joint_shift,concentration,True,0.0,,4,state_UT,True,,,
317,1.0,standard_joint_shift,concentration,True,0.01,,4,state_CO,True,,,
317,1.0,standard_joint_shift,concentration,True,0.01,,4,state_UT,True,,,
317,1.0,combined_source,point,False,0.0,standard_c5:E2,6,state_CO,False,False,0.8396951282746946,0.012320991042612417
317,1.0,combined_source,point,False,0.0,standard_c5:E2,6,state_UT,False,False,0.853472750915367,0.017445817990834223
317,1.0,combined_source,point,False,0.01,standard_c5:E2,6,state_CO,False,False,0.8396951282746946,0.012320991042612417
317,1.0,combined_source,point,False,0.01,standard_c5:E2,6,state_UT,False,False,0.853472750915367,0.017445817990834223
317,1.0,combined_source,sandwich,True,0.0,standard_c5:E2,6,state_CO,False,False,0.8396951282746946,0.012320991042612417
317,1.0,combined_source,sandwich,True,0.0,standard_c5:E2,6,state_UT,False,False,0.853472750915367,0.017445817990834223
317,1.0,combined_source,sandwich,True,0.01,standard_c5:E2,6,state_CO,False,False,0.8396951282746946,0.012320991042612417
317,1.0,combined_source,sandwich,True,0.01,standard_c5:E2,6,state_UT,False,False,0.853472750915367,0.017445817990834223
317,1.0,combined_source,concentration,True,0.0,,6,state_CO,True,,,
317,1.0,combined_source,concentration,True,0.0,,6,state_UT,True,,,
317,1.0,combined_source,concentration,True,0.01,,6,state_CO,True,,,
317,1.0,combined_source,concentration,True,0.01,,6,state_UT,True,,,
317,1.0,combined_shift,point,False,0.0,standard_c5:E2,6,state_CO,False,False,0.8396951282746946,0.012320991042612417
317,1.0,combined_shift,point,False,0.0,standard_c5:E2,6,state_UT,False,False,0.853472750915367,0.017445817990834223
317,1.0,combined_shift,point,False,0.01,standard_c5:E8,6,state_CO,False,False,0.8528530919276663,-0.00083697261035931
317,1.0,combined_shift,point,False,0.01,standard_c5:E8,6,state_UT,False,False,0.8701284565973801,0.0007901123088210893
317,1.0,combined_shift,sandwich,True,0.0,standard_c5:E8,6,state_CO,False,False,0.8528530919276663,-0.00083697261035931
317,1.0,combined_shift,sandwich,True,0.0,standard_c5:E8,6,state_UT,False,False,0.8701284565973801,0.0007901123088210893
317,1.0,combined_shift,sandwich,True,0.01,standard_c5:E8,6,state_CO,False,False,0.8528530919276663,-0.00083697261035931
317,1.0,combined_shift,sandwich,True,0.01,standard_c5:E8,6,state_UT,False,False,0.8701284565973801,0.0007901123088210893
317,1.0,combined_shift,concentration,True,0.0,,6,state_CO,True,,,
317,1.0,combined_shift,concentration,True,0.0,,6,state_UT,True,,,
317,1.0,combined_shift,concentration,True,0.01,,6,state_CO,True,,,
317,1.0,combined_shift,concentration,True,0.01,,6,state_UT,True,,,
318,1.0,standard_c1_source,point,False,0.0,standard_c1:E2,2,state_CO,False,False,0.8292455370478672,0.02576374017056615
318,1.0,standard_c1_source,point,False,0.0,standard_c1:E2,2,state_UT,False,False,0.8535516826648252,0.028277640839434515
318,1.0,standard_c1_source,point,False,0.01,,2,state_CO,True,,,
318,1.0,standard_c1_source,point,False,0.01,,2,state_UT,True,,,
318,1.0,standard_c1_source,sandwich,True,0.0,,2,state_CO,True,,,
318,1.0,standard_c1_source,sandwich,True,0.0,,2,state_UT,True,,,
318,1.0,standard_c1_source,sandwich,True,0.01,,2,state_CO,True,,,
318,1.0,standard_c1_source,sandwich,True,0.01,,2,state_UT,True,,,
318,1.0,standard_c1_source,concentration,True,0.0,,2,state_CO,True,,,
318,1.0,standard_c1_source,concentration,True,0.0,,2,state_UT,True,,,
318,1.0,standard_c1_source,concentration,True,0.01,,2,state_CO,True,,,
318,1.0,standard_c1_source,concentration,True,0.01,,2,state_UT,True,,,
318,1.0,standard_c1_shift,point,False,0.0,,2,state_CO,True,,,
318,1.0,standard_c1_shift,point,False,0.0,,2,state_UT,True,,,
318,1.0,standard_c1_shift,point,False,0.01,,2,state_CO,True,,,
318,1.0,standard_c1_shift,point,False,0.01,,2,state_UT,True,,,
318,1.0,standard_c1_shift,sandwich,True,0.0,,2,state_CO,True,,,
318,1.0,standard_c1_shift,sandwich,True,0.0,,2,state_UT,True,,,
318,1.0,standard_c1_shift,sandwich,True,0.01,,2,state_CO,True,,,
318,1.0,standard_c1_shift,sandwich,True,0.01,,2,state_UT,True,,,
318,1.0,standard_c1_shift,concentration,True,0.0,,2,state_CO,True,,,
318,1.0,standard_c1_shift,concentration,True,0.0,,2,state_UT,True,,,
318,1.0,standard_c1_shift,concentration,True,0.01,,2,state_CO,True,,,
318,1.0,standard_c1_shift,concentration,True,0.01,,2,state_UT,True,,,
318,1.0,standard_c5_source,point,False,0.0,standard_c5:E2,2,state_CO,False,False,0.8301843031988523,0.02482497401958106
318,1.0,standard_c5_source,point,False,0.0,standard_c5:E2,2,state_UT,False,False,0.863243182680831,0.018586140823428687
318,1.0,standard_c5_source,point,False,0.01,standard_c5:E2,2,state_CO,False,False,0.8301843031988523,0.02482497401958106
318,1.0,standard_c5_source,point,False,0.01,standard_c5:E2,2,state_UT,False,False,0.863243182680831,0.018586140823428687
318,1.0,standard_c5_source,sandwich,True,0.0,standard_c5:E2,2,state_CO,False,False,0.8301843031988523,0.02482497401958106
318,1.0,standard_c5_source,sandwich,True,0.0,standard_c5:E2,2,state_UT,False,False,0.863243182680831,0.018586140823428687
318,1.0,standard_c5_source,sandwich,True,0.01,standard_c5:E8,2,state_CO,False,False,0.8519410633669782,0.0030682138514551704
318,1.0,standard_c5_source,sandwich,True,0.01,standard_c5:E8,2,state_UT,False,False,0.8776083705658272,0.004220952938432498
318,1.0,standard_c5_source,concentration,True,0.0,,2,state_CO,True,,,
318,1.0,standard_c5_source,concentration,True,0.0,,2,state_UT,True,,,
318,1.0,standard_c5_source,concentration,True,0.01,,2,state_CO,True,,,
318,1.0,standard_c5_source,concentration,True,0.01,,2,state_UT,True,,,
318,1.0,standard_c5_shift,point,False,0.0,standard_c5:E2,2,state_CO,False,False,0.8301843031988523,0.02482497401958106
318,1.0,standard_c5_shift,point,False,0.0,standard_c5:E2,2,state_UT,False,False,0.863243182680831,0.018586140823428687
318,1.0,standard_c5_shift,point,False,0.01,standard_c5:E8,2,state_CO,False,False,0.8519410633669782,0.0030682138514551704
318,1.0,standard_c5_shift,point,False,0.01,standard_c5:E8,2,state_UT,False,False,0.8776083705658272,0.004220952938432498
318,1.0,standard_c5_shift,sandwich,True,0.0,standard_c5:E8,2,state_CO,False,False,0.8519410633669782,0.0030682138514551704
318,1.0,standard_c5_shift,sandwich,True,0.0,standard_c5:E8,2,state_UT,False,False,0.8776083705658272,0.004220952938432498
318,1.0,standard_c5_shift,sandwich,True,0.01,standard_c5:E8,2,state_CO,False,False,0.8519410633669782,0.0030682138514551704
318,1.0,standard_c5_shift,sandwich,True,0.01,standard_c5:E8,2,state_UT,False,False,0.8776083705658272,0.004220952938432498
318,1.0,standard_c5_shift,concentration,True,0.0,,2,state_CO,True,,,
318,1.0,standard_c5_shift,concentration,True,0.0,,2,state_UT,True,,,
318,1.0,standard_c5_shift,concentration,True,0.01,,2,state_CO,True,,,
318,1.0,standard_c5_shift,concentration,True,0.01,,2,state_UT,True,,,
318,1.0,auto_s_source,point,False,0.0,,2,state_CO,True,,,
318,1.0,auto_s_source,point,False,0.0,,2,state_UT,True,,,
318,1.0,auto_s_source,point,False,0.01,,2,state_CO,True,,,
318,1.0,auto_s_source,point,False,0.01,,2,state_UT,True,,,
318,1.0,auto_s_source,sandwich,True,0.0,,2,state_CO,True,,,
318,1.0,auto_s_source,sandwich,True,0.0,,2,state_UT,True,,,
318,1.0,auto_s_source,sandwich,True,0.01,,2,state_CO,True,,,
318,1.0,auto_s_source,sandwich,True,0.01,,2,state_UT,True,,,
318,1.0,auto_s_source,concentration,True,0.0,,2,state_CO,True,,,
318,1.0,auto_s_source,concentration,True,0.0,,2,state_UT,True,,,
318,1.0,auto_s_source,concentration,True,0.01,,2,state_CO,True,,,
318,1.0,auto_s_source,concentration,True,0.01,,2,state_UT,True,,,
318,1.0,auto_s_shift,point,False,0.0,,2,state_CO,True,,,
318,1.0,auto_s_shift,point,False,0.0,,2,state_UT,True,,,
318,1.0,auto_s_shift,point,False,0.01,,2,state_CO,True,,,
318,1.0,auto_s_shift,point,False,0.01,,2,state_UT,True,,,
318,1.0,auto_s_shift,sandwich,True,0.0,,2,state_CO,True,,,
318,1.0,auto_s_shift,sandwich,True,0.0,,2,state_UT,True,,,
318,1.0,auto_s_shift,sandwich,True,0.01,,2,state_CO,True,,,
318,1.0,auto_s_shift,sandwich,True,0.01,,2,state_UT,True,,,
318,1.0,auto_s_shift,concentration,True,0.0,,2,state_CO,True,,,
318,1.0,auto_s_shift,concentration,True,0.0,,2,state_UT,True,,,
318,1.0,auto_s_shift,concentration,True,0.01,,2,state_CO,True,,,
318,1.0,auto_s_shift,concentration,True,0.01,,2,state_UT,True,,,
318,1.0,standard_joint_source,point,False,0.0,standard_c5:E2,4,state_CO,False,False,0.8301843031988523,0.02482497401958106
318,1.0,standard_joint_source,point,False,0.0,standard_c5:E2,4,state_UT,False,False,0.863243182680831,0.018586140823428687
318,1.0,standard_joint_source,point,False,0.01,standard_c5:E2,4,state_CO,False,False,0.8301843031988523,0.02482497401958106
318,1.0,standard_joint_source,point,False,0.01,standard_c5:E2,4,state_UT,False,False,0.863243182680831,0.018586140823428687
318,1.0,standard_joint_source,sandwich,True,0.0,standard_c5:E2,4,state_CO,False,False,0.8301843031988523,0.02482497401958106
318,1.0,standard_joint_source,sandwich,True,0.0,standard_c5:E2,4,state_UT,False,False,0.863243182680831,0.018586140823428687
318,1.0,standard_joint_source,sandwich,True,0.01,standard_c5:E8,4,state_CO,False,False,0.8519410633669782,0.0030682138514551704
318,1.0,standard_joint_source,sandwich,True,0.01,standard_c5:E8,4,state_UT,False,False,0.8776083705658272,0.004220952938432498
318,1.0,standard_joint_source,concentration,True,0.0,,4,state_CO,True,,,
318,1.0,standard_joint_source,concentration,True,0.0,,4,state_UT,True,,,
318,1.0,standard_joint_source,concentration,True,0.01,,4,state_CO,True,,,
318,1.0,standard_joint_source,concentration,True,0.01,,4,state_UT,True,,,
318,1.0,standard_joint_shift,point,False,0.0,standard_c5:E2,4,state_CO,False,False,0.8301843031988523,0.02482497401958106
318,1.0,standard_joint_shift,point,False,0.0,standard_c5:E2,4,state_UT,False,False,0.863243182680831,0.018586140823428687
318,1.0,standard_joint_shift,point,False,0.01,standard_c5:E8,4,state_CO,False,False,0.8519410633669782,0.0030682138514551704
318,1.0,standard_joint_shift,point,False,0.01,standard_c5:E8,4,state_UT,False,False,0.8776083705658272,0.004220952938432498
318,1.0,standard_joint_shift,sandwich,True,0.0,standard_c5:E8,4,state_CO,False,False,0.8519410633669782,0.0030682138514551704
318,1.0,standard_joint_shift,sandwich,True,0.0,standard_c5:E8,4,state_UT,False,False,0.8776083705658272,0.004220952938432498
318,1.0,standard_joint_shift,sandwich,True,0.01,standard_c5:E8,4,state_CO,False,False,0.8519410633669782,0.0030682138514551704
318,1.0,standard_joint_shift,sandwich,True,0.01,standard_c5:E8,4,state_UT,False,False,0.8776083705658272,0.004220952938432498
318,1.0,standard_joint_shift,concentration,True,0.0,,4,state_CO,True,,,
318,1.0,standard_joint_shift,concentration,True,0.0,,4,state_UT,True,,,
318,1.0,standard_joint_shift,concentration,True,0.01,,4,state_CO,True,,,
318,1.0,standard_joint_shift,concentration,True,0.01,,4,state_UT,True,,,
318,1.0,combined_source,point,False,0.0,standard_c5:E2,6,state_CO,False,False,0.8301843031988523,0.02482497401958106
318,1.0,combined_source,point,False,0.0,standard_c5:E2,6,state_UT,False,False,0.863243182680831,0.018586140823428687
318,1.0,combined_source,point,False,0.01,standard_c5:E2,6,state_CO,False,False,0.8301843031988523,0.02482497401958106
318,1.0,combined_source,point,False,0.01,standard_c5:E2,6,state_UT,False,False,0.863243182680831,0.018586140823428687
318,1.0,combined_source,sandwich,True,0.0,standard_c5:E2,6,state_CO,False,False,0.8301843031988523,0.02482497401958106
318,1.0,combined_source,sandwich,True,0.0,standard_c5:E2,6,state_UT,False,False,0.863243182680831,0.018586140823428687
318,1.0,combined_source,sandwich,True,0.01,standard_c5:E8,6,state_CO,False,False,0.8519410633669782,0.0030682138514551704
318,1.0,combined_source,sandwich,True,0.01,standard_c5:E8,6,state_UT,False,False,0.8776083705658272,0.004220952938432498
318,1.0,combined_source,concentration,True,0.0,,6,state_CO,True,,,
318,1.0,combined_source,concentration,True,0.0,,6,state_UT,True,,,
318,1.0,combined_source,concentration,True,0.01,,6,state_CO,True,,,
318,1.0,combined_source,concentration,True,0.01,,6,state_UT,True,,,
318,1.0,combined_shift,point,False,0.0,standard_c5:E2,6,state_CO,False,False,0.8301843031988523,0.02482497401958106
318,1.0,combined_shift,point,False,0.0,standard_c5:E2,6,state_UT,False,False,0.863243182680831,0.018586140823428687
318,1.0,combined_shift,point,False,0.01,standard_c5:E8,6,state_CO,False,False,0.8519410633669782,0.0030682138514551704
318,1.0,combined_shift,point,False,0.01,standard_c5:E8,6,state_UT,False,False,0.8776083705658272,0.004220952938432498
318,1.0,combined_shift,sandwich,True,0.0,standard_c5:E8,6,state_CO,False,False,0.8519410633669782,0.0030682138514551704
318,1.0,combined_shift,sandwich,True,0.0,standard_c5:E8,6,state_UT,False,False,0.8776083705658272,0.004220952938432498
318,1.0,combined_shift,sandwich,True,0.01,standard_c5:E8,6,state_CO,False,False,0.8519410633669782,0.0030682138514551704
318,1.0,combined_shift,sandwich,True,0.01,standard_c5:E8,6,state_UT,False,False,0.8776083705658272,0.004220952938432498
318,1.0,combined_shift,concentration,True,0.0,,6,state_CO,True,,,
318,1.0,combined_shift,concentration,True,0.0,,6,state_UT,True,,,
318,1.0,combined_shift,concentration,True,0.01,,6,state_CO,True,,,
318,1.0,combined_shift,concentration,True,0.01,,6,state_UT,True,,,
319,1.0,standard_c1_source,point,False,0.0,standard_c1:E2,2,state_CO,False,False,0.8052390638779348,0.02975923060283847
319,1.0,standard_c1_source,point,False,0.0,standard_c1:E2,2,state_UT,False,False,0.8435275554819821,0.025605465833332453
319,1.0,standard_c1_source,point,False,0.01,,2,state_CO,True,,,
319,1.0,standard_c1_source,point,False,0.01,,2,state_UT,True,,,
319,1.0,standard_c1_source,sandwich,True,0.0,,2,state_CO,True,,,
319,1.0,standard_c1_source,sandwich,True,0.0,,2,state_UT,True,,,
319,1.0,standard_c1_source,sandwich,True,0.01,,2,state_CO,True,,,
319,1.0,standard_c1_source,sandwich,True,0.01,,2,state_UT,True,,,
319,1.0,standard_c1_source,concentration,True,0.0,,2,state_CO,True,,,
319,1.0,standard_c1_source,concentration,True,0.0,,2,state_UT,True,,,
319,1.0,standard_c1_source,concentration,True,0.01,,2,state_CO,True,,,
319,1.0,standard_c1_source,concentration,True,0.01,,2,state_UT,True,,,
319,1.0,standard_c1_shift,point,False,0.0,standard_c1:E2,2,state_CO,False,False,0.8052390638779348,0.02975923060283847
319,1.0,standard_c1_shift,point,False,0.0,standard_c1:E2,2,state_UT,False,False,0.8435275554819821,0.025605465833332453
319,1.0,standard_c1_shift,point,False,0.01,,2,state_CO,True,,,
319,1.0,standard_c1_shift,point,False,0.01,,2,state_UT,True,,,
319,1.0,standard_c1_shift,sandwich,True,0.0,,2,state_CO,True,,,
319,1.0,standard_c1_shift,sandwich,True,0.0,,2,state_UT,True,,,
319,1.0,standard_c1_shift,sandwich,True,0.01,,2,state_CO,True,,,
319,1.0,standard_c1_shift,sandwich,True,0.01,,2,state_UT,True,,,
319,1.0,standard_c1_shift,concentration,True,0.0,,2,state_CO,True,,,
319,1.0,standard_c1_shift,concentration,True,0.0,,2,state_UT,True,,,
319,1.0,standard_c1_shift,concentration,True,0.01,,2,state_CO,True,,,
319,1.0,standard_c1_shift,concentration,True,0.01,,2,state_UT,True,,,
319,1.0,standard_c5_source,point,False,0.0,standard_c5:E2,2,state_CO,False,False,0.8194583104544169,0.015539984026356368
319,1.0,standard_c5_source,point,False,0.0,standard_c5:E2,2,state_UT,False,False,0.8591820929594519,0.009950928355862643
319,1.0,standard_c5_source,point,False,0.01,standard_c5:E2,2,state_CO,False,False,0.8194583104544169,0.015539984026356368
319,1.0,standard_c5_source,point,False,0.01,standard_c5:E2,2,state_UT,False,False,0.8591820929594519,0.009950928355862643
319,1.0,standard_c5_source,sandwich,True,0.0,standard_c5:E2,2,state_CO,False,False,0.8194583104544169,0.015539984026356368
319,1.0,standard_c5_source,sandwich,True,0.0,standard_c5:E2,2,state_UT,False,False,0.8591820929594519,0.009950928355862643
319,1.0,standard_c5_source,sandwich,True,0.01,standard_c5:E8,2,state_CO,False,False,0.8308072929666052,0.004191001514168069
319,1.0,standard_c5_source,sandwich,True,0.01,standard_c5:E8,2,state_UT,False,False,0.8668629223732663,0.0022700989420482154
319,1.0,standard_c5_source,concentration,True,0.0,,2,state_CO,True,,,
319,1.0,standard_c5_source,concentration,True,0.0,,2,state_UT,True,,,
319,1.0,standard_c5_source,concentration,True,0.01,,2,state_CO,True,,,
319,1.0,standard_c5_source,concentration,True,0.01,,2,state_UT,True,,,
319,1.0,standard_c5_shift,point,False,0.0,standard_c5:E2,2,state_CO,False,False,0.8194583104544169,0.015539984026356368
319,1.0,standard_c5_shift,point,False,0.0,standard_c5:E2,2,state_UT,False,False,0.8591820929594519,0.009950928355862643
319,1.0,standard_c5_shift,point,False,0.01,standard_c5:E2,2,state_CO,False,False,0.8194583104544169,0.015539984026356368
319,1.0,standard_c5_shift,point,False,0.01,standard_c5:E2,2,state_UT,False,False,0.8591820929594519,0.009950928355862643
319,1.0,standard_c5_shift,sandwich,True,0.0,standard_c5:E2,2,state_CO,False,False,0.8194583104544169,0.015539984026356368
319,1.0,standard_c5_shift,sandwich,True,0.0,standard_c5:E2,2,state_UT,False,False,0.8591820929594519,0.009950928355862643
319,1.0,standard_c5_shift,sandwich,True,0.01,standard_c5:E8,2,state_CO,False,False,0.8308072929666052,0.004191001514168069
319,1.0,standard_c5_shift,sandwich,True,0.01,standard_c5:E8,2,state_UT,False,False,0.8668629223732663,0.0022700989420482154
319,1.0,standard_c5_shift,concentration,True,0.0,,2,state_CO,True,,,
319,1.0,standard_c5_shift,concentration,True,0.0,,2,state_UT,True,,,
319,1.0,standard_c5_shift,concentration,True,0.01,,2,state_CO,True,,,
319,1.0,standard_c5_shift,concentration,True,0.01,,2,state_UT,True,,,
319,1.0,auto_s_source,point,False,0.0,,2,state_CO,True,,,
319,1.0,auto_s_source,point,False,0.0,,2,state_UT,True,,,
319,1.0,auto_s_source,point,False,0.01,,2,state_CO,True,,,
319,1.0,auto_s_source,point,False,0.01,,2,state_UT,True,,,
319,1.0,auto_s_source,sandwich,True,0.0,,2,state_CO,True,,,
319,1.0,auto_s_source,sandwich,True,0.0,,2,state_UT,True,,,
319,1.0,auto_s_source,sandwich,True,0.01,,2,state_CO,True,,,
319,1.0,auto_s_source,sandwich,True,0.01,,2,state_UT,True,,,
319,1.0,auto_s_source,concentration,True,0.0,,2,state_CO,True,,,
319,1.0,auto_s_source,concentration,True,0.0,,2,state_UT,True,,,
319,1.0,auto_s_source,concentration,True,0.01,,2,state_CO,True,,,
319,1.0,auto_s_source,concentration,True,0.01,,2,state_UT,True,,,
319,1.0,auto_s_shift,point,False,0.0,,2,state_CO,True,,,
319,1.0,auto_s_shift,point,False,0.0,,2,state_UT,True,,,
319,1.0,auto_s_shift,point,False,0.01,,2,state_CO,True,,,
319,1.0,auto_s_shift,point,False,0.01,,2,state_UT,True,,,
319,1.0,auto_s_shift,sandwich,True,0.0,,2,state_CO,True,,,
319,1.0,auto_s_shift,sandwich,True,0.0,,2,state_UT,True,,,
319,1.0,auto_s_shift,sandwich,True,0.01,,2,state_CO,True,,,
319,1.0,auto_s_shift,sandwich,True,0.01,,2,state_UT,True,,,
319,1.0,auto_s_shift,concentration,True,0.0,,2,state_CO,True,,,
319,1.0,auto_s_shift,concentration,True,0.0,,2,state_UT,True,,,
319,1.0,auto_s_shift,concentration,True,0.01,,2,state_CO,True,,,
319,1.0,auto_s_shift,concentration,True,0.01,,2,state_UT,True,,,
319,1.0,standard_joint_source,point,False,0.0,standard_c5:E2,4,state_CO,False,False,0.8194583104544169,0.015539984026356368
319,1.0,standard_joint_source,point,False,0.0,standard_c5:E2,4,state_UT,False,False,0.8591820929594519,0.009950928355862643
319,1.0,standard_joint_source,point,False,0.01,standard_c5:E2,4,state_CO,False,False,0.8194583104544169,0.015539984026356368
319,1.0,standard_joint_source,point,False,0.01,standard_c5:E2,4,state_UT,False,False,0.8591820929594519,0.009950928355862643
319,1.0,standard_joint_source,sandwich,True,0.0,standard_c5:E2,4,state_CO,False,False,0.8194583104544169,0.015539984026356368
319,1.0,standard_joint_source,sandwich,True,0.0,standard_c5:E2,4,state_UT,False,False,0.8591820929594519,0.009950928355862643
319,1.0,standard_joint_source,sandwich,True,0.01,standard_c5:E8,4,state_CO,False,False,0.8308072929666052,0.004191001514168069
319,1.0,standard_joint_source,sandwich,True,0.01,standard_c5:E8,4,state_UT,False,False,0.8668629223732663,0.0022700989420482154
319,1.0,standard_joint_source,concentration,True,0.0,,4,state_CO,True,,,
319,1.0,standard_joint_source,concentration,True,0.0,,4,state_UT,True,,,
319,1.0,standard_joint_source,concentration,True,0.01,,4,state_CO,True,,,
319,1.0,standard_joint_source,concentration,True,0.01,,4,state_UT,True,,,
319,1.0,standard_joint_shift,point,False,0.0,standard_c5:E2,4,state_CO,False,False,0.8194583104544169,0.015539984026356368
319,1.0,standard_joint_shift,point,False,0.0,standard_c5:E2,4,state_UT,False,False,0.8591820929594519,0.009950928355862643
319,1.0,standard_joint_shift,point,False,0.01,standard_c5:E2,4,state_CO,False,False,0.8194583104544169,0.015539984026356368
319,1.0,standard_joint_shift,point,False,0.01,standard_c5:E2,4,state_UT,False,False,0.8591820929594519,0.009950928355862643
319,1.0,standard_joint_shift,sandwich,True,0.0,standard_c5:E2,4,state_CO,False,False,0.8194583104544169,0.015539984026356368
319,1.0,standard_joint_shift,sandwich,True,0.0,standard_c5:E2,4,state_UT,False,False,0.8591820929594519,0.009950928355862643
319,1.0,standard_joint_shift,sandwich,True,0.01,standard_c5:E8,4,state_CO,False,False,0.8308072929666052,0.004191001514168069
319,1.0,standard_joint_shift,sandwich,True,0.01,standard_c5:E8,4,state_UT,False,False,0.8668629223732663,0.0022700989420482154
319,1.0,standard_joint_shift,concentration,True,0.0,,4,state_CO,True,,,
319,1.0,standard_joint_shift,concentration,True,0.0,,4,state_UT,True,,,
319,1.0,standard_joint_shift,concentration,True,0.01,,4,state_CO,True,,,
319,1.0,standard_joint_shift,concentration,True,0.01,,4,state_UT,True,,,
319,1.0,combined_source,point,False,0.0,standard_c5:E2,6,state_CO,False,False,0.8194583104544169,0.015539984026356368
319,1.0,combined_source,point,False,0.0,standard_c5:E2,6,state_UT,False,False,0.8591820929594519,0.009950928355862643
319,1.0,combined_source,point,False,0.01,standard_c5:E2,6,state_CO,False,False,0.8194583104544169,0.015539984026356368
319,1.0,combined_source,point,False,0.01,standard_c5:E2,6,state_UT,False,False,0.8591820929594519,0.009950928355862643
319,1.0,combined_source,sandwich,True,0.0,standard_c5:E2,6,state_CO,False,False,0.8194583104544169,0.015539984026356368
319,1.0,combined_source,sandwich,True,0.0,standard_c5:E2,6,state_UT,False,False,0.8591820929594519,0.009950928355862643
319,1.0,combined_source,sandwich,True,0.01,standard_c5:E8,6,state_CO,False,False,0.8308072929666052,0.004191001514168069
319,1.0,combined_source,sandwich,True,0.01,standard_c5:E8,6,state_UT,False,False,0.8668629223732663,0.0022700989420482154
319,1.0,combined_source,concentration,True,0.0,,6,state_CO,True,,,
319,1.0,combined_source,concentration,True,0.0,,6,state_UT,True,,,
319,1.0,combined_source,concentration,True,0.01,,6,state_CO,True,,,
319,1.0,combined_source,concentration,True,0.01,,6,state_UT,True,,,
319,1.0,combined_shift,point,False,0.0,standard_c5:E2,6,state_CO,False,False,0.8194583104544169,0.015539984026356368
319,1.0,combined_shift,point,False,0.0,standard_c5:E2,6,state_UT,False,False,0.8591820929594519,0.009950928355862643
319,1.0,combined_shift,point,False,0.01,standard_c5:E2,6,state_CO,False,False,0.8194583104544169,0.015539984026356368
319,1.0,combined_shift,point,False,0.01,standard_c5:E2,6,state_UT,False,False,0.8591820929594519,0.009950928355862643
319,1.0,combined_shift,sandwich,True,0.0,standard_c5:E2,6,state_CO,False,False,0.8194583104544169,0.015539984026356368
319,1.0,combined_shift,sandwich,True,0.0,standard_c5:E2,6,state_UT,False,False,0.8591820929594519,0.009950928355862643
319,1.0,combined_shift,sandwich,True,0.01,standard_c5:E8,6,state_CO,False,False,0.8308072929666052,0.004191001514168069
319,1.0,combined_shift,sandwich,True,0.01,standard_c5:E8,6,state_UT,False,False,0.8668629223732663,0.0022700989420482154
319,1.0,combined_shift,concentration,True,0.0,,6,state_CO,True,,,
319,1.0,combined_shift,concentration,True,0.0,,6,state_UT,True,,,
319,1.0,combined_shift,concentration,True,0.01,,6,state_CO,True,,,
319,1.0,combined_shift,concentration,True,0.01,,6,state_UT,True,,,
