seed,strength,partition,environment,bound_rule,candidate_id,variant,clip_norm,requested_epsilon,achieved_epsilon,reference_auc,auc,gap,gap_se,auc_se,clusters,gap_upper,auc_lower,bounds_supported,alpha,family,method,auc_radius,gap_radius,within_pair_mass,acs_coverage_certified,clipping_gap,noise_gap
300,1.0,validation,source,sandwich,standard_c1:E2,standard_c1,1.0,2.0,1.9909995955023065,0.8836177949709864,0.8620286266924564,0.02158916827852997,0.00384547037830247,0.008263140816749854,1127,0.03311764420185856,0.8372562554126063,True,0.05,36,paired cluster influence sandwich; asymptotic Bonferroni bounds,,,,,,
300,1.0,validation,source,concentration,standard_c1:E2,standard_c1,1.0,2.0,1.9909995955023065,0.8836177949709864,0.8620286266924564,0.02158916827852997,,,1127,0.2602524455965911,0.7426969880334258,,0.05,36,cluster bounded differences plus within-pair bias; assumption-dependent sensitivity,0.11933163865903058,0.23866327731806117,0.00042088974854932303,False,,
300,1.0,validation,source,sandwich,standard_c1:E8,standard_c1,1.0,8.0,7.998197999765249,0.8836177949709864,0.863550225660864,0.020067569310122324,0.003678424617579534,0.008229564182016286,1127,0.031095252653834532,0.8388785149991002,True,0.05,36,paired cluster influence sandwich; asymptotic Bonferroni bounds,,,,,,
300,1.0,validation,source,concentration,standard_c1:E8,standard_c1,1.0,8.0,7.998197999765249,0.8836177949709864,0.863550225660864,0.020067569310122324,,,1127,0.25873084662818346,0.7442185870018334,,0.05,36,cluster bounded differences plus within-pair bias; assumption-dependent sensitivity,0.11933163865903058,0.23866327731806117,0.00042088974854932303,False,,
300,1.0,validation,source,sandwich,standard_c5:E2,standard_c5,5.0,2.0,1.9909995955023065,0.8836177949709864,0.8729975499677627,0.010620245003223672,0.002779971406355937,0.007904595577510984,1127,0.018954422690964395,0.849300074539747,True,0.05,36,paired cluster influence sandwich; asymptotic Bonferroni bounds,,,,,,
300,1.0,validation,source,concentration,standard_c5:E2,standard_c5,5.0,2.0,1.9909995955023065,0.8836177949709864,0.8729975499677627,0.010620245003223672,,,1127,0.24928352232128484,0.7536659113087321,,0.05,36,cluster bounded differences plus within-pair bias; assumption-dependent sensitivity,0.11933163865903058,0.23866327731806117,0.00042088974854932303,False,,
300,1.0,validation,source,sandwich,standard_c5:E8,standard_c5,5.0,8.0,7.998197999765249,0.8836177949709864,0.8822695035460992,0.001348291424887127,0.0009918219508811322,0.0076109500085683604,1127,0.004321710631410671,0.8594523588809073,True,0.05,36,paired cluster influence sandwich; asymptotic Bonferroni bounds,,,,,,
300,1.0,validation,source,concentration,standard_c5:E8,standard_c5,5.0,8.0,7.998197999765249,0.8836177949709864,0.8822695035460992,0.001348291424887127,,,1127,0.2400115687429483,0.7629378648870686,,0.05,36,cluster bounded differences plus within-pair bias; assumption-dependent sensitivity,0.11933163865903058,0.23866327731806117,0.00042088974854932303,False,,
300,1.0,validation,source,sandwich,auto_s:E2,auto_s,1.0,2.0,1.9909995955023065,0.8836177949709864,0.8540441005802707,0.029573694390715666,0.004575729395011324,0.008516619866805412,1127,0.04329144045884198,0.8285118152097747,True,0.05,36,paired cluster influence sandwich; asymptotic Bonferroni bounds,,,,,,
300,1.0,validation,source,concentration,auto_s:E2,auto_s,1.0,2.0,1.9909995955023065,0.8836177949709864,0.8540441005802707,0.029573694390715666,,,1127,0.2682369717087768,0.7347124619212401,,0.05,36,cluster bounded differences plus within-pair bias; assumption-dependent sensitivity,0.11933163865903058,0.23866327731806117,0.00042088974854932303,False,,
300,1.0,validation,source,sandwich,auto_s:E8,auto_s,1.0,8.0,7.998197999765249,0.8836177949709864,0.855163378465506,0.028454416505480307,0.004458989292696781,0.008493834405306723,1127,0.04182218316239758,0.8296994024612118,True,0.05,36,paired cluster influence sandwich; asymptotic Bonferroni bounds,,,,,,
300,1.0,validation,source,concentration,auto_s:E8,auto_s,1.0,8.0,7.998197999765249,0.8836177949709864,0.855163378465506,0.028454416505480307,,,1127,0.26711769382354145,0.7358317398064754,,0.05,36,cluster bounded differences plus within-pair bias; assumption-dependent sensitivity,0.11933163865903058,0.23866327731806117,0.00042088974854932303,False,,
300,1.0,validation,state_OR,sandwich,standard_c1:E2,standard_c1,1.0,2.0,1.9909995955023065,0.8569012058856067,0.8341420511118486,0.022759154773758117,0.0041886260813597835,0.009089432936284376,1209,0.03531450377707503,0.8068966010428736,True,0.05,36,paired cluster influence sandwich; asymptotic Bonferroni bounds,,,,,,
300,1.0,validation,state_OR,concentration,standard_c1:E2,standard_c1,1.0,2.0,1.9909995955023065,0.8569012058856067,0.8341420511118486,0.022759154773758117,,,1209,0.2584866683739381,0.7162782943117586,,0.05,36,cluster bounded differences plus within-pair bias; assumption-dependent sensitivity,0.11786375680009,0.23572751360018,0.00043920787697754175,False,,
300,1.0,validation,state_OR,sandwich,standard_c1:E8,standard_c1,1.0,8.0,7.998197999765249,0.8569012058856067,0.8338621528930191,0.023039052992587572,0.004073529528217574,0.00908817722234184,1209,0.03524940166269018,0.8066204668092963,True,0.05,36,paired cluster influence sandwich; asymptotic Bonferroni bounds,,,,,,
300,1.0,validation,state_OR,concentration,standard_c1:E8,standard_c1,1.0,8.0,7.998197999765249,0.8569012058856067,0.8338621528930191,0.023039052992587572,,,1209,0.25876656659276753,0.7159983960929291,,0.05,36,cluster bounded differences plus within-pair bias; assumption-dependent sensitivity,0.11786375680009,0.23572751360018,0.00043920787697754175,False,,
300,1.0,validation,state_OR,sandwich,standard_c5:E2,standard_c5,5.0,2.0,1.9909995955023065,0.8569012058856067,0.8476933289080649,0.009207876977541773,0.0034548547058172513,0.00874073640475848,1209,0.01956375638638259,0.8214930918909393,True,0.05,36,paired cluster influence sandwich; asymptotic Bonferroni bounds,,,,,,
300,1.0,validation,state_OR,concentration,standard_c5:E2,standard_c5,5.0,2.0,1.9909995955023065,0.8569012058856067,0.8476933289080649,0.009207876977541773,,,1209,0.24493539057772176,0.7298295721079749,,0.05,36,cluster bounded differences plus within-pair bias; assumption-dependent sensitivity,0.11786375680009,0.23572751360018,0.00043920787697754175,False,,
300,1.0,validation,state_OR,sandwich,standard_c5:E8,standard_c5,5.0,8.0,7.998197999765249,0.8569012058856067,0.8582188295165394,-0.001317623630932685,0.0011594604791252561,0.008412313510205207,1209,0.002157843189978853,0.8330030356035969,True,0.05,36,paired cluster influence sandwich; asymptotic Bonferroni bounds,,,,,,
300,1.0,validation,state_OR,concentration,standard_c5:E8,standard_c5,5.0,8.0,7.998197999765249,0.8569012058856067,0.8582188295165394,-0.001317623630932685,,,1209,0.2344098899692473,0.7403550727164494,,0.05,36,cluster bounded differences plus within-pair bias; assumption-dependent sensitivity,0.11786375680009,0.23572751360018,0.00043920787697754175,False,,
300,1.0,validation,state_OR,sandwich,auto_s:E2,auto_s,1.0,2.0,1.9909995955023065,0.8569012058856067,0.8277834937493085,0.029117712136298213,0.004985566538385058,0.009287851470776603,1209,0.04406187918602498,0.79994328685533,True,0.05,36,paired cluster influence sandwich; asymptotic Bonferroni bounds,,,,,,
300,1.0,validation,state_OR,concentration,auto_s:E2,auto_s,1.0,2.0,1.9909995955023065,0.8569012058856067,0.8277834937493085,0.029117712136298213,,,1209,0.2648452257364782,0.7099197369492185,,0.05,36,cluster bounded differences plus within-pair bias; assumption-dependent sensitivity,0.11786375680009,0.23572751360018,0.00043920787697754175,False,,
300,1.0,validation,state_OR,sandwich,auto_s:E8,auto_s,1.0,8.0,7.998197999765249,0.8569012058856067,0.8274460670428145,0.02945513884279216,0.004914249094921737,0.009275989245244552,1209,0.04418553283774779,0.7996414170065307,True,0.05,36,paired cluster influence sandwich; asymptotic Bonferroni bounds,,,,,,
300,1.0,validation,state_OR,concentration,auto_s:E8,auto_s,1.0,8.0,7.998197999765249,0.8569012058856067,0.8274460670428145,0.02945513884279216,,,1209,0.2651826524429721,0.7095823102427246,,0.05,36,cluster bounded differences plus within-pair bias; assumption-dependent sensitivity,0.11786375680009,0.23572751360018,0.00043920787697754175,False,,
300,1.0,validation,state_WA,sandwich,standard_c1:E2,standard_c1,1.0,2.0,1.9909995955023065,0.8621868590813546,0.8347201932313886,0.027466665849966043,0.00420737433887614,0.008920908996217027,1213,0.04007812665854798,0.8079800733558727,True,0.05,36,paired cluster influence sandwich; asymptotic Bonferroni bounds,,,,,,
300,1.0,validation,state_WA,concentration,standard_c1:E2,standard_c1,1.0,2.0,1.9909995955023065,0.8621868590813546,0.8347201932313886,0.027466665849966043,,,1213,0.25600678685396,0.7204501327293916,,0.05,36,cluster bounded differences plus within-pair bias; assumption-dependent sensitivity,0.11427006050199696,0.22854012100399393,0.00040120422520113807,False,,
300,1.0,validation,state_WA,sandwich,standard_c1:E8,standard_c1,1.0,8.0,7.998197999765249,0.8621868590813546,0.8364424108596694,0.0257444482216852,0.004145846050080949,0.008870749553733336,1213,0.038171480087116114,0.8098526421989762,True,0.05,36,paired cluster influence sandwich; asymptotic Bonferroni bounds,,,,,,
300,1.0,validation,state_WA,concentration,standard_c1:E8,standard_c1,1.0,8.0,7.998197999765249,0.8621868590813546,0.8364424108596694,0.0257444482216852,,,1213,0.25428456922567916,0.7221723503576724,,0.05,36,cluster bounded differences plus within-pair bias; assumption-dependent sensitivity,0.11427006050199696,0.22854012100399393,0.00040120422520113807,False,,
300,1.0,validation,state_WA,sandwich,standard_c5:E2,standard_c5,5.0,2.0,1.9909995955023065,0.8621868590813546,0.8381288978317616,0.02405796124959303,0.0036570213939090775,0.008773669278727326,1213,0.0350197579120097,0.8118301239780223,True,0.05,36,paired cluster influence sandwich; asymptotic Bonferroni bounds,,,,,,
300,1.0,validation,state_WA,concentration,standard_c5:E2,standard_c5,5.0,2.0,1.9909995955023065,0.8621868590813546,0.8381288978317616,0.02405796124959303,,,1213,0.252598082253587,0.7238588373297646,,0.05,36,cluster bounded differences plus within-pair bias; assumption-dependent sensitivity,0.11427006050199696,0.22854012100399393,0.00040120422520113807,False,,
300,1.0,validation,state_WA,sandwich,standard_c5:E8,standard_c5,5.0,8.0,7.998197999765249,0.8621868590813546,0.8594570369485611,0.0027298221327934913,0.0011612672712236172,0.008201294533939116,1213,0.006210681096067375,0.8348739368334337,True,0.05,36,paired cluster influence sandwich; asymptotic Bonferroni bounds,,,,,,
300,1.0,validation,state_WA,concentration,standard_c5:E8,standard_c5,5.0,8.0,7.998197999765249,0.8621868590813546,0.8594570369485611,0.0027298221327934913,,,1213,0.23126994313678742,0.7451869764465641,,0.05,36,cluster bounded differences plus within-pair bias; assumption-dependent sensitivity,0.11427006050199696,0.22854012100399393,0.00040120422520113807,False,,
300,1.0,validation,state_WA,sandwich,auto_s:E2,auto_s,1.0,2.0,1.9909995955023065,0.8621868590813546,0.8291804102083506,0.03300644887300397,0.00486067869629945,0.009084135132461642,1213,0.047576167168586855,0.80195102556712,True,0.05,36,paired cluster influence sandwich; asymptotic Bonferroni bounds,,,,,,
300,1.0,validation,state_WA,concentration,auto_s:E2,auto_s,1.0,2.0,1.9909995955023065,0.8621868590813546,0.8291804102083506,0.03300644887300397,,,1213,0.2615465698769979,0.7149103497063537,,0.05,36,cluster bounded differences plus within-pair bias; assumption-dependent sensitivity,0.11427006050199696,0.22854012100399393,0.00040120422520113807,False,,
300,1.0,validation,state_WA,sandwich,auto_s:E8,auto_s,1.0,8.0,7.998197999765249,0.8621868590813546,0.8305647179166781,0.03162214116467654,0.00482676578892665,0.009048095354113586,1213,0.046090206679263626,0.8034433612795131,True,0.05,36,paired cluster influence sandwich; asymptotic Bonferroni bounds,,,,,,
300,1.0,validation,state_WA,concentration,auto_s:E8,auto_s,1.0,8.0,7.998197999765249,0.8621868590813546,0.8305647179166781,0.03162214116467654,,,1213,0.2601622621686705,0.716294657414681,,0.05,36,cluster bounded differences plus within-pair bias; assumption-dependent sensitivity,0.11427006050199696,0.22854012100399393,0.00040120422520113807,False,,
300,1.0,test,source,evaluation,standard_c1:E2,standard_c1,1.0,2.0,1.9909995955023065,0.8712395525644467,0.849141548066595,0.02209800449785171,0.0038296217270303913,0.008720601177789732,1137,0.033578743539128694,0.8229982489259533,True,0.05,36,paired cluster influence sandwich; asymptotic Bonferroni bounds,,,,,0.021423536519871167,0.0006744679779805418
300,1.0,test,source,evaluation,standard_c1:E8,standard_c1,1.0,8.0,7.998197999765249,0.8712395525644467,0.849774058472073,0.02146549409237375,0.003702466417079523,0.008705617591600094,1137,0.03256503701682417,0.8236756782960725,True,0.05,36,paired cluster influence sandwich; asymptotic Bonferroni bounds,,,,,0.021423536519871167,4.195757250258225e-05
300,1.0,test,source,evaluation,standard_c5:E2,standard_c5,5.0,2.0,1.9909995955023065,0.8712395525644467,0.8582547328141784,0.012984819750268328,0.003007562130792882,0.008346992824894196,1137,0.022001124345144056,0.833231465966272,True,0.05,36,paired cluster influence sandwich; asymptotic Bonferroni bounds,,,,,0.00041328208915125675,0.012571537661117071
300,1.0,test,source,evaluation,standard_c5:E8,standard_c5,5.0,8.0,7.998197999765249,0.8712395525644467,0.8700039020542426,0.0012356505102041337,0.0010437350009423322,0.00799882913574982,1137,0.004364640793888831,0.8460243874992851,True,0.05,36,paired cluster influence sandwich; asymptotic Bonferroni bounds,,,,,0.00041328208915125675,0.000822368421052877
300,1.0,test,source,evaluation,auto_s:E2,auto_s,1.0,2.0,1.9909995955023065,0.8712395525644467,0.8406776567534908,0.03056189581095592,0.004487802157024074,0.008952258948580248,1137,0.04401577953790723,0.8138398758590618,True,0.05,36,paired cluster influence sandwich; asymptotic Bonferroni bounds,,,,,0.03009249546858206,0.0004694003423738602
300,1.0,test,source,evaluation,auto_s:E8,auto_s,1.0,8.0,7.998197999765249,0.8712395525644467,0.8410825473281417,0.030157005236305046,0.00441315463565083,0.008943461879228483,1137,0.043387104794988404,0.8142711389751162,True,0.05,36,paired cluster influence sandwich; asymptotic Bonferroni bounds,,,,,0.03009249546858206,6.450976772298667e-05
300,1.0,test,state_CO,evaluation,standard_c1:E2,standard_c1,1.0,2.0,1.9909995955023065,0.8506448800226891,0.8258449652124314,0.024799914810257673,0.004315038047305835,0.00917068708346754,1200,0.03773438217142459,0.7983555314090268,True,0.05,36,paired cluster influence sandwich; asymptotic Bonferroni bounds,,,,,0.021511464240867695,0.003288450569389978
300,1.0,test,state_CO,evaluation,standard_c1:E8,standard_c1,1.0,8.0,7.998197999765249,0.8506448800226891,0.8281919004376518,0.022452979585037336,0.004150656570160659,0.009116177925617178,1200,0.03489470810413489,0.8008658596137229,True,0.05,36,paired cluster influence sandwich; asymptotic Bonferroni bounds,,,,,0.021511464240867695,0.0009415153441696411
300,1.0,test,state_CO,evaluation,standard_c5:E2,standard_c5,5.0,2.0,1.9909995955023065,0.8506448800226891,0.8313970590561018,0.01924782096658728,0.0036581211952150926,0.008938520376171395,1200,0.03021315862618102,0.8046035525342068,True,0.05,36,paired cluster influence sandwich; asymptotic Bonferroni bounds,,,,,0.00024565853884828126,0.019002162427739
300,1.0,test,state_CO,evaluation,standard_c5:E8,standard_c5,5.0,8.0,7.998197999765249,0.8506448800226891,0.8484761263127708,0.002168753709918314,0.001245809343246451,0.00857630168970446,1200,0.005903107871295634,0.8227683821239881,True,0.05,36,paired cluster influence sandwich; asymptotic Bonferroni bounds,,,,,0.00024565853884828126,0.0019230951710700328
300,1.0,test,state_CO,evaluation,auto_s:E2,auto_s,1.0,2.0,1.9909995955023065,0.8506448800226891,0.8211811431240386,0.02946373689865056,0.0050325675285791075,0.009322441507323804,1200,0.04454902229536152,0.7932368204828618,True,0.05,36,paired cluster influence sandwich; asymptotic Bonferroni bounds,,,,,0.026637609373401983,0.0028261275252485785
300,1.0,test,state_CO,evaluation,auto_s:E8,auto_s,1.0,8.0,7.998197999765249,0.8506448800226891,0.8234294986351718,0.027215381387517334,0.004946019115922124,0.009269493483956837,1200,0.04204123509291992,0.7956438894219117,True,0.05,36,paired cluster influence sandwich; asymptotic Bonferroni bounds,,,,,0.026637609373401983,0.000577772014115352
300,1.0,test,state_UT,evaluation,standard_c1:E2,standard_c1,1.0,2.0,1.9909995955023065,0.8704967274427302,0.8413452547919589,0.029151472650771337,0.004308739253697597,0.009321096626449138,1111,0.04206921126093734,0.8134003078617772,True,0.05,36,paired cluster influence sandwich; asymptotic Bonferroni bounds,,,,,0.02781323048153339,0.0013382421692379465
300,1.0,test,state_UT,evaluation,standard_c1:E8,standard_c1,1.0,8.0,7.998197999765249,0.8704967274427302,0.8424684431977562,0.028028284244974055,0.004239170227046781,0.009272132068316261,1111,0.04073745267979986,0.8146702935848129,True,0.05,36,paired cluster influence sandwich; asymptotic Bonferroni bounds,,,,,0.02781323048153339,0.00021505376344066462
300,1.0,test,state_UT,evaluation,standard_c5:E2,standard_c5,5.0,2.0,1.9909995955023065,0.8704967274427302,0.8502232351566154,0.020273492286114858,0.0034356983804120413,0.008986248630485801,1111,0.030573826330103936,0.8232821732682775,True,0.05,36,paired cluster influence sandwich; asymptotic Bonferroni bounds,,,,,0.0006171107994389358,0.019656381486675922
300,1.0,test,state_UT,evaluation,standard_c5:E8,standard_c5,5.0,8.0,7.998197999765249,0.8704967274427302,0.8676005142589995,0.002896213183730678,0.0011726447503836604,0.008376319635667187,1111,0.006411839791917777,0.8424880390782622,True,0.05,36,paired cluster influence sandwich; asymptotic Bonferroni bounds,,,,,0.0006171107994389358,0.0022791023842917424
300,1.0,test,state_UT,evaluation,auto_s:E2,auto_s,1.0,2.0,1.9909995955023065,0.8704967274427302,0.8364159654043946,0.034080762038335655,0.005104314328589087,0.00950842995071137,1111,0.04938366026413451,0.8079093871539337,True,0.05,36,paired cluster influence sandwich; asymptotic Bonferroni bounds,,,,,0.0323018934081345,0.001778868630201158
300,1.0,test,state_UT,evaluation,auto_s:E8,auto_s,1.0,8.0,7.998197999765249,0.8704967274427302,0.8376951846657316,0.03280154277699865,0.005041631007791457,0.00945378885457753,1111,0.04791651439466356,0.8093524221756753,True,0.05,36,paired cluster influence sandwich; asymptotic Bonferroni bounds,,,,,0.0323018934081345,0.0004996493688641523
301,1.0,validation,source,sandwich,standard_c1:E2,standard_c1,1.0,2.0,1.9909995955023065,0.8633030481841873,0.8374329421256711,0.02587010605851625,0.00419048739391022,0.009071485954446316,1143,0.038432531611497865,0.8102380465812384,True,0.05,36,paired cluster influence sandwich; asymptotic Bonferroni bounds,,,,,,
301,1.0,validation,source,concentration,standard_c1:E2,standard_c1,1.0,2.0,1.9909995955023065,0.8633030481841873,0.8374329421256711,0.02587010605851625,,,1143,0.2650117629968214,0.7178621136565185,,0.05,36,cluster bounded differences plus within-pair bias; assumption-dependent sensitivity,0.1195708284691526,0.2391416569383052,0.0004542253849767546,False,,
301,1.0,validation,source,sandwich,standard_c1:E8,standard_c1,1.0,8.0,7.998197999765249,0.8633030481841873,0.837899612041743,0.025403436142444336,0.004104639764449082,0.009044184591822532,1143,0.03770850393423265,0.8107865617108181,True,0.05,36,paired cluster influence sandwich; asymptotic Bonferroni bounds,,,,,,
301,1.0,validation,source,concentration,standard_c1:E8,standard_c1,1.0,8.0,7.998197999765249,0.8633030481841873,0.837899612041743,0.025403436142444336,,,1143,0.26454509308074947,0.7183287835725904,,0.05,36,cluster bounded differences plus within-pair bias; assumption-dependent sensitivity,0.1195708284691526,0.2391416569383052,0.0004542253849767546,False,,
301,1.0,validation,source,sandwich,standard_c5:E2,standard_c5,5.0,2.0,1.9909995955023065,0.8633030481841873,0.8496431012186306,0.013659946965556724,0.003028303716526608,0.00877583108662866,1143,0.02273832769185801,0.8233345327090278,True,0.05,36,paired cluster influence sandwich; asymptotic Bonferroni bounds,,,,,,
301,1.0,validation,source,concentration,standard_c5:E2,standard_c5,5.0,2.0,1.9909995955023065,0.8633030481841873,0.8496431012186306,0.013659946965556724,,,1143,0.25280160390386186,0.7300722727494781,,0.05,36,cluster bounded differences plus within-pair bias; assumption-dependent sensitivity,0.1195708284691526,0.2391416569383052,0.0004542253849767546,False,,
301,1.0,validation,source,sandwich,standard_c5:E8,standard_c5,5.0,8.0,7.998197999765249,0.8633030481841873,0.8609645133825377,0.0023385348016496943,0.00106061135653183,0.008451538061892609,1143,0.005518081702671446,0.8356281246214095,True,0.05,36,paired cluster influence sandwich; asymptotic Bonferroni bounds,,,,,,
301,1.0,validation,source,concentration,standard_c5:E8,standard_c5,5.0,8.0,7.998197999765249,0.8633030481841873,0.8609645133825377,0.0023385348016496943,,,1143,0.24148019173995489,0.7413936849133851,,0.05,36,cluster bounded differences plus within-pair bias; assumption-dependent sensitivity,0.1195708284691526,0.2391416569383052,0.0004542253849767546,False,,
301,1.0,validation,source,sandwich,auto_s:E2,auto_s,1.0,2.0,1.9909995955023065,0.8633030481841873,0.8282353966020207,0.035067651582166626,0.004890063327792336,0.009302149676395633,1143,0.04972729632755609,0.8003490073093971,True,0.05,36,paired cluster influence sandwich; asymptotic Bonferroni bounds,,,,,,
301,1.0,validation,source,concentration,auto_s:E2,auto_s,1.0,2.0,1.9909995955023065,0.8633030481841873,0.8282353966020207,0.035067651582166626,,,1143,0.27420930852047176,0.7086645681328682,,0.05,36,cluster bounded differences plus within-pair bias; assumption-dependent sensitivity,0.1195708284691526,0.2391416569383052,0.0004542253849767546,False,,
301,1.0,validation,source,sandwich,auto_s:E8,auto_s,1.0,8.0,7.998197999765249,0.8633030481841873,0.8286937701640292,0.03460927802015812,0.004820736927999558,0.009277628856963047,1143,0.04906109306594781,0.8008808904514768,True,0.05,36,paired cluster influence sandwich; asymptotic Bonferroni bounds,,,,,,
301,1.0,validation,source,concentration,auto_s:E8,auto_s,1.0,8.0,7.998197999765249,0.8633030481841873,0.8286937701640292,0.03460927802015812,,,1143,0.27375093495846325,0.7091229416948767,,0.05,36,cluster bounded differences plus within-pair bias; assumption-dependent sensitivity,0.1195708284691526,0.2391416569383052,0.0004542253849767546,False,,
301,1.0,validation,state_OR,sandwich,standard_c1:E2,standard_c1,1.0,2.0,1.9909995955023065,0.8604408829880443,0.8351538878686801,0.025286995119364275,0.004429093154755999,0.009013765838539821,1196,0.038563438726301566,0.8081346426958825,True,0.05,36,paired cluster influence sandwich; asymptotic Bonferroni bounds,,,,,,
301,1.0,validation,state_OR,concentration,standard_c1:E2,standard_c1,1.0,2.0,1.9909995955023065,0.8604408829880443,0.8351538878686801,0.025286995119364275,,,1196,0.25946835657055906,0.7180632071430827,,0.05,36,cluster bounded differences plus within-pair bias; assumption-dependent sensitivity,0.11709068072559738,0.23418136145119475,0.00042881506286559764,False,,
301,1.0,validation,state_OR,sandwich,standard_c1:E8,standard_c1,1.0,8.0,7.998197999765249,0.8604408829880443,0.8348287303909855,0.025612152597058846,0.004428183015402323,0.009031905420225906,1196,0.03888586801260766,0.8077551108519477,True,0.05,36,paired cluster influence sandwich; asymptotic Bonferroni bounds,,,,,,
301,1.0,validation,state_OR,concentration,standard_c1:E8,standard_c1,1.0,8.0,7.998197999765249,0.8604408829880443,0.8348287303909855,0.025612152597058846,,,1196,0.2597935140482536,0.7177380496653881,,0.05,36,cluster bounded differences plus within-pair bias; assumption-dependent sensitivity,0.11709068072559738,0.23418136145119475,0.00042881506286559764,False,,
301,1.0,validation,state_OR,sandwich,standard_c5:E2,standard_c5,5.0,2.0,1.9909995955023065,0.8604408829880443,0.8468737417878642,0.0135671412001801,0.003050603644527154,0.008590167015864033,1196,0.022711488776205144,0.8211242567408344,True,0.05,36,paired cluster influence sandwich; asymptotic Bonferroni bounds,,,,,,
301,1.0,validation,state_OR,concentration,standard_c5:E2,standard_c5,5.0,2.0,1.9909995955023065,0.8604408829880443,0.8468737417878642,0.0135671412001801,,,1196,0.24774850265137485,0.7297830610622669,,0.05,36,cluster bounded differences plus within-pair bias; assumption-dependent sensitivity,0.11709068072559738,0.23418136145119475,0.00042881506286559764,False,,
301,1.0,validation,state_OR,sandwich,standard_c5:E8,standard_c5,5.0,8.0,7.998197999765249,0.8604408829880443,0.8576541306456558,0.0027867523423885654,0.0010782710452243568,0.008335816710034371,1196,0.006018927468247518,0.8326670742434443,True,0.05,36,paired cluster influence sandwich; asymptotic Bonferroni bounds,,,,,,
301,1.0,validation,state_OR,concentration,standard_c5:E8,standard_c5,5.0,8.0,7.998197999765249,0.8604408829880443,0.8576541306456558,0.0027867523423885654,,,1196,0.23696811379358332,0.7405634499200584,,0.05,36,cluster bounded differences plus within-pair bias; assumption-dependent sensitivity,0.11709068072559738,0.23418136145119475,0.00042881506286559764,False,,
301,1.0,validation,state_OR,sandwich,auto_s:E2,auto_s,1.0,2.0,1.9909995955023065,0.8604408829880443,0.827991148733359,0.032449734254685336,0.005231654257003737,0.00922356179661391,1196,0.048131897687964935,0.800343028955984,True,0.05,36,paired cluster influence sandwich; asymptotic Bonferroni bounds,,,,,,
301,1.0,validation,state_OR,concentration,auto_s:E2,auto_s,1.0,2.0,1.9909995955023065,0.8604408829880443,0.827991148733359,0.032449734254685336,,,1196,0.2666310957058801,0.7109004680077616,,0.05,36,cluster bounded differences plus within-pair bias; assumption-dependent sensitivity,0.11709068072559738,0.23418136145119475,0.00042881506286559764,False,,
301,1.0,validation,state_OR,sandwich,auto_s:E8,auto_s,1.0,8.0,7.998197999765249,0.8604408829880443,0.8273441071753963,0.03309677581264803,0.005243738874804301,0.009252410274309567,1196,0.04881516353409106,0.7996095125432621,True,0.05,36,paired cluster influence sandwich; asymptotic Bonferroni bounds,,,,,,
301,1.0,validation,state_OR,concentration,auto_s:E8,auto_s,1.0,8.0,7.998197999765249,0.8604408829880443,0.8273441071753963,0.03309677581264803,,,1196,0.2672781372638428,0.7102534264497989,,0.05,36,cluster bounded differences plus within-pair bias; assumption-dependent sensitivity,0.11709068072559738,0.23418136145119475,0.00042881506286559764,False,,
301,1.0,validation,state_WA,sandwich,standard_c1:E2,standard_c1,1.0,2.0,1.9909995955023065,0.8376565350675785,0.8080374318940589,0.02961910317351968,0.004613508877613913,0.010208196232804745,1241,0.043447296547427135,0.7774401326906323,True,0.05,36,paired cluster influence sandwich; asymptotic Bonferroni bounds,,,,,,
301,1.0,validation,state_WA,concentration,standard_c1:E2,standard_c1,1.0,2.0,1.9909995955023065,0.8376565350675785,0.8080374318940589,0.02961910317351968,,,1241,0.25621995179954893,0.6947370075810442,,0.05,36,cluster bounded differences plus within-pair bias; assumption-dependent sensitivity,0.11330042431301464,0.22660084862602928,0.0003795729752315705,False,,
301,1.0,validation,state_WA,sandwich,standard_c1:E8,standard_c1,1.0,8.0,7.998197999765249,0.8376565350675785,0.8085524927705311,0.02910404229704744,0.004555486804264607,0.010190841720410862,1241,0.04275832456088369,0.7780072107105974,True,0.05,36,paired cluster influence sandwich; asymptotic Bonferroni bounds,,,,,,
301,1.0,validation,state_WA,concentration,standard_c1:E8,standard_c1,1.0,8.0,7.998197999765249,0.8376565350675785,0.8085524927705311,0.02910404229704744,,,1241,0.2557048909230767,0.6952520684575164,,0.05,36,cluster bounded differences plus within-pair bias; assumption-dependent sensitivity,0.11330042431301464,0.22660084862602928,0.0003795729752315705,False,,
301,1.0,validation,state_WA,sandwich,standard_c5:E2,standard_c5,5.0,2.0,1.9909995955023065,0.8376565350675785,0.8221405847285485,0.015515950339030082,0.003133874377302396,0.009726462000160233,1241,0.024909195707896577,0.7929872004065178,True,0.05,36,paired cluster influence sandwich; asymptotic Bonferroni bounds,,,,,,
301,1.0,validation,state_WA,concentration,standard_c5:E2,standard_c5,5.0,2.0,1.9909995955023065,0.8376565350675785,0.8221405847285485,0.015515950339030082,,,1241,0.24211679896505936,0.7088401604155338,,0.05,36,cluster bounded differences plus within-pair bias; assumption-dependent sensitivity,0.11330042431301464,0.22660084862602928,0.0003795729752315705,False,,
301,1.0,validation,state_WA,sandwich,standard_c5:E8,standard_c5,5.0,8.0,7.998197999765249,0.8376565350675785,0.8343820717444637,0.0032744633231148734,0.0010862962609080261,0.009391522385226305,1241,0.0065304481181323,0.8062326108756559,True,0.05,36,paired cluster influence sandwich; asymptotic Bonferroni bounds,,,,,,
301,1.0,validation,state_WA,concentration,standard_c5:E8,standard_c5,5.0,8.0,7.998197999765249,0.8376565350675785,0.8343820717444637,0.0032744633231148734,,,1241,0.22987531194914415,0.721081647431449,,0.05,36,cluster bounded differences plus within-pair bias; assumption-dependent sensitivity,0.11330042431301464,0.22660084862602928,0.0003795729752315705,False,,
301,1.0,validation,state_WA,sandwich,auto_s:E2,auto_s,1.0,2.0,1.9909995955023065,0.8376565350675785,0.7996630384868381,0.03799349658074047,0.005350371747032121,0.010399485077266074,1241,0.05403030871287979,0.7684923841210712,True,0.05,36,paired cluster influence sandwich; asymptotic Bonferroni bounds,,,,,,
301,1.0,validation,state_WA,concentration,auto_s:E2,auto_s,1.0,2.0,1.9909995955023065,0.8376565350675785,0.7996630384868381,0.03799349658074047,,,1241,0.2645943452067697,0.6863626141738234,,0.05,36,cluster bounded differences plus within-pair bias; assumption-dependent sensitivity,0.11330042431301464,0.22660084862602928,0.0003795729752315705,False,,
301,1.0,validation,state_WA,sandwich,auto_s:E8,auto_s,1.0,8.0,7.998197999765249,0.8376565350675785,0.7996682097807785,0.03798832528680007,0.0053131505364083596,0.010399996290177493,1241,0.053913573290253355,0.768496023142899,True,0.05,36,paired cluster influence sandwich; asymptotic Bonferroni bounds,,,,,,
301,1.0,validation,state_WA,concentration,auto_s:E8,auto_s,1.0,8.0,7.998197999765249,0.8376565350675785,0.7996682097807785,0.03798832528680007,,,1241,0.2645891739128293,0.6863677854677638,,0.05,36,cluster bounded differences plus within-pair bias; assumption-dependent sensitivity,0.11330042431301464,0.22660084862602928,0.0003795729752315705,False,,
301,1.0,test,source,evaluation,standard_c1:E2,standard_c1,1.0,2.0,1.9909995955023065,0.8582093519794484,0.8390353059766241,0.01917404600282424,0.004063402987087131,0.009117142986054892,1146,0.03135542275500679,0.8117036940322556,True,0.05,36,paired cluster influence sandwich; asymptotic Bonferroni bounds,,,,,0.018749255686554722,0.0004247903162695188
301,1.0,test,source,evaluation,standard_c1:E8,standard_c1,1.0,8.0,7.998197999765249,0.8582093519794484,0.8394856156110175,0.018723736368430832,0.003991751965025277,0.009091100402362422,1146,0.030690315795024938,0.81223207481159,True,0.05,36,paired cluster influence sandwich; asymptotic Bonferroni bounds,,,,,0.018749255686554722,-2.5519318123889967e-05
301,1.0,test,source,evaluation,standard_c5:E2,standard_c5,5.0,2.0,1.9909995955023065,0.8582093519794484,0.8486130250599704,0.009596326919477982,0.0027538418053767687,0.008801526675841463,1146,0.017851866587536423,0.8222275760229141,True,0.05,36,paired cluster influence sandwich; asymptotic Bonferroni bounds,,,,,0.0006858316745774751,0.008910495244900507
301,1.0,test,source,evaluation,standard_c5:E8,standard_c5,5.0,8.0,7.998197999765249,0.8582093519794484,0.8565410265571037,0.0016683254223446298,0.0009507658877441549,0.008592353271455577,1146,0.00451855650169844,0.8307826430740815,True,0.05,36,paired cluster influence sandwich; asymptotic Bonferroni bounds,,,,,0.0006858316745774751,0.0009824937477671547
301,1.0,test,source,evaluation,auto_s:E2,auto_s,1.0,2.0,1.9909995955023065,0.8582093519794484,0.8317681484884056,0.02644120349104273,0.004827297132900252,0.009329039443251485,1146,0.04091260228103621,0.8038013077503962,True,0.05,36,paired cluster influence sandwich; asymptotic Bonferroni bounds,,,,,0.026160490991680607,0.0002807124993621235
301,1.0,test,source,evaluation,auto_s:E8,auto_s,1.0,8.0,7.998197999765249,0.8582093519794484,0.8320382279385495,0.02617112404089883,0.004775450997038537,0.0093175685772444,1146,0.04048709711602145,0.8041057748654973,True,0.05,36,paired cluster influence sandwich; asymptotic Bonferroni bounds,,,,,0.026160490991680607,1.0633049218222723e-05
301,1.0,test,state_CO,evaluation,standard_c1:E2,standard_c1,1.0,2.0,1.9909995955023065,0.8433756519966771,0.8277606725692505,0.015614979427426623,0.004564876724890921,0.009330888759531695,1208,0.02929815793360791,0.7997914142053143,True,0.05,36,paired cluster influence sandwich; asymptotic Bonferroni bounds,,,,,0.01657438089267571,-0.0009594014652490879
301,1.0,test,state_CO,evaluation,standard_c1:E8,standard_c1,1.0,8.0,7.998197999765249,0.8433756519966771,0.8273859707094322,0.015989681287244872,0.00455206890354265,0.00933711020303065,1208,0.029634468459695706,0.7993980636224105,True,0.05,36,paired cluster influence sandwich; asymptotic Bonferroni bounds,,,,,0.01657438089267571,-0.0005846996054308384
301,1.0,test,state_CO,evaluation,standard_c5:E2,standard_c5,5.0,2.0,1.9909995955023065,0.8433756519966771,0.832066655755019,0.011308996241658043,0.003373944845424669,0.009238850069960126,1208,0.021422366738220386,0.8043732825671307,True,0.05,36,paired cluster influence sandwich; asymptotic Bonferroni bounds,,,,,-0.00010191067066489534,0.011410906912322938
301,1.0,test,state_CO,evaluation,standard_c5:E8,standard_c5,5.0,8.0,7.998197999765249,0.8433756519966771,0.8431908745685525,0.00018477742812461617,0.0012437624274274108,0.00891114213923727,1208,0.003912944548382891,0.8164798030690146,True,0.05,36,paired cluster influence sandwich; asymptotic Bonferroni bounds,,,,,-0.00010191067066489534,0.0002866880987895115
301,1.0,test,state_CO,evaluation,auto_s:E2,auto_s,1.0,2.0,1.9909995955023065,0.8433756519966771,0.8229935178637052,0.020382134132971852,0.005297882750281566,0.009490997324483379,1208,0.036262491861285655,0.7945443354609322,True,0.05,36,paired cluster influence sandwich; asymptotic Bonferroni bounds,,,,,0.021397637937122016,-0.001015503804150164
301,1.0,test,state_CO,evaluation,auto_s:E8,auto_s,1.0,8.0,7.998197999765249,0.8433756519966771,0.8224530824889674,0.020922569507709654,0.0052994328259831,0.009502378316080442,1208,0.036807573574533875,0.793969785662304,True,0.05,36,paired cluster influence sandwich; asymptotic Bonferroni bounds,,,,,0.021397637937122016,-0.00047506842941236194
301,1.0,test,state_UT,evaluation,standard_c1:E2,standard_c1,1.0,2.0,1.9909995955023065,0.8713408900810474,0.8482610827492718,0.023079807331775615,0.004146977285828907,0.008883448472092059,1118,0.035512403474436176,0.8216285936866798,True,0.05,36,paired cluster influence sandwich; asymptotic Bonferroni bounds,,,,,0.02419889821464627,-0.0011190908828706547
301,1.0,test,state_UT,evaluation,standard_c1:E8,standard_c1,1.0,8.0,7.998197999765249,0.8713408900810474,0.8475561708632576,0.023784719217789796,0.004132040240423781,0.008894245991134581,1118,0.03617253424874253,0.8208913109473077,True,0.05,36,paired cluster influence sandwich; asymptotic Bonferroni bounds,,,,,0.02419889821464627,-0.0004141789968564735
301,1.0,test,state_UT,evaluation,standard_c5:E2,standard_c5,5.0,2.0,1.9909995955023065,0.8713408900810474,0.8658019670618096,0.0055389230192378625,0.0028517132887652613,0.008418749691508746,1118,0.01408833074207042,0.8405626402638681,True,0.05,36,paired cluster influence sandwich; asymptotic Bonferroni bounds,,,,,0.0010694816994027967,0.004469441319835066
301,1.0,test,state_UT,evaluation,standard_c5:E8,standard_c5,5.0,8.0,7.998197999765249,0.8713408900810474,0.8706382855989157,0.0007026044821317745,0.0009725397324125108,0.008184273727421516,1118,0.00361826880638406,0.8461019153801237,True,0.05,36,paired cluster influence sandwich; asymptotic Bonferroni bounds,,,,,0.0010694816994027967,-0.0003668772172710222
301,1.0,test,state_UT,evaluation,auto_s:E2,auto_s,1.0,2.0,1.9909995955023065,0.8713408900810474,0.8431617201695941,0.028179169911453306,0.004896798606702182,0.009043209185580976,1118,0.04285972282335631,0.8160502700967602,True,0.05,36,paired cluster influence sandwich; asymptotic Bonferroni bounds,,,,,0.02938017363214196,-0.0012010037206886537
301,1.0,test,state_UT,evaluation,auto_s:E8,auto_s,1.0,8.0,7.998197999765249,0.8713408900810474,0.8425012258083123,0.0288396642727351,0.0048923881775784816,0.009050954848923404,1118,0.04350699476253847,0.815366554314777,True,0.05,36,paired cluster influence sandwich; asymptotic Bonferroni bounds,,,,,0.02938017363214196,-0.00054050935940686
302,1.0,validation,source,sandwich,standard_c1:E2,standard_c1,1.0,2.0,1.9909995955023065,0.8762771034339663,0.8553869696026559,0.02089013383131033,0.004095262336091138,0.008393688856614298,1175,0.03316635951093628,0.8302255000234662,True,0.05,36,paired cluster influence sandwich; asymptotic Bonferroni bounds,,,,,,
302,1.0,validation,source,concentration,standard_c1:E2,standard_c1,1.0,2.0,1.9909995955023065,0.8762771034339663,0.8553869696026559,0.02089013383131033,,,1175,0.2571191968306798,0.7372724381029712,,0.05,36,cluster bounded differences plus within-pair bias; assumption-dependent sensitivity,0.11811453149968473,0.23622906299936947,0.00039319431476294225,False,,
302,1.0,validation,source,sandwich,standard_c1:E8,standard_c1,1.0,8.0,7.998197999765249,0.8762771034339663,0.8557075422761697,0.020569561157796512,0.003987970084819533,0.008354875971833922,1175,0.032524160581961975,0.8306624207337449,True,0.05,36,paired cluster influence sandwich; asymptotic Bonferroni bounds,,,,,,
302,1.0,validation,source,concentration,standard_c1:E8,standard_c1,1.0,8.0,7.998197999765249,0.8762771034339663,0.8557075422761697,0.020569561157796512,,,1175,0.256798624157166,0.737593010776485,,0.05,36,cluster bounded differences plus within-pair bias; assumption-dependent sensitivity,0.11811453149968473,0.23622906299936947,0.00039319431476294225,False,,
302,1.0,validation,source,sandwich,standard_c5:E2,standard_c5,5.0,2.0,1.9909995955023065,0.8762771034339663,0.8689412802157901,0.007335823218176163,0.002937048324748261,0.007956695547067934,1175,0.01614011097987099,0.8450897703041899,True,0.05,36,paired cluster influence sandwich; asymptotic Bonferroni bounds,,,,,,
302,1.0,validation,source,concentration,standard_c5:E2,standard_c5,5.0,2.0,1.9909995955023065,0.8762771034339663,0.8689412802157901,0.007335823218176163,,,1175,0.24356488621754563,0.7508267487161053,,0.05,36,cluster bounded differences plus within-pair bias; assumption-dependent sensitivity,0.11811453149968473,0.23622906299936947,0.00039319431476294225,False,,
302,1.0,validation,source,sandwich,standard_c5:E8,standard_c5,5.0,8.0,7.998197999765249,0.8762771034339663,0.8758361863263824,0.00044091710758387137,0.0009998355260916307,0.007692165227975523,1175,0.0034380893406388913,0.8527776497653934,True,0.05,36,paired cluster influence sandwich; asymptotic Bonferroni bounds,,,,,,
302,1.0,validation,source,concentration,standard_c5:E8,standard_c5,5.0,8.0,7.998197999765249,0.8762771034339663,0.8758361863263824,0.00044091710758387137,,,1175,0.23666998010695334,0.7577216548266976,,0.05,36,cluster bounded differences plus within-pair bias; assumption-dependent sensitivity,0.11811453149968473,0.23622906299936947,0.00039319431476294225,False,,
302,1.0,validation,source,sandwich,auto_s:E2,auto_s,1.0,2.0,1.9909995955023065,0.8762771034339663,0.8479515509907666,0.028325552443199675,0.004764590874962739,0.008608313825462266,1175,0.04260820103854166,0.8221467075962194,True,0.05,36,paired cluster influence sandwich; asymptotic Bonferroni bounds,,,,,,
302,1.0,validation,source,concentration,auto_s:E2,auto_s,1.0,2.0,1.9909995955023065,0.8762771034339663,0.8479515509907666,0.028325552443199675,,,1175,0.26455461544256914,0.7298370194910818,,0.05,36,cluster bounded differences plus within-pair bias; assumption-dependent sensitivity,0.11811453149968473,0.23622906299936947,0.00039319431476294225,False,,
302,1.0,validation,source,sandwich,auto_s:E8,auto_s,1.0,8.0,7.998197999765249,0.8762771034339663,0.8477533976553586,0.028523705778607633,0.00474050747054907,0.008586915056701644,1175,0.04273416038893666,0.8220127006067627,True,0.05,36,paired cluster influence sandwich; asymptotic Bonferroni bounds,,,,,,
302,1.0,validation,source,concentration,auto_s:E8,auto_s,1.0,8.0,7.998197999765249,0.8762771034339663,0.8477533976553586,0.028523705778607633,,,1175,0.2647527687779771,0.7296388661556739,,0.05,36,cluster bounded differences plus within-pair bias; assumption-dependent sensitivity,0.11811453149968473,0.23622906299936947,0.00039319431476294225,False,,
302,1.0,validation,state_OR,sandwich,standard_c1:E2,standard_c1,1.0,2.0,1.9909995955023065,0.8586956044583164,0.8212843339961983,0.03741127046211812,0.005017601701374857,0.009769646296598582,1240,0.05245068643519264,0.7920014647473113,True,0.05,36,paired cluster influence sandwich; asymptotic Bonferroni bounds,,,,,,
302,1.0,validation,state_OR,concentration,standard_c1:E2,standard_c1,1.0,2.0,1.9909995955023065,0.8586956044583164,0.8212843339961983,0.03741127046211812,,,1240,0.26842142742261743,0.7057792555159486,,0.05,36,cluster bounded differences plus within-pair bias; assumption-dependent sensitivity,0.11550507848024968,0.23101015696049937,0.0003775258012546148,False,,
302,1.0,validation,state_OR,sandwich,standard_c1:E8,standard_c1,1.0,8.0,7.998197999765249,0.8586956044583164,0.8214204188780461,0.03727518558027032,0.004899390142839166,0.009750956193695816,1240,0.05196028231729298,0.7921935700645908,True,0.05,36,paired cluster influence sandwich; asymptotic Bonferroni bounds,,,,,,
302,1.0,validation,state_OR,concentration,standard_c1:E8,standard_c1,1.0,8.0,7.998197999765249,0.8586956044583164,0.8214204188780461,0.03727518558027032,,,1240,0.26828534254076963,0.7059153403977964,,0.05,36,cluster bounded differences plus within-pair bias; assumption-dependent sensitivity,0.11550507848024968,0.23101015696049937,0.0003775258012546148,False,,
302,1.0,validation,state_OR,sandwich,standard_c5:E2,standard_c5,5.0,2.0,1.9909995955023065,0.8586956044583164,0.8442541451016027,0.014441459356713704,0.003746505817179761,0.008948544983877656,1240,0.02567097951066912,0.8174323887375156,True,0.05,36,paired cluster influence sandwich; asymptotic Bonferroni bounds,,,,,,
302,1.0,validation,state_OR,concentration,standard_c5:E2,standard_c5,5.0,2.0,1.9909995955023065,0.8586956044583164,0.8442541451016027,0.014441459356713704,,,1240,0.24545161631721307,0.728749066621353,,0.05,36,cluster bounded differences plus within-pair bias; assumption-dependent sensitivity,0.11550507848024968,0.23101015696049937,0.0003775258012546148,False,,
302,1.0,validation,state_OR,sandwich,standard_c5:E8,standard_c5,5.0,8.0,7.998197999765249,0.8586956044583164,0.8576903322666034,0.0010052721917129803,0.0012628711048554289,0.00852214576446756,1240,0.004790515620080929,0.8321466357432457,True,0.05,36,paired cluster influence sandwich; asymptotic Bonferroni bounds,,,,,,
302,1.0,validation,state_OR,concentration,standard_c5:E8,standard_c5,5.0,8.0,7.998197999765249,0.8586956044583164,0.8576903322666034,0.0010052721917129803,,,1240,0.23201542915221235,0.7421852537863537,,0.05,36,cluster bounded differences plus within-pair bias; assumption-dependent sensitivity,0.11550507848024968,0.23101015696049937,0.0003775258012546148,False,,
302,1.0,validation,state_OR,sandwich,auto_s:E2,auto_s,1.0,2.0,1.9909995955023065,0.8586956044583164,0.8107289759832133,0.047966628475103135,0.005827028416779761,0.010052525438431182,1240,0.06543216469390346,0.7805982241527014,True,0.05,36,paired cluster influence sandwich; asymptotic Bonferroni bounds,,,,,,
302,1.0,validation,state_OR,concentration,auto_s:E2,auto_s,1.0,2.0,1.9909995955023065,0.8586956044583164,0.8107289759832133,0.047966628475103135,,,1240,0.27897678543560245,0.6952238975029635,,0.05,36,cluster bounded differences plus within-pair bias; assumption-dependent sensitivity,0.11550507848024968,0.23101015696049937,0.0003775258012546148,False,,
302,1.0,validation,state_OR,sandwich,auto_s:E8,auto_s,1.0,8.0,7.998197999765249,0.8586956044583164,0.8101989034192424,0.048496701039074,0.00579808523222308,0.010051274179504367,1240,0.0658754849371363,0.780071902026611,True,0.05,36,paired cluster influence sandwich; asymptotic Bonferroni bounds,,,,,,
302,1.0,validation,state_OR,concentration,auto_s:E8,auto_s,1.0,8.0,7.998197999765249,0.8586956044583164,0.8101989034192424,0.048496701039074,,,1240,0.2795068579995733,0.6946938249389927,,0.05,36,cluster bounded differences plus within-pair bias; assumption-dependent sensitivity,0.11550507848024968,0.23101015696049937,0.0003775258012546148,False,,
302,1.0,validation,state_WA,sandwich,standard_c1:E2,standard_c1,1.0,2.0,1.9909995955023065,0.8675574279777433,0.8435728019791068,0.02398462599863649,0.0047011529367932325,0.00878525577191246,1160,0.03807749595668675,0.817236822527601,True,0.05,36,paired cluster influence sandwich; asymptotic Bonferroni bounds,,,,,,
302,1.0,validation,state_WA,concentration,standard_c1:E2,standard_c1,1.0,2.0,1.9909995955023065,0.8675574279777433,0.8435728019791068,0.02398462599863649,,,1160,0.2587179757850773,0.7262061270858864,,0.05,36,cluster bounded differences plus within-pair bias; assumption-dependent sensitivity,0.1173666748932204,0.2347333497864408,0.0004827338452557366,False,,
302,1.0,validation,state_WA,sandwich,standard_c1:E8,standard_c1,1.0,8.0,7.998197999765249,0.8675574279777433,0.8440790091403052,0.023478418837438064,0.0046146161400903735,0.008763273428403825,1160,0.03731187332040882,0.8178089272064095,True,0.05,36,paired cluster influence sandwich; asymptotic Bonferroni bounds,,,,,,
302,1.0,validation,state_WA,concentration,standard_c1:E8,standard_c1,1.0,8.0,7.998197999765249,0.8675574279777433,0.8440790091403052,0.023478418837438064,,,1160,0.2582117686238789,0.7267123342470848,,0.05,36,cluster bounded differences plus within-pair bias; assumption-dependent sensitivity,0.1173666748932204,0.2347333497864408,0.0004827338452557366,False,,
302,1.0,validation,state_WA,sandwich,standard_c5:E2,standard_c5,5.0,2.0,1.9909995955023065,0.8675574279777433,0.8547940675786561,0.012763360399087209,0.0032348467942248903,0.00829339708219402,1160,0.022460614629732166,0.8299325563363609,True,0.05,36,paired cluster influence sandwich; asymptotic Bonferroni bounds,,,,,,
302,1.0,validation,state_WA,concentration,standard_c5:E2,standard_c5,5.0,2.0,1.9909995955023065,0.8675574279777433,0.8547940675786561,0.012763360399087209,,,1160,0.24749671018552802,0.7374273926854357,,0.05,36,cluster bounded differences plus within-pair bias; assumption-dependent sensitivity,0.1173666748932204,0.2347333497864408,0.0004827338452557366,False,,
302,1.0,validation,state_WA,sandwich,standard_c5:E8,standard_c5,5.0,8.0,7.998197999765249,0.8675574279777433,0.8675125225037659,4.490547397739686e-05,0.00106917896583594,0.007890902094665553,1160,0.0032500341583649047,0.8438575896464477,True,0.05,36,paired cluster influence sandwich; asymptotic Bonferroni bounds,,,,,,
302,1.0,validation,state_WA,concentration,standard_c5:E8,standard_c5,5.0,8.0,7.998197999765249,0.8675574279777433,0.8675125225037659,4.490547397739686e-05,,,1160,0.2347782552604182,0.7501458476105455,,0.05,36,cluster bounded differences plus within-pair bias; assumption-dependent sensitivity,0.1173666748932204,0.2347333497864408,0.0004827338452557366,False,,
302,1.0,validation,state_WA,sandwich,auto_s:E2,auto_s,1.0,2.0,1.9909995955023065,0.8675574279777433,0.8361072669303843,0.03145016104735898,0.005427993220321709,0.009025001278090153,1160,0.047721914724734985,0.8090525909618718,True,0.05,36,paired cluster influence sandwich; asymptotic Bonferroni bounds,,,,,,
302,1.0,validation,state_WA,concentration,auto_s:E2,auto_s,1.0,2.0,1.9909995955023065,0.8675574279777433,0.8361072669303843,0.03145016104735898,,,1160,0.2661835108337998,0.7187405920371639,,0.05,36,cluster bounded differences plus within-pair bias; assumption-dependent sensitivity,0.1173666748932204,0.2347333497864408,0.0004827338452557366,False,,
302,1.0,validation,state_WA,sandwich,auto_s:E8,auto_s,1.0,8.0,7.998197999765249,0.8675574279777433,0.8360786907196714,0.03147873725807182,0.0054054967800468085,0.00902303956838744,1160,0.04768305228548775,0.8090298954617223,True,0.05,36,paired cluster influence sandwich; asymptotic Bonferroni bounds,,,,,,
302,1.0,validation,state_WA,concentration,auto_s:E8,auto_s,1.0,8.0,7.998197999765249,0.8675574279777433,0.8360786907196714,0.03147873725807182,,,1160,0.26621208704451266,0.7187120158264511,,0.05,36,cluster bounded differences plus within-pair bias; assumption-dependent sensitivity,0.1173666748932204,0.2347333497864408,0.0004827338452557366,False,,
302,1.0,test,source,evaluation,standard_c1:E2,standard_c1,1.0,2.0,1.9909995955023065,0.8667784163473818,0.8352448955897231,0.031533520757658695,0.004444142750490531,0.009436627593564343,1144,0.044856339951724125,0.8069554165407188,True,0.05,36,paired cluster influence sandwich; asymptotic Bonferroni bounds,,,,,0.03174914166293474,-0.00021562090527604827
302,1.0,test,source,evaluation,standard_c1:E8,standard_c1,1.0,8.0,7.998197999765249,0.8667784163473818,0.8353547793202966,0.03142363702708528,0.004357677813126159,0.009413683731929518,1144,0.04448724836222121,0.8071340822473304,True,0.05,36,paired cluster influence sandwich; asymptotic Bonferroni bounds,,,,,0.03174914166293474,-0.00032550463584946066
302,1.0,test,source,evaluation,standard_c5:E2,standard_c5,5.0,2.0,1.9909995955023065,0.8667784163473818,0.8547378547378548,0.012040561609527045,0.0030365371719624744,0.008812023280516007,1144,0.02114360757123687,0.8283208381181137,True,0.05,36,paired cluster influence sandwich; asymptotic Bonferroni bounds,,,,,0.00047167073029152906,0.011568890879235516
302,1.0,test,source,evaluation,standard_c5:E8,standard_c5,5.0,8.0,7.998197999765249,0.8667784163473818,0.8657096415717106,0.001068774775671244,0.0010042735257291319,0.008310962943274401,1144,0.004079423928018798,0.8407947225787055,True,0.05,36,paired cluster influence sandwich; asymptotic Bonferroni bounds,,,,,0.00047167073029152906,0.000597104045379715
302,1.0,test,source,evaluation,auto_s:E2,auto_s,1.0,2.0,1.9909995955023065,0.8667784163473818,0.8258653862102137,0.04091303013716818,0.005192961966292401,0.009739191634410869,1144,0.056480687893196775,0.796668869238006,True,0.05,36,paired cluster influence sandwich; asymptotic Bonferroni bounds,,,,,0.04194241263206766,-0.0010293824948994779
302,1.0,test,source,evaluation,auto_s:E8,auto_s,1.0,8.0,7.998197999765249,0.8667784163473818,0.8253113026819923,0.04146711366538958,0.005175302331851646,0.009742747148721672,1144,0.05698183070148709,0.7961041268545308,True,0.05,36,paired cluster influence sandwich; asymptotic Bonferroni bounds,,,,,0.04194241263206766,-0.0004752989666780838
302,1.0,test,state_CO,evaluation,standard_c1:E2,standard_c1,1.0,2.0,1.9909995955023065,0.8418149982677742,0.8228239756718487,0.018991022595925444,0.004964121611446605,0.009591073959982151,1201,0.03387111335701261,0.7940744682682126,True,0.05,36,paired cluster influence sandwich; asymptotic Bonferroni bounds,,,,,0.01926464147084206,-0.00027361887491661463
302,1.0,test,state_CO,evaluation,standard_c1:E8,standard_c1,1.0,8.0,7.998197999765249,0.8418149982677742,0.8229488207858792,0.018866177481895008,0.004902323850808639,0.009569842020482331,1201,0.03356102775954911,0.7942629567035635,True,0.05,36,paired cluster influence sandwich; asymptotic Bonferroni bounds,,,,,0.01926464147084206,-0.00039846398894705093
302,1.0,test,state_CO,evaluation,standard_c5:E2,standard_c5,5.0,2.0,1.9909995955023065,0.8418149982677742,0.832329890729314,0.009485107538460213,0.00364656931315312,0.009458373773121306,1201,0.020415799127722328,0.8039781557774948,True,0.05,36,paired cluster influence sandwich; asymptotic Bonferroni bounds,,,,,-0.0004005447408473861,0.0098856522793076
302,1.0,test,state_CO,evaluation,standard_c5:E8,standard_c5,5.0,8.0,7.998197999765249,0.8418149982677742,0.8432579997107754,-0.0014430014430012461,0.0011858602119788288,0.009036995322329605,1201,0.0021116470860594394,0.8161693582291261,True,0.05,36,paired cluster influence sandwich; asymptotic Bonferroni bounds,,,,,-0.0004005447408473861,-0.00104245670215386
302,1.0,test,state_CO,evaluation,auto_s:E2,auto_s,1.0,2.0,1.9909995955023065,0.8418149982677742,0.8162774100048793,0.025537588262894872,0.005731838452901551,0.009743382703135796,1201,0.04271893132475631,0.7870713529638195,True,0.05,36,paired cluster influence sandwich; asymptotic Bonferroni bounds,,,,,0.02611135559945943,-0.0005737673365645568
302,1.0,test,state_CO,evaluation,auto_s:E8,auto_s,1.0,8.0,7.998197999765249,0.8418149982677742,0.8159788221071567,0.025836176160617508,0.005733689447107009,0.009731462443517826,1201,0.043023067628406776,0.7868084963714304,True,0.05,36,paired cluster influence sandwich; asymptotic Bonferroni bounds,,,,,0.02611135559945943,-0.00027517943884192153
302,1.0,test,state_UT,evaluation,standard_c1:E2,standard_c1,1.0,2.0,1.9909995955023065,0.8723353081168665,0.8517002011609331,0.020635106955933402,0.0044839355939259,0.008800251885451589,1139,0.03407734738320378,0.825318220602375,True,0.05,36,paired cluster influence sandwich; asymptotic Bonferroni bounds,,,,,0.021807778529637778,-0.0011726715737043758
302,1.0,test,state_UT,evaluation,standard_c1:E8,standard_c1,1.0,8.0,7.998197999765249,0.8723353081168665,0.8511386077085605,0.021196700408306013,0.00437379821474607,0.008794280118181017,1139,0.03430876367313671,0.8247745297112112,True,0.05,36,paired cluster influence sandwich; asymptotic Bonferroni bounds,,,,,0.021807778529637778,-0.0006110781213317651
302,1.0,test,state_UT,evaluation,standard_c5:E2,standard_c5,5.0,2.0,1.9909995955023065,0.8723353081168665,0.8710291430175982,0.001306165099268397,0.0033436675221496133,0.008124915447496961,1139,0.011330034042095425,0.8466717309610007,True,0.05,36,paired cluster influence sandwich; asymptotic Bonferroni bounds,,,,,0.0002577806010888306,0.0010483844981795665
302,1.0,test,state_UT,evaluation,standard_c5:E8,standard_c5,5.0,8.0,7.998197999765249,0.8723353081168665,0.8749131141277579,-0.0025778060108913037,0.0010832858704775245,0.007883954821471742,1139,0.000669740439630796,0.851278069866301,True,0.05,36,paired cluster influence sandwich; asymptotic Bonferroni bounds,,,,,0.0002577806010888306,-0.0028355866119801343
302,1.0,test,state_UT,evaluation,auto_s:E2,auto_s,1.0,2.0,1.9909995955023065,0.8723353081168665,0.8466107604988056,0.025724547618060978,0.005180955652830754,0.009012109553941437,1139,0.04125636114872773,0.8195936589273455,True,0.05,36,paired cluster influence sandwich; asymptotic Bonferroni bounds,,,,,0.026793646628828105,-0.0010690990107671272
302,1.0,test,state_UT,evaluation,auto_s:E8,auto_s,1.0,8.0,7.998197999765249,0.8723353081168665,0.8460180952775515,0.026317212839315096,0.005146499326733834,0.009013437220771466,1139,0.04174573090332469,0.8189970135381424,True,0.05,36,paired cluster influence sandwich; asymptotic Bonferroni bounds,,,,,0.026793646628828105,-0.00047643378951300885
303,1.0,validation,source,sandwich,standard_c1:E2,standard_c1,1.0,2.0,1.9909995955023065,0.8917929630904279,0.8683001287395002,0.02349283435092764,0.003435953379538934,0.008397270506143497,1131,0.03379352364062871,0.843125842359351,True,0.05,36,paired cluster influence sandwich; asymptotic Bonferroni bounds,,,,,,
303,1.0,validation,source,concentration,standard_c1:E2,standard_c1,1.0,2.0,1.9909995955023065,0.8917929630904279,0.8683001287395002,0.02349283435092764,,,1131,0.264978385686012,0.747557353071958,,0.05,36,cluster bounded differences plus within-pair bias; assumption-dependent sensitivity,0.1207427756675422,0.2414855513350844,0.000419571803075302,False,,
303,1.0,validation,source,sandwich,standard_c1:E8,standard_c1,1.0,8.0,7.998197999765249,0.8917929630904279,0.8701611155723808,0.02163184751804703,0.003292508943994688,0.008323688277013143,1131,0.03150250287024569,0.845207422313206,True,0.05,36,paired cluster influence sandwich; asymptotic Bonferroni bounds,,,,,,
303,1.0,validation,source,concentration,standard_c1:E8,standard_c1,1.0,8.0,7.998197999765249,0.8917929630904279,0.8701611155723808,0.02163184751804703,,,1131,0.2631173988531314,0.7494183399048386,,0.05,36,cluster bounded differences plus within-pair bias; assumption-dependent sensitivity,0.1207427756675422,0.2414855513350844,0.000419571803075302,False,,
303,1.0,validation,source,sandwich,standard_c5:E2,standard_c5,5.0,2.0,1.9909995955023065,0.8917929630904279,0.8734231535654043,0.01836980952502354,0.003064267221504927,0.008309458090481175,1131,0.027556216051171863,0.8485121211673673,True,0.05,36,paired cluster influence sandwich; asymptotic Bonferroni bounds,,,,,,
303,1.0,validation,source,concentration,standard_c5:E2,standard_c5,5.0,2.0,1.9909995955023065,0.8917929630904279,0.8734231535654043,0.01836980952502354,,,1131,0.2598553608601079,0.7526803778978621,,0.05,36,cluster bounded differences plus within-pair bias; assumption-dependent sensitivity,0.1207427756675422,0.2414855513350844,0.000419571803075302,False,,
303,1.0,validation,source,sandwich,standard_c5:E8,standard_c5,5.0,8.0,7.998197999765249,0.8917929630904279,0.888743366516683,0.003049596573744928,0.0009481332040248374,0.007655857514733482,1131,0.0058920174279007385,0.8657917717787837,True,0.05,36,paired cluster influence sandwich; asymptotic Bonferroni bounds,,,,,,
303,1.0,validation,source,concentration,standard_c5:E8,standard_c5,5.0,8.0,7.998197999765249,0.8917929630904279,0.888743366516683,0.003049596573744928,,,1131,0.24453514790882933,0.7680005908491407,,0.05,36,cluster bounded differences plus within-pair bias; assumption-dependent sensitivity,0.1207427756675422,0.2414855513350844,0.000419571803075302,False,,
303,1.0,validation,source,sandwich,auto_s:E2,auto_s,1.0,2.0,1.9909995955023065,0.8917929630904279,0.8612035231284974,0.03058943996193053,0.004069586810948377,0.008611048386413968,1131,0.042789707150267586,0.835388349262857,True,0.05,36,paired cluster influence sandwich; asymptotic Bonferroni bounds,,,,,,
303,1.0,validation,source,concentration,auto_s:E2,auto_s,1.0,2.0,1.9909995955023065,0.8917929630904279,0.8612035231284974,0.03058943996193053,,,1131,0.2720749912970149,0.7404607474609551,,0.05,36,cluster bounded differences plus within-pair bias; assumption-dependent sensitivity,0.1207427756675422,0.2414855513350844,0.000419571803075302,False,,
303,1.0,validation,source,sandwich,auto_s:E8,auto_s,1.0,8.0,7.998197999765249,0.8917929630904279,0.8622189931126492,0.029573969977778725,0.003993483577686297,0.008572953570611273,1131,0.041546086294092156,0.8365180241903788,True,0.05,36,paired cluster influence sandwich; asymptotic Bonferroni bounds,,,,,,
303,1.0,validation,source,concentration,auto_s:E8,auto_s,1.0,8.0,7.998197999765249,0.8917929630904279,0.8622189931126492,0.029573969977778725,,,1131,0.2710595213128631,0.7414762174451069,,0.05,36,cluster bounded differences plus within-pair bias; assumption-dependent sensitivity,0.1207427756675422,0.2414855513350844,0.000419571803075302,False,,
303,1.0,validation,state_OR,sandwich,standard_c1:E2,standard_c1,1.0,2.0,1.9909995955023065,0.841712616115499,0.8169033006832581,0.024809315432240853,0.004684447581496364,0.00981029090183042,1231,0.038850364617344854,0.7874981734667895,True,0.05,36,paired cluster influence sandwich; asymptotic Bonferroni bounds,,,,,,
303,1.0,validation,state_OR,concentration,standard_c1:E2,standard_c1,1.0,2.0,1.9909995955023065,0.841712616115499,0.8169033006832581,0.024809315432240853,,,1231,0.2573827484061053,0.7006165841963259,,0.05,36,cluster bounded differences plus within-pair bias; assumption-dependent sensitivity,0.11628671648693223,0.23257343297386446,0.00042449613663356504,False,,
303,1.0,validation,state_OR,sandwich,standard_c1:E8,standard_c1,1.0,8.0,7.998197999765249,0.841712616115499,0.8179667989830156,0.02374581713248336,0.00457060901834657,0.009778173012670125,1231,0.03744564937865488,0.7886579411459297,True,0.05,36,paired cluster influence sandwich; asymptotic Bonferroni bounds,,,,,,
303,1.0,validation,state_OR,concentration,standard_c1:E8,standard_c1,1.0,8.0,7.998197999765249,0.841712616115499,0.8179667989830156,0.02374581713248336,,,1231,0.2563192501063478,0.7016800824960834,,0.05,36,cluster bounded differences plus within-pair bias; assumption-dependent sensitivity,0.11628671648693223,0.23257343297386446,0.00042449613663356504,False,,
303,1.0,validation,state_OR,sandwich,standard_c5:E2,standard_c5,5.0,2.0,1.9909995955023065,0.841712616115499,0.8229128563622486,0.018799759753250322,0.0038813546464148896,0.00963943377597042,1231,0.030433637717946195,0.7940198521370377,True,0.05,36,paired cluster influence sandwich; asymptotic Bonferroni bounds,,,,,,
303,1.0,validation,state_OR,concentration,standard_c5:E2,standard_c5,5.0,2.0,1.9909995955023065,0.841712616115499,0.8229128563622486,0.018799759753250322,,,1231,0.2513731927271148,0.7066261398753164,,0.05,36,cluster bounded differences plus within-pair bias; assumption-dependent sensitivity,0.11628671648693223,0.23257343297386446,0.00042449613663356504,False,,
303,1.0,validation,state_OR,sandwich,standard_c5:E8,standard_c5,5.0,8.0,7.998197999765249,0.841712616115499,0.8374473331256014,0.00426528298989759,0.0011850372502672068,0.0091978280398988,1231,0.00781728480605777,0.8098779871872498,True,0.05,36,paired cluster influence sandwich; asymptotic Bonferroni bounds,,,,,,
303,1.0,validation,state_OR,concentration,standard_c5:E8,standard_c5,5.0,8.0,7.998197999765249,0.841712616115499,0.8374473331256014,0.00426528298989759,,,1231,0.23683871596376205,0.7211606166386691,,0.05,36,cluster bounded differences plus within-pair bias; assumption-dependent sensitivity,0.11628671648693223,0.23257343297386446,0.00042449613663356504,False,,
303,1.0,validation,state_OR,sandwich,auto_s:E2,auto_s,1.0,2.0,1.9909995955023065,0.841712616115499,0.8114875880039198,0.030225028111579122,0.005513143471717886,0.009999445946039392,1231,0.04674999019178208,0.7815154920610128,True,0.05,36,paired cluster influence sandwich; asymptotic Bonferroni bounds,,,,,,
303,1.0,validation,state_OR,concentration,auto_s:E2,auto_s,1.0,2.0,1.9909995955023065,0.841712616115499,0.8114875880039198,0.030225028111579122,,,1231,0.2627984610854436,0.6952008715169876,,0.05,36,cluster bounded differences plus within-pair bias; assumption-dependent sensitivity,0.11628671648693223,0.23257343297386446,0.00042449613663356504,False,,
303,1.0,validation,state_OR,sandwich,auto_s:E8,auto_s,1.0,8.0,7.998197999765249,0.841712616115499,0.8115017002425048,0.030210915872994182,0.005462660014997794,0.010002283419778784,1231,0.04658456006853539,0.781521099324861,True,0.05,36,paired cluster influence sandwich; asymptotic Bonferroni bounds,,,,,,
303,1.0,validation,state_OR,concentration,auto_s:E8,auto_s,1.0,8.0,7.998197999765249,0.841712616115499,0.8115017002425048,0.030210915872994182,,,1231,0.26278434884685864,0.6952149837555726,,0.05,36,cluster bounded differences plus within-pair bias; assumption-dependent sensitivity,0.11628671648693223,0.23257343297386446,0.00042449613663356504,False,,
303,1.0,validation,state_WA,sandwich,standard_c1:E2,standard_c1,1.0,2.0,1.9909995955023065,0.8472811990370428,0.8112557272656674,0.036025471771375384,0.004416494986215756,0.009534650835759361,1201,0.04926403669477295,0.7826753497253134,True,0.05,36,paired cluster influence sandwich; asymptotic Bonferroni bounds,,,,,,
303,1.0,validation,state_WA,concentration,standard_c1:E2,standard_c1,1.0,2.0,1.9909995955023065,0.8472811990370428,0.8112557272656674,0.036025471771375384,,,1201,0.2676813549932075,0.6954277856547514,,0.05,36,cluster bounded differences plus within-pair bias; assumption-dependent sensitivity,0.11582794161091603,0.23165588322183206,0.0004245295229220056,False,,
303,1.0,validation,state_WA,sandwich,standard_c1:E8,standard_c1,1.0,8.0,7.998197999765249,0.8472811990370428,0.8141875695684813,0.033093629468561536,0.004255370226909266,0.009474858434146426,1201,0.045849218504178585,0.7857864213928495,True,0.05,36,paired cluster influence sandwich; asymptotic Bonferroni bounds,,,,,,
303,1.0,validation,state_WA,concentration,standard_c1:E8,standard_c1,1.0,8.0,7.998197999765249,0.8472811990370428,0.8141875695684813,0.033093629468561536,,,1201,0.26474951269039365,0.6983596279575652,,0.05,36,cluster bounded differences plus within-pair bias; assumption-dependent sensitivity,0.11582794161091603,0.23165588322183206,0.0004245295229220056,False,,
303,1.0,validation,state_WA,sandwich,standard_c5:E2,standard_c5,5.0,2.0,1.9909995955023065,0.8472811990370428,0.8250047889001061,0.02227641013693671,0.003695472613226949,0.009208159009982,1201,0.0333536907102272,0.7974030795674603,True,0.05,36,paired cluster influence sandwich; asymptotic Bonferroni bounds,,,,,,
303,1.0,validation,state_WA,concentration,standard_c5:E2,standard_c5,5.0,2.0,1.9909995955023065,0.8472811990370428,0.8250047889001061,0.02227641013693671,,,1201,0.2539322933587688,0.7091768472891901,,0.05,36,cluster bounded differences plus within-pair bias; assumption-dependent sensitivity,0.11582794161091603,0.23165588322183206,0.0004245295229220056,False,,
303,1.0,validation,state_WA,sandwich,standard_c5:E8,standard_c5,5.0,8.0,7.998197999765249,0.8472811990370428,0.8423079909916906,0.004973208045352173,0.0011449461536491752,0.008717442532472036,1201,0.008405215561762033,0.8161772177671514,True,0.05,36,paired cluster influence sandwich; asymptotic Bonferroni bounds,,,,,,
303,1.0,validation,state_WA,concentration,standard_c5:E8,standard_c5,5.0,8.0,7.998197999765249,0.8472811990370428,0.8423079909916906,0.004973208045352173,,,1201,0.23662909126718423,0.7264800493807746,,0.05,36,cluster bounded differences plus within-pair bias; assumption-dependent sensitivity,0.11582794161091603,0.23165588322183206,0.0004245295229220056,False,,
303,1.0,validation,state_WA,sandwich,auto_s:E2,auto_s,1.0,2.0,1.9909995955023065,0.8472811990370428,0.8052072170018896,0.04207398203515322,0.005124177978931409,0.009686694426583318,1201,0.05743384615021544,0.7761710846254966,True,0.05,36,paired cluster influence sandwich; asymptotic Bonferroni bounds,,,,,,
303,1.0,validation,state_WA,concentration,auto_s:E2,auto_s,1.0,2.0,1.9909995955023065,0.8472811990370428,0.8052072170018896,0.04207398203515322,,,1201,0.27372986525698534,0.6893792753909735,,0.05,36,cluster bounded differences plus within-pair bias; assumption-dependent sensitivity,0.11582794161091603,0.23165588322183206,0.0004245295229220056,False,,
303,1.0,validation,state_WA,sandwich,auto_s:E8,auto_s,1.0,8.0,7.998197999765249,0.8472811990370428,0.8069534829541042,0.040327716082938614,0.005037701088834567,0.009662044564732014,1201,0.05542836334674352,0.7779912392150785,True,0.05,36,paired cluster influence sandwich; asymptotic Bonferroni bounds,,,,,,
303,1.0,validation,state_WA,concentration,auto_s:E8,auto_s,1.0,8.0,7.998197999765249,0.8472811990370428,0.8069534829541042,0.040327716082938614,,,1201,0.27198359930477073,0.6911255413431882,,0.05,36,cluster bounded differences plus within-pair bias; assumption-dependent sensitivity,0.11582794161091603,0.23165588322183206,0.0004245295229220056,False,,
303,1.0,test,source,evaluation,standard_c1:E2,standard_c1,1.0,2.0,1.9909995955023065,0.8799892764068481,0.8536021713197918,0.02638710508705633,0.003494197838469678,0.008658169512634078,1152,0.03686198479783364,0.827646776590316,True,0.05,36,paired cluster influence sandwich; asymptotic Bonferroni bounds,,,,,0.02324172558408244,0.0031453795029738885
303,1.0,test,source,evaluation,standard_c1:E8,standard_c1,1.0,8.0,7.998197999765249,0.8799892764068481,0.8558923650510618,0.024096911355786288,0.0033604967228709893,0.008585135287004404,1152,0.03417098287886626,0.8301559117678368,True,0.05,36,paired cluster influence sandwich; asymptotic Bonferroni bounds,,,,,0.02324172558408244,0.000855185771703848
303,1.0,test,source,evaluation,standard_c5:E2,standard_c5,5.0,2.0,1.9909995955023065,0.8799892764068481,0.8624870631070989,0.017502213299749214,0.0029642180970841435,0.008398477286552377,1152,0.026388323771692104,0.8373101717583078,True,0.05,36,paired cluster influence sandwich; asymptotic Bonferroni bounds,,,,,0.0011014543353657924,0.01640075896438342
303,1.0,test,source,evaluation,standard_c5:E8,standard_c5,5.0,8.0,7.998197999765249,0.8799892764068481,0.8760063759658507,0.003982900440997361,0.0009259865779157435,0.007958895735879944,1152,0.0067588159632019605,0.8521472588471495,True,0.05,36,paired cluster influence sandwich; asymptotic Bonferroni bounds,,,,,0.0011014543353657924,0.0028814461056315688
303,1.0,test,source,evaluation,auto_s:E2,auto_s,1.0,2.0,1.9909995955023065,0.8799892764068481,0.8481026929519393,0.0318865834549088,0.004084507644830351,0.008795731836184687,1152,0.0441310894145617,0.821734914934928,True,0.05,36,paired cluster influence sandwich; asymptotic Bonferroni bounds,,,,,0.0303305194292387,0.0015560640256701008
303,1.0,test,source,evaluation,auto_s:E8,auto_s,1.0,8.0,7.998197999765249,0.8799892764068481,0.8492015495176463,0.03078772688920184,0.004014274644684132,0.008761387517813584,1152,0.042821688895058226,0.8229367286370985,True,0.05,36,paired cluster influence sandwich; asymptotic Bonferroni bounds,,,,,0.0303305194292387,0.00045720745996313816
303,1.0,test,state_CO,evaluation,standard_c1:E2,standard_c1,1.0,2.0,1.9909995955023065,0.8448162634503275,0.8162634503275313,0.028552813122796117,0.0041847026304213586,0.009445218388453558,1197,0.04109666119678585,0.787950952414511,True,0.05,36,paired cluster influence sandwich; asymptotic Bonferroni bounds,,,,,0.02663133776118587,0.0019214753616102476
303,1.0,test,state_CO,evaluation,standard_c1:E8,standard_c1,1.0,8.0,7.998197999765249,0.8448162634503275,0.8177478029923224,0.02706846045800504,0.004046799186967263,0.009405012058666732,1197,0.03919893630549704,0.7895558254930567,True,0.05,36,paired cluster influence sandwich; asymptotic Bonferroni bounds,,,,,0.02663133776118587,0.00043712269681916993
303,1.0,test,state_CO,evaluation,standard_c5:E2,standard_c5,5.0,2.0,1.9909995955023065,0.8448162634503275,0.8328238747715982,0.011992388678729204,0.003758775828645545,0.009172363450780223,1197,0.02325950061063895,0.805329272701291,True,0.05,36,paired cluster influence sandwich; asymptotic Bonferroni bounds,,,,,0.0015651478551982345,0.01042724082353097
303,1.0,test,state_CO,evaluation,standard_c5:E8,standard_c5,5.0,8.0,7.998197999765249,0.8448162634503275,0.8419221382965059,0.0028941251538215917,0.0011169291524449842,0.008804916677733402,1197,0.006242174187420253,0.8155289756601192,True,0.05,36,paired cluster influence sandwich; asymptotic Bonferroni bounds,,,,,0.0015651478551982345,0.0013289772986233572
303,1.0,test,state_CO,evaluation,auto_s:E2,auto_s,1.0,2.0,1.9909995955023065,0.8448162634503275,0.8109045539483988,0.03391170950192868,0.004823869256737476,0.009566277538329575,1197,0.04837149038227571,0.7822291753917284,True,0.05,36,paired cluster influence sandwich; asymptotic Bonferroni bounds,,,,,0.03328243926894847,0.0006292702329802058
303,1.0,test,state_CO,evaluation,auto_s:E8,auto_s,1.0,8.0,7.998197999765249,0.8448162634503275,0.8114561364982951,0.03336012695203239,0.0047418673105482385,0.009560103482065511,1197,0.047574103041546356,0.7827992649732148,True,0.05,36,paired cluster influence sandwich; asymptotic Bonferroni bounds,,,,,0.03328243926894847,7.768768308391572e-05
303,1.0,test,state_UT,evaluation,standard_c1:E2,standard_c1,1.0,2.0,1.9909995955023065,0.8677811150204525,0.8403043565319375,0.027476758488515052,0.004179008185233623,0.008918098745846488,1129,0.040005110416316395,0.8135685678800656,True,0.05,36,paired cluster influence sandwich; asymptotic Bonferroni bounds,,,,,0.024073915157756254,0.003402843330758798
303,1.0,test,state_UT,evaluation,standard_c1:E8,standard_c1,1.0,8.0,7.998197999765249,0.8677811150204525,0.8426333705197517,0.025147744500700786,0.003996261944961065,0.008844067560296247,1129,0.03712823695799258,0.8161195217888121,True,0.05,36,paired cluster influence sandwich; asymptotic Bonferroni bounds,,,,,0.024073915157756254,0.0010738293429445323
303,1.0,test,state_UT,evaluation,standard_c5:E2,standard_c5,5.0,2.0,1.9909995955023065,0.8677811150204525,0.8558871821276353,0.01189393289281726,0.003340168553045598,0.00859933157287638,1129,0.021907506754336475,0.8301070334623304,True,0.05,36,paired cluster influence sandwich; asymptotic Bonferroni bounds,,,,,0.0012403100775192355,0.010653622815298025
303,1.0,test,state_UT,evaluation,standard_c5:E8,standard_c5,5.0,8.0,7.998197999765249,0.8677811150204525,0.864348522554993,0.003432592465459572,0.0010034713874120655,0.008181580901983315,1129,0.006440924139802686,0.8398207589511762,True,0.05,36,paired cluster influence sandwich; asymptotic Bonferroni bounds,,,,,0.0012403100775192355,0.0021922823879403364
303,1.0,test,state_UT,evaluation,auto_s:E2,auto_s,1.0,2.0,1.9909995955023065,0.8677811150204525,0.8385462970908778,0.02923481792957472,0.004744319481117169,0.009008205196764924,1129,0.04345793056366422,0.8115403760827067,True,0.05,36,paired cluster influence sandwich; asymptotic Bonferroni bounds,,,,,0.027429274292743,0.001805543636831719
303,1.0,test,state_UT,evaluation,auto_s:E8,auto_s,1.0,8.0,7.998197999765249,0.8677811150204525,0.8398461054377986,0.027935009582653936,0.004650926656686498,0.008969220906044517,1129,0.041878137560065046,0.8129570563983225,True,0.05,36,paired cluster influence sandwich; asymptotic Bonferroni bounds,,,,,0.027429274292743,0.0005057352899109357
304,1.0,validation,source,sandwich,standard_c1:E2,standard_c1,1.0,2.0,1.9909995955023065,0.8803372430117822,0.8526120375541902,0.02772520545759194,0.003640040936551611,0.008896197684447502,1144,0.03863745782647026,0.825942679723262,True,0.05,36,paired cluster influence sandwich; asymptotic Bonferroni bounds,,,,,,
304,1.0,validation,source,concentration,standard_c1:E2,standard_c1,1.0,2.0,1.9909995955023065,0.8803372430117822,0.8526120375541902,0.02772520545759194,,,1144,0.26963525794157145,0.7316570113122005,,0.05,36,cluster bounded differences plus within-pair bias; assumption-dependent sensitivity,0.12095502624198975,0.2419100524839795,0.0004351179552647677,False,,
304,1.0,validation,source,sandwich,standard_c1:E8,standard_c1,1.0,8.0,7.998197999765249,0.8803372430117822,0.8512758318040373,0.02906141120774486,0.0036793939181262694,0.00891821976832289,1144,0.04009163743293297,0.8245404553372955,True,0.05,36,paired cluster influence sandwich; asymptotic Bonferroni bounds,,,,,,
304,1.0,validation,source,concentration,standard_c1:E8,standard_c1,1.0,8.0,7.998197999765249,0.8803372430117822,0.8512758318040373,0.02906141120774486,,,1144,0.27097146369172437,0.7303208055620476,,0.05,36,cluster bounded differences plus within-pair bias; assumption-dependent sensitivity,0.12095502624198975,0.2419100524839795,0.0004351179552647677,False,,
304,1.0,validation,source,sandwich,standard_c5:E2,standard_c5,5.0,2.0,1.9909995955023065,0.8803372430117822,0.8771424771935423,0.003194765818239853,0.002223687997869915,0.008047747558542463,1144,0.009861021787709832,0.8530166352344585,True,0.05,36,paired cluster influence sandwich; asymptotic Bonferroni bounds,,,,,,
304,1.0,validation,source,concentration,standard_c5:E2,standard_c5,5.0,2.0,1.9909995955023065,0.8803372430117822,0.8771424771935423,0.003194765818239853,,,1144,0.24510481830221936,0.7561874509515526,,0.05,36,cluster bounded differences plus within-pair bias; assumption-dependent sensitivity,0.12095502624198975,0.2419100524839795,0.0004351179552647677,False,,
304,1.0,validation,source,sandwich,standard_c5:E8,standard_c5,5.0,8.0,7.998197999765249,0.8803372430117822,0.8798425490039627,0.0004946940078194295,0.0008028872319215154,0.00786230453550724,1144,0.0029016197131049664,0.8562726351519196,True,0.05,36,paired cluster influence sandwich; asymptotic Bonferroni bounds,,,,,,
304,1.0,validation,source,concentration,standard_c5:E8,standard_c5,5.0,8.0,7.998197999765249,0.8803372430117822,0.8798425490039627,0.0004946940078194295,,,1144,0.24240474649179894,0.758887522761973,,0.05,36,cluster bounded differences plus within-pair bias; assumption-dependent sensitivity,0.12095502624198975,0.2419100524839795,0.0004351179552647677,False,,
304,1.0,validation,source,sandwich,auto_s:E2,auto_s,1.0,2.0,1.9909995955023065,0.8803372430117822,0.8425479401047901,0.03778930290699212,0.004397808154586174,0.009209421288488942,1144,0.050973218497298266,0.8149395887090181,True,0.05,36,paired cluster influence sandwich; asymptotic Bonferroni bounds,,,,,,
304,1.0,validation,source,concentration,auto_s:E2,auto_s,1.0,2.0,1.9909995955023065,0.8803372430117822,0.8425479401047901,0.03778930290699212,,,1144,0.2796993553909716,0.7215929138628003,,0.05,36,cluster bounded differences plus within-pair bias; assumption-dependent sensitivity,0.12095502624198975,0.2419100524839795,0.0004351179552647677,False,,
304,1.0,validation,source,sandwich,auto_s:E8,auto_s,1.0,8.0,7.998197999765249,0.8803372430117822,0.8414718476555227,0.038865395356259436,0.004433026209441182,0.009227096156177029,1144,0.05215488896319166,0.8138105098730147,True,0.05,36,paired cluster influence sandwich; asymptotic Bonferroni bounds,,,,,,
304,1.0,validation,source,concentration,auto_s:E8,auto_s,1.0,8.0,7.998197999765249,0.8803372430117822,0.8414718476555227,0.038865395356259436,,,1144,0.28077544784023895,0.720516821413533,,0.05,36,cluster bounded differences plus within-pair bias; assumption-dependent sensitivity,0.12095502624198975,0.2419100524839795,0.0004351179552647677,False,,
304,1.0,validation,state_OR,sandwich,standard_c1:E2,standard_c1,1.0,2.0,1.9909995955023065,0.8430344117394661,0.8282410824108242,0.014793329328641969,0.003934423176514277,0.009425494030002826,1216,0.026586568500367967,0.7999886295300491,True,0.05,36,paired cluster influence sandwich; asymptotic Bonferroni bounds,,,,,,
304,1.0,validation,state_OR,concentration,standard_c1:E2,standard_c1,1.0,2.0,1.9909995955023065,0.8430344117394661,0.8282410824108242,0.014793329328641969,,,1216,0.2512251056052024,0.710025194272544,,0.05,36,cluster bounded differences plus within-pair bias; assumption-dependent sensitivity,0.11821588813828021,0.23643177627656042,0.0004233530707400097,False,,
304,1.0,validation,state_OR,sandwich,standard_c1:E8,standard_c1,1.0,8.0,7.998197999765249,0.8430344117394661,0.8276964444063045,0.015337967333161617,0.003952093845273818,0.009440170067424725,1216,0.027184173461835603,0.7994000008281275,True,0.05,36,paired cluster influence sandwich; asymptotic Bonferroni bounds,,,,,,
304,1.0,validation,state_OR,concentration,standard_c1:E8,standard_c1,1.0,8.0,7.998197999765249,0.8430344117394661,0.8276964444063045,0.015337967333161617,,,1216,0.25176974360972204,0.7094805562680243,,0.05,36,cluster bounded differences plus within-pair bias; assumption-dependent sensitivity,0.11821588813828021,0.23643177627656042,0.0004233530707400097,False,,
304,1.0,validation,state_OR,sandwich,standard_c5:E2,standard_c5,5.0,2.0,1.9909995955023065,0.8430344117394661,0.8400240281472581,0.0030103835922080657,0.0026789879931501744,0.009000858240813802,1216,0.011040517800951995,0.8130444000741128,True,0.05,36,paired cluster influence sandwich; asymptotic Bonferroni bounds,,,,,,
304,1.0,validation,state_OR,concentration,standard_c5:E2,standard_c5,5.0,2.0,1.9909995955023065,0.8430344117394661,0.8400240281472581,0.0030103835922080657,,,1216,0.2394421598687685,0.7218081400089779,,0.05,36,cluster bounded differences plus within-pair bias; assumption-dependent sensitivity,0.11821588813828021,0.23643177627656042,0.0004233530707400097,False,,
304,1.0,validation,state_OR,sandwich,standard_c5:E8,standard_c5,5.0,8.0,7.998197999765249,0.8430344117394661,0.8434200062930862,-0.0003855945536200833,0.0009470479891911255,0.008884606865072236,1216,0.002453135024403637,0.8167888359776997,True,0.05,36,paired cluster influence sandwich; asymptotic Bonferroni bounds,,,,,,
304,1.0,validation,state_OR,concentration,standard_c5:E8,standard_c5,5.0,8.0,7.998197999765249,0.8430344117394661,0.8434200062930862,-0.0003855945536200833,,,1216,0.23604618172294034,0.725204118154806,,0.05,36,cluster bounded differences plus within-pair bias; assumption-dependent sensitivity,0.11821588813828021,0.23643177627656042,0.0004233530707400097,False,,
304,1.0,validation,state_OR,sandwich,auto_s:E2,auto_s,1.0,2.0,1.9909995955023065,0.8430344117394661,0.8235166909808631,0.01951772075860303,0.004644643765770541,0.009562421985862922,1216,0.03343981107267205,0.7948538033145284,True,0.05,36,paired cluster influence sandwich; asymptotic Bonferroni bounds,,,,,,
304,1.0,validation,state_OR,concentration,auto_s:E2,auto_s,1.0,2.0,1.9909995955023065,0.8430344117394661,0.8235166909808631,0.01951772075860303,,,1216,0.25594949703516345,0.7053008028425829,,0.05,36,cluster bounded differences plus within-pair bias; assumption-dependent sensitivity,0.11821588813828021,0.23643177627656042,0.0004233530707400097,False,,
304,1.0,validation,state_OR,sandwich,auto_s:E8,auto_s,1.0,8.0,7.998197999765249,0.8430344117394661,0.8230367001344431,0.01999771160502306,0.0046557164606981,0.009572967072309419,1216,0.03395299177531694,0.7943422040922498,True,0.05,36,paired cluster influence sandwich; asymptotic Bonferroni bounds,,,,,,
304,1.0,validation,state_OR,concentration,auto_s:E8,auto_s,1.0,8.0,7.998197999765249,0.8430344117394661,0.8230367001344431,0.01999771160502306,,,1216,0.2564294878815835,0.7048208119961629,,0.05,36,cluster bounded differences plus within-pair bias; assumption-dependent sensitivity,0.11821588813828021,0.23643177627656042,0.0004233530707400097,False,,
304,1.0,validation,state_WA,sandwich,standard_c1:E2,standard_c1,1.0,2.0,1.9909995955023065,0.8333211172833707,0.812696467634522,0.020624649648848692,0.0035475811523646528,0.009610717954404114,1223,0.031258224060255045,0.7838891535447299,True,0.05,36,paired cluster influence sandwich; asymptotic Bonferroni bounds,,,,,,
304,1.0,validation,state_WA,concentration,standard_c1:E2,standard_c1,1.0,2.0,1.9909995955023065,0.8333211172833707,0.812696467634522,0.020624649648848692,,,1223,0.24998534476527035,0.6980161200763112,,0.05,36,cluster bounded differences plus within-pair bias; assumption-dependent sensitivity,0.11468034755821083,0.22936069511642165,0.00041706626914607745,False,,
304,1.0,validation,state_WA,sandwich,standard_c1:E8,standard_c1,1.0,8.0,7.998197999765249,0.8333211172833707,0.8130469478285197,0.020274169454850943,0.0036274684764031695,0.009586849285925281,1223,0.031147199362328324,0.7843111780534227,True,0.05,36,paired cluster influence sandwich; asymptotic Bonferroni bounds,,,,,,
304,1.0,validation,state_WA,concentration,standard_c1:E8,standard_c1,1.0,8.0,7.998197999765249,0.8333211172833707,0.8130469478285197,0.020274169454850943,,,1223,0.2496348645712726,0.698366600270309,,0.05,36,cluster bounded differences plus within-pair bias; assumption-dependent sensitivity,0.11468034755821083,0.22936069511642165,0.00041706626914607745,False,,
304,1.0,validation,state_WA,sandwich,standard_c5:E2,standard_c5,5.0,2.0,1.9909995955023065,0.8333211172833707,0.8245358847327936,0.00878523255057706,0.002576583937656518,0.00944734664560636,1223,0.016508324948348578,0.7962182623214094,True,0.05,36,paired cluster influence sandwich; asymptotic Bonferroni bounds,,,,,,
304,1.0,validation,state_WA,concentration,standard_c5:E2,standard_c5,5.0,2.0,1.9909995955023065,0.8333211172833707,0.8245358847327936,0.00878523255057706,,,1223,0.2381459276669987,0.7098555371745828,,0.05,36,cluster bounded differences plus within-pair bias; assumption-dependent sensitivity,0.11468034755821083,0.22936069511642165,0.00041706626914607745,False,,
304,1.0,validation,state_WA,sandwich,standard_c5:E8,standard_c5,5.0,8.0,7.998197999765249,0.8333211172833707,0.8291607780144136,0.004160339268957092,0.0010572069303277588,0.009282766673623516,1223,0.00732922761261102,0.8013364701470927,True,0.05,36,paired cluster influence sandwich; asymptotic Bonferroni bounds,,,,,,
304,1.0,validation,state_WA,concentration,standard_c5:E8,standard_c5,5.0,8.0,7.998197999765249,0.8333211172833707,0.8291607780144136,0.004160339268957092,,,1223,0.23352103438537875,0.7144804304562028,,0.05,36,cluster bounded differences plus within-pair bias; assumption-dependent sensitivity,0.11468034755821083,0.22936069511642165,0.00041706626914607745,False,,
304,1.0,validation,state_WA,sandwich,auto_s:E2,auto_s,1.0,2.0,1.9909995955023065,0.8333211172833707,0.8072715091088718,0.02604960817449886,0.004303157650253652,0.009705670220159716,1223,0.03894795922349026,0.7781795836345675,True,0.05,36,paired cluster influence sandwich; asymptotic Bonferroni bounds,,,,,,
304,1.0,validation,state_WA,concentration,auto_s:E2,auto_s,1.0,2.0,1.9909995955023065,0.8333211172833707,0.8072715091088718,0.02604960817449886,,,1223,0.25541030329092057,0.692591161550661,,0.05,36,cluster bounded differences plus within-pair bias; assumption-dependent sensitivity,0.11468034755821083,0.22936069511642165,0.00041706626914607745,False,,
304,1.0,validation,state_WA,sandwich,auto_s:E8,auto_s,1.0,8.0,7.998197999765249,0.8333211172833707,0.8073639037402792,0.02595721354309144,0.004360324383512271,0.009687202097878886,1223,0.039026917039244574,0.7783273349002781,True,0.05,36,paired cluster influence sandwich; asymptotic Bonferroni bounds,,,,,,
304,1.0,validation,state_WA,concentration,auto_s:E8,auto_s,1.0,8.0,7.998197999765249,0.8333211172833707,0.8073639037402792,0.02595721354309144,,,1223,0.25531790865951315,0.6926835561820684,,0.05,36,cluster bounded differences plus within-pair bias; assumption-dependent sensitivity,0.11468034755821083,0.22936069511642165,0.00041706626914607745,False,,
304,1.0,test,source,evaluation,standard_c1:E2,standard_c1,1.0,2.0,1.9909995955023065,0.8621949529436962,0.8416054577753139,0.020589495168382266,0.0035595817452774227,0.008732979670661703,1134,0.031260749239757885,0.8154248973795796,True,0.05,36,paired cluster influence sandwich; asymptotic Bonferroni bounds,,,,,0.021739130434782594,-0.0011496352664003284
304,1.0,test,source,evaluation,standard_c1:E8,standard_c1,1.0,8.0,7.998197999765249,0.8621949529436962,0.8409408741007647,0.021254078842931512,0.0036054776766296813,0.008736654007444831,1134,0.03206292412005824,0.8147492984273481,True,0.05,36,paired cluster influence sandwich; asymptotic Bonferroni bounds,,,,,0.021739130434782594,-0.00048505159185108226
304,1.0,test,source,evaluation,standard_c5:E2,standard_c5,5.0,2.0,1.9909995955023065,0.8621949529436962,0.853951175672668,0.008243777271028208,0.0023041202091713133,0.008516679661162478,1134,0.015151288861590631,0.828419060100562,True,0.05,36,paired cluster influence sandwich; asymptotic Bonferroni bounds,,,,,0.0006456855605810885,0.007598091710447119
304,1.0,test,source,evaluation,standard_c5:E8,standard_c5,5.0,8.0,7.998197999765249,0.8621949529436962,0.8611135608666255,0.0010813920770706975,0.000797721437819268,0.008229726129961007,1134,0.003472877580233099,0.8364417019924284,True,0.05,36,paired cluster influence sandwich; asymptotic Bonferroni bounds,,,,,0.0006456855605810885,0.000435706516489609
304,1.0,test,source,evaluation,auto_s:E2,auto_s,1.0,2.0,1.9909995955023065,0.8621949529436962,0.8348189350702799,0.02737601787341626,0.004333438977328205,0.008935369772897515,1134,0.04036721505303528,0.8080316302992111,True,0.05,36,paired cluster influence sandwich; asymptotic Bonferroni bounds,,,,,0.028161864445928386,-0.0007858465725121278
304,1.0,test,source,evaluation,auto_s:E8,auto_s,1.0,8.0,7.998197999765249,0.8621949529436962,0.8343632805446016,0.027831672399094565,0.004358559954535365,0.00893159157885229,1134,0.04089817964306441,0.807587302404433,True,0.05,36,paired cluster influence sandwich; asymptotic Bonferroni bounds,,,,,0.028161864445928386,-0.00033019204683382153
304,1.0,test,state_CO,evaluation,standard_c1:E2,standard_c1,1.0,2.0,1.9909995955023065,0.8461846888210874,0.8231705252823609,0.02301416353872654,0.003618915695029481,0.00886284187986119,1192,0.03386213283654511,0.7966034967284196,True,0.05,36,paired cluster influence sandwich; asymptotic Bonferroni bounds,,,,,0.023681716043688072,-0.0006675525049615327
304,1.0,test,state_CO,evaluation,standard_c1:E8,standard_c1,1.0,8.0,7.998197999765249,0.8461846888210874,0.8228140035800281,0.02337068524105934,0.0036591435364626314,0.008865914538455878,1192,0.03433924048935576,0.7962377645031271,True,0.05,36,paired cluster influence sandwich; asymptotic Bonferroni bounds,,,,,0.023681716043688072,-0.0003110308026287312
304,1.0,test,state_CO,evaluation,standard_c5:E2,standard_c5,5.0,2.0,1.9909995955023065,0.8461846888210874,0.8384977846989772,0.007686904122110261,0.0025383418277463445,0.008389602585970742,1192,0.015295772782018819,0.8133493261707747,True,0.05,36,paired cluster influence sandwich; asymptotic Bonferroni bounds,,,,,0.000319494225829442,0.007367409896280819
304,1.0,test,state_CO,evaluation,standard_c5:E8,standard_c5,5.0,8.0,7.998197999765249,0.8461846888210874,0.8448792057923669,0.0013054830287205776,0.0008793849168769501,0.008191323021747143,1192,0.0039415048051737525,0.8203251050238759,True,0.05,36,paired cluster influence sandwich; asymptotic Bonferroni bounds,,,,,0.000319494225829442,0.0009859888028911357
304,1.0,test,state_CO,evaluation,auto_s:E2,auto_s,1.0,2.0,1.9909995955023065,0.8461846888210874,0.816958372652987,0.029226316168100452,0.004348155057293646,0.009083341254609169,1192,0.042260234761026326,0.78973038080257,True,0.05,36,paired cluster influence sandwich; asymptotic Bonferroni bounds,,,,,0.029879057682460686,-0.0006527415143602333
304,1.0,test,state_CO,evaluation,auto_s:E8,auto_s,1.0,8.0,7.998197999765249,0.8461846888210874,0.8165325566731975,0.029652132147889976,0.004372297352511251,0.009089612305769046,1192,0.04275841906861612,0.7892857668799212,True,0.05,36,paired cluster influence sandwich; asymptotic Bonferroni bounds,,,,,0.029879057682460686,-0.00022692553457070996
304,1.0,test,state_UT,evaluation,standard_c1:E2,standard_c1,1.0,2.0,1.9909995955023065,0.8544932798852158,0.837052374848558,0.01744090503665785,0.004183508620673706,0.009245991416439676,1145,0.029982361483337664,0.8093344449553049,True,0.05,36,paired cluster influence sandwich; asymptotic Bonferroni bounds,,,,,0.01880997471527779,-0.0013690696786199386
304,1.0,test,state_UT,evaluation,standard_c1:E8,standard_c1,1.0,8.0,7.998197999765249,0.8544932798852158,0.8360935727391935,0.018399707146022348,0.004208929194401528,0.009274539253266831,1145,0.031017370204702823,0.8082900612242258,True,0.05,36,paired cluster influence sandwich; asymptotic Bonferroni bounds,,,,,0.01880997471527779,-0.0004102675692554403
304,1.0,test,state_UT,evaluation,standard_c5:E2,standard_c5,5.0,2.0,1.9909995955023065,0.8544932798852158,0.8560652166768101,-0.0015719367915942861,0.00278989427153519,0.008601914158266062,1145,0.006791697819887754,0.830278122264991,True,0.05,36,paired cluster influence sandwich; asymptotic Bonferroni bounds,,,,,-0.00016206702321397426,-0.0014098697683803119
304,1.0,test,state_UT,evaluation,standard_c5:E8,standard_c5,5.0,8.0,7.998197999765249,0.8544932798852158,0.8553557484493132,-0.0008624685640973295,0.0008790603153917313,0.008604855657035873,1145,0.0017728066699512187,0.8295598359180506,True,0.05,36,paired cluster influence sandwich; asymptotic Bonferroni bounds,,,,,-0.00016206702321397426,-0.0007004015408833553
304,1.0,test,state_UT,evaluation,auto_s:E2,auto_s,1.0,2.0,1.9909995955023065,0.8544932798852158,0.8333304999937667,0.0211627798914491,0.004924992037643002,0.00939922564077254,1145,0.03592707912944082,0.805153199623514,True,0.05,36,paired cluster influence sandwich; asymptotic Bonferroni bounds,,,,,0.02192324823114611,-0.0007604683396970069
304,1.0,test,state_UT,evaluation,auto_s:E8,auto_s,1.0,8.0,7.998197999765249,0.8544932798852158,0.8328193655359376,0.021673914349278234,0.00493331004841877,0.009413023428000437,1145,0.03646314958700754,0.8046007017161811,True,0.05,36,paired cluster influence sandwich; asymptotic Bonferroni bounds,,,,,0.02192324823114611,-0.00024933388186787475
305,1.0,validation,source,sandwich,standard_c1:E2,standard_c1,1.0,2.0,1.9909995955023065,0.8749150359156821,0.8524089940252417,0.022506041890440365,0.0038770902071756756,0.008650945143297383,1142,0.03412897393705087,0.8264747644441489,True,0.05,36,paired cluster influence sandwich; asymptotic Bonferroni bounds,,,,,,
305,1.0,validation,source,concentration,standard_c1:E2,standard_c1,1.0,2.0,1.9909995955023065,0.8749150359156821,0.8524089940252417,0.022506041890440365,,,1142,0.2613122633438744,0.7330058832985247,,0.05,36,cluster bounded differences plus within-pair bias; assumption-dependent sensitivity,0.11940311072671703,0.23880622145343405,0.00042691830021482276,False,,
305,1.0,validation,source,sandwich,standard_c1:E8,standard_c1,1.0,8.0,7.998197999765249,0.8749150359156821,0.8535187718179377,0.021396264097744422,0.0038075556868895698,0.008603411817843732,1142,0.03281074213348789,0.8277270399818483,True,0.05,36,paired cluster influence sandwich; asymptotic Bonferroni bounds,,,,,,
305,1.0,validation,source,concentration,standard_c1:E8,standard_c1,1.0,8.0,7.998197999765249,0.8749150359156821,0.8535187718179377,0.021396264097744422,,,1142,0.2602024855511785,0.7341156610912207,,0.05,36,cluster bounded differences plus within-pair bias; assumption-dependent sensitivity,0.11940311072671703,0.23880622145343405,0.00042691830021482276,False,,
305,1.0,validation,source,sandwich,standard_c5:E2,standard_c5,5.0,2.0,1.9909995955023065,0.8749150359156821,0.8597798905746509,0.01513514534103122,0.003119176877695828,0.008482390921757762,1142,0.024485967466273205,0.8343509611435258,True,0.05,36,paired cluster influence sandwich; asymptotic Bonferroni bounds,,,,,,
305,1.0,validation,source,concentration,standard_c5:E2,standard_c5,5.0,2.0,1.9909995955023065,0.8749150359156821,0.8597798905746509,0.01513514534103122,,,1142,0.2539413667944653,0.7403767798479339,,0.05,36,cluster bounded differences plus within-pair bias; assumption-dependent sensitivity,0.11940311072671703,0.23880622145343405,0.00042691830021482276,False,,
305,1.0,validation,source,sandwich,standard_c5:E8,standard_c5,5.0,8.0,7.998197999765249,0.8749150359156821,0.8720042293233083,0.002910806592373749,0.001120180140180063,0.008051020253700676,1142,0.006268937807680177,0.8478684841344403,True,0.05,36,paired cluster influence sandwich; asymptotic Bonferroni bounds,,,,,,
305,1.0,validation,source,concentration,standard_c5:E8,standard_c5,5.0,8.0,7.998197999765249,0.8749150359156821,0.8720042293233083,0.002910806592373749,,,1142,0.2417170280458078,0.7526011185965913,,0.05,36,cluster bounded differences plus within-pair bias; assumption-dependent sensitivity,0.11940311072671703,0.23880622145343405,0.00042691830021482276,False,,
305,1.0,validation,source,sandwich,auto_s:E2,auto_s,1.0,2.0,1.9909995955023065,0.8749150359156821,0.8437825171186896,0.031132518796992525,0.004579896324535094,0.00889972097413359,1142,0.04486235764935447,0.8171024950947754,True,0.05,36,paired cluster influence sandwich; asymptotic Bonferroni bounds,,,,,,
305,1.0,validation,source,concentration,auto_s:E2,auto_s,1.0,2.0,1.9909995955023065,0.8749150359156821,0.8437825171186896,0.031132518796992525,,,1142,0.2699387402504266,0.7243794063919726,,0.05,36,cluster bounded differences plus within-pair bias; assumption-dependent sensitivity,0.11940311072671703,0.23880622145343405,0.00042691830021482276,False,,
305,1.0,validation,source,sandwich,auto_s:E8,auto_s,1.0,8.0,7.998197999765249,0.8749150359156821,0.8445765641783027,0.030338471737379358,0.004536190654869345,0.008861573733690996,1142,0.043937287579846815,0.8180109018312951,True,0.05,36,paired cluster influence sandwich; asymptotic Bonferroni bounds,,,,,,
305,1.0,validation,source,concentration,auto_s:E8,auto_s,1.0,8.0,7.998197999765249,0.8749150359156821,0.8445765641783027,0.030338471737379358,,,1142,0.2691446931908134,0.7251734534515857,,0.05,36,cluster bounded differences plus within-pair bias; assumption-dependent sensitivity,0.11940311072671703,0.23880622145343405,0.00042691830021482276,False,,
305,1.0,validation,state_OR,sandwich,standard_c1:E2,standard_c1,1.0,2.0,1.9909995955023065,0.8430102421867913,0.8050658906178791,0.03794435156891218,0.004600883209134935,0.009866326035243457,1185,0.05173601218174957,0.7754904778137658,True,0.05,36,paired cluster influence sandwich; asymptotic Bonferroni bounds,,,,,,
305,1.0,validation,state_OR,concentration,standard_c1:E2,standard_c1,1.0,2.0,1.9909995955023065,0.8430102421867913,0.8050658906178791,0.03794435156891218,,,1185,0.2750696732566091,0.6865032297740307,,0.05,36,cluster bounded differences plus within-pair bias; assumption-dependent sensitivity,0.11856266084384844,0.23712532168769687,0.00040310344866197653,False,,
305,1.0,validation,state_OR,sandwich,standard_c1:E8,standard_c1,1.0,8.0,7.998197999765249,0.8430102421867913,0.8069559978993832,0.03605424428740811,0.00445566757787207,0.00980288633576058,1185,0.049410604847838185,0.7775707526706848,True,0.05,36,paired cluster influence sandwich; asymptotic Bonferroni bounds,,,,,,
305,1.0,validation,state_OR,concentration,standard_c1:E8,standard_c1,1.0,8.0,7.998197999765249,0.8430102421867913,0.8069559978993832,0.03605424428740811,,,1185,0.273179565975105,0.6883933370555347,,0.05,36,cluster bounded differences plus within-pair bias; assumption-dependent sensitivity,0.11856266084384844,0.23712532168769687,0.00040310344866197653,False,,
305,1.0,validation,state_OR,sandwich,standard_c5:E2,standard_c5,5.0,2.0,1.9909995955023065,0.8430102421867913,0.8125882488626324,0.030421993324158958,0.004272188079519518,0.009836189865285392,1185,0.043228353622537644,0.7831031725894284,True,0.05,36,paired cluster influence sandwich; asymptotic Bonferroni bounds,,,,,,
305,1.0,validation,state_OR,concentration,standard_c5:E2,standard_c5,5.0,2.0,1.9909995955023065,0.8430102421867913,0.8125882488626324,0.030421993324158958,,,1185,0.26754731501185586,0.6940255880187839,,0.05,36,cluster bounded differences plus within-pair bias; assumption-dependent sensitivity,0.11856266084384844,0.23712532168769687,0.00040310344866197653,False,,
305,1.0,validation,state_OR,sandwich,standard_c5:E8,standard_c5,5.0,8.0,7.998197999765249,0.8430102421867913,0.8367845333685676,0.0062257088182237075,0.001468668697222881,0.009083755296765512,1185,0.010628207056948714,0.8095549636428433,True,0.05,36,paired cluster influence sandwich; asymptotic Bonferroni bounds,,,,,,
305,1.0,validation,state_OR,concentration,standard_c5:E8,standard_c5,5.0,8.0,7.998197999765249,0.8430102421867913,0.8367845333685676,0.0062257088182237075,,,1185,0.24335103050592058,0.7182218725247191,,0.05,36,cluster bounded differences plus within-pair bias; assumption-dependent sensitivity,0.11856266084384844,0.23712532168769687,0.00040310344866197653,False,,
305,1.0,validation,state_OR,sandwich,auto_s:E2,auto_s,1.0,2.0,1.9909995955023065,0.8430102421867913,0.7951568240375066,0.04785341814928468,0.005425430512446003,0.010123454359609197,1185,0.06411675127576422,0.7648106404004023,True,0.05,36,paired cluster influence sandwich; asymptotic Bonferroni bounds,,,,,,
305,1.0,validation,state_OR,concentration,auto_s:E2,auto_s,1.0,2.0,1.9909995955023065,0.8430102421867913,0.7951568240375066,0.04785341814928468,,,1185,0.2849787398369816,0.6765941631936582,,0.05,36,cluster bounded differences plus within-pair bias; assumption-dependent sensitivity,0.11856266084384844,0.23712532168769687,0.00040310344866197653,False,,
305,1.0,validation,state_OR,sandwich,auto_s:E8,auto_s,1.0,8.0,7.998197999765249,0.8430102421867913,0.796861615705806,0.04614862648098528,0.005337770422681122,0.010068656014263646,1185,0.0621491887105797,0.7666796962212127,True,0.05,36,paired cluster influence sandwich; asymptotic Bonferroni bounds,,,,,,
305,1.0,validation,state_OR,concentration,auto_s:E8,auto_s,1.0,8.0,7.998197999765249,0.8430102421867913,0.796861615705806,0.04614862648098528,,,1185,0.2832739481686822,0.6782989548619576,,0.05,36,cluster bounded differences plus within-pair bias; assumption-dependent sensitivity,0.11856266084384844,0.23712532168769687,0.00040310344866197653,False,,
305,1.0,validation,state_WA,sandwich,standard_c1:E2,standard_c1,1.0,2.0,1.9909995955023065,0.8716599732262384,0.846254762640305,0.02540521058593348,0.004255939468827317,0.008342701504160374,1192,0.038162706085103124,0.8212468935975697,True,0.05,36,paired cluster influence sandwich; asymptotic Bonferroni bounds,,,,,,
305,1.0,validation,state_WA,concentration,standard_c1:E2,standard_c1,1.0,2.0,1.9909995955023065,0.8716599732262384,0.846254762640305,0.02540521058593348,,,1192,0.2561437366875655,0.730885499589489,,0.05,36,cluster bounded differences plus within-pair bias; assumption-dependent sensitivity,0.11536926305081599,0.23073852610163198,0.0004469158686026156,False,,
305,1.0,validation,state_WA,sandwich,standard_c1:E8,standard_c1,1.0,8.0,7.998197999765249,0.8716599732262384,0.8474029451137887,0.024257028112449786,0.004191301046495104,0.008326580791858523,1192,0.03682076512703181,0.8224433991066935,True,0.05,36,paired cluster influence sandwich; asymptotic Bonferroni bounds,,,,,,
305,1.0,validation,state_WA,concentration,standard_c1:E8,standard_c1,1.0,8.0,7.998197999765249,0.8716599732262384,0.8474029451137887,0.024257028112449786,,,1192,0.2549955542140818,0.7320336820629727,,0.05,36,cluster bounded differences plus within-pair bias; assumption-dependent sensitivity,0.11536926305081599,0.23073852610163198,0.0004469158686026156,False,,
305,1.0,validation,state_WA,sandwich,standard_c5:E2,standard_c5,5.0,2.0,1.9909995955023065,0.8716599732262384,0.8508021830913398,0.020857790134898635,0.0036825955228203173,0.00827176396869127,1192,0.03189664445878017,0.8260069545939173,True,0.05,36,paired cluster influence sandwich; asymptotic Bonferroni bounds,,,,,,
305,1.0,validation,state_WA,concentration,standard_c5:E2,standard_c5,5.0,2.0,1.9909995955023065,0.8716599732262384,0.8508021830913398,0.020857790134898635,,,1192,0.25159631623653067,0.7354329200405239,,0.05,36,cluster bounded differences plus within-pair bias; assumption-dependent sensitivity,0.11536926305081599,0.23073852610163198,0.0004469158686026156,False,,
305,1.0,validation,state_WA,sandwich,standard_c5:E8,standard_c5,5.0,8.0,7.998197999765249,0.8716599732262384,0.86760374832664,0.0040562248995984485,0.0013737370942070203,0.007727123372992177,1192,0.008174104142184908,0.8444411205744087,True,0.05,36,paired cluster influence sandwich; asymptotic Bonferroni bounds,,,,,,
305,1.0,validation,state_WA,concentration,standard_c5:E8,standard_c5,5.0,8.0,7.998197999765249,0.8716599732262384,0.86760374832664,0.0040562248995984485,,,1192,0.23479475100123043,0.752234485275824,,0.05,36,cluster bounded differences plus within-pair bias; assumption-dependent sensitivity,0.11536926305081599,0.23073852610163198,0.0004469158686026156,False,,
305,1.0,validation,state_WA,sandwich,auto_s:E2,auto_s,1.0,2.0,1.9909995955023065,0.8716599732262384,0.8394120070023686,0.03224796622386983,0.00499620917557987,0.008571340726069507,1192,0.04722447529718449,0.8137187748651148,True,0.05,36,paired cluster influence sandwich; asymptotic Bonferroni bounds,,,,,,
305,1.0,validation,state_WA,concentration,auto_s:E2,auto_s,1.0,2.0,1.9909995955023065,0.8716599732262384,0.8394120070023686,0.03224796622386983,,,1192,0.26298649232550186,0.7240427439515527,,0.05,36,cluster bounded differences plus within-pair bias; assumption-dependent sensitivity,0.11536926305081599,0.23073852610163198,0.0004469158686026156,False,,
305,1.0,validation,state_WA,sandwich,auto_s:E8,auto_s,1.0,8.0,7.998197999765249,0.8716599732262384,0.8401024611265576,0.03155751209968083,0.004980679239596571,0.008561381246731614,1192,0.04648746903336557,0.8144390832703051,True,0.05,36,paired cluster influence sandwich; asymptotic Bonferroni bounds,,,,,,
305,1.0,validation,state_WA,concentration,auto_s:E8,auto_s,1.0,8.0,7.998197999765249,0.8716599732262384,0.8401024611265576,0.03155751209968083,,,1192,0.26229603820131286,0.7247331980757417,,0.05,36,cluster bounded differences plus within-pair bias; assumption-dependent sensitivity,0.11536926305081599,0.23073852610163198,0.0004469158686026156,False,,
305,1.0,test,source,evaluation,standard_c1:E2,standard_c1,1.0,2.0,1.9909995955023065,0.8638995657165677,0.839291211168239,0.02460835454832866,0.004063435936114846,0.008967781861219456,1140,0.03678996971082231,0.8124070497806682,True,0.05,36,paired cluster influence sandwich; asymptotic Bonferroni bounds,,,,,0.024581315828882344,2.7038719446315085e-05
305,1.0,test,source,evaluation,standard_c1:E8,standard_c1,1.0,8.0,7.998197999765249,0.8638995657165677,0.8395449591507346,0.024354606565833103,0.003972793631847161,0.008984157284798391,1140,0.03626448872074639,0.8126117065233122,True,0.05,36,paired cluster influence sandwich; asymptotic Bonferroni bounds,,,,,0.024581315828882344,-0.00022670926304924066
305,1.0,test,source,evaluation,standard_c5:E2,standard_c5,5.0,2.0,1.9909995955023065,0.8638995657165677,0.8529613637498127,0.01093820196675499,0.003223239214158868,0.008708162399012601,1140,0.020601024341920408,0.8268555053617279,True,0.05,36,paired cluster influence sandwich; asymptotic Bonferroni bounds,,,,,0.00041182049618138095,0.01052638147057361
305,1.0,test,source,evaluation,standard_c5:E8,standard_c5,5.0,8.0,7.998197999765249,0.8638995657165677,0.8624145160485198,0.0014850496680478553,0.001167324727514924,0.008431826032024284,1140,0.004984526668255116,0.8371370756128715,True,0.05,36,paired cluster influence sandwich; asymptotic Bonferroni bounds,,,,,0.00041182049618138095,0.0010732291718664744
305,1.0,test,source,evaluation,auto_s:E2,auto_s,1.0,2.0,1.9909995955023065,0.8638995657165677,0.8320666733223514,0.03183289239421627,0.00483120784223903,0.009199267865647112,1140,0.04631618083026997,0.8044885491245444,True,0.05,36,paired cluster influence sandwich; asymptotic Bonferroni bounds,,,,,0.031968085991447515,-0.00013519359723124236
305,1.0,test,source,evaluation,auto_s:E8,auto_s,1.0,8.0,7.998197999765249,0.8638995657165677,0.8321457095791943,0.03175385613737336,0.0047783338151982735,0.009204983451245409,1140,0.046078635602293236,0.8045504508515753,True,0.05,36,paired cluster influence sandwich; asymptotic Bonferroni bounds,,,,,0.031968085991447515,-0.00021422985407415496
305,1.0,test,state_CO,evaluation,standard_c1:E2,standard_c1,1.0,2.0,1.9909995955023065,0.8492109363220587,0.8245233787338125,0.024687557588246145,0.00445365847838442,0.009260782958975342,1184,0.03803791939525922,0.7967630994670937,True,0.05,36,paired cluster influence sandwich; asymptotic Bonferroni bounds,,,,,0.02239973362818526,0.0022878239600608863
305,1.0,test,state_CO,evaluation,standard_c1:E8,standard_c1,1.0,8.0,7.998197999765249,0.8492109363220587,0.8262342731735102,0.022976663148548515,0.004392578997922934,0.009215414825958381,1184,0.03614393207425897,0.7986099901878767,True,0.05,36,paired cluster influence sandwich; asymptotic Bonferroni bounds,,,,,0.02239973362818526,0.0005769295203632563
305,1.0,test,state_CO,evaluation,standard_c5:E2,standard_c5,5.0,2.0,1.9909995955023065,0.8492109363220587,0.8280634852825385,0.021147451039520204,0.003496297996110602,0.009152632825719065,1184,0.03162801291011597,0.8006273986802225,True,0.05,36,paired cluster influence sandwich; asymptotic Bonferroni bounds,,,,,0.00015915297113489046,0.020988298068385314
305,1.0,test,state_CO,evaluation,standard_c5:E8,standard_c5,5.0,8.0,7.998197999765249,0.8492109363220587,0.8448478413831232,0.004363094938935497,0.0012694785651870568,0.008748797565753821,1184,0.008168505307456386,0.8186222981705017,True,0.05,36,paired cluster influence sandwich; asymptotic Bonferroni bounds,,,,,0.00015915297113489046,0.004203941967800606
305,1.0,test,state_CO,evaluation,auto_s:E2,auto_s,1.0,2.0,1.9909995955023065,0.8492109363220587,0.8197985249032517,0.029412411418807016,0.005166774850121558,0.009389130632682933,1184,0.044900422895053096,0.7916535084840544,True,0.05,36,paired cluster influence sandwich; asymptotic Bonferroni bounds,,,,,0.028248081787874302,0.0011643296309327145
305,1.0,test,state_CO,evaluation,auto_s:E8,auto_s,1.0,8.0,7.998197999765249,0.8492109363220587,0.8208016074450084,0.028409328877050277,0.0051507368675293205,0.009361444191502588,1184,0.04384926462604871,0.7927395843690817,True,0.05,36,paired cluster influence sandwich; asymptotic Bonferroni bounds,,,,,0.028248081787874302,0.0001612470891759754
305,1.0,test,state_UT,evaluation,standard_c1:E2,standard_c1,1.0,2.0,1.9909995955023065,0.8456551309501733,0.824956722346933,0.020698408603240348,0.004379251185950712,0.01010435948168243,1113,0.03382749124352476,0.794663650534166,True,0.05,36,paired cluster influence sandwich; asymptotic Bonferroni bounds,,,,,0.0174504250596903,0.003247983543550048
305,1.0,test,state_UT,evaluation,standard_c1:E8,standard_c1,1.0,8.0,7.998197999765249,0.8456551309501733,0.8273316663422521,0.018323464607921225,0.00426883660384761,0.01003923543397042,1113,0.031121522122774425,0.7972338377270034,True,0.05,36,paired cluster influence sandwich; asymptotic Bonferroni bounds,,,,,0.0174504250596903,0.000873039548230925
305,1.0,test,state_UT,evaluation,standard_c5:E2,standard_c5,5.0,2.0,1.9909995955023065,0.8456551309501733,0.8116042850347429,0.034050845915430394,0.0038235761534412575,0.010379018069159474,1113,0.04551400369477866,0.7804877812835618,True,0.05,36,paired cluster influence sandwich; asymptotic Bonferroni bounds,,,,,-7.140956726969794e-05,0.03412225548270009
305,1.0,test,state_UT,evaluation,standard_c5:E8,standard_c5,5.0,8.0,7.998197999765249,0.8456551309501733,0.8381052968622407,0.007549834087932639,0.0012572147502261247,0.009622846925690563,1113,0.011318989053342537,0.8092558093225642,True,0.05,36,paired cluster influence sandwich; asymptotic Bonferroni bounds,,,,,-7.140956726969794e-05,0.007621243655202337
305,1.0,test,state_UT,evaluation,auto_s:E2,auto_s,1.0,2.0,1.9909995955023065,0.8456551309501733,0.8235083750752968,0.022146755874876467,0.005064729354552238,0.010144610446824392,1113,0.03733091577415726,0.7930946300640169,True,0.05,36,paired cluster influence sandwich; asymptotic Bonferroni bounds,,,,,0.020220425209420023,0.0019263306654564438
305,1.0,test,state_UT,evaluation,auto_s:E8,auto_s,1.0,8.0,7.998197999765249,0.8456551309501733,0.8249394458387226,0.02071568511145072,0.005010261945477142,0.010109378623279756,1113,0.03573655062897892,0.7946313265390642,True,0.05,36,paired cluster influence sandwich; asymptotic Bonferroni bounds,,,,,0.020220425209420023,0.000495259902030698
306,1.0,validation,source,sandwich,standard_c1:E2,standard_c1,1.0,2.0,1.9909995955023065,0.8508788672400972,0.8219945744171566,0.028884292822940583,0.004281956327910618,0.009367767841045885,1127,0.041721325896864114,0.7939106014862554,True,0.05,36,paired cluster influence sandwich; asymptotic Bonferroni bounds,,,,,,
306,1.0,validation,source,concentration,standard_c1:E2,standard_c1,1.0,2.0,1.9909995955023065,0.8508788672400972,0.8219945744171566,0.028884292822940583,,,1127,0.2727568079243191,0.7000583168664674,,0.05,36,cluster bounded differences plus within-pair bias; assumption-dependent sensitivity,0.12193625755068926,0.24387251510137853,0.0004912436599842927,False,,
306,1.0,validation,source,sandwich,standard_c1:E8,standard_c1,1.0,8.0,7.998197999765249,0.8508788672400972,0.8248027985243916,0.026076068715705558,0.004076875834011803,0.009283873786512365,1127,0.038298283495982396,0.7969703346398888,True,0.05,36,paired cluster influence sandwich; asymptotic Bonferroni bounds,,,,,,
306,1.0,validation,source,concentration,standard_c1:E8,standard_c1,1.0,8.0,7.998197999765249,0.8508788672400972,0.8248027985243916,0.026076068715705558,,,1127,0.2699485838170841,0.7028665409737024,,0.05,36,cluster bounded differences plus within-pair bias; assumption-dependent sensitivity,0.12193625755068926,0.24387251510137853,0.0004912436599842927,False,,
306,1.0,validation,source,sandwich,standard_c5:E2,standard_c5,5.0,2.0,1.9909995955023065,0.8508788672400972,0.8299556420533777,0.02092322518671952,0.0036737440336075157,0.009228727067753784,1127,0.03193687643700227,0.8022885045286996,True,0.05,36,paired cluster influence sandwich; asymptotic Bonferroni bounds,,,,,,
306,1.0,validation,source,concentration,standard_c5:E2,standard_c5,5.0,2.0,1.9909995955023065,0.8508788672400972,0.8299556420533777,0.02092322518671952,,,1127,0.26479574028809805,0.7080193845026884,,0.05,36,cluster bounded differences plus within-pair bias; assumption-dependent sensitivity,0.12193625755068926,0.24387251510137853,0.0004912436599842927,False,,
306,1.0,validation,source,sandwich,standard_c5:E8,standard_c5,5.0,8.0,7.998197999765249,0.8508788672400972,0.8487000816653474,0.0021787855747498197,0.001177616530566444,0.008681007791986637,1127,0.005709205129182062,0.8226749717373587,True,0.05,36,paired cluster influence sandwich; asymptotic Bonferroni bounds,,,,,,
306,1.0,validation,source,concentration,standard_c5:E8,standard_c5,5.0,8.0,7.998197999765249,0.8508788672400972,0.8487000816653474,0.0021787855747498197,,,1127,0.24605130067612835,0.7267638241146581,,0.05,36,cluster bounded differences plus within-pair bias; assumption-dependent sensitivity,0.12193625755068926,0.24387251510137853,0.0004912436599842927,False,,
306,1.0,validation,source,sandwich,auto_s:E2,auto_s,1.0,2.0,1.9909995955023065,0.8508788672400972,0.8138582861124062,0.03702058112769102,0.0049597469503227035,0.009603151963824077,1127,0.05188958743319226,0.7850686465334159,True,0.05,36,paired cluster influence sandwich; asymptotic Bonferroni bounds,,,,,,
306,1.0,validation,source,concentration,auto_s:E2,auto_s,1.0,2.0,1.9909995955023065,0.8508788672400972,0.8138582861124062,0.03702058112769102,,,1127,0.28089309622906955,0.6919220285617169,,0.05,36,cluster bounded differences plus within-pair bias; assumption-dependent sensitivity,0.12193625755068926,0.24387251510137853,0.0004912436599842927,False,,
306,1.0,validation,source,sandwich,auto_s:E8,auto_s,1.0,8.0,7.998197999765249,0.8508788672400972,0.8164824242196684,0.03439644302042877,0.004801456820935178,0.00953223458808346,1127,0.04879090557288459,0.7879053904283562,True,0.05,36,paired cluster influence sandwich; asymptotic Bonferroni bounds,,,,,,
306,1.0,validation,source,concentration,auto_s:E8,auto_s,1.0,8.0,7.998197999765249,0.8508788672400972,0.8164824242196684,0.03439644302042877,,,1127,0.2782689581218073,0.6945461666689792,,0.05,36,cluster bounded differences plus within-pair bias; assumption-dependent sensitivity,0.12193625755068926,0.24387251510137853,0.0004912436599842927,False,,
306,1.0,validation,state_OR,sandwich,standard_c1:E2,standard_c1,1.0,2.0,1.9909995955023065,0.8467009530470123,0.8225938229534011,0.024107130093611207,0.00514030094417436,0.009578635240455834,1217,0.03951490234136802,0.7938823852706438,True,0.05,36,paired cluster influence sandwich; asymptotic Bonferroni bounds,,,,,,
306,1.0,validation,state_OR,concentration,standard_c1:E2,standard_c1,1.0,2.0,1.9909995955023065,0.8467009530470123,0.8225938229534011,0.024107130093611207,,,1217,0.2564410710743334,0.70642685246304,,0.05,36,cluster bounded differences plus within-pair bias; assumption-dependent sensitivity,0.11616697049036111,0.23233394098072221,0.00041455950578348996,False,,
306,1.0,validation,state_OR,sandwich,standard_c1:E8,standard_c1,1.0,8.0,7.998197999765249,0.8467009530470123,0.823984301720147,0.02271665132686529,0.004901575108222919,0.009543771977966674,1217,0.037408855877333134,0.7953773647687827,True,0.05,36,paired cluster influence sandwich; asymptotic Bonferroni bounds,,,,,,
306,1.0,validation,state_OR,concentration,standard_c1:E8,standard_c1,1.0,8.0,7.998197999765249,0.8467009530470123,0.823984301720147,0.02271665132686529,,,1217,0.2550505923075875,0.7078173312297859,,0.05,36,cluster bounded differences plus within-pair bias; assumption-dependent sensitivity,0.11616697049036111,0.23233394098072221,0.00041455950578348996,False,,
306,1.0,validation,state_OR,sandwich,standard_c5:E2,standard_c5,5.0,2.0,1.9909995955023065,0.8467009530470123,0.8233756579895074,0.023325295057504913,0.00502069236486058,0.0093856378646586,1217,0.03837454710012995,0.7952427194341346,True,0.05,36,paired cluster influence sandwich; asymptotic Bonferroni bounds,,,,,,
306,1.0,validation,state_OR,concentration,standard_c5:E2,standard_c5,5.0,2.0,1.9909995955023065,0.8467009530470123,0.8233756579895074,0.023325295057504913,,,1217,0.2556592360382271,0.7072086874991462,,0.05,36,cluster bounded differences plus within-pair bias; assumption-dependent sensitivity,0.11616697049036111,0.23233394098072221,0.00041455950578348996,False,,
306,1.0,validation,state_OR,sandwich,standard_c5:E8,standard_c5,5.0,8.0,7.998197999765249,0.8467009530470123,0.8460092874524824,0.0006916655945299333,0.0017076547460623882,0.008846572226330415,1217,0.005810267732980486,0.8194921688018498,True,0.05,36,paired cluster influence sandwich; asymptotic Bonferroni bounds,,,,,,
306,1.0,validation,state_OR,concentration,standard_c5:E8,standard_c5,5.0,8.0,7.998197999765249,0.8467009530470123,0.8460092874524824,0.0006916655945299333,,,1217,0.23302560657525215,0.7298423169621212,,0.05,36,cluster bounded differences plus within-pair bias; assumption-dependent sensitivity,0.11616697049036111,0.23233394098072221,0.00041455950578348996,False,,
306,1.0,validation,state_OR,sandwich,auto_s:E2,auto_s,1.0,2.0,1.9909995955023065,0.8467009530470123,0.816137910862009,0.030563042185003275,0.005862494593519052,0.009736795093694841,1217,0.04813555058123216,0.7869523976292185,True,0.05,36,paired cluster influence sandwich; asymptotic Bonferroni bounds,,,,,,
306,1.0,validation,state_OR,concentration,auto_s:E2,auto_s,1.0,2.0,1.9909995955023065,0.8467009530470123,0.816137910862009,0.030563042185003275,,,1217,0.26289698316572546,0.699970940371648,,0.05,36,cluster bounded differences plus within-pair bias; assumption-dependent sensitivity,0.11616697049036111,0.23233394098072221,0.00041455950578348996,False,,
306,1.0,validation,state_OR,sandwich,auto_s:E8,auto_s,1.0,8.0,7.998197999765249,0.8467009530470123,0.8173771908700141,0.02932376217699817,0.005694216575814874,0.009697580199913274,1217,0.046391866376031474,0.7883092221465177,True,0.05,36,paired cluster influence sandwich; asymptotic Bonferroni bounds,,,,,,
306,1.0,validation,state_OR,concentration,auto_s:E8,auto_s,1.0,8.0,7.998197999765249,0.8467009530470123,0.8173771908700141,0.02932376217699817,,,1217,0.26165770315772036,0.701210220379653,,0.05,36,cluster bounded differences plus within-pair bias; assumption-dependent sensitivity,0.11616697049036111,0.23233394098072221,0.00041455950578348996,False,,
306,1.0,validation,state_WA,sandwich,standard_c1:E2,standard_c1,1.0,2.0,1.9909995955023065,0.8688419437340152,0.8431682864450127,0.025673657289002505,0.004608625677223591,0.00856868381695701,1209,0.039487949297709456,0.8174837746907327,True,0.05,36,paired cluster influence sandwich; asymptotic Bonferroni bounds,,,,,,
306,1.0,validation,state_WA,concentration,standard_c1:E2,standard_c1,1.0,2.0,1.9909995955023065,0.8688419437340152,0.8431682864450127,0.025673657289002505,,,1209,0.25521972875292254,0.7283952507130527,,0.05,36,cluster bounded differences plus within-pair bias; assumption-dependent sensitivity,0.11477303573196,0.22954607146392,0.00043580562659846543,False,,
306,1.0,validation,state_WA,sandwich,standard_c1:E8,standard_c1,1.0,8.0,7.998197999765249,0.8688419437340152,0.8456624040920716,0.023179539641943636,0.004326411593002296,0.008478361714315158,1209,0.03614789881916243,0.8202486315967645,True,0.05,36,paired cluster influence sandwich; asymptotic Bonferroni bounds,,,,,,
306,1.0,validation,state_WA,concentration,standard_c1:E8,standard_c1,1.0,8.0,7.998197999765249,0.8688419437340152,0.8456624040920716,0.023179539641943636,,,1209,0.25272561110586367,0.7308893683601115,,0.05,36,cluster bounded differences plus within-pair bias; assumption-dependent sensitivity,0.11477303573196,0.22954607146392,0.00043580562659846543,False,,
306,1.0,validation,state_WA,sandwich,standard_c5:E2,standard_c5,5.0,2.0,1.9909995955023065,0.8688419437340152,0.8487130434782608,0.020128900255754423,0.004264815389958504,0.00857843165497116,1209,0.032912625662502366,0.8229993127137569,True,0.05,36,paired cluster influence sandwich; asymptotic Bonferroni bounds,,,,,,
306,1.0,validation,state_WA,concentration,standard_c5:E2,standard_c5,5.0,2.0,1.9909995955023065,0.8688419437340152,0.8487130434782608,0.020128900255754423,,,1209,0.24967497171967443,0.7339400077463007,,0.05,36,cluster bounded differences plus within-pair bias; assumption-dependent sensitivity,0.11477303573196,0.22954607146392,0.00043580562659846543,False,,
306,1.0,validation,state_WA,sandwich,standard_c5:E8,standard_c5,5.0,8.0,7.998197999765249,0.8688419437340152,0.8675795396419437,0.0012624040920715673,0.0013897284823503196,0.007936998362261131,1209,0.005428096081959998,0.8437884963400807,True,0.05,36,paired cluster influence sandwich; asymptotic Bonferroni bounds,,,,,,
306,1.0,validation,state_WA,concentration,standard_c5:E8,standard_c5,5.0,8.0,7.998197999765249,0.8688419437340152,0.8675795396419437,0.0012624040920715673,,,1209,0.23080847555599157,0.7528065039099836,,0.05,36,cluster bounded differences plus within-pair bias; assumption-dependent sensitivity,0.11477303573196,0.22954607146392,0.00043580562659846543,False,,
306,1.0,validation,state_WA,sandwich,auto_s:E2,auto_s,1.0,2.0,1.9909995955023065,0.8688419437340152,0.8357994884910486,0.03304245524296667,0.00523889544092178,0.008782506191302669,1209,0.04874597218981848,0.8094740471139086,True,0.05,36,paired cluster influence sandwich; asymptotic Bonferroni bounds,,,,,,
306,1.0,validation,state_WA,concentration,auto_s:E2,auto_s,1.0,2.0,1.9909995955023065,0.8688419437340152,0.8357994884910486,0.03304245524296667,,,1209,0.2625885267068867,0.7210264527590885,,0.05,36,cluster bounded differences plus within-pair bias; assumption-dependent sensitivity,0.11477303573196,0.22954607146392,0.00043580562659846543,False,,
306,1.0,validation,state_WA,sandwich,auto_s:E8,auto_s,1.0,8.0,7.998197999765249,0.8688419437340152,0.8381524296675193,0.030689514066495893,0.005022895033967826,0.008697448221597506,1209,0.04574557276773486,0.8120819483833593,True,0.05,36,paired cluster influence sandwich; asymptotic Bonferroni bounds,,,,,,
306,1.0,validation,state_WA,concentration,auto_s:E8,auto_s,1.0,8.0,7.998197999765249,0.8688419437340152,0.8381524296675193,0.030689514066495893,,,1209,0.2602355855304159,0.7233793939355593,,0.05,36,cluster bounded differences plus within-pair bias; assumption-dependent sensitivity,0.11477303573196,0.22954607146392,0.00043580562659846543,False,,
306,1.0,test,source,evaluation,standard_c1:E2,standard_c1,1.0,2.0,1.9909995955023065,0.8585160666186121,0.8235917734191568,0.034924293199455336,0.004389231849414188,0.009739006698357146,1146,0.04808244831729689,0.7943959220202874,True,0.05,36,paired cluster influence sandwich; asymptotic Bonferroni bounds,,,,,0.031457208374959245,0.0034670848244960917
306,1.0,test,source,evaluation,standard_c1:E8,standard_c1,1.0,8.0,7.998197999765249,0.8585160666186121,0.8259512879851285,0.032564778633483615,0.004190390657492407,0.009655860322535096,1146,0.04512684237659578,0.7970046949868376,True,0.05,36,paired cluster influence sandwich; asymptotic Bonferroni bounds,,,,,0.031457208374959245,0.0011075702585243707
306,1.0,test,source,evaluation,standard_c5:E2,standard_c5,5.0,2.0,1.9909995955023065,0.8585160666186121,0.8360237490041351,0.02249231761447701,0.00379220146885918,0.009447290624843228,1146,0.03386067929535185,0.8077024117520124,True,0.05,36,paired cluster influence sandwich; asymptotic Bonferroni bounds,,,,,0.000932108366950235,0.021560209247526774
306,1.0,test,source,evaluation,standard_c5:E8,standard_c5,5.0,8.0,7.998197999765249,0.8585160666186121,0.8535214622035063,0.004994604415105797,0.00127099130724163,0.00888757761680195,1146,0.008804815711268165,0.8268780473838165,True,0.05,36,paired cluster influence sandwich; asymptotic Bonferroni bounds,,,,,0.000932108366950235,0.004062496048155562
306,1.0,test,source,evaluation,auto_s:E2,auto_s,1.0,2.0,1.9909995955023065,0.8585160666186121,0.8149693758404255,0.043546690778186625,0.005048081386471236,0.009946586356288898,1146,0.058679962432438025,0.7851512366627187,True,0.05,36,paired cluster influence sandwich; asymptotic Bonferroni bounds,,,,,0.0404995552857762,0.0030471354924104244
306,1.0,test,source,evaluation,auto_s:E8,auto_s,1.0,8.0,7.998197999765249,0.8585160666186121,0.8171244483225211,0.04139161829609106,0.004893626552503612,0.009877937097167031,1146,0.05606186117132781,0.7875121077062119,True,0.05,36,paired cluster influence sandwich; asymptotic Bonferroni bounds,,,,,0.0404995552857762,0.0008920630103148586
306,1.0,test,state_CO,evaluation,standard_c1:E2,standard_c1,1.0,2.0,1.9909995955023065,0.8482409460458241,0.8217062612184564,0.02653468482736776,0.004537849141031781,0.009543111995779507,1216,0.040136663527791105,0.7931012542937808,True,0.05,36,paired cluster influence sandwich; asymptotic Bonferroni bounds,,,,,0.023288987435328923,0.0032456973920388377
306,1.0,test,state_CO,evaluation,standard_c1:E8,standard_c1,1.0,8.0,7.998197999765249,0.8482409460458241,0.8241864639425615,0.024054482103262664,0.004305117436904487,0.009496171351103077,1216,0.03695885901392424,0.795722159282159,True,0.05,36,paired cluster influence sandwich; asymptotic Bonferroni bounds,,,,,0.023288987435328923,0.0007654946679337415
306,1.0,test,state_CO,evaluation,standard_c5:E2,standard_c5,5.0,2.0,1.9909995955023065,0.8482409460458241,0.8307707739415057,0.01747017210431845,0.004132927794683342,0.009364761271632388,1216,0.02985841906593703,0.8027003645046836,True,0.05,36,paired cluster influence sandwich; asymptotic Bonferroni bounds,,,,,0.0005786083834864453,0.016891563720832004
306,1.0,test,state_CO,evaluation,standard_c5:E8,standard_c5,5.0,8.0,7.998197999765249,0.8482409460458241,0.8471534156900011,0.0010875303558229854,0.0013166018610088856,0.008870497706954203,1216,0.00503397941435399,0.8205645368792984,True,0.05,36,paired cluster influence sandwich; asymptotic Bonferroni bounds,,,,,0.0005786083834864453,0.0005089219723365401
306,1.0,test,state_CO,evaluation,auto_s:E2,auto_s,1.0,2.0,1.9909995955023065,0.8482409460458241,0.8167363530778167,0.03150459296800745,0.005141653480219119,0.009616237211817234,1216,0.046916445356515096,0.7879121569293268,True,0.05,36,paired cluster influence sandwich; asymptotic Bonferroni bounds,,,,,0.0282483370288249,0.0032562559391825507
306,1.0,test,state_CO,evaluation,auto_s:E8,auto_s,1.0,8.0,7.998197999765249,0.8482409460458241,0.8189948263118997,0.029246119733924436,0.004950188107810239,0.009565741939472077,1216,0.04408406412407539,0.790321987248576,True,0.05,36,paired cluster influence sandwich; asymptotic Bonferroni bounds,,,,,0.0282483370288249,0.000997782705099537
306,1.0,test,state_UT,evaluation,standard_c1:E2,standard_c1,1.0,2.0,1.9909995955023065,0.8608444974772687,0.8372858635440692,0.023558633933199458,0.004325813363233949,0.009709446244055132,1116,0.036527430725628765,0.808176925008628,True,0.05,36,paired cluster influence sandwich; asymptotic Bonferroni bounds,,,,,0.0222563920594554,0.0013022418737440589
306,1.0,test,state_UT,evaluation,standard_c1:E8,standard_c1,1.0,8.0,7.998197999765249,0.8608444974772687,0.8384466330147885,0.022397864462480155,0.004085684177894971,0.009642415376635476,1116,0.034646753494888896,0.809538653148941,True,0.05,36,paired cluster influence sandwich; asymptotic Bonferroni bounds,,,,,0.0222563920594554,0.00014147240302475605
306,1.0,test,state_UT,evaluation,standard_c5:E2,standard_c5,5.0,2.0,1.9909995955023065,0.8608444974772687,0.8502618978870748,0.010582599590193809,0.0038054941839027936,0.009230726039709421,1116,0.021991478481101667,0.822588163446049,True,0.05,36,paired cluster influence sandwich; asymptotic Bonferroni bounds,,,,,0.00035310120263132294,0.010229498387562486
306,1.0,test,state_UT,evaluation,standard_c5:E8,standard_c5,5.0,8.0,7.998197999765249,0.8608444974772687,0.8616144784248787,-0.0007699809476100494,0.0012419222636616933,0.008731327936568608,1116,0.002953304390197821,0.8354379404586716,True,0.05,36,paired cluster influence sandwich; asymptotic Bonferroni bounds,,,,,0.00035310120263132294,-0.0011230821502413724
306,1.0,test,state_UT,evaluation,auto_s:E2,auto_s,1.0,2.0,1.9909995955023065,0.8608444974772687,0.8332417241543255,0.02760277332294314,0.004902582312066639,0.009854981159192895,1116,0.04230072453455484,0.8036964716630705,True,0.05,36,paired cluster influence sandwich; asymptotic Bonferroni bounds,,,,,0.0254917035712503,0.00211106975169284
306,1.0,test,state_UT,evaluation,auto_s:E8,auto_s,1.0,8.0,7.998197999765249,0.8608444974772687,0.8348100964911366,0.026034400986132078,0.0047065843270277675,0.009786832415215602,1116,0.04014474986119857,0.8054691540655474,True,0.05,36,paired cluster influence sandwich; asymptotic Bonferroni bounds,,,,,0.0254917035712503,0.0005426974148817765
307,1.0,validation,source,sandwich,standard_c1:E2,standard_c1,1.0,2.0,1.9909995955023065,0.8671483149090886,0.8436666593658053,0.023481655543283297,0.004042672347278331,0.009092138870506089,1149,0.03560081652111242,0.8164101604119329,True,0.05,36,paired cluster influence sandwich; asymptotic Bonferroni bounds,,,,,,
307,1.0,validation,source,concentration,standard_c1:E2,standard_c1,1.0,2.0,1.9909995955023065,0.8671483149090886,0.8436666593658053,0.023481655543283297,,,1149,0.26152933607420586,0.724642819100344,,0.05,36,cluster bounded differences plus within-pair bias; assumption-dependent sensitivity,0.11902384026546128,0.23804768053092257,0.0004359657109839371,False,,
307,1.0,validation,source,sandwich,standard_c1:E8,standard_c1,1.0,8.0,7.998197999765249,0.8671483149090886,0.8440056279209963,0.023142686988092298,0.003998195448775592,0.009079082439122121,1149,0.03512851470355299,0.8167882696592567,True,0.05,36,paired cluster influence sandwich; asymptotic Bonferroni bounds,,,,,,
307,1.0,validation,source,concentration,standard_c1:E8,standard_c1,1.0,8.0,7.998197999765249,0.8671483149090886,0.8440056279209963,0.023142686988092298,,,1149,0.26119036751901487,0.724981787655535,,0.05,36,cluster bounded differences plus within-pair bias; assumption-dependent sensitivity,0.11902384026546128,0.23804768053092257,0.0004359657109839371,False,,
307,1.0,validation,source,sandwich,standard_c5:E2,standard_c5,5.0,2.0,1.9909995955023065,0.8671483149090886,0.8561907652449805,0.010957549664108113,0.0027624196444783196,0.008791177796562192,1149,0.01923875711399926,0.829836490213767,True,0.05,36,paired cluster influence sandwich; asymptotic Bonferroni bounds,,,,,,
307,1.0,validation,source,concentration,standard_c5:E2,standard_c5,5.0,2.0,1.9909995955023065,0.8671483149090886,0.8561907652449805,0.010957549664108113,,,1149,0.24900523019503068,0.7371669249795192,,0.05,36,cluster bounded differences plus within-pair bias; assumption-dependent sensitivity,0.11902384026546128,0.23804768053092257,0.0004359657109839371,False,,
307,1.0,validation,source,sandwich,standard_c5:E8,standard_c5,5.0,8.0,7.998197999765249,0.8671483149090886,0.8660954264276572,0.0010528884814313688,0.0010202038935591166,0.008484020356710658,1149,0.004111265256530362,0.8406619508427815,True,0.05,36,paired cluster influence sandwich; asymptotic Bonferroni bounds,,,,,,
307,1.0,validation,source,concentration,standard_c5:E8,standard_c5,5.0,8.0,7.998197999765249,0.8671483149090886,0.8660954264276572,0.0010528884814313688,,,1149,0.23910056901235394,0.7470715861621959,,0.05,36,cluster bounded differences plus within-pair bias; assumption-dependent sensitivity,0.11902384026546128,0.23804768053092257,0.0004359657109839371,False,,
307,1.0,validation,source,sandwich,auto_s:E2,auto_s,1.0,2.0,1.9909995955023065,0.8671483149090886,0.8351533337296658,0.03199498117942279,0.004706452867672332,0.009302635753939945,1149,0.0461040296102922,0.8072658052496475,True,0.05,36,paired cluster influence sandwich; asymptotic Bonferroni bounds,,,,,,
307,1.0,validation,source,concentration,auto_s:E2,auto_s,1.0,2.0,1.9909995955023065,0.8671483149090886,0.8351533337296658,0.03199498117942279,,,1149,0.27004266171034536,0.7161294934642045,,0.05,36,cluster bounded differences plus within-pair bias; assumption-dependent sensitivity,0.11902384026546128,0.23804768053092257,0.0004359657109839371,False,,
307,1.0,validation,source,sandwich,auto_s:E8,auto_s,1.0,8.0,7.998197999765249,0.8671483149090886,0.8356816031856785,0.03146671172341009,0.004662173611021158,0.00928768602727146,1149,0.04544301938450243,0.8078388911361067,True,0.05,36,paired cluster influence sandwich; asymptotic Bonferroni bounds,,,,,,
307,1.0,validation,source,concentration,auto_s:E8,auto_s,1.0,8.0,7.998197999765249,0.8671483149090886,0.8356816031856785,0.03146671172341009,,,1149,0.26951439225433266,0.7166577629202172,,0.05,36,cluster bounded differences plus within-pair bias; assumption-dependent sensitivity,0.11902384026546128,0.23804768053092257,0.0004359657109839371,False,,
307,1.0,validation,state_OR,sandwich,standard_c1:E2,standard_c1,1.0,2.0,1.9909995955023065,0.8483437053284674,0.8235614730038838,0.024782232324583542,0.004839398520035944,0.009645447950824062,1212,0.03928818864097521,0.7946495232962073,True,0.05,36,paired cluster influence sandwich; asymptotic Bonferroni bounds,,,,,,
307,1.0,validation,state_OR,concentration,standard_c1:E2,standard_c1,1.0,2.0,1.9909995955023065,0.8483437053284674,0.8235614730038838,0.024782232324583542,,,1212,0.2584616423521454,0.7067217679901029,,0.05,36,cluster bounded differences plus within-pair bias; assumption-dependent sensitivity,0.11683970501378094,0.23367941002756187,0.00042785170902988215,False,,
307,1.0,validation,state_OR,sandwich,standard_c1:E8,standard_c1,1.0,8.0,7.998197999765249,0.8483437053284674,0.8246603996157074,0.023683305712760006,0.004756401038932266,0.009602868852524335,1212,0.03794047949341384,0.7958760795168283,True,0.05,36,paired cluster influence sandwich; asymptotic Bonferroni bounds,,,,,,
307,1.0,validation,state_OR,concentration,standard_c1:E8,standard_c1,1.0,8.0,7.998197999765249,0.8483437053284674,0.8246603996157074,0.023683305712760006,,,1212,0.2573627157403219,0.7078206946019264,,0.05,36,cluster bounded differences plus within-pair bias; assumption-dependent sensitivity,0.11683970501378094,0.23367941002756187,0.00042785170902988215,False,,
307,1.0,validation,state_OR,sandwich,standard_c5:E2,standard_c5,5.0,2.0,1.9909995955023065,0.8483437053284674,0.8321494628636878,0.016194242464779518,0.0036164872703157735,0.009344761234327393,1212,0.02703455787686869,0.8041388128436402,True,0.05,36,paired cluster influence sandwich; asymptotic Bonferroni bounds,,,,,,
307,1.0,validation,state_OR,concentration,standard_c5:E2,standard_c5,5.0,2.0,1.9909995955023065,0.8483437053284674,0.8321494628636878,0.016194242464779518,,,1212,0.2498736524923414,0.7153097578499069,,0.05,36,cluster bounded differences plus within-pair bias; assumption-dependent sensitivity,0.11683970501378094,0.23367941002756187,0.00042785170902988215,False,,
307,1.0,validation,state_OR,sandwich,standard_c5:E8,standard_c5,5.0,8.0,7.998197999765249,0.8483437053284674,0.8469142162851193,0.0014294890433480534,0.0011962213123086953,0.008958571866796898,1212,0.005015127636500694,0.8200611576624445,True,0.05,36,paired cluster influence sandwich; asymptotic Bonferroni bounds,,,,,,
307,1.0,validation,state_OR,concentration,standard_c5:E8,standard_c5,5.0,8.0,7.998197999765249,0.8483437053284674,0.8469142162851193,0.0014294890433480534,,,1212,0.23510889907090993,0.7300745112713384,,0.05,36,cluster bounded differences plus within-pair bias; assumption-dependent sensitivity,0.11683970501378094,0.23367941002756187,0.00042785170902988215,False,,
307,1.0,validation,state_OR,sandwich,auto_s:E2,auto_s,1.0,2.0,1.9909995955023065,0.8483437053284674,0.8154046515330248,0.0329390537954426,0.005597958347427748,0.009899826843850944,1212,0.04971877113274589,0.7857302084917691,True,0.05,36,paired cluster influence sandwich; asymptotic Bonferroni bounds,,,,,,
307,1.0,validation,state_OR,concentration,auto_s:E2,auto_s,1.0,2.0,1.9909995955023065,0.8483437053284674,0.8154046515330248,0.0329390537954426,,,1212,0.26661846382300447,0.6985649465192438,,0.05,36,cluster bounded differences plus within-pair bias; assumption-dependent sensitivity,0.11683970501378094,0.23367941002756187,0.00042785170902988215,False,,
307,1.0,validation,state_OR,sandwich,auto_s:E8,auto_s,1.0,8.0,7.998197999765249,0.8483437053284674,0.816966807772971,0.03137689755549633,0.005514323109737254,0.00985357410917696,1212,0.04790592070024109,0.787431005958702,True,0.05,36,paired cluster influence sandwich; asymptotic Bonferroni bounds,,,,,,
307,1.0,validation,state_OR,concentration,auto_s:E8,auto_s,1.0,8.0,7.998197999765249,0.8483437053284674,0.816966807772971,0.03137689755549633,,,1212,0.2650563075830582,0.7001271027591901,,0.05,36,cluster bounded differences plus within-pair bias; assumption-dependent sensitivity,0.11683970501378094,0.23367941002756187,0.00042785170902988215,False,,
307,1.0,validation,state_WA,sandwich,standard_c1:E2,standard_c1,1.0,2.0,1.9909995955023065,0.8490566233636787,0.8187857166589142,0.03027090670476451,0.004586094527626976,0.009624846340234519,1185,0.044018236595217086,0.7899341661758097,True,0.05,36,paired cluster influence sandwich; asymptotic Bonferroni bounds,,,,,,
307,1.0,validation,state_WA,concentration,standard_c1:E2,standard_c1,1.0,2.0,1.9909995955023065,0.8490566233636787,0.8187857166589142,0.03027090670476451,,,1185,0.2617186731091777,0.7030618334567077,,0.05,36,cluster bounded differences plus within-pair bias; assumption-dependent sensitivity,0.11572388320220658,0.23144776640441317,0.0004090803375639578,False,,
307,1.0,validation,state_WA,sandwich,standard_c1:E8,standard_c1,1.0,8.0,7.998197999765249,0.8490566233636787,0.8198883646753937,0.029168258688284987,0.0045482662882918665,0.009606543893118049,1185,0.04280219421187879,0.7910916778190193,True,0.05,36,paired cluster influence sandwich; asymptotic Bonferroni bounds,,,,,,
307,1.0,validation,state_WA,concentration,standard_c1:E8,standard_c1,1.0,8.0,7.998197999765249,0.8490566233636787,0.8198883646753937,0.029168258688284987,,,1185,0.26061602509269816,0.7041644814731872,,0.05,36,cluster bounded differences plus within-pair bias; assumption-dependent sensitivity,0.11572388320220658,0.23144776640441317,0.0004090803375639578,False,,
307,1.0,validation,state_WA,sandwich,standard_c5:E2,standard_c5,5.0,2.0,1.9909995955023065,0.8490566233636787,0.8335001495115955,0.015556473852083252,0.0032637066275635336,0.009191141651211562,1185,0.02533979850980425,0.8059486772102897,True,0.05,36,paired cluster influence sandwich; asymptotic Bonferroni bounds,,,,,,
307,1.0,validation,state_WA,concentration,standard_c5:E2,standard_c5,5.0,2.0,1.9909995955023065,0.8490566233636787,0.8335001495115955,0.015556473852083252,,,1185,0.24700424025649642,0.7177762663093888,,0.05,36,cluster bounded differences plus within-pair bias; assumption-dependent sensitivity,0.11572388320220658,0.23144776640441317,0.0004090803375639578,False,,
307,1.0,validation,state_WA,sandwich,standard_c5:E8,standard_c5,5.0,8.0,7.998197999765249,0.8490566233636787,0.8466509402618115,0.002405683101867173,0.0011069452085744821,0.008800357675667725,1185,0.005723874835870394,0.8202708865161725,True,0.05,36,paired cluster influence sandwich; asymptotic Bonferroni bounds,,,,,,
307,1.0,validation,state_WA,concentration,standard_c5:E8,standard_c5,5.0,8.0,7.998197999765249,0.8490566233636787,0.8466509402618115,0.002405683101867173,,,1185,0.23385344950628034,0.730927057059605,,0.05,36,cluster bounded differences plus within-pair bias; assumption-dependent sensitivity,0.11572388320220658,0.23144776640441317,0.0004090803375639578,False,,
307,1.0,validation,state_WA,sandwich,auto_s:E2,auto_s,1.0,2.0,1.9909995955023065,0.8490566233636787,0.8113163665359826,0.037740256827696106,0.0052616897585557,0.009803115505331276,1185,0.053512758780356356,0.7819304343459339,True,0.05,36,paired cluster influence sandwich; asymptotic Bonferroni bounds,,,,,,
307,1.0,validation,state_WA,concentration,auto_s:E2,auto_s,1.0,2.0,1.9909995955023065,0.8490566233636787,0.8113163665359826,0.037740256827696106,,,1185,0.2691880232321093,0.695592483333776,,0.05,36,cluster bounded differences plus within-pair bias; assumption-dependent sensitivity,0.11572388320220658,0.23144776640441317,0.0004090803375639578,False,,
307,1.0,validation,state_WA,sandwich,auto_s:E8,auto_s,1.0,8.0,7.998197999765249,0.8490566233636787,0.8124885789753472,0.0365680443883315,0.005223227279997509,0.009781494166524834,1185,0.05222525077131723,0.7831674591600664,True,0.05,36,paired cluster influence sandwich; asymptotic Bonferroni bounds,,,,,,
307,1.0,validation,state_WA,concentration,auto_s:E8,auto_s,1.0,8.0,7.998197999765249,0.8490566233636787,0.8124885789753472,0.0365680443883315,,,1185,0.26801581079274467,0.6967646957731407,,0.05,36,cluster bounded differences plus within-pair bias; assumption-dependent sensitivity,0.11572388320220658,0.23144776640441317,0.0004090803375639578,False,,
307,1.0,test,source,evaluation,standard_c1:E2,standard_c1,1.0,2.0,1.9909995955023065,0.8775929513678936,0.8464477131845125,0.031145238183381108,0.004334325862310657,0.008627578210169283,1161,0.044138429078718115,0.8205844591952478,True,0.05,36,paired cluster influence sandwich; asymptotic Bonferroni bounds,,,,,0.029911233963086814,0.0012340042202942936
307,1.0,test,source,evaluation,standard_c1:E8,standard_c1,1.0,8.0,7.998197999765249,0.8775929513678936,0.8473577912969796,0.03023516007091398,0.0042711771351144475,0.008592481485092038,1161,0.04303904737133842,0.8215997482362921,True,0.05,36,paired cluster influence sandwich; asymptotic Bonferroni bounds,,,,,0.029911233963086814,0.000323926107827166
307,1.0,test,source,evaluation,standard_c5:E2,standard_c5,5.0,2.0,1.9909995955023065,0.8775929513678936,0.8620064497287248,0.01558650163916886,0.002912111428845899,0.008165278598859314,1161,0.024316260523360347,0.8375290507239277,True,0.05,36,paired cluster influence sandwich; asymptotic Bonferroni bounds,,,,,0.000318784423576024,0.015267717215592835
307,1.0,test,source,evaluation,standard_c5:E8,standard_c5,5.0,8.0,7.998197999765249,0.8775929513678936,0.8752668534126387,0.0023260979552549577,0.0010667849607346241,0.0077321130655887745,1161,0.005524044090230192,0.852087972941486,True,0.05,36,paired cluster influence sandwich; asymptotic Bonferroni bounds,,,,,0.000318784423576024,0.0020073135316789337
307,1.0,test,source,evaluation,auto_s:E2,auto_s,1.0,2.0,1.9909995955023065,0.8775929513678936,0.837820995347804,0.03977195602008965,0.004996593584498797,0.008907056354555791,1161,0.054750454714509206,0.811119937973089,True,0.05,36,paired cluster influence sandwich; asymptotic Bonferroni bounds,,,,,0.038201685649764894,0.0015702703703247556
307,1.0,test,source,evaluation,auto_s:E8,auto_s,1.0,8.0,7.998197999765249,0.8775929513678936,0.838968619272678,0.03862433209521565,0.0049252182281678495,0.008858336681021905,1161,0.05338886588263665,0.812413610911972,True,0.05,36,paired cluster influence sandwich; asymptotic Bonferroni bounds,,,,,0.038201685649764894,0.00042264644545075836
307,1.0,test,state_CO,evaluation,standard_c1:E2,standard_c1,1.0,2.0,1.9909995955023065,0.8452038018240948,0.8180774489957613,0.027126352828333533,0.004390847936381454,0.009526191789415788,1199,0.040288085633978815,0.7895223287082319,True,0.05,36,paired cluster influence sandwich; asymptotic Bonferroni bounds,,,,,0.02598039061360402,0.0011459622147295123
307,1.0,test,state_CO,evaluation,standard_c1:E8,standard_c1,1.0,8.0,7.998197999765249,0.8452038018240948,0.8189316735770706,0.026272128247024185,0.004307901915406443,0.009493303226152786,1199,0.03918522721674933,0.7904751380021756,True,0.05,36,paired cluster influence sandwich; asymptotic Bonferroni bounds,,,,,0.02598039061360402,0.0002917376334201638
307,1.0,test,state_CO,evaluation,standard_c5:E2,standard_c5,5.0,2.0,1.9909995955023065,0.8452038018240948,0.8320619659128712,0.013141835911223643,0.003520490504468782,0.009345939003602349,1199,0.023694639386994953,0.8040471601702142,True,0.05,36,paired cluster influence sandwich; asymptotic Bonferroni bounds,,,,,-0.00010284276286021132,0.013244678674083854
307,1.0,test,state_CO,evaluation,standard_c5:E8,standard_c5,5.0,8.0,7.998197999765249,0.8452038018240948,0.8455091818648333,-0.0003053800407384344,0.0012030290770577697,0.008919170142478746,1199,0.003300745131226721,0.818773631929087,True,0.05,36,paired cluster influence sandwich; asymptotic Bonferroni bounds,,,,,-0.00010284276286021132,-0.00020253727787822307
307,1.0,test,state_CO,evaluation,auto_s:E2,auto_s,1.0,2.0,1.9909995955023065,0.8452038018240948,0.8106496829189714,0.03455411890512339,0.005005109691066503,0.009670421053650242,1199,0.04955712455943721,0.7816622299553592,True,0.05,36,paired cluster influence sandwich; asymptotic Bonferroni bounds,,,,,0.03259905699482957,0.0019550619102938205
307,1.0,test,state_CO,evaluation,auto_s:E8,auto_s,1.0,8.0,7.998197999765249,0.8452038018240948,0.8120579991205895,0.03314580270350531,0.0049149675319774665,0.009631373443203882,1199,0.04787860382565499,0.7831875928465553,True,0.05,36,paired cluster influence sandwich; asymptotic Bonferroni bounds,,,,,0.03259905699482957,0.0005467457086757443
307,1.0,test,state_UT,evaluation,standard_c1:E2,standard_c1,1.0,2.0,1.9909995955023065,0.8722503964544647,0.8447206449302659,0.027529751524198787,0.004269872618629539,0.008926844902267458,1110,0.04033099262599137,0.8179576231544754,True,0.05,36,paired cluster influence sandwich; asymptotic Bonferroni bounds,,,,,0.024067460040645194,0.0034622914835535923
307,1.0,test,state_UT,evaluation,standard_c1:E8,standard_c1,1.0,8.0,7.998197999765249,0.8722503964544647,0.8471819179560156,0.025068478498449065,0.004136131047503253,0.008821249295452591,1110,0.03746875726477282,0.8207354758402903,True,0.05,36,paired cluster influence sandwich; asymptotic Bonferroni bounds,,,,,0.024067460040645194,0.0010010184578038706
307,1.0,test,state_UT,evaluation,standard_c5:E2,standard_c5,5.0,2.0,1.9909995955023065,0.8722503964544647,0.8492851030781609,0.02296529337630382,0.003389795890238225,0.008865162856011678,1110,0.03312803085176809,0.8227070064315949,True,0.05,36,paired cluster influence sandwich; asymptotic Bonferroni bounds,,,,,1.5114099827462368e-05,0.022950179276476357
307,1.0,test,state_UT,evaluation,standard_c5:E8,standard_c5,5.0,8.0,7.998197999765249,0.8722503964544647,0.868548604619799,0.0037017918346656797,0.0012699276371609094,0.00809341325891337,1110,0.007509083367016901,0.8442842427248419,True,0.05,36,paired cluster influence sandwich; asymptotic Bonferroni bounds,,,,,1.5114099827462368e-05,0.0036866777348382174
307,1.0,test,state_UT,evaluation,auto_s:E2,auto_s,1.0,2.0,1.9909995955023065,0.8722503964544647,0.8403474382763416,0.03190295817812305,0.0048655619603295034,0.009084947067223832,1110,0.04649009866520383,0.8131104201748782,True,0.05,36,paired cluster influence sandwich; asymptotic Bonferroni bounds,,,,,0.028645869665304136,0.0032570885128189175
307,1.0,test,state_UT,evaluation,auto_s:E8,auto_s,1.0,8.0,7.998197999765249,0.8722503964544647,0.8426790788304942,0.029571317623970472,0.004719169556953553,0.008988491091297849,1110,0.04371956809758572,0.8157312394268097,True,0.05,36,paired cluster influence sandwich; asymptotic Bonferroni bounds,,,,,0.028645869665304136,0.0009254479586663367
308,1.0,validation,source,sandwich,standard_c1:E2,standard_c1,1.0,2.0,1.9909995955023065,0.8572770212979738,0.8328458165316895,0.024431204766284242,0.0037105777605417377,0.00917844376658508,1129,0.03555523754607193,0.8053295331074004,True,0.05,36,paired cluster influence sandwich; asymptotic Bonferroni bounds,,,,,,
308,1.0,validation,source,concentration,standard_c1:E2,standard_c1,1.0,2.0,1.9909995955023065,0.8572770212979738,0.8328458165316895,0.024431204766284242,,,1129,0.2660026243307654,0.712060106749449,,0.05,36,cluster bounded differences plus within-pair bias; assumption-dependent sensitivity,0.12078570978224058,0.24157141956448117,0.00044496801664221393,False,,
308,1.0,validation,source,sandwich,standard_c1:E8,standard_c1,1.0,8.0,7.998197999765249,0.8572770212979738,0.8328499176194006,0.024427103678573148,0.0036274854905839608,0.009178769264918183,1129,0.035302032088527516,0.8053326583756136,True,0.05,36,paired cluster influence sandwich; asymptotic Bonferroni bounds,,,,,,
308,1.0,validation,source,concentration,standard_c1:E8,standard_c1,1.0,8.0,7.998197999765249,0.8572770212979738,0.8328499176194006,0.024427103678573148,,,1129,0.2659985232430543,0.7120642078371601,,0.05,36,cluster bounded differences plus within-pair bias; assumption-dependent sensitivity,0.12078570978224058,0.24157141956448117,0.00044496801664221393,False,,
308,1.0,validation,source,sandwich,standard_c5:E2,standard_c5,5.0,2.0,1.9909995955023065,0.8572770212979738,0.8516657080374143,0.005611313260559525,0.002792927223825075,0.008737207392863135,1129,0.01398429881547095,0.8254722180436018,True,0.05,36,paired cluster influence sandwich; asymptotic Bonferroni bounds,,,,,,
308,1.0,validation,source,concentration,standard_c5:E2,standard_c5,5.0,2.0,1.9909995955023065,0.8572770212979738,0.8516657080374143,0.005611313260559525,,,1129,0.2471827328250407,0.7308799982551737,,0.05,36,cluster bounded differences plus within-pair bias; assumption-dependent sensitivity,0.12078570978224058,0.24157141956448117,0.00044496801664221393,False,,
308,1.0,validation,source,sandwich,standard_c5:E8,standard_c5,5.0,8.0,7.998197999765249,0.8572770212979738,0.8572965014646009,-1.9480166627117157e-05,0.0009032335664259825,0.00857522168318707,1129,0.0026883460666816917,0.831588632433501,True,0.05,36,paired cluster influence sandwich; asymptotic Bonferroni bounds,,,,,,
308,1.0,validation,source,concentration,standard_c5:E8,standard_c5,5.0,8.0,7.998197999765249,0.8572770212979738,0.8572965014646009,-1.9480166627117157e-05,,,1129,0.24155193939785405,0.7365107916823603,,0.05,36,cluster bounded differences plus within-pair bias; assumption-dependent sensitivity,0.12078570978224058,0.24157141956448117,0.00044496801664221393,False,,
308,1.0,validation,source,sandwich,auto_s:E2,auto_s,1.0,2.0,1.9909995955023065,0.8572770212979738,0.826103628334825,0.031173392963148805,0.004325745962078516,0.009327458369312525,1129,0.044141653698956757,0.7981406103499414,True,0.05,36,paired cluster influence sandwich; asymptotic Bonferroni bounds,,,,,,
308,1.0,validation,source,concentration,auto_s:E2,auto_s,1.0,2.0,1.9909995955023065,0.8572770212979738,0.826103628334825,0.031173392963148805,,,1129,0.27274481252762994,0.7053179185525844,,0.05,36,cluster bounded differences plus within-pair bias; assumption-dependent sensitivity,0.12078570978224058,0.24157141956448117,0.00044496801664221393,False,,
308,1.0,validation,source,sandwich,auto_s:E8,auto_s,1.0,8.0,7.998197999765249,0.8572770212979738,0.8263537946851953,0.030923226612778465,0.004264649391273326,0.009313908898848611,1129,0.043708324428893205,0.7984313969927073,True,0.05,36,paired cluster influence sandwich; asymptotic Bonferroni bounds,,,,,,
308,1.0,validation,source,concentration,auto_s:E8,auto_s,1.0,8.0,7.998197999765249,0.8572770212979738,0.8263537946851953,0.030923226612778465,,,1129,0.2724946461772596,0.7055680849029548,,0.05,36,cluster bounded differences plus within-pair bias; assumption-dependent sensitivity,0.12078570978224058,0.24157141956448117,0.00044496801664221393,False,,
308,1.0,validation,state_OR,sandwich,standard_c1:E2,standard_c1,1.0,2.0,1.9909995955023065,0.8302636932467918,0.8030375666826466,0.027226126564145248,0.004613477494864304,0.010182816700578762,1218,0.04105475092267049,0.7725151793466782,True,0.05,36,paired cluster influence sandwich; asymptotic Bonferroni bounds,,,,,,
308,1.0,validation,state_OR,concentration,standard_c1:E2,standard_c1,1.0,2.0,1.9909995955023065,0.8302636932467918,0.8030375666826466,0.027226126564145248,,,1218,0.2623688328009083,0.6854662135642651,,0.05,36,cluster bounded differences plus within-pair bias; assumption-dependent sensitivity,0.1175713531183815,0.235142706236763,0.00041026756925531896,False,,
308,1.0,validation,state_OR,sandwich,standard_c1:E8,standard_c1,1.0,8.0,7.998197999765249,0.8302636932467918,0.8043477028982797,0.025915990348512108,0.004572391551346655,0.010181752740841073,1218,0.039621462035337174,0.7738285047183355,True,0.05,36,paired cluster influence sandwich; asymptotic Bonferroni bounds,,,,,,
308,1.0,validation,state_OR,concentration,standard_c1:E8,standard_c1,1.0,8.0,7.998197999765249,0.8302636932467918,0.8043477028982797,0.025915990348512108,,,1218,0.26105869658527514,0.6867763497798982,,0.05,36,cluster bounded differences plus within-pair bias; assumption-dependent sensitivity,0.1175713531183815,0.235142706236763,0.00041026756925531896,False,,
308,1.0,validation,state_OR,sandwich,standard_c5:E2,standard_c5,5.0,2.0,1.9909995955023065,0.8302636932467918,0.8159145283452958,0.01434916490149607,0.0036064460856337507,0.009840779199981374,1218,0.025159272514033534,0.7864173780712954,True,0.05,36,paired cluster influence sandwich; asymptotic Bonferroni bounds,,,,,,
308,1.0,validation,state_OR,concentration,standard_c5:E2,standard_c5,5.0,2.0,1.9909995955023065,0.8302636932467918,0.8159145283452958,0.01434916490149607,,,1218,0.24949187113825907,0.6983431752269142,,0.05,36,cluster bounded differences plus within-pair bias; assumption-dependent sensitivity,0.1175713531183815,0.235142706236763,0.00041026756925531896,False,,
308,1.0,validation,state_OR,sandwich,standard_c5:E8,standard_c5,5.0,8.0,7.998197999765249,0.8302636932467918,0.8268625524309487,0.0034011408158430845,0.0010606490670749394,0.009592644652448447,1218,0.006580373301777426,0.7981091707029152,True,0.05,36,paired cluster influence sandwich; asymptotic Bonferroni bounds,,,,,,
308,1.0,validation,state_OR,concentration,standard_c5:E8,standard_c5,5.0,8.0,7.998197999765249,0.8302636932467918,0.8268625524309487,0.0034011408158430845,,,1218,0.2385438470526061,0.7092911993125672,,0.05,36,cluster bounded differences plus within-pair bias; assumption-dependent sensitivity,0.1175713531183815,0.235142706236763,0.00041026756925531896,False,,
308,1.0,validation,state_OR,sandwich,auto_s:E2,auto_s,1.0,2.0,1.9909995955023065,0.8302636932467918,0.7974541877325465,0.03280950551424533,0.0053624351443219195,0.010363507576826862,1218,0.0488830858753354,0.7663901902434065,True,0.05,36,paired cluster influence sandwich; asymptotic Bonferroni bounds,,,,,,
308,1.0,validation,state_OR,concentration,auto_s:E2,auto_s,1.0,2.0,1.9909995955023065,0.8302636932467918,0.7974541877325465,0.03280950551424533,,,1218,0.26795221175100836,0.679882834614165,,0.05,36,cluster bounded differences plus within-pair bias; assumption-dependent sensitivity,0.1175713531183815,0.235142706236763,0.00041026756925531896,False,,
308,1.0,validation,state_OR,sandwich,auto_s:E8,auto_s,1.0,8.0,7.998197999765249,0.8302636932467918,0.7985257567566648,0.03173793649012702,0.005335540252164823,0.010361082183432558,1218,0.047730901011816644,0.7674690292399499,True,0.05,36,paired cluster influence sandwich; asymptotic Bonferroni bounds,,,,,,
308,1.0,validation,state_OR,concentration,auto_s:E8,auto_s,1.0,8.0,7.998197999765249,0.8302636932467918,0.7985257567566648,0.03173793649012702,,,1218,0.26688064272689005,0.6809544036382833,,0.05,36,cluster bounded differences plus within-pair bias; assumption-dependent sensitivity,0.1175713531183815,0.235142706236763,0.00041026756925531896,False,,
308,1.0,validation,state_WA,sandwich,standard_c1:E2,standard_c1,1.0,2.0,1.9909995955023065,0.8448433676041804,0.81938823827801,0.025455129326170445,0.004153948361468972,0.009452761381704087,1204,0.03790663907127231,0.7910534733218111,True,0.05,36,paired cluster influence sandwich; asymptotic Bonferroni bounds,,,,,,
308,1.0,validation,state_WA,concentration,standard_c1:E2,standard_c1,1.0,2.0,1.9909995955023065,0.8448433676041804,0.81938823827801,0.025455129326170445,,,1204,0.25475229422978224,0.7047396558262041,,0.05,36,cluster bounded differences plus within-pair bias; assumption-dependent sensitivity,0.1146485824518059,0.2292971649036118,0.00043669506718661,False,,
308,1.0,validation,state_WA,sandwich,standard_c1:E8,standard_c1,1.0,8.0,7.998197999765249,0.8448433676041804,0.8203638989199211,0.02447946868425932,0.00411389862079412,0.009451497914793931,1204,0.036810928854136,0.7920329212208509,True,0.05,36,paired cluster influence sandwich; asymptotic Bonferroni bounds,,,,,,
308,1.0,validation,state_WA,concentration,standard_c1:E8,standard_c1,1.0,8.0,7.998197999765249,0.8448433676041804,0.8203638989199211,0.02447946868425932,,,1204,0.2537766335878711,0.7057153164681153,,0.05,36,cluster bounded differences plus within-pair bias; assumption-dependent sensitivity,0.1146485824518059,0.2292971649036118,0.00043669506718661,False,,
308,1.0,validation,state_WA,sandwich,standard_c5:E2,standard_c5,5.0,2.0,1.9909995955023065,0.8448433676041804,0.8390773563891967,0.005766011214983768,0.003140323546409202,0.00883819638413536,1204,0.015179168490501603,0.8125847573412709,True,0.05,36,paired cluster influence sandwich; asymptotic Bonferroni bounds,,,,,,
308,1.0,validation,state_WA,concentration,standard_c5:E2,standard_c5,5.0,2.0,1.9909995955023065,0.8448433676041804,0.8390773563891967,0.005766011214983768,,,1204,0.23506317611859556,0.7244287739373908,,0.05,36,cluster bounded differences plus within-pair bias; assumption-dependent sensitivity,0.1146485824518059,0.2292971649036118,0.00043669506718661,False,,
308,1.0,validation,state_WA,sandwich,standard_c5:E8,standard_c5,5.0,8.0,7.998197999765249,0.8448433676041804,0.8427427313793531,0.002100636224827368,0.000983558833436156,0.008781393691592906,1204,0.005048865555988446,0.8164203990796375,True,0.05,36,paired cluster influence sandwich; asymptotic Bonferroni bounds,,,,,,
308,1.0,validation,state_WA,concentration,standard_c5:E8,standard_c5,5.0,8.0,7.998197999765249,0.8448433676041804,0.8427427313793531,0.002100636224827368,,,1204,0.23139780112843916,0.7280941489275472,,0.05,36,cluster bounded differences plus within-pair bias; assumption-dependent sensitivity,0.1146485824518059,0.2292971649036118,0.00043669506718661,False,,
308,1.0,validation,state_WA,sandwich,auto_s:E2,auto_s,1.0,2.0,1.9909995955023065,0.8448433676041804,0.8145958422947865,0.030247525309393897,0.004810005541553015,0.009572863540534856,1204,0.044665574274610605,0.7859010696853966,True,0.05,36,paired cluster influence sandwich; asymptotic Bonferroni bounds,,,,,,
308,1.0,validation,state_WA,concentration,auto_s:E2,auto_s,1.0,2.0,1.9909995955023065,0.8448433676041804,0.8145958422947865,0.030247525309393897,,,1204,0.2595446902130057,0.6999472598429807,,0.05,36,cluster bounded differences plus within-pair bias; assumption-dependent sensitivity,0.1146485824518059,0.2292971649036118,0.00043669506718661,False,,
308,1.0,validation,state_WA,sandwich,auto_s:E8,auto_s,1.0,8.0,7.998197999765249,0.8448433676041804,0.8152570211260187,0.029586346478161718,0.004774341019712835,0.009572246409618927,1204,0.04389749061389943,0.786564098373908,True,0.05,36,paired cluster influence sandwich; asymptotic Bonferroni bounds,,,,,,
308,1.0,validation,state_WA,concentration,auto_s:E8,auto_s,1.0,8.0,7.998197999765249,0.8448433676041804,0.8152570211260187,0.029586346478161718,,,1204,0.2588835113817735,0.7006084386742129,,0.05,36,cluster bounded differences plus within-pair bias; assumption-dependent sensitivity,0.1146485824518059,0.2292971649036118,0.00043669506718661,False,,
308,1.0,test,source,evaluation,standard_c1:E2,standard_c1,1.0,2.0,1.9909995955023065,0.8739301210418027,0.8493769180547102,0.024553202987092515,0.0038468022037735686,0.008829699396542937,1146,0.03608524819260221,0.8229070120917499,True,0.05,36,paired cluster influence sandwich; asymptotic Bonferroni bounds,,,,,0.023027695684948446,0.001525507302144069
308,1.0,test,source,evaluation,standard_c1:E8,standard_c1,1.0,8.0,7.998197999765249,0.8739301210418027,0.8506006882130117,0.023329432828790964,0.0038203672814915144,0.008813080184633481,1146,0.0347822307263778,0.8241806037622758,True,0.05,36,paired cluster influence sandwich; asymptotic Bonferroni bounds,,,,,0.023027695684948446,0.0003017371438425176
308,1.0,test,source,evaluation,standard_c5:E2,standard_c5,5.0,2.0,1.9909995955023065,0.8739301210418027,0.859572900009357,0.014357221032445633,0.0027918614125446465,0.008542767507744463,1146,0.022726736882623756,0.8339631660378967,True,0.05,36,paired cluster influence sandwich; asymptotic Bonferroni bounds,,,,,0.0008400277976657877,0.013517193234779845
308,1.0,test,source,evaluation,standard_c5:E8,standard_c5,5.0,8.0,7.998197999765249,0.8739301210418027,0.8709106469055122,0.0030194741362904454,0.0008752986286796107,0.008258108989828058,1146,0.0056434674740170635,0.8461542697543025,True,0.05,36,paired cluster influence sandwich; asymptotic Bonferroni bounds,,,,,0.0008400277976657877,0.0021794463386246576
308,1.0,test,source,evaluation,auto_s:E2,auto_s,1.0,2.0,1.9909995955023065,0.8739301210418027,0.844920775601135,0.02900934544066769,0.004465483942551467,0.008941444411798425,1146,0.04239609109644,0.8181158774812729,True,0.05,36,paired cluster influence sandwich; asymptotic Bonferroni bounds,,,,,0.02789859529269023,0.0011107501479774573
308,1.0,test,source,evaluation,auto_s:E8,auto_s,1.0,8.0,7.998197999765249,0.8739301210418027,0.8457744709349331,0.0281556501068696,0.00444238196517932,0.008923659018055271,1146,0.04147314004496271,0.8190228903379846,True,0.05,36,paired cluster influence sandwich; asymptotic Bonferroni bounds,,,,,0.02789859529269023,0.0002570548141793694
308,1.0,test,state_CO,evaluation,standard_c1:E2,standard_c1,1.0,2.0,1.9909995955023065,0.8475305892197719,0.8154165920757371,0.032113997144034734,0.004036724552701438,0.009535982725513826,1203,0.04421414797187706,0.7868323209014264,True,0.05,36,paired cluster influence sandwich; asymptotic Bonferroni bounds,,,,,0.03179134800727723,0.0003226491367575024
308,1.0,test,state_CO,evaluation,standard_c1:E8,standard_c1,1.0,8.0,7.998197999765249,0.8475305892197719,0.8157767101445051,0.03175387907526672,0.00399663564509577,0.009524339250178865,1203,0.04373386271750621,0.7872273404864791,True,0.05,36,paired cluster influence sandwich; asymptotic Bonferroni bounds,,,,,0.03179134800727723,-3.746893201050927e-05
308,1.0,test,state_CO,evaluation,standard_c5:E2,standard_c5,5.0,2.0,1.9909995955023065,0.8475305892197719,0.8359422811918451,0.011588308027926764,0.003276843202093574,0.008963240090852437,1203,0.021410701522173847,0.8090748158521808,True,0.05,36,paired cluster influence sandwich; asymptotic Bonferroni bounds,,,,,0.0017683254301640305,0.009819982597762733
308,1.0,test,state_CO,evaluation,standard_c5:E8,standard_c5,5.0,8.0,7.998197999765249,0.8475305892197719,0.8455676335038864,0.0019629557158854505,0.0010027584140952339,0.00862040037633977,1203,0.004968741197661848,0.8197278360670522,True,0.05,36,paired cluster influence sandwich; asymptotic Bonferroni bounds,,,,,0.0017683254301640305,0.00019463028572141994
308,1.0,test,state_CO,evaluation,auto_s:E2,auto_s,1.0,2.0,1.9909995955023065,0.8475305892197719,0.810695506642409,0.0368350825773629,0.004643589028211931,0.009651950943458894,1203,0.05075432004088421,0.7817636187530979,True,0.05,36,paired cluster influence sandwich; asymptotic Bonferroni bounds,,,,,0.03682831735352776,6.76522383513678e-06
308,1.0,test,state_CO,evaluation,auto_s:E8,auto_s,1.0,8.0,7.998197999765249,0.8475305892197719,0.8107392203964213,0.036791368823350545,0.004624601774984799,0.009640724211371124,1203,0.05065369167086196,0.78184098482839,True,0.05,36,paired cluster influence sandwich; asymptotic Bonferroni bounds,,,,,0.03682831735352776,-3.6948530177216554e-05
308,1.0,test,state_UT,evaluation,standard_c1:E2,standard_c1,1.0,2.0,1.9909995955023065,0.8679997052076472,0.8337616790998071,0.0342380261078401,0.004137404089058579,0.00927098749366413,1112,0.04664207133171247,0.8059670171170731,True,0.05,36,paired cluster influence sandwich; asymptotic Bonferroni bounds,,,,,0.032805007726601,0.001433018381239104
308,1.0,test,state_UT,evaluation,standard_c1:E8,standard_c1,1.0,8.0,7.998197999765249,0.8679997052076472,0.8348209428910005,0.03317876231664674,0.0040629319737086845,0.009228601664176514,1112,0.045359538198962546,0.8071533547290726,True,0.05,36,paired cluster influence sandwich; asymptotic Bonferroni bounds,,,,,0.032805007726601,0.0003737545900457384
308,1.0,test,state_UT,evaluation,standard_c5:E2,standard_c5,5.0,2.0,1.9909995955023065,0.8679997052076472,0.8432465060672243,0.024753199140422955,0.0038098244665973812,0.009034911341077392,1112,0.036175152123855664,0.8161596065389015,True,0.05,36,paired cluster influence sandwich; asymptotic Bonferroni bounds,,,,,0.0016307164273038355,0.02312248271311912
308,1.0,test,state_UT,evaluation,standard_c5:E8,standard_c5,5.0,8.0,7.998197999765249,0.8679997052076472,0.8629917446443132,0.00500796056333408,0.0011627022771141889,0.00831495981993277,1112,0.008493772274441418,0.8380632785285956,True,0.05,36,paired cluster influence sandwich; asymptotic Bonferroni bounds,,,,,0.0016307164273038355,0.003377244136030244
308,1.0,test,state_UT,evaluation,auto_s:E2,auto_s,1.0,2.0,1.9909995955023065,0.8679997052076472,0.8304095858986312,0.03759011930901601,0.004706095522878344,0.009354888301787866,1112,0.0516991162638986,0.8023633871078202,True,0.05,36,paired cluster influence sandwich; asymptotic Bonferroni bounds,,,,,0.03674317620043066,0.0008469431085853518
308,1.0,test,state_UT,evaluation,auto_s:E8,auto_s,1.0,8.0,7.998197999765249,0.8679997052076472,0.8310711139758481,0.036928591231799146,0.004654140072119252,0.009328784456287069,1112,0.05088182439204859,0.8031031751937622,True,0.05,36,paired cluster influence sandwich; asymptotic Bonferroni bounds,,,,,0.03674317620043066,0.00018541503136848547
309,1.0,validation,source,sandwich,standard_c1:E2,standard_c1,1.0,2.0,1.9909995955023065,0.8556702203798626,0.8318822682536334,0.023787952126229195,0.0038590240425500112,0.00895697386076182,1159,0.035356353683563504,0.8050314714673636,True,0.05,36,paired cluster influence sandwich; asymptotic Bonferroni bounds,,,,,,
309,1.0,validation,source,concentration,standard_c1:E2,standard_c1,1.0,2.0,1.9909995955023065,0.8556702203798626,0.8318822682536334,0.023787952126229195,,,1159,0.26139145793975205,0.7130805153468719,,0.05,36,cluster bounded differences plus within-pair bias; assumption-dependent sensitivity,0.11880175290676145,0.2376035058135229,0.0004230118443316412,False,,
309,1.0,validation,source,sandwich,standard_c1:E8,standard_c1,1.0,8.0,7.998197999765249,0.8556702203798626,0.8319784543209263,0.023691766058936303,0.003806991289803347,0.008965858556442373,1159,0.03510418626677139,0.8051010234100141,True,0.05,36,paired cluster influence sandwich; asymptotic Bonferroni bounds,,,,,,
309,1.0,validation,source,concentration,standard_c1:E8,standard_c1,1.0,8.0,7.998197999765249,0.8556702203798626,0.8319784543209263,0.023691766058936303,,,1159,0.26129527187245916,0.7131767014141648,,0.05,36,cluster bounded differences plus within-pair bias; assumption-dependent sensitivity,0.11880175290676145,0.2376035058135229,0.0004230118443316412,False,,
309,1.0,validation,source,sandwich,standard_c5:E2,standard_c5,5.0,2.0,1.9909995955023065,0.8556702203798626,0.8469741724895437,0.00869604789031897,0.0027655459382070016,0.008561501808131604,1159,0.016986471993842504,0.8213089033027615,True,0.05,36,paired cluster influence sandwich; asymptotic Bonferroni bounds,,,,,,
309,1.0,validation,source,concentration,standard_c5:E2,standard_c5,5.0,2.0,1.9909995955023065,0.8556702203798626,0.8469741724895437,0.00869604789031897,,,1159,0.24629955370384188,0.7281724195827821,,0.05,36,cluster bounded differences plus within-pair bias; assumption-dependent sensitivity,0.11880175290676145,0.2376035058135229,0.0004230118443316412,False,,
309,1.0,validation,source,sandwich,standard_c5:E8,standard_c5,5.0,8.0,7.998197999765249,0.8556702203798626,0.8554809510216407,0.00018926935822194402,0.0010185494690241985,0.008202686980884475,1159,0.003242629257968894,0.8308913201207443,True,0.05,36,paired cluster influence sandwich; asymptotic Bonferroni bounds,,,,,,
309,1.0,validation,source,concentration,standard_c5:E8,standard_c5,5.0,8.0,7.998197999765249,0.8556702203798626,0.8554809510216407,0.00018926935822194402,,,1159,0.23779277517174485,0.7366791981148791,,0.05,36,cluster bounded differences plus within-pair bias; assumption-dependent sensitivity,0.11880175290676145,0.2376035058135229,0.0004230118443316412,False,,
309,1.0,validation,source,sandwich,auto_s:E2,auto_s,1.0,2.0,1.9909995955023065,0.8556702203798626,0.8230078107223678,0.032662409657494784,0.004611512696245662,0.00922096755548287,1159,0.04648658646196565,0.7953656260008419,True,0.05,36,paired cluster influence sandwich; asymptotic Bonferroni bounds,,,,,,
309,1.0,validation,source,concentration,auto_s:E2,auto_s,1.0,2.0,1.9909995955023065,0.8556702203798626,0.8230078107223678,0.032662409657494784,,,1159,0.27026591547101764,0.7042060578156063,,0.05,36,cluster bounded differences plus within-pair bias; assumption-dependent sensitivity,0.11880175290676145,0.2376035058135229,0.0004230118443316412,False,,
309,1.0,validation,source,sandwich,auto_s:E8,auto_s,1.0,8.0,7.998197999765249,0.8556702203798626,0.8232648240312098,0.032405396348652804,0.00457178408080032,0.009221360258350918,1159,0.046110476570225746,0.7956214620834162,True,0.05,36,paired cluster influence sandwich; asymptotic Bonferroni bounds,,,,,,
309,1.0,validation,source,concentration,auto_s:E8,auto_s,1.0,8.0,7.998197999765249,0.8556702203798626,0.8232648240312098,0.032405396348652804,,,1159,0.27000890216217566,0.7044630711244483,,0.05,36,cluster bounded differences plus within-pair bias; assumption-dependent sensitivity,0.11880175290676145,0.2376035058135229,0.0004230118443316412,False,,
309,1.0,validation,state_OR,sandwich,standard_c1:E2,standard_c1,1.0,2.0,1.9909995955023065,0.8438535716804176,0.8231160972427897,0.020737474437627967,0.004619933418210777,0.009474461484776531,1212,0.034585590494146876,0.7947166744941786,True,0.05,36,paired cluster influence sandwich; asymptotic Bonferroni bounds,,,,,,
309,1.0,validation,state_OR,concentration,standard_c1:E2,standard_c1,1.0,2.0,1.9909995955023065,0.8438535716804176,0.8231160972427897,0.020737474437627967,,,1212,0.25314490404684714,0.7069123824381801,,0.05,36,cluster bounded differences plus within-pair bias; assumption-dependent sensitivity,0.11620371480460957,0.23240742960921915,0.0004164903744446795,False,,
309,1.0,validation,state_OR,sandwich,standard_c1:E8,standard_c1,1.0,8.0,7.998197999765249,0.8438535716804176,0.823400368450744,0.02045320322967359,0.004486687404824942,0.009462038517880076,1212,0.03390191823635007,0.7950381831840997,True,0.05,36,paired cluster influence sandwich; asymptotic Bonferroni bounds,,,,,,
309,1.0,validation,state_OR,concentration,standard_c1:E8,standard_c1,1.0,8.0,7.998197999765249,0.8438535716804176,0.823400368450744,0.02045320322967359,,,1212,0.25286063283889276,0.7071966536461345,,0.05,36,cluster bounded differences plus within-pair bias; assumption-dependent sensitivity,0.11620371480460957,0.23240742960921915,0.0004164903744446795,False,,
309,1.0,validation,state_OR,sandwich,standard_c5:E2,standard_c5,5.0,2.0,1.9909995955023065,0.8438535716804176,0.8288632236795712,0.01499034800084642,0.0033762746730390293,0.009221179107391559,1212,0.025110633138859806,0.8012230074907932,True,0.05,36,paired cluster influence sandwich; asymptotic Bonferroni bounds,,,,,,
309,1.0,validation,state_OR,concentration,standard_c5:E2,standard_c5,5.0,2.0,1.9909995955023065,0.8438535716804176,0.8288632236795712,0.01499034800084642,,,1212,0.24739777761006557,0.7126595088749617,,0.05,36,cluster bounded differences plus within-pair bias; assumption-dependent sensitivity,0.11620371480460957,0.23240742960921915,0.0004164903744446795,False,,
309,1.0,validation,state_OR,sandwich,standard_c5:E8,standard_c5,5.0,8.0,7.998197999765249,0.8438535716804176,0.8422129521895494,0.0016406194908682448,0.0013123043297717976,0.00895525033809599,1212,0.005574213552747644,0.8153698497525533,True,0.05,36,paired cluster influence sandwich; asymptotic Bonferroni bounds,,,,,,
309,1.0,validation,state_OR,concentration,standard_c5:E8,standard_c5,5.0,8.0,7.998197999765249,0.8438535716804176,0.8422129521895494,0.0016406194908682448,,,1212,0.2340480491000874,0.7260092373849398,,0.05,36,cluster bounded differences plus within-pair bias; assumption-dependent sensitivity,0.11620371480460957,0.23240742960921915,0.0004164903744446795,False,,
309,1.0,validation,state_OR,sandwich,auto_s:E2,auto_s,1.0,2.0,1.9909995955023065,0.8438535716804176,0.8173943128129186,0.026459258867499003,0.005373667186129612,0.009637401080267269,1212,0.04256666997201877,0.7885064833657036,True,0.05,36,paired cluster influence sandwich; asymptotic Bonferroni bounds,,,,,,
309,1.0,validation,state_OR,concentration,auto_s:E2,auto_s,1.0,2.0,1.9909995955023065,0.8438535716804176,0.8173943128129186,0.026459258867499003,,,1212,0.2588666884767182,0.7011905980083091,,0.05,36,cluster bounded differences plus within-pair bias; assumption-dependent sensitivity,0.11620371480460957,0.23240742960921915,0.0004164903744446795,False,,
309,1.0,validation,state_OR,sandwich,auto_s:E8,auto_s,1.0,8.0,7.998197999765249,0.8438535716804176,0.8175628922501939,0.026290679430223785,0.005275657924556615,0.009630012246103336,1212,0.04210431062364643,0.788697210618491,True,0.05,36,paired cluster influence sandwich; asymptotic Bonferroni bounds,,,,,,
309,1.0,validation,state_OR,concentration,auto_s:E8,auto_s,1.0,8.0,7.998197999765249,0.8438535716804176,0.8175628922501939,0.026290679430223785,,,1212,0.25869810903944296,0.7013591774455843,,0.05,36,cluster bounded differences plus within-pair bias; assumption-dependent sensitivity,0.11620371480460957,0.23240742960921915,0.0004164903744446795,False,,
309,1.0,validation,state_WA,sandwich,standard_c1:E2,standard_c1,1.0,2.0,1.9909995955023065,0.8576947672405718,0.8391630110259826,0.018531756214589246,0.004259222415890912,0.008899161350331149,1226,0.03129835137589859,0.8124886608415525,True,0.05,36,paired cluster influence sandwich; asymptotic Bonferroni bounds,,,,,,
309,1.0,validation,state_WA,concentration,standard_c1:E2,standard_c1,1.0,2.0,1.9909995955023065,0.8576947672405718,0.8391630110259826,0.018531756214589246,,,1226,0.2457821207978655,0.7255378287343445,,0.05,36,cluster bounded differences plus within-pair bias; assumption-dependent sensitivity,0.11362518229163812,0.22725036458327624,0.00039509431349308183,False,,
309,1.0,validation,state_WA,sandwich,standard_c1:E8,standard_c1,1.0,8.0,7.998197999765249,0.8576947672405718,0.8393177902415778,0.018376976998993988,0.004204301775600299,0.008896945976472238,1226,0.03097895300870087,0.8126500804197364,True,0.05,36,paired cluster influence sandwich; asymptotic Bonferroni bounds,,,,,,
309,1.0,validation,state_WA,concentration,standard_c1:E8,standard_c1,1.0,8.0,7.998197999765249,0.8576947672405718,0.8393177902415778,0.018376976998993988,,,1226,0.24562734158227023,0.7256926079499397,,0.05,36,cluster bounded differences plus within-pair bias; assumption-dependent sensitivity,0.11362518229163812,0.22725036458327624,0.00039509431349308183,False,,
309,1.0,validation,state_WA,sandwich,standard_c5:E2,standard_c5,5.0,2.0,1.9909995955023065,0.8576947672405718,0.8450191641107732,0.012675603129798652,0.003067069373694191,0.008811052252357897,1226,0.021868838232881188,0.8186089121757455,True,0.05,36,paired cluster influence sandwich; asymptotic Bonferroni bounds,,,,,,
309,1.0,validation,state_WA,concentration,standard_c5:E2,standard_c5,5.0,2.0,1.9909995955023065,0.8576947672405718,0.8450191641107732,0.012675603129798652,,,1226,0.2399259677130749,0.7313939818191351,,0.05,36,cluster bounded differences plus within-pair bias; assumption-dependent sensitivity,0.11362518229163812,0.22725036458327624,0.00039509431349308183,False,,
309,1.0,validation,state_WA,sandwich,standard_c5:E8,standard_c5,5.0,8.0,7.998197999765249,0.8576947672405718,0.8561632676336294,0.0015314996069424325,0.0011127690853601677,0.008477062318241753,1226,0.004866914157685536,0.8307541172754775,True,0.05,36,paired cluster influence sandwich; asymptotic Bonferroni bounds,,,,,,
309,1.0,validation,state_WA,concentration,standard_c5:E8,standard_c5,5.0,8.0,7.998197999765249,0.8576947672405718,0.8561632676336294,0.0015314996069424325,,,1226,0.22878186419021868,0.7425380853419913,,0.05,36,cluster bounded differences plus within-pair bias; assumption-dependent sensitivity,0.11362518229163812,0.22725036458327624,0.00039509431349308183,False,,
309,1.0,validation,state_WA,sandwich,auto_s:E2,auto_s,1.0,2.0,1.9909995955023065,0.8576947672405718,0.833098109657001,0.02459665758357077,0.004977372408478326,0.009072297036887906,1226,0.03951583585165902,0.8059048024887799,True,0.05,36,paired cluster influence sandwich; asymptotic Bonferroni bounds,,,,,,
309,1.0,validation,state_WA,concentration,auto_s:E2,auto_s,1.0,2.0,1.9909995955023065,0.8576947672405718,0.833098109657001,0.02459665758357077,,,1226,0.251847022166847,0.719472927365363,,0.05,36,cluster bounded differences plus within-pair bias; assumption-dependent sensitivity,0.11362518229163812,0.22725036458327624,0.00039509431349308183,False,,
309,1.0,validation,state_WA,sandwich,auto_s:E8,auto_s,1.0,8.0,7.998197999765249,0.8576947672405718,0.8332834374019903,0.02441132983858152,0.004944910665420308,0.009063727455481242,1226,0.03923320726360838,0.8061158167008841,True,0.05,36,paired cluster influence sandwich; asymptotic Bonferroni bounds,,,,,,
309,1.0,validation,state_WA,concentration,auto_s:E8,auto_s,1.0,8.0,7.998197999765249,0.8576947672405718,0.8332834374019903,0.02441132983858152,,,1226,0.25166169442185776,0.7196582551103522,,0.05,36,cluster bounded differences plus within-pair bias; assumption-dependent sensitivity,0.11362518229163812,0.22725036458327624,0.00039509431349308183,False,,
309,1.0,test,source,evaluation,standard_c1:E2,standard_c1,1.0,2.0,1.9909995955023065,0.8686842337774898,0.8534935774721367,0.0151906563053531,0.0037944584066174456,0.008568585761597228,1141,0.026565892458128338,0.827806199699464,True,0.05,36,paired cluster influence sandwich; asymptotic Bonferroni bounds,,,,,0.015963757841458537,-0.0007731015361054361
309,1.0,test,source,evaluation,standard_c1:E8,standard_c1,1.0,8.0,7.998197999765249,0.8686842337774898,0.853120174689392,0.01556405908809777,0.0037449052178846506,0.008575240301510235,1141,0.026790741965661044,0.8274128475708874,True,0.05,36,paired cluster influence sandwich; asymptotic Bonferroni bounds,,,,,0.015963757841458537,-0.00039969875336076655
309,1.0,test,source,evaluation,standard_c5:E2,standard_c5,5.0,2.0,1.9909995955023065,0.8686842337774898,0.8640603503044021,0.004623883473087731,0.002697293143638658,0.008112100112488843,1141,0.012709977243055523,0.8397414503228958,True,0.05,36,paired cluster influence sandwich; asymptotic Bonferroni bounds,,,,,-0.0002892556767740695,0.0049131391498618004
309,1.0,test,source,evaluation,standard_c5:E8,standard_c5,5.0,8.0,7.998197999765249,0.8686842337774898,0.8687347220410722,-5.048826358233782e-05,0.0009988622369383434,0.008025350377701931,1141,0.0029439558998975985,0.8446758851868019,True,0.05,36,paired cluster influence sandwich; asymptotic Bonferroni bounds,,,,,-0.0002892556767740695,0.00023876741319173167
309,1.0,test,source,evaluation,auto_s:E2,auto_s,1.0,2.0,1.9909995955023065,0.8686842337774898,0.8481113182064887,0.02057291557100116,0.004487352775659743,0.00877004283297115,1141,0.03402534858091907,0.8218200013426592,True,0.05,36,paired cluster influence sandwich; asymptotic Bonferroni bounds,,,,,0.021216640931676745,-0.0006437253606755844
309,1.0,test,source,evaluation,auto_s:E8,auto_s,1.0,8.0,7.998197999765249,0.8686842337774898,0.8477852481708523,0.0208989856066375,0.0044521175731648335,0.00877754755961357,1141,0.03424578858815097,0.8214714332246429,True,0.05,36,paired cluster influence sandwich; asymptotic Bonferroni bounds,,,,,0.021216640931676745,-0.00031765532503924554
309,1.0,test,state_CO,evaluation,standard_c1:E2,standard_c1,1.0,2.0,1.9909995955023065,0.8459297281971639,0.8263644096127559,0.01956531858440802,0.004024905291198941,0.008930321579398437,1182,0.03163048563252706,0.7995946314804687,True,0.05,36,paired cluster influence sandwich; asymptotic Bonferroni bounds,,,,,0.020507932343394986,-0.0009426137589869654
309,1.0,test,state_CO,evaluation,standard_c1:E8,standard_c1,1.0,8.0,7.998197999765249,0.8459297281971639,0.8259169061110146,0.020012822086149296,0.0039361738835631,0.008938157570007576,1182,0.0318120054208423,0.7991236385972771,True,0.05,36,paired cluster influence sandwich; asymptotic Bonferroni bounds,,,,,0.020507932343394986,-0.00049511025724569
309,1.0,test,state_CO,evaluation,standard_c5:E2,standard_c5,5.0,2.0,1.9909995955023065,0.8459297281971639,0.8341285424715734,0.011801185725590524,0.0031693552354111424,0.008742525411672954,1182,0.021301732343092537,0.8079217073082945,True,0.05,36,paired cluster influence sandwich; asymptotic Bonferroni bounds,,,,,9.521351100871822e-05,0.011705972214581806
309,1.0,test,state_CO,evaluation,standard_c5:E8,standard_c5,5.0,8.0,7.998197999765249,0.8459297281971639,0.8447490806606549,0.0011806475365090385,0.001159508035342787,0.008517290278026666,1182,0.0046564207852951706,0.8192174165426401,True,0.05,36,paired cluster influence sandwich; asymptotic Bonferroni bounds,,,,,9.521351100871822e-05,0.0010854340255003203
309,1.0,test,state_CO,evaluation,auto_s:E2,auto_s,1.0,2.0,1.9909995955023065,0.8459297281971639,0.82272513763642,0.023204590560743976,0.00463701170083984,0.009003113078646145,1182,0.03710462465522323,0.7957371576994774,True,0.05,36,paired cluster influence sandwich; asymptotic Bonferroni bounds,,,,,0.02385151347165393,-0.0006469229109099528
309,1.0,test,state_CO,evaluation,auto_s:E8,auto_s,1.0,8.0,7.998197999765249,0.8459297281971639,0.822337936024984,0.023591792172179993,0.004596023703966105,0.009002685777612925,1182,0.03736895951738921,0.7953512369773972,True,0.05,36,paired cluster influence sandwich; asymptotic Bonferroni bounds,,,,,0.02385151347165393,-0.0002597212994739362
309,1.0,test,state_UT,evaluation,standard_c1:E2,standard_c1,1.0,2.0,1.9909995955023065,0.8798521114304404,0.8591016523205971,0.0207504591098433,0.004146385714725517,0.008729550859454096,1104,0.03318163369183655,0.8329298057480824,True,0.05,36,paired cluster influence sandwich; asymptotic Bonferroni bounds,,,,,0.020257813770565236,0.0004926453392780639
309,1.0,test,state_UT,evaluation,standard_c1:E8,standard_c1,1.0,8.0,7.998197999765249,0.8798521114304404,0.8595812395906415,0.02027087183979892,0.004005989196376144,0.00871872324490152,1104,0.0322811271561033,0.8334418550166166,True,0.05,36,paired cluster influence sandwich; asymptotic Bonferroni bounds,,,,,0.020257813770565236,1.3058069233684577e-05
309,1.0,test,state_UT,evaluation,standard_c5:E2,standard_c5,5.0,2.0,1.9909995955023065,0.8798521114304404,0.8664402872300392,0.013411824200401212,0.003149101393755098,0.008371092234800637,1104,0.02285306577692428,0.8413431264320926,True,0.05,36,paired cluster influence sandwich; asymptotic Bonferroni bounds,,,,,0.0003644388413458488,0.013047385359055363
309,1.0,test,state_UT,evaluation,standard_c5:E8,standard_c5,5.0,8.0,7.998197999765249,0.8798521114304404,0.8773485234291439,0.002503588001296464,0.0011611744414405905,0.007950919704157669,1104,0.005984875849272766,0.8535110713130093,True,0.05,36,paired cluster influence sandwich; asymptotic Bonferroni bounds,,,,,0.0003644388413458488,0.002139149159950615
309,1.0,test,state_UT,evaluation,auto_s:E2,auto_s,1.0,2.0,1.9909995955023065,0.8798521114304404,0.8560330060506343,0.023819105379806138,0.004771198609697827,0.008875980028516334,1104,0.03812351576591115,0.8294221538742645,True,0.05,36,paired cluster influence sandwich; asymptotic Bonferroni bounds,,,,,0.023636292410531556,0.00018281296927458168
309,1.0,test,state_UT,evaluation,auto_s:E8,auto_s,1.0,8.0,7.998197999765249,0.8798521114304404,0.8562496512901966,0.02360246014024381,0.004670023626159348,0.00886080992456828,1104,0.03760354035635753,0.829684280220405,True,0.05,36,paired cluster influence sandwich; asymptotic Bonferroni bounds,,,,,0.023636292410531556,-3.3832270287748045e-05
310,1.0,validation,source,sandwich,standard_c1:E2,standard_c1,1.0,2.0,1.9909995955023065,0.8778394283312315,0.8558575031525851,0.02198192517864639,0.0036516191624556063,0.00864322902440406,1142,0.03292892901847713,0.8299464053328826,True,0.05,36,paired cluster influence sandwich; asymptotic Bonferroni bounds,,,,,,
310,1.0,validation,source,concentration,standard_c1:E2,standard_c1,1.0,2.0,1.9909995955023065,0.8778394283312315,0.8558575031525851,0.02198192517864639,,,1142,0.2642028607194659,0.7347470353821753,,0.05,36,cluster bounded differences plus within-pair bias; assumption-dependent sensitivity,0.12111046777040975,0.2422209355408195,0.0004539722572509458,False,,
310,1.0,validation,source,sandwich,standard_c1:E8,standard_c1,1.0,8.0,7.998197999765249,0.8778394283312315,0.8565363598150483,0.021303068516183243,0.00362542287471976,0.008614323224270531,1142,0.032171539833953065,0.8307119172271695,True,0.05,36,paired cluster influence sandwich; asymptotic Bonferroni bounds,,,,,,
310,1.0,validation,source,concentration,standard_c1:E8,standard_c1,1.0,8.0,7.998197999765249,0.8778394283312315,0.8565363598150483,0.021303068516183243,,,1142,0.26352400405700277,0.7354258920446385,,0.05,36,cluster bounded differences plus within-pair bias; assumption-dependent sensitivity,0.12111046777040975,0.2422209355408195,0.0004539722572509458,False,,
310,1.0,validation,source,sandwich,standard_c5:E2,standard_c5,5.0,2.0,1.9909995955023065,0.8778394283312315,0.8650451870533838,0.012794241277847673,0.002836728715191625,0.00822119107459921,1142,0.02129832638536424,0.8403992953933404,True,0.05,36,paired cluster influence sandwich; asymptotic Bonferroni bounds,,,,,,
310,1.0,validation,source,concentration,standard_c5:E2,standard_c5,5.0,2.0,1.9909995955023065,0.8778394283312315,0.8650451870533838,0.012794241277847673,,,1142,0.2550151768186672,0.743934719282974,,0.05,36,cluster bounded differences plus within-pair bias; assumption-dependent sensitivity,0.12111046777040975,0.2422209355408195,0.0004539722572509458,False,,
310,1.0,validation,source,sandwich,standard_c5:E8,standard_c5,5.0,8.0,7.998197999765249,0.8778394283312315,0.8763198823034888,0.0015195460277427353,0.0009157776170873066,0.007852821604290499,1142,0.004264909288446039,0.8527783067910345,True,0.05,36,paired cluster influence sandwich; asymptotic Bonferroni bounds,,,,,,
310,1.0,validation,source,concentration,standard_c5:E8,standard_c5,5.0,8.0,7.998197999765249,0.8778394283312315,0.8763198823034888,0.0015195460277427353,,,1142,0.24374048156856223,0.755209414533079,,0.05,36,cluster bounded differences plus within-pair bias; assumption-dependent sensitivity,0.12111046777040975,0.2422209355408195,0.0004539722572509458,False,,
310,1.0,validation,source,sandwich,auto_s:E2,auto_s,1.0,2.0,1.9909995955023065,0.8778394283312315,0.8482902480033626,0.029549180327868907,0.004300066880251441,0.008887591828855894,1142,0.042440132685010776,0.8216465873287627,True,0.05,36,paired cluster influence sandwich; asymptotic Bonferroni bounds,,,,,,
310,1.0,validation,source,concentration,auto_s:E2,auto_s,1.0,2.0,1.9909995955023065,0.8778394283312315,0.8482902480033626,0.029549180327868907,,,1142,0.27177011586868843,0.7271797802329528,,0.05,36,cluster bounded differences plus within-pair bias; assumption-dependent sensitivity,0.12111046777040975,0.2422209355408195,0.0004539722572509458,False,,
310,1.0,validation,source,sandwich,auto_s:E8,auto_s,1.0,8.0,7.998197999765249,0.8778394283312315,0.8488282891971415,0.029011139134090036,0.004271333146501979,0.008865237447116096,1142,0.041815952088491856,0.8222516435895175,True,0.05,36,paired cluster influence sandwich; asymptotic Bonferroni bounds,,,,,,
310,1.0,validation,source,concentration,auto_s:E8,auto_s,1.0,8.0,7.998197999765249,0.8778394283312315,0.8488282891971415,0.029011139134090036,,,1142,0.27123207467490956,0.7277178214267317,,0.05,36,cluster bounded differences plus within-pair bias; assumption-dependent sensitivity,0.12111046777040975,0.2422209355408195,0.0004539722572509458,False,,
310,1.0,validation,state_OR,sandwich,standard_c1:E2,standard_c1,1.0,2.0,1.9909995955023065,0.8613186332931607,0.8350621377342777,0.026256495558882986,0.004381019900366686,0.009114471382227405,1216,0.03938838635536046,0.8077419598804836,True,0.05,36,paired cluster influence sandwich; asymptotic Bonferroni bounds,,,,,,
310,1.0,validation,state_OR,concentration,standard_c1:E2,standard_c1,1.0,2.0,1.9909995955023065,0.8613186332931607,0.8350621377342777,0.026256495558882986,,,1216,0.2639321848032446,0.7162242931120969,,0.05,36,cluster bounded differences plus within-pair bias; assumption-dependent sensitivity,0.1188378446221808,0.2376756892443616,0.0004381471170923086,False,,
310,1.0,validation,state_OR,sandwich,standard_c1:E8,standard_c1,1.0,8.0,7.998197999765249,0.8613186332931607,0.8351379494491945,0.026180683843966213,0.004190314921189878,0.009108164170882034,1216,0.038740945883248425,0.807836677149929,True,0.05,36,paired cluster influence sandwich; asymptotic Bonferroni bounds,,,,,,
310,1.0,validation,state_OR,concentration,standard_c1:E8,standard_c1,1.0,8.0,7.998197999765249,0.8613186332931607,0.8351379494491945,0.026180683843966213,,,1216,0.2638563730883278,0.7163001048270137,,0.05,36,cluster bounded differences plus within-pair bias; assumption-dependent sensitivity,0.1188378446221808,0.2376756892443616,0.0004381471170923086,False,,
310,1.0,validation,state_OR,sandwich,standard_c5:E2,standard_c5,5.0,2.0,1.9909995955023065,0.8613186332931607,0.8513772647356234,0.009941368557537356,0.003681333746646688,0.008588132074524094,1216,0.02097598466195299,0.8256347629636189,True,0.05,36,paired cluster influence sandwich; asymptotic Bonferroni bounds,,,,,,
310,1.0,validation,state_OR,concentration,standard_c5:E2,standard_c5,5.0,2.0,1.9909995955023065,0.8613186332931607,0.8513772647356234,0.009941368557537356,,,1216,0.24761705780189897,0.7325394201134425,,0.05,36,cluster bounded differences plus within-pair bias; assumption-dependent sensitivity,0.1188378446221808,0.2376756892443616,0.0004381471170923086,False,,
310,1.0,validation,state_OR,sandwich,standard_c5:E8,standard_c5,5.0,8.0,7.998197999765249,0.8613186332931607,0.8607032205485423,0.0006154127446184043,0.0013675166973413611,0.008296121603215514,1216,0.004714476510647686,0.835836005743468,True,0.05,36,paired cluster influence sandwich; asymptotic Bonferroni bounds,,,,,,
310,1.0,validation,state_OR,concentration,standard_c5:E8,standard_c5,5.0,8.0,7.998197999765249,0.8613186332931607,0.8607032205485423,0.0006154127446184043,,,1216,0.23829110198898001,0.7418653759263615,,0.05,36,cluster bounded differences plus within-pair bias; assumption-dependent sensitivity,0.1188378446221808,0.2376756892443616,0.0004381471170923086,False,,
310,1.0,validation,state_OR,sandwich,auto_s:E2,auto_s,1.0,2.0,1.9909995955023065,0.8613186332931607,0.8261654100131667,0.03515322327999404,0.005099492915329122,0.009387578537634176,1216,0.05043870145732614,0.7980266069483256,True,0.05,36,paired cluster influence sandwich; asymptotic Bonferroni bounds,,,,,,
310,1.0,validation,state_OR,concentration,auto_s:E2,auto_s,1.0,2.0,1.9909995955023065,0.8613186332931607,0.8261654100131667,0.03515322327999404,,,1216,0.27282891252435565,0.7073275653909858,,0.05,36,cluster bounded differences plus within-pair bias; assumption-dependent sensitivity,0.1188378446221808,0.2376756892443616,0.0004381471170923086,False,,
310,1.0,validation,state_OR,sandwich,auto_s:E8,auto_s,1.0,8.0,7.998197999765249,0.8613186332931607,0.8264140278429671,0.03490460545019358,0.0049480377099549435,0.009375684866160465,1216,0.049736104128969796,0.7983108754710044,True,0.05,36,paired cluster influence sandwich; asymptotic Bonferroni bounds,,,,,,
310,1.0,validation,state_OR,concentration,auto_s:E8,auto_s,1.0,8.0,7.998197999765249,0.8613186332931607,0.8264140278429671,0.03490460545019358,,,1216,0.2725802946945552,0.7075761832207863,,0.05,36,cluster bounded differences plus within-pair bias; assumption-dependent sensitivity,0.1188378446221808,0.2376756892443616,0.0004381471170923086,False,,
310,1.0,validation,state_WA,sandwich,standard_c1:E2,standard_c1,1.0,2.0,1.9909995955023065,0.846153366758383,0.8194382555821808,0.02671511117620229,0.004218326190585155,0.00953501751666883,1199,0.039359703521910434,0.7908566798433119,True,0.05,36,paired cluster influence sandwich; asymptotic Bonferroni bounds,,,,,,
310,1.0,validation,state_WA,concentration,standard_c1:E2,standard_c1,1.0,2.0,1.9909995955023065,0.846153366758383,0.8194382555821808,0.02671511117620229,,,1199,0.2589074858866291,0.7033420682269674,,0.05,36,cluster bounded differences plus within-pair bias; assumption-dependent sensitivity,0.11609618735521339,0.23219237471042678,0.00045183022401430896,False,,
310,1.0,validation,state_WA,sandwich,standard_c1:E8,standard_c1,1.0,8.0,7.998197999765249,0.846153366758383,0.8200417345710366,0.026111632187346467,0.004121049734961456,0.009511189441804013,1199,0.03846463467712021,0.7915315843880484,True,0.05,36,paired cluster influence sandwich; asymptotic Bonferroni bounds,,,,,,
310,1.0,validation,state_WA,concentration,standard_c1:E8,standard_c1,1.0,8.0,7.998197999765249,0.846153366758383,0.8200417345710366,0.026111632187346467,,,1199,0.2583040068977733,0.7039455472158233,,0.05,36,cluster bounded differences plus within-pair bias; assumption-dependent sensitivity,0.11609618735521339,0.23219237471042678,0.00045183022401430896,False,,
310,1.0,validation,state_WA,sandwich,standard_c5:E2,standard_c5,5.0,2.0,1.9909995955023065,0.846153366758383,0.8322047964634677,0.013948570294915363,0.003142359601216745,0.0091735382524722,1199,0.023367912082586834,0.8047067684946585,True,0.05,36,paired cluster influence sandwich; asymptotic Bonferroni bounds,,,,,,
310,1.0,validation,state_WA,concentration,standard_c5:E2,standard_c5,5.0,2.0,1.9909995955023065,0.846153366758383,0.8322047964634677,0.013948570294915363,,,1199,0.24614094500534214,0.7161086091082544,,0.05,36,cluster bounded differences plus within-pair bias; assumption-dependent sensitivity,0.11609618735521339,0.23219237471042678,0.00045183022401430896,False,,
310,1.0,validation,state_WA,sandwich,standard_c5:E8,standard_c5,5.0,8.0,7.998197999765249,0.846153366758383,0.8438287781575922,0.002324588600790878,0.0010636833636699058,0.008811234083064853,1199,0.005513019725092306,0.81741677064342,True,0.05,36,paired cluster influence sandwich; asymptotic Bonferroni bounds,,,,,,
310,1.0,validation,state_WA,concentration,standard_c5:E8,standard_c5,5.0,8.0,7.998197999765249,0.846153366758383,0.8438287781575922,0.002324588600790878,,,1199,0.23451696331121766,0.7277325908023787,,0.05,36,cluster bounded differences plus within-pair bias; assumption-dependent sensitivity,0.11609618735521339,0.23219237471042678,0.00045183022401430896,False,,
310,1.0,validation,state_WA,sandwich,auto_s:E2,auto_s,1.0,2.0,1.9909995955023065,0.846153366758383,0.8122198782447381,0.03393348851364497,0.004950078006245263,0.009689021344201049,1199,0.048771534610726086,0.783176670206506,True,0.05,36,paired cluster influence sandwich; asymptotic Bonferroni bounds,,,,,,
310,1.0,validation,state_WA,concentration,auto_s:E2,auto_s,1.0,2.0,1.9909995955023065,0.846153366758383,0.8122198782447381,0.03393348851364497,,,1199,0.2661258632240718,0.6961236908895246,,0.05,36,cluster bounded differences plus within-pair bias; assumption-dependent sensitivity,0.11609618735521339,0.23219237471042678,0.00045183022401430896,False,,
310,1.0,validation,state_WA,sandwich,auto_s:E8,auto_s,1.0,8.0,7.998197999765249,0.846153366758383,0.8128789271576972,0.03327443960068588,0.004872724466702539,0.009667790412696237,1199,0.04788061553651716,0.783899359639868,True,0.05,36,paired cluster influence sandwich; asymptotic Bonferroni bounds,,,,,,
310,1.0,validation,state_WA,concentration,auto_s:E8,auto_s,1.0,8.0,7.998197999765249,0.846153366758383,0.8128789271576972,0.03327443960068588,,,1199,0.2654668143111127,0.6967827398024838,,0.05,36,cluster bounded differences plus within-pair bias; assumption-dependent sensitivity,0.11609618735521339,0.23219237471042678,0.00045183022401430896,False,,
310,1.0,test,source,evaluation,standard_c1:E2,standard_c1,1.0,2.0,1.9909995955023065,0.8620234945672972,0.835728859881196,0.02629463468610116,0.003969407933368742,0.009256053998220874,1141,0.038194344154525765,0.8079805520096487,True,0.05,36,paired cluster influence sandwich; asymptotic Bonferroni bounds,,,,,0.025296801943459846,0.0009978327426413136
310,1.0,test,source,evaluation,standard_c1:E8,standard_c1,1.0,8.0,7.998197999765249,0.8620234945672972,0.8365124627697633,0.02551103179753389,0.00389073225876148,0.009225968847418919,1141,0.03717488300050071,0.8088543458183397,True,0.05,36,paired cluster influence sandwich; asymptotic Bonferroni bounds,,,,,0.025296801943459846,0.00021422985407404393
310,1.0,test,source,evaluation,standard_c5:E2,standard_c5,5.0,2.0,1.9909995955023065,0.8620234945672972,0.848654927702624,0.013368566864673248,0.003001592254575823,0.008891070070116486,1141,0.02236690524956502,0.8220007887293084,True,0.05,36,paired cluster influence sandwich; asymptotic Bonferroni bounds,,,,,0.0006645285279287538,0.012704038336744494
310,1.0,test,source,evaluation,standard_c5:E8,standard_c5,5.0,8.0,7.998197999765249,0.8620234945672972,0.8596919249904323,0.002331569576864867,0.0009858234290159318,0.008507659652635148,1141,0.0052869252846617885,0.834187194858884,True,0.05,36,paired cluster influence sandwich; asymptotic Bonferroni bounds,,,,,0.0006645285279287538,0.0016670410489361132
310,1.0,test,source,evaluation,auto_s:E2,auto_s,1.0,2.0,1.9909995955023065,0.8620234945672972,0.8280462237308441,0.03397727083645308,0.004715388398398271,0.009477077388114851,1141,0.04811332158095258,0.7996353197820948,True,0.05,36,paired cluster influence sandwich; asymptotic Bonferroni bounds,,,,,0.03272984991430794,0.0012474209221451371
310,1.0,test,source,evaluation,auto_s:E8,auto_s,1.0,8.0,7.998197999765249,0.8620234945672972,0.8290102580741776,0.0330132364931196,0.0046410712150417085,0.00945193649547262,1141,0.04692649509700276,0.8006747228764464,True,0.05,36,paired cluster influence sandwich; asymptotic Bonferroni bounds,,,,,0.03272984991430794,0.00028338657881166185
310,1.0,test,state_CO,evaluation,standard_c1:E2,standard_c1,1.0,2.0,1.9909995955023065,0.852627627392115,0.8335293976173223,0.019098229774792697,0.0042846269799978924,0.00893435845535569,1173,0.03194215378453457,0.8067470845683483,True,0.05,36,paired cluster influence sandwich; asymptotic Bonferroni bounds,,,,,0.019502383618855368,-0.0004041538440626713
310,1.0,test,state_CO,evaluation,standard_c1:E8,standard_c1,1.0,8.0,7.998197999765249,0.852627627392115,0.8335853412930204,0.01904228609909453,0.004172498816927934,0.008937085947485672,1173,0.03155008619127119,0.8067948521060027,True,0.05,36,paired cluster influence sandwich; asymptotic Bonferroni bounds,,,,,0.019502383618855368,-0.0004600975197608381
310,1.0,test,state_CO,evaluation,standard_c5:E2,standard_c5,5.0,2.0,1.9909995955023065,0.852627627392115,0.8374119932783936,0.015215634113721399,0.0035232922924485354,0.008809665637211988,1173,0.025777323306170184,0.8110034689135396,True,0.05,36,paired cluster influence sandwich; asymptotic Bonferroni bounds,,,,,0.0003806261299837965,0.014835007983737603
310,1.0,test,state_CO,evaluation,standard_c5:E8,standard_c5,5.0,8.0,7.998197999765249,0.852627627392115,0.8515035254972453,0.0011241018948696668,0.0011384358562287818,0.008362294327192264,1173,0.004536763882862631,0.8264360754282066,True,0.05,36,paired cluster influence sandwich; asymptotic Bonferroni bounds,,,,,0.0003806261299837965,0.0007434757648858703
310,1.0,test,state_CO,evaluation,auto_s:E2,auto_s,1.0,2.0,1.9909995955023065,0.852627627392115,0.8277081183161686,0.02491950907594631,0.005006380556010759,0.009132590902007026,1173,0.039927016549860195,0.8003315685943313,True,0.05,36,paired cluster influence sandwich; asymptotic Bonferroni bounds,,,,,0.02497492991355399,-5.542083760767813e-05
310,1.0,test,state_CO,evaluation,auto_s:E8,auto_s,1.0,8.0,7.998197999765249,0.852627627392115,0.8278309852674682,0.024796642124646717,0.004923747600713761,0.00912926853282838,1173,0.039556442761188366,0.8004643949324017,True,0.05,36,paired cluster influence sandwich; asymptotic Bonferroni bounds,,,,,0.02497492991355399,-0.00017828778890727204
310,1.0,test,state_UT,evaluation,standard_c1:E2,standard_c1,1.0,2.0,1.9909995955023065,0.8696494798733604,0.8437720488466758,0.025877431026684605,0.0040505791302975205,0.008776156210125174,1098,0.038021520349159565,0.8174601508450867,True,0.05,36,paired cluster influence sandwich; asymptotic Bonferroni bounds,,,,,0.0265038444142921,-0.000626413387607494
310,1.0,test,state_UT,evaluation,standard_c1:E8,standard_c1,1.0,8.0,7.998197999765249,0.8696494798733604,0.8435922659430121,0.026057213930348322,0.003923949026520512,0.00877973429890111,1098,0.03782165203710458,0.8172696404310348,True,0.05,36,paired cluster influence sandwich; asymptotic Bonferroni bounds,,,,,0.0265038444142921,-0.00044663048394377736
310,1.0,test,state_UT,evaluation,standard_c5:E2,standard_c5,5.0,2.0,1.9909995955023065,0.8696494798733604,0.8579341926729988,0.011715287200361635,0.0031942517567088843,0.008407181087809417,1098,0.02129201126971613,0.8327285233609464,True,0.05,36,paired cluster influence sandwich; asymptotic Bonferroni bounds,,,,,0.0006162369968338854,0.01109905020352775
310,1.0,test,state_UT,evaluation,standard_c5:E8,standard_c5,5.0,8.0,7.998197999765249,0.8696494798733604,0.8683322026232474,0.0013172772501129915,0.0012631037529636001,0.008039431699235731,1098,0.0051042035898081805,0.8442290871138649,True,0.05,36,paired cluster influence sandwich; asymptotic Bonferroni bounds,,,,,0.0006162369968338854,0.000701040253279106
310,1.0,test,state_UT,evaluation,auto_s:E2,auto_s,1.0,2.0,1.9909995955023065,0.8696494798733604,0.8381377204884669,0.03151175938489348,0.004670387268486773,0.008948430863370936,1098,0.04551410283618343,0.8113093238061421,True,0.05,36,paired cluster influence sandwich; asymptotic Bonferroni bounds,,,,,0.031837969244685516,-0.0003262098597920371
310,1.0,test,state_UT,evaluation,auto_s:E8,auto_s,1.0,8.0,7.998197999765249,0.8696494798733604,0.8380483943916779,0.0316010854816825,0.004556496753565606,0.008948126407113706,1098,0.045261972429669,0.8112209105032681,True,0.05,36,paired cluster influence sandwich; asymptotic Bonferroni bounds,,,,,0.031837969244685516,-0.00023688376300301517
311,1.0,validation,source,sandwich,standard_c1:E2,standard_c1,1.0,2.0,1.9909995955023065,0.8624384148368177,0.8402598673000139,0.022178547536803817,0.0035789937650706452,0.008999585092905361,1120,0.03290829202556212,0.8132793093861873,True,0.05,36,paired cluster influence sandwich; asymptotic Bonferroni bounds,,,,,,
311,1.0,validation,source,concentration,standard_c1:E2,standard_c1,1.0,2.0,1.9909995955023065,0.8624384148368177,0.8402598673000139,0.022178547536803817,,,1120,0.2648446866275295,0.7189267977546511,,0.05,36,cluster bounded differences plus within-pair bias; assumption-dependent sensitivity,0.12133306954536288,0.24266613909072576,0.0004628090828386185,False,,
311,1.0,validation,source,sandwich,standard_c1:E8,standard_c1,1.0,8.0,7.998197999765249,0.8624384148368177,0.8414920964830717,0.020946318353746052,0.003488655262249895,0.008951576995479152,1120,0.031405230000540886,0.8146554657880634,True,0.05,36,paired cluster influence sandwich; asymptotic Bonferroni bounds,,,,,,
311,1.0,validation,source,concentration,standard_c1:E8,standard_c1,1.0,8.0,7.998197999765249,0.8624384148368177,0.8414920964830717,0.020946318353746052,,,1120,0.26361245744447176,0.7201590269377088,,0.05,36,cluster bounded differences plus within-pair bias; assumption-dependent sensitivity,0.12133306954536288,0.24266613909072576,0.0004628090828386185,False,,
311,1.0,validation,source,sandwich,standard_c5:E2,standard_c5,5.0,2.0,1.9909995955023065,0.8624384148368177,0.8512868196180562,0.011151595218761523,0.002624820605091778,0.008801895737643126,1120,0.019020749587323776,0.8248989300376626,True,0.05,36,paired cluster influence sandwich; asymptotic Bonferroni bounds,,,,,,
311,1.0,validation,source,concentration,standard_c5:E2,standard_c5,5.0,2.0,1.9909995955023065,0.8624384148368177,0.8512868196180562,0.011151595218761523,,,1120,0.25381773430948723,0.7299537500726934,,0.05,36,cluster bounded differences plus within-pair bias; assumption-dependent sensitivity,0.12133306954536288,0.24266613909072576,0.0004628090828386185,False,,
311,1.0,validation,source,sandwich,standard_c5:E8,standard_c5,5.0,8.0,7.998197999765249,0.8624384148368177,0.8602842489239689,0.0021541659128487822,0.0008915343495353429,0.0083810984289741,1120,0.004826966258807681,0.8351579004078936,True,0.05,36,paired cluster influence sandwich; asymptotic Bonferroni bounds,,,,,,
311,1.0,validation,source,concentration,standard_c5:E8,standard_c5,5.0,8.0,7.998197999765249,0.8624384148368177,0.8602842489239689,0.0021541659128487822,,,1120,0.24482030500357455,0.7389511793786061,,0.05,36,cluster bounded differences plus within-pair bias; assumption-dependent sensitivity,0.12133306954536288,0.24266613909072576,0.0004628090828386185,False,,
311,1.0,validation,source,sandwich,auto_s:E2,auto_s,1.0,2.0,1.9909995955023065,0.8624384148368177,0.8339199087845373,0.028518506052280457,0.004281684629590031,0.009139000411611316,1120,0.04135490227775361,0.8065213868155249,True,0.05,36,paired cluster influence sandwich; asymptotic Bonferroni bounds,,,,,,
311,1.0,validation,source,concentration,auto_s:E2,auto_s,1.0,2.0,1.9909995955023065,0.8624384148368177,0.8339199087845373,0.028518506052280457,,,1120,0.27118464514300616,0.7125868392391744,,0.05,36,cluster bounded differences plus within-pair bias; assumption-dependent sensitivity,0.12133306954536288,0.24266613909072576,0.0004628090828386185,False,,
311,1.0,validation,source,sandwich,auto_s:E8,auto_s,1.0,8.0,7.998197999765249,0.8624384148368177,0.8346924844012302,0.027745930435587485,0.004235169096004919,0.0091102387052093,1120,0.04044287411576774,0.8073801893946021,True,0.05,36,paired cluster influence sandwich; asymptotic Bonferroni bounds,,,,,,
311,1.0,validation,source,concentration,auto_s:E8,auto_s,1.0,8.0,7.998197999765249,0.8624384148368177,0.8346924844012302,0.027745930435587485,,,1120,0.2704120695263132,0.7133594148558674,,0.05,36,cluster bounded differences plus within-pair bias; assumption-dependent sensitivity,0.12133306954536288,0.24266613909072576,0.0004628090828386185,False,,
311,1.0,validation,state_OR,sandwich,standard_c1:E2,standard_c1,1.0,2.0,1.9909995955023065,0.8497344917660673,0.8304889075197415,0.01924558424632583,0.004011621548322439,0.009425998792812801,1204,0.03127046767191884,0.8022343637428607,True,0.05,36,paired cluster influence sandwich; asymptotic Bonferroni bounds,,,,,,
311,1.0,validation,state_OR,concentration,standard_c1:E2,standard_c1,1.0,2.0,1.9909995955023065,0.8497344917660673,0.8304889075197415,0.01924558424632583,,,1204,0.25554746854287913,0.7123379653714649,,0.05,36,cluster bounded differences plus within-pair bias; assumption-dependent sensitivity,0.11815094214827664,0.23630188429655327,0.00045932980214257287,False,,
311,1.0,validation,state_OR,sandwich,standard_c1:E8,standard_c1,1.0,8.0,7.998197999765249,0.8497344917660673,0.831061397455179,0.01867309431088826,0.004028493419171658,0.009458214197912124,1204,0.030748551370531663,0.8027102876173773,True,0.05,36,paired cluster influence sandwich; asymptotic Bonferroni bounds,,,,,,
311,1.0,validation,state_OR,concentration,standard_c1:E8,standard_c1,1.0,8.0,7.998197999765249,0.8497344917660673,0.831061397455179,0.01867309431088826,,,1204,0.25497497860744156,0.7129104553069024,,0.05,36,cluster bounded differences plus within-pair bias; assumption-dependent sensitivity,0.11815094214827664,0.23630188429655327,0.00045932980214257287,False,,
311,1.0,validation,state_OR,sandwich,standard_c5:E2,standard_c5,5.0,2.0,1.9909995955023065,0.8497344917660673,0.8325575639466241,0.017176927819443244,0.003178199526057378,0.009302293208789458,1204,0.02670361879558892,0.8046738291329163,True,0.05,36,paired cluster influence sandwich; asymptotic Bonferroni bounds,,,,,,
311,1.0,validation,state_OR,concentration,standard_c5:E2,standard_c5,5.0,2.0,1.9909995955023065,0.8497344917660673,0.8325575639466241,0.017176927819443244,,,1204,0.25347881211599654,0.7144066217983475,,0.05,36,cluster bounded differences plus within-pair bias; assumption-dependent sensitivity,0.11815094214827664,0.23630188429655327,0.00045932980214257287,False,,
311,1.0,validation,state_OR,sandwich,standard_c5:E8,standard_c5,5.0,8.0,7.998197999765249,0.8497344917660673,0.8465024599786612,0.0032320317874060533,0.0009813106792358219,0.00897185532400483,1204,0.0061735222495446825,0.8196092166647302,True,0.05,36,paired cluster influence sandwich; asymptotic Bonferroni bounds,,,,,,
311,1.0,validation,state_OR,concentration,standard_c5:E8,standard_c5,5.0,8.0,7.998197999765249,0.8497344917660673,0.8465024599786612,0.0032320317874060533,,,1204,0.23953391608395933,0.7283515178303847,,0.05,36,cluster bounded differences plus within-pair bias; assumption-dependent sensitivity,0.11815094214827664,0.23630188429655327,0.00045932980214257287,False,,
311,1.0,validation,state_OR,sandwich,auto_s:E2,auto_s,1.0,2.0,1.9909995955023065,0.8497344917660673,0.8242294240873886,0.02550506767867866,0.004975952473051286,0.009635672656135836,1204,0.04042054454980939,0.7953463804050501,True,0.05,36,paired cluster influence sandwich; asymptotic Bonferroni bounds,,,,,,
311,1.0,validation,state_OR,concentration,auto_s:E2,auto_s,1.0,2.0,1.9909995955023065,0.8497344917660673,0.8242294240873886,0.02550506767867866,,,1204,0.26180695197523196,0.706078481939112,,0.05,36,cluster bounded differences plus within-pair bias; assumption-dependent sensitivity,0.11815094214827664,0.23630188429655327,0.00045932980214257287,False,,
311,1.0,validation,state_OR,sandwich,auto_s:E8,auto_s,1.0,8.0,7.998197999765249,0.8497344917660673,0.824384949590784,0.02534954217528329,0.005005984964696634,0.009660578988110582,1204,0.04035504179822779,0.7954272488813685,True,0.05,36,paired cluster influence sandwich; asymptotic Bonferroni bounds,,,,,,
311,1.0,validation,state_OR,concentration,auto_s:E8,auto_s,1.0,8.0,7.998197999765249,0.8497344917660673,0.824384949590784,0.02534954217528329,,,1204,0.2616514264718366,0.7062340074425074,,0.05,36,cluster bounded differences plus within-pair bias; assumption-dependent sensitivity,0.11815094214827664,0.23630188429655327,0.00045932980214257287,False,,
311,1.0,validation,state_WA,sandwich,standard_c1:E2,standard_c1,1.0,2.0,1.9909995955023065,0.8306135719943171,0.8143289046681275,0.016284667326189606,0.003921719403996331,0.009502204836123884,1209,0.028039967239298413,0.7858461765130731,True,0.05,36,paired cluster influence sandwich; asymptotic Bonferroni bounds,,,,,,
311,1.0,validation,state_WA,concentration,standard_c1:E2,standard_c1,1.0,2.0,1.9909995955023065,0.8306135719943171,0.8143289046681275,0.016284667326189606,,,1209,0.2455166089687015,0.6997129338468715,,0.05,36,cluster bounded differences plus within-pair bias; assumption-dependent sensitivity,0.11461597082125595,0.2292319416425119,0.00042427249594475624,False,,
311,1.0,validation,state_WA,sandwich,standard_c1:E8,standard_c1,1.0,8.0,7.998197999765249,0.8306135719943171,0.8154928289729831,0.015120743021333927,0.0039576323575824576,0.009466599861529226,1209,0.026983691518311398,0.7871168262390112,True,0.05,36,paired cluster influence sandwich; asymptotic Bonferroni bounds,,,,,,
311,1.0,validation,state_WA,concentration,standard_c1:E8,standard_c1,1.0,8.0,7.998197999765249,0.8306135719943171,0.8154928289729831,0.015120743021333927,,,1209,0.24435268466384583,0.7008768581517272,,0.05,36,cluster bounded differences plus within-pair bias; assumption-dependent sensitivity,0.11461597082125595,0.2292319416425119,0.00042427249594475624,False,,
311,1.0,validation,state_WA,sandwich,standard_c5:E2,standard_c5,5.0,2.0,1.9909995955023065,0.8306135719943171,0.8101539811244968,0.0204595908698203,0.003229415257788296,0.009492730679839249,1209,0.030139718637397454,0.7816996516224506,True,0.05,36,paired cluster influence sandwich; asymptotic Bonferroni bounds,,,,,,
311,1.0,validation,state_WA,concentration,standard_c5:E2,standard_c5,5.0,2.0,1.9909995955023065,0.8306135719943171,0.8101539811244968,0.0204595908698203,,,1209,0.2496915325123322,0.6955380103032408,,0.05,36,cluster bounded differences plus within-pair bias; assumption-dependent sensitivity,0.11461597082125595,0.2292319416425119,0.00042427249594475624,False,,
311,1.0,validation,state_WA,sandwich,standard_c5:E8,standard_c5,5.0,8.0,7.998197999765249,0.8306135719943171,0.826740672939325,0.003872899054992107,0.001082065559049389,0.009085073482040426,1209,0.007116375668670615,0.7995082902744185,True,0.05,36,paired cluster influence sandwich; asymptotic Bonferroni bounds,,,,,,
311,1.0,validation,state_WA,concentration,standard_c5:E8,standard_c5,5.0,8.0,7.998197999765249,0.8306135719943171,0.826740672939325,0.003872899054992107,,,1209,0.233104840697504,0.712124702118069,,0.05,36,cluster bounded differences plus within-pair bias; assumption-dependent sensitivity,0.11461597082125595,0.2292319416425119,0.00042427249594475624,False,,
311,1.0,validation,state_WA,sandwich,auto_s:E2,auto_s,1.0,2.0,1.9909995955023065,0.8306135719943171,0.8087697022182363,0.02184386977608077,0.004873680317683233,0.00966939595819771,1209,0.0364526594198784,0.7797858209769147,True,0.05,36,paired cluster influence sandwich; asymptotic Bonferroni bounds,,,,,,
311,1.0,validation,state_WA,concentration,auto_s:E2,auto_s,1.0,2.0,1.9909995955023065,0.8306135719943171,0.8087697022182363,0.02184386977608077,,,1209,0.25107581141859264,0.6941537313969803,,0.05,36,cluster bounded differences plus within-pair bias; assumption-dependent sensitivity,0.11461597082125595,0.2292319416425119,0.00042427249594475624,False,,
311,1.0,validation,state_WA,sandwich,auto_s:E8,auto_s,1.0,8.0,7.998197999765249,0.8306135719943171,0.8092592078945503,0.021354364099766765,0.0048953151327993175,0.009647533559031947,1209,0.03602800380397286,0.7803408588936923,True,0.05,36,paired cluster influence sandwich; asymptotic Bonferroni bounds,,,,,,
311,1.0,validation,state_WA,concentration,auto_s:E8,auto_s,1.0,8.0,7.998197999765249,0.8306135719943171,0.8092592078945503,0.021354364099766765,,,1209,0.25058630574227864,0.6946432370732943,,0.05,36,cluster bounded differences plus within-pair bias; assumption-dependent sensitivity,0.11461597082125595,0.2292319416425119,0.00042427249594475624,False,,
311,1.0,test,source,evaluation,standard_c1:E2,standard_c1,1.0,2.0,1.9909995955023065,0.8646913933334782,0.8439749603898734,0.020716432943604812,0.0036314419235109496,0.009057204860857223,1138,0.03160303209506026,0.8168226168223255,True,0.05,36,paired cluster influence sandwich; asymptotic Bonferroni bounds,,,,,0.019148607661308104,0.0015678252822967087
311,1.0,test,source,evaluation,standard_c1:E8,standard_c1,1.0,8.0,7.998197999765249,0.8646913933334782,0.8450557546856009,0.019635638647877318,0.003556929763024237,0.009004352363548124,1138,0.030298859857398483,0.8180618561557204,True,0.05,36,paired cluster influence sandwich; asymptotic Bonferroni bounds,,,,,0.019148607661308104,0.0004870309865692146
311,1.0,test,source,evaluation,standard_c5:E2,standard_c5,5.0,2.0,1.9909995955023065,0.8646913933334782,0.8553424708636301,0.009348922469848087,0.0028658456885798786,0.008707043586005577,1138,0.017940361875639785,0.8292398660824833,True,0.05,36,paired cluster influence sandwich; asymptotic Bonferroni bounds,,,,,0.0004103495120880707,0.008938572957760016
311,1.0,test,source,evaluation,standard_c5:E8,standard_c5,5.0,8.0,7.998197999765249,0.8646913933334782,0.8634251127683981,0.0012662805650801578,0.0009266088799673027,0.008414731033220275,1138,0.004044135659243475,0.8381988236921808,True,0.05,36,paired cluster influence sandwich; asymptotic Bonferroni bounds,,,,,0.0004103495120880707,0.0008559310529920872
311,1.0,test,source,evaluation,auto_s:E2,auto_s,1.0,2.0,1.9909995955023065,0.8646913933334782,0.8372378711150212,0.027453522218456983,0.004363162023430866,0.009218230277066874,1138,0.04053372478879609,0.8096027939126267,True,0.05,36,paired cluster influence sandwich; asymptotic Bonferroni bounds,,,,,0.026211593202705052,0.0012419290157519303
311,1.0,test,source,evaluation,auto_s:E8,auto_s,1.0,8.0,7.998197999765249,0.8646913933334782,0.8381533857461575,0.026538007587320722,0.004322307994497774,0.009175270115143748,1138,0.039495734995979005,0.8106470976231946,True,0.05,36,paired cluster influence sandwich; asymptotic Bonferroni bounds,,,,,0.026211593202705052,0.00032641438461566974
311,1.0,test,state_CO,evaluation,standard_c1:E2,standard_c1,1.0,2.0,1.9909995955023065,0.8558832812811483,0.8346879360754869,0.021195345205661464,0.003943784811042412,0.008847246279457942,1172,0.03301755624420742,0.8081667089707818,True,0.05,36,paired cluster influence sandwich; asymptotic Bonferroni bounds,,,,,0.019974333842780356,0.0012210113628811081
311,1.0,test,state_CO,evaluation,standard_c1:E8,standard_c1,1.0,8.0,7.998197999765249,0.8558832812811483,0.8355787759984051,0.02030450528274319,0.0038538113269779386,0.008820290835678684,1172,0.03185700446644727,0.8091383527306902,True,0.05,36,paired cluster influence sandwich; asymptotic Bonferroni bounds,,,,,0.019974333842780356,0.00033017143996283416
311,1.0,test,state_CO,evaluation,standard_c5:E2,standard_c5,5.0,2.0,1.9909995955023065,0.8558832812811483,0.8400360904379028,0.015847190843245484,0.0030920888576602976,0.008643966732648044,1172,0.02511628862029542,0.814124230683941,True,0.05,36,paired cluster influence sandwich; asymptotic Bonferroni bounds,,,,,0.0003135590404678146,0.01553363180277767
311,1.0,test,state_CO,evaluation,standard_c5:E8,standard_c5,5.0,8.0,7.998197999765249,0.8558832812811483,0.8529750730945578,0.002908208186590544,0.0010168502959727551,0.008347596828617163,1172,0.00595640157684308,0.827951635939394,True,0.05,36,paired cluster influence sandwich; asymptotic Bonferroni bounds,,,,,0.0003135590404678146,0.0025946491461227295
311,1.0,test,state_CO,evaluation,auto_s:E2,auto_s,1.0,2.0,1.9909995955023065,0.8558832812811483,0.8286430992092497,0.0272401820718986,0.004657227442760356,0.009014462299037,1172,0.04120106693779158,0.8016206117246796,True,0.05,36,paired cluster influence sandwich; asymptotic Bonferroni bounds,,,,,0.026459918433118568,0.0007802636387800321
311,1.0,test,state_CO,evaluation,auto_s:E8,auto_s,1.0,8.0,7.998197999765249,0.8558832812811483,0.8292842340022594,0.026599047278888954,0.004602455735088168,0.008991871798713415,1172,0.04039574400621283,0.8023294656441344,True,0.05,36,paired cluster influence sandwich; asymptotic Bonferroni bounds,,,,,0.026459918433118568,0.00013912884577038653
311,1.0,test,state_UT,evaluation,standard_c1:E2,standard_c1,1.0,2.0,1.9909995955023065,0.8828954373588598,0.8618157543391187,0.021079683019741058,0.0037173480996714405,0.008833015341608953,1102,0.032224616467914954,0.835333604836458,True,0.05,36,paired cluster influence sandwich; asymptotic Bonferroni bounds,,,,,0.02237111905175071,-0.0012914360320096518
311,1.0,test,state_UT,evaluation,standard_c1:E8,standard_c1,1.0,8.0,7.998197999765249,0.8828954373588598,0.8610980275498482,0.02179740980901157,0.0036853282792346847,0.008834596251004242,1102,0.03284634504603552,0.8346111383430959,True,0.05,36,paired cluster influence sandwich; asymptotic Bonferroni bounds,,,,,0.02237111905175071,-0.0005737092427391399
311,1.0,test,state_UT,evaluation,standard_c5:E2,standard_c5,5.0,2.0,1.9909995955023065,0.8828954373588598,0.8734705513629136,0.009424885995946153,0.002806310390387095,0.008381435416610052,1102,0.017838449024532965,0.8483422778158269,True,0.05,36,paired cluster influence sandwich; asymptotic Bonferroni bounds,,,,,0.00035886339463520045,0.009066022601310952
311,1.0,test,state_UT,evaluation,standard_c5:E8,standard_c5,5.0,8.0,7.998197999765249,0.8828954373588598,0.8812982591583945,0.0015971782004652324,0.0010562677015293251,0.007951549851781597,1102,0.004763960788848713,0.8574588199851367,True,0.05,36,paired cluster influence sandwich; asymptotic Bonferroni bounds,,,,,0.00035886339463520045,0.001238314805830032
311,1.0,test,state_UT,evaluation,auto_s:E2,auto_s,1.0,2.0,1.9909995955023065,0.8828954373588598,0.8565231095040956,0.026372327854764177,0.00445623295443953,0.009050505496299752,1102,0.03973250246719219,0.8293889055705151,True,0.05,36,paired cluster influence sandwich; asymptotic Bonferroni bounds,,,,,0.027703309688485223,-0.0013309818337210455
311,1.0,test,state_UT,evaluation,auto_s:E8,auto_s,1.0,8.0,7.998197999765249,0.8828954373588598,0.8557994803563608,0.027095957002499005,0.004478517119559161,0.009070150835115224,1102,0.04052294148329215,0.8286063779855625,True,0.05,36,paired cluster influence sandwich; asymptotic Bonferroni bounds,,,,,0.027703309688485223,-0.0006073526859862177
312,1.0,validation,source,sandwich,standard_c1:E2,standard_c1,1.0,2.0,1.9909995955023065,0.8547080908421968,0.8330145411064286,0.021693549735768203,0.004165409470850383,0.009005745614984014,1143,0.034180795599169936,0.8060167248138088,True,0.05,36,paired cluster influence sandwich; asymptotic Bonferroni bounds,,,,,,
312,1.0,validation,source,concentration,standard_c1:E2,standard_c1,1.0,2.0,1.9909995955023065,0.8547080908421968,0.8330145411064286,0.021693549735768203,,,1143,0.25918513518709346,0.7142687483807659,,0.05,36,cluster bounded differences plus within-pair bias; assumption-dependent sensitivity,0.11874579272566264,0.2374915854513253,0.00044108301558632687,False,,
312,1.0,validation,source,sandwich,standard_c1:E8,standard_c1,1.0,8.0,7.998197999765249,0.8547080908421968,0.8331692337280087,0.021538857114188126,0.004133010808630237,0.009011239128644565,1143,0.03392897685742821,0.8061549487409632,True,0.05,36,paired cluster influence sandwich; asymptotic Bonferroni bounds,,,,,,
312,1.0,validation,source,concentration,standard_c1:E8,standard_c1,1.0,8.0,7.998197999765249,0.8547080908421968,0.8331692337280087,0.021538857114188126,,,1143,0.2590304425655134,0.714423441002346,,0.05,36,cluster bounded differences plus within-pair bias; assumption-dependent sensitivity,0.11874579272566264,0.2374915854513253,0.00044108301558632687,False,,
312,1.0,validation,source,sandwich,standard_c5:E2,standard_c5,5.0,2.0,1.9909995955023065,0.8547080908421968,0.8458017676767676,0.008906323165429164,0.0029424846815828973,0.008597813897396923,1143,0.017727431852426426,0.8200268668474744,True,0.05,36,paired cluster influence sandwich; asymptotic Bonferroni bounds,,,,,,
312,1.0,validation,source,concentration,standard_c5:E2,standard_c5,5.0,2.0,1.9909995955023065,0.8547080908421968,0.8458017676767676,0.008906323165429164,,,1143,0.24639790861675445,0.727055974951105,,0.05,36,cluster bounded differences plus within-pair bias; assumption-dependent sensitivity,0.11874579272566264,0.2374915854513253,0.00044108301558632687,False,,
312,1.0,validation,source,sandwich,standard_c5:E8,standard_c5,5.0,8.0,7.998197999765249,0.8547080908421968,0.8538186082681116,0.0008894825740851653,0.000895739234559391,0.008479674332701867,1143,0.0035747686497311364,0.8283978713693674,True,0.05,36,paired cluster influence sandwich; asymptotic Bonferroni bounds,,,,,,
312,1.0,validation,source,concentration,standard_c5:E8,standard_c5,5.0,8.0,7.998197999765249,0.8547080908421968,0.8538186082681116,0.0008894825740851653,,,1143,0.23838106802541045,0.735072815542449,,0.05,36,cluster bounded differences plus within-pair bias; assumption-dependent sensitivity,0.11874579272566264,0.2374915854513253,0.00044108301558632687,False,,
312,1.0,validation,source,sandwich,auto_s:E2,auto_s,1.0,2.0,1.9909995955023065,0.8547080908421968,0.828010025754231,0.026698065087965794,0.004791941685840746,0.009122187580765155,1143,0.041063556503137755,0.8006631346669956,True,0.05,36,paired cluster influence sandwich; asymptotic Bonferroni bounds,,,,,,
312,1.0,validation,source,concentration,auto_s:E2,auto_s,1.0,2.0,1.9909995955023065,0.8547080908421968,0.828010025754231,0.026698065087965794,,,1143,0.26418965053929105,0.7092642330285683,,0.05,36,cluster bounded differences plus within-pair bias; assumption-dependent sensitivity,0.11874579272566264,0.2374915854513253,0.00044108301558632687,False,,
312,1.0,validation,source,sandwich,auto_s:E8,auto_s,1.0,8.0,7.998197999765249,0.8547080908421968,0.8278699662184761,0.026838124623720705,0.0047839354613685315,0.00913701227060696,1143,0.041179614630598535,0.8004786330306024,True,0.05,36,paired cluster influence sandwich; asymptotic Bonferroni bounds,,,,,,
312,1.0,validation,source,concentration,auto_s:E8,auto_s,1.0,8.0,7.998197999765249,0.8547080908421968,0.8278699662184761,0.026838124623720705,,,1143,0.26432971007504596,0.7091241734928134,,0.05,36,cluster bounded differences plus within-pair bias; assumption-dependent sensitivity,0.11874579272566264,0.2374915854513253,0.00044108301558632687,False,,
312,1.0,validation,state_OR,sandwich,standard_c1:E2,standard_c1,1.0,2.0,1.9909995955023065,0.8490244656086052,0.8236263730221828,0.02539809258642245,0.004301438023002579,0.00942859756331059,1206,0.038291660032688205,0.7953641365430942,True,0.05,36,paired cluster influence sandwich; asymptotic Bonferroni bounds,,,,,,
312,1.0,validation,state_OR,concentration,standard_c1:E2,standard_c1,1.0,2.0,1.9909995955023065,0.8490244656086052,0.8236263730221828,0.02539809258642245,,,1206,0.261539457498264,0.705555690566262,,0.05,36,cluster bounded differences plus within-pair bias; assumption-dependent sensitivity,0.11807068245592078,0.23614136491184157,0.00042775503381903865,False,,
312,1.0,validation,state_OR,sandwich,standard_c1:E8,standard_c1,1.0,8.0,7.998197999765249,0.8490244656086052,0.8234141449462776,0.0256103206623276,0.004314087535347908,0.009442887841617682,1206,0.03854180504235241,0.7951090733348001,True,0.05,36,paired cluster influence sandwich; asymptotic Bonferroni bounds,,,,,,
312,1.0,validation,state_OR,concentration,standard_c1:E8,standard_c1,1.0,8.0,7.998197999765249,0.8490244656086052,0.8234141449462776,0.0256103206623276,,,1206,0.26175168557416917,0.7053434624903568,,0.05,36,cluster bounded differences plus within-pair bias; assumption-dependent sensitivity,0.11807068245592078,0.23614136491184157,0.00042775503381903865,False,,
312,1.0,validation,state_OR,sandwich,standard_c5:E2,standard_c5,5.0,2.0,1.9909995955023065,0.8490244656086052,0.8365733852797288,0.01245108032887643,0.003629341023713274,0.00893087475639383,1206,0.023330035930352554,0.8098030737211454,True,0.05,36,paired cluster influence sandwich; asymptotic Bonferroni bounds,,,,,,
312,1.0,validation,state_OR,concentration,standard_c5:E2,standard_c5,5.0,2.0,1.9909995955023065,0.8490244656086052,0.8365733852797288,0.01245108032887643,,,1206,0.248592445240718,0.7185027028238079,,0.05,36,cluster bounded differences plus within-pair bias; assumption-dependent sensitivity,0.11807068245592078,0.23614136491184157,0.00042775503381903865,False,,
312,1.0,validation,state_OR,sandwich,standard_c5:E8,standard_c5,5.0,8.0,7.998197999765249,0.8490244656086052,0.8480106092045406,0.0010138564040645948,0.0011276456837118049,0.008638089827408917,1206,0.00439397616882167,0.8221179209451724,True,0.05,36,paired cluster influence sandwich; asymptotic Bonferroni bounds,,,,,,
312,1.0,validation,state_OR,concentration,standard_c5:E8,standard_c5,5.0,8.0,7.998197999765249,0.8490244656086052,0.8480106092045406,0.0010138564040645948,,,1206,0.23715522131590616,0.7299399267486198,,0.05,36,cluster bounded differences plus within-pair bias; assumption-dependent sensitivity,0.11807068245592078,0.23614136491184157,0.00042775503381903865,False,,
312,1.0,validation,state_OR,sandwich,auto_s:E2,auto_s,1.0,2.0,1.9909995955023065,0.8490244656086052,0.8175058472683608,0.031518618340244386,0.005022915156349597,0.009621322680955675,1206,0.04657481466317934,0.7886659169367378,True,0.05,36,paired cluster influence sandwich; asymptotic Bonferroni bounds,,,,,,
312,1.0,validation,state_OR,concentration,auto_s:E2,auto_s,1.0,2.0,1.9909995955023065,0.8490244656086052,0.8175058472683608,0.031518618340244386,,,1206,0.26765998325208595,0.6994351648124401,,0.05,36,cluster bounded differences plus within-pair bias; assumption-dependent sensitivity,0.11807068245592078,0.23614136491184157,0.00042775503381903865,False,,
312,1.0,validation,state_OR,sandwich,auto_s:E8,auto_s,1.0,8.0,7.998197999765249,0.8490244656086052,0.8171022840359403,0.03192218157266491,0.005046285290564981,0.009631131582686091,1206,0.04704842991079175,0.7882329515054809,True,0.05,36,paired cluster influence sandwich; asymptotic Bonferroni bounds,,,,,,
312,1.0,validation,state_OR,concentration,auto_s:E8,auto_s,1.0,8.0,7.998197999765249,0.8490244656086052,0.8171022840359403,0.03192218157266491,,,1206,0.2680635464845065,0.6990316015800194,,0.05,36,cluster bounded differences plus within-pair bias; assumption-dependent sensitivity,0.11807068245592078,0.23614136491184157,0.00042775503381903865,False,,
312,1.0,validation,state_WA,sandwich,standard_c1:E2,standard_c1,1.0,2.0,1.9909995955023065,0.8700701202354594,0.8461483164160222,0.023921803819437204,0.004363402276888396,0.008701962342280439,1181,0.03700168214637662,0.8200630275932359,True,0.05,36,paired cluster influence sandwich; asymptotic Bonferroni bounds,,,,,,
312,1.0,validation,state_WA,concentration,standard_c1:E2,standard_c1,1.0,2.0,1.9909995955023065,0.8700701202354594,0.8461483164160222,0.023921803819437204,,,1181,0.2556829849091058,0.7302677258711878,,0.05,36,cluster bounded differences plus within-pair bias; assumption-dependent sensitivity,0.11588059054483431,0.23176118108966862,0.00042926564765711323,False,,
312,1.0,validation,state_WA,sandwich,standard_c1:E8,standard_c1,1.0,8.0,7.998197999765249,0.8700701202354594,0.8460065971352168,0.024063523100242623,0.0043528937363492,0.008704867565997924,1181,0.03711190068007596,0.8199125995181626,True,0.05,36,paired cluster influence sandwich; asymptotic Bonferroni bounds,,,,,,
312,1.0,validation,state_WA,concentration,standard_c1:E8,standard_c1,1.0,8.0,7.998197999765249,0.8700701202354594,0.8460065971352168,0.024063523100242623,,,1181,0.2558247041899112,0.7301260065903824,,0.05,36,cluster bounded differences plus within-pair bias; assumption-dependent sensitivity,0.11588059054483431,0.23176118108966862,0.00042926564765711323,False,,
312,1.0,validation,state_WA,sandwich,standard_c5:E2,standard_c5,5.0,2.0,1.9909995955023065,0.8700701202354594,0.8604588829234427,0.00961123731201663,0.0031484878090929495,0.008197635922505865,1181,0.01904924803014716,0.835885379581141,True,0.05,36,paired cluster influence sandwich; asymptotic Bonferroni bounds,,,,,,
312,1.0,validation,state_WA,concentration,standard_c5:E2,standard_c5,5.0,2.0,1.9909995955023065,0.8700701202354594,0.8604588829234427,0.00961123731201663,,,1181,0.24137241840168525,0.7445782923786084,,0.05,36,cluster bounded differences plus within-pair bias; assumption-dependent sensitivity,0.11588059054483431,0.23176118108966862,0.00042926564765711323,False,,
312,1.0,validation,state_WA,sandwich,standard_c5:E8,standard_c5,5.0,8.0,7.998197999765249,0.8700701202354594,0.8701050365800057,-3.491634454633186e-05,0.0010139945022518424,0.007887489401607597,1181,0.003004666960410271,0.8464612386600895,True,0.05,36,paired cluster influence sandwich; asymptotic Bonferroni bounds,,,,,,
312,1.0,validation,state_WA,concentration,standard_c5:E8,standard_c5,5.0,8.0,7.998197999765249,0.8700701202354594,0.8701050365800057,-3.491634454633186e-05,,,1181,0.23172626474512228,0.7542244460351714,,0.05,36,cluster bounded differences plus within-pair bias; assumption-dependent sensitivity,0.11588059054483431,0.23176118108966862,0.00042926564765711323,False,,
312,1.0,validation,state_WA,sandwich,auto_s:E2,auto_s,1.0,2.0,1.9909995955023065,0.8700701202354594,0.8401288413113758,0.029941278924083603,0.005016325481305644,0.008880453203000615,1181,0.04497838134558968,0.8135085024078174,True,0.05,36,paired cluster influence sandwich; asymptotic Bonferroni bounds,,,,,,
312,1.0,validation,state_WA,concentration,auto_s:E2,auto_s,1.0,2.0,1.9909995955023065,0.8700701202354594,0.8401288413113758,0.029941278924083603,,,1181,0.2617024600137522,0.7242482507665414,,0.05,36,cluster bounded differences plus within-pair bias; assumption-dependent sensitivity,0.11588059054483431,0.23176118108966862,0.00042926564765711323,False,,
312,1.0,validation,state_WA,sandwich,auto_s:E8,auto_s,1.0,8.0,7.998197999765249,0.8700701202354594,0.8398551587872114,0.03021496144824798,0.0050320386208995765,0.00889401584113413,1181,0.04529916609434413,0.8131941640730443,True,0.05,36,paired cluster influence sandwich; asymptotic Bonferroni bounds,,,,,,
312,1.0,validation,state_WA,concentration,auto_s:E8,auto_s,1.0,8.0,7.998197999765249,0.8700701202354594,0.8398551587872114,0.03021496144824798,,,1181,0.26197614253791657,0.723974568242377,,0.05,36,cluster bounded differences plus within-pair bias; assumption-dependent sensitivity,0.11588059054483431,0.23176118108966862,0.00042926564765711323,False,,
312,1.0,test,source,evaluation,standard_c1:E2,standard_c1,1.0,2.0,1.9909995955023065,0.8608499654030851,0.8381610185994672,0.022688946803617882,0.004037474897196871,0.009115926479041374,1137,0.03479280430819905,0.8108325824025858,True,0.05,36,paired cluster influence sandwich; asymptotic Bonferroni bounds,,,,,0.02213270299273673,0.0005562438108811518
312,1.0,test,source,evaluation,standard_c1:E8,standard_c1,1.0,8.0,7.998197999765249,0.8608499654030851,0.8386136788329032,0.02223628657018195,0.004051494591539048,0.009118715989877275,1137,0.03438217340916055,0.8112768800226248,True,0.05,36,paired cluster influence sandwich; asymptotic Bonferroni bounds,,,,,0.02213270299273673,0.00010358357744522095
312,1.0,test,source,evaluation,standard_c5:E2,standard_c5,5.0,2.0,1.9909995955023065,0.8608499654030851,0.8523685420818642,0.008481423321220927,0.0028007730635032767,0.008569816655996973,1137,0.01687779950348501,0.8266772765543461,True,0.05,36,paired cluster influence sandwich; asymptotic Bonferroni bounds,,,,,0.0004391943683680344,0.008042228952852892
312,1.0,test,source,evaluation,standard_c5:E8,standard_c5,5.0,8.0,7.998197999765249,0.8608499654030851,0.8595251314475598,0.0013248339555252953,0.0009146837339456379,0.00837322571826233,1137,0.004066944274309623,0.834423221583574,True,0.05,36,paired cluster influence sandwich; asymptotic Bonferroni bounds,,,,,0.0004391943683680344,0.0008856395871572609
312,1.0,test,source,evaluation,auto_s:E2,auto_s,1.0,2.0,1.9909995955023065,0.8608499654030851,0.8328932757684865,0.02795668963459863,0.004720114813807974,0.009327449468514713,1137,0.04210701838370357,0.8049307194374327,True,0.05,36,paired cluster influence sandwich; asymptotic Bonferroni bounds,,,,,0.027769721277309922,0.0001869683572887082
312,1.0,test,source,evaluation,auto_s:E8,auto_s,1.0,8.0,7.998197999765249,0.8608499654030851,0.8330455436273312,0.02780442177575393,0.004736054899154776,0.00933506007968084,1137,0.042002536957359664,0.8050601716118648,True,0.05,36,paired cluster influence sandwich; asymptotic Bonferroni bounds,,,,,0.027769721277309922,3.470049844400691e-05
312,1.0,test,state_CO,evaluation,standard_c1:E2,standard_c1,1.0,2.0,1.9909995955023065,0.8561659973561191,0.8260616182719694,0.030104379084149646,0.00411071171231996,0.009177269386796675,1197,0.04242643581058418,0.7985523104217094,True,0.05,36,paired cluster influence sandwich; asymptotic Bonferroni bounds,,,,,0.03202056722505098,-0.0019161881409013315
312,1.0,test,state_CO,evaluation,standard_c1:E8,standard_c1,1.0,8.0,7.998197999765249,0.8561659973561191,0.8247824219450458,0.03138357541107328,0.0041360938985227705,0.009218395023010736,1197,0.043781716465507416,0.7971498380156529,True,0.05,36,paired cluster influence sandwich; asymptotic Bonferroni bounds,,,,,0.03202056722505098,-0.0006369918139776942
312,1.0,test,state_CO,evaluation,standard_c5:E2,standard_c5,5.0,2.0,1.9909995955023065,0.8561659973561191,0.84959174141677,0.006574255939349127,0.0033987901481104515,0.008631366947654096,1197,0.0167622934221888,0.8237188024712068,True,0.05,36,paired cluster influence sandwich; asymptotic Bonferroni bounds,,,,,0.0009320305756069791,0.005642225363742148
312,1.0,test,state_CO,evaluation,standard_c5:E8,standard_c5,5.0,8.0,7.998197999765249,0.8561659973561191,0.8561774652938503,-1.146793773121324e-05,0.0010964941472137205,0.008416146359639836,1197,0.0032753261815639317,0.8309496604466624,True,0.05,36,paired cluster influence sandwich; asymptotic Bonferroni bounds,,,,,0.0009320305756069791,-0.0009434985133381923
312,1.0,test,state_CO,evaluation,auto_s:E2,auto_s,1.0,2.0,1.9909995955023065,0.8561659973561191,0.8196864874332254,0.03647950992289373,0.004723392002868513,0.009346873621597893,1197,0.050638105386083154,0.7916687827046338,True,0.05,36,paired cluster influence sandwich; asymptotic Bonferroni bounds,,,,,0.03863026951738746,-0.002150759594493734
312,1.0,test,state_CO,evaluation,auto_s:E8,auto_s,1.0,8.0,7.998197999765249,0.8561659973561191,0.8182853139504335,0.03788068340568562,0.004772555110135832,0.009396672930942934,1197,0.052186647655350665,0.7901183333889373,True,0.05,36,paired cluster influence sandwich; asymptotic Bonferroni bounds,,,,,0.03863026951738746,-0.0007495861117018388
312,1.0,test,state_UT,evaluation,standard_c1:E2,standard_c1,1.0,2.0,1.9909995955023065,0.8648656998197891,0.8324254126262193,0.03244028719356984,0.00424246994336855,0.009674811947731884,1094,0.04515979236983237,0.8034190030838495,True,0.05,36,paired cluster influence sandwich; asymptotic Bonferroni bounds,,,,,0.03295746445836567,-0.0005171772647958317
312,1.0,test,state_UT,evaluation,standard_c1:E8,standard_c1,1.0,8.0,7.998197999765249,0.8648656998197891,0.8322709459652735,0.0325947538545156,0.004256445410321514,0.009705148999986582,1094,0.0453561593922708,0.8031735817907351,True,0.05,36,paired cluster influence sandwich; asymptotic Bonferroni bounds,,,,,0.03295746445836567,-0.00036271060385006937
312,1.0,test,state_UT,evaluation,standard_c5:E2,standard_c5,5.0,2.0,1.9909995955023065,0.8648656998197891,0.8553230927658114,0.009542607053977692,0.0030859909636950585,0.008946615655606392,1094,0.01879483006571036,0.8284999153100953,True,0.05,36,paired cluster influence sandwich; asymptotic Bonferroni bounds,,,,,0.0008981950284621121,0.00864441202551558
312,1.0,test,state_UT,evaluation,standard_c5:E8,standard_c5,5.0,8.0,7.998197999765249,0.8648656998197891,0.8642444005835408,0.0006212992362483183,0.0009223496891884829,0.0085763931491956,1094,0.0033866297636443218,0.8385312008411663,True,0.05,36,paired cluster influence sandwich; asymptotic Bonferroni bounds,,,,,0.0008981950284621121,-0.0002768957922137938
312,1.0,test,state_UT,evaluation,auto_s:E2,auto_s,1.0,2.0,1.9909995955023065,0.8648656998197891,0.8284470379587517,0.03641866186103737,0.004873386043816981,0.00980940162094889,1094,0.05102973980329794,0.7990371101668701,True,0.05,36,paired cluster influence sandwich; asymptotic Bonferroni bounds,,,,,0.03718126948711353,-0.0007626076260761616
312,1.0,test,state_UT,evaluation,auto_s:E8,auto_s,1.0,8.0,7.998197999765249,0.8648656998197891,0.8279510283474926,0.036914671472296545,0.004910593281521178,0.009849307631371504,1094,0.05163730180240908,0.7984214568780104,True,0.05,36,paired cluster influence sandwich; asymptotic Bonferroni bounds,,,,,0.03718126948711353,-0.00026659801481698775
313,1.0,validation,source,sandwich,standard_c1:E2,standard_c1,1.0,2.0,1.9909995955023065,0.8743772104660973,0.8530774694380736,0.021299741028023678,0.0033692230168238997,0.008792675455417736,1140,0.03140020251747107,0.8267182526740924,True,0.05,36,paired cluster influence sandwich; asymptotic Bonferroni bounds,,,,,,
313,1.0,validation,source,concentration,standard_c1:E2,standard_c1,1.0,2.0,1.9909995955023065,0.8743772104660973,0.8530774694380736,0.021299741028023678,,,1140,0.26134908538582224,0.7330527972591744,,0.05,36,cluster bounded differences plus within-pair bias; assumption-dependent sensitivity,0.12002467217889927,0.24004934435779854,0.0004088482265686683,False,,
313,1.0,validation,source,sandwich,standard_c1:E8,standard_c1,1.0,8.0,7.998197999765249,0.8743772104660973,0.8527958647922228,0.021581345673874486,0.003335947140490641,0.008820620613386794,1140,0.03158205071925349,0.8263528723356045,True,0.05,36,paired cluster influence sandwich; asymptotic Bonferroni bounds,,,,,,
313,1.0,validation,source,concentration,standard_c1:E8,standard_c1,1.0,8.0,7.998197999765249,0.8743772104660973,0.8527958647922228,0.021581345673874486,,,1140,0.26163069003167305,0.7327711926133236,,0.05,36,cluster bounded differences plus within-pair bias; assumption-dependent sensitivity,0.12002467217889927,0.24004934435779854,0.0004088482265686683,False,,
313,1.0,validation,source,sandwich,standard_c5:E2,standard_c5,5.0,2.0,1.9909995955023065,0.8743772104660973,0.8662398791811773,0.008137331284920002,0.0028555960616820897,0.008292538247327213,1140,0.016698010677887926,0.8413800041302656,True,0.05,36,paired cluster influence sandwich; asymptotic Bonferroni bounds,,,,,,
313,1.0,validation,source,concentration,standard_c5:E2,standard_c5,5.0,2.0,1.9909995955023065,0.8743772104660973,0.8662398791811773,0.008137331284920002,,,1140,0.24818667564271854,0.7462152070022781,,0.05,36,cluster bounded differences plus within-pair bias; assumption-dependent sensitivity,0.12002467217889927,0.24004934435779854,0.0004088482265686683,False,,
313,1.0,validation,source,sandwich,standard_c5:E8,standard_c5,5.0,8.0,7.998197999765249,0.8743772104660973,0.8749727521430636,-0.0005955416769662936,0.0009599477660930186,0.008076240986527369,1140,0.0022822480671046506,0.8507613061638021,True,0.05,36,paired cluster influence sandwich; asymptotic Bonferroni bounds,,,,,,
313,1.0,validation,source,concentration,standard_c5:E8,standard_c5,5.0,8.0,7.998197999765249,0.8743772104660973,0.8749727521430636,-0.0005955416769662936,,,1140,0.23945380268083225,0.7549480799641644,,0.05,36,cluster bounded differences plus within-pair bias; assumption-dependent sensitivity,0.12002467217889927,0.24004934435779854,0.0004088482265686683,False,,
313,1.0,validation,source,sandwich,auto_s:E2,auto_s,1.0,2.0,1.9909995955023065,0.8743772104660973,0.8458318861983476,0.028545324267749694,0.00400829622147765,0.009025115115837127,1140,0.040561638243159226,0.8187758476962496,True,0.05,36,paired cluster influence sandwich; asymptotic Bonferroni bounds,,,,,,
313,1.0,validation,source,concentration,auto_s:E2,auto_s,1.0,2.0,1.9909995955023065,0.8743772104660973,0.8458318861983476,0.028545324267749694,,,1140,0.26859466862554826,0.7258072140194484,,0.05,36,cluster bounded differences plus within-pair bias; assumption-dependent sensitivity,0.12002467217889927,0.24004934435779854,0.0004088482265686683,False,,
313,1.0,validation,source,sandwich,auto_s:E8,auto_s,1.0,8.0,7.998197999765249,0.8743772104660973,0.845916367592103,0.028460842873994308,0.003966752459887945,0.00903171583023691,1140,0.040352614436518636,0.8188405410672872,True,0.05,36,paired cluster influence sandwich; asymptotic Bonferroni bounds,,,,,,
313,1.0,validation,source,concentration,auto_s:E8,auto_s,1.0,8.0,7.998197999765249,0.8743772104660973,0.845916367592103,0.028460842873994308,,,1140,0.2685101872317929,0.7258916954132038,,0.05,36,cluster bounded differences plus within-pair bias; assumption-dependent sensitivity,0.12002467217889927,0.24004934435779854,0.0004088482265686683,False,,
313,1.0,validation,state_OR,sandwich,standard_c1:E2,standard_c1,1.0,2.0,1.9909995955023065,0.846134312851987,0.8287796535692481,0.017354659282738938,0.004050816852577056,0.009347243308120064,1204,0.029497031100199203,0.8007611802968126,True,0.05,36,paired cluster influence sandwich; asymptotic Bonferroni bounds,,,,,,
313,1.0,validation,state_OR,concentration,standard_c1:E2,standard_c1,1.0,2.0,1.9909995955023065,0.846134312851987,0.8287796535692481,0.017354659282738938,,,1204,0.2510125803324394,0.7119506930443978,,0.05,36,cluster bounded differences plus within-pair bias; assumption-dependent sensitivity,0.11682896052485023,0.23365792104970046,0.00042064540916874504,False,,
313,1.0,validation,state_OR,sandwich,standard_c1:E8,standard_c1,1.0,8.0,7.998197999765249,0.846134312851987,0.8269712095266801,0.019163103325306907,0.004121196109268356,0.009438823506245853,1204,0.03151643780390022,0.7986782235183622,True,0.05,36,paired cluster influence sandwich; asymptotic Bonferroni bounds,,,,,,
313,1.0,validation,state_OR,concentration,standard_c1:E8,standard_c1,1.0,8.0,7.998197999765249,0.846134312851987,0.8269712095266801,0.019163103325306907,,,1204,0.25282102437500736,0.7101422490018299,,0.05,36,cluster bounded differences plus within-pair bias; assumption-dependent sensitivity,0.11682896052485023,0.23365792104970046,0.00042064540916874504,False,,
313,1.0,validation,state_OR,sandwich,standard_c5:E2,standard_c5,5.0,2.0,1.9909995955023065,0.846134312851987,0.8300426938529463,0.01609161899904077,0.004058532578709301,0.009384084468570171,1204,0.028257118797584607,0.8019137887627684,True,0.05,36,paired cluster influence sandwich; asymptotic Bonferroni bounds,,,,,,
313,1.0,validation,state_OR,concentration,standard_c5:E2,standard_c5,5.0,2.0,1.9909995955023065,0.846134312851987,0.8300426938529463,0.01609161899904077,,,1204,0.24974954004874123,0.713213733328096,,0.05,36,cluster bounded differences plus within-pair bias; assumption-dependent sensitivity,0.11682896052485023,0.23365792104970046,0.00042064540916874504,False,,
313,1.0,validation,state_OR,sandwich,standard_c5:E8,standard_c5,5.0,8.0,7.998197999765249,0.846134312851987,0.8451020203124258,0.0010322925395612748,0.0015109598580784129,0.009002483988948774,1204,0.0055614127308069704,0.8181169672101096,True,0.05,36,paired cluster influence sandwich; asymptotic Bonferroni bounds,,,,,,
313,1.0,validation,state_OR,concentration,standard_c5:E8,standard_c5,5.0,8.0,7.998197999765249,0.846134312851987,0.8451020203124258,0.0010322925395612748,,,1204,0.23469021358926173,0.7282730597875755,,0.05,36,cluster bounded differences plus within-pair bias; assumption-dependent sensitivity,0.11682896052485023,0.23365792104970046,0.00042064540916874504,False,,
313,1.0,validation,state_OR,sandwich,auto_s:E2,auto_s,1.0,2.0,1.9909995955023065,0.846134312851987,0.8225836902194973,0.02355062263248975,0.004798855693255853,0.00951932878048162,1204,0.03793524979448514,0.7940493886917144,True,0.05,36,paired cluster influence sandwich; asymptotic Bonferroni bounds,,,,,,
313,1.0,validation,state_OR,concentration,auto_s:E2,auto_s,1.0,2.0,1.9909995955023065,0.846134312851987,0.8225836902194973,0.02355062263248975,,,1204,0.2572085436821902,0.705754729694647,,0.05,36,cluster bounded differences plus within-pair bias; assumption-dependent sensitivity,0.11682896052485023,0.23365792104970046,0.00042064540916874504,False,,
313,1.0,validation,state_OR,sandwich,auto_s:E8,auto_s,1.0,8.0,7.998197999765249,0.846134312851987,0.821063404843053,0.02507090800893408,0.0048657580551566635,0.009588639711901995,1204,0.0396560757984696,0.7923213429718753,True,0.05,36,paired cluster influence sandwich; asymptotic Bonferroni bounds,,,,,,
313,1.0,validation,state_OR,concentration,auto_s:E8,auto_s,1.0,8.0,7.998197999765249,0.846134312851987,0.821063404843053,0.02507090800893408,,,1204,0.25872882905863454,0.7042344443182027,,0.05,36,cluster bounded differences plus within-pair bias; assumption-dependent sensitivity,0.11682896052485023,0.23365792104970046,0.00042064540916874504,False,,
313,1.0,validation,state_WA,sandwich,standard_c1:E2,standard_c1,1.0,2.0,1.9909995955023065,0.8552739237605316,0.8371718932911247,0.018102030469406838,0.0037398035527960094,0.008976658960461506,1206,0.02931209768086012,0.8102643435066357,True,0.05,36,paired cluster influence sandwich; asymptotic Bonferroni bounds,,,,,,
313,1.0,validation,state_WA,concentration,standard_c1:E2,standard_c1,1.0,2.0,1.9909995955023065,0.8552739237605316,0.8371718932911247,0.018102030469406838,,,1206,0.2495628502244508,0.7214414834136028,,0.05,36,cluster bounded differences plus within-pair bias; assumption-dependent sensitivity,0.11573040987752198,0.23146081975504396,0.0004832978846185554,False,,
313,1.0,validation,state_WA,sandwich,standard_c1:E8,standard_c1,1.0,8.0,7.998197999765249,0.8552739237605316,0.8371203689963893,0.018153554764142266,0.003672098622961535,0.008978005470208864,1206,0.029160676338671986,0.8102087830467499,True,0.05,36,paired cluster influence sandwich; asymptotic Bonferroni bounds,,,,,,
313,1.0,validation,state_WA,concentration,standard_c1:E8,standard_c1,1.0,8.0,7.998197999765249,0.8552739237605316,0.8371203689963893,0.018153554764142266,,,1206,0.24961437451918622,0.7213899591188674,,0.05,36,cluster bounded differences plus within-pair bias; assumption-dependent sensitivity,0.11573040987752198,0.23146081975504396,0.0004832978846185554,False,,
313,1.0,validation,state_WA,sandwich,standard_c5:E2,standard_c5,5.0,2.0,1.9909995955023065,0.8552739237605316,0.8433228635966431,0.011951060163888472,0.0035228327982234236,0.008856056512166763,1206,0.02251075718681675,0.8167768198464053,True,0.05,36,paired cluster influence sandwich; asymptotic Bonferroni bounds,,,,,,
313,1.0,validation,state_WA,concentration,standard_c5:E2,standard_c5,5.0,2.0,1.9909995955023065,0.8552739237605316,0.8433228635966431,0.011951060163888472,,,1206,0.24341187991893243,0.7275924537191212,,0.05,36,cluster bounded differences plus within-pair bias; assumption-dependent sensitivity,0.11573040987752198,0.23146081975504396,0.0004832978846185554,False,,
313,1.0,validation,state_WA,sandwich,standard_c5:E8,standard_c5,5.0,8.0,7.998197999765249,0.8552739237605316,0.8548725495045423,0.0004013742559892952,0.00120734549507244,0.008539815184088216,1206,0.004020394334487422,0.8292744396478239,True,0.05,36,paired cluster influence sandwich; asymptotic Bonferroni bounds,,,,,,
313,1.0,validation,state_WA,concentration,standard_c5:E8,standard_c5,5.0,8.0,7.998197999765249,0.8552739237605316,0.8548725495045423,0.0004013742559892952,,,1206,0.23186219401103325,0.7391421396270204,,0.05,36,cluster bounded differences plus within-pair bias; assumption-dependent sensitivity,0.11573040987752198,0.23146081975504396,0.0004832978846185554,False,,
313,1.0,validation,state_WA,sandwich,auto_s:E2,auto_s,1.0,2.0,1.9909995955023065,0.8552739237605316,0.8317639033156914,0.023510020444840185,0.004344485811340005,0.009137101098299145,1206,0.03653262370642468,0.804375427962969,True,0.05,36,paired cluster influence sandwich; asymptotic Bonferroni bounds,,,,,,
313,1.0,validation,state_WA,concentration,auto_s:E2,auto_s,1.0,2.0,1.9909995955023065,0.8552739237605316,0.8317639033156914,0.023510020444840185,,,1206,0.2549708401998842,0.7160334934381695,,0.05,36,cluster bounded differences plus within-pair bias; assumption-dependent sensitivity,0.11573040987752198,0.23146081975504396,0.0004832978846185554,False,,
313,1.0,validation,state_WA,sandwich,auto_s:E8,auto_s,1.0,8.0,7.998197999765249,0.8552739237605316,0.8318143971245321,0.023459526635999484,0.004281656222279649,0.00913578359312242,1206,0.03629379810253341,0.8044298709957125,True,0.05,36,paired cluster influence sandwich; asymptotic Bonferroni bounds,,,,,,
313,1.0,validation,state_WA,concentration,auto_s:E8,auto_s,1.0,8.0,7.998197999765249,0.8552739237605316,0.8318143971245321,0.023459526635999484,,,1206,0.2549203463910435,0.7160839872470102,,0.05,36,cluster bounded differences plus within-pair bias; assumption-dependent sensitivity,0.11573040987752198,0.23146081975504396,0.0004832978846185554,False,,
313,1.0,test,source,evaluation,standard_c1:E2,standard_c1,1.0,2.0,1.9909995955023065,0.8758475061376616,0.8537349632588332,0.022112542878828356,0.0035841524866520257,0.008544183358327535,1113,0.03285790371668118,0.8281193306673285,True,0.05,36,paired cluster influence sandwich; asymptotic Bonferroni bounds,,,,,0.02117652296693917,0.0009360199118891854
313,1.0,test,source,evaluation,standard_c1:E8,standard_c1,1.0,8.0,7.998197999765249,0.8758475061376616,0.8546381217695124,0.02120938436814923,0.0034988253250502746,0.00852205293993576,1113,0.03169893266898105,0.8290888366149534,True,0.05,36,paired cluster influence sandwich; asymptotic Bonferroni bounds,,,,,0.02117652296693917,3.2861401210060315e-05
313,1.0,test,source,evaluation,standard_c5:E2,standard_c5,5.0,2.0,1.9909995955023065,0.8758475061376616,0.8628259108968406,0.013021595240821027,0.0028761787798617772,0.008284937323201668,1113,0.02164443674627804,0.8379875031035509,True,0.05,36,paired cluster influence sandwich; asymptotic Bonferroni bounds,,,,,0.00032119369569916234,0.012700401545121864
313,1.0,test,source,evaluation,standard_c5:E8,standard_c5,5.0,8.0,7.998197999765249,0.8758475061376616,0.8742510780659687,0.0015964280716929125,0.0009747567185216689,0.007909392639163237,1113,0.004518768208906379,0.8505385607463011,True,0.05,36,paired cluster influence sandwich; asymptotic Bonferroni bounds,,,,,0.00032119369569916234,0.0012752343759937501
313,1.0,test,source,evaluation,auto_s:E2,auto_s,1.0,2.0,1.9909995955023065,0.8758475061376616,0.8466273601906386,0.029220145947023046,0.004257059162885474,0.008754793988316495,1113,0.04198289445832353,0.8203803127182249,True,0.05,36,paired cluster influence sandwich; asymptotic Bonferroni bounds,,,,,0.027909930079418332,0.0013102158676047138
313,1.0,test,source,evaluation,auto_s:E8,auto_s,1.0,8.0,7.998197999765249,0.8758475061376616,0.8476842252553648,0.028163280882296804,0.004167868784515486,0.00871732124959055,1113,0.040658634855440974,0.8215495218031044,True,0.05,36,paired cluster influence sandwich; asymptotic Bonferroni bounds,,,,,0.027909930079418332,0.00025335080287847145
313,1.0,test,state_CO,evaluation,standard_c1:E2,standard_c1,1.0,2.0,1.9909995955023065,0.8422115542391209,0.8243250350262329,0.017886519212887975,0.004157540830410752,0.00911270001723065,1189,0.030349123297820184,0.7970088938042884,True,0.05,36,paired cluster influence sandwich; asymptotic Bonferroni bounds,,,,,0.019383285860340993,-0.0014967666474530184
313,1.0,test,state_CO,evaluation,standard_c1:E8,standard_c1,1.0,8.0,7.998197999765249,0.8422115542391209,0.8235435187795302,0.018668035459590615,0.0041987164646319994,0.009162857899746671,1189,0.031254067226457266,0.7960770247752479,True,0.05,36,paired cluster influence sandwich; asymptotic Bonferroni bounds,,,,,0.019383285860340993,-0.0007152504007503779
313,1.0,test,state_CO,evaluation,standard_c5:E2,standard_c5,5.0,2.0,1.9909995955023065,0.8422115542391209,0.8277729626933805,0.014438591545740342,0.0037160606055929375,0.009086543823354588,1189,0.025577818789010193,0.8005352270246087,True,0.05,36,paired cluster influence sandwich; asymptotic Bonferroni bounds,,,,,-0.00011990962600827437,0.014558501171748617
313,1.0,test,state_CO,evaluation,standard_c5:E8,standard_c5,5.0,8.0,7.998197999765249,0.8422115542391209,0.8414694819483421,0.000742072290778717,0.001195537720886127,0.00864457104225538,1189,0.004325804571895957,0.8155565996031663,True,0.05,36,paired cluster influence sandwich; asymptotic Bonferroni bounds,,,,,-0.00011990962600827437,0.0008619819167869913
313,1.0,test,state_CO,evaluation,auto_s:E2,auto_s,1.0,2.0,1.9909995955023065,0.8422115542391209,0.8186356388237918,0.023575915415329107,0.0048225107752692,0.009254783896205623,1189,0.038031826959933644,0.7908935883437676,True,0.05,36,paired cluster influence sandwich; asymptotic Bonferroni bounds,,,,,0.024214381581881494,-0.0006384661665523872
313,1.0,test,state_CO,evaluation,auto_s:E8,auto_s,1.0,8.0,7.998197999765249,0.8422115542391209,0.818376886472932,0.02383466776618881,0.004844888535129132,0.009285902629429828,1189,0.03835765866679199,0.7905415547798982,True,0.05,36,paired cluster influence sandwich; asymptotic Bonferroni bounds,,,,,0.024214381581881494,-0.0003797138156926838
313,1.0,test,state_UT,evaluation,standard_c1:E2,standard_c1,1.0,2.0,1.9909995955023065,0.8808012835725175,0.859392201556077,0.02140908201644054,0.0037004335808619258,0.00852664651578416,1089,0.0325036042723124,0.8338278811946546,True,0.05,36,paired cluster influence sandwich; asymptotic Bonferroni bounds,,,,,0.02505791009667302,-0.00364882808023248
313,1.0,test,state_UT,evaluation,standard_c1:E8,standard_c1,1.0,8.0,7.998197999765249,0.8808012835725175,0.8571707227851485,0.023630560787369026,0.003740679409740839,0.008613883231224344,1089,0.03484574680721503,0.8313448520783866,True,0.05,36,paired cluster influence sandwich; asymptotic Bonferroni bounds,,,,,0.02505791009667302,-0.0014273493093039935
313,1.0,test,state_UT,evaluation,standard_c5:E2,standard_c5,5.0,2.0,1.9909995955023065,0.8808012835725175,0.8745072866587409,0.006293996913776634,0.0029034197379253506,0.007906325008164983,1089,0.014998937617792035,0.8508027945097936,True,0.05,36,paired cluster influence sandwich; asymptotic Bonferroni bounds,,,,,0.0006158555008514144,0.0056781414129252195
313,1.0,test,state_UT,evaluation,standard_c5:E8,standard_c5,5.0,8.0,7.998197999765249,0.8808012835725175,0.8818894493071047,-0.0010881657345871432,0.0010225450592078655,0.007678800765318918,1089,0.001977596336021624,0.8588671131057903,True,0.05,36,paired cluster influence sandwich; asymptotic Bonferroni bounds,,,,,0.0006158555008514144,-0.0017040212354385575
313,1.0,test,state_UT,evaluation,auto_s:E2,auto_s,1.0,2.0,1.9909995955023065,0.8808012835725175,0.8555448411104385,0.025256442462079032,0.004330974248319393,0.008669259501046559,1089,0.03824143169039408,0.8295529430329471,True,0.05,36,paired cluster influence sandwich; asymptotic Bonferroni bounds,,,,,0.028221694088828908,-0.0029652516267498763
313,1.0,test,state_UT,evaluation,auto_s:E8,auto_s,1.0,8.0,7.998197999765249,0.8808012835725175,0.8536179774240339,0.027183306148483632,0.004366308708634437,0.008743043462480758,1089,0.04027423403176927,0.8274048626203481,True,0.05,36,paired cluster influence sandwich; asymptotic Bonferroni bounds,,,,,0.028221694088828908,-0.0010383879403452756
314,1.0,validation,source,sandwich,standard_c1:E2,standard_c1,1.0,2.0,1.9909995955023065,0.8789819714138338,0.8582671924657648,0.020714778948069057,0.003593394122819157,0.00823417463504192,1145,0.03148717120857174,0.8335825194022481,True,0.05,36,paired cluster influence sandwich; asymptotic Bonferroni bounds,,,,,,
314,1.0,validation,source,concentration,standard_c1:E2,standard_c1,1.0,2.0,1.9909995955023065,0.8789819714138338,0.8582671924657648,0.020714778948069057,,,1145,0.2613175613580545,0.737965801260772,,0.05,36,cluster bounded differences plus within-pair bias; assumption-dependent sensitivity,0.12030139120499272,0.24060278240998545,0.000453418526098604,False,,
314,1.0,validation,source,sandwich,standard_c1:E8,standard_c1,1.0,8.0,7.998197999765249,0.8789819714138338,0.8578600517479491,0.021121919665884725,0.003588972935894815,0.008258569206918982,1145,0.03188105795029178,0.8331022478537179,True,0.05,36,paired cluster influence sandwich; asymptotic Bonferroni bounds,,,,,,
314,1.0,validation,source,concentration,standard_c1:E8,standard_c1,1.0,8.0,7.998197999765249,0.8789819714138338,0.8578600517479491,0.021121919665884725,,,1145,0.2617247020758702,0.7375586605429564,,0.05,36,cluster bounded differences plus within-pair bias; assumption-dependent sensitivity,0.12030139120499272,0.24060278240998545,0.000453418526098604,False,,
314,1.0,validation,source,sandwich,standard_c5:E2,standard_c5,5.0,2.0,1.9909995955023065,0.8789819714138338,0.8684379107805454,0.010544060633288388,0.0029538644377327837,0.007853383783234634,1145,0.019399250272949337,0.8448947847571461,True,0.05,36,paired cluster influence sandwich; asymptotic Bonferroni bounds,,,,,,
314,1.0,validation,source,concentration,standard_c5:E2,standard_c5,5.0,2.0,1.9909995955023065,0.8789819714138338,0.8684379107805454,0.010544060633288388,,,1145,0.25114684304327384,0.7481365195755527,,0.05,36,cluster bounded differences plus within-pair bias; assumption-dependent sensitivity,0.12030139120499272,0.24060278240998545,0.000453418526098604,False,,
314,1.0,validation,source,sandwich,standard_c5:E8,standard_c5,5.0,8.0,7.998197999765249,0.8789819714138338,0.8793251551606516,-0.00034318374681774344,0.0010012264183407434,0.00754031962540437,1145,0.0026583249525628074,0.8567205429199278,True,0.05,36,paired cluster influence sandwich; asymptotic Bonferroni bounds,,,,,,
314,1.0,validation,source,concentration,standard_c5:E8,standard_c5,5.0,8.0,7.998197999765249,0.8789819714138338,0.8793251551606516,-0.00034318374681774344,,,1145,0.2402595986631677,0.7590237639556588,,0.05,36,cluster bounded differences plus within-pair bias; assumption-dependent sensitivity,0.12030139120499272,0.24060278240998545,0.000453418526098604,False,,
314,1.0,validation,source,sandwich,auto_s:E2,auto_s,1.0,2.0,1.9909995955023065,0.8789819714138338,0.8509043411704021,0.028077630243431684,0.004301929966170585,0.008456922278176281,1145,0.04097409400133515,0.8255519080714059,True,0.05,36,paired cluster influence sandwich; asymptotic Bonferroni bounds,,,,,,
314,1.0,validation,source,concentration,auto_s:E2,auto_s,1.0,2.0,1.9909995955023065,0.8789819714138338,0.8509043411704021,0.028077630243431684,,,1145,0.26868041265341713,0.7306029499654094,,0.05,36,cluster bounded differences plus within-pair bias; assumption-dependent sensitivity,0.12030139120499272,0.24060278240998545,0.000453418526098604,False,,
314,1.0,validation,source,sandwich,auto_s:E8,auto_s,1.0,8.0,7.998197999765249,0.8789819714138338,0.8505341187041381,0.028447852709695742,0.004298111892209806,0.008476224856097562,1145,0.041332870522907544,0.8251238197173767,True,0.05,36,paired cluster influence sandwich; asymptotic Bonferroni bounds,,,,,,
314,1.0,validation,source,concentration,auto_s:E8,auto_s,1.0,8.0,7.998197999765249,0.8789819714138338,0.8505341187041381,0.028447852709695742,,,1145,0.2690506351196812,0.7302327274991454,,0.05,36,cluster bounded differences plus within-pair bias; assumption-dependent sensitivity,0.12030139120499272,0.24060278240998545,0.000453418526098604,False,,
314,1.0,validation,state_OR,sandwich,standard_c1:E2,standard_c1,1.0,2.0,1.9909995955023065,0.8515391007378187,0.8258284480239609,0.02571065271385775,0.004398066623368969,0.009343825806567006,1206,0.03889386454634963,0.7978203150231201,True,0.05,36,paired cluster influence sandwich; asymptotic Bonferroni bounds,,,,,,
314,1.0,validation,state_OR,concentration,standard_c1:E2,standard_c1,1.0,2.0,1.9909995955023065,0.8515391007378187,0.8258284480239609,0.02571065271385775,,,1206,0.2637497133957848,0.7068089176829975,,0.05,36,cluster bounded differences plus within-pair bias; assumption-dependent sensitivity,0.11901953034096352,0.23803906068192704,0.0004462981225801739,False,,
314,1.0,validation,state_OR,sandwich,standard_c1:E8,standard_c1,1.0,8.0,7.998197999765249,0.8515391007378187,0.8251264701585214,0.026412630579297325,0.004415093113263718,0.009370180351778138,1206,0.039646879342847406,0.7970393393656914,True,0.05,36,paired cluster influence sandwich; asymptotic Bonferroni bounds,,,,,,
314,1.0,validation,state_OR,concentration,standard_c1:E8,standard_c1,1.0,8.0,7.998197999765249,0.8515391007378187,0.8251264701585214,0.026412630579297325,,,1206,0.26445169126122436,0.7061069398175579,,0.05,36,cluster bounded differences plus within-pair bias; assumption-dependent sensitivity,0.11901953034096352,0.23803906068192704,0.0004462981225801739,False,,
314,1.0,validation,state_OR,sandwich,standard_c5:E2,standard_c5,5.0,2.0,1.9909995955023065,0.8515391007378187,0.8454769796917233,0.006062121046095381,0.003403481536100029,0.008775926919635538,1206,0.01626406246734914,0.819171124524982,True,0.05,36,paired cluster influence sandwich; asymptotic Bonferroni bounds,,,,,,
314,1.0,validation,state_OR,concentration,standard_c5:E2,standard_c5,5.0,2.0,1.9909995955023065,0.8515391007378187,0.8454769796917233,0.006062121046095381,,,1206,0.24410118172802242,0.7264574493507598,,0.05,36,cluster bounded differences plus within-pair bias; assumption-dependent sensitivity,0.11901953034096352,0.23803906068192704,0.0004462981225801739,False,,
314,1.0,validation,state_OR,sandwich,standard_c5:E8,standard_c5,5.0,8.0,7.998197999765249,0.8515391007378187,0.8508782142596244,0.0006608864781942891,0.0011391037215213679,0.008737018101161962,1206,0.004075351729858168,0.8246889883393259,True,0.05,36,paired cluster influence sandwich; asymptotic Bonferroni bounds,,,,,,
314,1.0,validation,state_OR,concentration,standard_c5:E8,standard_c5,5.0,8.0,7.998197999765249,0.8515391007378187,0.8508782142596244,0.0006608864781942891,,,1206,0.23869994716012133,0.7318586839186609,,0.05,36,cluster bounded differences plus within-pair bias; assumption-dependent sensitivity,0.11901953034096352,0.23803906068192704,0.0004462981225801739,False,,
314,1.0,validation,state_OR,sandwich,auto_s:E2,auto_s,1.0,2.0,1.9909995955023065,0.8515391007378187,0.8186488695302799,0.032890231207538756,0.005170721363786939,0.0095602703087752,1206,0.04838947687685016,0.7899919437832293,True,0.05,36,paired cluster influence sandwich; asymptotic Bonferroni bounds,,,,,,
314,1.0,validation,state_OR,concentration,auto_s:E2,auto_s,1.0,2.0,1.9909995955023065,0.8515391007378187,0.8186488695302799,0.032890231207538756,,,1206,0.2709292918894658,0.6996293391893165,,0.05,36,cluster bounded differences plus within-pair bias; assumption-dependent sensitivity,0.11901953034096352,0.23803906068192704,0.0004462981225801739,False,,
314,1.0,validation,state_OR,sandwich,auto_s:E8,auto_s,1.0,8.0,7.998197999765249,0.8515391007378187,0.8181968642705821,0.03334223646723655,0.005176141873882494,0.009575263466548316,1206,0.04885773012434563,0.7894949965088038,True,0.05,36,paired cluster influence sandwich; asymptotic Bonferroni bounds,,,,,,
314,1.0,validation,state_OR,concentration,auto_s:E8,auto_s,1.0,8.0,7.998197999765249,0.8515391007378187,0.8181968642705821,0.03334223646723655,,,1206,0.2713812971491636,0.6991773339296187,,0.05,36,cluster bounded differences plus within-pair bias; assumption-dependent sensitivity,0.11901953034096352,0.23803906068192704,0.0004462981225801739,False,,
314,1.0,validation,state_WA,sandwich,standard_c1:E2,standard_c1,1.0,2.0,1.9909995955023065,0.8699416927854688,0.8492322251169065,0.020709467668562298,0.004108659561740724,0.00853387777592738,1193,0.03302545906509928,0.82365133585411,True,0.05,36,paired cluster influence sandwich; asymptotic Bonferroni bounds,,,,,,
314,1.0,validation,state_WA,concentration,standard_c1:E2,standard_c1,1.0,2.0,1.9909995955023065,0.8699416927854688,0.8492322251169065,0.020709467668562298,,,1193,0.2517020844453453,0.733735916728515,,0.05,36,cluster bounded differences plus within-pair bias; assumption-dependent sensitivity,0.11549630838839152,0.23099261677678304,0.00042343730615952615,False,,
314,1.0,validation,state_WA,sandwich,standard_c1:E8,standard_c1,1.0,8.0,7.998197999765249,0.8699416927854688,0.8495633879495689,0.020378304835899974,0.004051468384206271,0.008528754692636184,1193,0.03252286171957756,0.8239978554835061,True,0.05,36,paired cluster influence sandwich; asymptotic Bonferroni bounds,,,,,,
314,1.0,validation,state_WA,concentration,standard_c1:E8,standard_c1,1.0,8.0,7.998197999765249,0.8699416927854688,0.8495633879495689,0.020378304835899974,,,1193,0.251370921612683,0.7340670795611773,,0.05,36,cluster bounded differences plus within-pair bias; assumption-dependent sensitivity,0.11549630838839152,0.23099261677678304,0.00042343730615952615,False,,
314,1.0,validation,state_WA,sandwich,standard_c5:E2,standard_c5,5.0,2.0,1.9909995955023065,0.8699416927854688,0.854409848352029,0.015531844433439801,0.0032991239524748617,0.008444714188780632,1193,0.025421196813264345,0.8290962331127143,True,0.05,36,paired cluster influence sandwich; asymptotic Bonferroni bounds,,,,,,
314,1.0,validation,state_WA,concentration,standard_c5:E2,standard_c5,5.0,2.0,1.9909995955023065,0.8699416927854688,0.854409848352029,0.015531844433439801,,,1193,0.24652446121022284,0.7389135399636375,,0.05,36,cluster bounded differences plus within-pair bias; assumption-dependent sensitivity,0.11549630838839152,0.23099261677678304,0.00042343730615952615,False,,
314,1.0,validation,state_WA,sandwich,standard_c5:E8,standard_c5,5.0,8.0,7.998197999765249,0.8699416927854688,0.867878845666842,0.0020628471186268094,0.001140298690046335,0.008082484468864113,1193,0.005480971362082756,0.8436510390828864,True,0.05,36,paired cluster influence sandwich; asymptotic Bonferroni bounds,,,,,,
314,1.0,validation,state_WA,concentration,standard_c5:E8,standard_c5,5.0,8.0,7.998197999765249,0.8699416927854688,0.867878845666842,0.0020628471186268094,,,1193,0.23305546389540985,0.7523825372784505,,0.05,36,cluster bounded differences plus within-pair bias; assumption-dependent sensitivity,0.11549630838839152,0.23099261677678304,0.00042343730615952615,False,,
314,1.0,validation,state_WA,sandwich,auto_s:E2,auto_s,1.0,2.0,1.9909995955023065,0.8699416927854688,0.8428417051912593,0.027099987594209507,0.004849351343087271,0.00871296380082219,1193,0.04163625386859128,0.8167239931743016,True,0.05,36,paired cluster influence sandwich; asymptotic Bonferroni bounds,,,,,,
314,1.0,validation,state_WA,concentration,auto_s:E2,auto_s,1.0,2.0,1.9909995955023065,0.8699416927854688,0.8428417051912593,0.027099987594209507,,,1193,0.2580926043709925,0.7273453968028678,,0.05,36,cluster bounded differences plus within-pair bias; assumption-dependent sensitivity,0.11549630838839152,0.23099261677678304,0.00042343730615952615,False,,
314,1.0,validation,state_WA,sandwich,auto_s:E8,auto_s,1.0,8.0,7.998197999765249,0.8699416927854688,0.843159539488861,0.026782153296607825,0.004808689174056108,0.008706145712806547,1193,0.04119653190509105,0.8170622651626098,True,0.05,36,paired cluster influence sandwich; asymptotic Bonferroni bounds,,,,,,
314,1.0,validation,state_WA,concentration,auto_s:E8,auto_s,1.0,8.0,7.998197999765249,0.8699416927854688,0.843159539488861,0.026782153296607825,,,1193,0.25777477007339084,0.7276632311004695,,0.05,36,cluster bounded differences plus within-pair bias; assumption-dependent sensitivity,0.11549630838839152,0.23099261677678304,0.00042343730615952615,False,,
314,1.0,test,source,evaluation,standard_c1:E2,standard_c1,1.0,2.0,1.9909995955023065,0.8472923005110525,0.8254352005643244,0.02185709994672813,0.004059202006978224,0.00935029661301549,1186,0.03402498912909018,0.7974066932828936,True,0.05,36,paired cluster influence sandwich; asymptotic Bonferroni bounds,,,,,0.021662956485699714,0.00019414346102841762
314,1.0,test,source,evaluation,standard_c1:E8,standard_c1,1.0,8.0,7.998197999765249,0.8472923005110525,0.825688476669817,0.021603823841235492,0.004010772276998962,0.009356267561273513,1186,0.03362653976380255,0.7976420708367516,True,0.05,36,paired cluster influence sandwich; asymptotic Bonferroni bounds,,,,,0.021662956485699714,-5.9132644464221507e-05
314,1.0,test,source,evaluation,standard_c5:E2,standard_c5,5.0,2.0,1.9909995955023065,0.8472923005110525,0.8327456699728618,0.014546630538190719,0.0033149525179200184,0.009186993664863904,1186,0.024483552823285366,0.8052066806244744,True,0.05,36,paired cluster influence sandwich; asymptotic Bonferroni bounds,,,,,0.000749362361705419,0.0137972681764853
314,1.0,test,source,evaluation,standard_c5:E8,standard_c5,5.0,8.0,7.998197999765249,0.8472923005110525,0.8452414966733963,0.002050803837656212,0.0011016964614368352,0.008801932720873476,1186,0.005353256002470519,0.8188567684056047,True,0.05,36,paired cluster influence sandwich; asymptotic Bonferroni bounds,,,,,0.000749362361705419,0.001301441475950793
314,1.0,test,source,evaluation,auto_s:E2,auto_s,1.0,2.0,1.9909995955023065,0.8472923005110525,0.8191530112121774,0.028139289298875103,0.004815684492761912,0.009507648271487555,1186,0.04257481508557209,0.7906528256206606,True,0.05,36,paired cluster influence sandwich; asymptotic Bonferroni bounds,,,,,0.028067074210945453,7.221508792965015e-05
314,1.0,test,source,evaluation,auto_s:E8,auto_s,1.0,8.0,7.998197999765249,0.8472923005110525,0.8192901152196961,0.028002185291356452,0.004778672609822956,0.009514871130949346,1186,0.04232676402755989,0.7907682783397341,True,0.05,36,paired cluster influence sandwich; asymptotic Bonferroni bounds,,,,,0.028067074210945453,-6.488891958900123e-05
314,1.0,test,state_CO,evaluation,standard_c1:E2,standard_c1,1.0,2.0,1.9909995955023065,0.8560962298521628,0.8362550556183488,0.01984117423381404,0.004122458122068159,0.008922395980479994,1187,0.03219865843396196,0.8095092733468408,True,0.05,36,paired cluster influence sandwich; asymptotic Bonferroni bounds,,,,,0.020981929143302436,-0.001140754909488395
314,1.0,test,state_CO,evaluation,standard_c1:E8,standard_c1,1.0,8.0,7.998197999765249,0.8560962298521628,0.8357187227316104,0.02037750712055242,0.004088494230164593,0.00892086837185833,1187,0.03263318112757137,0.8089775196210901,True,0.05,36,paired cluster influence sandwich; asymptotic Bonferroni bounds,,,,,0.020981929143302436,-0.0006044220227500174
314,1.0,test,state_CO,evaluation,standard_c5:E2,standard_c5,5.0,2.0,1.9909995955023065,0.8560962298521628,0.8397328391807934,0.016363390671369382,0.0038743819843050464,0.008841715748908229,1187,0.027977241616292517,0.8132289040445116,True,0.05,36,paired cluster influence sandwich; asymptotic Bonferroni bounds,,,,,0.0006238012383843472,0.015739589432985035
314,1.0,test,state_CO,evaluation,standard_c5:E8,standard_c5,5.0,8.0,7.998197999765249,0.8560962298521628,0.8546998788013377,0.0013963510508251398,0.0012491707306833402,0.008356336826023873,1187,0.00514086636441245,0.8296509159638695,True,0.05,36,paired cluster influence sandwich; asymptotic Bonferroni bounds,,,,,0.0006238012383843472,0.0007725498124407926
314,1.0,test,state_CO,evaluation,auto_s:E2,auto_s,1.0,2.0,1.9909995955023065,0.8560962298521628,0.8309598158869762,0.02513641396518662,0.004878803682639149,0.009081595950526917,1187,0.03976112030267406,0.8037368156410787,True,0.05,36,paired cluster influence sandwich; asymptotic Bonferroni bounds,,,,,0.02614989456659189,-0.00101348060140527
314,1.0,test,state_CO,evaluation,auto_s:E8,auto_s,1.0,8.0,7.998197999765249,0.8560962298521628,0.830403580022019,0.025692649830143854,0.0048549755266355825,0.009088171594272236,1187,0.04024592886561542,0.8031608686204754,True,0.05,36,paired cluster influence sandwich; asymptotic Bonferroni bounds,,,,,0.02614989456659189,-0.000457244736448037
314,1.0,test,state_UT,evaluation,standard_c1:E2,standard_c1,1.0,2.0,1.9909995955023065,0.8662554620431905,0.8421756377652575,0.024079824277932982,0.003998042107290335,0.00903304368064453,1147,0.036065237701274566,0.815096192357164,True,0.05,36,paired cluster influence sandwich; asymptotic Bonferroni bounds,,,,,0.02322509940567352,0.0008547248722594603
314,1.0,test,state_UT,evaluation,standard_c1:E8,standard_c1,1.0,8.0,7.998197999765249,0.8662554620431905,0.8429302544504236,0.023325207592766906,0.003926769334083626,0.00903512298491818,1147,0.035096958020625575,0.815844575660919,True,0.05,36,paired cluster influence sandwich; asymptotic Bonferroni bounds,,,,,0.02322509940567352,0.00010010818709338398
314,1.0,test,state_UT,evaluation,standard_c5:E2,standard_c5,5.0,2.0,1.9909995955023065,0.8662554620431905,0.8471107957605647,0.01914466628262579,0.003350979573851148,0.00875826867043902,1147,0.029190302243423442,0.8208550765682884,True,0.05,36,paired cluster influence sandwich; asymptotic Bonferroni bounds,,,,,0.0009507350633901623,0.018193931219235626
314,1.0,test,state_UT,evaluation,standard_c5:E8,standard_c5,5.0,8.0,7.998197999765249,0.8662554620431905,0.8615814049335188,0.004674057109671725,0.0011658893135790347,0.008348971568298431,1147,0.008169184237927833,0.8365526850700352,True,0.05,36,paired cluster influence sandwich; asymptotic Bonferroni bounds,,,,,0.0009507350633901623,0.003723322046281563
314,1.0,test,state_UT,evaluation,auto_s:E2,auto_s,1.0,2.0,1.9909995955023065,0.8662554620431905,0.8394311513261116,0.026824310717078914,0.004611353368907723,0.009139090057818764,1147,0.04064832134135333,0.8120337978924465,True,0.05,36,paired cluster influence sandwich; asymptotic Bonferroni bounds,,,,,0.026275179258051895,0.0005491314590270191
314,1.0,test,state_UT,evaluation,auto_s:E8,auto_s,1.0,8.0,7.998197999765249,0.8662554620431905,0.8399814536411279,0.02627400840206262,0.004556736234773969,0.009137757798325655,1147,0.039934286650583045,0.8125880940825605,True,0.05,36,paired cluster influence sandwich; asymptotic Bonferroni bounds,,,,,0.026275179258051895,-1.1708559892742443e-06
315,1.0,validation,source,sandwich,standard_c1:E2,standard_c1,1.0,2.0,1.9909995955023065,0.8541408722675019,0.8301720674330507,0.023968804834451185,0.0040198779252867516,0.009260383719096703,1147,0.036019678125173024,0.802411097349777,True,0.05,36,paired cluster influence sandwich; asymptotic Bonferroni bounds,,,,,,
315,1.0,validation,source,concentration,standard_c1:E2,standard_c1,1.0,2.0,1.9909995955023065,0.8541408722675019,0.8301720674330507,0.023968804834451185,,,1147,0.2611353194212138,0.7115888101396693,,0.05,36,cluster bounded differences plus within-pair bias; assumption-dependent sensitivity,0.1185832572933813,0.2371665145867626,0.00042227652142540873,False,,
315,1.0,validation,source,sandwich,standard_c1:E8,standard_c1,1.0,8.0,7.998197999765249,0.8541408722675019,0.8323490463930204,0.021791825874481474,0.003805336182987703,0.009194386153626204,1147,0.03319954148726659,0.8047859251782356,True,0.05,36,paired cluster influence sandwich; asymptotic Bonferroni bounds,,,,,,
315,1.0,validation,source,concentration,standard_c1:E8,standard_c1,1.0,8.0,7.998197999765249,0.8541408722675019,0.8323490463930204,0.021791825874481474,,,1147,0.2589583404612441,0.7137657890996391,,0.05,36,cluster bounded differences plus within-pair bias; assumption-dependent sensitivity,0.1185832572933813,0.2371665145867626,0.00042227652142540873,False,,
315,1.0,validation,source,sandwich,standard_c5:E2,standard_c5,5.0,2.0,1.9909995955023065,0.8541408722675019,0.8388082372620083,0.015332635005493644,0.003143119498825335,0.008965151945995545,1147,0.02475514372887467,0.8119323191019925,True,0.05,36,paired cluster influence sandwich; asymptotic Bonferroni bounds,,,,,,
315,1.0,validation,source,concentration,standard_c5:E2,standard_c5,5.0,2.0,1.9909995955023065,0.8541408722675019,0.8388082372620083,0.015332635005493644,,,1147,0.2524991495922563,0.7202249799686269,,0.05,36,cluster bounded differences plus within-pair bias; assumption-dependent sensitivity,0.1185832572933813,0.2371665145867626,0.00042227652142540873,False,,
315,1.0,validation,source,sandwich,standard_c5:E8,standard_c5,5.0,8.0,7.998197999765249,0.8541408722675019,0.8521232719460797,0.002017600321422175,0.0011247012364645423,0.008532603802259776,1147,0.005389252979154449,0.8265440555688488,True,0.05,36,paired cluster influence sandwich; asymptotic Bonferroni bounds,,,,,,
315,1.0,validation,source,concentration,standard_c5:E8,standard_c5,5.0,8.0,7.998197999765249,0.8541408722675019,0.8521232719460797,0.002017600321422175,,,1147,0.23918411490818478,0.7335400146526984,,0.05,36,cluster bounded differences plus within-pair bias; assumption-dependent sensitivity,0.1185832572933813,0.2371665145867626,0.00042227652142540873,False,,
315,1.0,validation,source,sandwich,auto_s:E2,auto_s,1.0,2.0,1.9909995955023065,0.8541408722675019,0.8231881057413208,0.030952766526181064,0.0046777486296886075,0.00947829793947624,1147,0.04497581823818149,0.7947738678954812,True,0.05,36,paired cluster influence sandwich; asymptotic Bonferroni bounds,,,,,,
315,1.0,validation,source,concentration,auto_s:E2,auto_s,1.0,2.0,1.9909995955023065,0.8541408722675019,0.8231881057413208,0.030952766526181064,,,1147,0.2681192811129437,0.7046048484479395,,0.05,36,cluster bounded differences plus within-pair bias; assumption-dependent sensitivity,0.1185832572933813,0.2371665145867626,0.00042227652142540873,False,,
315,1.0,validation,source,sandwich,auto_s:E8,auto_s,1.0,8.0,7.998197999765249,0.8541408722675019,0.8257627625903999,0.02837810967710197,0.004490122079144019,0.00939695882033062,1147,0.041838690630384825,0.7975923648403594,True,0.05,36,paired cluster influence sandwich; asymptotic Bonferroni bounds,,,,,,
315,1.0,validation,source,concentration,auto_s:E8,auto_s,1.0,8.0,7.998197999765249,0.8541408722675019,0.8257627625903999,0.02837810967710197,,,1147,0.2655446242638646,0.7071795052970186,,0.05,36,cluster bounded differences plus within-pair bias; assumption-dependent sensitivity,0.1185832572933813,0.2371665145867626,0.00042227652142540873,False,,
315,1.0,validation,state_OR,sandwich,standard_c1:E2,standard_c1,1.0,2.0,1.9909995955023065,0.8403329670329671,0.8140065934065934,0.02632637362637369,0.004728178383172002,0.009832787637634285,1217,0.04049883093303098,0.7845333477490745,True,0.05,36,paired cluster influence sandwich; asymptotic Bonferroni bounds,,,,,,
315,1.0,validation,state_OR,concentration,standard_c1:E2,standard_c1,1.0,2.0,1.9909995955023065,0.8403329670329671,0.8140065934065934,0.02632637362637369,,,1217,0.2603411277576632,0.6969992163409486,,0.05,36,cluster bounded differences plus within-pair bias; assumption-dependent sensitivity,0.11700737706564478,0.23401475413128955,0.0004527472527472528,False,,
315,1.0,validation,state_OR,sandwich,standard_c1:E8,standard_c1,1.0,8.0,7.998197999765249,0.8403329670329671,0.8164692307692308,0.02386373626373628,0.004480965916164512,0.009745996381162893,1217,0.03729518765851708,0.787256137178163,True,0.05,36,paired cluster influence sandwich; asymptotic Bonferroni bounds,,,,,,
315,1.0,validation,state_OR,concentration,standard_c1:E8,standard_c1,1.0,8.0,7.998197999765249,0.8403329670329671,0.8164692307692308,0.02386373626373628,,,1217,0.2578784903950258,0.699461853703586,,0.05,36,cluster bounded differences plus within-pair bias; assumption-dependent sensitivity,0.11700737706564478,0.23401475413128955,0.0004527472527472528,False,,
315,1.0,validation,state_OR,sandwich,standard_c5:E2,standard_c5,5.0,2.0,1.9909995955023065,0.8403329670329671,0.8146692307692306,0.025663736263736525,0.0035030949441471333,0.009634666062295733,1217,0.036164072654129895,0.7857898437482653,True,0.05,36,paired cluster influence sandwich; asymptotic Bonferroni bounds,,,,,,
315,1.0,validation,state_OR,concentration,standard_c5:E2,standard_c5,5.0,2.0,1.9909995955023065,0.8403329670329671,0.8146692307692306,0.025663736263736525,,,1217,0.25967849039502605,0.6976618537035858,,0.05,36,cluster bounded differences plus within-pair bias; assumption-dependent sensitivity,0.11700737706564478,0.23401475413128955,0.0004527472527472528,False,,
315,1.0,validation,state_OR,sandwich,standard_c5:E8,standard_c5,5.0,8.0,7.998197999765249,0.8403329670329671,0.8360923076923077,0.004240659340659425,0.0012278332749457335,0.009119213621256604,1217,0.007921022740398055,0.8087579613026856,True,0.05,36,paired cluster influence sandwich; asymptotic Bonferroni bounds,,,,,,
315,1.0,validation,state_OR,concentration,standard_c5:E8,standard_c5,5.0,8.0,7.998197999765249,0.8403329670329671,0.8360923076923077,0.004240659340659425,,,1217,0.23825541347194898,0.7190849306266629,,0.05,36,cluster bounded differences plus within-pair bias; assumption-dependent sensitivity,0.11700737706564478,0.23401475413128955,0.0004527472527472528,False,,
315,1.0,validation,state_OR,sandwich,auto_s:E2,auto_s,1.0,2.0,1.9909995955023065,0.8403329670329671,0.8081884615384616,0.03214450549450554,0.00546927854360316,0.010000269985424299,1217,0.04853837018736663,0.7782131966609993,True,0.05,36,paired cluster influence sandwich; asymptotic Bonferroni bounds,,,,,,
315,1.0,validation,state_OR,concentration,auto_s:E2,auto_s,1.0,2.0,1.9909995955023065,0.8403329670329671,0.8081884615384616,0.03214450549450554,,,1217,0.26615925962579506,0.6911810844728168,,0.05,36,cluster bounded differences plus within-pair bias; assumption-dependent sensitivity,0.11700737706564478,0.23401475413128955,0.0004527472527472528,False,,
315,1.0,validation,state_OR,sandwich,auto_s:E8,auto_s,1.0,8.0,7.998197999765249,0.8403329670329671,0.8098159340659341,0.03051703296703301,0.005286954477911608,0.009939803442802228,1217,0.04636439119850798,0.7800219143582485,True,0.05,36,paired cluster influence sandwich; asymptotic Bonferroni bounds,,,,,,
315,1.0,validation,state_OR,concentration,auto_s:E8,auto_s,1.0,8.0,7.998197999765249,0.8403329670329671,0.8098159340659341,0.03051703296703301,,,1217,0.26453178709832254,0.6928085570002893,,0.05,36,cluster bounded differences plus within-pair bias; assumption-dependent sensitivity,0.11700737706564478,0.23401475413128955,0.0004527472527472528,False,,
315,1.0,validation,state_WA,sandwich,standard_c1:E2,standard_c1,1.0,2.0,1.9909995955023065,0.8554646558600989,0.8284354756438365,0.02702918021626244,0.00420148324645596,0.00934711512992907,1203,0.03962319804409461,0.8004173383147339,True,0.05,36,paired cluster influence sandwich; asymptotic Bonferroni bounds,,,,,,
315,1.0,validation,state_WA,concentration,standard_c1:E2,standard_c1,1.0,2.0,1.9909995955023065,0.8554646558600989,0.8284354756438365,0.02702918021626244,,,1203,0.2578511617385846,0.7130244848826753,,0.05,36,cluster bounded differences plus within-pair bias; assumption-dependent sensitivity,0.11541099076116107,0.23082198152232214,0.00042834484035877496,False,,
315,1.0,validation,state_WA,sandwich,standard_c1:E8,standard_c1,1.0,8.0,7.998197999765249,0.8554646558600989,0.83120212806683,0.024262527793268873,0.003980338738943447,0.009248545539604027,1203,0.0361936611808289,0.8034794547691223,True,0.05,36,paired cluster influence sandwich; asymptotic Bonferroni bounds,,,,,,
315,1.0,validation,state_WA,concentration,standard_c1:E8,standard_c1,1.0,8.0,7.998197999765249,0.8554646558600989,0.83120212806683,0.024262527793268873,,,1203,0.255084509315591,0.7157911373056689,,0.05,36,cluster bounded differences plus within-pair bias; assumption-dependent sensitivity,0.11541099076116107,0.23082198152232214,0.00042834484035877496,False,,
315,1.0,validation,state_WA,sandwich,standard_c5:E2,standard_c5,5.0,2.0,1.9909995955023065,0.8554646558600989,0.8294711596660566,0.025993496194042343,0.0029653263095306063,0.009310519857420834,1203,0.03488211247951006,0.8015627172916517,True,0.05,36,paired cluster influence sandwich; asymptotic Bonferroni bounds,,,,,,
315,1.0,validation,state_WA,concentration,standard_c5:E2,standard_c5,5.0,2.0,1.9909995955023065,0.8554646558600989,0.8294711596660566,0.025993496194042343,,,1203,0.2568154777163645,0.7140601689048954,,0.05,36,cluster bounded differences plus within-pair bias; assumption-dependent sensitivity,0.11541099076116107,0.23082198152232214,0.00042834484035877496,False,,
315,1.0,validation,state_WA,sandwich,standard_c5:E8,standard_c5,5.0,8.0,7.998197999765249,0.8554646558600989,0.8503674557247667,0.005097200135332214,0.0010518255857577053,0.008729293271421959,1203,0.008250065302645791,0.8242012499741196,True,0.05,36,paired cluster influence sandwich; asymptotic Bonferroni bounds,,,,,,
315,1.0,validation,state_WA,concentration,standard_c5:E8,standard_c5,5.0,8.0,7.998197999765249,0.8554646558600989,0.8503674557247667,0.005097200135332214,,,1203,0.23591918165765435,0.7349564649636056,,0.05,36,cluster bounded differences plus within-pair bias; assumption-dependent sensitivity,0.11541099076116107,0.23082198152232214,0.00042834484035877496,False,,
315,1.0,validation,state_WA,sandwich,auto_s:E2,auto_s,1.0,2.0,1.9909995955023065,0.8554646558600989,0.8225928106353678,0.03287184522473108,0.004862220926921636,0.009521472376772143,1203,0.04744643554070168,0.7940520344793687,True,0.05,36,paired cluster influence sandwich; asymptotic Bonferroni bounds,,,,,,
315,1.0,validation,state_WA,concentration,auto_s:E2,auto_s,1.0,2.0,1.9909995955023065,0.8554646558600989,0.8225928106353678,0.03287184522473108,,,1203,0.2636938267470532,0.7071818198742067,,0.05,36,cluster bounded differences plus within-pair bias; assumption-dependent sensitivity,0.11541099076116107,0.23082198152232214,0.00042834484035877496,False,,
315,1.0,validation,state_WA,sandwich,auto_s:E8,auto_s,1.0,8.0,7.998197999765249,0.8554646558600989,0.8250625186883542,0.03040213717174467,0.004676547941944252,0.009431946059421728,1203,0.044420169542393355,0.7967900991984735,True,0.05,36,paired cluster influence sandwich; asymptotic Bonferroni bounds,,,,,,
315,1.0,validation,state_WA,concentration,auto_s:E8,auto_s,1.0,8.0,7.998197999765249,0.8554646558600989,0.8250625186883542,0.03040213717174467,,,1203,0.2612241186940668,0.7096515279271931,,0.05,36,cluster bounded differences plus within-pair bias; assumption-dependent sensitivity,0.11541099076116107,0.23082198152232214,0.00042834484035877496,False,,
315,1.0,test,source,evaluation,standard_c1:E2,standard_c1,1.0,2.0,1.9909995955023065,0.8731024433614331,0.851584109918335,0.02151833344309806,0.003881339934314876,0.008617517611798242,1131,0.033154252873544815,0.825749541877842,True,0.05,36,paired cluster influence sandwich; asymptotic Bonferroni bounds,,,,,0.019226653055848253,0.002291680387249806
315,1.0,test,source,evaluation,standard_c1:E8,standard_c1,1.0,8.0,7.998197999765249,0.8731024433614331,0.8532758578108535,0.01982658555057959,0.0036533918131888814,0.008550763589607276,1131,0.030779136346320048,0.827641412521013,True,0.05,36,paired cluster influence sandwich; asymptotic Bonferroni bounds,,,,,0.019226653055848253,0.0005999324947313367
315,1.0,test,source,evaluation,standard_c5:E2,standard_c5,5.0,2.0,1.9909995955023065,0.8731024433614331,0.8567257269164911,0.016376716444941986,0.0030956530867052206,0.008359771632292403,1131,0.02565721506426069,0.8316638588975902,True,0.05,36,paired cluster influence sandwich; asymptotic Bonferroni bounds,,,,,0.0008788033456269551,0.01549791309931503
315,1.0,test,source,evaluation,standard_c5:E8,standard_c5,5.0,8.0,7.998197999765249,0.8731024433614331,0.8698506651738673,0.0032517781875657237,0.0011288392656273194,0.007897935616957672,1131,0.006635940092230935,0.8461733413472963,True,0.05,36,paired cluster influence sandwich; asymptotic Bonferroni bounds,,,,,0.0008788033456269551,0.0023729748419387686
315,1.0,test,source,evaluation,auto_s:E2,auto_s,1.0,2.0,1.9909995955023065,0.8731024433614331,0.8454077894494205,0.027694653912012535,0.0044692355107735435,0.008828176081371245,1131,0.04109303313133543,0.8189416856453059,True,0.05,36,paired cluster influence sandwich; asymptotic Bonferroni bounds,,,,,0.025504848854056794,0.0021898050579557404
315,1.0,test,source,evaluation,auto_s:E8,auto_s,1.0,8.0,7.998197999765249,0.8731024433614331,0.8469405500856164,0.02616189327581664,0.004291826253981676,0.00876431662432979,1131,0.0390284149786167,0.8206658913776751,True,0.05,36,paired cluster influence sandwich; asymptotic Bonferroni bounds,,,,,0.025504848854056794,0.0006570444217598448
315,1.0,test,state_CO,evaluation,standard_c1:E2,standard_c1,1.0,2.0,1.9909995955023065,0.8361502278836042,0.8153568924356,0.020793335448004213,0.004825616791044985,0.009786092351513705,1195,0.03525840511852289,0.7860225060148909,True,0.05,36,paired cluster influence sandwich; asymptotic Bonferroni bounds,,,,,0.017883228434531495,0.002910107013472718
315,1.0,test,state_CO,evaluation,standard_c1:E8,standard_c1,1.0,8.0,7.998197999765249,0.8361502278836042,0.8175569500325548,0.01859327785104936,0.004583897727741018,0.009698768575642447,1195,0.03233378043661572,0.7884843217572945,True,0.05,36,paired cluster influence sandwich; asymptotic Bonferroni bounds,,,,,0.017883228434531495,0.0007100494165178661
315,1.0,test,state_CO,evaluation,standard_c5:E2,standard_c5,5.0,2.0,1.9909995955023065,0.8361502278836042,0.8114315347501627,0.02471869313344144,0.003833010661915575,0.009856645450652571,1195,0.036208367650352916,0.7818856612722118,True,0.05,36,paired cluster influence sandwich; asymptotic Bonferroni bounds,,,,,0.000911951785505738,0.0238067413479357
315,1.0,test,state_CO,evaluation,standard_c5:E8,standard_c5,5.0,8.0,7.998197999765249,0.8361502278836042,0.8320547922335932,0.004095435650010915,0.0013377289343087034,0.009340411916170955,1195,0.008105356676262523,0.804056359086253,True,0.05,36,paired cluster influence sandwich; asymptotic Bonferroni bounds,,,,,0.000911951785505738,0.0031834838645051766
315,1.0,test,state_CO,evaluation,auto_s:E2,auto_s,1.0,2.0,1.9909995955023065,0.8361502278836042,0.811843165161355,0.02430706272224914,0.005486804204181879,0.009893254416761794,1195,0.040754080485712864,0.7821875541579715,True,0.05,36,paired cluster influence sandwich; asymptotic Bonferroni bounds,,,,,0.02207100702849807,0.002236055693751071
315,1.0,test,state_CO,evaluation,auto_s:E8,auto_s,1.0,8.0,7.998197999765249,0.8361502278836042,0.8135475967879264,0.022602631095677728,0.005288292659883232,0.009816705863165307,1195,0.038454598849366355,0.7841214445685486,True,0.05,36,paired cluster influence sandwich; asymptotic Bonferroni bounds,,,,,0.02207100702849807,0.000531624067179659
315,1.0,test,state_UT,evaluation,standard_c1:E2,standard_c1,1.0,2.0,1.9909995955023065,0.8701963534361851,0.8448013090229078,0.025395044413277224,0.0046974262371736065,0.009101225773643,1115,0.03947796556750787,0.817515761894405,True,0.05,36,paired cluster influence sandwich; asymptotic Bonferroni bounds,,,,,0.021768349696119516,0.003626694717157708
315,1.0,test,state_UT,evaluation,standard_c1:E8,standard_c1,1.0,8.0,7.998197999765249,0.8701963534361851,0.8473807854137448,0.022815568022440225,0.0044486793316231114,0.00900840940558632,1115,0.036152743978906096,0.8203735024935909,True,0.05,36,paired cluster influence sandwich; asymptotic Bonferroni bounds,,,,,0.021768349696119516,0.001047218326320709
315,1.0,test,state_UT,evaluation,standard_c5:E2,standard_c5,5.0,2.0,1.9909995955023065,0.8701963534361851,0.8478143992519869,0.022381954184198194,0.003426569239795746,0.008993595521066728,1115,0.03265483597032939,0.8208515284752373,True,0.05,36,paired cluster influence sandwich; asymptotic Bonferroni bounds,,,,,0.0005539971949507505,0.021827956989247443
315,1.0,test,state_UT,evaluation,standard_c5:E8,standard_c5,5.0,8.0,7.998197999765249,0.8701963534361851,0.8657935951379148,0.004402758298270304,0.0011965067432215613,0.008356882497796841,1115,0.007989895014105826,0.8407395950601072,True,0.05,36,paired cluster influence sandwich; asymptotic Bonferroni bounds,,,,,0.0005539971949507505,0.0038487611033195535
315,1.0,test,state_UT,evaluation,auto_s:E2,auto_s,1.0,2.0,1.9909995955023065,0.8701963534361851,0.8408041140719962,0.029392239364188888,0.005303657385051261,0.009216470326138556,1115,0.045292646312924886,0.8131730628601284,True,0.05,36,paired cluster influence sandwich; asymptotic Bonferroni bounds,,,,,0.026421809256662043,0.0029704301075268447
315,1.0,test,state_UT,evaluation,auto_s:E8,auto_s,1.0,8.0,7.998197999765249,0.8701963534361851,0.8428892005610098,0.027307152875175267,0.005121980019573537,0.009143520036994071,1115,0.04266288963978282,0.8154768548951854,True,0.05,36,paired cluster influence sandwich; asymptotic Bonferroni bounds,,,,,0.026421809256662043,0.0008853436185132235
316,1.0,validation,source,sandwich,standard_c1:E2,standard_c1,1.0,2.0,1.9909995955023065,0.8808090398559211,0.8611759221019197,0.01963311775400134,0.0044179368153887,0.008734946925930007,1111,0.032878234159791124,0.8349882707916193,True,0.05,36,paired cluster influence sandwich; asymptotic Bonferroni bounds,,,,,,
316,1.0,validation,source,concentration,standard_c1:E2,standard_c1,1.0,2.0,1.9909995955023065,0.8808090398559211,0.8611759221019197,0.01963311775400134,,,1111,0.2650298150078385,0.7384775734750012,,0.05,36,cluster bounded differences plus within-pair bias; assumption-dependent sensitivity,0.1226983486269186,0.2453966972538372,0.0004832439935113318,False,,
316,1.0,validation,source,sandwich,standard_c1:E8,standard_c1,1.0,8.0,7.998197999765249,0.8808090398559211,0.8625330500572654,0.018275989798655634,0.004253557026628728,0.008675368278480575,1111,0.031028290320501316,0.8365240174447287,True,0.05,36,paired cluster influence sandwich; asymptotic Bonferroni bounds,,,,,,
316,1.0,validation,source,concentration,standard_c1:E8,standard_c1,1.0,8.0,7.998197999765249,0.8808090398559211,0.8625330500572654,0.018275989798655634,,,1111,0.2636726870524928,0.7398347014303469,,0.05,36,cluster bounded differences plus within-pair bias; assumption-dependent sensitivity,0.1226983486269186,0.2453966972538372,0.0004832439935113318,False,,
316,1.0,validation,source,sandwich,standard_c5:E2,standard_c5,5.0,2.0,1.9909995955023065,0.8808090398559211,0.8678998258618561,0.012909213994064972,0.0033191156898327067,0.008557890442797167,1111,0.022860029388931495,0.8422429955722016,True,0.05,36,paired cluster influence sandwich; asymptotic Bonferroni bounds,,,,,,
316,1.0,validation,source,concentration,standard_c5:E2,standard_c5,5.0,2.0,1.9909995955023065,0.8808090398559211,0.8678998258618561,0.012909213994064972,,,1111,0.25830591124790214,0.7452014772349376,,0.05,36,cluster bounded differences plus within-pair bias; assumption-dependent sensitivity,0.1226983486269186,0.2453966972538372,0.0004832439935113318,False,,
316,1.0,validation,source,sandwich,standard_c5:E8,standard_c5,5.0,8.0,7.998197999765249,0.8808090398559211,0.8794593627991534,0.0013496770567676952,0.0011008244034921926,0.008125822767859248,1111,0.00464998395925683,0.8550978852700449,True,0.05,36,paired cluster influence sandwich; asymptotic Bonferroni bounds,,,,,,
316,1.0,validation,source,concentration,standard_c5:E8,standard_c5,5.0,8.0,7.998197999765249,0.8808090398559211,0.8794593627991534,0.0013496770567676952,,,1111,0.2467463743106049,0.7567610141722348,,0.05,36,cluster bounded differences plus within-pair bias; assumption-dependent sensitivity,0.1226983486269186,0.2453966972538372,0.0004832439935113318,False,,
316,1.0,validation,source,sandwich,auto_s:E2,auto_s,1.0,2.0,1.9909995955023065,0.8808090398559211,0.8542870341591766,0.026522005696744455,0.005114542326538725,0.008964769087565834,1111,0.04185556778875553,0.8274103686300911,True,0.05,36,paired cluster influence sandwich; asymptotic Bonferroni bounds,,,,,,
316,1.0,validation,source,concentration,auto_s:E2,auto_s,1.0,2.0,1.9909995955023065,0.8808090398559211,0.8542870341591766,0.026522005696744455,,,1111,0.2719187029505816,0.7315886855322581,,0.05,36,cluster bounded differences plus within-pair bias; assumption-dependent sensitivity,0.1226983486269186,0.2453966972538372,0.0004832439935113318,False,,
316,1.0,validation,source,sandwich,auto_s:E8,auto_s,1.0,8.0,7.998197999765249,0.8808090398559211,0.8553674144530402,0.025441625402880863,0.005005219412789001,0.008925383603851316,1111,0.04044743388977212,0.8286088278685607,True,0.05,36,paired cluster influence sandwich; asymptotic Bonferroni bounds,,,,,,
316,1.0,validation,source,concentration,auto_s:E8,auto_s,1.0,8.0,7.998197999765249,0.8808090398559211,0.8553674144530402,0.025441625402880863,,,1111,0.27083832265671803,0.7326690658261217,,0.05,36,cluster bounded differences plus within-pair bias; assumption-dependent sensitivity,0.1226983486269186,0.2453966972538372,0.0004832439935113318,False,,
316,1.0,validation,state_OR,sandwich,standard_c1:E2,standard_c1,1.0,2.0,1.9909995955023065,0.8314915420294716,0.8078211402924211,0.023670401737050484,0.005068146251799321,0.009606835064732479,1239,0.03886134115842283,0.7790262235222795,True,0.05,36,paired cluster influence sandwich; asymptotic Bonferroni bounds,,,,,,
316,1.0,validation,state_OR,concentration,standard_c1:E2,standard_c1,1.0,2.0,1.9909995955023065,0.8314915420294716,0.8078211402924211,0.023670401737050484,,,1239,0.25366701972020284,0.692822831300845,,0.05,36,cluster bounded differences plus within-pair bias; assumption-dependent sensitivity,0.1149983089915762,0.2299966179831524,0.0003795384635753406,False,,
316,1.0,validation,state_OR,sandwich,standard_c1:E8,standard_c1,1.0,8.0,7.998197999765249,0.8314915420294716,0.8084820226752165,0.023009519354255104,0.004916857008597527,0.009606919291175995,1239,0.03774699401466721,0.7796868534500869,True,0.05,36,paired cluster influence sandwich; asymptotic Bonferroni bounds,,,,,,
316,1.0,validation,state_OR,concentration,standard_c1:E8,standard_c1,1.0,8.0,7.998197999765249,0.8314915420294716,0.8084820226752165,0.023009519354255104,,,1239,0.25300613733740746,0.6934837136836404,,0.05,36,cluster bounded differences plus within-pair bias; assumption-dependent sensitivity,0.1149983089915762,0.2299966179831524,0.0003795384635753406,False,,
316,1.0,validation,state_OR,sandwich,standard_c5:E2,standard_c5,5.0,2.0,1.9909995955023065,0.8314915420294716,0.8121306671491807,0.019360874880290924,0.0042784212121634736,0.00970719879804943,1239,0.03218474266627194,0.7830349265043572,True,0.05,36,paired cluster influence sandwich; asymptotic Bonferroni bounds,,,,,,
316,1.0,validation,state_OR,concentration,standard_c5:E2,standard_c5,5.0,2.0,1.9909995955023065,0.8314915420294716,0.8121306671491807,0.019360874880290924,,,1239,0.24935749286344333,0.6971323581576045,,0.05,36,cluster bounded differences plus within-pair bias; assumption-dependent sensitivity,0.1149983089915762,0.2299966179831524,0.0003795384635753406,False,,
316,1.0,validation,state_OR,sandwich,standard_c5:E8,standard_c5,5.0,8.0,7.998197999765249,0.8314915420294716,0.8284728872726631,0.0030186547568085143,0.0013700261349705153,0.009364512917921319,1239,0.007125084008854114,0.8004042915023069,True,0.05,36,paired cluster influence sandwich; asymptotic Bonferroni bounds,,,,,,
316,1.0,validation,state_OR,concentration,standard_c5:E8,standard_c5,5.0,8.0,7.998197999765249,0.8314915420294716,0.8284728872726631,0.0030186547568085143,,,1239,0.23301527273996092,0.713474578281087,,0.05,36,cluster bounded differences plus within-pair bias; assumption-dependent sensitivity,0.1149983089915762,0.2299966179831524,0.0003795384635753406,False,,
316,1.0,validation,state_OR,sandwich,auto_s:E2,auto_s,1.0,2.0,1.9909995955023065,0.8314915420294716,0.8016216442841948,0.02986989774527682,0.005951953789236975,0.009760454526709735,1239,0.04770990570065233,0.7723662783034544,True,0.05,36,paired cluster influence sandwich; asymptotic Bonferroni bounds,,,,,,
316,1.0,validation,state_OR,concentration,auto_s:E2,auto_s,1.0,2.0,1.9909995955023065,0.8314915420294716,0.8016216442841948,0.02986989774527682,,,1239,0.25986651572842917,0.6866233352926187,,0.05,36,cluster bounded differences plus within-pair bias; assumption-dependent sensitivity,0.1149983089915762,0.2299966179831524,0.0003795384635753406,False,,
316,1.0,validation,state_OR,sandwich,auto_s:E8,auto_s,1.0,8.0,7.998197999765249,0.8314915420294716,0.8020574515316143,0.02943409049785728,0.005862512938145188,0.009765685979913686,1239,0.04700601413142599,0.7727864051255746,True,0.05,36,paired cluster influence sandwich; asymptotic Bonferroni bounds,,,,,,
316,1.0,validation,state_OR,concentration,auto_s:E8,auto_s,1.0,8.0,7.998197999765249,0.8314915420294716,0.8020574515316143,0.02943409049785728,,,1239,0.25943070848100963,0.6870591425400382,,0.05,36,cluster bounded differences plus within-pair bias; assumption-dependent sensitivity,0.1149983089915762,0.2299966179831524,0.0003795384635753406,False,,
316,1.0,validation,state_WA,sandwich,standard_c1:E2,standard_c1,1.0,2.0,1.9909995955023065,0.8459077640112123,0.8156233932096001,0.03028437080161217,0.004563502451614158,0.0095165038807916,1209,0.04396340656288203,0.7870978038650459,True,0.05,36,paired cluster influence sandwich; asymptotic Bonferroni bounds,,,,,,
316,1.0,validation,state_WA,concentration,standard_c1:E2,standard_c1,1.0,2.0,1.9909995955023065,0.8459077640112123,0.8156233932096001,0.03028437080161217,,,1209,0.2603686082463818,0.7005812744872152,,0.05,36,cluster bounded differences plus within-pair bias; assumption-dependent sensitivity,0.11504211872238483,0.23008423744476966,0.00041983878190774744,False,,
316,1.0,validation,state_WA,sandwich,standard_c1:E8,standard_c1,1.0,8.0,7.998197999765249,0.8459077640112123,0.8162930619827171,0.029614702028495143,0.0043915637827781255,0.009483445136117279,1209,0.04277835399744967,0.7878665657701197,True,0.05,36,paired cluster influence sandwich; asymptotic Bonferroni bounds,,,,,,
316,1.0,validation,state_WA,concentration,standard_c1:E8,standard_c1,1.0,8.0,7.998197999765249,0.8459077640112123,0.8162930619827171,0.029614702028495143,,,1209,0.2596989394732648,0.7012509432603323,,0.05,36,cluster bounded differences plus within-pair bias; assumption-dependent sensitivity,0.11504211872238483,0.23008423744476966,0.00041983878190774744,False,,
316,1.0,validation,state_WA,sandwich,standard_c5:E2,standard_c5,5.0,2.0,1.9909995955023065,0.8459077640112123,0.8335116352357732,0.012396128775439053,0.003783138885160476,0.008999613966837084,1209,0.023736035491530846,0.8065354162909484,True,0.05,36,paired cluster influence sandwich; asymptotic Bonferroni bounds,,,,,,
316,1.0,validation,state_WA,concentration,standard_c5:E2,standard_c5,5.0,2.0,1.9909995955023065,0.8459077640112123,0.8335116352357732,0.012396128775439053,,,1209,0.24248036622020872,0.7184695165133884,,0.05,36,cluster bounded differences plus within-pair bias; assumption-dependent sensitivity,0.11504211872238483,0.23008423744476966,0.00041983878190774744,False,,
316,1.0,validation,state_WA,sandwich,standard_c5:E8,standard_c5,5.0,8.0,7.998197999765249,0.8459077640112123,0.8448721616825065,0.0010356023287058091,0.0012476288510119798,0.008690436354573302,1209,0.004775352630307674,0.8188226983732011,True,0.05,36,paired cluster influence sandwich; asymptotic Bonferroni bounds,,,,,,
316,1.0,validation,state_WA,concentration,standard_c5:E8,standard_c5,5.0,8.0,7.998197999765249,0.8459077640112123,0.8448721616825065,0.0010356023287058091,,,1209,0.23111983977347547,0.7298300429601215,,0.05,36,cluster bounded differences plus within-pair bias; assumption-dependent sensitivity,0.11504211872238483,0.23008423744476966,0.00041983878190774744,False,,
316,1.0,validation,state_WA,sandwich,auto_s:E2,auto_s,1.0,2.0,1.9909995955023065,0.8459077640112123,0.8088214866232107,0.03708627738800152,0.005262875370486586,0.009703678010662135,1209,0.05286167384353063,0.7797348454016759,True,0.05,36,paired cluster influence sandwich; asymptotic Bonferroni bounds,,,,,,
316,1.0,validation,state_WA,concentration,auto_s:E2,auto_s,1.0,2.0,1.9909995955023065,0.8459077640112123,0.8088214866232107,0.03708627738800152,,,1209,0.26717051483277116,0.6937793679008258,,0.05,36,cluster bounded differences plus within-pair bias; assumption-dependent sensitivity,0.11504211872238483,0.23008423744476966,0.00041983878190774744,False,,
316,1.0,validation,state_WA,sandwich,auto_s:E8,auto_s,1.0,8.0,7.998197999765249,0.8459077640112123,0.8092729428936325,0.03663482111757976,0.005143230843260492,0.009672711431408233,1209,0.052051584750201746,0.780279123567015,True,0.05,36,paired cluster influence sandwich; asymptotic Bonferroni bounds,,,,,,
316,1.0,validation,state_WA,concentration,auto_s:E8,auto_s,1.0,8.0,7.998197999765249,0.8459077640112123,0.8092729428936325,0.03663482111757976,,,1209,0.2667190585623494,0.6942308241712477,,0.05,36,cluster bounded differences plus within-pair bias; assumption-dependent sensitivity,0.11504211872238483,0.23008423744476966,0.00041983878190774744,False,,
316,1.0,test,source,evaluation,standard_c1:E2,standard_c1,1.0,2.0,1.9909995955023065,0.8672221211569947,0.8407245510538216,0.026497570103173107,0.004248160251406144,0.008711171070773993,1150,0.03923272058701439,0.8146101702603779,True,0.05,36,paired cluster influence sandwich; asymptotic Bonferroni bounds,,,,,0.026663894591855253,-0.00016632448868214578
316,1.0,test,source,evaluation,standard_c1:E8,standard_c1,1.0,8.0,7.998197999765249,0.8672221211569947,0.8409345357207828,0.026287585436211902,0.004100048047546057,0.008702310201822522,1150,0.038578724608561994,0.8148467180729919,True,0.05,36,paired cluster influence sandwich; asymptotic Bonferroni bounds,,,,,0.026663894591855253,-0.00037630915564335066
316,1.0,test,source,evaluation,standard_c5:E2,standard_c5,5.0,2.0,1.9909995955023065,0.8672221211569947,0.8541646092673927,0.013057511889602025,0.00316032038748408,0.008406204966437444,1150,0.02253153201359323,0.8289644569873181,True,0.05,36,paired cluster influence sandwich; asymptotic Bonferroni bounds,,,,,0.0008014761298371642,0.01225603575976486
316,1.0,test,source,evaluation,standard_c5:E8,standard_c5,5.0,8.0,7.998197999765249,0.8672221211569947,0.864767795420879,0.0024543257361157034,0.0011077355733226254,0.008101187627927418,1150,0.005775099527052225,0.8404820252441679,True,0.05,36,paired cluster influence sandwich; asymptotic Bonferroni bounds,,,,,0.0008014761298371642,0.0016528496062785392
316,1.0,test,source,evaluation,auto_s:E2,auto_s,1.0,2.0,1.9909995955023065,0.8672221211569947,0.8323236050832923,0.034898516073702424,0.004982455217805351,0.008955956092853165,1150,0.04983493871848108,0.8054754068470305,True,0.05,36,paired cluster influence sandwich; asymptotic Bonferroni bounds,,,,,0.035347072429117166,-0.00044855635541474204
316,1.0,test,source,evaluation,auto_s:E8,auto_s,1.0,8.0,7.998197999765249,0.8672221211569947,0.8322264092102186,0.03499571194677609,0.0048766237431007095,0.008964498725586254,1150,0.04961487260600598,0.8053526018380142,True,0.05,36,paired cluster influence sandwich; asymptotic Bonferroni bounds,,,,,0.035347072429117166,-0.00035136048234107875
316,1.0,test,state_CO,evaluation,standard_c1:E2,standard_c1,1.0,2.0,1.9909995955023065,0.8550329666715993,0.8268150166888636,0.028217949982735746,0.0044539853789076385,0.009299159801498659,1201,0.041568893387079,0.7989405299863047,True,0.05,36,paired cluster influence sandwich; asymptotic Bonferroni bounds,,,,,0.02947783587365793,-0.0012598858909221855
316,1.0,test,state_CO,evaluation,standard_c1:E8,standard_c1,1.0,8.0,7.998197999765249,0.8550329666715993,0.8261419128890642,0.028891053782535092,0.004385478781934518,0.009305145573625374,1201,0.04203664678241954,0.7982494836702876,True,0.05,36,paired cluster influence sandwich; asymptotic Bonferroni bounds,,,,,0.02947783587365793,-0.0005867820911228394
316,1.0,test,state_CO,evaluation,standard_c5:E2,standard_c5,5.0,2.0,1.9909995955023065,0.8550329666715993,0.8438625265130962,0.011170440158503103,0.0037607966714008146,0.008935032810923211,1201,0.022443531388862972,0.8170795204575526,True,0.05,36,paired cluster influence sandwich; asymptotic Bonferroni bounds,,,,,0.00045627188871888436,0.010714168269784219
316,1.0,test,state_CO,evaluation,standard_c5:E8,standard_c5,5.0,8.0,7.998197999765249,0.8550329666715993,0.8543578075930218,0.0006751590785775141,0.0012650763044908292,0.008573483014271976,1201,0.004467260018876317,0.8286585569749796,True,0.05,36,paired cluster influence sandwich; asymptotic Bonferroni bounds,,,,,0.00045627188871888436,0.00021888718985862976
316,1.0,test,state_CO,evaluation,auto_s:E2,auto_s,1.0,2.0,1.9909995955023065,0.8550329666715993,0.8193610343807034,0.035671932290895936,0.0051470648079291505,0.009469460294419921,1201,0.051100400303963914,0.7909760672770434,True,0.05,36,paired cluster influence sandwich; asymptotic Bonferroni bounds,,,,,0.03654593959124619,-0.0008740073003502546
316,1.0,test,state_CO,evaluation,auto_s:E8,auto_s,1.0,8.0,7.998197999765249,0.8550329666715993,0.8190116369884411,0.03602132968315819,0.005093817916066984,0.009471845628597797,1201,0.051290188676610726,0.790619519780122,True,0.05,36,paired cluster influence sandwich; asymptotic Bonferroni bounds,,,,,0.03654593959124619,-0.0005246099080880029
316,1.0,test,state_UT,evaluation,standard_c1:E2,standard_c1,1.0,2.0,1.9909995955023065,0.8738714749442077,0.8516490990243273,0.02222237591988041,0.004271932917495269,0.00890633457435433,1133,0.03502920923939515,0.824948786874186,True,0.05,36,paired cluster influence sandwich; asymptotic Bonferroni bounds,,,,,0.024080580608273783,-0.0018582046883933723
316,1.0,test,state_UT,evaluation,standard_c1:E8,standard_c1,1.0,8.0,7.998197999765249,0.8738714749442077,0.8505516977443333,0.023319777199874436,0.004208749591821168,0.008950913217386279,1133,0.03593719314413805,0.8237177432215362,True,0.05,36,paired cluster influence sandwich; asymptotic Bonferroni bounds,,,,,0.024080580608273783,-0.0007608034083993465
316,1.0,test,state_UT,evaluation,standard_c5:E2,standard_c5,5.0,2.0,1.9909995955023065,0.8738714749442077,0.8653643095593794,0.008507165384828319,0.003661289355881459,0.008347919834106482,1133,0.019483349566760583,0.840338069694462,True,0.05,36,paired cluster influence sandwich; asymptotic Bonferroni bounds,,,,,0.0009118113576420672,0.007595354027186252
316,1.0,test,state_UT,evaluation,standard_c5:E8,standard_c5,5.0,8.0,7.998197999765249,0.8738714749442077,0.8748870322211771,-0.0010155572769694476,0.0012054380038491125,0.00806595226625991,1133,0.0025982269023373064,0.8507061032992597,True,0.05,36,paired cluster influence sandwich; asymptotic Bonferroni bounds,,,,,0.0009118113576420672,-0.0019273686346115149
316,1.0,test,state_UT,evaluation,auto_s:E2,auto_s,1.0,2.0,1.9909995955023065,0.8738714749442077,0.8468393229310759,0.027032152013131805,0.0049049895742499065,0.009060393362033702,1133,0.04173682671766985,0.8196771577384545,True,0.05,36,paired cluster influence sandwich; asymptotic Bonferroni bounds,,,,,0.028134740589092155,-0.0011025885759603504
316,1.0,test,state_UT,evaluation,auto_s:E8,auto_s,1.0,8.0,7.998197999765249,0.8738714749442077,0.8461603635257012,0.027711111418506462,0.004866504954617596,0.009089588704515232,1133,0.04230041303116438,0.8189106735774041,True,0.05,36,paired cluster influence sandwich; asymptotic Bonferroni bounds,,,,,0.028134740589092155,-0.00042362917058569316
317,1.0,validation,source,sandwich,standard_c1:E2,standard_c1,1.0,2.0,1.9909995955023065,0.8668845678450284,0.8413057743812266,0.025578793463801874,0.004187535497414745,0.009092607444326148,1149,0.038132226548159884,0.8140478707323733,True,0.05,36,paired cluster influence sandwich; asymptotic Bonferroni bounds,,,,,,
317,1.0,validation,source,concentration,standard_c1:E2,standard_c1,1.0,2.0,1.9909995955023065,0.8668845678450284,0.8413057743812266,0.025578793463801874,,,1149,0.2679872041885253,0.7201015690188648,,0.05,36,cluster bounded differences plus within-pair bias; assumption-dependent sensitivity,0.12120420536236172,0.24240841072472344,0.00046782817832731016,False,,
317,1.0,validation,source,sandwich,standard_c1:E8,standard_c1,1.0,8.0,7.998197999765249,0.8668845678450284,0.8428557822830224,0.02402878556200605,0.004099697488948997,0.009050098292152291,1149,0.03631889704294868,0.8157253129681865,True,0.05,36,paired cluster influence sandwich; asymptotic Bonferroni bounds,,,,,,
317,1.0,validation,source,concentration,standard_c1:E8,standard_c1,1.0,8.0,7.998197999765249,0.8668845678450284,0.8428557822830224,0.02402878556200605,,,1149,0.26643719628672946,0.7216515769206606,,0.05,36,cluster bounded differences plus within-pair bias; assumption-dependent sensitivity,0.12120420536236172,0.24240841072472344,0.00046782817832731016,False,,
317,1.0,validation,source,sandwich,standard_c5:E2,standard_c5,5.0,2.0,1.9909995955023065,0.8668845678450284,0.8567650361755728,0.010119531669455673,0.0028119046000945887,0.008620745821311528,1149,0.018549085582175558,0.8309216837139864,True,0.05,36,paired cluster influence sandwich; asymptotic Bonferroni bounds,,,,,,
317,1.0,validation,source,concentration,standard_c5:E2,standard_c5,5.0,2.0,1.9909995955023065,0.8668845678450284,0.8567650361755728,0.010119531669455673,,,1149,0.2525279423941791,0.735560830813211,,0.05,36,cluster bounded differences plus within-pair bias; assumption-dependent sensitivity,0.12120420536236172,0.24240841072472344,0.00046782817832731016,False,,
317,1.0,validation,source,sandwich,standard_c5:E8,standard_c5,5.0,8.0,7.998197999765249,0.8668845678450284,0.8664659296541317,0.00041863819089671406,0.0009052634111588952,0.008396834801105556,1149,0.0031324453127030234,0.8412938197433827,True,0.05,36,paired cluster influence sandwich; asymptotic Bonferroni bounds,,,,,,
317,1.0,validation,source,concentration,standard_c5:E8,standard_c5,5.0,8.0,7.998197999765249,0.8668845678450284,0.8664659296541317,0.00041863819089671406,,,1149,0.24282704891562015,0.74526172429177,,0.05,36,cluster bounded differences plus within-pair bias; assumption-dependent sensitivity,0.12120420536236172,0.24240841072472344,0.00046782817832731016,False,,
317,1.0,validation,source,sandwich,auto_s:E2,auto_s,1.0,2.0,1.9909995955023065,0.8668845678450284,0.8339785594450534,0.03290600839997504,0.0049605603768108075,0.009328852353489904,1149,0.04777682269866148,0.8060124385976741,True,0.05,36,paired cluster influence sandwich; asymptotic Bonferroni bounds,,,,,,
317,1.0,validation,source,concentration,auto_s:E2,auto_s,1.0,2.0,1.9909995955023065,0.8668845678450284,0.8339785594450534,0.03290600839997504,,,1149,0.27531441912469845,0.7127743540826916,,0.05,36,cluster bounded differences plus within-pair bias; assumption-dependent sensitivity,0.12120420536236172,0.24240841072472344,0.00046782817832731016,False,,
317,1.0,validation,source,sandwich,auto_s:E8,auto_s,1.0,8.0,7.998197999765249,0.8668845678450284,0.8350010832263189,0.03188348461870949,0.004918985575364807,0.00930881399882517,1149,0.046629665588730405,0.8070950335459924,True,0.05,36,paired cluster influence sandwich; asymptotic Bonferroni bounds,,,,,,
317,1.0,validation,source,concentration,auto_s:E8,auto_s,1.0,8.0,7.998197999765249,0.8668845678450284,0.8350010832263189,0.03188348461870949,,,1149,0.2742918953434329,0.7137968778639572,,0.05,36,cluster bounded differences plus within-pair bias; assumption-dependent sensitivity,0.12120420536236172,0.24240841072472344,0.00046782817832731016,False,,
317,1.0,validation,state_OR,sandwich,standard_c1:E2,standard_c1,1.0,2.0,1.9909995955023065,0.851812754174959,0.8291517406478037,0.022661013527155327,0.004868360346373129,0.009490651711381682,1223,0.037253511846804054,0.8007043149649691,True,0.05,36,paired cluster influence sandwich; asymptotic Bonferroni bounds,,,,,,
317,1.0,validation,state_OR,concentration,standard_c1:E2,standard_c1,1.0,2.0,1.9909995955023065,0.851812754174959,0.8291517406478037,0.022661013527155327,,,1223,0.25683898656480336,0.7120627541289797,,0.05,36,cluster bounded differences plus within-pair bias; assumption-dependent sensitivity,0.11708898651882405,0.2341779730376481,0.0003530327939776759,False,,
317,1.0,validation,state_OR,sandwich,standard_c1:E8,standard_c1,1.0,8.0,7.998197999765249,0.851812754174959,0.8311314931787374,0.020681260996221695,0.004743907734487144,0.009448401273872406,1223,0.034900723139290955,0.8028107096083376,True,0.05,36,paired cluster influence sandwich; asymptotic Bonferroni bounds,,,,,,
317,1.0,validation,state_OR,concentration,standard_c1:E8,standard_c1,1.0,8.0,7.998197999765249,0.851812754174959,0.8311314931787374,0.020681260996221695,,,1223,0.25485923403386973,0.7140425066599133,,0.05,36,cluster bounded differences plus within-pair bias; assumption-dependent sensitivity,0.11708898651882405,0.2341779730376481,0.0003530327939776759,False,,
317,1.0,validation,state_OR,sandwich,standard_c5:E2,standard_c5,5.0,2.0,1.9909995955023065,0.851812754174959,0.8351365694672781,0.016676184707680952,0.004141137237418596,0.009185051683124052,1223,0.029088893274639212,0.8076051540181881,True,0.05,36,paired cluster influence sandwich; asymptotic Bonferroni bounds,,,,,,
317,1.0,validation,state_OR,concentration,standard_c5:E2,standard_c5,5.0,2.0,1.9909995955023065,0.851812754174959,0.8351365694672781,0.016676184707680952,,,1223,0.250854157745329,0.718047582948454,,0.05,36,cluster bounded differences plus within-pair bias; assumption-dependent sensitivity,0.11708898651882405,0.2341779730376481,0.0003530327939776759,False,,
317,1.0,validation,state_OR,sandwich,standard_c5:E8,standard_c5,5.0,8.0,7.998197999765249,0.851812754174959,0.8519615817253614,-0.00014882755040235285,0.0015750718804687547,0.008780887327174863,1223,0.004572317174677262,0.8256416147446339,True,0.05,36,paired cluster influence sandwich; asymptotic Bonferroni bounds,,,,,,
317,1.0,validation,state_OR,concentration,standard_c5:E8,standard_c5,5.0,8.0,7.998197999765249,0.851812754174959,0.8519615817253614,-0.00014882755040235285,,,1223,0.23402914548724574,0.7348725952065374,,0.05,36,cluster bounded differences plus within-pair bias; assumption-dependent sensitivity,0.11708898651882405,0.2341779730376481,0.0003530327939776759,False,,
317,1.0,validation,state_OR,sandwich,auto_s:E2,auto_s,1.0,2.0,1.9909995955023065,0.851812754174959,0.8233797698364627,0.028432984338496392,0.005664398893929665,0.009675689764053624,1223,0.045411540866890546,0.7943777082432649,True,0.05,36,paired cluster influence sandwich; asymptotic Bonferroni bounds,,,,,,
317,1.0,validation,state_OR,concentration,auto_s:E2,auto_s,1.0,2.0,1.9909995955023065,0.851812754174959,0.8233797698364627,0.028432984338496392,,,1223,0.2626109573761444,0.7062907833176386,,0.05,36,cluster bounded differences plus within-pair bias; assumption-dependent sensitivity,0.11708898651882405,0.2341779730376481,0.0003530327939776759,False,,
317,1.0,validation,state_OR,sandwich,auto_s:E8,auto_s,1.0,8.0,7.998197999765249,0.851812754174959,0.8249903377462432,0.026822416428715856,0.005622104419817416,0.009652859043763704,1223,0.04367419884868289,0.7960567093058452,True,0.05,36,paired cluster influence sandwich; asymptotic Bonferroni bounds,,,,,,
317,1.0,validation,state_OR,concentration,auto_s:E8,auto_s,1.0,8.0,7.998197999765249,0.851812754174959,0.8249903377462432,0.026822416428715856,,,1223,0.2610003894663639,0.7079013512274192,,0.05,36,cluster bounded differences plus within-pair bias; assumption-dependent sensitivity,0.11708898651882405,0.2341779730376481,0.0003530327939776759,False,,
317,1.0,validation,state_WA,sandwich,standard_c1:E2,standard_c1,1.0,2.0,1.9909995955023065,0.8569622078055813,0.8349840387189785,0.021978169086602772,0.004296550111232273,0.009355892559777737,1207,0.03485706293078458,0.8069397836828398,True,0.05,36,paired cluster influence sandwich; asymptotic Bonferroni bounds,,,,,,
317,1.0,validation,state_WA,concentration,standard_c1:E2,standard_c1,1.0,2.0,1.9909995955023065,0.8569622078055813,0.8349840387189785,0.021978169086602772,,,1207,0.25342435480738956,0.7192609458585851,,0.05,36,cluster bounded differences plus within-pair bias; assumption-dependent sensitivity,0.1157230928603934,0.2314461857207868,0.0004180825867572856,False,,
317,1.0,validation,state_WA,sandwich,standard_c1:E8,standard_c1,1.0,8.0,7.998197999765249,0.8569622078055813,0.8371568324580373,0.019805375347544008,0.004085450579373687,0.009294974523990765,1207,0.03205149908757743,0.8092951790198749,True,0.05,36,paired cluster influence sandwich; asymptotic Bonferroni bounds,,,,,,
317,1.0,validation,state_WA,concentration,standard_c1:E8,standard_c1,1.0,8.0,7.998197999765249,0.8569622078055813,0.8371568324580373,0.019805375347544008,,,1207,0.2512515610683308,0.7214337395976439,,0.05,36,cluster bounded differences plus within-pair bias; assumption-dependent sensitivity,0.1157230928603934,0.2314461857207868,0.0004180825867572856,False,,
317,1.0,validation,state_WA,sandwich,standard_c5:E2,standard_c5,5.0,2.0,1.9909995955023065,0.8569622078055813,0.8364885181752654,0.020473689630315928,0.0046929835066634165,0.008945792348582995,1207,0.0345408911827446,0.8096735370795484,True,0.05,36,paired cluster influence sandwich; asymptotic Bonferroni bounds,,,,,,
317,1.0,validation,state_WA,concentration,standard_c5:E2,standard_c5,5.0,2.0,1.9909995955023065,0.8569622078055813,0.8364885181752654,0.020473689630315928,,,1207,0.2519198753511027,0.720765425314872,,0.05,36,cluster bounded differences plus within-pair bias; assumption-dependent sensitivity,0.1157230928603934,0.2314461857207868,0.0004180825867572856,False,,
317,1.0,validation,state_WA,sandwich,standard_c5:E8,standard_c5,5.0,8.0,7.998197999765249,0.8569622078055813,0.8571434455771805,-0.0001812377715991742,0.0016104452803849328,0.00851234958909486,1207,0.00464606629119287,0.8316277076282811,True,0.05,36,paired cluster influence sandwich; asymptotic Bonferroni bounds,,,,,,
317,1.0,validation,state_WA,concentration,standard_c5:E8,standard_c5,5.0,8.0,7.998197999765249,0.8569622078055813,0.8571434455771805,-0.0001812377715991742,,,1207,0.23126494794918762,0.7414203527167871,,0.05,36,cluster bounded differences plus within-pair bias; assumption-dependent sensitivity,0.1157230928603934,0.2314461857207868,0.0004180825867572856,False,,
317,1.0,validation,state_WA,sandwich,auto_s:E2,auto_s,1.0,2.0,1.9909995955023065,0.8569622078055813,0.8297477087838534,0.0272144990217279,0.004843382938558958,0.009487200671032167,1207,0.04173252234219419,0.8013098581461401,True,0.05,36,paired cluster influence sandwich; asymptotic Bonferroni bounds,,,,,,
317,1.0,validation,state_WA,concentration,auto_s:E2,auto_s,1.0,2.0,1.9909995955023065,0.8569622078055813,0.8297477087838534,0.0272144990217279,,,1207,0.2586606847425147,0.71402461592346,,0.05,36,cluster bounded differences plus within-pair bias; assumption-dependent sensitivity,0.1157230928603934,0.2314461857207868,0.0004180825867572856,False,,
317,1.0,validation,state_WA,sandwich,auto_s:E8,auto_s,1.0,8.0,7.998197999765249,0.8569622078055813,0.831079188549068,0.025883019256513262,0.00475037932129912,0.009448383903027446,1207,0.040122264561407696,0.8027576910369008,True,0.05,36,paired cluster influence sandwich; asymptotic Bonferroni bounds,,,,,,
317,1.0,validation,state_WA,concentration,auto_s:E8,auto_s,1.0,8.0,7.998197999765249,0.8569622078055813,0.831079188549068,0.025883019256513262,,,1207,0.25732920497730005,0.7153560956886746,,0.05,36,cluster bounded differences plus within-pair bias; assumption-dependent sensitivity,0.1157230928603934,0.2314461857207868,0.0004180825867572856,False,,
317,1.0,test,source,evaluation,standard_c1:E2,standard_c1,1.0,2.0,1.9909995955023065,0.8772108487273912,0.8486900575455859,0.028520791181805283,0.003906759013963157,0.008639343668954878,1138,0.04023275581243667,0.8227904084704759,True,0.05,36,paired cluster influence sandwich; asymptotic Bonferroni bounds,,,,,0.026322257354977174,0.0021985338268281085
317,1.0,test,source,evaluation,standard_c1:E8,standard_c1,1.0,8.0,7.998197999765249,0.8772108487273912,0.8504333289431792,0.026777519784211945,0.003875212324072941,0.00857450637093989,1138,0.0383949114670656,0.8247280538077935,True,0.05,36,paired cluster influence sandwich; asymptotic Bonferroni bounds,,,,,0.026322257354977174,0.00045526242923477067
317,1.0,test,source,evaluation,standard_c5:E2,standard_c5,5.0,2.0,1.9909995955023065,0.8772108487273912,0.8594659844298176,0.017744864297573604,0.002935792109158751,0.0084784413610123,1138,0.02654599414010099,0.8340486999266904,True,0.05,36,paired cluster influence sandwich; asymptotic Bonferroni bounds,,,,,0.0006813380774650657,0.017063526220108538
317,1.0,test,source,evaluation,standard_c5:E8,standard_c5,5.0,8.0,7.998197999765249,0.8772108487273912,0.874961499731924,0.0022493489954671375,0.0008877081200852331,0.007942764302796673,1138,0.0049105845791320825,0.8511501066433527,True,0.05,36,paired cluster influence sandwich; asymptotic Bonferroni bounds,,,,,0.0006813380774650657,0.0015680109180020718
317,1.0,test,source,evaluation,auto_s:E2,auto_s,1.0,2.0,1.9909995955023065,0.8772108487273912,0.8402360727548769,0.03697477597251431,0.004663272349082247,0.008887947821211505,1138,0.05095467097505967,0.8135911401780583,True,0.05,36,paired cluster influence sandwich; asymptotic Bonferroni bounds,,,,,0.035040688431460354,0.0019340875410539526
317,1.0,test,source,evaluation,auto_s:E8,auto_s,1.0,8.0,7.998197999765249,0.8772108487273912,0.8416423047686405,0.03556854395875064,0.004651660935181646,0.008842569716745926,1138,0.04951362942519987,0.8151334099542247,True,0.05,36,paired cluster influence sandwich; asymptotic Bonferroni bounds,,,,,0.035040688431460354,0.0005278555272902885
317,1.0,test,state_CO,evaluation,standard_c1:E2,standard_c1,1.0,2.0,1.9909995955023065,0.852016119317307,0.825621103861073,0.026395015456234017,0.004112541541464223,0.009232099513397622,1189,0.038722730108898484,0.7979470518670237,True,0.05,36,paired cluster influence sandwich; asymptotic Bonferroni bounds,,,,,0.024268015599744897,0.00212699985648912
317,1.0,test,state_CO,evaluation,standard_c1:E8,standard_c1,1.0,8.0,7.998197999765249,0.852016119317307,0.827187677751927,0.02482844156538,0.003980982015969691,0.009175591906473397,1189,0.03676179465992167,0.7996830124125397,True,0.05,36,paired cluster influence sandwich; asymptotic Bonferroni bounds,,,,,0.024268015599744897,0.0005604259656351029
317,1.0,test,state_CO,evaluation,standard_c5:E2,standard_c5,5.0,2.0,1.9909995955023065,0.852016119317307,0.8396951282746946,0.012320991042612417,0.0037349692953310247,0.008842949647666595,1189,0.023516898790917094,0.8131875881452639,True,0.05,36,paired cluster influence sandwich; asymptotic Bonferroni bounds,,,,,0.0008453528117148279,0.011475638230897589
317,1.0,test,state_CO,evaluation,standard_c5:E8,standard_c5,5.0,8.0,7.998197999765249,0.852016119317307,0.8528530919276663,-0.00083697261035931,0.0011805186140607608,0.008457748230450863,1189,0.00270173854175188,0.8275002278318659,True,0.05,36,paired cluster influence sandwich; asymptotic Bonferroni bounds,,,,,0.0008453528117148279,-0.001682325422074138
317,1.0,test,state_CO,evaluation,auto_s:E2,auto_s,1.0,2.0,1.9909995955023065,0.852016119317307,0.8199985125142594,0.03201760680304766,0.004715658605001494,0.0093800380130038,1189,0.046153219318013895,0.7918810015080882,True,0.05,36,paired cluster influence sandwich; asymptotic Bonferroni bounds,,,,,0.030162963490605432,0.001854643312442228
317,1.0,test,state_CO,evaluation,auto_s:E8,auto_s,1.0,8.0,7.998197999765249,0.852016119317307,0.8213246793787338,0.03069143993857326,0.004635984867315029,0.009336499384961991,1189,0.04458822322990562,0.7933376793418637,True,0.05,36,paired cluster influence sandwich; asymptotic Bonferroni bounds,,,,,0.030162963490605432,0.0005284764479678294
317,1.0,test,state_UT,evaluation,standard_c1:E2,standard_c1,1.0,2.0,1.9909995955023065,0.8709185689062012,0.8521004202798562,0.01881814862634501,0.004176630580685083,0.008691128862392459,1119,0.031339620065199914,0.826044555457834,True,0.05,36,paired cluster influence sandwich; asymptotic Bonferroni bounds,,,,,0.015689372989446393,0.0031287756368986175
317,1.0,test,state_UT,evaluation,standard_c1:E8,standard_c1,1.0,8.0,7.998197999765249,0.8709185689062012,0.854442538909576,0.01647602999662523,0.003993957990919999,0.008613430816978213,1119,0.028449851943570803,0.8286196115805197,True,0.05,36,paired cluster influence sandwich; asymptotic Bonferroni bounds,,,,,0.015689372989446393,0.000786657007178837
317,1.0,test,state_UT,evaluation,standard_c5:E2,standard_c5,5.0,2.0,1.9909995955023065,0.8709185689062012,0.853472750915367,0.017445817990834223,0.0031377118360135835,0.008659715480284009,1119,0.026852627709580433,0.8275110629086676,True,0.05,36,paired cluster influence sandwich; asymptotic Bonferroni bounds,,,,,0.0006323202004996364,0.016813497790334586
317,1.0,test,state_UT,evaluation,standard_c5:E8,standard_c5,5.0,8.0,7.998197999765249,0.8709185689062012,0.8701284565973801,0.0007901123088210893,0.0010300404699215325,0.008182160234152011,1119,0.003878157103740822,0.8455984715530088,True,0.05,36,paired cluster influence sandwich; asymptotic Bonferroni bounds,,,,,0.0006323202004996364,0.00015779210832145285
317,1.0,test,state_UT,evaluation,auto_s:E2,auto_s,1.0,2.0,1.9909995955023065,0.8709185689062012,0.8508352039952499,0.020083364910951307,0.004844092625657801,0.008690912042205274,1119,0.034605876846731054,0.8247799891966685,True,0.05,36,paired cluster influence sandwich; asymptotic Bonferroni bounds,,,,,0.01795489909943304,0.0021284658115182653
317,1.0,test,state_UT,evaluation,auto_s:E8,auto_s,1.0,8.0,7.998197999765249,0.8709185689062012,0.8523538090669419,0.018564759839259315,0.004737542966998766,0.008634628469344865,1119,0.03276783760868288,0.8264673315163488,True,0.05,36,paired cluster influence sandwich; asymptotic Bonferroni bounds,,,,,0.01795489909943304,0.0006098607398262734
318,1.0,validation,source,sandwich,standard_c1:E2,standard_c1,1.0,2.0,1.9909995955023065,0.8683050129364775,0.8398930941010485,0.02841191883542904,0.004261480543946899,0.009122472778694655,1143,0.0411871707444578,0.8125453480350432,True,0.05,36,paired cluster influence sandwich; asymptotic Bonferroni bounds,,,,,,
318,1.0,validation,source,concentration,standard_c1:E2,standard_c1,1.0,2.0,1.9909995955023065,0.8683050129364775,0.8398930941010485,0.02841191883542904,,,1143,0.26810652989623335,0.7200457885706464,,0.05,36,cluster bounded differences plus within-pair bias; assumption-dependent sensitivity,0.11984730553040214,0.23969461106080428,0.00042573145600157953,False,,
318,1.0,validation,source,sandwich,standard_c1:E8,standard_c1,1.0,8.0,7.998197999765249,0.8683050129364775,0.8415435747456924,0.026761438190785136,0.004145095452173632,0.009059319070702159,1143,0.03918778580457528,0.8143851536150643,True,0.05,36,paired cluster influence sandwich; asymptotic Bonferroni bounds,,,,,,
318,1.0,validation,source,concentration,standard_c1:E8,standard_c1,1.0,8.0,7.998197999765249,0.8683050129364775,0.8415435747456924,0.026761438190785136,,,1143,0.26645604925158944,0.7216962692152903,,0.05,36,cluster bounded differences plus within-pair bias; assumption-dependent sensitivity,0.11984730553040214,0.23969461106080428,0.00042573145600157953,False,,
318,1.0,validation,source,sandwich,standard_c5:E2,standard_c5,5.0,2.0,1.9909995955023065,0.8683050129364775,0.8497784962424572,0.01852651669402039,0.0032066815621442863,0.008905046233311925,1143,0.028139646292047155,0.8230825609404174,True,0.05,36,paired cluster influence sandwich; asymptotic Bonferroni bounds,,,,,,
318,1.0,validation,source,concentration,standard_c5:E2,standard_c5,5.0,2.0,1.9909995955023065,0.8683050129364775,0.8497784962424572,0.01852651669402039,,,1143,0.2582211277548247,0.729931190712055,,0.05,36,cluster bounded differences plus within-pair bias; assumption-dependent sensitivity,0.11984730553040214,0.23969461106080428,0.00042573145600157953,False,,
318,1.0,validation,source,sandwich,standard_c5:E8,standard_c5,5.0,8.0,7.998197999765249,0.8683050129364775,0.8638461443538136,0.004458868582663977,0.0011883359154186964,0.00840516983218165,1143,0.008021313727130022,0.8386487602904715,True,0.05,36,paired cluster influence sandwich; asymptotic Bonferroni bounds,,,,,,
318,1.0,validation,source,concentration,standard_c5:E8,standard_c5,5.0,8.0,7.998197999765249,0.8683050129364775,0.8638461443538136,0.004458868582663977,,,1143,0.24415347964346826,0.7439988388234114,,0.05,36,cluster bounded differences plus within-pair bias; assumption-dependent sensitivity,0.11984730553040214,0.23969461106080428,0.00042573145600157953,False,,
318,1.0,validation,source,sandwich,auto_s:E2,auto_s,1.0,2.0,1.9909995955023065,0.8683050129364775,0.8319970095964394,0.03630800334003814,0.004982620859364747,0.009382478135331445,1143,0.05124512108330273,0.8038698081523145,True,0.05,36,paired cluster influence sandwich; asymptotic Bonferroni bounds,,,,,,
318,1.0,validation,source,concentration,auto_s:E2,auto_s,1.0,2.0,1.9909995955023065,0.8683050129364775,0.8319970095964394,0.03630800334003814,,,1143,0.27600261440084245,0.7121497040660373,,0.05,36,cluster bounded differences plus within-pair bias; assumption-dependent sensitivity,0.11984730553040214,0.23969461106080428,0.00042573145600157953,False,,
318,1.0,validation,source,sandwich,auto_s:E8,auto_s,1.0,8.0,7.998197999765249,0.8683050129364775,0.8332572364064152,0.0350477765300623,0.004916445676858075,0.00933296965708967,1143,0.04978651143010365,0.8052784536338409,True,0.05,36,paired cluster influence sandwich; asymptotic Bonferroni bounds,,,,,,
318,1.0,validation,source,concentration,auto_s:E8,auto_s,1.0,8.0,7.998197999765249,0.8683050129364775,0.8332572364064152,0.0350477765300623,,,1143,0.2747423875908666,0.7134099308760131,,0.05,36,cluster bounded differences plus within-pair bias; assumption-dependent sensitivity,0.11984730553040214,0.23969461106080428,0.00042573145600157953,False,,
318,1.0,validation,state_OR,sandwich,standard_c1:E2,standard_c1,1.0,2.0,1.9909995955023065,0.8581299361822157,0.8181468602355264,0.03998307594668926,0.004869172968373173,0.00969955413039865,1226,0.05457793716494486,0.7890734123765929,True,0.05,36,paired cluster influence sandwich; asymptotic Bonferroni bounds,,,,,,
318,1.0,validation,state_OR,concentration,standard_c1:E2,standard_c1,1.0,2.0,1.9909995955023065,0.8581299361822157,0.8181468602355264,0.03998307594668926,,,1226,0.27119217045669053,0.7025423129805258,,0.05,36,cluster bounded differences plus within-pair bias; assumption-dependent sensitivity,0.11560454725500065,0.2312090945100013,0.0004032684577956421,False,,
318,1.0,validation,state_OR,sandwich,standard_c1:E8,standard_c1,1.0,8.0,7.998197999765249,0.8581299361822157,0.8214110209082576,0.0367189152739581,0.004624816223966049,0.009594036694827647,1226,0.050581341477986166,0.7926538510575747,True,0.05,36,paired cluster influence sandwich; asymptotic Bonferroni bounds,,,,,,
318,1.0,validation,state_OR,concentration,standard_c1:E8,standard_c1,1.0,8.0,7.998197999765249,0.8581299361822157,0.8214110209082576,0.0367189152739581,,,1226,0.26792800978395936,0.705806473653257,,0.05,36,cluster bounded differences plus within-pair bias; assumption-dependent sensitivity,0.11560454725500065,0.2312090945100013,0.0004032684577956421,False,,
318,1.0,validation,state_OR,sandwich,standard_c5:E2,standard_c5,5.0,2.0,1.9909995955023065,0.8581299361822157,0.828337652492772,0.029792283689443644,0.004746626296150672,0.009436830051090014,1226,0.04401982345794511,0.8000516939058584,True,0.05,36,paired cluster influence sandwich; asymptotic Bonferroni bounds,,,,,,
318,1.0,validation,state_OR,concentration,standard_c5:E2,standard_c5,5.0,2.0,1.9909995955023065,0.8581299361822157,0.828337652492772,0.029792283689443644,,,1226,0.2610013781994449,0.7127331052377714,,0.05,36,cluster bounded differences plus within-pair bias; assumption-dependent sensitivity,0.11560454725500065,0.2312090945100013,0.0004032684577956421,False,,
318,1.0,validation,state_OR,sandwich,standard_c5:E8,standard_c5,5.0,8.0,7.998197999765249,0.8581299361822157,0.8518329983781115,0.006296937804104119,0.0016630294449652865,0.00868997208024147,1226,0.011281703001149553,0.8257856722047687,True,0.05,36,paired cluster influence sandwich; asymptotic Bonferroni bounds,,,,,,
318,1.0,validation,state_OR,concentration,standard_c5:E8,standard_c5,5.0,8.0,7.998197999765249,0.8581299361822157,0.8518329983781115,0.006296937804104119,,,1226,0.23750603231410541,0.736228451123111,,0.05,36,cluster bounded differences plus within-pair bias; assumption-dependent sensitivity,0.11560454725500065,0.2312090945100013,0.0004032684577956421,False,,
318,1.0,validation,state_OR,sandwich,auto_s:E2,auto_s,1.0,2.0,1.9909995955023065,0.8581299361822157,0.8102368486002398,0.04789308758197586,0.005562181234658657,0.009921136759908614,1226,0.06456517208542517,0.7804992288691875,True,0.05,36,paired cluster influence sandwich; asymptotic Bonferroni bounds,,,,,,
318,1.0,validation,state_OR,concentration,auto_s:E2,auto_s,1.0,2.0,1.9909995955023065,0.8581299361822157,0.8102368486002398,0.04789308758197586,,,1226,0.2791021820919771,0.6946323013452392,,0.05,36,cluster bounded differences plus within-pair bias; assumption-dependent sensitivity,0.11560454725500065,0.2312090945100013,0.0004032684577956421,False,,
318,1.0,validation,state_OR,sandwich,auto_s:E8,auto_s,1.0,8.0,7.998197999765249,0.8581299361822157,0.8125534385797898,0.04557649760242588,0.005428020938315019,0.009846842110775354,1226,0.06184644997402168,0.7830385096630508,True,0.05,36,paired cluster influence sandwich; asymptotic Bonferroni bounds,,,,,,
318,1.0,validation,state_OR,concentration,auto_s:E8,auto_s,1.0,8.0,7.998197999765249,0.8581299361822157,0.8125534385797898,0.04557649760242588,,,1226,0.27678559211242715,0.6969488913247892,,0.05,36,cluster bounded differences plus within-pair bias; assumption-dependent sensitivity,0.11560454725500065,0.2312090945100013,0.0004032684577956421,False,,
318,1.0,validation,state_WA,sandwich,standard_c1:E2,standard_c1,1.0,2.0,1.9909995955023065,0.8573403264343147,0.8248829916907817,0.03245733474353296,0.004221845688408455,0.00935912039444239,1187,0.045112743202551264,0.7968280839204678,True,0.05,36,paired cluster influence sandwich; asymptotic Bonferroni bounds,,,,,,
318,1.0,validation,state_WA,concentration,standard_c1:E2,standard_c1,1.0,2.0,1.9909995955023065,0.8573403264343147,0.8248829916907817,0.03245733474353296,,,1187,0.26699427120379354,0.7076145234606515,,0.05,36,cluster bounded differences plus within-pair bias; assumption-dependent sensitivity,0.11726846823013029,0.23453693646026058,0.0004590385623408486,False,,
318,1.0,validation,state_WA,sandwich,standard_c1:E8,standard_c1,1.0,8.0,7.998197999765249,0.8573403264343147,0.8269528007038592,0.030387525730455445,0.004082054916888596,0.009280597745755927,1187,0.04262389724616661,0.7991332724963606,True,0.05,36,paired cluster influence sandwich; asymptotic Bonferroni bounds,,,,,,
318,1.0,validation,state_WA,concentration,standard_c1:E8,standard_c1,1.0,8.0,7.998197999765249,0.8573403264343147,0.8269528007038592,0.030387525730455445,,,1187,0.264924462190716,0.709684332473729,,0.05,36,cluster bounded differences plus within-pair bias; assumption-dependent sensitivity,0.11726846823013029,0.23453693646026058,0.0004590385623408486,False,,
318,1.0,validation,state_WA,sandwich,standard_c5:E2,standard_c5,5.0,2.0,1.9909995955023065,0.8573403264343147,0.8355918237374631,0.02174850269685158,0.0039191642242494005,0.009322433500649688,1187,0.03349659292478821,0.807646888633207,True,0.05,36,paired cluster influence sandwich; asymptotic Bonferroni bounds,,,,,,
318,1.0,validation,state_WA,concentration,standard_c5:E2,standard_c5,5.0,2.0,1.9909995955023065,0.8573403264343147,0.8355918237374631,0.02174850269685158,,,1187,0.25628543915711216,0.7183233555073328,,0.05,36,cluster bounded differences plus within-pair bias; assumption-dependent sensitivity,0.11726846823013029,0.23453693646026058,0.0004590385623408486,False,,
318,1.0,validation,state_WA,sandwich,standard_c5:E8,standard_c5,5.0,8.0,7.998197999765249,0.8573403264343147,0.8530942197326618,0.00424610670165293,0.0013248977513155144,0.00861414965831619,1187,0.008217621400868177,0.8272724369156301,True,0.05,36,paired cluster influence sandwich; asymptotic Bonferroni bounds,,,,,,
318,1.0,validation,state_WA,concentration,standard_c5:E8,standard_c5,5.0,8.0,7.998197999765249,0.8573403264343147,0.8530942197326618,0.00424610670165293,,,1187,0.2387830431619135,0.7358257515025315,,0.05,36,cluster bounded differences plus within-pair bias; assumption-dependent sensitivity,0.11726846823013029,0.23453693646026058,0.0004590385623408486,False,,
318,1.0,validation,state_WA,sandwich,auto_s:E2,auto_s,1.0,2.0,1.9909995955023065,0.8573403264343147,0.817848535884099,0.03949179055021568,0.004828152309799911,0.00951958256531855,1187,0.053964664286608635,0.7893126265650467,True,0.05,36,paired cluster influence sandwich; asymptotic Bonferroni bounds,,,,,,
318,1.0,validation,state_WA,concentration,auto_s:E2,auto_s,1.0,2.0,1.9909995955023065,0.8573403264343147,0.817848535884099,0.03949179055021568,,,1187,0.27402872701047626,0.7005800676539687,,0.05,36,cluster bounded differences plus within-pair bias; assumption-dependent sensitivity,0.11726846823013029,0.23453693646026058,0.0004590385623408486,False,,
318,1.0,validation,state_WA,sandwich,auto_s:E8,auto_s,1.0,8.0,7.998197999765249,0.8573403264343147,0.8192551168842447,0.03808520955007,0.004751045434489423,0.009472726188417865,1187,0.05232694764720166,0.7908596642830246,True,0.05,36,paired cluster influence sandwich; asymptotic Bonferroni bounds,,,,,,
318,1.0,validation,state_WA,concentration,auto_s:E8,auto_s,1.0,8.0,7.998197999765249,0.8573403264343147,0.8192551168842447,0.03808520955007,,,1187,0.2726221460103306,0.7019866486541144,,0.05,36,cluster bounded differences plus within-pair bias; assumption-dependent sensitivity,0.11726846823013029,0.23453693646026058,0.0004590385623408486,False,,
318,1.0,test,source,evaluation,standard_c1:E2,standard_c1,1.0,2.0,1.9909995955023065,0.8725913996281696,0.8484661217177438,0.024125277910425735,0.004051078146172723,0.008886400805905366,1152,0.03626956917319599,0.821826536952738,True,0.05,36,paired cluster influence sandwich; asymptotic Bonferroni bounds,,,,,0.023488567828870544,0.0006367100815551918
318,1.0,test,source,evaluation,standard_c1:E8,standard_c1,1.0,8.0,7.998197999765249,0.8725913996281696,0.8490903472878958,0.023501052340273776,0.0039400988967504,0.008880119488943256,1152,0.035312650852996334,0.8224695926071167,True,0.05,36,paired cluster influence sandwich; asymptotic Bonferroni bounds,,,,,0.023488567828870544,1.2484511403232368e-05
318,1.0,test,source,evaluation,standard_c5:E2,standard_c5,5.0,2.0,1.9909995955023065,0.8725913996281696,0.8595554889714947,0.013035910656674865,0.003251920103349897,0.008518825993051994,1152,0.022784492015355793,0.8340178171854736,True,0.05,36,paired cluster influence sandwich; asymptotic Bonferroni bounds,,,,,0.00025697285971248984,0.012778937796962375
318,1.0,test,source,evaluation,standard_c5:E8,standard_c5,5.0,8.0,7.998197999765249,0.8725913996281696,0.8710750516806752,0.0015163479474943342,0.0011941570915227908,0.00805973881115657,1152,0.005096182996259411,0.8469136279577062,True,0.05,36,paired cluster influence sandwich; asymptotic Bonferroni bounds,,,,,0.00025697285971248984,0.0012593750877818444
318,1.0,test,source,evaluation,auto_s:E2,auto_s,1.0,2.0,1.9909995955023065,0.8725913996281696,0.8411964947653485,0.03139490486282104,0.004736321828653278,0.009126718722583506,1152,0.045593414426435275,0.8138364867770684,True,0.05,36,paired cluster influence sandwich; asymptotic Bonferroni bounds,,,,,0.030893963842774208,0.0005009410200468301
318,1.0,test,source,evaluation,auto_s:E8,auto_s,1.0,8.0,7.998197999765249,0.8725913996281696,0.8416802695822162,0.03091113004595336,0.00465817732559447,0.009114793766226504,1152,0.04487537861249767,0.8143560101374274,True,0.05,36,paired cluster influence sandwich; asymptotic Bonferroni bounds,,,,,0.030893963842774208,1.7166203179153072e-05
318,1.0,test,state_CO,evaluation,standard_c1:E2,standard_c1,1.0,2.0,1.9909995955023065,0.8550092772184333,0.8292455370478672,0.02576374017056615,0.004436510076042503,0.009171186962375006,1200,0.039062323901916676,0.8017546048411247,True,0.05,36,paired cluster influence sandwich; asymptotic Bonferroni bounds,,,,,0.02342760614105588,0.002336134029510273
318,1.0,test,state_CO,evaluation,standard_c1:E8,standard_c1,1.0,8.0,7.998197999765249,0.8550092772184333,0.830977915592038,0.024031361626395298,0.004231404560627536,0.009125404714220452,1200,0.03671513488199889,0.8036242171681693,True,0.05,36,paired cluster influence sandwich; asymptotic Bonferroni bounds,,,,,0.02342760614105588,0.0006037554853394189
318,1.0,test,state_CO,evaluation,standard_c5:E2,standard_c5,5.0,2.0,1.9909995955023065,0.8550092772184333,0.8301843031988523,0.02482497401958106,0.004379151252274961,0.009213590935318537,1200,0.037951622804874866,0.8025662636994257,True,0.05,36,paired cluster influence sandwich; asymptotic Bonferroni bounds,,,,,-0.00015567214604561563,0.024980646165626674
318,1.0,test,state_CO,evaluation,standard_c5:E8,standard_c5,5.0,8.0,7.998197999765249,0.8550092772184333,0.8519410633669782,0.0030682138514551704,0.0016453107133889062,0.008631549814192011,1200,0.008000086406922981,0.8260677111221097,True,0.05,36,paired cluster influence sandwich; asymptotic Bonferroni bounds,,,,,-0.00015567214604561563,0.003223885997500786
318,1.0,test,state_CO,evaluation,auto_s:E2,auto_s,1.0,2.0,1.9909995955023065,0.8550092772184333,0.8230949095208244,0.031914367697608914,0.005046807744899741,0.009306647966960112,1200,0.047042338607447665,0.7951979285322848,True,0.05,36,paired cluster influence sandwich; asymptotic Bonferroni bounds,,,,,0.030007383908548957,0.0019069837890599572
318,1.0,test,state_CO,evaluation,auto_s:E8,auto_s,1.0,8.0,7.998197999765249,0.8550092772184333,0.8245885206518035,0.030420756566629792,0.004924729197157112,0.009273224077969086,1200,0.04518279304577179,0.7967917288612497,True,0.05,36,paired cluster influence sandwich; asymptotic Bonferroni bounds,,,,,0.030007383908548957,0.000413372658080835
318,1.0,test,state_UT,evaluation,standard_c1:E2,standard_c1,1.0,2.0,1.9909995955023065,0.8818293235042597,0.8535516826648252,0.028277640839434515,0.004202777238952065,0.008710922003387826,1113,0.040877651057146885,0.8274361642806651,True,0.05,36,paired cluster influence sandwich; asymptotic Bonferroni bounds,,,,,0.027090926551760153,0.001186714287674362
318,1.0,test,state_UT,evaluation,standard_c1:E8,standard_c1,1.0,8.0,7.998197999765249,0.8818293235042597,0.8543999890246078,0.0274293344796519,0.004054332956410467,0.008652141977887417,1113,0.039584305769426356,0.8284606943324955,True,0.05,36,paired cluster influence sandwich; asymptotic Bonferroni bounds,,,,,0.027090926551760153,0.00033840792789174845
318,1.0,test,state_UT,evaluation,standard_c5:E2,standard_c5,5.0,2.0,1.9909995955023065,0.8818293235042597,0.863243182680831,0.018586140823428687,0.0031645999489617604,0.008364598669724707,1113,0.028073674762256372,0.8381659485774423,True,0.05,36,paired cluster influence sandwich; asymptotic Bonferroni bounds,,,,,0.00036355986847813604,0.01822258095495055
318,1.0,test,state_UT,evaluation,standard_c5:E8,standard_c5,5.0,8.0,7.998197999765249,0.8818293235042597,0.8776083705658272,0.004220952938432498,0.0011978841332663248,0.007786892226334087,1113,0.007812233527587552,0.8542631119338234,True,0.05,36,paired cluster influence sandwich; asymptotic Bonferroni bounds,,,,,0.00036355986847813604,0.0038573930699543624
318,1.0,test,state_UT,evaluation,auto_s:E2,auto_s,1.0,2.0,1.9909995955023065,0.8818293235042597,0.848717365357089,0.03311195814717072,0.004833508558683959,0.008944263331381064,1113,0.04760291347603408,0.8219022850047903,True,0.05,36,paired cluster influence sandwich; asymptotic Bonferroni bounds,,,,,0.03250431012800048,0.0006076480191702371
318,1.0,test,state_UT,evaluation,auto_s:E8,auto_s,1.0,8.0,7.998197999765249,0.8818293235042597,0.8491398036319401,0.032689519872319606,0.004740609205331981,0.00890937942634019,1113,0.04690196108185133,0.8224293059246304,True,0.05,36,paired cluster influence sandwich; asymptotic Bonferroni bounds,,,,,0.03250431012800048,0.00018520974431912585
319,1.0,validation,source,sandwich,standard_c1:E2,standard_c1,1.0,2.0,1.9909995955023065,0.8734767537244318,0.8473678918260962,0.02610886189833561,0.0042080141756986825,0.00914584255677502,1149,0.03872368615601077,0.8199503994591825,True,0.05,36,paired cluster influence sandwich; asymptotic Bonferroni bounds,,,,,,
319,1.0,validation,source,concentration,standard_c1:E2,standard_c1,1.0,2.0,1.9909995955023065,0.8734767537244318,0.8473678918260962,0.02610886189833561,,,1149,0.2647072544382818,0.7280686955561231,,0.05,36,cluster bounded differences plus within-pair bias; assumption-dependent sensitivity,0.1192991962699731,0.2385983925399462,0.0004233812283347887,False,,
319,1.0,validation,source,sandwich,standard_c1:E8,standard_c1,1.0,8.0,7.998197999765249,0.8734767537244318,0.8493895371913948,0.024087216533037026,0.004064747826209545,0.009070059053799076,1149,0.03627255558810018,0.8221992293185812,True,0.05,36,paired cluster influence sandwich; asymptotic Bonferroni bounds,,,,,,
319,1.0,validation,source,concentration,standard_c1:E8,standard_c1,1.0,8.0,7.998197999765249,0.8734767537244318,0.8493895371913948,0.024087216533037026,,,1149,0.2626856090729832,0.7300903409214217,,0.05,36,cluster bounded differences plus within-pair bias; assumption-dependent sensitivity,0.1192991962699731,0.2385983925399462,0.0004233812283347887,False,,
319,1.0,validation,source,sandwich,standard_c5:E2,standard_c5,5.0,2.0,1.9909995955023065,0.8734767537244318,0.8579693577835992,0.015507395940832613,0.0029205532729416083,0.00896646633057156,1149,0.024262657861313007,0.8310896011454835,True,0.05,36,paired cluster influence sandwich; asymptotic Bonferroni bounds,,,,,,
319,1.0,validation,source,concentration,standard_c5:E2,standard_c5,5.0,2.0,1.9909995955023065,0.8734767537244318,0.8579693577835992,0.015507395940832613,,,1149,0.2541057884807788,0.7386701615136261,,0.05,36,cluster bounded differences plus within-pair bias; assumption-dependent sensitivity,0.1192991962699731,0.2385983925399462,0.0004233812283347887,False,,
319,1.0,validation,source,sandwich,standard_c5:E8,standard_c5,5.0,8.0,7.998197999765249,0.8734767537244318,0.8704506363949087,0.0030261173295230703,0.0010685269203876532,0.008615825876746107,1149,0.006229357326462256,0.8446220329891618,True,0.05,36,paired cluster influence sandwich; asymptotic Bonferroni bounds,,,,,,
319,1.0,validation,source,concentration,standard_c5:E8,standard_c5,5.0,8.0,7.998197999765249,0.8734767537244318,0.8704506363949087,0.0030261173295230703,,,1149,0.24162450986946926,0.7511514401249356,,0.05,36,cluster bounded differences plus within-pair bias; assumption-dependent sensitivity,0.1192991962699731,0.2385983925399462,0.0004233812283347887,False,,
319,1.0,validation,source,sandwich,auto_s:E2,auto_s,1.0,2.0,1.9909995955023065,0.8734767537244318,0.8400963192294462,0.03338043449498562,0.005032306353781903,0.009354840458786136,1149,0.048466329554547896,0.8120522909969171,True,0.05,36,paired cluster influence sandwich; asymptotic Bonferroni bounds,,,,,,
319,1.0,validation,source,concentration,auto_s:E2,auto_s,1.0,2.0,1.9909995955023065,0.8734767537244318,0.8400963192294462,0.03338043449498562,,,1149,0.2719788270349318,0.7207971229594731,,0.05,36,cluster bounded differences plus within-pair bias; assumption-dependent sensitivity,0.1192991962699731,0.2385983925399462,0.0004233812283347887,False,,
319,1.0,validation,source,sandwich,auto_s:E8,auto_s,1.0,8.0,7.998197999765249,0.8734767537244318,0.841970310391363,0.031506443333068734,0.004902816727606399,0.00929481259380652,1149,0.04620415318003609,0.8141062342539706,True,0.05,36,paired cluster influence sandwich; asymptotic Bonferroni bounds,,,,,,
319,1.0,validation,source,concentration,auto_s:E8,auto_s,1.0,8.0,7.998197999765249,0.8734767537244318,0.841970310391363,0.031506443333068734,,,1149,0.2701048358730149,0.72267111412139,,0.05,36,cluster bounded differences plus within-pair bias; assumption-dependent sensitivity,0.1192991962699731,0.2385983925399462,0.0004233812283347887,False,,
319,1.0,validation,state_OR,sandwich,standard_c1:E2,standard_c1,1.0,2.0,1.9909995955023065,0.8445135426094836,0.8184291708554183,0.026084371754065305,0.0049653340453293705,0.009687405068733333,1187,0.04096846158511775,0.7893901966481442,True,0.05,36,paired cluster influence sandwich; asymptotic Bonferroni bounds,,,,,,
319,1.0,validation,state_OR,concentration,standard_c1:E2,standard_c1,1.0,2.0,1.9909995955023065,0.8445135426094836,0.8184291708554183,0.026084371754065305,,,1187,0.2628639348381523,0.7000393893133748,,0.05,36,cluster bounded differences plus within-pair bias; assumption-dependent sensitivity,0.11838978154204349,0.23677956308408699,0.00044642906843278904,False,,
319,1.0,validation,state_OR,sandwich,standard_c1:E8,standard_c1,1.0,8.0,7.998197999765249,0.8445135426094836,0.8190804451821841,0.02543309742729949,0.0049226118988572815,0.009710826181625956,1187,0.040189123313396594,0.7899712638256922,True,0.05,36,paired cluster influence sandwich; asymptotic Bonferroni bounds,,,,,,
319,1.0,validation,state_OR,concentration,standard_c1:E8,standard_c1,1.0,8.0,7.998197999765249,0.8445135426094836,0.8190804451821841,0.02543309742729949,,,1187,0.2622126605113865,0.7006906636401405,,0.05,36,cluster bounded differences plus within-pair bias; assumption-dependent sensitivity,0.11838978154204349,0.23677956308408699,0.00044642906843278904,False,,
319,1.0,validation,state_OR,sandwich,standard_c5:E2,standard_c5,5.0,2.0,1.9909995955023065,0.8445135426094836,0.8321638227687732,0.012349719840710427,0.003669761023668994,0.00939144928960831,1187,0.023350198808719323,0.8040120058730318,True,0.05,36,paired cluster influence sandwich; asymptotic Bonferroni bounds,,,,,,
319,1.0,validation,state_OR,concentration,standard_c5:E2,standard_c5,5.0,2.0,1.9909995955023065,0.8445135426094836,0.8321638227687732,0.012349719840710427,,,1187,0.2491292829247974,0.7137740412267296,,0.05,36,cluster bounded differences plus within-pair bias; assumption-dependent sensitivity,0.11838978154204349,0.23677956308408699,0.00044642906843278904,False,,
319,1.0,validation,state_OR,sandwich,standard_c5:E8,standard_c5,5.0,8.0,7.998197999765249,0.8445135426094836,0.8435405276324007,0.0009730149770829088,0.0013632081651270853,0.00921645682730439,1187,0.005059369007434917,0.8159132683001405,True,0.05,36,paired cluster influence sandwich; asymptotic Bonferroni bounds,,,,,,
319,1.0,validation,state_OR,concentration,standard_c5:E8,standard_c5,5.0,8.0,7.998197999765249,0.8445135426094836,0.8435405276324007,0.0009730149770829088,,,1187,0.2377525780611699,0.7251507460903571,,0.05,36,cluster bounded differences plus within-pair bias; assumption-dependent sensitivity,0.11838978154204349,0.23677956308408699,0.00044642906843278904,False,,
319,1.0,validation,state_OR,sandwich,auto_s:E2,auto_s,1.0,2.0,1.9909995955023065,0.8445135426094836,0.8097310404023874,0.03478250220709622,0.006038100245348275,0.009880634512851238,1187,0.052882316970858406,0.7801128414384304,True,0.05,36,paired cluster influence sandwich; asymptotic Bonferroni bounds,,,,,,
319,1.0,validation,state_OR,concentration,auto_s:E2,auto_s,1.0,2.0,1.9909995955023065,0.8445135426094836,0.8097310404023874,0.03478250220709622,,,1187,0.2715620652911832,0.6913412588603439,,0.05,36,cluster bounded differences plus within-pair bias; assumption-dependent sensitivity,0.11838978154204349,0.23677956308408699,0.00044642906843278904,False,,
319,1.0,validation,state_OR,sandwich,auto_s:E8,auto_s,1.0,8.0,7.998197999765249,0.8445135426094836,0.8100060228959108,0.0345075197135728,0.00601094964989117,0.009901901346598942,1187,0.05252594782780427,0.7803240744518517,True,0.05,36,paired cluster influence sandwich; asymptotic Bonferroni bounds,,,,,,
319,1.0,validation,state_OR,concentration,auto_s:E8,auto_s,1.0,8.0,7.998197999765249,0.8445135426094836,0.8100060228959108,0.0345075197135728,,,1187,0.2712870827976598,0.6916162413538672,,0.05,36,cluster bounded differences plus within-pair bias; assumption-dependent sensitivity,0.11838978154204349,0.23677956308408699,0.00044642906843278904,False,,
319,1.0,validation,state_WA,sandwich,standard_c1:E2,standard_c1,1.0,2.0,1.9909995955023065,0.8593742188448547,0.8363912953427084,0.022982923502146257,0.00476737638446,0.009152985595419178,1194,0.03727343912842127,0.808954635609952,True,0.05,36,paired cluster influence sandwich; asymptotic Bonferroni bounds,,,,,,
319,1.0,validation,state_WA,concentration,standard_c1:E2,standard_c1,1.0,2.0,1.9909995955023065,0.8593742188448547,0.8363912953427084,0.022982923502146257,,,1194,0.2540629273045011,0.720851293441531,,0.05,36,cluster bounded differences plus within-pair bias; assumption-dependent sensitivity,0.11554000190117743,0.23108000380235486,0.00043668166824640685,False,,
319,1.0,validation,state_WA,sandwich,standard_c1:E8,standard_c1,1.0,8.0,7.998197999765249,0.8593742188448547,0.8373666871063616,0.022007531738493014,0.004697044797860471,0.00912186088113715,1194,0.03608722393563886,0.8100233256953531,True,0.05,36,paired cluster influence sandwich; asymptotic Bonferroni bounds,,,,,,
319,1.0,validation,state_WA,concentration,standard_c1:E8,standard_c1,1.0,8.0,7.998197999765249,0.8593742188448547,0.8373666871063616,0.022007531738493014,,,1194,0.25308753554084784,0.7218266852051842,,0.05,36,cluster bounded differences plus within-pair bias; assumption-dependent sensitivity,0.11554000190117743,0.23108000380235486,0.00043668166824640685,False,,
319,1.0,validation,state_WA,sandwich,standard_c5:E2,standard_c5,5.0,2.0,1.9909995955023065,0.8593742188448547,0.8414845544265543,0.01788966441830031,0.003456305375435418,0.008956585804601841,1194,0.028250160840995252,0.8146366156281929,True,0.05,36,paired cluster influence sandwich; asymptotic Bonferroni bounds,,,,,,
319,1.0,validation,state_WA,concentration,standard_c5:E2,standard_c5,5.0,2.0,1.9909995955023065,0.8593742188448547,0.8414845544265543,0.01788966441830031,,,1194,0.24896966822065517,0.7259445525253769,,0.05,36,cluster bounded differences plus within-pair bias; assumption-dependent sensitivity,0.11554000190117743,0.23108000380235486,0.00043668166824640685,False,,
319,1.0,validation,state_WA,sandwich,standard_c5:E8,standard_c5,5.0,8.0,7.998197999765249,0.8593742188448547,0.8555532542476985,0.0038209645971561956,0.0012829392252448712,0.008527215490026843,1194,0.007666656979592173,0.829992380429122,True,0.05,36,paired cluster influence sandwich; asymptotic Bonferroni bounds,,,,,,
319,1.0,validation,state_WA,concentration,standard_c5:E8,standard_c5,5.0,8.0,7.998197999765249,0.8593742188448547,0.8555532542476985,0.0038209645971561956,,,1194,0.23490096839951105,0.740013252346521,,0.05,36,cluster bounded differences plus within-pair bias; assumption-dependent sensitivity,0.11554000190117743,0.23108000380235486,0.00043668166824640685,False,,
319,1.0,validation,state_WA,sandwich,auto_s:E2,auto_s,1.0,2.0,1.9909995955023065,0.8593742188448547,0.8285371470199028,0.030837071824951878,0.005679401541042738,0.009406177290592932,1194,0.047861441189770725,0.8003415289871224,True,0.05,36,paired cluster influence sandwich; asymptotic Bonferroni bounds,,,,,,
319,1.0,validation,state_WA,concentration,auto_s:E2,auto_s,1.0,2.0,1.9909995955023065,0.8593742188448547,0.8285371470199028,0.030837071824951878,,,1194,0.2619170756273067,0.7129971451187254,,0.05,36,cluster bounded differences plus within-pair bias; assumption-dependent sensitivity,0.11554000190117743,0.23108000380235486,0.00043668166824640685,False,,
319,1.0,validation,state_WA,sandwich,auto_s:E8,auto_s,1.0,8.0,7.998197999765249,0.8593742188448547,0.8294360174631856,0.029938201381669027,0.005626699034007633,0.00938436073184267,1194,0.046804591610881116,0.8013057959606118,True,0.05,36,paired cluster influence sandwich; asymptotic Bonferroni bounds,,,,,,
319,1.0,validation,state_WA,concentration,auto_s:E8,auto_s,1.0,8.0,7.998197999765249,0.8593742188448547,0.8294360174631856,0.029938201381669027,,,1194,0.26101820518402385,0.7138960155620082,,0.05,36,cluster bounded differences plus within-pair bias; assumption-dependent sensitivity,0.11554000190117743,0.23108000380235486,0.00043668166824640685,False,,
319,1.0,test,source,evaluation,standard_c1:E2,standard_c1,1.0,2.0,1.9909995955023065,0.8637983728008564,0.8350621279015318,0.02873624489932458,0.004216908991789085,0.009274527612343588,1129,0.04137822059186325,0.8072577923412136,True,0.05,36,paired cluster influence sandwich; asymptotic Bonferroni bounds,,,,,0.02570197003144037,0.0030342748678842124
319,1.0,test,source,evaluation,standard_c1:E8,standard_c1,1.0,8.0,7.998197999765249,0.8637983728008564,0.837223643721988,0.026574729078868375,0.004088358993094178,0.009213732078927724,1129,0.03883132155304942,0.8096015685939332,True,0.05,36,paired cluster influence sandwich; asymptotic Bonferroni bounds,,,,,0.02570197003144037,0.0008727590474280067
319,1.0,test,source,evaluation,standard_c5:E2,standard_c5,5.0,2.0,1.9909995955023065,0.8637983728008564,0.8468412393805606,0.01695713342029581,0.0029221058861663455,0.00889978601563256,1129,0.025717386879848488,0.8201603509152186,True,0.05,36,paired cluster influence sandwich; asymptotic Bonferroni bounds,,,,,0.0008434928757776738,0.016113640544518137
319,1.0,test,source,evaluation,standard_c5:E8,standard_c5,5.0,8.0,7.998197999765249,0.8637983728008564,0.8596018128302897,0.004196559970566671,0.0010884698832680207,0.00853653043989921,1129,0.007459710736477953,0.8340099372337437,True,0.05,36,paired cluster influence sandwich; asymptotic Bonferroni bounds,,,,,0.0008434928757776738,0.0033530670947889973
319,1.0,test,source,evaluation,auto_s:E2,auto_s,1.0,2.0,1.9909995955023065,0.8637983728008564,0.8271163622984815,0.03668201050237485,0.004929623489344018,0.009506168137103487,1129,0.05146065060274242,0.7986175858837073,True,0.05,36,paired cluster influence sandwich; asymptotic Bonferroni bounds,,,,,0.034112858719646866,0.0025691517827279853
319,1.0,test,source,evaluation,auto_s:E8,auto_s,1.0,8.0,7.998197999765249,0.8637983728008564,0.8289632667736971,0.034835106027159224,0.00482685536894403,0.009452209062141505,1129,0.049305655039340104,0.8006262556034159,True,0.05,36,paired cluster influence sandwich; asymptotic Bonferroni bounds,,,,,0.034112858719646866,0.0007222473075123581
319,1.0,test,state_CO,evaluation,standard_c1:E2,standard_c1,1.0,2.0,1.9909995955023065,0.8349982944807732,0.8052390638779348,0.02975923060283847,0.004551565892468939,0.009848366636739226,1190,0.043402936329361416,0.7757177475984312,True,0.05,36,paired cluster influence sandwich; asymptotic Bonferroni bounds,,,,,0.02760237275162636,0.002156857851212113
319,1.0,test,state_CO,evaluation,standard_c1:E8,standard_c1,1.0,8.0,7.998197999765249,0.8349982944807732,0.8067844306893626,0.028213863791410665,0.004451268702918423,0.009814572130133568,1190,0.04155692016521552,0.7773644163165421,True,0.05,36,paired cluster influence sandwich; asymptotic Bonferroni bounds,,,,,0.02760237275162636,0.0006114910397843065
319,1.0,test,state_CO,evaluation,standard_c5:E2,standard_c5,5.0,2.0,1.9909995955023065,0.8349982944807732,0.8194583104544169,0.015539984026356368,0.0033929637435153493,0.009396580734765458,1190,0.025710681309654246,0.7912912608258962,True,0.05,36,paired cluster influence sandwich; asymptotic Bonferroni bounds,,,,,0.0011013078420604172,0.014438676184295951
319,1.0,test,state_CO,evaluation,standard_c5:E8,standard_c5,5.0,8.0,7.998197999765249,0.8349982944807732,0.8308072929666052,0.004191001514168069,0.0012400800326338955,0.009089026947289488,1190,0.007908246840790417,0.8035621619635718,True,0.05,36,paired cluster influence sandwich; asymptotic Bonferroni bounds,,,,,0.0011013078420604172,0.0030896936721076518
319,1.0,test,state_CO,evaluation,auto_s:E2,auto_s,1.0,2.0,1.9909995955023065,0.8349982944807732,0.7992359481854939,0.0357623462952793,0.005360390040814406,0.00999740615246784,1190,0.05183057117086923,0.769267873286591,True,0.05,36,paired cluster influence sandwich; asymptotic Bonferroni bounds,,,,,0.03353217191633784,0.002230174378941463
319,1.0,test,state_CO,evaluation,auto_s:E8,auto_s,1.0,8.0,7.998197999765249,0.8349982944807732,0.800778195144678,0.03422009933609527,0.005272645750484786,0.009964113192015669,1190,0.050025303241600864,0.7709099187252226,True,0.05,36,paired cluster influence sandwich; asymptotic Bonferroni bounds,,,,,0.03353217191633784,0.0006879274197574281
319,1.0,test,state_UT,evaluation,standard_c1:E2,standard_c1,1.0,2.0,1.9909995955023065,0.8691330213153146,0.8435275554819821,0.025605465833332453,0.004348481740138433,0.009125951576484886,1138,0.03864165878903341,0.8161691180399399,True,0.05,36,paired cluster influence sandwich; asymptotic Bonferroni bounds,,,,,0.025152835192668976,0.00045263064066347614
319,1.0,test,state_UT,evaluation,standard_c1:E8,standard_c1,1.0,8.0,7.998197999765249,0.8691330213153146,0.8438366408555298,0.025296380459784773,0.004231947741351192,0.00911165864107754,1138,0.037983219368516334,0.8165210518086305,True,0.05,36,paired cluster influence sandwich; asymptotic Bonferroni bounds,,,,,0.025152835192668976,0.00014354526711579663
319,1.0,test,state_UT,evaluation,standard_c5:E2,standard_c5,5.0,2.0,1.9909995955023065,0.8691330213153146,0.8591820929594519,0.009950928355862643,0.0032783043182776097,0.008520764618239907,1138,0.019778866062510135,0.8336379287358374,True,0.05,36,paired cluster influence sandwich; asymptotic Bonferroni bounds,,,,,0.0008971579194735346,0.009053770436389108
319,1.0,test,state_UT,evaluation,standard_c5:E8,standard_c5,5.0,8.0,7.998197999765249,0.8691330213153146,0.8668629223732663,0.0022700989420482154,0.0011554247683462338,0.008229846771785766,1138,0.005733914849776526,0.8421908927031047,True,0.05,36,paired cluster influence sandwich; asymptotic Bonferroni bounds,,,,,0.0008971579194735346,0.0013729410225746808
319,1.0,test,state_UT,evaluation,auto_s:E2,auto_s,1.0,2.0,1.9909995955023065,0.8691330213153146,0.8379906440899288,0.03114237722538571,0.0050469757121052485,0.009290438901734433,1138,0.046272565911344356,0.8101390946518243,True,0.05,36,paired cluster influence sandwich; asymptotic Bonferroni bounds,,,,,0.03036908497995594,0.0007732922454297686
319,1.0,test,state_UT,evaluation,auto_s:E8,auto_s,1.0,8.0,7.998197999765249,0.8691330213153146,0.8385989750404877,0.03053404627482681,0.004951939364600796,0.009261116094171483,1138,0.045379328127111214,0.8108353316349336,True,0.05,36,paired cluster influence sandwich; asymptotic Bonferroni bounds,,,,,0.03036908497995594,0.00016496129487086897
