seed,strength,clip_norm,partition,environment,requested_epsilon,achieved_epsilon,reference_auc,auc,gap,gap_se,auc_se,clusters,gap_upper,auc_lower,bounds_supported,alpha,family,method,clipping_gap,noise_gap,pr_auc,total_interaction,clipping_interaction,noise_interaction
10,0.75,0.5,validation,source,2.0,1.9909995955023065,0.8847826260880696,0.8749129944316436,0.009869631656425959,0.0022840987716017517,0.007636272077084995,2000,0.01725145410184177,0.850233849502023,True,0.05,80,paired cluster influence sandwich; asymptotic Bonferroni bounds,,,,,,
10,0.75,0.5,validation,proxy_0.5,2.0,1.9909995955023065,0.8333853366615462,0.8016373047875064,0.03174803187403985,0.003202185936315137,0.009584214670883816,2000,0.04209695737278679,0.7706627375495055,True,0.05,80,paired cluster influence sandwich; asymptotic Bonferroni bounds,,,,,,
10,0.75,0.5,validation,generic_0.5,2.0,1.9909995955023065,0.8763150841653865,0.867883544546851,0.008431539618535489,0.0022225762676239802,0.007866090905598797,2000,0.015614531695314127,0.842461663879269,True,0.05,80,paired cluster influence sandwich; asymptotic Bonferroni bounds,,,,,,
10,0.75,0.5,validation,proxy_0.75,2.0,1.9909995955023065,0.8596900201612903,0.8394647257424475,0.0202252944188428,0.0027144089418539713,0.008654704429026274,2000,0.028997806843497554,0.8114941790187504,True,0.05,80,paired cluster influence sandwich; asymptotic Bonferroni bounds,,,,,,
10,0.75,0.5,validation,generic_0.75,2.0,1.9909995955023065,0.8823024673579108,0.87259034578213,0.00971212157578083,0.0022825346581269923,0.007702455725939747,2000,0.017088889069940286,0.8476973064488568,True,0.05,80,paired cluster influence sandwich; asymptotic Bonferroni bounds,,,,,,
10,0.75,0.5,validation,source,8.0,7.998197999765249,0.8847826260880696,0.8753420218894009,0.009440604198668656,0.00222582352169069,0.007630479205004811,2000,0.0166340908535512,0.8506815985464632,True,0.05,80,paired cluster influence sandwich; asymptotic Bonferroni bounds,,,,,,
10,0.75,0.5,validation,proxy_0.5,8.0,7.998197999765249,0.8333853366615462,0.8028413818484383,0.0305439548131079,0.003109052715073001,0.009563351260500338,2000,0.04059188943023155,0.7719342416381,True,0.05,80,paired cluster influence sandwich; asymptotic Bonferroni bounds,,,,,,
10,0.75,0.5,validation,generic_0.5,8.0,7.998197999765249,0.8763150841653865,0.8682925707245264,0.008022513440860135,0.002157723870732946,0.007856622467251223,2000,0.01499591349606716,0.8429012904546094,True,0.05,80,paired cluster influence sandwich; asymptotic Bonferroni bounds,,,,,,
10,0.75,0.5,validation,proxy_0.75,8.0,7.998197999765249,0.8596900201612903,0.8402797779057859,0.019410242255504362,0.0026381037442825004,0.008640380990348112,2000,0.02793614913615282,0.812355522122938,True,0.05,80,paired cluster influence sandwich; asymptotic Bonferroni bounds,,,,,,
10,0.75,0.5,validation,generic_0.75,8.0,7.998197999765249,0.8823024673579108,0.8730838773681516,0.009218589989759218,0.00221984782142663,0.007691937699821637,2000,0.016392764188068183,0.8482248305234018,True,0.05,80,paired cluster influence sandwich; asymptotic Bonferroni bounds,,,,,,
10,0.75,1.0,validation,source,2.0,1.9909995955023065,0.8847826260880696,0.8845356102790578,0.00024701580901176357,0.00036815361229892177,0.007376200148957767,2000,0.0014368262639787837,0.8606969740088442,True,0.05,80,paired cluster influence sandwich; asymptotic Bonferroni bounds,,,,,,
10,0.75,1.0,validation,proxy_0.5,2.0,1.9909995955023065,0.8333853366615462,0.8335343461981567,-0.00014900953661045602,0.0004240996761692477,0.008943300891654132,2000,0.0012216091719860814,0.8046311043248536,True,0.05,80,paired cluster influence sandwich; asymptotic Bonferroni bounds,,,,,,
10,0.75,1.0,validation,generic_0.5,2.0,1.9909995955023065,0.8763150841653865,0.8759920634920635,0.00032302067332301565,0.00036952005311062703,0.0076595814507765085,2000,0.0015172472347997838,0.8512375865934213,True,0.05,80,paired cluster influence sandwich; asymptotic Bonferroni bounds,,,,,,
10,0.75,1.0,validation,proxy_0.75,2.0,1.9909995955023065,0.8596900201612903,0.8593810003840247,0.0003090197772656067,0.00039223160295615825,0.008198624329958153,2000,0.0015766462418045153,0.8328844277082396,True,0.05,80,paired cluster influence sandwich; asymptotic Bonferroni bounds,,,,,,
10,0.75,1.0,validation,generic_0.75,2.0,1.9909995955023065,0.8823024673579108,0.882042950748848,0.0002595166090628709,0.00035357787436389156,0.007448951840576894,2000,0.0014022207344853712,0.8579691932672344,True,0.05,80,paired cluster influence sandwich; asymptotic Bonferroni bounds,,,,,,
10,0.75,1.0,validation,source,8.0,7.998197999765249,0.8847826260880696,0.8848516305043522,-6.900441628265863e-05,0.00032462694053198645,0.007366725336791839,2000,0.000980135168134359,0.8610436152309108,True,0.05,80,paired cluster influence sandwich; asymptotic Bonferroni bounds,,,,,,
10,0.75,1.0,validation,proxy_0.5,8.0,7.998197999765249,0.8333853366615462,0.8348654313876087,-0.0014800947260624753,0.000397899907656757,0.008914621642799518,2000,-0.00019414925562655228,0.8060548760152333,True,0.05,80,paired cluster influence sandwich; asymptotic Bonferroni bounds,,,,,,
10,0.75,1.0,validation,generic_0.5,8.0,7.998197999765249,0.8763150841653865,0.8763250848054276,-1.0000640041085695e-05,0.00031748873201268456,0.007645057305170336,2000,0.0010160694569601625,0.8516175474986144,True,0.05,80,paired cluster influence sandwich; asymptotic Bonferroni bounds,,,,,,
10,0.75,1.0,validation,proxy_0.75,8.0,7.998197999765249,0.8596900201612903,0.8602100534434204,-0.0005200332821301279,0.00034907833283882454,0.008179101060468194,2000,0.0006081290830862113,0.833776576685693,True,0.05,80,paired cluster influence sandwich; asymptotic Bonferroni bounds,,,,,,
10,0.75,1.0,validation,generic_0.75,8.0,7.998197999765249,0.8823024673579108,0.8823319692460317,-2.950188812089749e-05,0.00031167733062585434,0.007438847313735116,2000,0.0009777867385998248,0.8582908678929396,True,0.05,80,paired cluster influence sandwich; asymptotic Bonferroni bounds,,,,,,
10,0.75,2.0,validation,source,2.0,1.9909995955023065,0.8847826260880696,0.8849196348566308,-0.0001370087685612642,0.0005423090759217342,0.007365030320088501,2000,0.0016156428062147484,0.8611170975916282,True,0.05,80,paired cluster influence sandwich; asymptotic Bonferroni bounds,,,,,,
10,0.75,2.0,validation,proxy_0.5,2.0,1.9909995955023065,0.8333853366615462,0.8322412634408602,0.0011440732206859927,0.000605546542138553,0.008975833031908376,2000,0.0031010976331493976,0.8032328831706929,True,0.05,80,paired cluster influence sandwich; asymptotic Bonferroni bounds,,,,,,
10,0.75,2.0,validation,generic_0.5,2.0,1.9909995955023065,0.8763150841653865,0.8757620487711213,0.0005530353942652111,0.0005239606206304686,0.007672738596169577,2000,0.002246387852561777,0.8509650501950509,True,0.05,80,paired cluster influence sandwich; asymptotic Bonferroni bounds,,,,,,
10,0.75,2.0,validation,proxy_0.75,2.0,1.9909995955023065,0.8596900201612903,0.8590869815668203,0.0006030385944699734,0.0005718374489093617,0.008211957347081238,2000,0.0024511208963260683,0.8325473188258034,True,0.05,80,paired cluster influence sandwich; asymptotic Bonferroni bounds,,,,,,
10,0.75,2.0,validation,generic_0.75,2.0,1.9909995955023065,0.8823024673579108,0.8821644585253455,0.00013800883256531726,0.0005245366316251552,0.007451006028858944,2000,0.0018332228613606066,0.8580840622532576,True,0.05,80,paired cluster influence sandwich; asymptotic Bonferroni bounds,,,,,,
10,0.75,2.0,validation,source,8.0,7.998197999765249,0.8847826260880696,0.8850516433051715,-0.00026901721710193005,0.00025749738581539214,0.007359918473250697,2000,0.0005631709552663772,0.8612656266679956,True,0.05,80,paired cluster influence sandwich; asymptotic Bonferroni bounds,,,,,,
10,0.75,2.0,validation,proxy_0.5,8.0,7.998197999765249,0.8333853366615462,0.8335643481182795,-0.00017901145673326901,0.000287081286962952,0.00894214381018356,2000,0.0007487869003736238,0.8046648457373649,True,0.05,80,paired cluster influence sandwich; asymptotic Bonferroni bounds,,,,,,
10,0.75,2.0,validation,generic_0.5,8.0,7.998197999765249,0.8763150841653865,0.8763340853814644,-1.9001216077896288e-05,0.0002453142195422048,0.007648086978348755,2000,0.0007738130152989799,0.8516167566813241,True,0.05,80,paired cluster influence sandwich; asymptotic Bonferroni bounds,,,,,,
10,0.75,2.0,validation,proxy_0.75,8.0,7.998197999765249,0.8596900201612903,0.8598450300819254,-0.00015500992063510743,0.00027160682913104754,0.008189470126033237,2000,0.0007227775956209373,0.8333780422510879,True,0.05,80,paired cluster influence sandwich; asymptotic Bonferroni bounds,,,,,,
10,0.75,2.0,validation,generic_0.75,8.0,7.998197999765249,0.8823024673579108,0.8825434827828981,-0.00024101542498722317,0.00024310685291096368,0.007432259348418674,2000,0.0005446649692954144,0.8585236726238853,True,0.05,80,paired cluster influence sandwich; asymptotic Bonferroni bounds,,,,,,
10,0.75,5.0,validation,source,2.0,1.9909995955023065,0.8847826260880696,0.8829875112007168,0.0017951148873527334,0.0011216753423258566,0.00742848910057004,2000,0.005420180633806429,0.8589798858476064,True,0.05,80,paired cluster influence sandwich; asymptotic Bonferroni bounds,,,,,,
10,0.75,5.0,validation,proxy_0.5,2.0,1.9909995955023065,0.8333853366615462,0.8267069092421915,0.00667842741935476,0.0012880414179100644,0.009109563858517637,2000,0.010841160295694454,0.7972663334690179,True,0.05,80,paired cluster influence sandwich; asymptotic Bonferroni bounds,,,,,,
10,0.75,5.0,validation,generic_0.5,2.0,1.9909995955023065,0.8763150841653865,0.8736719150025603,0.0026431691628262532,0.0011046114200078563,0.007740649896307783,2000,0.006213087186974791,0.8486554385449331,True,0.05,80,paired cluster influence sandwich; asymptotic Bonferroni bounds,,,,,,
10,0.75,5.0,validation,proxy_0.75,2.0,1.9909995955023065,0.8596900201612903,0.855467749935996,0.004222270225294311,0.0011885992901275702,0.008310702202892149,2000,0.008063622896884826,0.828608960455778,True,0.05,80,paired cluster influence sandwich; asymptotic Bonferroni bounds,,,,,,
10,0.75,5.0,validation,generic_0.75,2.0,1.9909995955023065,0.8823024673579108,0.8802703373015873,0.0020321300563235223,0.0011171065466882898,0.007516749547134517,2000,0.005642430224946161,0.8559774690537333,True,0.05,80,paired cluster influence sandwich; asymptotic Bonferroni bounds,,,,,,
10,0.75,5.0,validation,source,8.0,7.998197999765249,0.8847826260880696,0.8849556371607783,-0.00017301107270872862,0.0004627922066177818,0.007361928681653412,2000,0.0013226553760670257,0.861163123868689,True,0.05,80,paired cluster influence sandwich; asymptotic Bonferroni bounds,,,,,,
10,0.75,5.0,validation,proxy_0.5,8.0,7.998197999765249,0.8333853366615462,0.8319322436635944,0.0014530929979518215,0.0005170524006942796,0.008981785065351851,2000,0.0031241192531888465,0.8029046274240306,True,0.05,80,paired cluster influence sandwich; asymptotic Bonferroni bounds,,,,,,
10,0.75,5.0,validation,generic_0.5,8.0,7.998197999765249,0.8763150841653865,0.8758720558115719,0.0004430283538146007,0.00043145378418748924,0.007665405497088277,2000,0.001837414300636567,0.8510987565763819,True,0.05,80,paired cluster influence sandwich; asymptotic Bonferroni bounds,,,,,,
10,0.75,5.0,validation,proxy_0.75,8.0,7.998197999765249,0.8596900201612903,0.8590019761264721,0.0006880440348181471,0.0004857792005410235,0.00821324453971,2000,0.0022580005755132746,0.8324581533957224,True,0.05,80,paired cluster influence sandwich; asymptotic Bonferroni bounds,,,,,,
10,0.75,5.0,validation,generic_0.75,8.0,7.998197999765249,0.8823024673579108,0.882198460701485,0.00010400665642584794,0.00044005904929239473,0.0074487243751125394,2000,0.0015262033704046122,0.8581254383499329,True,0.05,80,paired cluster influence sandwich; asymptotic Bonferroni bounds,,,,,,
10,0.75,0.5,test,source,2.0,,0.8916951695169517,0.8857675767576758,0.0059275927592759015,0.0022284739254501717,0.00717181480250188,2000,0.013129645072616127,0.8625894794959938,True,0.05,80,paired cluster influence sandwich; asymptotic Bonferroni bounds,0.005215521552155211,0.0007120712071206903,0.8861541449204786,0.0,0.0,0.0
10,0.75,0.5,test,source,8.0,,0.8916951695169517,0.8863046304630464,0.005390539053905297,0.002166545456745036,0.00715714474418963,2000,0.012392448988999234,0.8631739443584787,True,0.05,80,paired cluster influence sandwich; asymptotic Bonferroni bounds,0.005215521552155211,0.00017501750175008546,0.8867224329318992,0.0,0.0,0.0
10,0.75,0.5,test,proxy_0,2.0,,0.7680828082808281,0.7084288428842884,0.059653965396539665,0.0042778156021042015,0.011320193110953839,2000,0.07347914477213131,0.6718438857748021,True,0.05,80,paired cluster influence sandwich; asymptotic Bonferroni bounds,0.05591059105910601,0.003743374337433658,0.7278917397507395,0.053726372637263764,0.050695069506950796,0.003031303130312968
10,0.75,0.5,test,proxy_0,8.0,,0.7680828082808281,0.710982098209821,0.057100710071007144,0.0041469120850712304,0.011283632012809271,2000,0.07050283133184826,0.6745153004103732,True,0.05,80,paired cluster influence sandwich; asymptotic Bonferroni bounds,0.05591059105910601,0.0011901190119011362,0.7290636800063717,0.05171017101710185,0.050695069506950796,0.0010151015101510508
10,0.75,0.5,test,proxy_0.25,2.0,,0.8056165616561657,0.7628052805280529,0.04281128112811283,0.0037543854642568416,0.010368393079639663,2000,0.05494482247639661,0.7292963807774063,True,0.05,80,paired cluster influence sandwich; asymptotic Bonferroni bounds,0.03996299629962996,0.002848284828482872,0.7777531371618689,0.03688368836883693,0.03474747474747475,0.002136213621362182
10,0.75,0.5,test,proxy_0.25,8.0,,0.8056165616561657,0.7647654765476548,0.040851085108510876,0.003636246361301699,0.010334077533709445,2000,0.05260282077802183,0.7313674788605808,True,0.05,80,paired cluster influence sandwich; asymptotic Bonferroni bounds,0.03996299629962996,0.0008880888088809158,0.7789377279358346,0.03546054605460558,0.03474747474747475,0.0007130713071308303
10,0.75,1.0,test,source,2.0,,0.8916951695169517,0.8911481148114812,0.0005470547054705621,0.0003838497680037837,0.007011707020785773,2000,0.001787592491466108,0.8684874589281897,True,0.05,80,paired cluster influence sandwich; asymptotic Bonferroni bounds,0.00011501150115000858,0.00043204320432055354,0.8905843468496949,0.0,0.0,0.0
10,0.75,1.0,test,source,8.0,,0.8916951695169517,0.8914651465146516,0.00023002300230012818,0.0003536095353035888,0.006996515389509176,2000,0.0013728294505460572,0.8688535874244298,True,0.05,80,paired cluster influence sandwich; asymptotic Bonferroni bounds,0.00011501150115000858,0.0001150115011501196,0.8912990739510427,0.0,0.0,0.0
10,0.75,1.0,test,proxy_0,2.0,,0.7680828082808281,0.768862886288629,-0.0007800780078008884,0.0005391349672345453,0.010413467937996204,2000,0.0009623153824155968,0.7352083121891858,True,0.05,80,paired cluster influence sandwich; asymptotic Bonferroni bounds,-0.0052575257525752095,0.004477447744774321,0.770731529428524,-0.0013271327132714505,-0.005372537253725218,0.0040454045404537675
10,0.75,1.0,test,proxy_0,8.0,,0.7680828082808281,0.771906190619062,-0.0038233823382338716,0.0005343016208061552,0.010359831662458447,2000,-0.002096609509437565,0.7384249599264695,True,0.05,80,paired cluster influence sandwich; asymptotic Bonferroni bounds,-0.0052575257525752095,0.0014341434143413379,0.7733825221891948,-0.004053405340534,-0.005372537253725218,0.0013191319131912183
10,0.75,1.0,test,proxy_0.25,2.0,,0.8056165616561657,0.8060286028602861,-0.0004120412041204169,0.0004960954832356328,0.009569014229032757,2000,0.0011912558243395717,0.7751031608896474,True,0.05,80,paired cluster influence sandwich; asymptotic Bonferroni bounds,-0.0035663566356635146,0.0031543154315430977,0.8091860576231061,-0.000959095909590979,-0.003681368136813523,0.002722272227222544
10,0.75,1.0,test,proxy_0.25,8.0,,0.8056165616561657,0.8081978197819782,-0.0025812581258125578,0.0004811419420387841,0.009522476634851819,2000,-0.0010262884233937016,0.7774227794759048,True,0.05,80,paired cluster influence sandwich; asymptotic Bonferroni bounds,-0.0035663566356635146,0.0009850985098509568,0.8113717938979677,-0.002811281128112686,-0.003681368136813523,0.0008700870087008372
10,0.75,2.0,test,source,2.0,,0.8916951695169517,0.8903910391039104,0.0013041304130413378,0.00052324989353364,0.007039308990711332,2000,0.0029951859210916344,0.8676411783037092,True,0.05,80,paired cluster influence sandwich; asymptotic Bonferroni bounds,4.000400039994023e-05,0.0012641264126413976,0.8904480888383457,0.0,0.0,0.0
10,0.75,2.0,test,source,8.0,,0.8916951695169517,0.8912921292129214,0.0004030403040302666,0.00025106028054424376,0.006998531943570373,2000,0.001214424836571411,0.8686740529596871,True,0.05,80,paired cluster influence sandwich; asymptotic Bonferroni bounds,4.000400039994023e-05,0.00036303630363032635,0.8915974619853158,0.0,0.0,0.0
10,0.75,2.0,test,proxy_0,2.0,,0.7680828082808281,0.7644874487448744,0.0035953595359536905,0.0006911133472592403,0.010487369497660444,2000,0.005828921447791287,0.7305940372542189,True,0.05,80,paired cluster influence sandwich; asymptotic Bonferroni bounds,-0.0015061506150615411,0.005101510151015232,0.7685282683640878,0.0022912291229123527,-0.0015461546154614814,0.003837383738373834
10,0.75,2.0,test,proxy_0,8.0,,0.7680828082808281,0.7678127812781278,0.00027002700270029045,0.0003279564946935294,0.010424871400256141,2000,0.0013299271452632544,0.7341213531097133,True,0.05,80,paired cluster influence sandwich; asymptotic Bonferroni bounds,-0.0015061506150615411,0.0017761776177618316,0.7709246582627831,-0.00013301330132997613,-0.0015461546154614814,0.0014131413141315052
10,0.75,2.0,test,proxy_0.25,2.0,,0.8056165616561657,0.8029082908290829,0.0027082708270828038,0.0006475766425135031,0.009632881181335916,2000,0.004801129443473088,0.7717764416277703,True,0.05,80,paired cluster influence sandwich; asymptotic Bonferroni bounds,-0.001022102210220921,0.0037303730373037247,0.8072282118879561,0.001404140414041466,-0.0010621062106208612,0.002466246624662327
10,0.75,2.0,test,proxy_0.25,8.0,,0.8056165616561657,0.8053945394539455,0.00022202220222022895,0.00031296321437212387,0.00957644440395877,2000,0.0012334665885860348,0.7744450844096498,True,0.05,80,paired cluster influence sandwich; asymptotic Bonferroni bounds,-0.001022102210220921,0.00124412441244115,0.8095193501317471,-0.00018101810181003763,-0.0010621062106208612,0.0008810881088108236
10,0.75,5.0,test,source,2.0,,0.8916951695169517,0.8878937893789379,0.003801380138013788,0.001106386296459272,0.007133390689402128,2000,0.0073770342638536344,0.864839872377782,True,0.05,80,paired cluster influence sandwich; asymptotic Bonferroni bounds,1.1102230246251565e-16,0.003801380138013677,0.8884784989501935,0.0,0.0,0.0
10,0.75,5.0,test,source,8.0,,0.8916951695169517,0.8906060606060606,0.00108910891089109,0.00044312001527524,0.007030109083217003,2000,0.0025211981512692164,0.8678859323570441,True,0.05,80,paired cluster influence sandwich; asymptotic Bonferroni bounds,1.1102230246251565e-16,0.001089108910890979,0.8907828175341452,0.0,0.0,0.0
10,0.75,5.0,test,proxy_0,2.0,,0.7680828082808281,0.7536733673367336,0.014409440944094465,0.0015540868425659381,0.0106807256975612,2000,0.01943198781431311,0.7191550611812179,True,0.05,80,paired cluster influence sandwich; asymptotic Bonferroni bounds,-1.1102230246251565e-16,0.014409440944094576,0.7595310947620546,0.010608060806080677,-2.220446049250313e-16,0.010608060806080899
10,0.75,5.0,test,proxy_0,8.0,,0.7680828082808281,0.7635763576357636,0.004506450645064497,0.0006044812692864948,0.010500890717233535,2000,0.006460032275128303,0.7296392478412628,True,0.05,80,paired cluster influence sandwich; asymptotic Bonferroni bounds,-1.1102230246251565e-16,0.004506450645064608,0.7676521619115924,0.003417341734173407,-2.220446049250313e-16,0.003417341734173629
10,0.75,5.0,test,proxy_0.25,2.0,,0.8056165616561657,0.794918491849185,0.010698069806980737,0.0014298756766849806,0.009805543392140379,2000,0.01531918711396367,0.7632286274696155,True,0.05,80,paired cluster influence sandwich; asymptotic Bonferroni bounds,1.1102230246251565e-16,0.010698069806980626,0.8004311816807803,0.006896689668966949,0.0,0.006896689668966949
10,0.75,5.0,test,proxy_0.25,8.0,,0.8056165616561657,0.8023162316231625,0.0033003300330032292,0.0005639294266845462,0.00964361968174029,2000,0.005122854939231878,0.7711496773975748,True,0.05,80,paired cluster influence sandwich; asymptotic Bonferroni bounds,1.1102230246251565e-16,0.0033003300330031182,0.8069217761219487,0.002211221122112139,0.0,0.002211221122112139
11,0.75,0.5,validation,source,2.0,1.9909995955023065,0.8838953783189358,0.8830217306724837,0.000873647646452147,0.0016996509914075926,0.007499960237362274,2000,0.006366633323664086,0.8587831226454488,True,0.05,80,paired cluster influence sandwich; asymptotic Bonferroni bounds,,,,,,
11,0.75,0.5,validation,proxy_0.5,2.0,1.9909995955023065,0.8204316529493485,0.8017479954112244,0.018683657538124065,0.0022550494016326376,0.00970928552381362,2000,0.025971597313521708,0.7703692202462707,True,0.05,80,paired cluster influence sandwich; asymptotic Bonferroni bounds,,,,,,
11,0.75,0.5,validation,generic_0.5,2.0,1.9909995955023065,0.8740687176132766,0.8744862881827027,-0.0004175705694260401,0.001803436631435566,0.007798887863440402,2000,0.005410832812394656,0.8492815964262014,True,0.05,80,paired cluster influence sandwich; asymptotic Bonferroni bounds,,,,,,
11,0.75,0.5,validation,proxy_0.75,2.0,1.9909995955023065,0.8515489117660884,0.8414347024647165,0.010114209301371857,0.0020015604057784437,0.008730248601534738,2000,0.016582915345493426,0.8132200097018129,True,0.05,80,paired cluster influence sandwich; asymptotic Bonferroni bounds,,,,,,
11,0.75,0.5,validation,generic_0.75,2.0,1.9909995955023065,0.8810338947282091,0.8804427948323266,0.0005910998958825742,0.0017313690389460725,0.00760068621510668,2000,0.006186592959445466,0.8558786574137458,True,0.05,80,paired cluster influence sandwich; asymptotic Bonferroni bounds,,,,,,
11,0.75,0.5,validation,source,8.0,7.998197999765249,0.8838953783189358,0.8828692048956273,0.001026173423308574,0.001753824760283079,0.0074994030292554565,2000,0.006694239595291499,0.858632397671325,True,0.05,80,paired cluster influence sandwich; asymptotic Bonferroni bounds,,,,,,
11,0.75,0.5,validation,proxy_0.5,8.0,7.998197999765249,0.8204316529493485,0.8007883332283156,0.019643319721032948,0.0023384798297072973,0.009723533877819655,2000,0.02720089258509089,0.7693635097835241,True,0.05,80,paired cluster influence sandwich; asymptotic Bonferroni bounds,,,,,,
11,0.75,0.5,validation,generic_0.5,8.0,7.998197999765249,0.8740687176132766,0.8743607669696178,-0.0002920493563411952,0.0018663664646538936,0.007796953491101464,2000,0.005739732645140314,0.8491623267786473,True,0.05,80,paired cluster influence sandwich; asymptotic Bonferroni bounds,,,,,,
11,0.75,0.5,validation,proxy_0.75,8.0,7.998197999765249,0.8515489117660884,0.840852104005577,0.010696807760511406,0.002070400098921174,0.008739644374553815,2000,0.0173879920959812,0.8126070456871086,True,0.05,80,paired cluster influence sandwich; asymptotic Bonferroni bounds,,,,,,
11,0.75,0.5,validation,generic_0.75,8.0,7.998197999765249,0.8810338947282091,0.8804057885782696,0.0006281061499395779,0.0017935629899015159,0.0075959475646059675,2000,0.006424599585658017,0.8558569656798234,True,0.05,80,paired cluster influence sandwich; asymptotic Bonferroni bounds,,,,,,
11,0.75,1.0,validation,source,2.0,1.9909995955023065,0.8838953783189358,0.8829602202772269,0.0009351580417089611,0.0005625054181972946,0.007453584563291248,2000,0.002753080792398476,0.8588714906162394,True,0.05,80,paired cluster influence sandwich; asymptotic Bonferroni bounds,,,,,,
11,0.75,1.0,validation,proxy_0.5,2.0,1.9909995955023065,0.8204316529493485,0.8228040538851066,-0.002372400935758079,0.0006735528328675548,0.009291734327219234,2000,-0.00019559164815077714,0.7927747338459351,True,0.05,80,paired cluster influence sandwich; asymptotic Bonferroni bounds,,,,,,
11,0.75,1.0,validation,generic_0.5,2.0,1.9909995955023065,0.8740687176132766,0.8728865178215118,0.0011821997917648153,0.0005898158498230878,0.007827408344779073,2000,0.0030883852566923396,0.8475896526739483,True,0.05,80,paired cluster influence sandwich; asymptotic Bonferroni bounds,,,,,,
11,0.75,1.0,validation,proxy_0.75,2.0,1.9909995955023065,0.8515489117660884,0.8521990216346562,-0.0006501098685678386,0.0006214260951009293,0.008461738399977641,2000,0.0013582345839648654,0.8248521086093544,True,0.05,80,paired cluster influence sandwich; asymptotic Bonferroni bounds,,,,,,
11,0.75,1.0,validation,generic_0.75,2.0,1.9909995955023065,0.8810338947282091,0.8799437104870723,0.0010901842411368268,0.0005675713926570181,0.007584526556501413,2000,0.00292447936785475,0.8554317983628114,True,0.05,80,paired cluster influence sandwich; asymptotic Bonferroni bounds,,,,,,
11,0.75,1.0,validation,source,8.0,7.998197999765249,0.8838953783189358,0.8832682723380251,0.0006271059809107582,0.00048533798114747383,0.007437896097655432,2000,0.002195636574854742,0.8592302451550584,True,0.05,80,paired cluster influence sandwich; asymptotic Bonferroni bounds,,,,,,
11,0.75,1.0,validation,proxy_0.5,8.0,7.998197999765249,0.8204316529493485,0.8225280072332224,-0.0020963542838738913,0.0005781367586507321,0.009295663036354547,2000,-0.00022791367412953187,0.7924859902679647,True,0.05,80,paired cluster influence sandwich; asymptotic Bonferroni bounds,,,,,,
11,0.75,1.0,validation,generic_0.5,8.0,7.998197999765249,0.8740687176132766,0.8732165736009385,0.0008521440123381296,0.0005022342812721446,0.007811316823804969,2000,0.0024752806018964414,0.8479717135383495,True,0.05,80,paired cluster influence sandwich; asymptotic Bonferroni bounds,,,,,,
11,0.75,1.0,validation,proxy_0.75,8.0,7.998197999765249,0.8515489117660884,0.8522510304241416,-0.0007021186580532524,0.000536226749043347,0.008455907716040625,2000,0.001030875860894238,0.8249229611870742,True,0.05,80,paired cluster influence sandwich; asymptotic Bonferroni bounds,,,,,,
11,0.75,1.0,validation,generic_0.75,8.0,7.998197999765249,0.8810338947282091,0.8801587468282139,0.00087514789999521,0.0004949057441073269,0.007572398102077441,2000,0.0024745998920186352,0.8556860318254647,True,0.05,80,paired cluster influence sandwich; asymptotic Bonferroni bounds,,,,,,
11,0.75,2.0,validation,source,2.0,1.9909995955023065,0.8838953783189358,0.8834853090172239,0.0004100693017119461,0.000436251291924079,0.007424987310623894,2000,0.001819959985339659,0.8594890008593,True,0.05,80,paired cluster influence sandwich; asymptotic Bonferroni bounds,,,,,,
11,0.75,2.0,validation,proxy_0.5,2.0,1.9909995955023065,0.8204316529493485,0.8217478753909411,-0.0013162224415925738,0.0005279348547132693,0.009302930016722907,2000,0.00038997407175121864,0.7916823727693446,True,0.05,80,paired cluster influence sandwich; asymptotic Bonferroni bounds,,,,,,
11,0.75,2.0,validation,generic_0.5,2.0,1.9909995955023065,0.8740687176132766,0.8734216082517945,0.0006471093614821566,0.0004570444713005802,0.007800640180114669,2000,0.0021242000979890957,0.8482112533030012,True,0.05,80,paired cluster influence sandwich; asymptotic Bonferroni bounds,,,,,,
11,0.75,2.0,validation,proxy_0.75,2.0,1.9909995955023065,0.8515489117660884,0.8519219748137435,-0.0003730630476551644,0.0004919394748195706,0.008459525661194402,2000,0.0012168024617346088,0.8245822129874262,True,0.05,80,paired cluster influence sandwich; asymptotic Bonferroni bounds,,,,,,
11,0.75,2.0,validation,generic_0.75,2.0,1.9909995955023065,0.8810338947282091,0.8805023048895262,0.0005315898386829554,0.00043780818474540873,0.007552659084371123,2000,0.0019465121376315499,0.8560933830667246,True,0.05,80,paired cluster influence sandwich; asymptotic Bonferroni bounds,,,,,,
11,0.75,2.0,validation,source,8.0,7.998197999765249,0.8838953783189358,0.8837793587116223,0.00011601960731355554,0.0002409350901113412,0.007410241673853226,2000,0.0008946812300878445,0.8598307059676581,True,0.05,80,paired cluster influence sandwich; asymptotic Bonferroni bounds,,,,,,
11,0.75,2.0,validation,proxy_0.5,8.0,7.998197999765249,0.8204316529493485,0.8211297709312874,-0.0006981179819388617,0.00029154869411954036,0.009317499286343988,2000,0.0002441182825086972,0.7910171828846474,True,0.05,80,paired cluster influence sandwich; asymptotic Bonferroni bounds,,,,,,
11,0.75,2.0,validation,generic_0.5,8.0,7.998197999765249,0.8740687176132766,0.8737726675808211,0.0002960500324555859,0.0002553926082873697,0.007785921951868655,2000,0.0011214359184288669,0.8486098794662531,True,0.05,80,paired cluster influence sandwich; asymptotic Bonferroni bounds,,,,,,
11,0.75,2.0,validation,proxy_0.75,8.0,7.998197999765249,0.8515489117660884,0.851768948952373,-0.0002200371862846051,0.00026851739334252475,0.008461647588785454,2000,0.0006477657939562148,0.8244223294135461,True,0.05,80,paired cluster influence sandwich; asymptotic Bonferroni bounds,,,,,,
11,0.75,2.0,validation,generic_0.75,8.0,7.998197999765249,0.8810338947282091,0.8807308435125536,0.0003030512156555476,0.0002474179410929046,0.007542907122711785,2000,0.0011026643206866358,0.8563534383869976,True,0.05,80,paired cluster influence sandwich; asymptotic Bonferroni bounds,,,,,,
11,0.75,5.0,validation,source,2.0,1.9909995955023065,0.8838953783189358,0.8824441330584869,0.00145124526044893,0.0009035466037873112,0.00745886157963469,2000,0.004371355670402486,0.8583383489696554,True,0.05,80,paired cluster influence sandwich; asymptotic Bonferroni bounds,,,,,,
11,0.75,5.0,validation,proxy_0.5,2.0,1.9909995955023065,0.8204316529493485,0.8197795427427236,0.0006521102066249229,0.0010961607205064328,0.009341148204797832,2000,0.004194716993608648,0.7895905253755906,True,0.05,80,paired cluster influence sandwich; asymptotic Bonferroni bounds,,,,,,
11,0.75,5.0,validation,generic_0.5,2.0,1.9909995955023065,0.8740687176132766,0.8730445445280253,0.0010241730852513786,0.000963748231316368,0.007798197533821202,2000,0.004138845013677672,0.8478420838005588,True,0.05,80,paired cluster influence sandwich; asymptotic Bonferroni bounds,,,,,,
11,0.75,5.0,validation,proxy_0.75,2.0,1.9909995955023065,0.8515489117660884,0.8502886987900956,0.0012602129759927694,0.0010325228556231415,0.00850128095094722,2000,0.00459715290425112,0.8228139909014869,True,0.05,80,paired cluster influence sandwich; asymptotic Bonferroni bounds,,,,,,
11,0.75,5.0,validation,generic_0.75,2.0,1.9909995955023065,0.8810338947282091,0.8798546954435299,0.0011791992846792443,0.0009162646001255367,0.0075624296882550466,2000,0.004140412116295762,0.8554141966749532,True,0.05,80,paired cluster influence sandwich; asymptotic Bonferroni bounds,,,,,,
11,0.75,5.0,validation,source,8.0,7.998197999765249,0.8838953783189358,0.8836913438371083,0.0002040344818274864,0.00029648676269568736,0.007413044807677797,2000,0.0011622297520350465,0.8597336318368454,True,0.05,80,paired cluster influence sandwich; asymptotic Bonferroni bounds,,,,,,
11,0.75,5.0,validation,proxy_0.5,8.0,7.998197999765249,0.8204316529493485,0.8210357550426022,-0.0006041020932536778,0.00037055267199856336,0.009317105877253661,2000,0.0005934617185116072,0.7909244384278676,True,0.05,80,paired cluster influence sandwich; asymptotic Bonferroni bounds,,,,,,
11,0.75,5.0,validation,generic_0.5,8.0,7.998197999765249,0.8740687176132766,0.8738286770464209,0.00024004056685578146,0.000319597177152821,0.007781814423177793,2000,0.001272924803356554,0.8486791637726183,True,0.05,80,paired cluster influence sandwich; asymptotic Bonferroni bounds,,,,,,
11,0.75,5.0,validation,proxy_0.75,8.0,7.998197999765249,0.8515489117660884,0.8516959366132877,-0.0001470248471993063,0.00034391258555924653,0.008464322519981866,2000,0.0009644426930428074,0.8243406721474589,True,0.05,80,paired cluster influence sandwich; asymptotic Bonferroni bounds,,,,,,
11,0.75,5.0,validation,generic_0.75,8.0,7.998197999765249,0.8810338947282091,0.8806918369204395,0.0003420578077696357,0.0002980108019222982,0.0075425073933614185,2000,0.0013051785160145364,0.8563157236528046,True,0.05,80,paired cluster influence sandwich; asymptotic Bonferroni bounds,,,,,,
11,0.75,0.5,test,source,2.0,,0.8880257656300183,0.8857155435225234,0.002310222107494986,0.0017872844384341183,0.007341786427301185,2000,0.008086424322569657,0.861988126603291,True,0.05,80,paired cluster influence sandwich; asymptotic Bonferroni bounds,0.0024292850918136155,-0.00011906298431862972,0.8797043698756912,0.0,0.0,0.0
11,0.75,0.5,test,source,8.0,,0.8880257656300183,0.8856274969458844,0.002398268684133953,0.0018473166317244363,0.007340759827669852,2000,0.00836848483476503,0.8619033978237173,True,0.05,80,paired cluster influence sandwich; asymptotic Bonferroni bounds,0.0024292850918136155,-3.101640767966263e-05,0.8799578610514738,0.0,0.0,0.0
11,0.75,0.5,test,proxy_0,2.0,,0.7734541572491849,0.7358622711414338,0.037591886107751105,0.002965260753684077,0.011067951886457044,2000,0.04717510932918202,0.7000925151763988,True,0.05,80,paired cluster influence sandwich; asymptotic Bonferroni bounds,0.04060247871123834,-0.0030105926034872388,0.7215549766252614,0.03528166400025612,0.03817319361942473,-0.002891529619168609
11,0.75,0.5,test,proxy_0,8.0,,0.7734541572491849,0.7339122395747351,0.03954191767444981,0.0030922385923769402,0.011087693407448907,2000,0.04953551187956461,0.6980786823395553,True,0.05,80,paired cluster influence sandwich; asymptotic Bonferroni bounds,0.04060247871123834,-0.001060561036788532,0.7209226123962763,0.03714364899031586,0.03817319361942473,-0.0010295446291088695
11,0.75,0.5,test,proxy_0.25,2.0,,0.8047176956610046,0.7772811817451432,0.027436513915861438,0.002644587412359932,0.010302751349526441,2000,0.03598337491948289,0.7439844250080695,True,0.05,80,paired cluster influence sandwich; asymptotic Bonferroni bounds,0.029599658219197855,-0.0021631443033364173,0.7626954635921466,0.025126291808366452,0.02717037312738424,-0.0020440813190177876
11,0.75,0.5,test,proxy_0.25,8.0,,0.8047176956610046,0.7758924471045182,0.028825248556486383,0.0027529370871202663,0.010319369506703228,2000,0.037722277456104056,0.7425419832829812,True,0.05,80,paired cluster influence sandwich; asymptotic Bonferroni bounds,0.029599658219197855,-0.0007744096627114727,0.7622268539431154,0.02642697987235243,0.02717037312738424,-0.0007433932550318101
11,0.75,1.0,test,source,2.0,,0.8880257656300183,0.8872003289740272,0.0008254366559911075,0.0005706128718531254,0.007276145095201179,2000,0.0026695613310964436,0.8636850537820562,True,0.05,80,paired cluster influence sandwich; asymptotic Bonferroni bounds,3.802011263964733e-05,0.0007874165433514602,0.8809689686083793,0.0,0.0,0.0
11,0.75,1.0,test,source,8.0,,0.8880257656300183,0.8877446169023413,0.0002811487276770386,0.0004901960580212991,0.0072560326772791684,2000,0.0018653798076747013,0.8642943416569111,True,0.05,80,paired cluster influence sandwich; asymptotic Bonferroni bounds,3.802011263964733e-05,0.00024312861503739125,0.8821081444029089,0.0,0.0,0.0
11,0.75,1.0,test,proxy_0,2.0,,0.7734541572491849,0.7787179417912075,-0.005263784542022587,0.0007691851303071639,0.010468386374785593,2000,-0.0027779077795217467,0.744885880555744,True,0.05,80,paired cluster influence sandwich; asymptotic Bonferroni bounds,-0.004694483381708747,-0.0005693011603138398,0.7545837702966134,-0.0060892211980136945,-0.004732503494348395,-0.0013567177036653
11,0.75,1.0,test,proxy_0,8.0,,0.7734541572491849,0.7783637544260914,-0.004909597176906533,0.0006641069144590559,0.010472274725505012,2000,-0.0027633155063149025,0.7445191266961431,True,0.05,80,paired cluster influence sandwich; asymptotic Bonferroni bounds,-0.004694483381708747,-0.0002151137951977855,0.7555630129394324,-0.005190745904583571,-0.004732503494348395,-0.00045824241023517676
11,0.75,1.0,test,proxy_0.25,2.0,,0.8047176956610046,0.8080844766881681,-0.003366781027163479,0.0007031140671341558,0.009780673749869715,2000,-0.0010944348103583373,0.7764749868028218,True,0.05,80,paired cluster influence sandwich; asymptotic Bonferroni bounds,-0.003254721747804612,-0.00011205927935886706,0.7873736368959732,-0.0041922176831545865,-0.0032927418604442593,-0.0008994758227103272
11,0.75,1.0,test,proxy_0.25,8.0,,0.8047176956610046,0.8080314486363287,-0.0033137529753241024,0.0006090413050868641,0.009779562128775275,2000,-0.0013454340777473589,0.7764255513230934,True,0.05,80,paired cluster influence sandwich; asymptotic Bonferroni bounds,-0.003254721747804612,-5.9031227519490415e-05,0.7883085535816907,-0.003594901703001141,-0.0032927418604442593,-0.00030215984255688166
11,0.75,2.0,test,source,2.0,,0.8880257656300183,0.8870622559333887,0.0009635096966296164,0.00045580895691023484,0.007288568974360174,2000,0.0024366074587644842,0.8635068288569303,True,0.05,80,paired cluster influence sandwich; asymptotic Bonferroni bounds,-0.0003131656646364611,0.0012766753612660775,0.8799069085512402,0.0,0.0,0.0
11,0.75,2.0,test,source,8.0,,0.8880257656300183,0.8879057021164196,0.00012006351359872269,0.0002533438970422858,0.007258504576058043,2000,0.0009388283099583828,0.8644474381105578,True,0.05,80,paired cluster influence sandwich; asymptotic Bonferroni bounds,-0.0003131656646364611,0.0004332291782351838,0.881587667991053,0.0,0.0,0.0
11,0.75,2.0,test,proxy_0,2.0,,0.7734541572491849,0.7756783338386005,-0.0022241765894156496,0.0005938606623578495,0.010506416000605825,2000,-0.0003049189717739653,0.7417233672590421,True,0.05,80,paired cluster influence sandwich; asymptotic Bonferroni bounds,-0.0009465006988697011,-0.0012776758905459484,0.7515655865975487,-0.003187686286045266,-0.00063333503423324,-0.002554351251812026
11,0.75,2.0,test,proxy_0,8.0,,0.7734541572491849,0.7749344403189287,-0.001480283069743793,0.00032503053955032897,0.010520516649380328,2000,-0.000429839121290688,0.740933902817958,True,0.05,80,paired cluster influence sandwich; asymptotic Bonferroni bounds,-0.0009465006988697011,-0.0005337823708740919,0.7513660769803506,-0.0016003465833425157,-0.00063333503423324,-0.0009670115491092757
11,0.75,2.0,test,proxy_0.25,2.0,,0.8047176956610046,0.805880310684352,-0.0011626150233473576,0.0005553722897730095,0.009813325435849993,2000,0.0006322546579376777,0.7741652960504937,True,0.05,80,paired cluster influence sandwich; asymptotic Bonferroni bounds,-0.0007123768473523695,-0.00045023817599498805,0.7843877182808192,-0.002126124719976974,-0.0003992111827159084,-0.0017269135372610656
11,0.75,2.0,test,proxy_0.25,8.0,,0.8047176956610046,0.805707219118914,-0.0009895234579093692,0.0003046329461352699,0.009819259075745507,2000,-5.001095149408021e-06,0.7739730279605076,True,0.05,80,paired cluster influence sandwich; asymptotic Bonferroni bounds,-0.0007123768473523695,-0.00027714661055699974,0.7849885104908737,-0.001109586971508092,-0.0003992111827159084,-0.0007103757887921835
11,0.75,5.0,test,source,2.0,,0.8880257656300183,0.884104691381741,0.0039210742482773675,0.0010679122144789802,0.007416086608207329,2000,0.007372386622587037,0.8601371487945951,True,0.05,80,paired cluster influence sandwich; asymptotic Bonferroni bounds,1.1102230246251565e-16,0.0039210742482772565,0.8786807759655382,0.0,0.0,0.0
11,0.75,5.0,test,source,8.0,,0.8880257656300183,0.887319391958346,0.0007063736716723668,0.00032376508634094427,0.007284011127049017,2000,0.0017527278885338257,0.863778695076572,True,0.05,80,paired cluster influence sandwich; asymptotic Bonferroni bounds,1.1102230246251565e-16,0.0007063736716722557,0.8802994406858318,0.0,0.0,0.0
11,0.75,5.0,test,proxy_0,2.0,,0.7734541572491849,0.7716241891960848,0.001829968053100095,0.0012985614383149375,0.010549787814112048,2000,0.006026699863162111,0.7375290522217872,True,0.05,80,paired cluster influence sandwich; asymptotic Bonferroni bounds,0.0,0.001829968053100095,0.7547044687142661,-0.0020911061951772725,-1.1102230246251565e-16,-0.0020911061951771615
11,0.75,5.0,test,proxy_0,8.0,,0.7734541572491849,0.7738833843103,-0.00042922706111514497,0.0004190527103248575,0.0105342915256577,2000,0.0009250807040955072,0.7398383287297474,True,0.05,80,paired cluster influence sandwich; asymptotic Bonferroni bounds,0.0,-0.00042922706111514497,0.7502300992687928,-0.0011356007327875117,-1.1102230246251565e-16,-0.0011356007327874007
11,0.75,5.0,test,proxy_0.25,2.0,,0.8047176956610046,0.801653074476398,0.0030646211846065974,0.0012662839523645186,0.009878338157010773,2000,0.0071570375976145245,0.7697279496799369,True,0.05,80,paired cluster influence sandwich; asymptotic Bonferroni bounds,-1.1102230246251565e-16,0.0030646211846067084,0.7864782759192641,-0.0008564530636707701,-2.220446049250313e-16,-0.0008564530636705481
11,0.75,5.0,test,proxy_0.25,8.0,,0.8047176956610046,0.8048027406498037,-8.504498879913225e-05,0.0003983674979404598,0.009833515907728924,2000,0.0012024116546624105,0.7730224738121648,True,0.05,80,paired cluster influence sandwich; asymptotic Bonferroni bounds,-1.1102230246251565e-16,-8.504498879902123e-05,0.7836553258878609,-0.000791418660471499,-2.220446049250313e-16,-0.000791418660471277
12,0.75,0.5,validation,source,2.0,1.9909995955023065,0.8946488377930518,0.8806921539155418,0.013956683877510034,0.002956792295276603,0.007367327185207907,2000,0.023512538467983485,0.8568821935694083,True,0.05,80,paired cluster influence sandwich; asymptotic Bonferroni bounds,,,,,,
12,0.75,0.5,validation,proxy_0.5,2.0,1.9909995955023065,0.8404261808828631,0.7895106860236153,0.050915494859247845,0.004852740046968316,0.009822820069030718,2000,0.06659873318757908,0.757764986334804,True,0.05,80,paired cluster influence sandwich; asymptotic Bonferroni bounds,,,,,,
12,0.75,0.5,validation,generic_0.5,2.0,1.9909995955023065,0.8838503086651246,0.8738138168770269,0.010036491788097734,0.0028855561537723647,0.007661653278933239,2000,0.019362123169829628,0.8490526441788069,True,0.05,80,paired cluster influence sandwich; asymptotic Bonferroni bounds,,,,,,
12,0.75,0.5,validation,proxy_0.75,2.0,1.9909995955023065,0.869560608469815,0.8375680408340007,0.03199256763581426,0.0039663719604447496,0.008623727591679746,2000,0.04481121362805683,0.8096976060301802,True,0.05,80,paired cluster influence sandwich; asymptotic Bonferroni bounds,,,,,,
12,0.75,0.5,validation,generic_0.75,2.0,1.9909995955023065,0.891323674860068,0.8784740452282161,0.012849629631851878,0.002922296800513716,0.007466737633317805,2000,0.022294000594440082,0.8543428070606985,True,0.05,80,paired cluster influence sandwich; asymptotic Bonferroni bounds,,,,,,
12,0.75,0.5,validation,source,8.0,7.998197999765249,0.8946488377930518,0.8806841535235226,0.013964684269529237,0.0029586585704986625,0.007367668755061942,2000,0.023526570347123476,0.8568730892811626,True,0.05,80,paired cluster influence sandwich; asymptotic Bonferroni bounds,,,,,,
12,0.75,0.5,validation,proxy_0.5,8.0,7.998197999765249,0.8404261808828631,0.7895366872976776,0.050889493585185575,0.00484857748997756,0.009821283500457214,2000,0.06655927923055638,0.7577959535396421,True,0.05,80,paired cluster influence sandwich; asymptotic Bonferroni bounds,,,,,,
12,0.75,0.5,validation,generic_0.5,8.0,7.998197999765249,0.8838503086651246,0.873858819082135,0.009991489582989566,0.0028685746298469403,0.007662436662544779,2000,0.01926223954014009,0.8490951146200532,True,0.05,80,paired cluster influence sandwich; asymptotic Bonferroni bounds,,,,,,
12,0.75,0.5,validation,proxy_0.75,8.0,7.998197999765249,0.869560608469815,0.8375710409810081,0.03198956748880688,0.003965484612611935,0.008623746687951211,2000,0.0448053457223384,0.8097005444612552,True,0.05,80,paired cluster influence sandwich; asymptotic Bonferroni bounds,,,,,,
12,0.75,0.5,validation,generic_0.75,8.0,7.998197999765249,0.891323674860068,0.8784155423615756,0.01290813249849243,0.002914643498035656,0.00747210354575064,2000,0.02232776927676404,0.8542669624690287,True,0.05,80,paired cluster influence sandwich; asymptotic Bonferroni bounds,,,,,,
12,0.75,1.0,validation,source,2.0,1.9909995955023065,0.8946488377930518,0.8945218315697469,0.0001270062233049707,0.0003315350120534023,0.006993327100145616,2000,0.0011984715311299848,0.8719205764936417,True,0.05,80,paired cluster influence sandwich; asymptotic Bonferroni bounds,,,,,,
12,0.75,1.0,validation,proxy_0.5,2.0,1.9909995955023065,0.8404261808828631,0.8403291761296303,9.70047532328211e-05,0.00039215192908931675,0.008729241775663327,2000,0.0013643737252561363,0.8121177372583309,True,0.05,80,paired cluster influence sandwich; asymptotic Bonferroni bounds,,,,,,
12,0.75,1.0,validation,generic_0.5,2.0,1.9909995955023065,0.8838503086651246,0.8838103067050285,4.0001960096125444e-05,0.000344624165862523,0.007399608607905813,2000,0.001153769208004015,0.8598960182389362,True,0.05,80,paired cluster influence sandwich; asymptotic Bonferroni bounds,,,,,,
12,0.75,1.0,validation,proxy_0.75,2.0,1.9909995955023065,0.869560608469815,0.8694466028835413,0.00011400558627372437,0.00035925085758764725,0.007843050121333546,2000,0.0012750438377919279,0.8440991861492023,True,0.05,80,paired cluster influence sandwich; asymptotic Bonferroni bounds,,,,,,
12,0.75,1.0,validation,generic_0.75,2.0,1.9909995955023065,0.891323674860068,0.8910956636875206,0.00022801117254744874,0.0003338782458262256,0.00713060996088082,2000,0.0013070494171798118,0.8680507335324978,True,0.05,80,paired cluster influence sandwich; asymptotic Bonferroni bounds,,,,,,
12,0.75,1.0,validation,source,8.0,7.998197999765249,0.8946488377930518,0.8944388275025476,0.00021001029050427,0.0003654992140038296,0.006989537446327304,2000,0.0013912421773474414,0.8718498199491697,True,0.05,80,paired cluster influence sandwich; asymptotic Bonferroni bounds,,,,,,
12,0.75,1.0,validation,proxy_0.5,8.0,7.998197999765249,0.8404261808828631,0.8414702320413698,-0.001044051158506698,0.00043233989916612,0.008698540555382786,2000,0.0003531985626492864,0.8133580143420207,True,0.05,80,paired cluster influence sandwich; asymptotic Bonferroni bounds,,,,,,
12,0.75,1.0,validation,generic_0.5,8.0,7.998197999765249,0.8838503086651246,0.883746303568875,0.0001040050962496375,0.00036036650641857194,0.007402929432964527,2000,0.0012686489368446859,0.8598212827556266,True,0.05,80,paired cluster influence sandwich; asymptotic Bonferroni bounds,,,,,,
12,0.75,1.0,validation,proxy_0.75,8.0,7.998197999765249,0.869560608469815,0.8699826291488283,-0.00042202067901331297,0.0003978799754673084,0.007823799635152824,2000,0.0008638603739441334,0.8446974267428454,True,0.05,80,paired cluster influence sandwich; asymptotic Bonferroni bounds,,,,,,
12,0.75,1.0,validation,generic_0.75,8.0,7.998197999765249,0.891323674860068,0.8910201599878393,0.0003035148722286829,0.00036811451135068196,0.007129011977711269,2000,0.0014931989595180254,0.8679803942452208,True,0.05,80,paired cluster influence sandwich; asymptotic Bonferroni bounds,,,,,,
12,0.75,2.0,validation,source,2.0,1.9909995955023065,0.8946488377930518,0.8939908055494719,0.0006580322435799646,0.00039618415504244237,0.0070135885285733226,2000,0.0019384326906059556,0.871324068949974,True,0.05,80,paired cluster influence sandwich; asymptotic Bonferroni bounds,,,,,,
12,0.75,2.0,validation,proxy_0.5,2.0,1.9909995955023065,0.8404261808828631,0.8407591972006628,-0.00033301631779969476,0.00046269452524330034,0.008722331905599115,2000,0.0011623344412293587,0.8125700898653587,True,0.05,80,paired cluster influence sandwich; asymptotic Bonferroni bounds,,,,,,
12,0.75,2.0,validation,generic_0.5,2.0,1.9909995955023065,0.8838503086651246,0.883467289897205,0.000383018767919574,0.00041325140450630465,0.0074079080357215355,2000,0.0017185776900256508,0.8595261790785526,True,0.05,80,paired cluster influence sandwich; asymptotic Bonferroni bounds,,,,,,
12,0.75,2.0,validation,proxy_0.75,2.0,1.9909995955023065,0.869560608469815,0.8693045959252003,0.00025601254461471434,0.0004342944872781122,0.007849118261578173,2000,0.001659579165274361,0.8439375679838432,True,0.05,80,paired cluster influence sandwich; asymptotic Bonferroni bounds,,,,,,
12,0.75,2.0,validation,generic_0.75,2.0,1.9909995955023065,0.891323674860068,0.890804649427822,0.000519025432246023,0.00040580256186613866,0.007135393556218564,2000,0.001830510949787818,0.8677442594985229,True,0.05,80,paired cluster influence sandwich; asymptotic Bonferroni bounds,,,,,,
12,0.75,2.0,validation,source,8.0,7.998197999765249,0.8946488377930518,0.8946278367640014,2.1001029050449205e-05,0.00023616618771953827,0.006986682235034302,2000,0.0007842503626744221,0.8720480567725272,True,0.05,80,paired cluster influence sandwich; asymptotic Bonferroni bounds,,,,,,
12,0.75,2.0,validation,proxy_0.5,8.0,7.998197999765249,0.8404261808828631,0.8412672220938825,-0.0008410412110193555,0.0002871387621849972,0.008703982296958653,2000,8.69428963227826e-05,0.8131374176024881,True,0.05,80,paired cluster influence sandwich; asymptotic Bonferroni bounds,,,,,,
12,0.75,2.0,validation,generic_0.5,8.0,7.998197999765249,0.8838503086651246,0.8838783100371918,-2.8001372067154584e-05,0.00024228812108503895,0.007396156255446855,2000,0.0007550330188794936,0.8599751789926559,True,0.05,80,paired cluster influence sandwich; asymptotic Bonferroni bounds,,,,,,
12,0.75,2.0,validation,proxy_0.75,8.0,7.998197999765249,0.869560608469815,0.869949627531749,-0.00038901906193400393,0.00026359607426296785,0.007825855576153685,2000,0.000462879044098136,0.8446577806707998,True,0.05,80,paired cluster influence sandwich; asymptotic Bonferroni bounds,,,,,,
12,0.75,2.0,validation,generic_0.75,8.0,7.998197999765249,0.891323674860068,0.8912706722629409,5.300259712714972e-05,0.00023674436737830575,0.00711975854449028,2000,0.0008181205100068172,0.8682608120576384,True,0.05,80,paired cluster influence sandwich; asymptotic Bonferroni bounds,,,,,,
12,0.75,5.0,validation,source,2.0,1.9909995955023065,0.8946488377930518,0.8919877073976624,0.0026611303953893994,0.0009586787875386368,0.007070937346106608,2000,0.005759418735535933,0.8691356290810074,True,0.05,80,paired cluster influence sandwich; asymptotic Bonferroni bounds,,,,,,
12,0.75,5.0,validation,proxy_0.5,2.0,1.9909995955023065,0.8404261808828631,0.8382680751356817,0.002158105747181449,0.001078579264157741,0.008783464102934312,2000,0.005643892229057764,0.8098813988370572,True,0.05,80,paired cluster influence sandwich; asymptotic Bonferroni bounds,,,,,,
12,0.75,5.0,validation,generic_0.5,2.0,1.9909995955023065,0.8838503086651246,0.8820252192357425,0.0018250894293820874,0.0009976189292797205,0.00743726283213626,2000,0.005049225747692204,0.8579892386602526,True,0.05,80,paired cluster influence sandwich; asymptotic Bonferroni bounds,,,,,,
12,0.75,5.0,validation,proxy_0.75,2.0,1.9909995955023065,0.869560608469815,0.8667494707240654,0.0028111377457495923,0.0010286683177740238,0.007913489273155674,2000,0.006135620457023685,0.8411744065173749,True,0.05,80,paired cluster influence sandwich; asymptotic Bonferroni bounds,,,,,,
12,0.75,5.0,validation,generic_0.75,2.0,1.9909995955023065,0.891323674860068,0.8888685545591734,0.0024551203008946754,0.0009897004871144346,0.007186381321021862,2000,0.005653665548085112,0.8656433807635432,True,0.05,80,paired cluster influence sandwich; asymptotic Bonferroni bounds,,,,,,
12,0.75,5.0,validation,source,8.0,7.998197999765249,0.8946488377930518,0.8937747949649532,0.0008740428280986645,0.00033245189270571934,0.0070254370861637695,2000,0.0019484713397321966,0.8710697658233576,True,0.05,80,paired cluster influence sandwich; asymptotic Bonferroni bounds,,,,,,
12,0.75,5.0,validation,proxy_0.5,8.0,7.998197999765249,0.8404261808828631,0.8399281564796675,0.0004980244031956849,0.00039634568167176595,0.008746352219894,2000,0.0017789468770765115,0.8116614195350783,True,0.05,80,paired cluster influence sandwich; asymptotic Bonferroni bounds,,,,,,
12,0.75,5.0,validation,generic_0.5,8.0,7.998197999765249,0.8838503086651246,0.8832792806847535,0.0005710279803711193,0.0003418446445112422,0.007412840068701577,2000,0.0016758122835160692,0.8593222303663709,True,0.05,80,paired cluster influence sandwich; asymptotic Bonferroni bounds,,,,,,
12,0.75,5.0,validation,proxy_0.75,8.0,7.998197999765249,0.869560608469815,0.8687795701989398,0.0007810382708751673,0.00037077516197656394,0.007868067993450988,2000,0.0019793211327681897,0.8433512999164842,True,0.05,80,paired cluster influence sandwich; asymptotic Bonferroni bounds,,,,,,
12,0.75,5.0,validation,generic_0.75,8.0,7.998197999765249,0.891323674860068,0.8907226454096251,0.0006010294504429359,0.0003422741784647473,0.00713959309236137,2000,0.0017072019349653612,0.8676486832869756,True,0.05,80,paired cluster influence sandwich; asymptotic Bonferroni bounds,,,,,,
12,0.75,0.5,test,source,2.0,,0.8952201688341318,0.8808264386725425,0.014393730161589291,0.002991838308135456,0.007369209858445461,2000,0.024062847561692642,0.8570103938436646,True,0.05,80,paired cluster influence sandwich; asymptotic Bonferroni bounds,0.01419959892887579,0.0001941312327135014,0.8791763399389863,0.0,0.0,0.0
12,0.75,0.5,test,source,8.0,,0.8952201688341318,0.8809485212003315,0.014271647633800288,0.002988877387626878,0.007363418426657039,2000,0.023931195837623223,0.8571511933033562,True,0.05,80,paired cluster influence sandwich; asymptotic Bonferroni bounds,0.01419959892887579,7.204870492449889e-05,0.8797366119079201,0.0,0.0,0.0
12,0.75,0.5,test,proxy_0,2.0,,0.7678690794977404,0.6751774199358767,0.09269165956186376,0.0064317291311850435,0.011932423879371885,2000,0.11347792461034154,0.6366138361206314,True,0.05,80,paired cluster influence sandwich; asymptotic Bonferroni bounds,0.09206723745251788,0.000624422109345879,0.7058870510563418,0.07829792940027447,0.07786763852364209,0.00043029087663237764
12,0.75,0.5,test,proxy_0,8.0,,0.7678690794977404,0.6754956350492933,0.09237344444844708,0.006419895446138339,0.011924904676788785,2000,0.11312146502038303,0.6369563520300948,True,0.05,80,paired cluster influence sandwich; asymptotic Bonferroni bounds,0.09206723745251788,0.00030620699592920353,0.7067533717413641,0.0781017968146468,0.07786763852364209,0.00023415829100470464
12,0.75,0.5,test,proxy_0.25,2.0,,0.8053464141759831,0.7362216858596411,0.06912472831634198,0.005512313102394295,0.010920157251548886,2000,0.086939595646654,0.7009295772568136,True,0.05,80,paired cluster influence sandwich; asymptotic Bonferroni bounds,0.06863839955810147,0.00048632875824050625,0.7587686105707289,0.054730998154752686,0.05443880062922568,0.00029219752552700484
12,0.75,0.5,test,proxy_0.25,8.0,,0.8053464141759831,0.7364718549739624,0.06887455920202068,0.005501769938283632,0.010913400963937836,2000,0.08665535280205211,0.7012015815545145,True,0.05,80,paired cluster influence sandwich; asymptotic Bonferroni bounds,0.06863839955810147,0.0002361596439192093,0.7592681889900234,0.05460291156822039,0.05443880062922568,0.0001641109389947104
12,0.75,1.0,test,source,2.0,,0.8952201688341318,0.8953802770672974,-0.00016010823316559009,0.00032197304010096576,0.006974776358321293,2000,0.0008804543921403865,0.8728389748636689,True,0.05,80,paired cluster influence sandwich; asymptotic Bonferroni bounds,-0.0001541041744218541,-6.004058743735996e-06,0.8899783862793816,0.0,0.0,0.0
12,0.75,1.0,test,source,8.0,,0.8952201688341318,0.8954203041255889,-0.00020013529145712639,0.0003399703941195026,0.0069663990008416625,2000,0.0008985917501621451,0.8729060761300662,True,0.05,80,paired cluster influence sandwich; asymptotic Bonferroni bounds,-0.0001541041744218541,-4.6031117035272295e-05,0.8908446543408542,0.0,0.0,0.0
12,0.75,1.0,test,proxy_0,2.0,,0.7678690794977404,0.7677349888524643,0.00013409064527614145,0.00044130093320966383,0.010467106916762375,2000,0.00156030091886497,0.7339070626097914,True,0.05,80,paired cluster influence sandwich; asymptotic Bonferroni bounds,-0.003997702446854157,0.004131793092130298,0.765449512812924,0.00029419887844173154,-0.0038435982724323026,0.004137797150874034
12,0.75,1.0,test,proxy_0,8.0,,0.7678690794977404,0.7706989925189428,-0.0028299130212023904,0.0004901394272198806,0.010417519066422876,2000,-0.0012458649624147605,0.7370313258548868,True,0.05,80,paired cluster influence sandwich; asymptotic Bonferroni bounds,-0.003997702446854157,0.0011677894256517662,0.7686691521222271,-0.002629777729745264,-0.0038435982724323026,0.0012138205426870385
12,0.75,1.0,test,proxy_0.25,2.0,,0.8053464141759831,0.8053063871176914,4.002705829164732e-05,0.00041126372261872385,0.00965082532480002,2000,0.0013691621273864108,0.7741165454676135,True,0.05,80,paired cluster influence sandwich; asymptotic Bonferroni bounds,-0.0027848825806243704,0.0028249096389160178,0.8050616247588915,0.0002001352914572374,-0.0026307784062025164,0.0028309136976597538
12,0.75,1.0,test,proxy_0.25,8.0,,0.8053464141759831,0.8073707826490708,-0.0020243684730877343,0.0004429430466949441,0.009610080380275113,2000,-0.0005928511653486002,0.7763126217957127,True,0.05,80,paired cluster influence sandwich; asymptotic Bonferroni bounds,-0.0027848825806243704,0.0007605141075366362,0.8071498770461164,-0.0018242331816306079,-0.0026307784062025164,0.0008065452245719085
12,0.75,2.0,test,source,2.0,,0.8952201688341318,0.8943685931689822,0.0008515756651495954,0.00038751071323423993,0.0070188060126961166,2000,0.002103945009398933,0.8716849945397486,True,0.05,80,paired cluster influence sandwich; asymptotic Bonferroni bounds,-0.00013208929236185885,0.0009836649575114542,0.887736399458237,0.0,0.0,0.0
12,0.75,2.0,test,source,8.0,,0.8952201688341318,0.8950740700713682,0.00014609876276361344,0.00022599085469621985,0.006984325308859387,2000,0.0008764631342156401,0.8725019072682382,True,0.05,80,paired cluster influence sandwich; asymptotic Bonferroni bounds,-0.00013208929236185885,0.0002781880551254723,0.8893043888954424,0.0,0.0,0.0
12,0.75,2.0,test,proxy_0,2.0,,0.7678690794977404,0.7690668892171107,-0.0011978097193703352,0.0005378939996602128,0.010456406467568504,2000,0.0005405730727020878,0.7352735450236109,True,0.05,80,paired cluster influence sandwich; asymptotic Bonferroni bounds,-0.0018142264170579736,0.0006164166976876384,0.7650403592946693,-0.0020493853845199306,-0.0016821371246961148,-0.0003672482598238158
12,0.75,2.0,test,proxy_0,8.0,,0.7678690794977404,0.7696512842681653,-0.0017822047704249,0.00032694285253404855,0.010437899581775534,2000,-0.0007255805485609469,0.7359177512118369,True,0.05,80,paired cluster influence sandwich; asymptotic Bonferroni bounds,-0.0018142264170579736,3.202164663307361e-05,0.7665478024456547,-0.0019283035331885134,-0.0016821371246961148,-0.0002461664084923987
12,0.75,2.0,test,proxy_0.25,2.0,,0.8053464141759831,0.8058877801393743,-0.0005413659633912715,0.0004877484604619402,0.009650130206135697,2000,0.0010349548936223168,0.7747001849957182,True,0.05,80,paired cluster influence sandwich; asymptotic Bonferroni bounds,-0.001290872629897688,0.0007495066665064165,0.8046189978754015,-0.001392941628540867,-0.0011587833375358292,-0.0002341582910050377
12,0.75,2.0,test,proxy_0.25,8.0,,0.8053464141759831,0.8065392205130668,-0.0011928063370837405,0.00029082795207156835,0.009629719554472825,2000,-0.00025289938951740553,0.775417589157161,True,0.05,80,paired cluster influence sandwich; asymptotic Bonferroni bounds,-0.001290872629897688,9.806629281394752e-05,0.8054335473242263,-0.001338905099847354,-0.0011587833375358292,-0.00018012176231152477
12,0.75,5.0,test,source,2.0,,0.8952201688341318,0.8910753669480569,0.004144801886074911,0.0009340649339528916,0.007184247567521806,2000,0.007163542397937287,0.8678570890842819,True,0.05,80,paired cluster influence sandwich; asymptotic Bonferroni bounds,-1.1102230246251565e-16,0.004144801886075022,0.8829955231109311,0.0,0.0,0.0
12,0.75,5.0,test,source,8.0,,0.8952201688341318,0.894185469377299,0.001034699456832766,0.00034081259619479304,0.007031643654243209,2000,0.002136148353680126,0.8714603816532431,True,0.05,80,paired cluster influence sandwich; asymptotic Bonferroni bounds,-1.1102230246251565e-16,0.0010346994568328771,0.8877143196709932,0.0,0.0,0.0
12,0.75,5.0,test,proxy_0,2.0,,0.7678690794977404,0.7654304309713367,0.0024386485264037416,0.0012901157343280754,0.010550336050823991,2000,0.006608085243962452,0.7313335221883432,True,0.05,80,paired cluster influence sandwich; asymptotic Bonferroni bounds,-1.1102230246251565e-16,0.0024386485264038527,0.7609975367556807,-0.0017061533596711698,0.0,-0.0017061533596711698
12,0.75,5.0,test,proxy_0,8.0,,0.7678690794977404,0.7676799516473136,0.0001891278504267957,0.00045568062576054226,0.010480523796071638,2000,0.0016618108679048102,0.7338086643109508,True,0.05,80,paired cluster influence sandwich; asymptotic Bonferroni bounds,-1.1102230246251565e-16,0.00018912785042690672,0.7639450179918827,-0.0008455716064059704,0.0,-0.0008455716064059704
12,0.75,5.0,test,proxy_0.25,2.0,,0.8053464141759831,0.8020131608967662,0.0033332532792168523,0.00120028512537565,0.00976600522461903,2000,0.007212372601707149,0.7704510772139375,True,0.05,80,paired cluster influence sandwich; asymptotic Bonferroni bounds,1.1102230246251565e-16,0.0033332532792167413,0.8006246016256378,-0.0008115486068580591,2.220446049250313e-16,-0.0008115486068582811
12,0.75,5.0,test,proxy_0.25,8.0,,0.8053464141759831,0.8048310658004811,0.0005153483755019339,0.00042112877062325466,0.00967530763153273,2000,0.0018763656178592324,0.7735621014593874,True,0.05,80,paired cluster influence sandwich; asymptotic Bonferroni bounds,1.1102230246251565e-16,0.0005153483755018229,0.8035664140636402,-0.0005193510813308322,2.220446049250313e-16,-0.0005193510813310542
13,0.75,0.5,validation,source,2.0,1.9909995955023065,0.8999188901857125,0.8988247577956933,0.001094132390019209,0.0009649014145641629,0.006802861503137243,2000,0.004212531212434541,0.8768390554428576,True,0.05,80,paired cluster influence sandwich; asymptotic Bonferroni bounds,,,,,,
13,0.75,0.5,validation,proxy_0.5,2.0,1.9909995955023065,0.8430900138916809,0.8329057815995736,0.010184232292107298,0.0012980215185555565,0.008915319548843175,2000,0.014379219172463088,0.8040929707124359,True,0.05,80,paired cluster influence sandwich; asymptotic Bonferroni bounds,,,,,,
13,0.75,0.5,validation,generic_0.5,2.0,1.9909995955023065,0.8897076546262098,0.8892626007746938,0.0004450538515160529,0.0010116695022779774,0.0072085221619924015,2000,0.003714599254765501,0.8659658715109425,True,0.05,80,paired cluster influence sandwich; asymptotic Bonferroni bounds,,,,,,
13,0.75,0.5,validation,proxy_0.75,2.0,1.9909995955023065,0.8695132110985431,0.8639205343846604,0.005592676713882638,0.001106143396744664,0.00801103812064376,2000,0.009167545828764303,0.8380302087361859,True,0.05,80,paired cluster influence sandwich; asymptotic Bonferroni bounds,,,,,,
13,0.75,0.5,validation,generic_0.75,2.0,1.9909995955023065,0.8970195393642632,0.8961184303300699,0.0009011090341932704,0.0009861691977749514,0.006937609294668016,2000,0.004088241749127418,0.8736972458149219,True,0.05,80,paired cluster influence sandwich; asymptotic Bonferroni bounds,,,,,,
13,0.75,0.5,validation,source,8.0,7.998197999765249,0.8999188901857125,0.8988637625152643,0.0010551276704481305,0.0009697274403564646,0.0068048305492440205,2000,0.004189123395221053,0.8768716965371215,True,0.05,80,paired cluster influence sandwich; asymptotic Bonferroni bounds,,,,,,
13,0.75,0.5,validation,proxy_0.5,8.0,7.998197999765249,0.8430900138916809,0.8327597639314358,0.01033024996024512,0.001302334808962185,0.008918433393491718,2000,0.014539176668568559,0.8039368896229592,True,0.05,80,paired cluster influence sandwich; asymptotic Bonferroni bounds,,,,,,
13,0.75,0.5,validation,generic_0.5,8.0,7.998197999765249,0.8897076546262098,0.8893226080355724,0.00038504659063742785,0.001017716019869408,0.0072068493563745405,2000,0.0036741333201324674,0.8660312849977735,True,0.05,80,paired cluster influence sandwich; asymptotic Bonferroni bounds,,,,,,
13,0.75,0.5,validation,proxy_0.75,8.0,7.998197999765249,0.8695132110985431,0.8638485256716062,0.005664685426936877,0.0011110626649975578,0.008015234394944774,2000,0.009255452788100933,0.8379446383715047,True,0.05,80,paired cluster influence sandwich; asymptotic Bonferroni bounds,,,,,,
13,0.75,0.5,validation,generic_0.75,8.0,7.998197999765249,0.8970195393642632,0.8962474459409588,0.0007720934233043097,0.0009874204803029664,0.006933054843529948,2000,0.003963270072575142,0.873840980644636,True,0.05,80,paired cluster influence sandwich; asymptotic Bonferroni bounds,,,,,,
13,0.75,1.0,validation,source,2.0,1.9909995955023065,0.8999188901857125,0.8989367713493333,0.00098211883637922,0.0005707072356613179,0.0067714297989554225,2000,0.0028265484794158958,0.8770526509693579,True,0.05,80,paired cluster influence sandwich; asymptotic Bonferroni bounds,,,,,,
13,0.75,1.0,validation,proxy_0.5,2.0,1.9909995955023065,0.8430900138916809,0.84611638008199,-0.003026366190309049,0.0006916366900527525,0.00862181933820077,2000,-0.0007911129227263216,0.8182521124319448,True,0.05,80,paired cluster influence sandwich; asymptotic Bonferroni bounds,,,,,,
13,0.75,1.0,validation,generic_0.5,2.0,1.9909995955023065,0.8897076546262098,0.8886965322804059,0.0010111223458039165,0.0005734225715780979,0.007201870617404762,2000,0.0028643274970920475,0.8654212996882278,True,0.05,80,paired cluster influence sandwich; asymptotic Bonferroni bounds,,,,,,
13,0.75,1.0,validation,proxy_0.75,2.0,1.9909995955023065,0.8695132110985431,0.8707093558320557,-0.001196144733512594,0.0006210579429525064,0.007824742026042712,2000,0.0008110099132961437,0.8454211077774739,True,0.05,80,paired cluster influence sandwich; asymptotic Bonferroni bounds,,,,,,
13,0.75,1.0,validation,generic_0.75,2.0,1.9909995955023065,0.8970195393642632,0.8961294316612309,0.0008901077030322169,0.0005711528832369428,0.006909588658068524,2000,0.0027359776039585226,0.8737988051231532,True,0.05,80,paired cluster influence sandwich; asymptotic Bonferroni bounds,,,,,,
13,0.75,1.0,validation,source,8.0,7.998197999765249,0.8999188901857125,0.8992998152776485,0.0006190749080640101,0.0005174980770024544,0.006763181273492463,2000,0.0022915415140494257,0.8774423527424042,True,0.05,80,paired cluster influence sandwich; asymptotic Bonferroni bounds,,,,,,
13,0.75,1.0,validation,proxy_0.5,8.0,7.998197999765249,0.8430900138916809,0.8463644100936213,-0.003274396201940366,0.0006416296991447611,0.00861648791839568,2000,-0.0012007571046824404,0.8185173726942433,True,0.05,80,paired cluster influence sandwich; asymptotic Bonferroni bounds,,,,,,
13,0.75,1.0,validation,generic_0.5,8.0,7.998197999765249,0.8897076546262098,0.888975065982984,0.0007325886432257844,0.0005176543751414771,0.007194169553391189,2000,0.0024055603784661865,0.8657247219323593,True,0.05,80,paired cluster influence sandwich; asymptotic Bonferroni bounds,,,,,,
13,0.75,1.0,validation,proxy_0.75,8.0,7.998197999765249,0.8695132110985431,0.8709933902002143,-0.0014801791016711974,0.0005693603084970951,0.007819462343346932,2000,0.00035989749967708104,0.8457222051906781,True,0.05,80,paired cluster influence sandwich; asymptotic Bonferroni bounds,,,,,,
13,0.75,1.0,validation,generic_0.75,8.0,7.998197999765249,0.8970195393642632,0.8964714730482389,0.0005480663160242205,0.0005164040613981561,0.006899751562717015,2000,0.0022169972478768662,0.8741726383451581,True,0.05,80,paired cluster influence sandwich; asymptotic Bonferroni bounds,,,,,,
13,0.75,2.0,validation,source,2.0,1.9909995955023065,0.8999188901857125,0.8990167810305046,0.0009021091552078309,0.00041701991494263904,0.006777748480652978,2000,0.0022498472681924215,0.877112239735742,True,0.05,80,paired cluster influence sandwich; asymptotic Bonferroni bounds,,,,,,
13,0.75,2.0,validation,proxy_0.5,2.0,1.9909995955023065,0.8430900138916809,0.8434400562468058,-0.0003500423551249243,0.000498177766521444,0.00868483873575138,2000,0.0012599842621286944,0.8153721205202662,True,0.05,80,paired cluster influence sandwich; asymptotic Bonferroni bounds,,,,,,
13,0.75,2.0,validation,generic_0.5,2.0,1.9909995955023065,0.8897076546262098,0.8889365613239203,0.0007710933022895272,0.0004471837734237947,0.007198996026825465,2000,0.0022163159244139724,0.8656706189242345,True,0.05,80,paired cluster influence sandwich; asymptotic Bonferroni bounds,,,,,,
13,0.75,2.0,validation,proxy_0.75,2.0,1.9909995955023065,0.8695132110985431,0.8693751943985223,0.00013801670002078215,0.00045498734412883986,0.00786711742991136,2000,0.0016084591480569129,0.8439499961772926,True,0.05,80,paired cluster influence sandwich; asymptotic Bonferroni bounds,,,,,,
13,0.75,2.0,validation,generic_0.75,2.0,1.9909995955023065,0.8970195393642632,0.896242945396393,0.0007765939678701095,0.0004401967775919685,0.0069133357230265775,2000,0.002199235796511078,0.8739002089756098,True,0.05,80,paired cluster influence sandwich; asymptotic Bonferroni bounds,,,,,,
13,0.75,2.0,validation,source,8.0,7.998197999765249,0.8999188901857125,0.8996528579958175,0.00026603218989496025,0.0002632943216364081,0.006760134302079444,2000,0.0011169550822719833,0.8778052427588806,True,0.05,80,paired cluster influence sandwich; asymptotic Bonferroni bounds,,,,,,
13,0.75,2.0,validation,proxy_0.5,8.0,7.998197999765249,0.8430900138916809,0.843843105015707,-0.0007530911240261062,0.0003204278623345089,0.00867423916755405,2000,0.00028247774704279324,0.8158094253079541,True,0.05,80,paired cluster influence sandwich; asymptotic Bonferroni bounds,,,,,,
13,0.75,2.0,validation,generic_0.5,8.0,7.998197999765249,0.8897076546262098,0.8894956289711055,0.00021202565510436422,0.0002699521510705826,0.007184170126592858,2000,0.0010844655306197627,0.8662776013833671,True,0.05,80,paired cluster influence sandwich; asymptotic Bonferroni bounds,,,,,,
13,0.75,2.0,validation,proxy_0.75,8.0,7.998197999765249,0.8695132110985431,0.8698402506703312,-0.0003270395717881458,0.00028949315884757565,0.007854978593784303,2000,0.0006085535489405044,0.8444542831225287,True,0.05,80,paired cluster influence sandwich; asymptotic Bonferroni bounds,,,,,,
13,0.75,2.0,validation,generic_0.75,8.0,7.998197999765249,0.8970195393642632,0.8968105140722028,0.0002090252920603497,0.0002774522228257499,0.006896350312209047,2000,0.0011057041360095425,0.8745226716377815,True,0.05,80,paired cluster influence sandwich; asymptotic Bonferroni bounds,,,,,,
13,0.75,5.0,validation,source,2.0,1.9909995955023065,0.8999188901857125,0.8955633631669432,0.00435552701876929,0.0008460640663003015,0.006922508522577727,2000,0.0070898635512019964,0.873190981803281,True,0.05,80,paired cluster influence sandwich; asymptotic Bonferroni bounds,,,,,,
13,0.75,5.0,validation,proxy_0.5,2.0,1.9909995955023065,0.8430900138916809,0.8418838679480218,0.0012061459436590871,0.0009819898975435848,0.008746912063697323,2000,0.0043797718642997465,0.8136153216825729,True,0.05,80,paired cluster influence sandwich; asymptotic Bonferroni bounds,,,,,,
13,0.75,5.0,validation,generic_0.5,2.0,1.9909995955023065,0.8897076546262098,0.8866842887989447,0.0030233658272651454,0.0009274388602657044,0.0072720140256932134,2000,0.006020691985213764,0.8631823645276941,True,0.05,80,paired cluster influence sandwich; asymptotic Bonferroni bounds,,,,,,
13,0.75,5.0,validation,proxy_0.75,2.0,1.9909995955023065,0.8695132110985431,0.8665988584618739,0.0029143526366691708,0.0009167402167533591,0.007980220818124283,2000,0.005877102581103366,0.8408081291435905,True,0.05,80,paired cluster influence sandwich; asymptotic Bonferroni bounds,,,,,,
13,0.75,5.0,validation,generic_0.75,2.0,1.9909995955023065,0.8970195393642632,0.8933360936673338,0.003683445696929355,0.000894687417975481,0.007021985011555203,2000,0.0065749247107773825,0.8706422210493289,True,0.05,80,paired cluster influence sandwich; asymptotic Bonferroni bounds,,,,,,
13,0.75,5.0,validation,source,8.0,7.998197999765249,0.8999188901857125,0.8990877896225443,0.0008311005631681523,0.0003277871566285203,0.006783753240693539,2000,0.001890453433632077,0.8771638419549059,True,0.05,80,paired cluster influence sandwich; asymptotic Bonferroni bounds,,,,,,
13,0.75,5.0,validation,proxy_0.5,8.0,7.998197999765249,0.8430900138916809,0.8431840252670574,-9.40113753764571e-05,0.0004007061811883243,0.008690930095000663,2000,0.0012010034983623594,0.815096403293588,True,0.05,80,paired cluster influence sandwich; asymptotic Bonferroni bounds,,,,,,
13,0.75,5.0,validation,generic_0.5,8.0,7.998197999765249,0.8897076546262098,0.888900556967393,0.0008070976588168133,0.00035277992023820715,0.00720878024679169,2000,0.001947222930930243,0.865602993617048,True,0.05,80,paired cluster influence sandwich; asymptotic Bonferroni bounds,,,,,,
13,0.75,5.0,validation,proxy_0.75,8.0,7.998197999765249,0.8695132110985431,0.8692141749151648,0.0002990361833782318,0.00036281790617066577,0.00787823840310223,2000,0.001471602535003748,0.8437530355820464,True,0.05,80,paired cluster influence sandwich; asymptotic Bonferroni bounds,,,,,,
13,0.75,5.0,validation,generic_0.75,8.0,7.998197999765249,0.8970195393642632,0.896244445577915,0.0007750937863481022,0.0003486786459269637,0.006919833418416298,2000,0.0019019644307974606,0.8738807097002487,True,0.05,80,paired cluster influence sandwich; asymptotic Bonferroni bounds,,,,,,
13,0.75,0.5,test,source,2.0,,0.8930519257754561,0.891955740520148,0.0010961852553080798,0.0010127479751129093,0.007067644248254117,2000,0.004369216101078075,0.8691143049409896,True,0.05,80,paired cluster influence sandwich; asymptotic Bonferroni bounds,0.0009021524637664591,0.00019403279154162067,0.892162107480908,0.0,0.0,0.0
13,0.75,0.5,test,source,8.0,,0.8930519257754561,0.8921327704382039,0.0009191553372521755,0.0010143513270320533,0.007058620055329973,2000,0.004197367946320585,0.8693204995303406,True,0.05,80,paired cluster influence sandwich; asymptotic Bonferroni bounds,0.0009021524637664591,1.7002873485716385e-05,0.8924878463358134,0.0,0.0,0.0
13,0.75,0.5,test,proxy_0,2.0,,0.7774643914821605,0.7572629774431878,0.020201414038972687,0.0017422918514425564,0.0106083377953389,2000,0.02583220779244273,0.7229786167930262,True,0.05,80,paired cluster influence sandwich; asymptotic Bonferroni bounds,0.02083352086502621,-0.0006321068260535245,0.7546632931715446,0.019105228783664607,0.019931368401259753,-0.0008261396175951452
13,0.75,0.5,test,proxy_0,8.0,,0.7774643914821605,0.7568129013803333,0.020651490101827208,0.0017630110972852249,0.010613368103849805,2000,0.026349244967450135,0.7225122836204815,True,0.05,80,paired cluster influence sandwich; asymptotic Bonferroni bounds,0.02083352086502621,-0.0001820307631990037,0.7543273322922543,0.019732334764575032,0.019931368401259753,-0.00019903363668472007
13,0.75,0.5,test,proxy_0.25,2.0,,0.8079945510791323,0.7934170874877854,0.014577463591346929,0.0015071456447625256,0.009824180743481214,2000,0.019448304418084393,0.7616669903283724,True,0.05,80,paired cluster influence sandwich; asymptotic Bonferroni bounds,0.015061545401172771,-0.0004840818098258426,0.7915588153637363,0.013481278336038849,0.014159392937406312,-0.0006781146013674633
13,0.75,0.5,test,proxy_0.25,8.0,,0.8079945510791323,0.793084031201273,0.014910519877859296,0.0015254479665029414,0.00982845325433417,2000,0.01984051072521162,0.7613201260065401,True,0.05,80,paired cluster influence sandwich; asymptotic Bonferroni bounds,0.015061545401172771,-0.00015102552331347496,0.7913875009258924,0.01399136454060712,0.014159392937406312,-0.00016802839679919135
13,0.75,1.0,test,source,2.0,,0.8930519257754561,0.8925148350071161,0.000537090768339965,0.0005778883566862536,0.007021616609114372,2000,0.002404728584781482,0.8698221530037381,True,0.05,80,paired cluster influence sandwich; asymptotic Bonferroni bounds,9.501605771378152e-05,0.00044207471062618353,0.8916231246543197,0.0,0.0,0.0
13,0.75,1.0,test,source,8.0,,0.8930519257754561,0.8927818801377432,0.00027004563771293455,0.0005296897569593708,0.007012543666971009,2000,0.001981913699481359,0.8701185203549243,True,0.05,80,paired cluster influence sandwich; asymptotic Bonferroni bounds,9.501605771378152e-05,0.00017502957999915303,0.8917319800698867,0.0,0.0,0.0
13,0.75,1.0,test,proxy_0,2.0,,0.7774643914821605,0.7867229561795944,-0.009258564697433913,0.0009004844718153253,0.010111723025117106,2000,-0.006348350582160198,0.7540435708059519,True,0.05,80,paired cluster influence sandwich; asymptotic Bonferroni bounds,-0.00890050418520727,-0.00035806051222664337,0.7777948066239152,-0.009795655465773878,-0.008995520242921051,-0.0008001352228528269
13,0.75,1.0,test,proxy_0,8.0,,0.7774643914821605,0.7865069196694241,-0.009042528187263588,0.0008438089428311238,0.010112366426544778,2000,-0.006315479833980107,0.7538254549307561,True,0.05,80,paired cluster influence sandwich; asymptotic Bonferroni bounds,-0.00890050418520727,-0.00014202400205631793,0.7774964542138225,-0.009312573824976522,-0.008995520242921051,-0.00031705358205547096
13,0.75,1.0,test,proxy_0.25,2.0,,0.8079945510791323,0.81455165923041,-0.006557108151277635,0.0007921470295194036,0.009403232164600865,2000,-0.003997022398735868,0.7841619969639967,True,0.05,80,paired cluster influence sandwich; asymptotic Bonferroni bounds,-0.006376077557107118,-0.00018103059417051703,0.808848174000312,-0.0070941989196176,-0.0064710936148209,-0.0006231053047967006
13,0.75,1.0,test,proxy_0.25,8.0,,0.8079945510791323,0.8144456413133819,-0.006451090234249612,0.0007381242400200938,0.009402747414001747,2000,-0.004065597036569352,0.7840575456792429,True,0.05,80,paired cluster influence sandwich; asymptotic Bonferroni bounds,-0.006376077557107118,-7.501267714249416e-05,0.8086424976369849,-0.006721135871962547,-0.0064710936148209,-0.0002500422571416472
13,0.75,2.0,test,source,2.0,,0.8930519257754561,0.8924548248654023,0.0005971009100538271,0.00042137135229685383,0.0070375599434834915,2000,0.0019589021355143456,0.8697106166911931,True,0.05,80,paired cluster influence sandwich; asymptotic Bonferroni bounds,-0.00014402434011340226,0.0007411252501672294,0.8918776635260661,0.0,0.0,0.0
13,0.75,2.0,test,source,8.0,,0.8930519257754561,0.8929969164788849,5.500929657120679e-05,0.0002695864199294753,0.0070162556557596895,2000,0.0009262671906504347,0.8703215601736309,True,0.05,80,paired cluster influence sandwich; asymptotic Bonferroni bounds,-0.00014402434011340226,0.00019903363668460905,0.8923610991931853,0.0,0.0,0.0
13,0.75,2.0,test,proxy_0,2.0,,0.7774643914821605,0.7801628475212311,-0.002698456039070596,0.0005892419038642691,0.010242926532297464,2000,-0.0007941254707937502,0.7470594345152186,True,0.05,80,paired cluster influence sandwich; asymptotic Bonferroni bounds,-0.002537428825471477,-0.00016102721359911865,0.7715160643270867,-0.003295556949124423,-0.002393404485358075,-0.0009021524637663481
13,0.75,2.0,test,proxy_0,8.0,,0.7774643914821605,0.7801888519159738,-0.002724460433813247,0.000379433469494779,0.01023210848674628,2000,-0.0014981953806192543,0.7471204010107505,True,0.05,80,paired cluster influence sandwich; asymptotic Bonferroni bounds,-0.002537428825471477,-0.00018703160834177002,0.7719728813579019,-0.002779469730384454,-0.002393404485358075,-0.00038606524502637907
13,0.75,2.0,test,proxy_0.25,2.0,,0.8079945510791323,0.8098458639510078,-0.0018513128718754546,0.0005324696956932581,0.009513964621505848,2000,-0.00013046051643381888,0.7790983330381156,True,0.05,80,paired cluster influence sandwich; asymptotic Bonferroni bounds,-0.0018433115196470062,-8.001352228448333e-06,0.8046925229139208,-0.0024484137819292817,-0.001699287179533604,-0.0007491266023956777
13,0.75,2.0,test,proxy_0.25,8.0,,0.8079945510791323,0.8099698849105498,-0.0019753338314174584,0.0003441317327759656,0.00950248512874102,2000,-0.0008631580442889403,0.7792594537844124,True,0.05,80,paired cluster influence sandwich; asymptotic Bonferroni bounds,-0.0018433115196470062,-0.0001320223117704522,0.8050866197590724,-0.0020303431279886652,-0.001699287179533604,-0.00033105594845506126
13,0.75,5.0,test,source,2.0,,0.8930519257754561,0.8904374839347851,0.0026144418406710557,0.0009384474076285455,0.007111125337211106,2000,0.005647345769171802,0.8674555248010394,True,0.05,80,paired cluster influence sandwich; asymptotic Bonferroni bounds,1.1102230246251565e-16,0.0026144418406709447,0.8885796541173511,0.0,0.0,0.0
13,0.75,5.0,test,source,8.0,,0.8930519257754561,0.892413817935231,0.0006381078402251106,0.0003364232414355762,0.007043025888580654,2000,0.0017253710819312273,0.8696519447472731,True,0.05,80,paired cluster influence sandwich; asymptotic Bonferroni bounds,1.1102230246251565e-16,0.0006381078402249996,0.8920580335793409,0.0,0.0,0.0
13,0.75,5.0,test,proxy_0,2.0,,0.7774643914821605,0.7824972420339037,-0.005032850551743184,0.0012771091787427637,0.01024283178724951,2000,-0.0009054488307226804,0.7493941352279252,True,0.05,80,paired cluster influence sandwich; asymptotic Bonferroni bounds,1.1102230246251565e-16,-0.005032850551743295,0.7695060343715604,-0.00764729239241424,0.0,-0.00764729239241424
13,0.75,5.0,test,proxy_0,8.0,,0.7774643914821605,0.7791096695341513,-0.0016452780519907728,0.000478241207871359,0.010264826941925088,2000,-9.9683033736852e-05,0.7459354780936144,True,0.05,80,paired cluster influence sandwich; asymptotic Bonferroni bounds,1.1102230246251565e-16,-0.0016452780519908838,0.7703856940718172,-0.0022833858922158834,0.0,-0.0022833858922158834
13,0.75,5.0,test,proxy_0.25,2.0,,0.8079945510791323,0.8109070432903162,-0.002912492211183837,0.0011723545256162632,0.009527281962817234,2000,0.0008763601181355904,0.7801164729737748,True,0.05,80,paired cluster influence sandwich; asymptotic Bonferroni bounds,0.0,-0.002912492211183837,0.8019528287368893,-0.005526934051854893,-1.1102230246251565e-16,-0.005526934051854782
13,0.75,5.0,test,proxy_0.25,8.0,,0.8079945510791323,0.8090047217979838,-0.0010101707188514553,0.0004331912657165099,0.009535353525806655,2000,0.0003898304755722711,0.7781880655496142,True,0.05,80,paired cluster influence sandwich; asymptotic Bonferroni bounds,0.0,-0.0010101707188514553,0.8042137113712806,-0.0016482785590765658,-1.1102230246251565e-16,-0.0016482785590764548
14,0.75,0.5,validation,source,2.0,1.9909995955023065,0.8962281630359777,0.8803159605760362,0.015912202459941516,0.0028708928079919874,0.007457844911959315,2000,0.025190444378331345,0.8562134621858615,True,0.05,80,paired cluster influence sandwich; asymptotic Bonferroni bounds,,,,,,
14,0.75,0.5,validation,proxy_0.5,2.0,1.9909995955023065,0.8410722709240755,0.7964383827802086,0.04463388814386693,0.004152194699980285,0.009682877786126238,2000,0.05805308192617295,0.7651449529747538,True,0.05,80,paired cluster influence sandwich; asymptotic Bonferroni bounds,,,,,,
14,0.75,0.5,validation,generic_0.5,2.0,1.9909995955023065,0.8886796817960118,0.8754816075250454,0.013198074270966309,0.0028645874501745093,0.007665421553748806,2000,0.022455938335104765,0.8507082563974336,True,0.05,80,paired cluster influence sandwich; asymptotic Bonferroni bounds,,,,,,
14,0.75,0.5,validation,proxy_0.75,2.0,1.9909995955023065,0.8688234805138616,0.8382009035743366,0.03062257693952497,0.0035506735760312868,0.008670966760757239,2000,0.04209775578282525,0.810177799734074,True,0.05,80,paired cluster influence sandwich; asymptotic Bonferroni bounds,,,,,,
14,0.75,0.5,validation,generic_0.75,2.0,1.9909995955023065,0.8942721879979451,0.8790400198702226,0.015232168127722434,0.0028938288453510207,0.007523082058911056,2000,0.02458453545500037,0.8547266860110959,True,0.05,80,paired cluster influence sandwich; asymptotic Bonferroni bounds,,,,,,
14,0.75,0.5,validation,source,8.0,7.998197999765249,0.8962281630359777,0.8808497725039786,0.015378390531999186,0.002852673540727711,0.007433665318626092,2000,0.02459775084784949,0.8568254184861083,True,0.05,80,paired cluster influence sandwich; asymptotic Bonferroni bounds,,,,,,
14,0.75,0.5,validation,proxy_0.5,8.0,7.998197999765249,0.8410722709240755,0.7972260808690018,0.04384619005507373,0.004127580819360412,0.009660757765477732,2000,0.057185835921725846,0.7660041392438948,True,0.05,80,paired cluster influence sandwich; asymptotic Bonferroni bounds,,,,,,
14,0.75,0.5,validation,generic_0.5,8.0,7.998197999765249,0.8886796817960118,0.8758732031419789,0.012806478654032838,0.0028411030824456516,0.007652720939970775,2000,0.021988445197900875,0.8511408982585238,True,0.05,80,paired cluster influence sandwich; asymptotic Bonferroni bounds,,,,,,
14,0.75,0.5,validation,proxy_0.75,8.0,7.998197999765249,0.8688234805138616,0.8388473868754375,0.02997609363842413,0.003531264347042975,0.008648268834389378,2000,0.04138854512335643,0.8108976389094522,True,0.05,80,paired cluster influence sandwich; asymptotic Bonferroni bounds,,,,,,
14,0.75,0.5,validation,generic_0.75,8.0,7.998197999765249,0.8942721879979451,0.8795032244043189,0.014768963593626117,0.0028762411009806373,0.007505538341695955,2000,0.02406449029396983,0.8552465888837775,True,0.05,80,paired cluster influence sandwich; asymptotic Bonferroni bounds,,,,,,
14,0.75,1.0,validation,source,2.0,1.9909995955023065,0.8962281630359777,0.895076411221468,0.0011517518145097716,0.0004429346766112734,0.007060724570292052,2000,0.0025832420715485253,0.8722573388757785,True,0.05,80,paired cluster influence sandwich; asymptotic Bonferroni bounds,,,,,,
14,0.75,1.0,validation,proxy_0.5,2.0,1.9909995955023065,0.8410722709240755,0.8409901460120844,8.21249119911105e-05,0.0005307685815558384,0.008741022038742984,2000,0.0017974795531141075,0.812740635315041,True,0.05,80,paired cluster influence sandwich; asymptotic Bonferroni bounds,,,,,,
14,0.75,1.0,validation,generic_0.5,2.0,1.9909995955023065,0.8886796817960118,0.8876721493391447,0.0010075324568670219,0.00048274360064625793,0.007343258038676879,2000,0.002567678450086233,0.8639399764198572,True,0.05,80,paired cluster influence sandwich; asymptotic Bonferroni bounds,,,,,,
14,0.75,1.0,validation,proxy_0.75,2.0,1.9909995955023065,0.8688234805138616,0.8682906701092362,0.0005328104046253834,0.00048617423819523494,0.00796131770527364,2000,0.0021040436404699938,0.8425610324672254,True,0.05,80,paired cluster influence sandwich; asymptotic Bonferroni bounds,,,,,,
14,0.75,1.0,validation,generic_0.75,2.0,1.9909995955023065,0.8942721879979451,0.893205565665377,0.0010666223325680457,0.0004387896079338372,0.007153504388389991,2000,0.00248471642592889,0.8700866445774912,True,0.05,80,paired cluster influence sandwich; asymptotic Bonferroni bounds,,,,,,
14,0.75,1.0,validation,source,8.0,7.998197999765249,0.8962281630359777,0.8957474318438344,0.0004807311921433133,0.00038133582007462556,0.007026045906244028,2000,0.0017131443219371256,0.8730404350983026,True,0.05,80,paired cluster influence sandwich; asymptotic Bonferroni bounds,,,,,,
14,0.75,1.0,validation,proxy_0.5,8.0,7.998197999765249,0.8410722709240755,0.8418714865310137,-0.0007992156069381862,0.00045935283044734696,0.008709950937888651,2000,0.000685335357459745,0.8137223923976242,True,0.05,80,paired cluster influence sandwich; asymptotic Bonferroni bounds,,,,,,
14,0.75,1.0,validation,generic_0.5,8.0,7.998197999765249,0.8886796817960118,0.8882485260080583,0.00043115578795349663,0.0004059709455677562,0.007318952419182647,2000,0.0017431854932526236,0.8645949047563969,True,0.05,80,paired cluster influence sandwich; asymptotic Bonferroni bounds,,,,,,
14,0.75,1.0,validation,proxy_0.75,8.0,7.998197999765249,0.8688234805138616,0.869009763850817,-0.0001862833369553618,0.0004208555339964422,0.00793034783771684,2000,0.0011738508506541337,0.8433802156034963,True,0.05,80,paired cluster influence sandwich; asymptotic Bonferroni bounds,,,,,,
14,0.75,1.0,validation,generic_0.75,8.0,7.998197999765249,0.8942721879979451,0.8938129895571165,0.00045919844082853434,0.0003764916144907243,0.007123611583859239,2000,0.0016759559142409135,0.8707906769776652,True,0.05,80,paired cluster influence sandwich; asymptotic Bonferroni bounds,,,,,,
14,0.75,2.0,validation,source,2.0,1.9909995955023065,0.8962281630359777,0.8947474108118448,0.0014807522241329085,0.00040696302407368357,0.0070725065837198885,2000,0.002795988160035423,0.871890260983581,True,0.05,80,paired cluster influence sandwich; asymptotic Bonferroni bounds,,,,,,
14,0.75,2.0,validation,proxy_0.5,2.0,1.9909995955023065,0.8410722709240755,0.8411198432816314,-4.7572357555814015e-05,0.00046891251743250454,0.008738922728724827,2000,0.0014678739047318398,0.8128771172009123,True,0.05,80,paired cluster influence sandwich; asymptotic Bonferroni bounds,,,,,,
14,0.75,2.0,validation,generic_0.5,2.0,1.9909995955023065,0.8886796817960118,0.8872725415356758,0.0014071402603359484,0.00043360021167252637,0.007352336671674288,2000,0.0028084630991975675,0.8635110280039475,True,0.05,80,paired cluster influence sandwich; asymptotic Bonferroni bounds,,,,,,
14,0.75,2.0,validation,proxy_0.75,2.0,1.9909995955023065,0.8688234805138616,0.868165980456274,0.0006575000575875789,0.000435725771510479,0.007966045142900658,2000,0.002065692347768884,0.8424210645322473,True,0.05,80,paired cluster influence sandwich; asymptotic Bonferroni bounds,,,,,,
14,0.75,2.0,validation,generic_0.75,2.0,1.9909995955023065,0.8942721879979451,0.8929992518620823,0.0012729361358627678,0.00040934590011811435,0.007156779670647033,2000,0.0025958731257162406,0.8698697456137031,True,0.05,80,paired cluster influence sandwich; asymptotic Bonferroni bounds,,,,,,
14,0.75,2.0,validation,source,8.0,7.998197999765249,0.8962281630359777,0.8959076755745489,0.0003204874614288755,0.00021422713658895607,0.007011588935526086,2000,0.0010128334777005574,0.8732474013229238,True,0.05,80,paired cluster influence sandwich; asymptotic Bonferroni bounds,,,,,,
14,0.75,2.0,validation,proxy_0.5,8.0,7.998197999765249,0.8410722709240755,0.8421839618059068,-0.0011116908818312732,0.0002703119957429103,0.008694780880259769,2000,-0.0002380880489551519,0.814083894743192,True,0.05,80,paired cluster influence sandwich; asymptotic Bonferroni bounds,,,,,,
14,0.75,2.0,validation,generic_0.5,8.0,7.998197999765249,0.8886796817960118,0.8883902415574089,0.00028944023860288937,0.0002204373661079074,0.007304219463529571,2000,0.001001856670490631,0.8647842347364715,True,0.05,80,paired cluster influence sandwich; asymptotic Bonferroni bounds,,,,,,
14,0.75,2.0,validation,proxy_0.75,8.0,7.998197999765249,0.8688234805138616,0.8692831797163486,-0.00045969920248700724,0.0002438161749109451,0.007913871696959795,2000,0.00032827360100559557,0.8437068795803471,True,0.05,80,paired cluster influence sandwich; asymptotic Bonferroni bounds,,,,,,
14,0.75,2.0,validation,generic_0.75,8.0,7.998197999765249,0.8942721879979451,0.8939877553759269,0.00028443262201816033,0.00020776711706199012,0.007110657256267543,2000,0.0009559009434480641,0.8710073090009369,True,0.05,80,paired cluster influence sandwich; asymptotic Bonferroni bounds,,,,,,
14,0.75,5.0,validation,source,2.0,1.9909995955023065,0.8962281630359777,0.892171993602269,0.0040561694337087895,0.0011077158842156436,0.007194849636080064,2000,0.007636120563191894,0.868919451638962,True,0.05,80,paired cluster influence sandwich; asymptotic Bonferroni bounds,,,,,,
14,0.75,5.0,validation,proxy_0.5,2.0,1.9909995955023065,0.8410722709240755,0.836870880609407,0.004201390314668596,0.001240915248659507,0.008869356991329501,2000,0.00821181935097064,0.8082066129651979,True,0.05,80,paired cluster influence sandwich; asymptotic Bonferroni bounds,,,,,,
14,0.75,5.0,validation,generic_0.5,2.0,1.9909995955023065,0.8886796817960118,0.8841998679992269,0.0044798137967848595,0.0012156035151693941,0.007474271591530513,2000,0.008408439574518242,0.8600442813479533,True,0.05,80,paired cluster influence sandwich; asymptotic Bonferroni bounds,,,,,,
14,0.75,5.0,validation,proxy_0.75,2.0,1.9909995955023065,0.8688234805138616,0.8643837276497552,0.004439752864106361,0.001174159720122748,0.008108363575577902,2000,0.008234439277963633,0.838178862526598,True,0.05,80,paired cluster influence sandwich; asymptotic Bonferroni bounds,,,,,,
14,0.75,5.0,validation,generic_0.75,2.0,1.9909995955023065,0.8942721879979451,0.8905194801292767,0.0037527078686683257,0.001161092216015566,0.00725885516921108,2000,0.00750516231063223,0.8670600830654059,True,0.05,80,paired cluster influence sandwich; asymptotic Bonferroni bounds,,,,,,
14,0.75,5.0,validation,source,8.0,7.998197999765249,0.8962281630359777,0.8947949831694008,0.0014331798665769835,0.0003799222835487781,0.007074988238259993,2000,0.0026610246844467897,0.8719298130517285,True,0.05,80,paired cluster influence sandwich; asymptotic Bonferroni bounds,,,,,,
14,0.75,5.0,validation,proxy_0.5,8.0,7.998197999765249,0.8410722709240755,0.8397512616689986,0.0013210092550769437,0.0004252965448963417,0.0087746755008842,2000,0.0026954960417722596,0.8113929886516525,True,0.05,80,paired cluster influence sandwich; asymptotic Bonferroni bounds,,,,,,
14,0.75,5.0,validation,generic_0.5,8.0,7.998197999765249,0.8886796817960118,0.8873015857118678,0.001378096084143965,0.00041349052656961796,0.007353636301643699,2000,0.0027144278084756312,0.8635358719950169,True,0.05,80,paired cluster influence sandwich; asymptotic Bonferroni bounds,,,,,,
14,0.75,5.0,validation,proxy_0.75,8.0,7.998197999765249,0.8688234805138616,0.8675004682121508,0.0013230123017108353,0.0003989885321656714,0.007987761906827217,2000,0.0026124760231674435,0.8416853673655682,True,0.05,80,paired cluster influence sandwich; asymptotic Bonferroni bounds,,,,,,
14,0.75,5.0,validation,generic_0.75,8.0,7.998197999765249,0.8942721879979451,0.8929712092092073,0.0013009787887378055,0.00038796211524444777,0.0071611432505898345,2000,0.0025548069882399397,0.8698276006055514,True,0.05,80,paired cluster influence sandwich; asymptotic Bonferroni bounds,,,,,,
14,0.75,0.5,test,source,2.0,,0.886242785665639,0.870671524393476,0.015571261272163017,0.003031450757736856,0.007749682783484364,2000,0.025368399436176,0.8456258551661945,True,0.05,80,paired cluster influence sandwich; asymptotic Bonferroni bounds,0.0148842056206554,0.0006870556515076176,0.8627840056085507,0.0,0.0,0.0
14,0.75,0.5,test,source,8.0,,0.886242785665639,0.8711275613324679,0.015115224333171029,0.003014004970309275,0.0077327863880708,2000,0.024855980651174545,0.8461364984087585,True,0.05,80,paired cluster influence sandwich; asymptotic Bonferroni bounds,0.0148842056206554,0.00023101871251562933,0.8631823434668331,0.0,0.0,0.0
14,0.75,0.5,test,proxy_0,2.0,,0.7541710878581166,0.6619856208352878,0.09218546702282882,0.005918124618038625,0.012012767473854375,2000,0.11131184880778539,0.6231623800575371,True,0.05,80,paired cluster influence sandwich; asymptotic Bonferroni bounds,0.09067834494594074,0.0015071220768880789,0.6772574597019643,0.0766142057506658,0.07579413932528534,0.0008200664253804613
14,0.75,0.5,test,proxy_0,8.0,,0.7541710878581166,0.6630127040290265,0.09115838382909014,0.0058865115519556605,0.011997966435553505,2000,0.11018259751007456,0.6242372977136481,True,0.05,80,paired cluster influence sandwich; asymptotic Bonferroni bounds,0.09067834494594074,0.0004800388831494029,0.6780280329861632,0.07604315949591911,0.07579413932528534,0.0002490201706337736
14,0.75,0.5,test,proxy_0.25,2.0,,0.7922841750181764,0.7211104099432054,0.07117376507497097,0.00523300573433912,0.011157961531937243,2000,0.08808595804447424,0.6850497579672051,True,0.05,80,paired cluster influence sandwich; asymptotic Bonferroni bounds,0.06987165960442787,0.0013021054705431023,0.7292595173473482,0.05560250380280796,0.05498745398377247,0.0006150498190354847
14,0.75,0.5,test,proxy_0.25,8.0,,0.7922841750181764,0.721996481715019,0.07028769330315743,0.005205251479018975,0.011141238409661495,2000,0.08711018919501007,0.6859898760529992,True,0.05,80,paired cluster influence sandwich; asymptotic Bonferroni bounds,0.06987165960442787,0.00041603369872955653,0.7300343151230935,0.0551724689699864,0.05498745398377247,0.0001850149862139272
14,0.75,1.0,test,source,2.0,,0.886242785665639,0.8842206218703714,0.0020221637952675398,0.0005020689395019679,0.007369275863682149,2000,0.0036447660280784855,0.860404363723688,True,0.05,80,paired cluster influence sandwich; asymptotic Bonferroni bounds,0.0012320998000837635,0.0007900639951837762,0.8756824200971539,0.0,0.0,0.0
14,0.75,1.0,test,source,8.0,,0.886242785665639,0.8847216624546589,0.0015211232109800799,0.00043646860221164093,0.007348408487554705,2000,0.0029317162048486146,0.8609728441522544,True,0.05,80,paired cluster influence sandwich; asymptotic Bonferroni bounds,0.0012320998000837635,0.00028902341089631634,0.8762375781899908,0.0,0.0,0.0
14,0.75,1.0,test,proxy_0,2.0,,0.7541710878581166,0.7547781370290993,-0.0006070491709827541,0.0006607102180494982,0.010792574152895926,2000,0.0015282549490282797,0.7198983555081834,True,0.05,80,paired cluster influence sandwich; asymptotic Bonferroni bounds,-0.0018411491330796448,0.0012340999620968907,0.7418804041865993,-0.002629212966250294,-0.0030732489331634083,0.0004440359669131144
14,0.75,1.0,test,proxy_0,8.0,,0.7541710878581166,0.7556482075048079,-0.0014771196466912828,0.0005844045265284303,0.010775419161197139,2000,0.0004115773329515652,0.720823868027094,True,0.05,80,paired cluster influence sandwich; asymptotic Bonferroni bounds,-0.0018411491330796448,0.00036402948638836197,0.7431947070000526,-0.0029982428576713627,-0.0030732489331634083,7.500607549204563e-05
14,0.75,1.0,test,proxy_0.25,2.0,,0.7922841750181764,0.7919101447217225,0.00037403029645388663,0.000623456100343705,0.01002108855361956,2000,0.0023889353839520065,0.7595236746914736,True,0.05,80,paired cluster influence sandwich; asymptotic Bonferroni bounds,-0.0008480686935643522,0.0012220989900182389,0.7826067553600586,-0.0016481334988136531,-0.0020801684936481157,0.0004320349948344626
14,0.75,1.0,test,proxy_0.25,8.0,,0.7922841750181764,0.7927742147113915,-0.0004900396932151496,0.0005463857306868036,0.009999009983546279,2000,0.0012757869429991639,0.7604590989002141,True,0.05,80,paired cluster influence sandwich; asymptotic Bonferroni bounds,-0.0008480686935643522,0.0003580290003492026,0.784076827628938,-0.0020111629041952295,-0.0020801684936481157,6.900558945288626e-05
14,0.75,2.0,test,source,2.0,,0.886242785665639,0.8849226787369777,0.0013201069286612466,0.0004228466236922597,0.007341628044585753,2000,0.0026866759827441893,0.8611957736840002,True,0.05,80,paired cluster influence sandwich; asymptotic Bonferroni bounds,-0.00013201069286594702,0.0014521176215271936,0.8770030830548781,0.0,0.0,0.0
14,0.75,2.0,test,source,8.0,,0.886242785665639,0.8858927573133423,0.00035002835229669405,0.00023476682423906412,0.007302595980453598,2000,0.0011087551788916843,0.8622919973162109,True,0.05,80,paired cluster influence sandwich; asymptotic Bonferroni bounds,-0.00013201069286594702,0.00048203904516264107,0.8785243871230324,0.0,0.0,0.0
14,0.75,2.0,test,proxy_0,2.0,,0.7541710878581166,0.7566312871342579,-0.0024601992761412728,0.0005555592824046796,0.010769822040876408,2000,-0.0006647252661718778,0.7218250366065171,True,0.05,80,paired cluster influence sandwich; asymptotic Bonferroni bounds,-0.0035502875732932315,0.0010900882971519588,0.7418461925809372,-0.0037803062048025193,-0.0034182768804272845,-0.00036202932437523483
14,0.75,2.0,test,proxy_0,8.0,,0.7541710878581166,0.7573703469981068,-0.003199259139990196,0.00034836973274066845,0.010749289274782437,2000,-0.0020733868509187356,0.722630454911386,True,0.05,80,paired cluster influence sandwich; asymptotic Bonferroni bounds,-0.0035502875732932315,0.00035102843330303557,0.7445360407858852,-0.00354928749228689,-0.0034182768804272845,-0.0001310106118596055
14,0.75,2.0,test,proxy_0.25,2.0,,0.7922841750181764,0.7934632705249125,-0.0011790955067361164,0.0005247894683777324,0.01000047342726004,2000,0.0005169356478500562,0.7611434251101872,True,0.05,80,paired cluster influence sandwich; asymptotic Bonferroni bounds,-0.0026272128042372778,0.0014481172975011614,0.7820024304655646,-0.002499202435397363,-0.0024952021113713307,-4.0003240260322315e-06
14,0.75,2.0,test,proxy_0.25,8.0,,0.7922841750181764,0.794447350235369,-0.00216317521719267,0.00031531557832768006,0.009967249447575058,2000,-0.0011441283868070134,0.7622348791259995,True,0.05,80,paired cluster influence sandwich; asymptotic Bonferroni bounds,-0.0026272128042372778,0.00046403758704460785,0.7862403251341659,-0.002513203569489364,-0.0024952021113713307,-1.800145811803322e-05
14,0.75,5.0,test,source,2.0,,0.886242785665639,0.8823424697400489,0.0039003159255900366,0.0010929273460277074,0.007460532923969342,2000,0.007432472990960037,0.8582312841478863,True,0.05,80,paired cluster influence sandwich; asymptotic Bonferroni bounds,0.0,0.0039003159255900366,0.8720113851132919,0.0,0.0,0.0
14,0.75,5.0,test,source,8.0,,0.886242785665639,0.8849926844074371,0.0012501012582019078,0.0003789218724549332,0.007335869290455999,2000,0.002474712915947904,0.8612843906776743,True,0.05,80,paired cluster influence sandwich; asymptotic Bonferroni bounds,0.0,0.0012501012582019078,0.8771775925397717,0.0,0.0,0.0
14,0.75,5.0,test,proxy_0,2.0,,0.7541710878581166,0.7502837729856118,0.0038873148725048212,0.0014271061930702347,0.010880575524146473,2000,0.008499481674998317,0.7151195858577224,True,0.05,80,paired cluster influence sandwich; asymptotic Bonferroni bounds,0.0,0.0038873148725048212,0.7313553899031935,-1.3001053085215375e-05,0.0,-1.3001053085215375e-05
14,0.75,5.0,test,proxy_0,8.0,,0.7541710878581166,0.753253013494093,0.00091807436402358,0.00048450985467853963,0.010813578327434398,2000,0.0024839285927280106,0.718305350019479,True,0.05,80,paired cluster influence sandwich; asymptotic Bonferroni bounds,0.0,0.00091807436402358,0.7388751104973952,-0.00033202689417832776,0.0,-0.00033202689417832776
14,0.75,5.0,test,proxy_0.25,2.0,,0.7922841750181764,0.7875247895079501,0.004759385510226255,0.001365716938603035,0.010142837824308092,2000,0.009173152584053232,0.7547448463449911,True,0.05,80,paired cluster influence sandwich; asymptotic Bonferroni bounds,0.0,0.004759385510226255,0.7695912035217496,0.0008590695846362184,0.0,0.0008590695846362184
14,0.75,5.0,test,proxy_0.25,8.0,,0.7922841750181764,0.7910640761901714,0.0012200988280050007,0.00046276636567758124,0.010039225518285505,2000,0.0027156817632152494,0.758618990545516,True,0.05,80,paired cluster influence sandwich; asymptotic Bonferroni bounds,0.0,0.0012200988280050007,0.7792860969210926,-3.000243019690707e-05,0.0,-3.000243019690707e-05
10,0.9,0.5,validation,source,2.0,1.9909995955023065,0.9576932923707117,0.9564912154377879,0.0012020769329237346,0.0005130219034084067,0.004375255655562088,2000,0.0028600772999194295,0.9423511262243903,True,0.05,80,paired cluster influence sandwich; asymptotic Bonferroni bounds,,,,,,
10,0.9,0.5,validation,proxy_0.5,2.0,1.9909995955023065,0.8386366727470558,0.833225826452893,0.005410846294162774,0.0008949545632804024,0.008802075306672015,2000,0.008303188676632411,0.8047790018790735,True,0.05,80,paired cluster influence sandwich; asymptotic Bonferroni bounds,,,,,,
10,0.9,0.5,validation,generic_0.5,2.0,1.9909995955023065,0.9554701500896058,0.9550871255760367,0.00038302451356908573,0.0005306103992719173,0.004413380159180996,2000,0.0020978679361981925,0.9408238243894821,True,0.05,80,paired cluster influence sandwich; asymptotic Bonferroni bounds,,,,,,
10,0.9,0.5,validation,proxy_0.75,2.0,1.9909995955023065,0.9025907658090118,0.8991905481950845,0.003400217613927281,0.0006998357396376304,0.006716471714433931,2000,0.005661968828538054,0.8774840430859204,True,0.05,80,paired cluster influence sandwich; asymptotic Bonferroni bounds,,,,,,
10,0.9,0.5,validation,generic_0.75,2.0,1.9909995955023065,0.9572542642729135,0.9562832021249359,0.0009710621479775972,0.0004906356644026999,0.004344270083098868,2000,0.0025567139617428706,0.9422432530618404,True,0.05,80,paired cluster influence sandwich; asymptotic Bonferroni bounds,,,,,,
10,0.9,0.5,validation,source,8.0,7.998197999765249,0.9576932923707117,0.9566487255184332,0.0010445668522784946,0.0005435420082555817,0.004361618467301161,2000,0.0028012030566549563,0.9425527094001436,True,0.05,80,paired cluster influence sandwich; asymptotic Bonferroni bounds,,,,,,
10,0.9,0.5,validation,proxy_0.5,8.0,7.998197999765249,0.8386366727470558,0.8332608286930362,0.005375844054019585,0.0009358288989433122,0.008802425660658994,2000,0.008400285403569501,0.8048128718341522,True,0.05,80,paired cluster influence sandwich; asymptotic Bonferroni bounds,,,,,,
10,0.9,0.5,validation,generic_0.5,8.0,7.998197999765249,0.9554701500896058,0.955173131080389,0.00029701900921674795,0.0005510828148052782,0.004400969322054673,2000,0.0020780258300206475,0.9409499396286692,True,0.05,80,paired cluster influence sandwich; asymptotic Bonferroni bounds,,,,,,
10,0.9,0.5,validation,proxy_0.75,8.0,7.998197999765249,0.9025907658090118,0.8992860543074755,0.003304711501536217,0.0007396331363194902,0.006710833496776438,2000,0.005695081197864073,0.8775977709679537,True,0.05,80,paired cluster influence sandwich; asymptotic Bonferroni bounds,,,,,,
10,0.9,0.5,validation,generic_0.75,8.0,7.998197999765249,0.9572542642729135,0.9564442124295954,0.0008100518433180603,0.0005169753759295366,0.0043286609153104115,2000,0.0024808291674912005,0.9424547095672368,True,0.05,80,paired cluster influence sandwich; asymptotic Bonferroni bounds,,,,,,
10,0.9,1.0,validation,source,2.0,1.9909995955023065,0.9576932923707117,0.9567362311187916,0.0009570612519200772,0.00030693214324789396,0.004372024571677597,2000,0.001949014232420138,0.942606584224193,True,0.05,80,paired cluster influence sandwich; asymptotic Bonferroni bounds,,,,,,
10,0.9,1.0,validation,proxy_0.5,2.0,1.9909995955023065,0.8386366727470558,0.8344594054019456,0.004177267345110147,0.0006483494923353465,0.00875619031526699,2000,0.006272623681928616,0.8061608733904586,True,0.05,80,paired cluster influence sandwich; asymptotic Bonferroni bounds,,,,,,
10,0.9,1.0,validation,generic_0.5,2.0,1.9909995955023065,0.9554701500896058,0.9550116207437276,0.00045852934587820027,0.0003666789552249477,0.004463829752631148,2000,0.0016435739576061738,0.9405852749699938,True,0.05,80,paired cluster influence sandwich; asymptotic Bonferroni bounds,,,,,,
10,0.9,1.0,validation,proxy_0.75,2.0,1.9909995955023065,0.9025907658090118,0.9000536034306195,0.002537162378392299,0.00045706850729842303,0.006685110093950743,2000,0.0040143307951951085,0.8784484537956081,True,0.05,80,paired cluster influence sandwich; asymptotic Bonferroni bounds,,,,,,
10,0.9,1.0,validation,generic_0.75,2.0,1.9909995955023065,0.9572542642729135,0.9564232110855093,0.0008310531874041738,0.00032237252802827846,0.0043651369827876945,2000,0.001872906890392593,0.9423158237179042,True,0.05,80,paired cluster influence sandwich; asymptotic Bonferroni bounds,,,,,,
10,0.9,1.0,validation,source,8.0,7.998197999765249,0.9576932923707117,0.9570612519201229,0.0006320404505887334,0.0002561528882997229,0.004337759916452764,2000,0.001459883433483464,0.9430423426189103,True,0.05,80,paired cluster influence sandwich; asymptotic Bonferroni bounds,,,,,,
10,0.9,1.0,validation,proxy_0.5,8.0,7.998197999765249,0.8386366727470558,0.8348714317716333,0.0037652409754225236,0.0006163280472551239,0.008745205973153704,2000,0.005757109396146157,0.8066083993034094,True,0.05,80,paired cluster influence sandwich; asymptotic Bonferroni bounds,,,,,,
10,0.9,1.0,validation,generic_0.5,8.0,7.998197999765249,0.9554701500896058,0.9554161466333845,5.4003456221307644e-05,0.0003207222449950944,0.004416492560078471,2000,0.0010905237224568564,0.9411427866914513,True,0.05,80,paired cluster influence sandwich; asymptotic Bonferroni bounds,,,,,,
10,0.9,1.0,validation,proxy_0.75,8.0,7.998197999765249,0.9025907658090118,0.9005216333845365,0.002069132424475262,0.0004055998420597841,0.006657059075589502,2000,0.003379962785753552,0.8790071399153312,True,0.05,80,paired cluster influence sandwich; asymptotic Bonferroni bounds,,,,,,
10,0.9,1.0,validation,generic_0.75,8.0,7.998197999765249,0.9572542642729135,0.9568192364311315,0.0004350278417819542,0.0002633345206376841,0.004322755099441193,2000,0.0012860806505590873,0.9428488201707552,True,0.05,80,paired cluster influence sandwich; asymptotic Bonferroni bounds,,,,,,
10,0.9,2.0,validation,source,2.0,1.9909995955023065,0.9576932923707117,0.9566482254864312,0.00104506688428041,0.0004400697858228601,0.004396498296702567,2000,0.0024672982969169387,0.9424394836354506,True,0.05,80,paired cluster influence sandwich; asymptotic Bonferroni bounds,,,,,,
10,0.9,2.0,validation,proxy_0.5,2.0,1.9909995955023065,0.8386366727470558,0.8347004208269329,0.003936251920122924,0.0007524249625986257,0.008749692701798211,2000,0.006367962644045206,0.8064228880075743,True,0.05,80,paired cluster influence sandwich; asymptotic Bonferroni bounds,,,,,,
10,0.9,2.0,validation,generic_0.5,2.0,1.9909995955023065,0.9554701500896058,0.9548121079749103,0.0006580421146954452,0.0004442025636320142,0.0045035943578446746,2000,0.0020936299689941424,0.9402572496959609,True,0.05,80,paired cluster influence sandwich; asymptotic Bonferroni bounds,,,,,,
10,0.9,2.0,validation,proxy_0.75,2.0,1.9909995955023065,0.9025907658090118,0.9001876120071685,0.002403153801843305,0.0005722849787192716,0.006692043676201705,2000,0.0042526824446531535,0.8785600542023688,True,0.05,80,paired cluster influence sandwich; asymptotic Bonferroni bounds,,,,,,
10,0.9,2.0,validation,generic_0.75,2.0,1.9909995955023065,0.9572542642729135,0.9563302051331284,0.000924059139785105,0.00043012848395981016,0.004400852372813283,2000,0.0023141619395342606,0.9421073916416552,True,0.05,80,paired cluster influence sandwich; asymptotic Bonferroni bounds,,,,,,
10,0.9,2.0,validation,source,8.0,7.998197999765249,0.9576932923707117,0.957198260688684,0.0004950316820276912,0.00021365060631734376,0.00433950429092504,2000,0.0011855144495851047,0.9431737138630382,True,0.05,80,paired cluster influence sandwich; asymptotic Bonferroni bounds,,,,,,
10,0.9,2.0,validation,proxy_0.5,8.0,7.998197999765249,0.8386366727470558,0.8354664698540706,0.0031702028929851966,0.0005641549131464029,0.008725002680674724,2000,0.004993456533472611,0.8072687310236468,True,0.05,80,paired cluster influence sandwich; asymptotic Bonferroni bounds,,,,,,
10,0.9,2.0,validation,generic_0.5,8.0,7.998197999765249,0.9554701500896058,0.9553671434971838,0.00010300659242201693,0.00028992682364306345,0.004443454432816239,2000,0.0010400012447135398,0.9410066473246197,True,0.05,80,paired cluster influence sandwich; asymptotic Bonferroni bounds,,,,,,
10,0.9,2.0,validation,proxy_0.75,8.0,7.998197999765249,0.9025907658090118,0.9009626616103431,0.0016281041986686562,0.0003517735008625678,0.006643771173583346,2000,0.0027649768929036847,0.879491112401912,True,0.05,80,paired cluster influence sandwich; asymptotic Bonferroni bounds,,,,,,
10,0.9,2.0,validation,generic_0.75,8.0,7.998197999765249,0.9572542642729135,0.9567892345110086,0.0004650297619048782,0.00022723984561732696,0.004344522370238568,2000,0.0011994306616061115,0.9427484700983785,True,0.05,80,paired cluster influence sandwich; asymptotic Bonferroni bounds,,,,,,
10,0.9,5.0,validation,source,2.0,1.9909995955023065,0.9576932923707117,0.9563912090373784,0.0013020833333332593,0.0007606554373204076,0.004443993384137249,2000,0.0037603935650321117,0.9420289710649378,True,0.05,80,paired cluster influence sandwich; asymptotic Bonferroni bounds,,,,,,
10,0.9,5.0,validation,proxy_0.5,2.0,1.9909995955023065,0.8386366727470558,0.834898933531746,0.003737739215309732,0.0011608859270623951,0.008760095222511139,2000,0.0074895269661288885,0.8065877815178754,True,0.05,80,paired cluster influence sandwich; asymptotic Bonferroni bounds,,,,,,
10,0.9,5.0,validation,generic_0.5,2.0,1.9909995955023065,0.9554701500896058,0.9543660794290835,0.001104070660522316,0.0006755122114564557,0.004542036044935443,2000,0.0032872123296476346,0.9396869840934295,True,0.05,80,paired cluster influence sandwich; asymptotic Bonferroni bounds,,,,,,
10,0.9,5.0,validation,proxy_0.75,2.0,1.9909995955023065,0.9025907658090118,0.9001231078789044,0.002467657930107392,0.000954817301169528,0.006726023375480669,2000,0.005553466596823618,0.8783857334103314,True,0.05,80,paired cluster influence sandwich; asymptotic Bonferroni bounds,,,,,,
10,0.9,5.0,validation,generic_0.75,2.0,1.9909995955023065,0.9572542642729135,0.9559841829877113,0.0012700812852022292,0.0007341024383914506,0.004451056753144275,2000,0.003642576697540436,0.9415991173965509,True,0.05,80,paired cluster influence sandwich; asymptotic Bonferroni bounds,,,,,,
10,0.9,5.0,validation,source,8.0,7.998197999765249,0.9576932923707117,0.9572902665770608,0.00040302579365081304,0.0003419335872884181,0.004352092175405292,2000,0.0015080975448680956,0.9432250378293582,True,0.05,80,paired cluster influence sandwich; asymptotic Bonferroni bounds,,,,,,
10,0.9,5.0,validation,proxy_0.5,8.0,7.998197999765249,0.8386366727470558,0.8377256144393241,0.0009110583077316381,0.0004684333877513529,0.008664168146774242,2000,0.0024249561036050705,0.8097244825741448,True,0.05,80,paired cluster influence sandwich; asymptotic Bonferroni bounds,,,,,,
10,0.9,5.0,validation,generic_0.5,8.0,7.998197999765249,0.9554701500896058,0.9550881256400409,0.00038202444956492165,0.00029601546573063885,0.004477983560799034,2000,0.0013386965673771885,0.9406160371426907,True,0.05,80,paired cluster influence sandwich; asymptotic Bonferroni bounds,,,,,,
10,0.9,5.0,validation,proxy_0.75,8.0,7.998197999765249,0.9025907658090118,0.9018297171018946,0.000761048707117129,0.00040459668234356497,0.006628162893657701,2000,0.0020686370251871344,0.8804086112247773,True,0.05,80,paired cluster influence sandwich; asymptotic Bonferroni bounds,,,,,,
10,0.9,5.0,validation,generic_0.75,8.0,7.998197999765249,0.9572542642729135,0.9568522385432667,0.00040202572964676,0.0003222234755683416,0.004357875258303139,2000,0.0014433977201943747,0.9427683198458693,True,0.05,80,paired cluster influence sandwich; asymptotic Bonferroni bounds,,,,,,
10,0.9,0.5,test,source,2.0,,0.9592589258925893,0.9582838283828383,0.0009750975097509995,0.0004565330575472093,0.0042291912196652515,2000,0.0024505354431609517,0.9446157948199169,True,0.05,80,paired cluster influence sandwich; asymptotic Bonferroni bounds,0.0007400740074008372,0.00023502350235016234,0.9553987096934147,0.0,0.0,0.0
10,0.9,0.5,test,source,8.0,,0.9592589258925893,0.9584298429842985,0.000829082908290868,0.000479529268208142,0.004215081326630892,2000,0.002378840720563739,0.9448074102186799,True,0.05,80,paired cluster influence sandwich; asymptotic Bonferroni bounds,0.0007400740074008372,8.900890089003077e-05,0.9562269350469088,0.0,0.0,0.0
10,0.9,0.5,test,proxy_0,2.0,,0.6741914191419143,0.66498299829983,0.009208420842084286,0.0012367647200769755,0.012063541612637797,2000,0.01320543606921494,0.6259956640590566,True,0.05,80,paired cluster influence sandwich; asymptotic Bonferroni bounds,0.008792879287928823,0.000415541554155463,0.6994128012927868,0.008233323332333287,0.008052805280527986,0.00018051805180530067
10,0.9,0.5,test,proxy_0,8.0,,0.6741914191419143,0.6652365236523653,0.008954895489548975,0.0012672780872986236,0.012060888883176975,2000,0.013050524779189727,0.6262577625863246,True,0.05,80,paired cluster influence sandwich; asymptotic Bonferroni bounds,0.008792879287928823,0.00016201620162015207,0.7002506772918308,0.008125812581258107,0.008052805280527986,7.30073007301213e-05
10,0.9,0.5,test,proxy_0.25,2.0,,0.7750775077507751,0.7682523252325233,0.0068251825182518155,0.00103725145884593,0.010293932205393503,2000,0.010177404495535117,0.7349840704835945,True,0.05,80,paired cluster influence sandwich; asymptotic Bonferroni bounds,0.006524652465246583,0.0003005300530052324,0.7828791488796952,0.005850085008500816,0.005784578457845746,6.550655065507005e-05
10,0.9,0.5,test,proxy_0.25,8.0,,0.7750775077507751,0.7684558455845585,0.006621662166216624,0.0010726589584317042,0.010291445559169964,2000,0.010088315217334368,0.7351956272573181,True,0.05,80,paired cluster influence sandwich; asymptotic Bonferroni bounds,0.006524652465246583,9.700970097004102e-05,0.7838911807813811,0.005792579257925756,0.005784578457845746,8.00080008001025e-06
10,0.9,1.0,test,source,2.0,,0.9592589258925893,0.9582828282828283,0.0009760976097610286,0.00031787950471318804,0.004231982754805846,2000,0.0020034306182998584,0.9446057729486007,True,0.05,80,paired cluster influence sandwich; asymptotic Bonferroni bounds,0.0003810381038104049,0.0005950595059506236,0.9543218694571004,0.0,0.0,0.0
10,0.9,1.0,test,source,8.0,,0.9592589258925893,0.9587208720872088,0.0005380538053805228,0.00026591077884779253,0.004194402360702921,2000,0.0013974326466904912,0.9451652702558444,True,0.05,80,paired cluster influence sandwich; asymptotic Bonferroni bounds,0.0003810381038104049,0.0001570157015701179,0.9558841620599425,0.0,0.0,0.0
10,0.9,1.0,test,proxy_0,2.0,,0.6741914191419143,0.6657770777077708,0.008414341434143435,0.0010473285463469758,0.012050709841050136,2000,0.011799130860621359,0.6268312135910997,True,0.05,80,paired cluster influence sandwich; asymptotic Bonferroni bounds,0.007152715271527166,0.0012616261626162695,0.7003017347093181,0.007438243824382407,0.006771677167716761,0.0006665666566656459
10,0.9,1.0,test,proxy_0,8.0,,0.6741914191419143,0.6666816681668167,0.00750975097509754,0.0010228072834624162,0.012039346232542292,2000,0.010815291810839501,0.627772529318504,True,0.05,80,paired cluster influence sandwich; asymptotic Bonferroni bounds,0.007152715271527166,0.0003570357035703742,0.7025471055903298,0.006971697169717017,0.006771677167716761,0.00020002000200025627
10,0.9,1.0,test,proxy_0.25,2.0,,0.7750775077507751,0.768911891189119,0.006165616561656151,0.0008328345579293587,0.010271297598592655,2000,0.008857197551706617,0.7357167876762939,True,0.05,80,paired cluster influence sandwich; asymptotic Bonferroni bounds,0.005049504950495054,0.001116111611161097,0.7823583827606837,0.005189518951895122,0.004668466846684649,0.0005210521052104733
10,0.9,1.0,test,proxy_0.25,8.0,,0.7750775077507751,0.7697239723972398,0.0053535353535353325,0.0007998004480325307,0.010253408737695261,2000,0.007938355665399481,0.7365866826692374,True,0.05,80,paired cluster influence sandwich; asymptotic Bonferroni bounds,0.005049504950495054,0.0003040304030402785,0.7847263045871988,0.00481548154815481,0.004668466846684649,0.0001470147014701606
10,0.9,2.0,test,source,2.0,,0.9592589258925893,0.957994799479948,0.0012641264126412866,0.00039661616733951196,0.0042550009021533304,2000,0.002545923050633646,0.944243353371182,True,0.05,80,paired cluster influence sandwich; asymptotic Bonferroni bounds,0.0002700270027004015,0.000994099409940885,0.9543222659457172,0.0,0.0,0.0
10,0.9,2.0,test,source,8.0,,0.9592589258925893,0.9586968696869687,0.0005620562056206646,0.00023421922175900705,0.004193317880706826,2000,0.0013190132732504522,0.9451447727122577,True,0.05,80,paired cluster influence sandwich; asymptotic Bonferroni bounds,0.0002700270027004015,0.00029202920292026313,0.9555314162015627,0.0,0.0,0.0
10,0.9,2.0,test,proxy_0,2.0,,0.6741914191419143,0.6653195319531954,0.008871887188718897,0.001086094180145206,0.012055226948565543,2000,0.0123819606130871,0.6263590693059966,True,0.05,80,paired cluster influence sandwich; asymptotic Bonferroni bounds,0.00651165116511665,0.002360236023602247,0.7002045714233034,0.00760776077607761,0.006241624162416248,0.0013661366136613617
10,0.9,2.0,test,proxy_0,8.0,,0.6741914191419143,0.6669696969696971,0.007221722172217171,0.0009753572211987096,0.012034733100201584,2000,0.010373912400266725,0.628075466987971,True,0.05,80,paired cluster influence sandwich; asymptotic Bonferroni bounds,0.00651165116511665,0.0007100710071005212,0.702734284827112,0.006659665966596506,0.006241624162416248,0.00041804180418025805
10,0.9,2.0,test,proxy_0.25,2.0,,0.7750775077507751,0.7684578457845784,0.006619661966196677,0.0008893539752180539,0.010277784750561694,2000,0.009493904191536428,0.7352417768894296,True,0.05,80,paired cluster influence sandwich; asymptotic Bonferroni bounds,0.004463446344634581,0.0021562156215620965,0.782006186233165,0.005355535553555391,0.004193419341934179,0.0011621162116212114
10,0.9,2.0,test,proxy_0.25,8.0,,0.7750775077507751,0.7699799979998,0.0050975097509751155,0.0007495980602089227,0.010242367300693746,2000,0.0075200844026001926,0.7368783923361213,True,0.05,80,paired cluster influence sandwich; asymptotic Bonferroni bounds,0.004463446344634581,0.0006340634063405348,0.7847367866589721,0.004535453545354451,0.004193419341934179,0.0003420342034202717
10,0.9,5.0,test,source,2.0,,0.9592589258925893,0.9572647264726473,0.0019941994199420554,0.0007566649516337151,0.004330266947839766,2000,0.004439613074147685,0.9432700331837096,True,0.05,80,paired cluster influence sandwich; asymptotic Bonferroni bounds,-5.00050004847985e-07,0.0019946994699469034,0.9557507580171246,0.0,0.0,0.0
10,0.9,5.0,test,source,8.0,,0.9592589258925893,0.9585163516351636,0.0007425742574257432,0.0003027340758675735,0.004219887056463708,2000,0.0017209597913684532,0.9448783875603093,True,0.05,80,paired cluster influence sandwich; asymptotic Bonferroni bounds,-5.00050004847985e-07,0.0007430743074305912,0.9556287390047874,0.0,0.0,0.0
10,0.9,5.0,test,proxy_0,2.0,,0.6741914191419143,0.664961496149615,0.0092299229922993,0.0012817729752435823,0.012032912689801214,2000,0.013372397317936833,0.6260731494276324,True,0.05,80,paired cluster influence sandwich; asymptotic Bonferroni bounds,-5.000500049590073e-07,0.009230423042304259,0.6994576222487681,0.007235723572357244,-1.1102230246251565e-16,0.007235723572357355
10,0.9,5.0,test,proxy_0,8.0,,0.6741914191419143,0.6709095909590959,0.0032818281828184137,0.0005353283418778808,0.011939628662004032,2000,0.005011919201154803,0.6323227225001173,True,0.05,80,paired cluster influence sandwich; asymptotic Bonferroni bounds,-5.000500049590073e-07,0.0032823282328233727,0.7053827892013654,0.0025392539253926705,-1.1102230246251565e-16,0.0025392539253927815
10,0.9,5.0,test,proxy_0.25,2.0,,0.7750775077507751,0.7675857585758576,0.007491749174917461,0.0011633261771567837,0.010289665905827867,2000,0.011251423402951679,0.7343312917884146,True,0.05,80,paired cluster influence sandwich; asymptotic Bonferroni bounds,-5.000500049590073e-07,0.00749224922492242,0.7817096077958547,0.005497549754975406,-1.1102230246251565e-16,0.005497549754975517
10,0.9,5.0,test,proxy_0.25,8.0,,0.7750775077507751,0.7725077507750775,0.0025697569756976124,0.00048567644588053756,0.010170456109556452,2000,0.00413938143064033,0.739638549966834,True,0.05,80,paired cluster influence sandwich; asymptotic Bonferroni bounds,-5.000500049590073e-07,0.0025702570257025714,0.7865247272104879,0.0018271827182718692,-1.1102230246251565e-16,0.0018271827182719802
11,0.9,0.5,validation,source,2.0,1.9909995955023065,0.9569307212918982,0.9561765938443596,0.0007541274475385551,0.0005429528138743408,0.004370436121836585,2000,0.002508859474931853,0.9420520805520534,True,0.05,80,paired cluster influence sandwich; asymptotic Bonferroni bounds,,,,,,
11,0.9,0.5,validation,proxy_0.5,2.0,1.9909995955023065,0.8248283959989238,0.8203841449204916,0.00444425107843216,0.0009529965030419323,0.009165664050932559,2000,0.007524175232335733,0.7907622627761972,True,0.05,80,paired cluster influence sandwich; asymptotic Bonferroni bounds,,,,,,
11,0.9,0.5,validation,generic_0.5,2.0,1.9909995955023065,0.9526640002160364,0.9526995062165505,-3.550600051416275e-05,0.0005994506117065727,0.004666478361540038,2000,0.0019018173917271924,0.9376182342774623,True,0.05,80,paired cluster influence sandwich; asymptotic Bonferroni bounds,,,,,,
11,0.9,0.5,validation,proxy_0.75,2.0,1.9909995955023065,0.9037327308315105,0.9015003535597516,0.0022323772717589563,0.0007065514215797036,0.0067553935518789784,2000,0.00451583243906767,0.8796680596288251,True,0.05,80,paired cluster influence sandwich; asymptotic Bonferroni bounds,,,,,,
11,0.9,0.5,validation,generic_0.75,2.0,1.9909995955023065,0.955512481609392,0.9551754246467653,0.0003370569626266473,0.0005767768516824513,0.004454182955435517,2000,0.002201102582142501,0.9407802556964466,True,0.05,80,paired cluster influence sandwich; asymptotic Bonferroni bounds,,,,,,
11,0.9,0.5,validation,source,8.0,7.998197999765249,0.9569307212918982,0.9562481059299021,0.0006826153619960973,0.0005344951615214392,0.004364697660446774,2000,0.0024100136817798985,0.9421421383780936,True,0.05,80,paired cluster influence sandwich; asymptotic Bonferroni bounds,,,,,,
11,0.9,0.5,validation,proxy_0.5,8.0,7.998197999765249,0.8248283959989238,0.8205126666406622,0.004315729358261522,0.0009247235651644298,0.009159013615747422,2000,0.007304280139867522,0.7909122775825389,True,0.05,80,paired cluster influence sandwich; asymptotic Bonferroni bounds,,,,,,
11,0.9,0.5,validation,generic_0.5,8.0,7.998197999765249,0.9526640002160364,0.9527220100196933,-5.800980365688879e-05,0.0005871303772306356,0.004663265349091369,2000,0.0018394966662525648,0.9376511219955678,True,0.05,80,paired cluster influence sandwich; asymptotic Bonferroni bounds,,,,,,
11,0.9,0.5,validation,proxy_0.75,8.0,7.998197999765249,0.9037327308315105,0.9016148729135224,0.0021178579179881307,0.0006809830339012151,0.0067475561866000905,2000,0.004318680363627894,0.8798079080268771,True,0.05,80,paired cluster influence sandwich; asymptotic Bonferroni bounds,,,,,,
11,0.9,0.5,validation,generic_0.75,8.0,7.998197999765249,0.955512481609392,0.9552254330981936,0.00028704851119831787,0.0005771779057774458,0.004450846528783909,2000,0.002152390269986721,0.9408410469167511,True,0.05,80,paired cluster influence sandwich; asymptotic Bonferroni bounds,,,,,,
11,0.9,1.0,validation,source,2.0,1.9909995955023065,0.9569307212918982,0.9563626252836729,0.0005680960082252717,0.0003691189408676763,0.004331796347075242,2000,0.001761026242505091,0.9423629892340522,True,0.05,80,paired cluster influence sandwich; asymptotic Bonferroni bounds,,,,,,
11,0.9,1.0,validation,proxy_0.5,2.0,1.9909995955023065,0.8248283959989238,0.8204996644432908,0.004328731555632959,0.0007833828243652985,0.009153583638417385,2000,0.0068604928735543115,0.790916824157152,True,0.05,80,paired cluster influence sandwich; asymptotic Bonferroni bounds,,,,,,
11,0.9,1.0,validation,generic_0.5,2.0,1.9909995955023065,0.9526640002160364,0.9526179924407223,4.600777531404976e-05,0.0004349393707921399,0.004658615042923009,2000,0.0014516585508525112,0.937562133422732,True,0.05,80,paired cluster influence sandwich; asymptotic Bonferroni bounds,,,,,,
11,0.9,1.0,validation,proxy_0.75,2.0,1.9909995955023065,0.9037327308315105,0.9017073885486646,0.002025342282845899,0.0005318217023065089,0.006723131094725658,2000,0.00374410043282398,0.8799793614442518,True,0.05,80,paired cluster influence sandwich; asymptotic Bonferroni bounds,,,,,,
11,0.9,1.0,validation,generic_0.75,2.0,1.9909995955023065,0.955512481609392,0.9551624224493939,0.000350059159998084,0.0003993551992353771,0.004433034301389704,2000,0.0016407078876544245,0.9408356023862017,True,0.05,80,paired cluster influence sandwich; asymptotic Bonferroni bounds,,,,,,
11,0.9,1.0,validation,source,8.0,7.998197999765249,0.9569307212918982,0.956523652497272,0.0004070687946261531,0.00032191531032692137,0.0043154893200297115,2000,0.0014474448470277053,0.9425767180119441,True,0.05,80,paired cluster influence sandwich; asymptotic Bonferroni bounds,,,,,,
11,0.9,1.0,validation,proxy_0.5,8.0,7.998197999765249,0.8248283959989238,0.8208227190395176,0.004005676959406124,0.0007131946950066561,0.009141467467178198,2000,0.00631060206729001,0.7912790361777066,True,0.05,80,paired cluster influence sandwich; asymptotic Bonferroni bounds,,,,,,
11,0.9,1.0,validation,generic_0.5,8.0,7.998197999765249,0.9526640002160364,0.9528070243871214,-0.00014302417108502663,0.0003897876166433105,0.00464126472822532,2000,0.0011167037414101728,0.9378072386633611,True,0.05,80,paired cluster influence sandwich; asymptotic Bonferroni bounds,,,,,,
11,0.9,1.0,validation,proxy_0.75,8.0,7.998197999765249,0.9037327308315105,0.9020069391727201,0.0017257916587903877,0.0004564431410749322,0.006704215057655328,2000,0.0032009389973094706,0.8803400455134806,True,0.05,80,paired cluster influence sandwich; asymptotic Bonferroni bounds,,,,,,
11,0.9,1.0,validation,generic_0.75,8.0,7.998197999765249,0.955512481609392,0.9553224494939644,0.00019003211542756304,0.00035048067091542247,0.0044198294105370454,2000,0.0013227266010664496,0.9410383054134824,True,0.05,80,paired cluster influence sandwich; asymptotic Bonferroni bounds,,,,,,
11,0.9,2.0,validation,source,2.0,1.9909995955023065,0.9569307212918982,0.9560855784627601,0.0008451428291380569,0.00033636959042037496,0.004348873888378402,2000,0.0019322326798012137,0.9420307506765685,True,0.05,80,paired cluster influence sandwich; asymptotic Bonferroni bounds,,,,,,
11,0.9,2.0,validation,proxy_0.5,2.0,1.9909995955023065,0.8248283959989238,0.8202316191436353,0.004596776855288476,0.0006942436361504723,0.009162326863810414,2000,0.0068404553334870475,0.7906205222259296,True,0.05,80,paired cluster influence sandwich; asymptotic Bonferroni bounds,,,,,,
11,0.9,2.0,validation,generic_0.5,2.0,1.9909995955023065,0.9526640002160364,0.9522539309143244,0.0004100693017119461,0.00039735629540616646,0.004676174098835705,2000,0.001694257908932099,0.9371413239856622,True,0.05,80,paired cluster influence sandwich; asymptotic Bonferroni bounds,,,,,,
11,0.9,2.0,validation,proxy_0.75,2.0,1.9909995955023065,0.9037327308315105,0.9013173226275241,0.0024154082039864466,0.0004867937046011954,0.006735160178064348,2000,0.003988643450898421,0.8795504195522069,True,0.05,80,paired cluster influence sandwich; asymptotic Bonferroni bounds,,,,,,
11,0.9,2.0,validation,generic_0.75,2.0,1.9909995955023065,0.955512481609392,0.954883375290424,0.0006291063189679535,0.0003597652316141718,0.004444513927716846,2000,0.0017918069406872826,0.940519455008826,True,0.05,80,paired cluster influence sandwich; asymptotic Bonferroni bounds,,,,,,
11,0.9,2.0,validation,source,8.0,7.998197999765249,0.9569307212918982,0.9563226185225302,0.0006081027693679575,0.00025800836833849176,0.004321490448549385,2000,0.001441942351169661,0.9423562894007903,True,0.05,80,paired cluster influence sandwich; asymptotic Bonferroni bounds,,,,,,
11,0.9,2.0,validation,proxy_0.5,8.0,7.998197999765249,0.8248283959989238,0.8205126666406622,0.004315729358261522,0.0006384753608927966,0.009146914061342883,2000,0.006379174165675993,0.7909513813040564,True,0.05,80,paired cluster influence sandwich; asymptotic Bonferroni bounds,,,,,,
11,0.9,2.0,validation,generic_0.5,8.0,7.998197999765249,0.9526640002160364,0.9525349784113515,0.00012902180468488123,0.00031569639100743386,0.004647658774831732,2000,0.001149299357498944,0.9375145282061147,True,0.05,80,paired cluster influence sandwich; asymptotic Bonferroni bounds,,,,,,
11,0.9,2.0,validation,proxy_0.75,8.0,7.998197999765249,0.9037327308315105,0.901750395816893,0.001982335014617531,0.00039050196157140325,0.006704623042007728,2000,0.003244371569580178,0.8800821836209565,True,0.05,80,paired cluster influence sandwich; asymptotic Bonferroni bounds,,,,,,
11,0.9,2.0,validation,generic_0.75,8.0,7.998197999765249,0.955512481609392,0.9551174148431085,0.0003950667662834251,0.0002748657749348046,0.004422968417026242,2000,0.0012833866463678944,0.9408231260224575,True,0.05,80,paired cluster influence sandwich; asymptotic Bonferroni bounds,,,,,,
11,0.9,5.0,validation,source,2.0,1.9909995955023065,0.9569307212918982,0.9553514543957929,0.0015792668961052136,0.0005199819238932879,0.004386968483152456,2000,0.0032597608768073862,0.9411735112967925,True,0.05,80,paired cluster influence sandwich; asymptotic Bonferroni bounds,,,,,,
11,0.9,5.0,validation,proxy_0.5,2.0,1.9909995955023065,0.8248283959989238,0.8250024254098942,-0.00017402941097044433,0.0009324139744317499,0.009043162677412087,2000,0.002839375477843944,0.7957764470679618,True,0.05,80,paired cluster influence sandwich; asymptotic Bonferroni bounds,,,,,,
11,0.9,5.0,validation,generic_0.5,2.0,1.9909995955023065,0.9526640002160364,0.9514467945082719,0.0012172057077645126,0.0005657733658055262,0.004693527180535868,2000,0.0030456899145980495,0.9362781053428938,True,0.05,80,paired cluster influence sandwich; asymptotic Bonferroni bounds,,,,,,
11,0.9,5.0,validation,proxy_0.75,2.0,1.9909995955023065,0.9037327308315105,0.9020954541317482,0.0016372766997623245,0.0007018120884390237,0.00673087126281168,2000,0.00390541514075905,0.8803424121080075,True,0.05,80,paired cluster influence sandwich; asymptotic Bonferroni bounds,,,,,,
11,0.9,5.0,validation,generic_0.75,2.0,1.9909995955023065,0.955512481609392,0.9540682375321429,0.0014442440772490794,0.0005384253928177771,0.00447609486151099,2000,0.0031843442424870673,0.9396022529927172,True,0.05,80,paired cluster influence sandwich; asymptotic Bonferroni bounds,,,,,,
11,0.9,5.0,validation,source,8.0,7.998197999765249,0.9569307212918982,0.9566326709213857,0.0002980503705124482,0.0001778563017446862,0.0042913937412865895,2000,0.0008728519756798477,0.9427636092873604,True,0.05,80,paired cluster influence sandwich; asymptotic Bonferroni bounds,,,,,,
11,0.9,5.0,validation,proxy_0.5,8.0,7.998197999765249,0.8248283959989238,0.8255615198968626,-0.0007331238979387811,0.0003545879008498807,0.009012695925267536,2000,0.0004128444629351096,0.796434004965364,True,0.05,80,paired cluster influence sandwich; asymptotic Bonferroni bounds,,,,,,
11,0.9,5.0,validation,generic_0.5,8.0,7.998197999765249,0.9526640002160364,0.9523764516203238,0.0002875485957125612,0.00019707028451169535,0.00462742923371795,2000,0.0009244465563523109,0.9374213798840529,True,0.05,80,paired cluster influence sandwich; asymptotic Bonferroni bounds,,,,,,
11,0.9,5.0,validation,proxy_0.75,8.0,7.998197999765249,0.9037327308315105,0.9035607017585972,0.00017202907291336,0.00025449771255909594,0.006645572021037214,2000,0.0009945228066490014,0.8820833325145699,True,0.05,80,paired cluster influence sandwich; asymptotic Bonferroni bounds,,,,,,
11,0.9,5.0,validation,generic_0.75,8.0,7.998197999765249,0.955512481609392,0.9552514374929363,0.0002610441164556665,0.00018654996982918562,0.004393411253799572,2000,0.0008639421923173475,0.9410526724445679,True,0.05,80,paired cluster influence sandwich; asymptotic Bonferroni bounds,,,,,,
11,0.9,0.5,test,source,2.0,,0.9556925613649621,0.9552143083691272,0.00047825299583481584,0.0004924616104195878,0.00430965191303739,2000,0.0020698059595237106,0.9412862393998158,True,0.05,80,paired cluster influence sandwich; asymptotic Bonferroni bounds,0.00038320271423575303,9.505028159906281e-05,0.9513048955076717,0.0,0.0,0.0
11,0.9,0.5,test,source,8.0,,0.9556925613649621,0.9552913491236864,0.00040121224127565025,0.0004733171071519458,0.00431157599618967,2000,0.001930893395529477,0.9413570618417623,True,0.05,80,paired cluster influence sandwich; asymptotic Bonferroni bounds,0.00038320271423575303,1.8009527039897222e-05,0.9517656188531791,0.0,0.0,0.0
11,0.9,0.5,test,proxy_0,2.0,,0.6578605082088425,0.6462228518886491,0.011637656320193313,0.0014728923553141138,0.012310248438587839,2000,0.01639779628581946,0.6064382027471904,True,0.05,80,paired cluster influence sandwich; asymptotic Bonferroni bounds,0.01100732287380013,0.0006303334463931831,0.6650248605537763,0.011159403324358497,0.010624120159564376,0.0005352831647941203
11,0.9,0.5,test,proxy_0,8.0,,0.6578605082088425,0.6467141117651236,0.011146396443718842,0.00145255298512753,0.012304396458857917,2000,0.015840802991317862,0.6069483752363143,True,0.05,80,paired cluster influence sandwich; asymptotic Bonferroni bounds,0.01100732287380013,0.0001390735699187129,0.6664894413278564,0.010745184202443192,0.010624120159564376,0.00012106404287881567
11,0.9,0.5,test,proxy_0.25,2.0,,0.7515180530500635,0.7430780883087154,0.008439964741348116,0.0012187065547035153,0.010832278526856734,2000,0.01237861902011078,0.7080699889398459,True,0.05,80,paired cluster influence sandwich; asymptotic Bonferroni bounds,0.00784665087831471,0.0005933138630334067,0.7467346136350206,0.0079617117455133,0.007463448164078956,0.0004982635814343439
11,0.9,0.5,test,proxy_0.25,8.0,,0.7515180530500635,0.7435273259554304,0.00799072709463311,0.001191932431955123,0.010822936634783056,2000,0.011842851919101728,0.708549418007987,True,0.05,80,paired cluster influence sandwich; asymptotic Bonferroni bounds,0.00784665087831471,0.00014407621631840062,0.7477429508560037,0.00758951485335746,0.007463448164078956,0.0001260666892785034
11,0.9,1.0,test,source,2.0,,0.9556925613649621,0.9553723919953656,0.0003201693695964458,0.00034526616166186553,0.004298927127352549,2000,0.0014360114397757586,0.9414789837266662,True,0.05,80,paired cluster influence sandwich; asymptotic Bonferroni bounds,0.00016808891903807854,0.00015208045055836727,0.9514441615871738,0.0,0.0,0.0
11,0.9,1.0,test,source,8.0,,0.9556925613649621,0.9555274740337638,0.0001650873311982437,0.00027164393420718884,0.0042961916712136615,2000,0.0010429947648095727,0.9416429062984842,True,0.05,80,paired cluster influence sandwich; asymptotic Bonferroni bounds,0.00016808891903807854,-3.0015878398348406e-06,0.9518411597001115,0.0,0.0,0.0
11,0.9,1.0,test,proxy_0,2.0,,0.6578605082088425,0.6467251175872036,0.011135390621638819,0.0013515577584918223,0.012303549166239287,2000,0.015503397610633587,0.6069621193654009,True,0.05,80,paired cluster influence sandwich; asymptotic Bonferroni bounds,0.010008794652371145,0.0011265959692676741,0.6651552824629101,0.010815221252042373,0.009840705733333066,0.0009745155187093069
11,0.9,1.0,test,proxy_0,8.0,,0.6578605082088425,0.6474995272499152,0.010360980958927235,0.0013039228439697195,0.0122938518333469,2000,0.014575039928871087,0.6077678691743863,True,0.05,80,paired cluster influence sandwich; asymptotic Bonferroni bounds,0.010008794652371145,0.0003521863065560904,0.6668776153734821,0.010195893627728991,0.009840705733333066,0.00035518789439592524
11,0.9,1.0,test,proxy_0.25,2.0,,0.7515180530500635,0.7437384376335081,0.007779615416555363,0.001075168262753899,0.010814668587877618,2000,0.011254378116519408,0.7087872506208094,True,0.05,80,paired cluster influence sandwich; asymptotic Bonferroni bounds,0.006771081902326226,0.0010085335142291374,0.7479107071175831,0.0074594460469589174,0.006602992983288147,0.0008564530636707701
11,0.9,1.0,test,proxy_0.25,8.0,,0.7515180530500635,0.7444728261250202,0.00704522692504328,0.0010099678008615009,0.010798731320975372,2000,0.010309272715987111,0.7095731456741218,True,0.05,80,paired cluster influence sandwich; asymptotic Bonferroni bounds,0.006771081902326226,0.0002741450227170539,0.7490102690746144,0.006880139593845036,0.006602992983288147,0.0002771466105568887
11,0.9,2.0,test,source,2.0,,0.9556925613649621,0.9550202056888094,0.0006723556761526472,0.0003202312303449545,0.004329325960115469,2000,0.0017072890657563729,0.9410285535136758,True,0.05,80,paired cluster influence sandwich; asymptotic Bonferroni bounds,0.00040821594623563495,0.0002641397299170123,0.9508303295059565,0.0,0.0,0.0
11,0.9,2.0,test,source,8.0,,0.9556925613649621,0.9552703380088066,0.00042222335615549333,0.00022709017539590884,0.0043169567358130505,2000,0.0011561405469148844,0.9413186610828711,True,0.05,80,paired cluster influence sandwich; asymptotic Bonferroni bounds,0.00040821594623563495,1.4007409919858382e-05,0.9513305371231177,0.0,0.0,0.0
11,0.9,2.0,test,proxy_0,2.0,,0.6578605082088425,0.6474414965516758,0.010419011657166632,0.001138185852227087,0.012279371562439413,2000,0.014097436590223583,0.607756636272341,True,0.05,80,paired cluster influence sandwich; asymptotic Bonferroni bounds,0.010200896274129012,0.00021811538303762035,0.6643619820765865,0.009746655981013985,0.009792680327893377,-4.602434687939194e-05
11,0.9,2.0,test,proxy_0,8.0,,0.6578605082088425,0.6476015812364742,0.010258926972368299,0.0011828873749199034,0.012285871757188977,2000,0.014081819696249678,0.6078957134227461,True,0.05,80,paired cluster influence sandwich; asymptotic Bonferroni bounds,0.010200896274129012,5.8030698239286416e-05,0.6661740105356364,0.009836703616212805,0.009792680327893377,4.402328831942803e-05
11,0.9,2.0,test,proxy_0.25,2.0,,0.7515180530500635,0.743927537667426,0.007590515382637442,0.0009326554170321861,0.010802558459638836,2000,0.010604700573262477,0.7090154885490957,True,0.05,80,paired cluster influence sandwich; asymptotic Bonferroni bounds,0.006990197814643939,0.0006003175679935024,0.7474738308324005,0.006918159706484794,0.006581981868408304,0.00033617783807649015
11,0.9,2.0,test,proxy_0.25,8.0,,0.7515180530500635,0.7444097927803808,0.007108260269682698,0.0009143029934535382,0.010794347407112985,2000,0.010063133518991975,0.7095242804005616,True,0.05,80,paired cluster influence sandwich; asymptotic Bonferroni bounds,0.006990197814643939,0.00011806245503875878,0.748819503774554,0.006686036913527205,0.006581981868408304,0.0001040550451189004
11,0.9,5.0,test,source,2.0,,0.9556925613649621,0.9538946102488217,0.0017979511161403394,0.0006231941363041808,0.004448170410334282,2000,0.0038120095799937664,0.9395188728313835,True,0.05,80,paired cluster influence sandwich; asymptotic Bonferroni bounds,1.1102230246251565e-16,0.0017979511161402284,0.9479967382340981,0.0,0.0,0.0
11,0.9,5.0,test,source,8.0,,0.9556925613649621,0.9554404279864048,0.00025213337855722884,0.00019666507697746222,0.004312533171538399,2000,0.0008877217767085069,0.9415030472750014,True,0.05,80,paired cluster influence sandwich; asymptotic Bonferroni bounds,1.1102230246251565e-16,0.0002521333785571178,0.9508527973161955,0.0,0.0,0.0
11,0.9,5.0,test,proxy_0,2.0,,0.6578605082088425,0.6631828237137446,-0.005322315504902142,0.0014636907109032468,0.011988453838130882,2000,-0.0005919137038822644,0.6244381605107227,True,0.05,80,paired cluster influence sandwich; asymptotic Bonferroni bounds,5.00264639935466e-07,-0.0053228157695420775,0.6744491671950246,-0.007120266621042481,5.002646398244437e-07,-0.007120766885682306
11,0.9,5.0,test,proxy_0,8.0,,0.6578605082088425,0.6614649149400033,-0.003604406731160803,0.0006099541731367446,0.012023875175280448,2000,-0.0016331375978306446,0.6226057759424719,True,0.05,80,paired cluster influence sandwich; asymptotic Bonferroni bounds,5.00264639935466e-07,-0.0036049069958007385,0.6736040226182747,-0.003856540109718032,5.002646398244437e-07,-0.0038570403743578563
11,0.9,5.0,test,proxy_0.25,2.0,,0.7515180530500635,0.7531674255681254,-0.0016493725180619645,0.0012693535979437006,0.010599914227379804,2000,0.002452964472338501,0.7189102884705545,True,0.05,80,paired cluster influence sandwich; asymptotic Bonferroni bounds,5.002646398244437e-07,-0.001649872782701789,0.7534458171652658,-0.003447323634202304,5.002646397134214e-07,-0.0034478238988420173
11,0.9,5.0,test,proxy_0.25,8.0,,0.7515180530500635,0.7536046568634808,-0.002086603813417298,0.0005032849146981074,0.010583691874870692,2000,-0.0004600717536183379,0.7193999476763654,True,0.05,80,paired cluster influence sandwich; asymptotic Bonferroni bounds,5.002646398244437e-07,-0.0020871040780571226,0.7544651996197772,-0.002338737191974527,5.002646397134214e-07,-0.0023392374566142404
12,0.9,0.5,validation,source,2.0,1.9909995955023065,0.9636182172926473,0.9632441989657492,0.00037401832689809567,0.0007177257524338953,0.0037158453623518644,2000,0.0026935870490747238,0.9512352127342704,True,0.05,80,paired cluster influence sandwich; asymptotic Bonferroni bounds,,,,,,
12,0.9,0.5,validation,proxy_0.5,2.0,1.9909995955023065,0.8479745507529869,0.8440533586145721,0.003921192138414797,0.0010667794935282273,0.00847257604545998,2000,0.007368843749432346,0.8166714201448054,True,0.05,80,paired cluster influence sandwich; asymptotic Bonferroni bounds,,,,,,
12,0.9,0.5,validation,generic_0.5,2.0,1.9909995955023065,0.9596440225571052,0.9592830048672384,0.00036101768986684935,0.0006699311227054414,0.0040784596680187,2000,0.002526122220351616,0.9461021102866634,True,0.05,80,paired cluster influence sandwich; asymptotic Bonferroni bounds,,,,,,
12,0.9,0.5,validation,proxy_0.75,2.0,1.9909995955023065,0.9073354594375124,0.9047253315412455,0.0026101278962669117,0.001004843713018761,0.006599210337648252,2000,0.005857613498518337,0.8833977954477382,True,0.05,80,paired cluster influence sandwich; asymptotic Bonferroni bounds,,,,,,
12,0.9,0.5,validation,generic_0.75,2.0,1.9909995955023065,0.9622846519479453,0.961889632591997,0.0003950193559483228,0.0006990709207804133,0.003847457994617045,2000,0.00265429880485567,0.9494552965047962,True,0.05,80,paired cluster influence sandwich; asymptotic Bonferroni bounds,,,,,,
12,0.9,0.5,validation,source,8.0,7.998197999765249,0.9636182172926473,0.9630471893122763,0.0005710279803710083,0.0007312534636327589,0.00373539859754862,2000,0.0029343159862337998,0.9509750103186233,True,0.05,80,paired cluster influence sandwich; asymptotic Bonferroni bounds,,,,,,
12,0.9,0.5,validation,proxy_0.5,8.0,7.998197999765249,0.8479745507529869,0.8441343625837665,0.003840188169220382,0.0010661768440573512,0.008469730314846444,2000,0.0072858921186717395,0.8167616210359446,True,0.05,80,paired cluster influence sandwich; asymptotic Bonferroni bounds,,,,,,
12,0.9,0.5,validation,generic_0.5,8.0,7.998197999765249,0.9596440225571052,0.9590644941602138,0.00057952839689146,0.0006584808997717603,0.004099756061443765,2000,0.0027076277357848014,0.9458147732237272,True,0.05,80,paired cluster influence sandwich; asymptotic Bonferroni bounds,,,,,,
12,0.9,0.5,validation,proxy_0.75,8.0,7.998197999765249,0.9073354594375124,0.9046823294341422,0.0026531300033701966,0.0010072920098419516,0.00660023774179754,2000,0.005908528088508601,0.8833514729435032,True,0.05,80,paired cluster influence sandwich; asymptotic Bonferroni bounds,,,,,,
12,0.9,0.5,validation,generic_0.75,8.0,7.998197999765249,0.9622846519479453,0.9616741220319794,0.000610529915965885,0.0006995374548264727,0.0038712012453850477,2000,0.002871317124316725,0.9491630517581378,True,0.05,80,paired cluster influence sandwich; asymptotic Bonferroni bounds,,,,,,
12,0.9,1.0,validation,source,2.0,1.9909995955023065,0.9636182172926473,0.9639622341494734,-0.0003440168568260571,0.00031968801510968644,0.003649062100926799,2000,0.0006891609526485387,0.9521690801684624,True,0.05,80,paired cluster influence sandwich; asymptotic Bonferroni bounds,,,,,,
12,0.9,1.0,validation,proxy_0.5,2.0,1.9909995955023065,0.8479745507529869,0.8464854777884117,0.0014890729645752332,0.000530760762500436,0.008379781313844098,2000,0.0032044023358283854,0.819403436258819,True,0.05,80,paired cluster influence sandwich; asymptotic Bonferroni bounds,,,,,,
12,0.9,1.0,validation,generic_0.5,2.0,1.9909995955023065,0.9596440225571052,0.9599935396834444,-0.00034951712633912724,0.0003655941859571941,0.004018928782137156,2000,0.0008320216938581301,0.947005038897332,True,0.05,80,paired cluster influence sandwich; asymptotic Bonferroni bounds,,,,,,
12,0.9,1.0,validation,proxy_0.75,2.0,1.9909995955023065,0.9073354594375124,0.906561421509654,0.0007740379278583509,0.0004798692338456433,0.006495984362495333,2000,0.0023248944518002523,0.8855674943781617,True,0.05,80,paired cluster influence sandwich; asymptotic Bonferroni bounds,,,,,,
12,0.9,1.0,validation,generic_0.75,2.0,1.9909995955023065,0.9622846519479453,0.9625946671386897,-0.00031001519074436157,0.0003459904198563004,0.003776475283568182,2000,0.0008081675599092052,0.9503897352156921,True,0.05,80,paired cluster influence sandwich; asymptotic Bonferroni bounds,,,,,,
12,0.9,1.0,validation,source,8.0,7.998197999765249,0.9636182172926473,0.963812226799113,-0.0001940095064657532,0.00029783177232016125,0.0036687674741293654,2000,0.0007685326082647691,0.9519553883715227,True,0.05,80,paired cluster influence sandwich; asymptotic Bonferroni bounds,,,,,,
12,0.9,1.0,validation,proxy_0.5,8.0,7.998197999765249,0.8479745507529869,0.846840495184264,0.0011340555687229248,0.00046754322959903375,0.008365436736832732,2000,0.0026450765234061,0.8198048129110523,True,0.05,80,paired cluster influence sandwich; asymptotic Bonferroni bounds,,,,,,
12,0.9,1.0,validation,generic_0.5,8.0,7.998197999765249,0.9596440225571052,0.9597150260362758,-7.10034791705505e-05,0.0003087959437165213,0.004051528111982229,2000,0.0009269729904641075,0.9466211697078604,True,0.05,80,paired cluster influence sandwich; asymptotic Bonferroni bounds,,,,,,
12,0.9,1.0,validation,proxy_0.75,8.0,7.998197999765249,0.9073354594375124,0.906788432633199,0.0005470268043133997,0.00042583562823329753,0.006482036776206176,2000,0.0019232558175385688,0.8858395817509516,True,0.05,80,paired cluster influence sandwich; asymptotic Bonferroni bounds,,,,,,
12,0.9,1.0,validation,generic_0.75,8.0,7.998197999765249,0.9622846519479453,0.9623851568726868,-0.00010050492474145134,0.00029778065853586547,0.0038049760599445214,2000,0.0008618719988489698,0.9500881152417456,True,0.05,80,paired cluster influence sandwich; asymptotic Bonferroni bounds,,,,,,
12,0.9,2.0,validation,source,2.0,1.9909995955023065,0.9636182172926473,0.9639452333164326,-0.00032701602378526484,0.0002827683544176998,0.00364479443281981,2000,0.000586843661901661,0.9521658717198024,True,0.05,80,paired cluster influence sandwich; asymptotic Bonferroni bounds,,,,,,
12,0.9,2.0,validation,proxy_0.5,2.0,1.9909995955023065,0.8479745507529869,0.8466964881279182,0.0012780626250686877,0.00045029380929350205,0.008366741151714475,2000,0.00273333635920041,0.8196565902055535,True,0.05,80,paired cluster influence sandwich; asymptotic Bonferroni bounds,,,,,,
12,0.9,2.0,validation,generic_0.5,2.0,1.9909995955023065,0.9596440225571052,0.959940037061816,-0.00029601450471072877,0.00033760763164457483,0.004014579810861168,2000,0.000795076486625841,0.9469655914182301,True,0.05,80,paired cluster influence sandwich; asymptotic Bonferroni bounds,,,,,,
12,0.9,2.0,validation,proxy_0.75,2.0,1.9909995955023065,0.9073354594375124,0.9068014332702301,0.0005340261672822644,0.00041275844301078116,0.006476502493550282,2000,0.001867991920880208,0.8858704682572089,True,0.05,80,paired cluster influence sandwich; asymptotic Bonferroni bounds,,,,,,
12,0.9,2.0,validation,generic_0.75,2.0,1.9909995955023065,0.9622846519479453,0.962625168633263,-0.0003405166853176489,0.000319618040777311,0.00376507307228202,2000,0.0006924349789027423,0.9504570867363002,True,0.05,80,paired cluster influence sandwich; asymptotic Bonferroni bounds,,,,,,
12,0.9,2.0,validation,source,8.0,7.998197999765249,0.9636182172926473,0.9637547239814751,-0.0001365066888278088,0.00011484389443869284,0.0036826662317461043,2000,0.0002346494311380573,0.9518529671106833,True,0.05,80,paired cluster influence sandwich; asymptotic Bonferroni bounds,,,,,,
12,0.9,2.0,validation,proxy_0.5,8.0,7.998197999765249,0.8479745507529869,0.8474520251492322,0.0005225256037546533,0.0001938502783463737,0.008340374343631997,2000,0.0011490170469175428,0.8204973403087784,True,0.05,80,paired cluster influence sandwich; asymptotic Bonferroni bounds,,,,,,
12,0.9,2.0,validation,generic_0.5,8.0,7.998197999765249,0.9596440225571052,0.9597415273348394,-9.750477773418087e-05,0.00015121229698015497,0.004046164402709358,2000,0.00039118789254304423,0.9466650056112114,True,0.05,80,paired cluster influence sandwich; asymptotic Bonferroni bounds,,,,,,
12,0.9,2.0,validation,proxy_0.75,8.0,7.998197999765249,0.9073354594375124,0.9071169487304879,0.0002185107070244996,0.0001751895050463411,0.006464187749443928,2000,0.0007846936745173998,0.886225782895849,True,0.05,80,paired cluster influence sandwich; asymptotic Bonferroni bounds,,,,,,
12,0.9,2.0,validation,generic_0.75,8.0,7.998197999765249,0.9622846519479453,0.9623631557946338,-7.850384668850463e-05,0.00013290875629969466,0.0038071024968164184,2000,0.0003510348635649806,0.950059241877947,True,0.05,80,paired cluster influence sandwich; asymptotic Bonferroni bounds,,,,,,
12,0.9,5.0,validation,source,2.0,1.9909995955023065,0.9636182172926473,0.963921232140375,-0.0003030148477276562,0.0006549586823127328,0.003596072176243947,2000,0.0018137012776987598,0.9522993326691374,True,0.05,80,paired cluster influence sandwich; asymptotic Bonferroni bounds,,,,,,
12,0.9,5.0,validation,proxy_0.5,2.0,1.9909995955023065,0.8479745507529869,0.8447453925242338,0.0032291582287531373,0.0009974301857644387,0.008423443535227748,2000,0.0064526845598180185,0.8175222420505648,True,0.05,80,paired cluster influence sandwich; asymptotic Bonferroni bounds,,,,,,
12,0.9,5.0,validation,generic_0.5,2.0,1.9909995955023065,0.9596440225571052,0.9598810341706743,-0.0002370116135690381,0.0006879626887988953,0.0039771028219121205,2000,0.0019863679008917125,0.9470277078419141,True,0.05,80,paired cluster influence sandwich; asymptotic Bonferroni bounds,,,,,,
12,0.9,5.0,validation,proxy_0.75,2.0,1.9909995955023065,0.9073354594375124,0.90586838755099,0.0014670718865223975,0.0009316268500687782,0.006506092078684672,2000,0.004477932921996396,0.8848417939835423,True,0.05,80,paired cluster influence sandwich; asymptotic Bonferroni bounds,,,,,,
12,0.9,5.0,validation,generic_0.75,2.0,1.9909995955023065,0.9622846519479453,0.9625571653010996,-0.00027251335315425784,0.0007005058162660706,0.003726492615467577,2000,0.0019914034362370227,0.9505137689412109,True,0.05,80,paired cluster influence sandwich; asymptotic Bonferroni bounds,,,,,,
12,0.9,5.0,validation,source,8.0,7.998197999765249,0.9636182172926473,0.9638622292492331,-0.0002440119565858545,0.0002069457180735759,0.0036603188806941184,2000,0.00042480174168821013,0.9520326952523565,True,0.05,80,paired cluster influence sandwich; asymptotic Bonferroni bounds,,,,,,
12,0.9,5.0,validation,proxy_0.5,8.0,7.998197999765249,0.8479745507529869,0.8472055130701405,0.0007690376828464185,0.0003282585127436561,0.008346272264087363,2000,0.0018299138968687538,0.8202317671443519,True,0.05,80,paired cluster influence sandwich; asymptotic Bonferroni bounds,,,,,,
12,0.9,5.0,validation,generic_0.5,8.0,7.998197999765249,0.9596440225571052,0.9597470276043526,-0.00010300504724736204,0.0002386437399809926,0.004036288241594677,2000,0.0006682513179116215,0.946702423969687,True,0.05,80,paired cluster influence sandwich; asymptotic Bonferroni bounds,,,,,,
12,0.9,5.0,validation,proxy_0.75,8.0,7.998197999765249,0.9073354594375124,0.9069994429727056,0.0003360164648067432,0.0002967639762265031,0.006468085052727134,2000,0.0012951076424458866,0.8860956817104039,True,0.05,80,paired cluster influence sandwich; asymptotic Bonferroni bounds,,,,,,
12,0.9,5.0,validation,generic_0.75,8.0,7.998197999765249,0.9622846519479453,0.962523163635018,-0.00023851168707267334,0.000234114295144438,0.0037802724868774605,2000,0.000518106275415,0.9503059597906103,True,0.05,80,paired cluster influence sandwich; asymptotic Bonferroni bounds,,,,,,
12,0.9,0.5,test,source,2.0,,0.9616840984505525,0.9600579992074643,0.0016260992430882082,0.0007195327804842614,0.004167826181052828,2000,0.0039515079755076225,0.9465882871116461,True,0.05,80,paired cluster influence sandwich; asymptotic Bonferroni bounds,0.001380933511053395,0.0002451657320348133,0.9598174402159867,0.0,0.0,0.0
12,0.9,0.5,test,source,8.0,,0.9616840984505525,0.960222110146459,0.0014619883040934978,0.0007215689474683913,0.004148220755320245,2000,0.0037939775851883635,0.9468157594838346,True,0.05,80,paired cluster influence sandwich; asymptotic Bonferroni bounds,0.001380933511053395,8.105479304010288e-05,0.9601281067307756,0.0,0.0,0.0
12,0.9,0.5,test,proxy_0,2.0,,0.6759339313375842,0.6714143761182559,0.004519555219328231,0.001151922880309266,0.011983464413567404,2000,0.008242375912976229,0.6326858378948935,True,0.05,80,paired cluster influence sandwich; asymptotic Bonferroni bounds,0.004072252842921897,0.0004473023764063333,0.701105249901801,0.0028934559762400225,0.0026913193318685025,0.00020213664437152
12,0.9,0.5,test,proxy_0,8.0,,0.6759339313375842,0.6718061409512831,0.004127790386301067,0.0011462108870510528,0.011977710424073397,2000,0.007832150879993713,0.6330961986526353,True,0.05,80,paired cluster influence sandwich; asymptotic Bonferroni bounds,0.004072252842921897,5.5537543379169385e-05,0.702337844947122,0.002665802082207569,0.0026913193318685025,-2.5517249660933494e-05
12,0.9,0.5,test,proxy_0.25,2.0,,0.7638183411986503,0.7600913217334917,0.003727019465158632,0.0011177209941981817,0.010458432161517282,2000,0.007339305424622036,0.7262914308384023,True,0.05,80,paired cluster influence sandwich; asymptotic Bonferroni bounds,0.0035028679387266726,0.00022415152643195935,0.778892902121488,0.0021009202220704237,0.0021219344276732777,-2.101420560285394e-05
12,0.9,0.5,test,proxy_0.25,8.0,,0.7638183411986503,0.7603154732599237,0.0035028679387266726,0.00111173445904743,0.010453382303263176,2000,0.007095806425087983,0.7265319026560011,True,0.05,80,paired cluster influence sandwich; asymptotic Bonferroni bounds,0.0035028679387266726,0.0,0.7796219603730105,0.002040879634633175,0.0021219344276732777,-8.105479304010288e-05
12,0.9,1.0,test,source,2.0,,0.9616840984505525,0.9609375938134178,0.0007465046371346595,0.0003326063302450981,0.004112723466002532,2000,0.0018214322648785694,0.9476459644099153,True,0.05,80,paired cluster influence sandwich; asymptotic Bonferroni bounds,0.00010657204270092535,0.0006399325944337342,0.95915023046627,0.0,0.0,0.0
12,0.9,1.0,test,source,8.0,,0.9616840984505525,0.9614129151306282,0.0002711833199242619,0.00028543969514926813,0.004064437540987012,2000,0.0011936763288355667,0.9482773377024206,True,0.05,80,paired cluster influence sandwich; asymptotic Bonferroni bounds,0.00010657204270092535,0.00016461127722333657,0.9604574884821575,0.0,0.0,0.0
12,0.9,1.0,test,proxy_0,2.0,,0.6759339313375842,0.674251794212888,0.0016821371246962258,0.0005915355440762996,0.011949090273447828,2000,0.0035938803517465805,0.6356343474196473,True,0.05,80,paired cluster influence sandwich; asymptotic Bonferroni bounds,0.0008740908854384388,0.000808046239257787,0.7028684260471355,0.0009356324875615663,0.0007675188427375135,0.00016811364482405278
12,0.9,1.0,test,proxy_0,8.0,,0.6759339313375842,0.6749212467628115,0.0010126845747726598,0.000509390407094366,0.011937595932888219,2000,0.0026589485574513875,0.6363409477418971,True,0.05,80,paired cluster influence sandwich; asymptotic Bonferroni bounds,0.0008740908854384388,0.000138593689334221,0.7044752345122393,0.0007415012548483979,0.0007675188427375135,-2.6017587889115568e-05
12,0.9,1.0,test,proxy_0.25,2.0,,0.7638183411986503,0.7627766370066165,0.0010417041920338654,0.0005736237346782311,0.010397440120588328,2000,0.0028955594685732403,0.7291738621129534,True,0.05,80,paired cluster influence sandwich; asymptotic Bonferroni bounds,0.0004758216554391348,0.0005658825365947306,0.7807529064022609,0.0002951995548992059,0.00036924961273820944,-7.405005783900354e-05
12,0.9,1.0,test,proxy_0.25,8.0,,0.7638183411986503,0.7632619650883997,0.0005563761102506115,0.00048805756493520655,0.010384762779283987,2000,0.0021336959408493643,0.729700161226179,True,0.05,80,paired cluster influence sandwich; asymptotic Bonferroni bounds,0.0004758216554391348,8.055445481147672e-05,0.7821629021690539,0.0002851927903263496,0.00036924961273820944,-8.405682241185986e-05
12,0.9,2.0,test,source,2.0,,0.9616840984505525,0.9608035031681416,0.000880595282410912,0.00027310107607281475,0.004129993267901273,2000,0.0017632119530585576,0.9474560606742118,True,0.05,80,paired cluster influence sandwich; asymptotic Bonferroni bounds,-8.005411658351669e-06,0.0008886006940692637,0.9581503150245564,0.0,0.0,0.0
12,0.9,2.0,test,source,8.0,,0.9616840984505525,0.9614759577474372,0.000208140703115256,0.00011747747531868379,0.004067336001715537,2000,0.0005878081128263121,0.9483310129824363,True,0.05,80,paired cluster influence sandwich; asymptotic Bonferroni bounds,-8.005411658351669e-06,0.00021614611477360768,0.9598327486214845,0.0,0.0,0.0
12,0.9,2.0,test,proxy_0,2.0,,0.6759339313375842,0.6741877509196217,0.001746180417962484,0.0005006073030574019,0.011953778232213342,2000,0.0033640588880151454,0.635555153433395,True,0.05,80,paired cluster influence sandwich; asymptotic Bonferroni bounds,0.00014009470401987745,0.0016060857139426066,0.701795532470394,0.000865585135551572,0.00014810011567822912,0.0007174850198733429
12,0.9,2.0,test,proxy_0,8.0,,0.6759339313375842,0.6754796242259767,0.00045430711160743265,0.00020927146732320246,0.011932625851154226,2000,0.0011306372396553562,0.6369153876719555,True,0.05,80,paired cluster influence sandwich; asymptotic Bonferroni bounds,0.00014009470401987745,0.0003142124075875552,0.704175948545835,0.00024616640849217664,0.00014810011567822912,9.806629281394752e-05
12,0.9,2.0,test,proxy_0.25,2.0,,0.7638183411986503,0.7626585571846569,0.0011597840139934146,0.0004901880813521504,0.010403390642459836,2000,0.0027439893147401563,0.7290365512067435,True,0.05,80,paired cluster influence sandwich; asymptotic Bonferroni bounds,2.001352914571264e-05,0.001139770484847702,0.780040862210665,0.00027918873158250257,2.8018940804064307e-05,0.00025116979077843826
12,0.9,2.0,test,proxy_0.25,8.0,,0.7638183411986503,0.7636182059071931,0.0002001352914572374,0.00020250394061006424,0.010378311972460344,2000,0.0008545939132410243,0.7300772499659091,True,0.05,80,paired cluster influence sandwich; asymptotic Bonferroni bounds,2.001352914571264e-05,0.00018012176231152477,0.7821830968184251,-8.005411658018602e-06,2.8018940804064307e-05,-3.602435246208291e-05
12,0.9,5.0,test,source,2.0,,0.9616840984505525,0.958449912140607,0.0032341863099454304,0.0007538461633573351,0.004350773033416161,2000,0.005670490115301194,0.9443889466375877,True,0.05,80,paired cluster influence sandwich; asymptotic Bonferroni bounds,-2.220446049250313e-16,0.0032341863099456525,0.9549332844452338,0.0,0.0,0.0
12,0.9,5.0,test,source,8.0,,0.9616840984505525,0.9610876952820107,0.0005964031685418147,0.00020339039667151472,0.00410152904742089,2000,0.0012537266669818336,0.9478322443535272,True,0.05,80,paired cluster influence sandwich; asymptotic Bonferroni bounds,-2.220446049250313e-16,0.0005964031685420368,0.9585549854392504,0.0,0.0,0.0
12,0.9,5.0,test,proxy_0,2.0,,0.6759339313375842,0.6706483582902042,0.005285573047379977,0.0012047379561991424,0.011996037425918918,2000,0.009179083168957936,0.6318791862089995,True,0.05,80,paired cluster influence sandwich; asymptotic Bonferroni bounds,0.0,0.005285573047379977,0.6967106605970073,0.0020513867374345462,2.220446049250313e-16,0.002051386737434324
12,0.9,5.0,test,proxy_0,8.0,,0.6759339313375842,0.6748511994108017,0.001082731926782432,0.00036146202122462915,0.011942113567982346,2000,0.0022509162866777765,0.6362563001543141,True,0.05,80,paired cluster influence sandwich; asymptotic Bonferroni bounds,0.0,0.001082731926782432,0.7026688461177268,0.0004863287582406173,2.220446049250313e-16,0.00048632875824039523
12,0.9,5.0,test,proxy_0.25,2.0,,0.7638183411986503,0.759286277523606,0.004532063675044329,0.0011615341951122858,0.010492560972635763,2000,0.008285946518992043,0.7253760880603978,True,0.05,80,paired cluster influence sandwich; asymptotic Bonferroni bounds,0.0,0.004532063675044329,0.7748734559244888,0.0012978773650988984,2.220446049250313e-16,0.0012978773650986763
12,0.9,5.0,test,proxy_0.25,8.0,,0.7638183411986503,0.763006792591792,0.0008115486068582811,0.000352947920846251,0.010393601443470514,2000,0.0019522168286351495,0.7294164236559016,True,0.05,80,paired cluster influence sandwich; asymptotic Bonferroni bounds,0.0,0.0008115486068582811,0.7806776864411782,0.00021514543831646638,2.220446049250313e-16,0.00021514543831624433
13,0.9,0.5,validation,source,2.0,1.9909995955023065,0.9603171983810042,0.9585404833984912,0.0017767149825129724,0.0006384655385803302,0.0042583468680888435,2000,0.0038401280458682414,0.9447782236914906,True,0.05,80,paired cluster influence sandwich; asymptotic Bonferroni bounds,,,,,,
13,0.9,0.5,validation,proxy_0.5,2.0,1.9909995955023065,0.8461923892791028,0.8409977607290483,0.005194628550054481,0.0010181415541529223,0.008580181389754912,2000,0.008485090534667379,0.813268059913958,True,0.05,80,paired cluster influence sandwich; asymptotic Bonferroni bounds,,,,,,
13,0.9,0.5,validation,generic_0.5,2.0,1.9909995955023065,0.9569447903196286,0.9549805526468704,0.001964237672758218,0.0006384817162882879,0.004579312848912661,2000,0.004027703019740273,0.9401809849604962,True,0.05,80,paired cluster influence sandwich; asymptotic Bonferroni bounds,,,,,,
13,0.9,0.5,validation,proxy_0.75,2.0,1.9909995955023065,0.9132214998014759,0.9097990856893685,0.003422414112107419,0.0008298077074834157,0.006373610496932036,2000,0.006104212831426611,0.889200650276001,True,0.05,80,paired cluster influence sandwich; asymptotic Bonferroni bounds,,,,,,
13,0.9,0.5,validation,generic_0.75,2.0,1.9909995955023065,0.9592680714366439,0.9572338252928605,0.002034246143783447,0.0006244982084164548,0.004406380758311275,2000,0.004052519149016831,0.9429931449907821,True,0.05,80,paired cluster influence sandwich; asymptotic Bonferroni bounds,,,,,,
13,0.9,0.5,validation,source,8.0,7.998197999765249,0.9603171983810042,0.9587825126840347,0.0015346856969694622,0.0006174604366829367,0.004239115412966284,2000,0.003530213809558924,0.9450824058002162,True,0.05,80,paired cluster influence sandwich; asymptotic Bonferroni bounds,,,,,,
13,0.9,0.5,validation,proxy_0.5,8.0,7.998197999765249,0.8461923892791028,0.8413663053229442,0.004826083956158578,0.0009791701814221162,0.008567899019808485,2000,0.007990597029310351,0.8136762990584052,True,0.05,80,paired cluster influence sandwich; asymptotic Bonferroni bounds,,,,,,
13,0.9,0.5,validation,generic_0.5,8.0,7.998197999765249,0.9569447903196286,0.9551525734613889,0.0017922168582397147,0.0006236964630324688,0.004562480928095558,2000,0.0038078987574558815,0.9404074037075524,True,0.05,80,paired cluster influence sandwich; asymptotic Bonferroni bounds,,,,,,
13,0.9,0.5,validation,proxy_0.75,8.0,7.998197999765249,0.9132214998014759,0.9100786195129611,0.0031428802885148377,0.0007980965066048356,0.006359706776996301,2000,0.00572219374873447,0.889525118580174,True,0.05,80,paired cluster influence sandwich; asymptotic Bonferroni bounds,,,,,,
13,0.9,0.5,validation,generic_0.75,8.0,7.998197999765249,0.9592680714366439,0.9574358497378183,0.0018322216988256868,0.0006004233405471956,0.004384252790601394,2000,0.0037726887868118533,0.9432666832996511,True,0.05,80,paired cluster influence sandwich; asymptotic Bonferroni bounds,,,,,,
13,0.9,1.0,validation,source,2.0,1.9909995955023065,0.9603171983810042,0.9590950505011108,0.0012221478798933871,0.00038999731614286514,0.004204997595749899,2000,0.0024825535058446992,0.9455052066549716,True,0.05,80,paired cluster influence sandwich; asymptotic Bonferroni bounds,,,,,,
13,0.9,1.0,validation,proxy_0.5,2.0,1.9909995955023065,0.8461923892791028,0.8425639502379787,0.0036284390411240874,0.000689320355483212,0.008511416361925078,2000,0.0058562063055929755,0.8150564864085237,True,0.05,80,paired cluster influence sandwich; asymptotic Bonferroni bounds,,,,,,
13,0.9,1.0,validation,generic_0.5,2.0,1.9909995955023065,0.9569447903196286,0.9559206664006343,0.001024123918994313,0.0003650307463020094,0.0044809091108869116,2000,0.002203841797144321,0.9414391230182448,True,0.05,80,paired cluster influence sandwich; asymptotic Bonferroni bounds,,,,,,
13,0.9,1.0,validation,proxy_0.75,2.0,1.9909995955023065,0.9132214998014759,0.9108792163851827,0.002342283416293278,0.0005209472872925667,0.006306881868578641,2000,0.0040258972888746365,0.890496436657399,True,0.05,80,paired cluster influence sandwich; asymptotic Bonferroni bounds,,,,,,
13,0.9,1.0,validation,generic_0.75,2.0,1.9909995955023065,0.9592680714366439,0.9580949294864678,0.0011731419501761486,0.0003755881536546499,0.004315861854707167,2000,0.002386979590365374,0.9441467910318204,True,0.05,80,paired cluster influence sandwich; asymptotic Bonferroni bounds,,,,,,
13,0.9,1.0,validation,source,8.0,7.998197999765249,0.9603171983810042,0.9595411044736413,0.0007760939073628847,0.00030263087455646053,0.004164652545140795,2000,0.0017541459120536018,0.946081649034453,True,0.05,80,paired cluster influence sandwich; asymptotic Bonferroni bounds,,,,,,
13,0.9,1.0,validation,proxy_0.5,8.0,7.998197999765249,0.8461923892791028,0.8431970268402477,0.0029953624388551203,0.00059269755256197,0.00848855245238892,2000,0.0049108610815766065,0.815763455314708,True,0.05,80,paired cluster influence sandwich; asymptotic Bonferroni bounds,,,,,,
13,0.9,1.0,validation,generic_0.5,8.0,7.998197999765249,0.9569447903196286,0.9562587073035838,0.0006860830160448916,0.00030886480227230556,0.0044453264866903906,2000,0.0016842820249317776,0.9418921609682688,True,0.05,80,paired cluster influence sandwich; asymptotic Bonferroni bounds,,,,,,
13,0.9,1.0,validation,proxy_0.75,8.0,7.998197999765249,0.9132214998014759,0.911413281007002,0.0018082187944739037,0.0004305264075708771,0.006279884905645871,2000,0.0031996076162989235,0.8911177509154481,True,0.05,80,paired cluster influence sandwich; asymptotic Bonferroni bounds,,,,,,
13,0.9,1.0,validation,generic_0.75,8.0,7.998197999765249,0.9592680714366439,0.9584339705104318,0.0008341009262121668,0.00030356396897534914,0.004284497968689115,2000,0.0018151685348735537,0.9445871948517641,True,0.05,80,paired cluster influence sandwich; asymptotic Bonferroni bounds,,,,,,
13,0.9,2.0,validation,source,2.0,1.9909995955023065,0.9603171983810042,0.958982036826456,0.0013351615545481588,0.0003745546631512499,0.0042111478960314055,2000,0.0025456591275345225,0.9453723162459003,True,0.05,80,paired cluster influence sandwich; asymptotic Bonferroni bounds,,,,,,
13,0.9,2.0,validation,proxy_0.5,2.0,1.9909995955023065,0.8461923892791028,0.8428304824883811,0.0033619067907216804,0.0006427533651974346,0.008493192500899159,2000,0.005439177387366543,0.8153819151077293,True,0.05,80,paired cluster influence sandwich; asymptotic Bonferroni bounds,,,,,,
13,0.9,2.0,validation,generic_0.5,2.0,1.9909995955023065,0.9569447903196286,0.9559051645249076,0.0010396257947210552,0.0003402043218395011,0.004478432884644097,2000,0.0021391088513233736,0.9414316238885843,True,0.05,80,paired cluster influence sandwich; asymptotic Bonferroni bounds,,,,,,
13,0.9,2.0,validation,proxy_0.75,2.0,1.9909995955023065,0.9132214998014759,0.9109472246141783,0.002274275187297614,0.0004819594592425945,0.006299694062826785,2000,0.003831886967598404,0.8905876746637107,True,0.05,80,paired cluster influence sandwich; asymptotic Bonferroni bounds,,,,,,
13,0.9,2.0,validation,generic_0.75,2.0,1.9909995955023065,0.9592680714366439,0.9580059187161646,0.0012621527204793592,0.00034409324811117756,0.004324035602375575,2000,0.0023742041316544954,0.9440313640860207,True,0.05,80,paired cluster influence sandwich; asymptotic Bonferroni bounds,,,,,,
13,0.9,2.0,validation,source,8.0,7.998197999765249,0.9603171983810042,0.9595881101613295,0.0007290882196746562,0.00022057897644472963,0.004152480893903426,2000,0.0014419623123150126,0.9461679914484767,True,0.05,80,paired cluster influence sandwich; asymptotic Bonferroni bounds,,,,,,
13,0.9,2.0,validation,proxy_0.5,8.0,7.998197999765249,0.8461923892791028,0.8435360678642115,0.0026563214148912495,0.0005104889320237951,0.008467289899281217,2000,0.004306135645081919,0.8161712133283786,True,0.05,80,paired cluster influence sandwich; asymptotic Bonferroni bounds,,,,,,
13,0.9,2.0,validation,generic_0.5,8.0,7.998197999765249,0.9569447903196286,0.9564857347739076,0.00045905554572100993,0.00022408444583857116,0.004420444767727748,2000,0.0011832587249030271,0.9421996019626497,True,0.05,80,paired cluster influence sandwich; asymptotic Bonferroni bounds,,,,,,
13,0.9,2.0,validation,proxy_0.75,8.0,7.998197999765249,0.9132214998014759,0.911617305693989,0.0016041941074869115,0.00035105437193327064,0.006260503465222623,2000,0.0027387426981685236,0.8913844131528421,True,0.05,80,paired cluster influence sandwich; asymptotic Bonferroni bounds,,,,,,
13,0.9,2.0,validation,generic_0.75,8.0,7.998197999765249,0.9592680714366439,0.9586169926561113,0.0006510787805326101,0.00021190943655046066,0.004264379039763903,2000,0.0013359343807248208,0.9448352379864501,True,0.05,80,paired cluster influence sandwich; asymptotic Bonferroni bounds,,,,,,
13,0.9,5.0,validation,source,2.0,1.9909995955023065,0.9603171983810042,0.9580839281553067,0.0022332702256974146,0.0006480708256714037,0.00434725398804057,2000,0.00432772595880283,0.944034335614115,True,0.05,80,paired cluster influence sandwich; asymptotic Bonferroni bounds,,,,,,
13,0.9,5.0,validation,proxy_0.5,2.0,1.9909995955023065,0.8461923892791028,0.8455893163072731,0.0006030729718297101,0.0010526902659544486,0.008452013231233749,2000,0.004005190572831677,0.8182738333890278,True,0.05,80,paired cluster influence sandwich; asymptotic Bonferroni bounds,,,,,,
13,0.9,5.0,validation,generic_0.5,2.0,1.9909995955023065,0.9569447903196286,0.954978552404841,0.001966237914787672,0.000630699494768422,0.004587719605252731,2000,0.004004552432828009,0.9401518154981966,True,0.05,80,paired cluster influence sandwich; asymptotic Bonferroni bounds,,,,,,
13,0.9,5.0,validation,proxy_0.75,2.0,1.9909995955023065,0.9132214998014759,0.9114232822171483,0.0017982175843276327,0.0008046041781949464,0.006349039896432892,2000,0.004398562742829554,0.8909042548453756,True,0.05,80,paired cluster influence sandwich; asymptotic Bonferroni bounds,,,,,,
13,0.9,5.0,validation,generic_0.75,2.0,1.9909995955023065,0.9592680714366439,0.9571678173058941,0.002100254130749879,0.0006285459577641465,0.00444586861337936,2000,0.00413160877998207,0.9427995189084483,True,0.05,80,paired cluster influence sandwich; asymptotic Bonferroni bounds,,,,,,
13,0.9,5.0,validation,source,8.0,7.998197999765249,0.9603171983810042,0.9598981476758688,0.0004190507051353709,0.00022734374612377308,0.0041448856850230765,2000,0.0011537873937701257,0.9465025753986114,True,0.05,80,paired cluster influence sandwich; asymptotic Bonferroni bounds,,,,,,
13,0.9,5.0,validation,proxy_0.5,8.0,7.998197999765249,0.8461923892791028,0.8465634341755351,-0.00037104489643235983,0.0003820745775056608,0.008375757286935263,2000,0.000863755772925825,0.8194943976230151,True,0.05,80,paired cluster influence sandwich; asymptotic Bonferroni bounds,,,,,,
13,0.9,5.0,validation,generic_0.5,8.0,7.998197999765249,0.9569447903196286,0.9563822222488921,0.0005625680707365133,0.00022150623129688023,0.0044386919286030935,2000,0.0012784388948515885,0.9420371176876428,True,0.05,80,paired cluster influence sandwich; asymptotic Bonferroni bounds,,,,,,
13,0.9,5.0,validation,proxy_0.75,8.0,7.998197999765249,0.9132214998014759,0.9130884837065285,0.0001330160949474246,0.00028687570728210503,0.006210908173951493,2000,0.001060150053158234,0.893015874791836,True,0.05,80,paired cluster influence sandwich; asymptotic Bonferroni bounds,,,,,,
13,0.9,5.0,validation,generic_0.75,8.0,7.998197999765249,0.9592680714366439,0.9588020150438202,0.0004660563928237105,0.00021677291347499758,0.004270107941736452,2000,0.0011666299311237954,0.9450017455280874,True,0.05,80,paired cluster influence sandwich; asymptotic Bonferroni bounds,,,,,,
13,0.9,0.5,test,source,2.0,,0.9619125632231847,0.9602982904110794,0.0016142728121053551,0.000525591635601647,0.004089727283087043,2000,0.0033128964360243304,0.9470809807967712,True,0.05,80,paired cluster influence sandwich; asymptotic Bonferroni bounds,0.0014662477958775622,0.00014802501622779296,0.9588730000481793,0.0,0.0,0.0
13,0.9,0.5,test,source,8.0,,0.9619125632231847,0.9604083090042217,0.0015042542189630526,0.0004985714179161612,0.004074689182627239,2000,0.0031155530512090002,0.9472395999972475,True,0.05,80,paired cluster influence sandwich; asymptotic Bonferroni bounds,0.0014662477958775622,3.8006423085490404e-05,0.9590050981807877,0.0,0.0,0.0
13,0.9,0.5,test,proxy_0,2.0,,0.6787087017705993,0.6701612572524757,0.008547444518123615,0.0012392060499556718,0.012002851606975368,2000,0.012552349712150308,0.6313700628860288,True,0.05,80,paired cluster influence sandwich; asymptotic Bonferroni bounds,0.0080943679481833,0.00045307656994031387,0.690218962047165,0.00693317170601826,0.006628120152305739,0.0003050515537125209
13,0.9,0.5,test,proxy_0,8.0,,0.6787087017705993,0.6704563071159025,0.008252394654696737,0.0012176720470759848,0.011998487428819432,2000,0.012187705579082699,0.6316792170380564,True,0.05,80,paired cluster influence sandwich; asymptotic Bonferroni bounds,0.0080943679481833,0.00015802670651343664,0.6907313033500058,0.006748140435733685,0.006628120152305739,0.00012002028342794624
13,0.9,0.5,test,proxy_0.25,2.0,,0.7694640394226625,0.7631879787684119,0.00627606065425057,0.001049492364471215,0.010407501511021522,2000,0.009667843176384382,0.7295526871558332,True,0.05,80,paired cluster influence sandwich; asymptotic Bonferroni bounds,0.005894496169852714,0.00038156448439785606,0.7687252175035854,0.004661787842145215,0.004428248373975152,0.0002335394681700631
13,0.9,0.5,test,proxy_0.25,8.0,,0.7694640394226625,0.7634400213636104,0.006024018059052061,0.0010161869037173994,0.010399975287881651,2000,0.009308162942742145,0.7298290532363354,True,0.05,80,paired cluster influence sandwich; asymptotic Bonferroni bounds,0.005894496169852714,0.0001295218891993466,0.7692865022945341,0.004519763840089008,0.004428248373975152,9.151546611385619e-05
13,0.9,1.0,test,source,2.0,,0.9619125632231847,0.9611129280848464,0.0007996351383383615,0.00031982273115105993,0.004002949477070579,2000,0.00183324832736411,0.9481760697207996,True,0.05,80,paired cluster influence sandwich; asymptotic Bonferroni bounds,0.0005075857819971663,0.0002920493563411952,0.9600736142467389,0.0,0.0,0.0
13,0.9,1.0,test,source,8.0,,0.9619125632231847,0.9613434670459307,0.0005690961772540915,0.00023218857802917623,0.003981195687699849,2000,0.0013194905464358623,0.948476913264438,True,0.05,80,paired cluster influence sandwich; asymptotic Bonferroni bounds,0.0005075857819971663,6.151039525692514e-05,0.9602638941885607,0.0,0.0,0.0
13,0.9,1.0,test,proxy_0,2.0,,0.6787087017705993,0.6719655621800085,0.006743139590590808,0.001007552485473463,0.011979718624888624,2000,0.009999379489089948,0.633249129714632,True,0.05,80,paired cluster influence sandwich; asymptotic Bonferroni bounds,0.005910998958824076,0.0008321406317667313,0.6921942452638841,0.005943504452252446,0.00540341317682691,0.000540091275425536
13,0.9,1.0,test,proxy_0,8.0,,0.6787087017705993,0.6725756652874336,0.006133036483165655,0.0009336513037287362,0.01197083446405944,2000,0.009150440211824635,0.6338879449332113,True,0.05,80,paired cluster influence sandwich; asymptotic Bonferroni bounds,0.005910998958824076,0.00022203752434157842,0.6938850295268246,0.005563940305911563,0.00540341317682691,0.00016052712908465328
13,0.9,1.0,test,proxy_0.25,2.0,,0.7694640394226625,0.7651923175016576,0.0042717219210048896,0.0007603652617694494,0.010354611507763086,2000,0.006729094354206669,0.7317279574696416,True,0.05,80,paired cluster influence sandwich; asymptotic Bonferroni bounds,0.003584105713865804,0.0006876162071390857,0.7711046573000255,0.003472086782666528,0.0030765199318686376,0.00039556685079789045
13,0.9,1.0,test,proxy_0.25,8.0,,0.7694640394226625,0.7657244074248547,0.003739631997807802,0.0006516231837064761,0.010340211913626902,2000,0.005845568353644371,0.732306584455299,True,0.05,80,paired cluster influence sandwich; asymptotic Bonferroni bounds,0.003584105713865804,0.00015552628394199797,0.7726403168963709,0.0031705358205537104,0.0030765199318686376,9.401588868507282e-05
13,0.9,2.0,test,source,2.0,,0.9619125632231847,0.9611774389871888,0.0007351242359959764,0.00033555581056518574,0.0039989727303894,2000,0.001819584087258341,0.948253432798484,True,0.05,80,paired cluster influence sandwich; asymptotic Bonferroni bounds,0.00027804698994127186,0.00045707724605470457,0.9599950214565071,0.0,0.0,0.0
13,0.9,2.0,test,source,8.0,,0.9619125632231847,0.9615194967949583,0.00039306642822645177,0.00018745797016032334,0.003964178863948375,2000,0.000998899008194598,0.9487079385211381,True,0.05,80,paired cluster influence sandwich; asymptotic Bonferroni bounds,0.00027804698994127186,0.00011501943828517991,0.9603713944013814,0.0,0.0,0.0
13,0.9,2.0,test,proxy_0,2.0,,0.6787087017705993,0.6725236564979481,0.0061850452726511795,0.0009196564285255439,0.011963785468885713,2000,0.009157219922261501,0.6338587173086377,True,0.05,80,paired cluster influence sandwich; asymptotic Bonferroni bounds,0.005565940643968981,0.0006191046286821988,0.691616971691552,0.005449921036655203,0.005287893654027709,0.00016202738262749428
13,0.9,2.0,test,proxy_0,8.0,,0.6787087017705993,0.6729207236022887,0.005787978168310559,0.0008726786259588818,0.011965109295254168,2000,0.008608328474011395,0.6342515060291704,True,0.05,80,paired cluster influence sandwich; asymptotic Bonferroni bounds,0.005565940643968981,0.00022203752434157842,0.6941972965844995,0.005394911740084107,0.005287893654027709,0.00010701808605639851
13,0.9,2.0,test,proxy_0.25,2.0,,0.7694640394226625,0.7656373927193696,0.003826646703292913,0.0007492000791370545,0.01034032017142763,2000,0.006247935147138495,0.7322192198788392,True,0.05,80,paired cluster influence sandwich; asymptotic Bonferroni bounds,0.003042514184897205,0.0007841325183957082,0.7706778312439413,0.0030915224672969366,0.002764467194955933,0.0003270552723410036
13,0.9,2.0,test,proxy_0.25,8.0,,0.7694640394226625,0.7662034883895378,0.0032605510331247256,0.0005876414887649485,0.01032616416037133,2000,0.005159709329410084,0.7328310653919881,True,0.05,80,paired cluster influence sandwich; asymptotic Bonferroni bounds,0.003042514184897205,0.00021803684822752079,0.7729010322213523,0.002867484604898274,0.002764467194955933,0.00010301740994234088
13,0.9,5.0,test,source,2.0,,0.9619125632231847,0.9603813044404502,0.0015312587827345236,0.0005682585916243577,0.004073073476502379,2000,0.0033677748207478096,0.9472178171234861,True,0.05,80,paired cluster influence sandwich; asymptotic Bonferroni bounds,0.0,0.0015312587827345236,0.9581497867275725,0.0,0.0,0.0
13,0.9,5.0,test,source,8.0,,0.9619125632231847,0.9617185304316429,0.00019403279154184272,0.00021004208429515285,0.003951716675299901,2000,0.0008728534238232469,0.9489472478521263,True,0.05,80,paired cluster influence sandwich; asymptotic Bonferroni bounds,0.0,0.00019403279154184272,0.9606385091984171,0.0,0.0,0.0
13,0.9,5.0,test,proxy_0,2.0,,0.6787087017705993,0.6844291685294814,-0.005720466758882159,0.001617383291689965,0.011706607673363555,2000,-0.000493356428156416,0.6465953846505506,True,0.05,80,paired cluster influence sandwich; asymptotic Bonferroni bounds,0.0,-0.005720466758882159,0.6929241247187947,-0.007251725541616683,0.0,-0.007251725541616683
13,0.9,5.0,test,proxy_0,8.0,,0.6787087017705993,0.6814191598380125,-0.002710458067413213,0.0006222617797439348,0.011774679144450005,2000,-0.000699412822895624,0.6433653804320029,True,0.05,80,paired cluster influence sandwich; asymptotic Bonferroni bounds,0.0,-0.002710458067413213,0.6988947930228668,-0.0029044908589550555,0.0,-0.0029044908589550555
13,0.9,5.0,test,proxy_0.25,2.0,,0.7694640394226625,0.7717729296251066,-0.0023088902024440694,0.0013301355738585664,0.010187846247989275,2000,0.0019898838946452784,0.73884752681903,True,0.05,80,paired cluster influence sandwich; asymptotic Bonferroni bounds,-1.1102230246251565e-16,-0.0023088902024439584,0.7704761431176405,-0.003840148985178593,-1.1102230246251565e-16,-0.003840148985178482
13,0.9,5.0,test,proxy_0.25,8.0,,0.7694640394226625,0.7706272360028844,-0.0011631965802219035,0.0004871151809638899,0.010207867875970934,2000,0.0004110776241376705,0.7376371266680594,True,0.05,80,paired cluster influence sandwich; asymptotic Bonferroni bounds,-1.1102230246251565e-16,-0.0011631965802217925,0.7758967232832454,-0.0013572293717637463,-1.1102230246251565e-16,-0.0013572293717636352
14,0.9,0.5,validation,source,2.0,1.9909995955023065,0.9605454896898183,0.956939004225427,0.0036064854643913513,0.0008284064123438148,0.004276253799189426,2000,0.006283755433884675,0.943118872333751,True,0.05,80,paired cluster influence sandwich; asymptotic Bonferroni bounds,,,,,,
14,0.9,0.5,validation,proxy_0.5,2.0,1.9909995955023065,0.8461755329856712,0.8388453838288037,0.0073301491568674715,0.0012134165821553518,0.008683238797982485,2000,0.01125170713551511,0.810782618831604,True,0.05,80,paired cluster influence sandwich; asymptotic Bonferroni bounds,,,,,,
14,0.9,0.5,validation,generic_0.5,2.0,1.9909995955023065,0.9572059101893982,0.9544006433785788,0.0028052668108193846,0.0008297051324546544,0.004445019051898678,2000,0.00548673402492564,0.9400350906207194,True,0.05,80,paired cluster influence sandwich; asymptotic Bonferroni bounds,,,,,,
14,0.9,0.5,validation,proxy_0.75,2.0,1.9909995955023065,0.9119796210035465,0.9066645367604127,0.005315084243133761,0.0010323373442162932,0.006597839583694149,2000,0.008651424629776847,0.8853414307127648,True,0.05,80,paired cluster influence sandwich; asymptotic Bonferroni bounds,,,,,,
14,0.9,0.5,validation,generic_0.75,2.0,1.9909995955023065,0.959623587476552,0.9561998800175066,0.003423707459045411,0.0008366518273814908,0.004311775726222853,2000,0.006127625220899396,0.9422649472417621,True,0.05,80,paired cluster influence sandwich; asymptotic Bonferroni bounds,,,,,,
14,0.9,0.5,validation,source,8.0,7.998197999765249,0.9605454896898183,0.9576125286560859,0.0029329610337324175,0.0007636264413319107,0.004216214914916264,2000,0.00540087304989445,0.9439864323240958,True,0.05,80,paired cluster influence sandwich; asymptotic Bonferroni bounds,,,,,,
14,0.9,0.5,validation,proxy_0.5,8.0,7.998197999765249,0.8461755329856712,0.8400757552236952,0.006099777761976011,0.0011174889280144398,0.008639372529760183,2000,0.00971131372262795,0.81215475861558,True,0.05,80,paired cluster influence sandwich; asymptotic Bonferroni bounds,,,,,,
14,0.9,0.5,validation,generic_0.5,8.0,7.998197999765249,0.9572059101893982,0.954970510145932,0.002235400043466118,0.0007575908416491914,0.004398612272030689,2000,0.0046838060182242585,0.9407549362828159,True,0.05,80,paired cluster influence sandwich; asymptotic Bonferroni bounds,,,,,,
14,0.9,0.5,validation,proxy_0.75,8.0,7.998197999765249,0.9119796210035465,0.9075463780410004,0.004433242962546102,0.0009516497758046582,0.0065515017671203095,2000,0.007508814720891496,0.8863730280103467,True,0.05,80,paired cluster influence sandwich; asymptotic Bonferroni bounds,,,,,,
14,0.9,0.5,validation,generic_0.75,8.0,7.998197999765249,0.959623587476552,0.9568378503704135,0.0027857371061384972,0.000768538396654662,0.004255875385182501,2000,0.005269523734424653,0.9430835780798146,True,0.05,80,paired cluster influence sandwich; asymptotic Bonferroni bounds,,,,,,
14,0.9,1.0,validation,source,2.0,1.9909995955023065,0.9605454896898183,0.9586501068124618,0.0018953828773565773,0.0004430473857756276,0.004125714105997138,2000,0.003327237391427285,0.945316493848929,True,0.05,80,paired cluster influence sandwich; asymptotic Bonferroni bounds,,,,,,
14,0.9,1.0,validation,proxy_0.5,2.0,1.9909995955023065,0.8461755329856712,0.8423071491738935,0.003868383811777676,0.0006842219391306486,0.00855849778548417,2000,0.006079673853485731,0.8146475261149376,True,0.05,80,paired cluster influence sandwich; asymptotic Bonferroni bounds,,,,,,
14,0.9,1.0,validation,generic_0.5,2.0,1.9909995955023065,0.9572059101893982,0.9558999237840756,0.0013059864053225345,0.0004367756564209286,0.0043170812100209914,2000,0.002717571746668446,0.9419478445784693,True,0.05,80,paired cluster influence sandwich; asymptotic Bonferroni bounds,,,,,,
14,0.9,1.0,validation,proxy_0.75,2.0,1.9909995955023065,0.9119796210035465,0.909252973773109,0.0027266472304374734,0.0005923337779862841,0.006444876276244229,2000,0.0046409702150126235,0.8884242193665974,True,0.05,80,paired cluster influence sandwich; asymptotic Bonferroni bounds,,,,,,
14,0.9,1.0,validation,generic_0.75,2.0,1.9909995955023065,0.959623587476552,0.957956051153805,0.0016675363227469653,0.00044338773294747127,0.004160236907552845,2000,0.003100490781541424,0.9445108663114328,True,0.05,80,paired cluster influence sandwich; asymptotic Bonferroni bounds,,,,,,
14,0.9,1.0,validation,source,8.0,7.998197999765249,0.9605454896898183,0.9595434656111946,0.001002024078623709,0.00029709721019185005,0.004033746706895135,2000,0.001962192212301513,0.9465070757885253,True,0.05,80,paired cluster influence sandwich; asymptotic Bonferroni bounds,,,,,,
14,0.9,1.0,validation,proxy_0.5,8.0,7.998197999765249,0.8461755329856712,0.8438184478591938,0.002357085126477365,0.0004882367368336325,0.008498118111101198,2000,0.003934984010468131,0.8163539617361484,True,0.05,80,paired cluster influence sandwich; asymptotic Bonferroni bounds,,,,,,
14,0.9,1.0,validation,generic_0.5,8.0,7.998197999765249,0.9572059101893982,0.9565128560540582,0.0006930541353399322,0.00031833214486593696,0.004265017234930468,2000,0.0017218500005996714,0.9427290388451305,True,0.05,80,paired cluster influence sandwich; asymptotic Bonferroni bounds,,,,,,
14,0.9,1.0,validation,proxy_0.75,8.0,7.998197999765249,0.9119796210035465,0.9103766829347437,0.0016029380688027395,0.0004069094842314465,0.006373674605260926,2000,0.0029180009729545854,0.889778040334057,True,0.05,80,paired cluster influence sandwich; asymptotic Bonferroni bounds,,,,,,
14,0.9,1.0,validation,generic_0.75,8.0,7.998197999765249,0.959623587476552,0.9587612759006449,0.0008623115759071043,0.0003089316716900266,0.0040783145636970625,2000,0.0018607266954870927,0.9455808502727928,True,0.05,80,paired cluster influence sandwich; asymptotic Bonferroni bounds,,,,,,
14,0.9,2.0,validation,source,2.0,1.9909995955023065,0.9605454896898183,0.9588113520664931,0.0017341376233251937,0.00040805307502800255,0.004112100863636444,2000,0.0030528964202796386,0.9455217348089529,True,0.05,80,paired cluster influence sandwich; asymptotic Bonferroni bounds,,,,,,
14,0.9,2.0,validation,proxy_0.5,2.0,1.9909995955023065,0.8461755329856712,0.8423952832257864,0.0037802497598847795,0.0006193452954223952,0.008553989464071857,2000,0.005781869418392641,0.8147502303021532,True,0.05,80,paired cluster influence sandwich; asymptotic Bonferroni bounds,,,,,,
14,0.9,2.0,validation,generic_0.5,2.0,1.9909995955023065,0.9572059101893982,0.9559530045198749,0.0012529056695232965,0.0004144332607101984,0.004315651293615189,2000,0.002592284151782211,0.9420055465632051,True,0.05,80,paired cluster influence sandwich; asymptotic Bonferroni bounds,,,,,,
14,0.9,2.0,validation,proxy_0.75,2.0,1.9909995955023065,0.9119796210035465,0.9094502738665511,0.0025293471369953746,0.0005629690341510391,0.0064282225073880525,2000,0.004348768216345608,0.8886753416354515,True,0.05,80,paired cluster influence sandwich; asymptotic Bonferroni bounds,,,,,,
14,0.9,2.0,validation,generic_0.75,2.0,1.9909995955023065,0.959623587476552,0.9580321669258943,0.0015914205506576407,0.0004127848573438342,0.004155262997368105,2000,0.002925471670930194,0.9446030569233231,True,0.05,80,paired cluster influence sandwich; asymptotic Bonferroni bounds,,,,,,
14,0.9,2.0,validation,source,8.0,7.998197999765249,0.9605454896898183,0.9599180353317397,0.0006274543580786496,0.00016851341846740888,0.003994959507748729,2000,0.0011720613384169566,0.947006999202533,True,0.05,80,paired cluster influence sandwich; asymptotic Bonferroni bounds,,,,,,
14,0.9,2.0,validation,proxy_0.5,8.0,7.998197999765249,0.8461755329856712,0.844602139854719,0.001573393130952172,0.00029325359824967933,0.008465254233957978,2000,0.002521139358336367,0.817243864246278,True,0.05,80,paired cluster influence sandwich; asymptotic Bonferroni bounds,,,,,,
14,0.9,2.0,validation,generic_0.5,8.0,7.998197999765249,0.9572059101893982,0.9568253313289514,0.00038057886044673417,0.00017748299375288922,0.004236228873089801,2000,0.0009541739970729472,0.9431345532557407,True,0.05,80,paired cluster influence sandwich; asymptotic Bonferroni bounds,,,,,,
14,0.9,2.0,validation,proxy_0.75,8.0,7.998197999765249,0.9119796210035465,0.911046201272135,0.0009334197314114778,0.00023470836415863885,0.006320916183793075,2000,0.00169195762487485,0.8906180650018305,True,0.05,80,paired cluster influence sandwich; asymptotic Bonferroni bounds,,,,,,
14,0.9,2.0,validation,generic_0.75,8.0,7.998197999765249,0.959623587476552,0.9592144652015716,0.0004091222749803558,0.00016317922506324392,0.004036517194844533,2000,0.0009364900408465843,0.9461691216285725,True,0.05,80,paired cluster influence sandwich; asymptotic Bonferroni bounds,,,,,,
14,0.9,5.0,validation,source,2.0,1.9909995955023065,0.9605454896898183,0.9574112224693759,0.0031342672204424105,0.0008560947597185726,0.004265677689641025,2000,0.005901021264209863,0.9436252707820854,True,0.05,80,paired cluster influence sandwich; asymptotic Bonferroni bounds,,,,,,
14,0.9,5.0,validation,proxy_0.5,2.0,1.9909995955023065,0.8461755329856712,0.8398704429437174,0.006305090041953787,0.001210225711997004,0.008654390827325015,2000,0.010216335665790787,0.8119009097278888,True,0.05,80,paired cluster influence sandwich; asymptotic Bonferroni bounds,,,,,,
14,0.9,5.0,validation,generic_0.5,2.0,1.9909995955023065,0.9572059101893982,0.9547471704462487,0.002458739743149474,0.0008348831028852972,0.004437803206367327,2000,0.0051569412853950565,0.9404049380855491,True,0.05,80,paired cluster influence sandwich; asymptotic Bonferroni bounds,,,,,,
14,0.9,5.0,validation,proxy_0.75,2.0,1.9909995955023065,0.9119796210035465,0.9074502318025718,0.004529389200974676,0.0011005013675233375,0.00656817544980635,2000,0.008086024227881908,0.8862229952383628,True,0.05,80,paired cluster influence sandwich; asymptotic Bonferroni bounds,,,,,,
14,0.9,5.0,validation,generic_0.75,2.0,1.9909995955023065,0.959623587476552,0.9568433587486568,0.0027802287278951843,0.0008323662238704625,0.004285194431356668,2000,0.005470296141163904,0.9429943322399753,True,0.05,80,paired cluster influence sandwich; asymptotic Bonferroni bounds,,,,,,
14,0.9,5.0,validation,source,8.0,7.998197999765249,0.9605454896898183,0.9595715082640697,0.0009739814257486712,0.0002684624913559666,0.004039197413805496,2000,0.0018416069720178468,0.9465175026749043,True,0.05,80,paired cluster influence sandwich; asymptotic Bonferroni bounds,,,,,,
14,0.9,5.0,validation,proxy_0.5,8.0,7.998197999765249,0.8461755329856712,0.8444524121188327,0.0017231208668384568,0.0004164756211216551,0.00848049100025621,2000,0.003069099913886585,0.8170448938485356,True,0.05,80,paired cluster influence sandwich; asymptotic Bonferroni bounds,,,,,,
14,0.9,5.0,validation,generic_0.5,8.0,7.998197999765249,0.9572059101893982,0.9564297296187501,0.0007761805706480995,0.0002794552452063664,0.004274568876665523,2000,0.001679332845497803,0.9426150431128256,True,0.05,80,paired cluster influence sandwich; asymptotic Bonferroni bounds,,,,,,
14,0.9,5.0,validation,proxy_0.75,8.0,7.998197999765249,0.9119796210035465,0.9106450911836904,0.0013345298198560451,0.00039473444043070183,0.006363349668386489,2000,0.0026102450334790648,0.8900798170396199,True,0.05,80,paired cluster influence sandwich; asymptotic Bonferroni bounds,,,,,,
14,0.9,5.0,validation,generic_0.75,8.0,7.998197999765249,0.959623587476552,0.9587372393410378,0.0008863481355141367,0.000281537940023593,0.004092266480013292,2000,0.0017962313291576774,0.9455117234700228,True,0.05,80,paired cluster influence sandwich; asymptotic Bonferroni bounds,,,,,,
14,0.9,0.5,test,source,2.0,,0.9564434719212256,0.9527001687136658,0.0037433032075597783,0.0008706361850368748,0.004705413234268381,2000,0.006557052688274865,0.9374930658249755,True,0.05,80,paired cluster influence sandwich; asymptotic Bonferroni bounds,0.002826228924542873,0.0009170742830169054,0.9467342446694742,0.0,0.0,0.0
14,0.9,0.5,test,source,8.0,,0.9564434719212256,0.953332719950316,0.0031107519709095977,0.0007835099565393999,0.00465159932747831,2000,0.005642924158600675,0.9382995345427598,True,0.05,80,paired cluster influence sandwich; asymptotic Bonferroni bounds,0.002826228924542873,0.00028452304636672476,0.9475466596755426,0.0,0.0,0.0
14,0.9,0.5,test,proxy_0,2.0,,0.65520807185382,0.6442771864521026,0.010930885401717383,0.0013733452818304726,0.012291514867298915,2000,0.015369305995767631,0.6045530810571502,True,0.05,80,paired cluster influence sandwich; asymptotic Bonferroni bounds,0.008812713829820074,0.0021181715718973093,0.6636533570877834,0.007187582194157605,0.005986484905277201,0.001201097288880404
14,0.9,0.5,test,proxy_0,8.0,,0.65520807185382,0.6457488056532579,0.009459266200562144,0.0012703018016710682,0.012277974814210989,2000,0.013564667625672936,0.606068459428898,True,0.05,80,paired cluster influence sandwich; asymptotic Bonferroni bounds,0.008812713829820074,0.0006465523707420706,0.6657760827720995,0.0063485142296525465,0.005986484905277201,0.00036202932437534585
14,0.9,0.5,test,proxy_0.25,2.0,,0.7503537786560711,0.7401249501209598,0.010228828535111312,0.0013200880855667738,0.010864185171785987,2000,0.014495130842663994,0.705013733850744,True,0.05,80,paired cluster influence sandwich; asymptotic Bonferroni bounds,0.008089655262076278,0.0021391732730350332,0.7447115222707816,0.0064855253275515334,0.005263426337533406,0.0012220989900181278
14,0.9,0.5,test,proxy_0.25,8.0,,0.7503537786560711,0.741591068876579,0.008762709779492117,0.0012149602222047634,0.01083567222354539,2000,0.012689256542734388,0.7065720016517215,True,0.05,80,paired cluster influence sandwich; asymptotic Bonferroni bounds,0.008089655262076278,0.0006730545174158387,0.7466607670150041,0.0056519578085825195,0.005263426337533406,0.0003885314710491139
14,0.9,1.0,test,source,2.0,,0.9564434719212256,0.9545233163886274,0.0019201555325981667,0.0004804824805558442,0.00457113118952557,2000,0.0034729939665985214,0.9397501904470915,True,0.05,80,paired cluster influence sandwich; asymptotic Bonferroni bounds,0.0008920722578528162,0.0010280832747453506,0.9491227495867581,0.0,0.0,0.0
14,0.9,1.0,test,source,8.0,,0.9564434719212256,0.9552513753614043,0.0011920965598213318,0.00033136795698091216,0.004501730513821116,2000,0.00226302197379453,0.9407025407123517,True,0.05,80,paired cluster influence sandwich; asymptotic Bonferroni bounds,0.0008920722578528162,0.0003000243019685156,0.9499714209911843,0.0,0.0,0.0
14,0.9,1.0,test,proxy_0,2.0,,0.65520807185382,0.6495856164349312,0.005622455418888839,0.0007684959515247029,0.012242370119469418,2000,0.008106104871665368,0.6100203385859293,True,0.05,80,paired cluster influence sandwich; asymptotic Bonferroni bounds,0.00333827039990231,0.0022841850189865287,0.6659440660799978,0.003702299886290672,0.002446198142049494,0.0012561017442411782
14,0.9,1.0,test,proxy_0,8.0,,0.65520807185382,0.6511867461264362,0.004021325727383784,0.0005946028248435343,0.012226589444668298,2000,0.005942981889152845,0.6116724687599437,True,0.05,80,paired cluster influence sandwich; asymptotic Bonferroni bounds,0.00333827039990231,0.0006830553274814744,0.6685699498814552,0.0028292291675624526,0.002446198142049494,0.00038303102551295876
14,0.9,1.0,test,proxy_0.25,2.0,,0.7503537786560711,0.7453208709905502,0.0050329076655208915,0.0007169592230722947,0.010772238468048579,2000,0.007349999093932082,0.7105068109772658,True,0.05,80,paired cluster influence sandwich; asymptotic Bonferroni bounds,0.002689217826643886,0.0023436898388770055,0.7480393780699979,0.003112752132922725,0.0017971455687910698,0.001315606564131655
14,0.9,1.0,test,proxy_0.25,8.0,,0.7503537786560711,0.7469685044488603,0.0033852742072107977,0.0005365465929982458,0.0107383508568276,2000,0.005119302407938891,0.7122639634862591,True,0.05,80,paired cluster influence sandwich; asymptotic Bonferroni bounds,0.002689217826643886,0.0006960563805669118,0.7504408376066732,0.002193177647389466,0.0017971455687910698,0.0003960320785983962
14,0.9,2.0,test,source,2.0,,0.9564434719212256,0.9549143480621929,0.0015291238590326994,0.00041680802845091384,0.004543961946970931,2000,0.0028761771905709077,0.9402290285356021,True,0.05,80,paired cluster influence sandwich; asymptotic Bonferroni bounds,0.00019501579627945187,0.0013341080627532476,0.9498034775976545,0.0,0.0,0.0
14,0.9,2.0,test,source,8.0,,0.9564434719212256,0.9558414231552754,0.0006020487659501583,0.00017858959791392282,0.004457851264089241,2000,0.0011792202608038136,0.9414343988493594,True,0.05,80,paired cluster influence sandwich; asymptotic Bonferroni bounds,0.00019501579627945187,0.00040703296967070646,0.9507190249720805,0.0,0.0,0.0
14,0.9,2.0,test,proxy_0,2.0,,0.65520807185382,0.6504446860195676,0.004763385834252398,0.000672438313651713,0.012237073925858223,2000,0.006936593183508506,0.6108965245761084,True,0.05,80,paired cluster influence sandwich; asymptotic Bonferroni bounds,0.0016791360100166797,0.0030842498242357186,0.6654121284335035,0.003234261975219699,0.0014841202137372278,0.001750141761482471
14,0.9,2.0,test,proxy_0,8.0,,0.65520807185382,0.6526588653680948,0.0025492064857252084,0.0004065458718566375,0.012214381788507452,2000,0.003863094255936628,0.613184041089785,True,0.05,80,paired cluster influence sandwich; asymptotic Bonferroni bounds,0.0016791360100166797,0.0008700704757085287,0.6685810176332754,0.00194715771977505,0.0014841202137372278,0.00046303750603782223
14,0.9,2.0,test,proxy_0.25,2.0,,0.7503537786560711,0.7459754240093448,0.004378354646726312,0.0006367601652538698,0.010766930509042302,2000,0.006436256230781477,0.7111785184253779,True,0.05,80,paired cluster influence sandwich; asymptotic Bonferroni bounds,0.0010930885401717605,0.003285266106554552,0.7470020869200432,0.002849230787693613,0.0008980727438923086,0.0019511580438013043
14,0.9,2.0,test,proxy_0.25,8.0,,0.7503537786560711,0.7483906196401909,0.001963159015880178,0.00033754118573933874,0.010715197944764367,2000,0.003054035265244651,0.7137609049889866,True,0.05,80,paired cluster influence sandwich; asymptotic Bonferroni bounds,0.0010930885401717605,0.0008700704757084177,0.7510533730334168,0.0013611102499300198,0.0008980727438923086,0.0004630375060377112
14,0.9,5.0,test,source,2.0,,0.9564434719212256,0.9533122182896814,0.0031312536315442063,0.00084092696861759,0.004673052712989015,2000,0.005848987929673385,0.93820969915424,True,0.05,80,paired cluster influence sandwich; asymptotic Bonferroni bounds,0.0,0.0031312536315442063,0.9478270567322762,0.0,0.0,0.0
14,0.9,5.0,test,source,8.0,,0.9564434719212256,0.955680410113219,0.0007630618080065599,0.00027365148470935775,0.004464397000774035,2000,0.0016474573066444394,0.9412522310890473,True,0.05,80,paired cluster influence sandwich; asymptotic Bonferroni bounds,0.0,0.0007630618080065599,0.9510088459869096,0.0,0.0,0.0
14,0.9,5.0,test,proxy_0,2.0,,0.65520807185382,0.6488515569761151,0.006356514877704944,0.001305397227920927,0.012221973966285528,2000,0.010575338808201072,0.6093521960582218,True,0.05,80,paired cluster influence sandwich; asymptotic Bonferroni bounds,-2.220446049250313e-16,0.006356514877705166,0.6584756920280701,0.0032252612461607377,-2.220446049250313e-16,0.0032252612461609598
14,0.9,5.0,test,proxy_0,8.0,,0.65520807185382,0.6540179754560118,0.0011900963978082046,0.0004316745455386941,0.012176804019749927,2000,0.0025851958081273127,0.6146645961958911,True,0.05,80,paired cluster influence sandwich; asymptotic Bonferroni bounds,-2.220446049250313e-16,0.0011900963978084267,0.6686783592977725,0.00042703458980164477,-2.220446049250313e-16,0.0004270345898018668
14,0.9,5.0,test,proxy_0.25,2.0,,0.7503537786560711,0.7432031994591561,0.007150579196914975,0.0012841129917084064,0.01082017244025589,2000,0.011300616061562397,0.7082342249227621,True,0.05,80,paired cluster influence sandwich; asymptotic Bonferroni bounds,0.0,0.007150579196914975,0.7376774873302392,0.004019325565370768,0.0,0.004019325565370768
14,0.9,5.0,test,proxy_0.25,8.0,,0.7503537786560711,0.7488636579562944,0.0014901206997767202,0.0004194757565922984,0.010701772943485427,2000,0.0028457956792564184,0.7142773306476178,True,0.05,80,paired cluster influence sandwich; asymptotic Bonferroni bounds,0.0,0.0014901206997767202,0.749567319179897,0.0007270588917701604,0.0,0.0007270588917701604
