task,model,privacy_mechanism,epsilon,delta,seed,metric,value
high_cost,dummy,none,inf,,0,roc_auc,0.5
high_cost,dummy,none,inf,,0,pr_auc,0.4626865671641791
high_cost,dummy,none,inf,,0,accuracy,0.4626865671641791
high_cost,dummy,none,inf,,0,precision,0.4626865671641791
high_cost,dummy,none,inf,,0,recall,1.0
high_cost,dummy,none,inf,,0,f1,0.6326530612244898
high_cost,dummy,none,inf,,0,macro_f1,0.3163265306122449
high_cost,dummy,none,inf,,0,brier,0.25
high_cost,dummy,none,inf,,0,ece,0.03731343283582089
high_cost,dummy,none,inf,,0,threshold,0.5
high_cost,dummy,none,inf,,0,demographic_parity_difference,0.0
high_cost,dummy,none,inf,,0,equalized_odds_difference,0.0
high_cost,dummy,none,inf,,0,tpr_group_female,1.0
high_cost,dummy,none,inf,,0,tpr_group_male,1.0
high_cost,dummy,none,inf,,0,fpr_group_female,1.0
high_cost,dummy,none,inf,,0,fpr_group_male,1.0
high_cost,dummy,none,inf,,0,group_size_female,119.0
high_cost,dummy,none,inf,,0,group_size_male,149.0
high_cost,logistic,none,inf,,0,roc_auc,0.9455645161290323
high_cost,logistic,none,inf,,0,pr_auc,0.963169374724926
high_cost,logistic,none,inf,,0,accuracy,0.9216417910447762
high_cost,logistic,none,inf,,0,precision,1.0
high_cost,logistic,none,inf,,0,recall,0.8306451612903226
high_cost,logistic,none,inf,,0,f1,0.9074889867841409
high_cost,logistic,none,inf,,0,macro_f1,0.9197639108677986
high_cost,logistic,none,inf,,0,brier,0.08236650216554227
high_cost,logistic,none,inf,,0,ece,0.12550935883458844
high_cost,logistic,none,inf,,0,threshold,0.6909720753768844
high_cost,logistic,none,inf,,0,demographic_parity_difference,0.04134002594326319
high_cost,logistic,none,inf,,0,equalized_odds_difference,0.1411364231474208
high_cost,logistic,none,inf,,0,tpr_group_female,0.7543859649122807
high_cost,logistic,none,inf,,0,tpr_group_male,0.8955223880597015
high_cost,logistic,none,inf,,0,fpr_group_female,0.0
high_cost,logistic,none,inf,,0,fpr_group_male,0.0
high_cost,logistic,none,inf,,0,group_size_female,119.0
high_cost,logistic,none,inf,,0,group_size_male,149.0
high_cost,svm,none,inf,,0,roc_auc,0.9550291218637993
high_cost,svm,none,inf,,0,pr_auc,0.9696138075059886
high_cost,svm,none,inf,,0,accuracy,0.9402985074626866
high_cost,svm,none,inf,,0,precision,1.0
high_cost,svm,none,inf,,0,recall,0.8709677419354839
high_cost,svm,none,inf,,0,f1,0.9310344827586207
high_cost,svm,none,inf,,0,macro_f1,0.9392014519056261
high_cost,svm,none,inf,,0,brier,0.05871836035794332
high_cost,svm,none,inf,,0,ece,0.06494912221527614
high_cost,svm,none,inf,,0,threshold,0.7646028291457296
high_cost,svm,none,inf,,0,demographic_parity_difference,0.02955276070159607
high_cost,svm,none,inf,,0,equalized_odds_difference,0.11835559046870914
high_cost,svm,none,inf,,0,tpr_group_female,0.8070175438596491
high_cost,svm,none,inf,,0,tpr_group_male,0.9253731343283582
high_cost,svm,none,inf,,0,fpr_group_female,0.0
high_cost,svm,none,inf,,0,fpr_group_male,0.0
high_cost,svm,none,inf,,0,group_size_female,119.0
high_cost,svm,none,inf,,0,group_size_male,149.0
high_cost,gradient_boosting,none,inf,,0,roc_auc,0.9646617383512545
high_cost,gradient_boosting,none,inf,,0,pr_auc,0.9731347624008669
high_cost,gradient_boosting,none,inf,,0,accuracy,0.9477611940298507
high_cost,gradient_boosting,none,inf,,0,precision,0.9910714285714286
high_cost,gradient_boosting,none,inf,,0,recall,0.8951612903225806
high_cost,gradient_boosting,none,inf,,0,f1,0.940677966101695
high_cost,gradient_boosting,none,inf,,0,macro_f1,0.9470056497175141
high_cost,gradient_boosting,none,inf,,0,brier,0.054553541941041846
high_cost,gradient_boosting,none,inf,,0,ece,0.053766577493818614
high_cost,gradient_boosting,none,inf,,0,threshold,0.8759497487437187
high_cost,gradient_boosting,none,inf,,0,demographic_parity_difference,0.011054086063955804
high_cost,gradient_boosting,none,inf,,0,equalized_odds_difference,0.06572401152134066
high_cost,gradient_boosting,none,inf,,0,tpr_group_female,0.8596491228070176
high_cost,gradient_boosting,none,inf,,0,tpr_group_male,0.9253731343283582
high_cost,gradient_boosting,none,inf,,0,fpr_group_female,0.0
high_cost,gradient_boosting,none,inf,,0,fpr_group_male,0.012195121951219513
high_cost,gradient_boosting,none,inf,,0,group_size_female,119.0
high_cost,gradient_boosting,none,inf,,0,group_size_male,149.0
high_cost,neural,none,inf,,0,roc_auc,0.9543010752688172
high_cost,neural,none,inf,,0,pr_auc,0.969606507536759
high_cost,neural,none,inf,,0,accuracy,0.9552238805970149
high_cost,neural,none,inf,,0,precision,0.9912280701754386
high_cost,neural,none,inf,,0,recall,0.9112903225806451
high_cost,neural,none,inf,,0,f1,0.9495798319327731
high_cost,neural,none,inf,,0,macro_f1,0.9546556877784671
high_cost,neural,none,inf,,0,brier,0.04642490670084953
high_cost,neural,none,inf,,0,ece,0.028696169475538297
high_cost,neural,none,inf,,0,threshold,0.6051669716835022
high_cost,neural,none,inf,,0,demographic_parity_difference,0.009362134115391108
high_cost,neural,none,inf,,0,equalized_odds_difference,0.06310552500654631
high_cost,neural,none,inf,,0,tpr_group_female,0.8771929824561403
high_cost,neural,none,inf,,0,tpr_group_male,0.9402985074626866
high_cost,neural,none,inf,,0,fpr_group_female,0.0
high_cost,neural,none,inf,,0,fpr_group_male,0.012195121951219513
high_cost,neural,none,inf,,0,group_size_female,119.0
high_cost,neural,none,inf,,0,group_size_male,149.0
high_cost,neural,none,inf,,0,mia_loss_threshold_auc,0.523063711814758
high_cost,neural,none,inf,,0,mia_tpr_at_fpr_0.01,0.010514018691588784
high_cost,dpsgd,dpsgd,0.4926042171759174,1e-05,0,roc_auc,0.9366599462365591
high_cost,dpsgd,dpsgd,0.4926042171759174,1e-05,0,pr_auc,0.9543019134495134
high_cost,dpsgd,dpsgd,0.4926042171759174,1e-05,0,accuracy,0.9067164179104478
high_cost,dpsgd,dpsgd,0.4926042171759174,1e-05,0,precision,0.9626168224299065
high_cost,dpsgd,dpsgd,0.4926042171759174,1e-05,0,recall,0.8306451612903226
high_cost,dpsgd,dpsgd,0.4926042171759174,1e-05,0,f1,0.8917748917748918
high_cost,dpsgd,dpsgd,0.4926042171759174,1e-05,0,macro_f1,0.9049038393300688
high_cost,dpsgd,dpsgd,0.4926042171759174,1e-05,0,brier,0.07348068803548813
high_cost,dpsgd,dpsgd,0.4926042171759174,1e-05,0,ece,0.06378596362378972
high_cost,dpsgd,dpsgd,0.4926042171759174,1e-05,0,threshold,0.6422986454101065
high_cost,dpsgd,dpsgd,0.4926042171759174,1e-05,0,demographic_parity_difference,0.00772658056511194
high_cost,dpsgd,dpsgd,0.4926042171759174,1e-05,0,equalized_odds_difference,0.0761979575805184
high_cost,dpsgd,dpsgd,0.4926042171759174,1e-05,0,tpr_group_female,0.7894736842105263
high_cost,dpsgd,dpsgd,0.4926042171759174,1e-05,0,tpr_group_male,0.8656716417910447
high_cost,dpsgd,dpsgd,0.4926042171759174,1e-05,0,fpr_group_female,0.03225806451612903
high_cost,dpsgd,dpsgd,0.4926042171759174,1e-05,0,fpr_group_male,0.024390243902439025
high_cost,dpsgd,dpsgd,0.4926042171759174,1e-05,0,group_size_female,119.0
high_cost,dpsgd,dpsgd,0.4926042171759174,1e-05,0,group_size_male,149.0
high_cost,dpsgd,dpsgd,0.4926042171759174,1e-05,0,mia_loss_threshold_auc,0.48635182731203797
high_cost,dpsgd,dpsgd,0.4926042171759174,1e-05,0,mia_tpr_at_fpr_0.01,0.010514018691588784
high_cost,dpsgd,dpsgd,0.4926042171759174,1e-05,0,achieved_epsilon,0.4926042171759174
high_cost,dpsgd,dpsgd,0.4926042171759174,1e-05,0,noise_multiplier,11.5625
high_cost,dpsgd,dpsgd,1.9979365212033011,1e-05,0,roc_auc,0.9441644265232975
high_cost,dpsgd,dpsgd,1.9979365212033011,1e-05,0,pr_auc,0.9600411579942477
high_cost,dpsgd,dpsgd,1.9979365212033011,1e-05,0,accuracy,0.914179104477612
high_cost,dpsgd,dpsgd,1.9979365212033011,1e-05,0,precision,0.9809523809523809
high_cost,dpsgd,dpsgd,1.9979365212033011,1e-05,0,recall,0.8306451612903226
high_cost,dpsgd,dpsgd,1.9979365212033011,1e-05,0,f1,0.8995633187772926
high_cost,dpsgd,dpsgd,1.9979365212033011,1e-05,0,macro_f1,0.9123223760010242
high_cost,dpsgd,dpsgd,1.9979365212033011,1e-05,0,brier,0.07283349335193634
high_cost,dpsgd,dpsgd,1.9979365212033011,1e-05,0,ece,0.08509790517412359
high_cost,dpsgd,dpsgd,1.9979365212033011,1e-05,0,threshold,0.7755386236324984
high_cost,dpsgd,dpsgd,1.9979365212033011,1e-05,0,demographic_parity_difference,0.08499238621623145
high_cost,dpsgd,dpsgd,1.9979365212033011,1e-05,0,equalized_odds_difference,0.2060748887143231
high_cost,dpsgd,dpsgd,1.9979365212033011,1e-05,0,tpr_group_female,0.7192982456140351
high_cost,dpsgd,dpsgd,1.9979365212033011,1e-05,0,tpr_group_male,0.9253731343283582
high_cost,dpsgd,dpsgd,1.9979365212033011,1e-05,0,fpr_group_female,0.0
high_cost,dpsgd,dpsgd,1.9979365212033011,1e-05,0,fpr_group_male,0.024390243902439025
high_cost,dpsgd,dpsgd,1.9979365212033011,1e-05,0,group_size_female,119.0
high_cost,dpsgd,dpsgd,1.9979365212033011,1e-05,0,group_size_male,149.0
high_cost,dpsgd,dpsgd,1.9979365212033011,1e-05,0,mia_loss_threshold_auc,0.4878360824382759
high_cost,dpsgd,dpsgd,1.9979365212033011,1e-05,0,mia_tpr_at_fpr_0.01,0.005841121495327103
high_cost,dpsgd,dpsgd,1.9979365212033011,1e-05,0,achieved_epsilon,1.9979365212033011
high_cost,dpsgd,dpsgd,1.9979365212033011,1e-05,0,noise_multiplier,3.37890625
high_cost,dpsgd,dpsgd,5.996399562124039,1e-05,0,roc_auc,0.9462365591397849
high_cost,dpsgd,dpsgd,5.996399562124039,1e-05,0,pr_auc,0.962440483682565
high_cost,dpsgd,dpsgd,5.996399562124039,1e-05,0,accuracy,0.9216417910447762
high_cost,dpsgd,dpsgd,5.996399562124039,1e-05,0,precision,0.9813084112149533
high_cost,dpsgd,dpsgd,5.996399562124039,1e-05,0,recall,0.8467741935483871
high_cost,dpsgd,dpsgd,5.996399562124039,1e-05,0,f1,0.9090909090909091
high_cost,dpsgd,dpsgd,5.996399562124039,1e-05,0,macro_f1,0.9201192250372578
high_cost,dpsgd,dpsgd,5.996399562124039,1e-05,0,brier,0.07087859511375427
high_cost,dpsgd,dpsgd,5.996399562124039,1e-05,0,ece,0.08797462837885257
high_cost,dpsgd,dpsgd,5.996399562124039,1e-05,0,threshold,0.7701517322554663
high_cost,dpsgd,dpsgd,5.996399562124039,1e-05,0,demographic_parity_difference,0.06818566352715583
high_cost,dpsgd,dpsgd,5.996399562124039,1e-05,0,equalized_odds_difference,0.1709871694160775
high_cost,dpsgd,dpsgd,5.996399562124039,1e-05,0,tpr_group_female,0.7543859649122807
high_cost,dpsgd,dpsgd,5.996399562124039,1e-05,0,tpr_group_male,0.9253731343283582
high_cost,dpsgd,dpsgd,5.996399562124039,1e-05,0,fpr_group_female,0.0
high_cost,dpsgd,dpsgd,5.996399562124039,1e-05,0,fpr_group_male,0.024390243902439025
high_cost,dpsgd,dpsgd,5.996399562124039,1e-05,0,group_size_female,119.0
high_cost,dpsgd,dpsgd,5.996399562124039,1e-05,0,group_size_male,149.0
high_cost,dpsgd,dpsgd,5.996399562124039,1e-05,0,mia_loss_threshold_auc,0.4897932940437997
high_cost,dpsgd,dpsgd,5.996399562124039,1e-05,0,mia_tpr_at_fpr_0.01,0.0011682242990654205
high_cost,dpsgd,dpsgd,5.996399562124039,1e-05,0,achieved_epsilon,5.996399562124039
high_cost,dpsgd,dpsgd,5.996399562124039,1e-05,0,noise_multiplier,1.483154296875
high_cost,dummy,none,inf,,1,roc_auc,0.5
high_cost,dummy,none,inf,,1,pr_auc,0.5373134328358209
high_cost,dummy,none,inf,,1,accuracy,0.5373134328358209
high_cost,dummy,none,inf,,1,precision,0.5373134328358209
high_cost,dummy,none,inf,,1,recall,1.0
high_cost,dummy,none,inf,,1,f1,0.6990291262135923
high_cost,dummy,none,inf,,1,macro_f1,0.34951456310679613
high_cost,dummy,none,inf,,1,brier,0.25
high_cost,dummy,none,inf,,1,ece,0.03731343283582089
high_cost,dummy,none,inf,,1,threshold,0.5
high_cost,dummy,none,inf,,1,demographic_parity_difference,0.0
high_cost,dummy,none,inf,,1,equalized_odds_difference,0.0
high_cost,dummy,none,inf,,1,tpr_group_female,1.0
high_cost,dummy,none,inf,,1,tpr_group_male,1.0
high_cost,dummy,none,inf,,1,fpr_group_female,1.0
high_cost,dummy,none,inf,,1,fpr_group_male,1.0
high_cost,dummy,none,inf,,1,group_size_female,137.0
high_cost,dummy,none,inf,,1,group_size_male,131.0
high_cost,logistic,none,inf,,1,roc_auc,0.9529009856630825
high_cost,logistic,none,inf,,1,pr_auc,0.9711042935372498
high_cost,logistic,none,inf,,1,accuracy,0.9104477611940298
high_cost,logistic,none,inf,,1,precision,0.9285714285714286
high_cost,logistic,none,inf,,1,recall,0.9027777777777778
high_cost,logistic,none,inf,,1,f1,0.9154929577464789
high_cost,logistic,none,inf,,1,macro_f1,0.9101274312541918
high_cost,logistic,none,inf,,1,brier,0.08382146056089483
high_cost,logistic,none,inf,,1,ece,0.1135240573172362
high_cost,logistic,none,inf,,1,threshold,0.5596575326633165
high_cost,logistic,none,inf,,1,demographic_parity_difference,0.05126204936758233
high_cost,logistic,none,inf,,1,equalized_odds_difference,0.10843141038008874
high_cost,logistic,none,inf,,1,tpr_group_female,0.9577464788732394
high_cost,logistic,none,inf,,1,tpr_group_male,0.8493150684931506
high_cost,logistic,none,inf,,1,fpr_group_female,0.10606060606060606
high_cost,logistic,none,inf,,1,fpr_group_male,0.05172413793103448
high_cost,logistic,none,inf,,1,group_size_female,137.0
high_cost,logistic,none,inf,,1,group_size_male,131.0
high_cost,svm,none,inf,,1,roc_auc,0.9397961469534051
high_cost,svm,none,inf,,1,pr_auc,0.9670691945229236
high_cost,svm,none,inf,,1,accuracy,0.9253731343283582
high_cost,svm,none,inf,,1,precision,0.9558823529411765
high_cost,svm,none,inf,,1,recall,0.9027777777777778
high_cost,svm,none,inf,,1,f1,0.9285714285714286
high_cost,svm,none,inf,,1,macro_f1,0.9252232142857143
high_cost,svm,none,inf,,1,brier,0.06858953250734005
high_cost,svm,none,inf,,1,ece,0.06878558474419638
high_cost,svm,none,inf,,1,threshold,0.5700520854271354
high_cost,svm,none,inf,,1,demographic_parity_difference,0.022064969075611562
high_cost,svm,none,inf,,1,equalized_odds_difference,0.10843141038008874
high_cost,svm,none,inf,,1,tpr_group_female,0.9577464788732394
high_cost,svm,none,inf,,1,tpr_group_male,0.8493150684931506
high_cost,svm,none,inf,,1,fpr_group_female,0.045454545454545456
high_cost,svm,none,inf,,1,fpr_group_male,0.05172413793103448
high_cost,svm,none,inf,,1,group_size_female,137.0
high_cost,svm,none,inf,,1,group_size_male,131.0
high_cost,gradient_boosting,none,inf,,1,roc_auc,0.9497087813620073
high_cost,gradient_boosting,none,inf,,1,pr_auc,0.9714997521470412
high_cost,gradient_boosting,none,inf,,1,accuracy,0.9440298507462687
high_cost,gradient_boosting,none,inf,,1,precision,0.9923664122137404
high_cost,gradient_boosting,none,inf,,1,recall,0.9027777777777778
high_cost,gradient_boosting,none,inf,,1,f1,0.9454545454545454
high_cost,gradient_boosting,none,inf,,1,macro_f1,0.9439916405433646
high_cost,gradient_boosting,none,inf,,1,brier,0.058097962065391556
high_cost,gradient_boosting,none,inf,,1,ece,0.06627380233900561
high_cost,gradient_boosting,none,inf,,1,threshold,0.7170957286432161
high_cost,gradient_boosting,none,inf,,1,demographic_parity_difference,0.015434334429152485
high_cost,gradient_boosting,none,inf,,1,equalized_odds_difference,0.10843141038008874
high_cost,gradient_boosting,none,inf,,1,tpr_group_female,0.9577464788732394
high_cost,gradient_boosting,none,inf,,1,tpr_group_male,0.8493150684931506
high_cost,gradient_boosting,none,inf,,1,fpr_group_female,0.0
high_cost,gradient_boosting,none,inf,,1,fpr_group_male,0.017241379310344827
high_cost,gradient_boosting,none,inf,,1,group_size_female,137.0
high_cost,gradient_boosting,none,inf,,1,group_size_male,131.0
high_cost,neural,none,inf,,1,roc_auc,0.9470766129032258
high_cost,neural,none,inf,,1,pr_auc,0.970878932994625
high_cost,neural,none,inf,,1,accuracy,0.9477611940298507
high_cost,neural,none,inf,,1,precision,0.9924242424242424
high_cost,neural,none,inf,,1,recall,0.9097222222222222
high_cost,neural,none,inf,,1,f1,0.9492753623188406
high_cost,neural,none,inf,,1,macro_f1,0.9477146042363433
high_cost,neural,none,inf,,1,brier,0.059543851763010025
high_cost,neural,none,inf,,1,ece,0.06695709517920637
high_cost,neural,none,inf,,1,threshold,0.6526219844818115
high_cost,neural,none,inf,,1,demographic_parity_difference,0.022733604502145233
high_cost,neural,none,inf,,1,equalized_odds_difference,0.09473278024310239
high_cost,neural,none,inf,,1,tpr_group_female,0.9577464788732394
high_cost,neural,none,inf,,1,tpr_group_male,0.863013698630137
high_cost,neural,none,inf,,1,fpr_group_female,0.015151515151515152
high_cost,neural,none,inf,,1,fpr_group_male,0.0
high_cost,neural,none,inf,,1,group_size_female,137.0
high_cost,neural,none,inf,,1,group_size_male,131.0
high_cost,neural,none,inf,,1,mia_loss_threshold_auc,0.4953532570790906
high_cost,neural,none,inf,,1,mia_tpr_at_fpr_0.01,0.002336448598130841
high_cost,dpsgd,dpsgd,0.4926042171759174,1e-05,1,roc_auc,0.934475806451613
high_cost,dpsgd,dpsgd,0.4926042171759174,1e-05,1,pr_auc,0.9595384040696775
high_cost,dpsgd,dpsgd,0.4926042171759174,1e-05,1,accuracy,0.8805970149253731
high_cost,dpsgd,dpsgd,0.4926042171759174,1e-05,1,precision,0.8835616438356164
high_cost,dpsgd,dpsgd,0.4926042171759174,1e-05,1,recall,0.8958333333333334
high_cost,dpsgd,dpsgd,0.4926042171759174,1e-05,1,f1,0.8896551724137931
high_cost,dpsgd,dpsgd,0.4926042171759174,1e-05,1,macro_f1,0.8797869358003925
high_cost,dpsgd,dpsgd,0.4926042171759174,1e-05,1,brier,0.09045873582363129
high_cost,dpsgd,dpsgd,0.4926042171759174,1e-05,1,ece,0.07490678338803969
high_cost,dpsgd,dpsgd,0.4926042171759174,1e-05,1,threshold,0.2718454867451635
high_cost,dpsgd,dpsgd,0.4926042171759174,1e-05,1,demographic_parity_difference,0.020393380509277304
high_cost,dpsgd,dpsgd,0.4926042171759174,1e-05,1,equalized_odds_difference,0.09434690333783524
high_cost,dpsgd,dpsgd,0.4926042171759174,1e-05,1,tpr_group_female,0.9436619718309859
high_cost,dpsgd,dpsgd,0.4926042171759174,1e-05,1,tpr_group_male,0.8493150684931506
high_cost,dpsgd,dpsgd,0.4926042171759174,1e-05,1,fpr_group_female,0.13636363636363635
high_cost,dpsgd,dpsgd,0.4926042171759174,1e-05,1,fpr_group_male,0.13793103448275862
high_cost,dpsgd,dpsgd,0.4926042171759174,1e-05,1,group_size_female,137.0
high_cost,dpsgd,dpsgd,0.4926042171759174,1e-05,1,group_size_male,131.0
high_cost,dpsgd,dpsgd,0.4926042171759174,1e-05,1,mia_loss_threshold_auc,0.5157514123308691
high_cost,dpsgd,dpsgd,0.4926042171759174,1e-05,1,mia_tpr_at_fpr_0.01,0.007009345794392523
high_cost,dpsgd,dpsgd,0.4926042171759174,1e-05,1,achieved_epsilon,0.4926042171759174
high_cost,dpsgd,dpsgd,0.4926042171759174,1e-05,1,noise_multiplier,11.5625
high_cost,dpsgd,dpsgd,1.9979365212033011,1e-05,1,roc_auc,0.9507728494623656
high_cost,dpsgd,dpsgd,1.9979365212033011,1e-05,1,pr_auc,0.9703764263849473
high_cost,dpsgd,dpsgd,1.9979365212033011,1e-05,1,accuracy,0.8992537313432836
high_cost,dpsgd,dpsgd,1.9979365212033011,1e-05,1,precision,0.9090909090909091
high_cost,dpsgd,dpsgd,1.9979365212033011,1e-05,1,recall,0.9027777777777778
high_cost,dpsgd,dpsgd,1.9979365212033011,1e-05,1,f1,0.9059233449477352
high_cost,dpsgd,dpsgd,1.9979365212033011,1e-05,1,macro_f1,0.8987448050039881
high_cost,dpsgd,dpsgd,1.9979365212033011,1e-05,1,brier,0.07410027831792831
high_cost,dpsgd,dpsgd,1.9979365212033011,1e-05,1,ece,0.07332925725973265
high_cost,dpsgd,dpsgd,1.9979365212033011,1e-05,1,threshold,0.4237350962269845
high_cost,dpsgd,dpsgd,1.9979365212033011,1e-05,1,demographic_parity_difference,0.02836128600880372
high_cost,dpsgd,dpsgd,1.9979365212033011,1e-05,1,equalized_odds_difference,0.10843141038008874
high_cost,dpsgd,dpsgd,1.9979365212033011,1e-05,1,tpr_group_female,0.9577464788732394
high_cost,dpsgd,dpsgd,1.9979365212033011,1e-05,1,tpr_group_male,0.8493150684931506
high_cost,dpsgd,dpsgd,1.9979365212033011,1e-05,1,fpr_group_female,0.10606060606060606
high_cost,dpsgd,dpsgd,1.9979365212033011,1e-05,1,fpr_group_male,0.10344827586206896
high_cost,dpsgd,dpsgd,1.9979365212033011,1e-05,1,group_size_female,137.0
high_cost,dpsgd,dpsgd,1.9979365212033011,1e-05,1,group_size_male,131.0
high_cost,dpsgd,dpsgd,1.9979365212033011,1e-05,1,mia_loss_threshold_auc,0.5123252022597294
high_cost,dpsgd,dpsgd,1.9979365212033011,1e-05,1,mia_tpr_at_fpr_0.01,0.0011682242990654205
high_cost,dpsgd,dpsgd,1.9979365212033011,1e-05,1,achieved_epsilon,1.9979365212033011
high_cost,dpsgd,dpsgd,1.9979365212033011,1e-05,1,noise_multiplier,3.37890625
high_cost,dpsgd,dpsgd,5.996399562124039,1e-05,1,roc_auc,0.9516689068100359
high_cost,dpsgd,dpsgd,5.996399562124039,1e-05,1,pr_auc,0.9705836888884257
high_cost,dpsgd,dpsgd,5.996399562124039,1e-05,1,accuracy,0.8955223880597015
high_cost,dpsgd,dpsgd,5.996399562124039,1e-05,1,precision,0.8972602739726028
high_cost,dpsgd,dpsgd,5.996399562124039,1e-05,1,recall,0.9097222222222222
high_cost,dpsgd,dpsgd,5.996399562124039,1e-05,1,f1,0.903448275862069
high_cost,dpsgd,dpsgd,5.996399562124039,1e-05,1,macro_f1,0.8948135688253435
high_cost,dpsgd,dpsgd,5.996399562124039,1e-05,1,brier,0.07418139278888702
high_cost,dpsgd,dpsgd,5.996399562124039,1e-05,1,ece,0.06719072424344466
high_cost,dpsgd,dpsgd,5.996399562124039,1e-05,1,threshold,0.38719875893401146
high_cost,dpsgd,dpsgd,5.996399562124039,1e-05,1,demographic_parity_difference,0.03532623836852955
high_cost,dpsgd,dpsgd,5.996399562124039,1e-05,1,equalized_odds_difference,0.09473278024310239
high_cost,dpsgd,dpsgd,5.996399562124039,1e-05,1,tpr_group_female,0.9577464788732394
high_cost,dpsgd,dpsgd,5.996399562124039,1e-05,1,tpr_group_male,0.863013698630137
high_cost,dpsgd,dpsgd,5.996399562124039,1e-05,1,fpr_group_female,0.13636363636363635
high_cost,dpsgd,dpsgd,5.996399562124039,1e-05,1,fpr_group_male,0.10344827586206896
high_cost,dpsgd,dpsgd,5.996399562124039,1e-05,1,group_size_female,137.0
high_cost,dpsgd,dpsgd,5.996399562124039,1e-05,1,group_size_male,131.0
high_cost,dpsgd,dpsgd,5.996399562124039,1e-05,1,mia_loss_threshold_auc,0.510054139349979
high_cost,dpsgd,dpsgd,5.996399562124039,1e-05,1,mia_tpr_at_fpr_0.01,0.005841121495327103
high_cost,dpsgd,dpsgd,5.996399562124039,1e-05,1,achieved_epsilon,5.996399562124039
high_cost,dpsgd,dpsgd,5.996399562124039,1e-05,1,noise_multiplier,1.483154296875
high_cost,dummy,none,inf,,2,roc_auc,0.5
high_cost,dummy,none,inf,,2,pr_auc,0.5074626865671642
high_cost,dummy,none,inf,,2,accuracy,0.5074626865671642
high_cost,dummy,none,inf,,2,precision,0.5074626865671642
high_cost,dummy,none,inf,,2,recall,1.0
high_cost,dummy,none,inf,,2,f1,0.6732673267326733
high_cost,dummy,none,inf,,2,macro_f1,0.33663366336633666
high_cost,dummy,none,inf,,2,brier,0.25
high_cost,dummy,none,inf,,2,ece,0.007462686567164201
high_cost,dummy,none,inf,,2,threshold,0.5
high_cost,dummy,none,inf,,2,demographic_parity_difference,0.0
high_cost,dummy,none,inf,,2,equalized_odds_difference,0.0
high_cost,dummy,none,inf,,2,tpr_group_female,1.0
high_cost,dummy,none,inf,,2,tpr_group_male,1.0
high_cost,dummy,none,inf,,2,fpr_group_female,1.0
high_cost,dummy,none,inf,,2,fpr_group_male,1.0
high_cost,dummy,none,inf,,2,group_size_female,137.0
high_cost,dummy,none,inf,,2,group_size_male,131.0
high_cost,logistic,none,inf,,2,roc_auc,0.9626504010695187
high_cost,logistic,none,inf,,2,pr_auc,0.9771614872051996
high_cost,logistic,none,inf,,2,accuracy,0.9328358208955224
high_cost,logistic,none,inf,,2,precision,0.9609375
high_cost,logistic,none,inf,,2,recall,0.9044117647058824
high_cost,logistic,none,inf,,2,f1,0.9318181818181818
high_cost,logistic,none,inf,,2,macro_f1,0.9328208556149733
high_cost,logistic,none,inf,,2,brier,0.06233161297613812
high_cost,logistic,none,inf,,2,ece,0.09652357854012712
high_cost,logistic,none,inf,,2,threshold,0.5660285025125628
high_cost,logistic,none,inf,,2,demographic_parity_difference,0.021396333649077837
high_cost,logistic,none,inf,,2,equalized_odds_difference,0.04899930986887508
high_cost,logistic,none,inf,,2,tpr_group_female,0.9264705882352942
high_cost,logistic,none,inf,,2,tpr_group_male,0.8823529411764706
high_cost,logistic,none,inf,,2,fpr_group_female,0.014492753623188406
high_cost,logistic,none,inf,,2,fpr_group_male,0.06349206349206349
high_cost,logistic,none,inf,,2,group_size_female,137.0
high_cost,logistic,none,inf,,2,group_size_male,131.0
high_cost,svm,none,inf,,2,roc_auc,0.9681094028520499
high_cost,svm,none,inf,,2,pr_auc,0.979407089896422
high_cost,svm,none,inf,,2,accuracy,0.9216417910447762
high_cost,svm,none,inf,,2,precision,0.967479674796748
high_cost,svm,none,inf,,2,recall,0.875
high_cost,svm,none,inf,,2,f1,0.918918918918919
high_cost,svm,none,inf,,2,macro_f1,0.921553322275344
high_cost,svm,none,inf,,2,brier,0.04636250514281574
high_cost,svm,none,inf,,2,ece,0.05143979149846242
high_cost,svm,none,inf,,2,threshold,0.6850850904522618
high_cost,svm,none,inf,,2,demographic_parity_difference,0.042959826154789105
high_cost,svm,none,inf,,2,equalized_odds_difference,0.06349206349206349
high_cost,svm,none,inf,,2,tpr_group_female,0.8823529411764706
high_cost,svm,none,inf,,2,tpr_group_male,0.8676470588235294
high_cost,svm,none,inf,,2,fpr_group_female,0.0
high_cost,svm,none,inf,,2,fpr_group_male,0.06349206349206349
high_cost,svm,none,inf,,2,group_size_female,137.0
high_cost,svm,none,inf,,2,group_size_male,131.0
high_cost,gradient_boosting,none,inf,,2,roc_auc,0.9597537878787878
high_cost,gradient_boosting,none,inf,,2,pr_auc,0.9738129601789934
high_cost,gradient_boosting,none,inf,,2,accuracy,0.9253731343283582
high_cost,gradient_boosting,none,inf,,2,precision,0.9833333333333333
high_cost,gradient_boosting,none,inf,,2,recall,0.8676470588235294
high_cost,gradient_boosting,none,inf,,2,f1,0.921875
high_cost,gradient_boosting,none,inf,,2,macro_f1,0.9252232142857143
high_cost,gradient_boosting,none,inf,,2,brier,0.05989209102434952
high_cost,gradient_boosting,none,inf,,2,ece,0.03786951330883188
high_cost,gradient_boosting,none,inf,,2,threshold,0.6546921055276389
high_cost,gradient_boosting,none,inf,,2,demographic_parity_difference,0.03499192065526274
high_cost,gradient_boosting,none,inf,,2,equalized_odds_difference,0.031746031746031744
high_cost,gradient_boosting,none,inf,,2,tpr_group_female,0.8676470588235294
high_cost,gradient_boosting,none,inf,,2,tpr_group_male,0.8676470588235294
high_cost,gradient_boosting,none,inf,,2,fpr_group_female,0.0
high_cost,gradient_boosting,none,inf,,2,fpr_group_male,0.031746031746031744
high_cost,gradient_boosting,none,inf,,2,group_size_female,137.0
high_cost,gradient_boosting,none,inf,,2,group_size_male,131.0
high_cost,neural,none,inf,,2,roc_auc,0.9696691176470588
high_cost,neural,none,inf,,2,pr_auc,0.981990065042194
high_cost,neural,none,inf,,2,accuracy,0.9552238805970149
high_cost,neural,none,inf,,2,precision,0.9920634920634921
high_cost,neural,none,inf,,2,recall,0.9191176470588235
high_cost,neural,none,inf,,2,f1,0.9541984732824428
high_cost,neural,none,inf,,2,macro_f1,0.9552014264222433
high_cost,neural,none,inf,,2,brier,0.04085968807339668
high_cost,neural,none,inf,,2,ece,0.0365589416321756
high_cost,neural,none,inf,,2,threshold,0.594180000786805
high_cost,neural,none,inf,,2,demographic_parity_difference,0.006129158076558783
high_cost,neural,none,inf,,2,equalized_odds_difference,0.044117647058823484
high_cost,neural,none,inf,,2,tpr_group_female,0.9411764705882353
high_cost,neural,none,inf,,2,tpr_group_male,0.8970588235294118
high_cost,neural,none,inf,,2,fpr_group_female,0.0
high_cost,neural,none,inf,,2,fpr_group_male,0.015873015873015872
high_cost,neural,none,inf,,2,group_size_female,137.0
high_cost,neural,none,inf,,2,group_size_male,131.0
high_cost,neural,none,inf,,2,mia_loss_threshold_auc,0.494163237550565
high_cost,neural,none,inf,,2,mia_tpr_at_fpr_0.01,0.02219626168224299
high_cost,dpsgd,dpsgd,0.4926042171759174,1e-05,2,roc_auc,0.9627618092691621
high_cost,dpsgd,dpsgd,0.4926042171759174,1e-05,2,pr_auc,0.9749590520250765
high_cost,dpsgd,dpsgd,0.4926042171759174,1e-05,2,accuracy,0.917910447761194
high_cost,dpsgd,dpsgd,0.4926042171759174,1e-05,2,precision,0.9830508474576272
high_cost,dpsgd,dpsgd,0.4926042171759174,1e-05,2,recall,0.8529411764705882
high_cost,dpsgd,dpsgd,0.4926042171759174,1e-05,2,f1,0.9133858267716536
high_cost,dpsgd,dpsgd,0.4926042171759174,1e-05,2,macro_f1,0.9176858211872452
high_cost,dpsgd,dpsgd,0.4926042171759174,1e-05,2,brier,0.0700683444738388
high_cost,dpsgd,dpsgd,0.4926042171759174,1e-05,2,ece,0.07762029207346972
high_cost,dpsgd,dpsgd,0.4926042171759174,1e-05,2,threshold,0.43138142461752776
high_cost,dpsgd,dpsgd,0.4926042171759174,1e-05,2,demographic_parity_difference,0.004791887223491387
high_cost,dpsgd,dpsgd,0.4926042171759174,1e-05,2,equalized_odds_difference,0.05882352941176472
high_cost,dpsgd,dpsgd,0.4926042171759174,1e-05,2,tpr_group_female,0.8823529411764706
high_cost,dpsgd,dpsgd,0.4926042171759174,1e-05,2,tpr_group_male,0.8235294117647058
high_cost,dpsgd,dpsgd,0.4926042171759174,1e-05,2,fpr_group_female,0.0
high_cost,dpsgd,dpsgd,0.4926042171759174,1e-05,2,fpr_group_male,0.031746031746031744
high_cost,dpsgd,dpsgd,0.4926042171759174,1e-05,2,group_size_female,137.0
high_cost,dpsgd,dpsgd,0.4926042171759174,1e-05,2,group_size_male,131.0
high_cost,dpsgd,dpsgd,0.4926042171759174,1e-05,2,mia_loss_threshold_auc,0.47009258613474675
high_cost,dpsgd,dpsgd,0.4926042171759174,1e-05,2,mia_tpr_at_fpr_0.01,0.014018691588785047
high_cost,dpsgd,dpsgd,0.4926042171759174,1e-05,2,achieved_epsilon,0.4926042171759174
high_cost,dpsgd,dpsgd,0.4926042171759174,1e-05,2,noise_multiplier,11.5625
high_cost,dpsgd,dpsgd,1.9979365212033011,1e-05,2,roc_auc,0.961926247771836
high_cost,dpsgd,dpsgd,1.9979365212033011,1e-05,2,pr_auc,0.9775419667143206
high_cost,dpsgd,dpsgd,1.9979365212033011,1e-05,2,accuracy,0.9402985074626866
high_cost,dpsgd,dpsgd,1.9979365212033011,1e-05,2,precision,1.0
high_cost,dpsgd,dpsgd,1.9979365212033011,1e-05,2,recall,0.8823529411764706
high_cost,dpsgd,dpsgd,1.9979365212033011,1e-05,2,f1,0.9375
high_cost,dpsgd,dpsgd,1.9979365212033011,1e-05,2,macro_f1,0.9401785714285714
high_cost,dpsgd,dpsgd,1.9979365212033011,1e-05,2,brier,0.04673917219042778
high_cost,dpsgd,dpsgd,1.9979365212033011,1e-05,2,ece,0.047229726158982535
high_cost,dpsgd,dpsgd,1.9979365212033011,1e-05,2,threshold,0.6697267317891717
high_cost,dpsgd,dpsgd,1.9979365212033011,1e-05,2,demographic_parity_difference,0.009806652922493997
high_cost,dpsgd,dpsgd,1.9979365212033011,1e-05,2,equalized_odds_difference,0.05882352941176472
high_cost,dpsgd,dpsgd,1.9979365212033011,1e-05,2,tpr_group_female,0.9117647058823529
high_cost,dpsgd,dpsgd,1.9979365212033011,1e-05,2,tpr_group_male,0.8529411764705882
high_cost,dpsgd,dpsgd,1.9979365212033011,1e-05,2,fpr_group_female,0.0
high_cost,dpsgd,dpsgd,1.9979365212033011,1e-05,2,fpr_group_male,0.0
high_cost,dpsgd,dpsgd,1.9979365212033011,1e-05,2,group_size_female,137.0
high_cost,dpsgd,dpsgd,1.9979365212033011,1e-05,2,group_size_male,131.0
high_cost,dpsgd,dpsgd,1.9979365212033011,1e-05,2,mia_loss_threshold_auc,0.4606814060538429
high_cost,dpsgd,dpsgd,1.9979365212033011,1e-05,2,mia_tpr_at_fpr_0.01,0.02102803738317757
high_cost,dpsgd,dpsgd,1.9979365212033011,1e-05,2,achieved_epsilon,1.9979365212033011
high_cost,dpsgd,dpsgd,1.9979365212033011,1e-05,2,noise_multiplier,3.37890625
high_cost,dpsgd,dpsgd,5.996399562124039,1e-05,2,roc_auc,0.9618705436720142
high_cost,dpsgd,dpsgd,5.996399562124039,1e-05,2,pr_auc,0.9774194864054606
high_cost,dpsgd,dpsgd,5.996399562124039,1e-05,2,accuracy,0.9365671641791045
high_cost,dpsgd,dpsgd,5.996399562124039,1e-05,2,precision,0.9917355371900827
high_cost,dpsgd,dpsgd,5.996399562124039,1e-05,2,recall,0.8823529411764706
high_cost,dpsgd,dpsgd,5.996399562124039,1e-05,2,f1,0.933852140077821
high_cost,dpsgd,dpsgd,5.996399562124039,1e-05,2,macro_f1,0.936460120218122
high_cost,dpsgd,dpsgd,5.996399562124039,1e-05,2,brier,0.04667166247963905
high_cost,dpsgd,dpsgd,5.996399562124039,1e-05,2,ece,0.05215356209091217
high_cost,dpsgd,dpsgd,5.996399562124039,1e-05,2,threshold,0.6916723164481738
high_cost,dpsgd,dpsgd,5.996399562124039,1e-05,2,demographic_parity_difference,0.0021730651362344977
high_cost,dpsgd,dpsgd,5.996399562124039,1e-05,2,equalized_odds_difference,0.05882352941176472
high_cost,dpsgd,dpsgd,5.996399562124039,1e-05,2,tpr_group_female,0.9117647058823529
high_cost,dpsgd,dpsgd,5.996399562124039,1e-05,2,tpr_group_male,0.8529411764705882
high_cost,dpsgd,dpsgd,5.996399562124039,1e-05,2,fpr_group_female,0.0
high_cost,dpsgd,dpsgd,5.996399562124039,1e-05,2,fpr_group_male,0.015873015873015872
high_cost,dpsgd,dpsgd,5.996399562124039,1e-05,2,group_size_female,137.0
high_cost,dpsgd,dpsgd,5.996399562124039,1e-05,2,group_size_male,131.0
high_cost,dpsgd,dpsgd,5.996399562124039,1e-05,2,mia_loss_threshold_auc,0.4578916166829404
high_cost,dpsgd,dpsgd,5.996399562124039,1e-05,2,mia_tpr_at_fpr_0.01,0.02219626168224299
high_cost,dpsgd,dpsgd,5.996399562124039,1e-05,2,achieved_epsilon,5.996399562124039
high_cost,dpsgd,dpsgd,5.996399562124039,1e-05,2,noise_multiplier,1.483154296875
high_cost,dummy,none,inf,,3,roc_auc,0.5
high_cost,dummy,none,inf,,3,pr_auc,0.5111940298507462
high_cost,dummy,none,inf,,3,accuracy,0.5111940298507462
high_cost,dummy,none,inf,,3,precision,0.5111940298507462
high_cost,dummy,none,inf,,3,recall,1.0
high_cost,dummy,none,inf,,3,f1,0.6765432098765433
high_cost,dummy,none,inf,,3,macro_f1,0.33827160493827163
high_cost,dummy,none,inf,,3,brier,0.25
high_cost,dummy,none,inf,,3,ece,0.011194029850746245
high_cost,dummy,none,inf,,3,threshold,0.5
high_cost,dummy,none,inf,,3,demographic_parity_difference,0.0
high_cost,dummy,none,inf,,3,equalized_odds_difference,0.0
high_cost,dummy,none,inf,,3,tpr_group_female,1.0
high_cost,dummy,none,inf,,3,tpr_group_male,1.0
high_cost,dummy,none,inf,,3,fpr_group_female,1.0
high_cost,dummy,none,inf,,3,fpr_group_male,1.0
high_cost,dummy,none,inf,,3,group_size_female,127.0
high_cost,dummy,none,inf,,3,group_size_male,141.0
high_cost,logistic,none,inf,,3,roc_auc,0.9259486265113946
high_cost,logistic,none,inf,,3,pr_auc,0.9522767273403259
high_cost,logistic,none,inf,,3,accuracy,0.8955223880597015
high_cost,logistic,none,inf,,3,precision,0.943089430894309
high_cost,logistic,none,inf,,3,recall,0.8467153284671532
high_cost,logistic,none,inf,,3,f1,0.8923076923076924
high_cost,logistic,none,inf,,3,macro_f1,0.8954292084726867
high_cost,logistic,none,inf,,3,brier,0.0978079538060181
high_cost,logistic,none,inf,,3,ece,0.09419858645160305
high_cost,logistic,none,inf,,3,threshold,0.5937012311557788
high_cost,logistic,none,inf,,3,demographic_parity_difference,0.07053107723236723
high_cost,logistic,none,inf,,3,equalized_odds_difference,0.12035851472471193
high_cost,logistic,none,inf,,3,tpr_group_female,0.9090909090909091
high_cost,logistic,none,inf,,3,tpr_group_male,0.7887323943661971
high_cost,logistic,none,inf,,3,fpr_group_female,0.04918032786885246
high_cost,logistic,none,inf,,3,fpr_group_male,0.05714285714285714
high_cost,logistic,none,inf,,3,group_size_female,127.0
high_cost,logistic,none,inf,,3,group_size_male,141.0
high_cost,svm,none,inf,,3,roc_auc,0.9279545327909957
high_cost,svm,none,inf,,3,pr_auc,0.9553660439576239
high_cost,svm,none,inf,,3,accuracy,0.914179104477612
high_cost,svm,none,inf,,3,precision,0.9523809523809523
high_cost,svm,none,inf,,3,recall,0.8759124087591241
high_cost,svm,none,inf,,3,f1,0.9125475285171103
high_cost,svm,none,inf,,3,macro_f1,0.9141492221340131
high_cost,svm,none,inf,,3,brier,0.07898237090267463
high_cost,svm,none,inf,,3,ece,0.06781650260446702
high_cost,svm,none,inf,,3,threshold,0.48508347236180926
high_cost,svm,none,inf,,3,demographic_parity_difference,0.06422069581727813
high_cost,svm,none,inf,,3,equalized_odds_difference,0.09325650874946645
high_cost,svm,none,inf,,3,tpr_group_female,0.9242424242424242
high_cost,svm,none,inf,,3,tpr_group_male,0.8309859154929577
high_cost,svm,none,inf,,3,fpr_group_female,0.04918032786885246
high_cost,svm,none,inf,,3,fpr_group_male,0.04285714285714286
high_cost,svm,none,inf,,3,group_size_female,127.0
high_cost,svm,none,inf,,3,group_size_male,141.0
high_cost,gradient_boosting,none,inf,,3,roc_auc,0.9383741015211455
high_cost,gradient_boosting,none,inf,,3,pr_auc,0.9618990370799262
high_cost,gradient_boosting,none,inf,,3,accuracy,0.917910447761194
high_cost,gradient_boosting,none,inf,,3,precision,0.9831932773109243
high_cost,gradient_boosting,none,inf,,3,recall,0.8540145985401459
high_cost,gradient_boosting,none,inf,,3,f1,0.9140625
high_cost,gradient_boosting,none,inf,,3,macro_f1,0.9177455357142856
high_cost,gradient_boosting,none,inf,,3,brier,0.07374980296295823
high_cost,gradient_boosting,none,inf,,3,ece,0.06282322636977455
high_cost,gradient_boosting,none,inf,,3,threshold,0.8072033618090448
high_cost,gradient_boosting,none,inf,,3,demographic_parity_difference,0.09889987155860835
high_cost,gradient_boosting,none,inf,,3,equalized_odds_difference,0.13551002987622707
high_cost,gradient_boosting,none,inf,,3,tpr_group_female,0.9242424242424242
high_cost,gradient_boosting,none,inf,,3,tpr_group_male,0.7887323943661971
high_cost,gradient_boosting,none,inf,,3,fpr_group_female,0.03278688524590164
high_cost,gradient_boosting,none,inf,,3,fpr_group_male,0.0
high_cost,gradient_boosting,none,inf,,3,group_size_female,127.0
high_cost,gradient_boosting,none,inf,,3,group_size_male,141.0
high_cost,neural,none,inf,,3,roc_auc,0.9357552794338886
high_cost,neural,none,inf,,3,pr_auc,0.9619021416191988
high_cost,neural,none,inf,,3,accuracy,0.9328358208955224
high_cost,neural,none,inf,,3,precision,0.9917355371900827
high_cost,neural,none,inf,,3,recall,0.8759124087591241
high_cost,neural,none,inf,,3,f1,0.9302325581395349
high_cost,neural,none,inf,,3,macro_f1,0.9327421783503429
high_cost,neural,none,inf,,3,brier,0.0657077431678772
high_cost,neural,none,inf,,3,ece,0.03996972725969922
high_cost,neural,none,inf,,3,threshold,0.5980780124664307
high_cost,neural,none,inf,,3,demographic_parity_difference,0.06974926006589605
high_cost,neural,none,inf,,3,equalized_odds_difference,0.09325650874946645
high_cost,neural,none,inf,,3,tpr_group_female,0.9242424242424242
high_cost,neural,none,inf,,3,tpr_group_male,0.8309859154929577
high_cost,neural,none,inf,,3,fpr_group_female,0.01639344262295082
high_cost,neural,none,inf,,3,fpr_group_male,0.0
high_cost,neural,none,inf,,3,group_size_female,127.0
high_cost,neural,none,inf,,3,group_size_male,141.0
high_cost,neural,none,inf,,3,mia_loss_threshold_auc,0.5067870344538987
high_cost,neural,none,inf,,3,mia_tpr_at_fpr_0.01,0.004672897196261682
high_cost,dpsgd,dpsgd,0.4926042171759174,1e-05,3,roc_auc,0.9110714882710202
high_cost,dpsgd,dpsgd,0.4926042171759174,1e-05,3,pr_auc,0.9305602123480647
high_cost,dpsgd,dpsgd,0.4926042171759174,1e-05,3,accuracy,0.8432835820895522
high_cost,dpsgd,dpsgd,0.4926042171759174,1e-05,3,precision,0.8467153284671532
high_cost,dpsgd,dpsgd,0.4926042171759174,1e-05,3,recall,0.8467153284671532
high_cost,dpsgd,dpsgd,0.4926042171759174,1e-05,3,f1,0.8467153284671532
high_cost,dpsgd,dpsgd,0.4926042171759174,1e-05,3,macro_f1,0.8432049924778514
high_cost,dpsgd,dpsgd,0.4926042171759174,1e-05,3,brier,0.11623220145702362
high_cost,dpsgd,dpsgd,0.4926042171759174,1e-05,3,ece,0.07854670620850919
high_cost,dpsgd,dpsgd,0.4926042171759174,1e-05,3,threshold,0.37333368251671145
high_cost,dpsgd,dpsgd,0.4926042171759174,1e-05,3,demographic_parity_difference,0.1807672977048082
high_cost,dpsgd,dpsgd,0.4926042171759174,1e-05,3,equalized_odds_difference,0.1908665105386417
high_cost,dpsgd,dpsgd,0.4926042171759174,1e-05,3,tpr_group_female,0.9242424242424242
high_cost,dpsgd,dpsgd,0.4926042171759174,1e-05,3,tpr_group_male,0.7746478873239436
high_cost,dpsgd,dpsgd,0.4926042171759174,1e-05,3,fpr_group_female,0.26229508196721313
high_cost,dpsgd,dpsgd,0.4926042171759174,1e-05,3,fpr_group_male,0.07142857142857142
high_cost,dpsgd,dpsgd,0.4926042171759174,1e-05,3,group_size_female,127.0
high_cost,dpsgd,dpsgd,0.4926042171759174,1e-05,3,group_size_male,141.0
high_cost,dpsgd,dpsgd,0.4926042171759174,1e-05,3,mia_loss_threshold_auc,0.49510479146324454
high_cost,dpsgd,dpsgd,0.4926042171759174,1e-05,3,mia_tpr_at_fpr_0.01,0.007009345794392523
high_cost,dpsgd,dpsgd,0.4926042171759174,1e-05,3,achieved_epsilon,0.4926042171759174
high_cost,dpsgd,dpsgd,0.4926042171759174,1e-05,3,noise_multiplier,11.5625
high_cost,dpsgd,dpsgd,1.9979365212033011,1e-05,3,roc_auc,0.9284002897420182
high_cost,dpsgd,dpsgd,1.9979365212033011,1e-05,3,pr_auc,0.9530663565087666
high_cost,dpsgd,dpsgd,1.9979365212033011,1e-05,3,accuracy,0.8805970149253731
high_cost,dpsgd,dpsgd,1.9979365212033011,1e-05,3,precision,0.92
high_cost,dpsgd,dpsgd,1.9979365212033011,1e-05,3,recall,0.8394160583941606
high_cost,dpsgd,dpsgd,1.9979365212033011,1e-05,3,f1,0.8778625954198473
high_cost,dpsgd,dpsgd,1.9979365212033011,1e-05,3,macro_f1,0.880537137125982
high_cost,dpsgd,dpsgd,1.9979365212033011,1e-05,3,brier,0.09294772148132324
high_cost,dpsgd,dpsgd,1.9979365212033011,1e-05,3,ece,0.09302883180650647
high_cost,dpsgd,dpsgd,1.9979365212033011,1e-05,3,threshold,0.5774225490776139
high_cost,dpsgd,dpsgd,1.9979365212033011,1e-05,3,demographic_parity_difference,0.07131289439883842
high_cost,dpsgd,dpsgd,1.9979365212033011,1e-05,3,equalized_odds_difference,0.10520699957319679
high_cost,dpsgd,dpsgd,1.9979365212033011,1e-05,3,tpr_group_female,0.8939393939393939
high_cost,dpsgd,dpsgd,1.9979365212033011,1e-05,3,tpr_group_male,0.7887323943661971
high_cost,dpsgd,dpsgd,1.9979365212033011,1e-05,3,fpr_group_female,0.08196721311475409
high_cost,dpsgd,dpsgd,1.9979365212033011,1e-05,3,fpr_group_male,0.07142857142857142
high_cost,dpsgd,dpsgd,1.9979365212033011,1e-05,3,group_size_female,127.0
high_cost,dpsgd,dpsgd,1.9979365212033011,1e-05,3,group_size_male,141.0
high_cost,dpsgd,dpsgd,1.9979365212033011,1e-05,3,mia_loss_threshold_auc,0.49547748988701357
high_cost,dpsgd,dpsgd,1.9979365212033011,1e-05,3,mia_tpr_at_fpr_0.01,0.009345794392523364
high_cost,dpsgd,dpsgd,1.9979365212033011,1e-05,3,achieved_epsilon,1.9979365212033011
high_cost,dpsgd,dpsgd,1.9979365212033011,1e-05,3,noise_multiplier,3.37890625
high_cost,dpsgd,dpsgd,5.996399562124039,1e-05,3,roc_auc,0.9282331308853848
high_cost,dpsgd,dpsgd,5.996399562124039,1e-05,3,pr_auc,0.9540674010257921
high_cost,dpsgd,dpsgd,5.996399562124039,1e-05,3,accuracy,0.8917910447761194
high_cost,dpsgd,dpsgd,5.996399562124039,1e-05,3,precision,0.9354838709677419
high_cost,dpsgd,dpsgd,5.996399562124039,1e-05,3,recall,0.8467153284671532
high_cost,dpsgd,dpsgd,5.996399562124039,1e-05,3,f1,0.8888888888888888
high_cost,dpsgd,dpsgd,5.996399562124039,1e-05,3,macro_f1,0.8917171717171717
high_cost,dpsgd,dpsgd,5.996399562124039,1e-05,3,brier,0.09049706906080246
high_cost,dpsgd,dpsgd,5.996399562124039,1e-05,3,ece,0.07592674997833264
high_cost,dpsgd,dpsgd,5.996399562124039,1e-05,3,threshold,0.6023128556845776
high_cost,dpsgd,dpsgd,5.996399562124039,1e-05,3,demographic_parity_difference,0.07840509298039872
high_cost,dpsgd,dpsgd,5.996399562124039,1e-05,3,equalized_odds_difference,0.12035851472471193
high_cost,dpsgd,dpsgd,5.996399562124039,1e-05,3,tpr_group_female,0.9090909090909091
high_cost,dpsgd,dpsgd,5.996399562124039,1e-05,3,tpr_group_male,0.7887323943661971
high_cost,dpsgd,dpsgd,5.996399562124039,1e-05,3,fpr_group_female,0.06557377049180328
high_cost,dpsgd,dpsgd,5.996399562124039,1e-05,3,fpr_group_male,0.05714285714285714
high_cost,dpsgd,dpsgd,5.996399562124039,1e-05,3,group_size_female,127.0
high_cost,dpsgd,dpsgd,5.996399562124039,1e-05,3,group_size_male,141.0
high_cost,dpsgd,dpsgd,5.996399562124039,1e-05,3,mia_loss_threshold_auc,0.49684840982005857
high_cost,dpsgd,dpsgd,5.996399562124039,1e-05,3,mia_tpr_at_fpr_0.01,0.009345794392523364
high_cost,dpsgd,dpsgd,5.996399562124039,1e-05,3,achieved_epsilon,5.996399562124039
high_cost,dpsgd,dpsgd,5.996399562124039,1e-05,3,noise_multiplier,1.483154296875
high_cost,dummy,none,inf,,4,roc_auc,0.5
high_cost,dummy,none,inf,,4,pr_auc,0.458955223880597
high_cost,dummy,none,inf,,4,accuracy,0.458955223880597
high_cost,dummy,none,inf,,4,precision,0.458955223880597
high_cost,dummy,none,inf,,4,recall,1.0
high_cost,dummy,none,inf,,4,f1,0.629156010230179
high_cost,dummy,none,inf,,4,macro_f1,0.3145780051150895
high_cost,dummy,none,inf,,4,brier,0.25
high_cost,dummy,none,inf,,4,ece,0.04104477611940299
high_cost,dummy,none,inf,,4,threshold,0.5
high_cost,dummy,none,inf,,4,demographic_parity_difference,0.0
high_cost,dummy,none,inf,,4,equalized_odds_difference,0.0
high_cost,dummy,none,inf,,4,tpr_group_female,1.0
high_cost,dummy,none,inf,,4,tpr_group_male,1.0
high_cost,dummy,none,inf,,4,fpr_group_female,1.0
high_cost,dummy,none,inf,,4,fpr_group_male,1.0
high_cost,dummy,none,inf,,4,group_size_female,132.0
high_cost,dummy,none,inf,,4,group_size_male,136.0
high_cost,logistic,none,inf,,4,roc_auc,0.9353518362769834
high_cost,logistic,none,inf,,4,pr_auc,0.9560638235488422
high_cost,logistic,none,inf,,4,accuracy,0.9291044776119403
high_cost,logistic,none,inf,,4,precision,0.9642857142857143
high_cost,logistic,none,inf,,4,recall,0.8780487804878049
high_cost,logistic,none,inf,,4,f1,0.9191489361702128
high_cost,logistic,none,inf,,4,macro_f1,0.9280130062910865
high_cost,logistic,none,inf,,4,brier,0.08287105184025431
high_cost,logistic,none,inf,,4,ece,0.1194474995060387
high_cost,logistic,none,inf,,4,threshold,0.5943743819095477
high_cost,logistic,none,inf,,4,demographic_parity_difference,0.0871212121212121
high_cost,logistic,none,inf,,4,equalized_odds_difference,0.05879237288135597
high_cost,logistic,none,inf,,4,tpr_group_female,0.90625
high_cost,logistic,none,inf,,4,tpr_group_male,0.847457627118644
high_cost,logistic,none,inf,,4,fpr_group_female,0.04411764705882353
high_cost,logistic,none,inf,,4,fpr_group_male,0.012987012987012988
high_cost,logistic,none,inf,,4,group_size_female,132.0
high_cost,logistic,none,inf,,4,group_size_male,136.0
high_cost,svm,none,inf,,4,roc_auc,0.9462293243622092
high_cost,svm,none,inf,,4,pr_auc,0.961336268365794
high_cost,svm,none,inf,,4,accuracy,0.9253731343283582
high_cost,svm,none,inf,,4,precision,0.9724770642201835
high_cost,svm,none,inf,,4,recall,0.8617886178861789
high_cost,svm,none,inf,,4,f1,0.9137931034482759
high_cost,svm,none,inf,,4,macro_f1,0.9240018148820327
high_cost,svm,none,inf,,4,brier,0.06435457223279907
high_cost,svm,none,inf,,4,ece,0.04977192839162922
high_cost,svm,none,inf,,4,threshold,0.715687391959799
high_cost,svm,none,inf,,4,demographic_parity_difference,0.09425133689839571
high_cost,svm,none,inf,,4,equalized_odds_difference,0.09269067796610164
high_cost,svm,none,inf,,4,tpr_group_female,0.90625
high_cost,svm,none,inf,,4,tpr_group_male,0.8135593220338984
high_cost,svm,none,inf,,4,fpr_group_female,0.029411764705882353
high_cost,svm,none,inf,,4,fpr_group_male,0.012987012987012988
high_cost,svm,none,inf,,4,group_size_female,132.0
high_cost,svm,none,inf,,4,group_size_male,136.0
high_cost,gradient_boosting,none,inf,,4,roc_auc,0.9547518923465096
high_cost,gradient_boosting,none,inf,,4,pr_auc,0.965260756167469
high_cost,gradient_boosting,none,inf,,4,accuracy,0.9365671641791045
high_cost,gradient_boosting,none,inf,,4,precision,0.9732142857142857
high_cost,gradient_boosting,none,inf,,4,recall,0.8861788617886179
high_cost,gradient_boosting,none,inf,,4,f1,0.9276595744680851
high_cost,gradient_boosting,none,inf,,4,macro_f1,0.9355905845762352
high_cost,gradient_boosting,none,inf,,4,brier,0.06166344635326148
high_cost,gradient_boosting,none,inf,,4,ece,0.05306909112070539
high_cost,gradient_boosting,none,inf,,4,threshold,0.6692454020100519
high_cost,gradient_boosting,none,inf,,4,demographic_parity_difference,0.05726381461675578
high_cost,gradient_boosting,none,inf,,4,equalized_odds_difference,0.016424751718869365
high_cost,gradient_boosting,none,inf,,4,tpr_group_female,0.890625
high_cost,gradient_boosting,none,inf,,4,tpr_group_male,0.8813559322033898
high_cost,gradient_boosting,none,inf,,4,fpr_group_female,0.029411764705882353
high_cost,gradient_boosting,none,inf,,4,fpr_group_male,0.012987012987012988
high_cost,gradient_boosting,none,inf,,4,group_size_female,132.0
high_cost,gradient_boosting,none,inf,,4,group_size_male,136.0
high_cost,neural,none,inf,,4,roc_auc,0.9518362769834595
high_cost,neural,none,inf,,4,pr_auc,0.9656412565525915
high_cost,neural,none,inf,,4,accuracy,0.9477611940298507
high_cost,neural,none,inf,,4,precision,0.9823008849557522
high_cost,neural,none,inf,,4,recall,0.9024390243902439
high_cost,neural,none,inf,,4,f1,0.940677966101695
high_cost,neural,none,inf,,4,macro_f1,0.9470056497175141
high_cost,neural,none,inf,,4,brier,0.05078764632344246
high_cost,neural,none,inf,,4,ece,0.029283800523783748
high_cost,neural,none,inf,,4,threshold,0.551468014717102
high_cost,neural,none,inf,,4,demographic_parity_difference,0.07976827094474154
high_cost,neural,none,inf,,4,equalized_odds_difference,0.040519067796610186
high_cost,neural,none,inf,,4,tpr_group_female,0.921875
high_cost,neural,none,inf,,4,tpr_group_male,0.8813559322033898
high_cost,neural,none,inf,,4,fpr_group_female,0.029411764705882353
high_cost,neural,none,inf,,4,fpr_group_male,0.0
high_cost,neural,none,inf,,4,group_size_female,132.0
high_cost,neural,none,inf,,4,group_size_male,136.0
high_cost,neural,none,inf,,4,mia_loss_threshold_auc,0.5086614241874738
high_cost,neural,none,inf,,4,mia_tpr_at_fpr_0.01,0.009345794392523364
high_cost,dpsgd,dpsgd,0.4926042171759174,1e-05,4,roc_auc,0.9223997757218951
high_cost,dpsgd,dpsgd,0.4926042171759174,1e-05,4,pr_auc,0.941937127226419
high_cost,dpsgd,dpsgd,0.4926042171759174,1e-05,4,accuracy,0.9104477611940298
high_cost,dpsgd,dpsgd,0.4926042171759174,1e-05,4,precision,0.9230769230769231
high_cost,dpsgd,dpsgd,0.4926042171759174,1e-05,4,recall,0.8780487804878049
high_cost,dpsgd,dpsgd,0.4926042171759174,1e-05,4,f1,0.9
high_cost,dpsgd,dpsgd,0.4926042171759174,1e-05,4,macro_f1,0.9094594594594595
high_cost,dpsgd,dpsgd,0.4926042171759174,1e-05,4,brier,0.08618442714214325
high_cost,dpsgd,dpsgd,0.4926042171759174,1e-05,4,ece,0.06370488932029798
high_cost,dpsgd,dpsgd,0.4926042171759174,1e-05,4,threshold,0.667891757572117
high_cost,dpsgd,dpsgd,0.4926042171759174,1e-05,4,demographic_parity_difference,0.024286987522281644
high_cost,dpsgd,dpsgd,0.4926042171759174,1e-05,4,equalized_odds_difference,0.08919022154316272
high_cost,dpsgd,dpsgd,0.4926042171759174,1e-05,4,tpr_group_female,0.859375
high_cost,dpsgd,dpsgd,0.4926042171759174,1e-05,4,tpr_group_male,0.8983050847457628
high_cost,dpsgd,dpsgd,0.4926042171759174,1e-05,4,fpr_group_female,0.014705882352941176
high_cost,dpsgd,dpsgd,0.4926042171759174,1e-05,4,fpr_group_male,0.1038961038961039
high_cost,dpsgd,dpsgd,0.4926042171759174,1e-05,4,group_size_female,132.0
high_cost,dpsgd,dpsgd,0.4926042171759174,1e-05,4,group_size_male,136.0
high_cost,dpsgd,dpsgd,0.4926042171759174,1e-05,4,mia_loss_threshold_auc,0.4919771760357093
high_cost,dpsgd,dpsgd,0.4926042171759174,1e-05,4,mia_tpr_at_fpr_0.01,0.009345794392523364
high_cost,dpsgd,dpsgd,0.4926042171759174,1e-05,4,achieved_epsilon,0.4926042171759174
high_cost,dpsgd,dpsgd,0.4926042171759174,1e-05,4,noise_multiplier,11.5625
high_cost,dpsgd,dpsgd,1.9979365212033011,1e-05,4,roc_auc,0.9337258200168208
high_cost,dpsgd,dpsgd,1.9979365212033011,1e-05,4,pr_auc,0.9569395310831436
high_cost,dpsgd,dpsgd,1.9979365212033011,1e-05,4,accuracy,0.9365671641791045
high_cost,dpsgd,dpsgd,1.9979365212033011,1e-05,4,precision,0.9732142857142857
high_cost,dpsgd,dpsgd,1.9979365212033011,1e-05,4,recall,0.8861788617886179
high_cost,dpsgd,dpsgd,1.9979365212033011,1e-05,4,f1,0.9276595744680851
high_cost,dpsgd,dpsgd,1.9979365212033011,1e-05,4,macro_f1,0.9355905845762352
high_cost,dpsgd,dpsgd,1.9979365212033011,1e-05,4,brier,0.06821132451295853
high_cost,dpsgd,dpsgd,1.9979365212033011,1e-05,4,ece,0.09794241803243874
high_cost,dpsgd,dpsgd,1.9979365212033011,1e-05,4,threshold,0.6515148264079837
high_cost,dpsgd,dpsgd,1.9979365212033011,1e-05,4,demographic_parity_difference,0.04233511586452765
high_cost,dpsgd,dpsgd,1.9979365212033011,1e-05,4,equalized_odds_difference,0.02330508474576276
high_cost,dpsgd,dpsgd,1.9979365212033011,1e-05,4,tpr_group_female,0.875
high_cost,dpsgd,dpsgd,1.9979365212033011,1e-05,4,tpr_group_male,0.8983050847457628
high_cost,dpsgd,dpsgd,1.9979365212033011,1e-05,4,fpr_group_female,0.029411764705882353
high_cost,dpsgd,dpsgd,1.9979365212033011,1e-05,4,fpr_group_male,0.012987012987012988
high_cost,dpsgd,dpsgd,1.9979365212033011,1e-05,4,group_size_female,132.0
high_cost,dpsgd,dpsgd,1.9979365212033011,1e-05,4,group_size_male,136.0
high_cost,dpsgd,dpsgd,1.9979365212033011,1e-05,4,mia_loss_threshold_auc,0.4888190472869298
high_cost,dpsgd,dpsgd,1.9979365212033011,1e-05,4,mia_tpr_at_fpr_0.01,0.015186915887850467
high_cost,dpsgd,dpsgd,1.9979365212033011,1e-05,4,achieved_epsilon,1.9979365212033011
high_cost,dpsgd,dpsgd,1.9979365212033011,1e-05,4,noise_multiplier,3.37890625
high_cost,dpsgd,dpsgd,5.996399562124039,1e-05,4,roc_auc,0.9359686010653211
high_cost,dpsgd,dpsgd,5.996399562124039,1e-05,4,pr_auc,0.9576274620332688
high_cost,dpsgd,dpsgd,5.996399562124039,1e-05,4,accuracy,0.9291044776119403
high_cost,dpsgd,dpsgd,5.996399562124039,1e-05,4,precision,0.9727272727272728
high_cost,dpsgd,dpsgd,5.996399562124039,1e-05,4,recall,0.8699186991869918
high_cost,dpsgd,dpsgd,5.996399562124039,1e-05,4,f1,0.9184549356223176
high_cost,dpsgd,dpsgd,5.996399562124039,1e-05,4,macro_f1,0.9278743324976275
high_cost,dpsgd,dpsgd,5.996399562124039,1e-05,4,brier,0.06590719521045685
high_cost,dpsgd,dpsgd,5.996399562124039,1e-05,4,ece,0.0930408234238875
high_cost,dpsgd,dpsgd,5.996399562124039,1e-05,4,threshold,0.6596420233573149
high_cost,dpsgd,dpsgd,5.996399562124039,1e-05,4,demographic_parity_difference,0.07196969696969696
high_cost,dpsgd,dpsgd,5.996399562124039,1e-05,4,equalized_odds_difference,0.04316737288135597
high_cost,dpsgd,dpsgd,5.996399562124039,1e-05,4,tpr_group_female,0.890625
high_cost,dpsgd,dpsgd,5.996399562124039,1e-05,4,tpr_group_male,0.847457627118644
high_cost,dpsgd,dpsgd,5.996399562124039,1e-05,4,fpr_group_female,0.029411764705882353
high_cost,dpsgd,dpsgd,5.996399562124039,1e-05,4,fpr_group_male,0.012987012987012988
high_cost,dpsgd,dpsgd,5.996399562124039,1e-05,4,group_size_female,132.0
high_cost,dpsgd,dpsgd,5.996399562124039,1e-05,4,group_size_male,136.0
high_cost,dpsgd,dpsgd,5.996399562124039,1e-05,4,mia_loss_threshold_auc,0.4883896812665644
high_cost,dpsgd,dpsgd,5.996399562124039,1e-05,4,mia_tpr_at_fpr_0.01,0.011682242990654205
high_cost,dpsgd,dpsgd,5.996399562124039,1e-05,4,achieved_epsilon,5.996399562124039
high_cost,dpsgd,dpsgd,5.996399562124039,1e-05,4,noise_multiplier,1.483154296875
smoker_with_charges_legacy,dummy,none,inf,,0,roc_auc,0.5
smoker_with_charges_legacy,dummy,none,inf,,0,pr_auc,0.20522388059701493
smoker_with_charges_legacy,dummy,none,inf,,0,accuracy,0.20522388059701493
smoker_with_charges_legacy,dummy,none,inf,,0,precision,0.20522388059701493
smoker_with_charges_legacy,dummy,none,inf,,0,recall,1.0
smoker_with_charges_legacy,dummy,none,inf,,0,f1,0.34055727554179566
smoker_with_charges_legacy,dummy,none,inf,,0,macro_f1,0.17027863777089783
smoker_with_charges_legacy,dummy,none,inf,,0,brier,0.16310765507122435
smoker_with_charges_legacy,dummy,none,inf,,0,ece,0.000784628260566328
smoker_with_charges_legacy,dummy,none,inf,,0,threshold,0.204439
smoker_with_charges_legacy,dummy,none,inf,,0,demographic_parity_difference,0.0
smoker_with_charges_legacy,dummy,none,inf,,0,equalized_odds_difference,0.0
smoker_with_charges_legacy,dummy,none,inf,,0,tpr_group_female,1.0
smoker_with_charges_legacy,dummy,none,inf,,0,tpr_group_male,1.0
smoker_with_charges_legacy,dummy,none,inf,,0,fpr_group_female,1.0
smoker_with_charges_legacy,dummy,none,inf,,0,fpr_group_male,1.0
smoker_with_charges_legacy,dummy,none,inf,,0,group_size_female,128.0
smoker_with_charges_legacy,dummy,none,inf,,0,group_size_male,140.0
smoker_with_charges_legacy,logistic,none,inf,,0,roc_auc,0.9930857874519846
smoker_with_charges_legacy,logistic,none,inf,,0,pr_auc,0.969004975082502
smoker_with_charges_legacy,logistic,none,inf,,0,accuracy,0.9813432835820896
smoker_with_charges_legacy,logistic,none,inf,,0,precision,0.9166666666666666
smoker_with_charges_legacy,logistic,none,inf,,0,recall,1.0
smoker_with_charges_legacy,logistic,none,inf,,0,f1,0.9565217391304348
smoker_with_charges_legacy,logistic,none,inf,,0,macro_f1,0.9723226272849324
smoker_with_charges_legacy,logistic,none,inf,,0,brier,0.027814061060978605
smoker_with_charges_legacy,logistic,none,inf,,0,ece,0.055933160743287996
smoker_with_charges_legacy,logistic,none,inf,,0,threshold,0.2534637839195992
smoker_with_charges_legacy,logistic,none,inf,,0,demographic_parity_difference,0.0546875
smoker_with_charges_legacy,logistic,none,inf,,0,equalized_odds_difference,0.009610298007406103
smoker_with_charges_legacy,logistic,none,inf,,0,tpr_group_female,1.0
smoker_with_charges_legacy,logistic,none,inf,,0,tpr_group_male,1.0
smoker_with_charges_legacy,logistic,none,inf,,0,fpr_group_female,0.02830188679245283
smoker_with_charges_legacy,logistic,none,inf,,0,fpr_group_male,0.018691588785046728
smoker_with_charges_legacy,logistic,none,inf,,0,group_size_female,128.0
smoker_with_charges_legacy,logistic,none,inf,,0,group_size_male,140.0
smoker_with_charges_legacy,svm,none,inf,,0,roc_auc,0.9927443448570209
smoker_with_charges_legacy,svm,none,inf,,0,pr_auc,0.9490729816262617
smoker_with_charges_legacy,svm,none,inf,,0,accuracy,0.9813432835820896
smoker_with_charges_legacy,svm,none,inf,,0,precision,0.9310344827586207
smoker_with_charges_legacy,svm,none,inf,,0,recall,0.9818181818181818
smoker_with_charges_legacy,svm,none,inf,,0,f1,0.9557522123893806
smoker_with_charges_legacy,svm,none,inf,,0,macro_f1,0.9719659407100567
smoker_with_charges_legacy,svm,none,inf,,0,brier,0.02061635862795103
smoker_with_charges_legacy,svm,none,inf,,0,ece,0.028955426883858104
smoker_with_charges_legacy,svm,none,inf,,0,threshold,0.38826239195979895
smoker_with_charges_legacy,svm,none,inf,,0,demographic_parity_difference,0.0703125
smoker_with_charges_legacy,svm,none,inf,,0,equalized_odds_difference,0.045454545454545414
smoker_with_charges_legacy,svm,none,inf,,0,tpr_group_female,0.9545454545454546
smoker_with_charges_legacy,svm,none,inf,,0,tpr_group_male,1.0
smoker_with_charges_legacy,svm,none,inf,,0,fpr_group_female,0.018867924528301886
smoker_with_charges_legacy,svm,none,inf,,0,fpr_group_male,0.018691588785046728
smoker_with_charges_legacy,svm,none,inf,,0,group_size_female,128.0
smoker_with_charges_legacy,svm,none,inf,,0,group_size_male,140.0
smoker_with_charges_legacy,gradient_boosting,none,inf,,0,roc_auc,0.9947076397780623
smoker_with_charges_legacy,gradient_boosting,none,inf,,0,pr_auc,0.9754184275584812
smoker_with_charges_legacy,gradient_boosting,none,inf,,0,accuracy,0.9888059701492538
smoker_with_charges_legacy,gradient_boosting,none,inf,,0,precision,0.9482758620689655
smoker_with_charges_legacy,gradient_boosting,none,inf,,0,recall,1.0
smoker_with_charges_legacy,gradient_boosting,none,inf,,0,f1,0.9734513274336283
smoker_with_charges_legacy,gradient_boosting,none,inf,,0,macro_f1,0.9831795644260339
smoker_with_charges_legacy,gradient_boosting,none,inf,,0,brier,0.024911764206137107
smoker_with_charges_legacy,gradient_boosting,none,inf,,0,ece,0.0340917286273484
smoker_with_charges_legacy,gradient_boosting,none,inf,,0,threshold,0.13451
smoker_with_charges_legacy,gradient_boosting,none,inf,,0,demographic_parity_difference,0.055357142857142855
smoker_with_charges_legacy,gradient_boosting,none,inf,,0,equalized_odds_difference,0.009522130135778522
smoker_with_charges_legacy,gradient_boosting,none,inf,,0,tpr_group_female,1.0
smoker_with_charges_legacy,gradient_boosting,none,inf,,0,tpr_group_male,1.0
smoker_with_charges_legacy,gradient_boosting,none,inf,,0,fpr_group_female,0.018867924528301886
smoker_with_charges_legacy,gradient_boosting,none,inf,,0,fpr_group_male,0.009345794392523364
smoker_with_charges_legacy,gradient_boosting,none,inf,,0,group_size_female,128.0
smoker_with_charges_legacy,gradient_boosting,none,inf,,0,group_size_male,140.0
smoker_with_charges_legacy,neural,none,inf,,0,roc_auc,0.9940247545881349
smoker_with_charges_legacy,neural,none,inf,,0,pr_auc,0.9739794734060789
smoker_with_charges_legacy,neural,none,inf,,0,accuracy,0.9813432835820896
smoker_with_charges_legacy,neural,none,inf,,0,precision,0.9166666666666666
smoker_with_charges_legacy,neural,none,inf,,0,recall,1.0
smoker_with_charges_legacy,neural,none,inf,,0,f1,0.9565217391304348
smoker_with_charges_legacy,neural,none,inf,,0,macro_f1,0.9723226272849324
smoker_with_charges_legacy,neural,none,inf,,0,brier,0.020231766626238823
smoker_with_charges_legacy,neural,none,inf,,0,ece,0.02520670488878081
smoker_with_charges_legacy,neural,none,inf,,0,threshold,0.24397000670433044
smoker_with_charges_legacy,neural,none,inf,,0,demographic_parity_difference,0.0546875
smoker_with_charges_legacy,neural,none,inf,,0,equalized_odds_difference,0.009610298007406103
smoker_with_charges_legacy,neural,none,inf,,0,tpr_group_female,1.0
smoker_with_charges_legacy,neural,none,inf,,0,tpr_group_male,1.0
smoker_with_charges_legacy,neural,none,inf,,0,fpr_group_female,0.02830188679245283
smoker_with_charges_legacy,neural,none,inf,,0,fpr_group_male,0.018691588785046728
smoker_with_charges_legacy,neural,none,inf,,0,group_size_female,128.0
smoker_with_charges_legacy,neural,none,inf,,0,group_size_male,140.0
smoker_with_charges_legacy,neural,none,inf,,0,mia_loss_threshold_auc,0.5054357302273679
smoker_with_charges_legacy,neural,none,inf,,0,mia_tpr_at_fpr_0.01,0.0
smoker_with_charges_legacy,dpsgd,dpsgd,0.4926042171759174,1e-05,0,roc_auc,0.9944515578318396
smoker_with_charges_legacy,dpsgd,dpsgd,0.4926042171759174,1e-05,0,pr_auc,0.9759727147109266
smoker_with_charges_legacy,dpsgd,dpsgd,0.4926042171759174,1e-05,0,accuracy,0.9738805970149254
smoker_with_charges_legacy,dpsgd,dpsgd,0.4926042171759174,1e-05,0,precision,0.9
smoker_with_charges_legacy,dpsgd,dpsgd,0.4926042171759174,1e-05,0,recall,0.9818181818181818
smoker_with_charges_legacy,dpsgd,dpsgd,0.4926042171759174,1e-05,0,f1,0.9391304347826087
smoker_with_charges_legacy,dpsgd,dpsgd,0.4926042171759174,1e-05,0,macro_f1,0.9612516781989053
smoker_with_charges_legacy,dpsgd,dpsgd,0.4926042171759174,1e-05,0,brier,0.02126365713775158
smoker_with_charges_legacy,dpsgd,dpsgd,0.4926042171759174,1e-05,0,ece,0.029951558501153806
smoker_with_charges_legacy,dpsgd,dpsgd,0.4926042171759174,1e-05,0,threshold,0.42249287567546806
smoker_with_charges_legacy,dpsgd,dpsgd,0.4926042171759174,1e-05,0,demographic_parity_difference,0.0546875
smoker_with_charges_legacy,dpsgd,dpsgd,0.4926042171759174,1e-05,0,equalized_odds_difference,0.045454545454545414
smoker_with_charges_legacy,dpsgd,dpsgd,0.4926042171759174,1e-05,0,tpr_group_female,0.9545454545454546
smoker_with_charges_legacy,dpsgd,dpsgd,0.4926042171759174,1e-05,0,tpr_group_male,1.0
smoker_with_charges_legacy,dpsgd,dpsgd,0.4926042171759174,1e-05,0,fpr_group_female,0.03773584905660377
smoker_with_charges_legacy,dpsgd,dpsgd,0.4926042171759174,1e-05,0,fpr_group_male,0.018691588785046728
smoker_with_charges_legacy,dpsgd,dpsgd,0.4926042171759174,1e-05,0,group_size_female,128.0
smoker_with_charges_legacy,dpsgd,dpsgd,0.4926042171759174,1e-05,0,group_size_male,140.0
smoker_with_charges_legacy,dpsgd,dpsgd,0.4926042171759174,1e-05,0,mia_loss_threshold_auc,0.4888125087180918
smoker_with_charges_legacy,dpsgd,dpsgd,0.4926042171759174,1e-05,0,mia_tpr_at_fpr_0.01,0.005841121495327103
smoker_with_charges_legacy,dpsgd,dpsgd,0.4926042171759174,1e-05,0,achieved_epsilon,0.4926042171759174
smoker_with_charges_legacy,dpsgd,dpsgd,0.4926042171759174,1e-05,0,noise_multiplier,11.5625
smoker_with_charges_legacy,dpsgd,dpsgd,1.9979365212033011,1e-05,0,roc_auc,0.993768672641912
smoker_with_charges_legacy,dpsgd,dpsgd,1.9979365212033011,1e-05,0,pr_auc,0.9712715818553395
smoker_with_charges_legacy,dpsgd,dpsgd,1.9979365212033011,1e-05,0,accuracy,0.9813432835820896
smoker_with_charges_legacy,dpsgd,dpsgd,1.9979365212033011,1e-05,0,precision,0.9166666666666666
smoker_with_charges_legacy,dpsgd,dpsgd,1.9979365212033011,1e-05,0,recall,1.0
smoker_with_charges_legacy,dpsgd,dpsgd,1.9979365212033011,1e-05,0,f1,0.9565217391304348
smoker_with_charges_legacy,dpsgd,dpsgd,1.9979365212033011,1e-05,0,macro_f1,0.9723226272849324
smoker_with_charges_legacy,dpsgd,dpsgd,1.9979365212033011,1e-05,0,brier,0.02114475704729557
smoker_with_charges_legacy,dpsgd,dpsgd,1.9979365212033011,1e-05,0,ece,0.04430658406413589
smoker_with_charges_legacy,dpsgd,dpsgd,1.9979365212033011,1e-05,0,threshold,0.3471628069578115
smoker_with_charges_legacy,dpsgd,dpsgd,1.9979365212033011,1e-05,0,demographic_parity_difference,0.0546875
smoker_with_charges_legacy,dpsgd,dpsgd,1.9979365212033011,1e-05,0,equalized_odds_difference,0.009610298007406103
smoker_with_charges_legacy,dpsgd,dpsgd,1.9979365212033011,1e-05,0,tpr_group_female,1.0
smoker_with_charges_legacy,dpsgd,dpsgd,1.9979365212033011,1e-05,0,tpr_group_male,1.0
smoker_with_charges_legacy,dpsgd,dpsgd,1.9979365212033011,1e-05,0,fpr_group_female,0.02830188679245283
smoker_with_charges_legacy,dpsgd,dpsgd,1.9979365212033011,1e-05,0,fpr_group_male,0.018691588785046728
smoker_with_charges_legacy,dpsgd,dpsgd,1.9979365212033011,1e-05,0,group_size_female,128.0
smoker_with_charges_legacy,dpsgd,dpsgd,1.9979365212033011,1e-05,0,group_size_male,140.0
smoker_with_charges_legacy,dpsgd,dpsgd,1.9979365212033011,1e-05,0,mia_loss_threshold_auc,0.4981190716975868
smoker_with_charges_legacy,dpsgd,dpsgd,1.9979365212033011,1e-05,0,mia_tpr_at_fpr_0.01,0.018691588785046728
smoker_with_charges_legacy,dpsgd,dpsgd,1.9979365212033011,1e-05,0,achieved_epsilon,1.9979365212033011
smoker_with_charges_legacy,dpsgd,dpsgd,1.9979365212033011,1e-05,0,noise_multiplier,3.37890625
smoker_with_charges_legacy,dpsgd,dpsgd,5.996399562124039,1e-05,0,roc_auc,0.9927443448570209
smoker_with_charges_legacy,dpsgd,dpsgd,5.996399562124039,1e-05,0,pr_auc,0.9669767204270266
smoker_with_charges_legacy,dpsgd,dpsgd,5.996399562124039,1e-05,0,accuracy,0.9813432835820896
smoker_with_charges_legacy,dpsgd,dpsgd,5.996399562124039,1e-05,0,precision,0.9166666666666666
smoker_with_charges_legacy,dpsgd,dpsgd,5.996399562124039,1e-05,0,recall,1.0
smoker_with_charges_legacy,dpsgd,dpsgd,5.996399562124039,1e-05,0,f1,0.9565217391304348
smoker_with_charges_legacy,dpsgd,dpsgd,5.996399562124039,1e-05,0,macro_f1,0.9723226272849324
smoker_with_charges_legacy,dpsgd,dpsgd,5.996399562124039,1e-05,0,brier,0.023871898651123047
smoker_with_charges_legacy,dpsgd,dpsgd,5.996399562124039,1e-05,0,ece,0.04842597489800598
smoker_with_charges_legacy,dpsgd,dpsgd,5.996399562124039,1e-05,0,threshold,0.3784179283146878
smoker_with_charges_legacy,dpsgd,dpsgd,5.996399562124039,1e-05,0,demographic_parity_difference,0.0546875
smoker_with_charges_legacy,dpsgd,dpsgd,5.996399562124039,1e-05,0,equalized_odds_difference,0.009610298007406103
smoker_with_charges_legacy,dpsgd,dpsgd,5.996399562124039,1e-05,0,tpr_group_female,1.0
smoker_with_charges_legacy,dpsgd,dpsgd,5.996399562124039,1e-05,0,tpr_group_male,1.0
smoker_with_charges_legacy,dpsgd,dpsgd,5.996399562124039,1e-05,0,fpr_group_female,0.02830188679245283
smoker_with_charges_legacy,dpsgd,dpsgd,5.996399562124039,1e-05,0,fpr_group_male,0.018691588785046728
smoker_with_charges_legacy,dpsgd,dpsgd,5.996399562124039,1e-05,0,group_size_female,128.0
smoker_with_charges_legacy,dpsgd,dpsgd,5.996399562124039,1e-05,0,group_size_male,140.0
smoker_with_charges_legacy,dpsgd,dpsgd,5.996399562124039,1e-05,0,mia_loss_threshold_auc,0.4960703201283303
smoker_with_charges_legacy,dpsgd,dpsgd,5.996399562124039,1e-05,0,mia_tpr_at_fpr_0.01,0.007009345794392523
smoker_with_charges_legacy,dpsgd,dpsgd,5.996399562124039,1e-05,0,achieved_epsilon,5.996399562124039
smoker_with_charges_legacy,dpsgd,dpsgd,5.996399562124039,1e-05,0,noise_multiplier,1.483154296875
smoker_with_charges_legacy,dummy,none,inf,,1,roc_auc,0.5
smoker_with_charges_legacy,dummy,none,inf,,1,pr_auc,0.20522388059701493
smoker_with_charges_legacy,dummy,none,inf,,1,accuracy,0.20522388059701493
smoker_with_charges_legacy,dummy,none,inf,,1,precision,0.20522388059701493
smoker_with_charges_legacy,dummy,none,inf,,1,recall,1.0
smoker_with_charges_legacy,dummy,none,inf,,1,f1,0.34055727554179566
smoker_with_charges_legacy,dummy,none,inf,,1,macro_f1,0.17027863777089783
smoker_with_charges_legacy,dummy,none,inf,,1,brier,0.16310765507122435
smoker_with_charges_legacy,dummy,none,inf,,1,ece,0.000784628260566328
smoker_with_charges_legacy,dummy,none,inf,,1,threshold,0.204439
smoker_with_charges_legacy,dummy,none,inf,,1,demographic_parity_difference,0.0
smoker_with_charges_legacy,dummy,none,inf,,1,equalized_odds_difference,0.0
smoker_with_charges_legacy,dummy,none,inf,,1,tpr_group_female,1.0
smoker_with_charges_legacy,dummy,none,inf,,1,tpr_group_male,1.0
smoker_with_charges_legacy,dummy,none,inf,,1,fpr_group_female,1.0
smoker_with_charges_legacy,dummy,none,inf,,1,fpr_group_male,1.0
smoker_with_charges_legacy,dummy,none,inf,,1,group_size_female,141.0
smoker_with_charges_legacy,dummy,none,inf,,1,group_size_male,127.0
smoker_with_charges_legacy,logistic,none,inf,,1,roc_auc,0.9862569355527102
smoker_with_charges_legacy,logistic,none,inf,,1,pr_auc,0.937025285652985
smoker_with_charges_legacy,logistic,none,inf,,1,accuracy,0.9776119402985075
smoker_with_charges_legacy,logistic,none,inf,,1,precision,0.9016393442622951
smoker_with_charges_legacy,logistic,none,inf,,1,recall,1.0
smoker_with_charges_legacy,logistic,none,inf,,1,f1,0.9482758620689655
smoker_with_charges_legacy,logistic,none,inf,,1,macro_f1,0.9669950738916256
smoker_with_charges_legacy,logistic,none,inf,,1,brier,0.04239586045632295
smoker_with_charges_legacy,logistic,none,inf,,1,ece,0.0693914851355347
smoker_with_charges_legacy,logistic,none,inf,,1,threshold,0.33225468341709014
smoker_with_charges_legacy,logistic,none,inf,,1,demographic_parity_difference,0.031328530742167876
smoker_with_charges_legacy,logistic,none,inf,,1,equalized_odds_difference,0.03279416992534661
smoker_with_charges_legacy,logistic,none,inf,,1,tpr_group_female,1.0
smoker_with_charges_legacy,logistic,none,inf,,1,tpr_group_male,1.0
smoker_with_charges_legacy,logistic,none,inf,,1,fpr_group_female,0.04310344827586207
smoker_with_charges_legacy,logistic,none,inf,,1,fpr_group_male,0.010309278350515464
smoker_with_charges_legacy,logistic,none,inf,,1,group_size_female,141.0
smoker_with_charges_legacy,logistic,none,inf,,1,group_size_male,127.0
smoker_with_charges_legacy,svm,none,inf,,1,roc_auc,0.9832693128467777
smoker_with_charges_legacy,svm,none,inf,,1,pr_auc,0.8736935509664507
smoker_with_charges_legacy,svm,none,inf,,1,accuracy,0.9701492537313433
smoker_with_charges_legacy,svm,none,inf,,1,precision,0.873015873015873
smoker_with_charges_legacy,svm,none,inf,,1,recall,1.0
smoker_with_charges_legacy,svm,none,inf,,1,f1,0.9322033898305084
smoker_with_charges_legacy,svm,none,inf,,1,macro_f1,0.9565323169248237
smoker_with_charges_legacy,svm,none,inf,,1,brier,0.030541658185077394
smoker_with_charges_legacy,svm,none,inf,,1,ece,0.03925635211569857
smoker_with_charges_legacy,svm,none,inf,,1,threshold,0.13546994472361779
smoker_with_charges_legacy,svm,none,inf,,1,demographic_parity_difference,0.04707656223823084
smoker_with_charges_legacy,svm,none,inf,,1,equalized_odds_difference,0.012175613224315679
smoker_with_charges_legacy,svm,none,inf,,1,tpr_group_female,1.0
smoker_with_charges_legacy,svm,none,inf,,1,tpr_group_male,1.0
smoker_with_charges_legacy,svm,none,inf,,1,fpr_group_female,0.04310344827586207
smoker_with_charges_legacy,svm,none,inf,,1,fpr_group_male,0.030927835051546393
smoker_with_charges_legacy,svm,none,inf,,1,group_size_female,141.0
smoker_with_charges_legacy,svm,none,inf,,1,group_size_male,127.0
smoker_with_charges_legacy,gradient_boosting,none,inf,,1,roc_auc,0.992744344857021
smoker_with_charges_legacy,gradient_boosting,none,inf,,1,pr_auc,0.9636295339923642
smoker_with_charges_legacy,gradient_boosting,none,inf,,1,accuracy,0.9738805970149254
smoker_with_charges_legacy,gradient_boosting,none,inf,,1,precision,0.8870967741935484
smoker_with_charges_legacy,gradient_boosting,none,inf,,1,recall,1.0
smoker_with_charges_legacy,gradient_boosting,none,inf,,1,f1,0.9401709401709402
smoker_with_charges_legacy,gradient_boosting,none,inf,,1,macro_f1,0.9617322481284295
smoker_with_charges_legacy,gradient_boosting,none,inf,,1,brier,0.029784725736392716
smoker_with_charges_legacy,gradient_boosting,none,inf,,1,ece,0.030038580231945215
smoker_with_charges_legacy,gradient_boosting,none,inf,,1,threshold,0.00395
smoker_with_charges_legacy,gradient_boosting,none,inf,,1,demographic_parity_difference,0.024236332160607582
smoker_with_charges_legacy,gradient_boosting,none,inf,,1,equalized_odds_difference,0.04141485958051902
smoker_with_charges_legacy,gradient_boosting,none,inf,,1,tpr_group_female,1.0
smoker_with_charges_legacy,gradient_boosting,none,inf,,1,tpr_group_male,1.0
smoker_with_charges_legacy,gradient_boosting,none,inf,,1,fpr_group_female,0.05172413793103448
smoker_with_charges_legacy,gradient_boosting,none,inf,,1,fpr_group_male,0.010309278350515464
smoker_with_charges_legacy,gradient_boosting,none,inf,,1,group_size_female,141.0
smoker_with_charges_legacy,gradient_boosting,none,inf,,1,group_size_male,127.0
smoker_with_charges_legacy,neural,none,inf,,1,roc_auc,0.9857447716602646
smoker_with_charges_legacy,neural,none,inf,,1,pr_auc,0.9331856807172256
smoker_with_charges_legacy,neural,none,inf,,1,accuracy,0.9738805970149254
smoker_with_charges_legacy,neural,none,inf,,1,precision,0.8870967741935484
smoker_with_charges_legacy,neural,none,inf,,1,recall,1.0
smoker_with_charges_legacy,neural,none,inf,,1,f1,0.9401709401709402
smoker_with_charges_legacy,neural,none,inf,,1,macro_f1,0.9617322481284295
smoker_with_charges_legacy,neural,none,inf,,1,brier,0.037505656480789185
smoker_with_charges_legacy,neural,none,inf,,1,ece,0.06329690964208187
smoker_with_charges_legacy,neural,none,inf,,1,threshold,0.22720111614495692
smoker_with_charges_legacy,neural,none,inf,,1,demographic_parity_difference,0.03920254649019936
smoker_with_charges_legacy,neural,none,inf,,1,equalized_odds_difference,0.022484891574831144
smoker_with_charges_legacy,neural,none,inf,,1,tpr_group_female,1.0
smoker_with_charges_legacy,neural,none,inf,,1,tpr_group_male,1.0
smoker_with_charges_legacy,neural,none,inf,,1,fpr_group_female,0.04310344827586207
smoker_with_charges_legacy,neural,none,inf,,1,fpr_group_male,0.020618556701030927
smoker_with_charges_legacy,neural,none,inf,,1,group_size_female,141.0
smoker_with_charges_legacy,neural,none,inf,,1,group_size_male,127.0
smoker_with_charges_legacy,neural,none,inf,,1,mia_loss_threshold_auc,0.5070267819779606
smoker_with_charges_legacy,neural,none,inf,,1,mia_tpr_at_fpr_0.01,0.007009345794392523
smoker_with_charges_legacy,dpsgd,dpsgd,0.4926042171759174,1e-05,1,roc_auc,0.9836961160904822
smoker_with_charges_legacy,dpsgd,dpsgd,0.4926042171759174,1e-05,1,pr_auc,0.9299333905484441
smoker_with_charges_legacy,dpsgd,dpsgd,0.4926042171759174,1e-05,1,accuracy,0.9477611940298507
smoker_with_charges_legacy,dpsgd,dpsgd,0.4926042171759174,1e-05,1,precision,0.7971014492753623
smoker_with_charges_legacy,dpsgd,dpsgd,0.4926042171759174,1e-05,1,recall,1.0
smoker_with_charges_legacy,dpsgd,dpsgd,0.4926042171759174,1e-05,1,f1,0.8870967741935484
smoker_with_charges_legacy,dpsgd,dpsgd,0.4926042171759174,1e-05,1,macro_f1,0.9265580958346382
smoker_with_charges_legacy,dpsgd,dpsgd,0.4926042171759174,1e-05,1,brier,0.051798999309539795
smoker_with_charges_legacy,dpsgd,dpsgd,0.4926042171759174,1e-05,1,ece,0.05356794481033817
smoker_with_charges_legacy,dpsgd,dpsgd,0.4926042171759174,1e-05,1,threshold,0.06723458076541763
smoker_with_charges_legacy,dpsgd,dpsgd,0.4926042171759174,1e-05,1,demographic_parity_difference,0.019489585078460964
smoker_with_charges_legacy,dpsgd,dpsgd,0.4926042171759174,1e-05,1,equalized_odds_difference,0.04496978314966229
smoker_with_charges_legacy,dpsgd,dpsgd,0.4926042171759174,1e-05,1,tpr_group_female,1.0
smoker_with_charges_legacy,dpsgd,dpsgd,0.4926042171759174,1e-05,1,tpr_group_male,1.0
smoker_with_charges_legacy,dpsgd,dpsgd,0.4926042171759174,1e-05,1,fpr_group_female,0.08620689655172414
smoker_with_charges_legacy,dpsgd,dpsgd,0.4926042171759174,1e-05,1,fpr_group_male,0.041237113402061855
smoker_with_charges_legacy,dpsgd,dpsgd,0.4926042171759174,1e-05,1,group_size_female,141.0
smoker_with_charges_legacy,dpsgd,dpsgd,0.4926042171759174,1e-05,1,group_size_male,127.0
smoker_with_charges_legacy,dpsgd,dpsgd,0.4926042171759174,1e-05,1,mia_loss_threshold_auc,0.5033063363091086
smoker_with_charges_legacy,dpsgd,dpsgd,0.4926042171759174,1e-05,1,mia_tpr_at_fpr_0.01,0.018691588785046728
smoker_with_charges_legacy,dpsgd,dpsgd,0.4926042171759174,1e-05,1,achieved_epsilon,0.4926042171759174
smoker_with_charges_legacy,dpsgd,dpsgd,0.4926042171759174,1e-05,1,noise_multiplier,11.5625
smoker_with_charges_legacy,dpsgd,dpsgd,1.9979365212033011,1e-05,1,roc_auc,0.9844643619291507
smoker_with_charges_legacy,dpsgd,dpsgd,1.9979365212033011,1e-05,1,pr_auc,0.929756690773219
smoker_with_charges_legacy,dpsgd,dpsgd,1.9979365212033011,1e-05,1,accuracy,0.9701492537313433
smoker_with_charges_legacy,dpsgd,dpsgd,1.9979365212033011,1e-05,1,precision,0.8852459016393442
smoker_with_charges_legacy,dpsgd,dpsgd,1.9979365212033011,1e-05,1,recall,0.9818181818181818
smoker_with_charges_legacy,dpsgd,dpsgd,1.9979365212033011,1e-05,1,f1,0.9310344827586207
smoker_with_charges_legacy,dpsgd,dpsgd,1.9979365212033011,1e-05,1,macro_f1,0.9559934318555008
smoker_with_charges_legacy,dpsgd,dpsgd,1.9979365212033011,1e-05,1,brier,0.0507468581199646
smoker_with_charges_legacy,dpsgd,dpsgd,1.9979365212033011,1e-05,1,ece,0.07313168293146204
smoker_with_charges_legacy,dpsgd,dpsgd,1.9979365212033011,1e-05,1,threshold,0.293489810360137
smoker_with_charges_legacy,dpsgd,dpsgd,1.9979365212033011,1e-05,1,demographic_parity_difference,0.031328530742167876
smoker_with_charges_legacy,dpsgd,dpsgd,1.9979365212033011,1e-05,1,equalized_odds_difference,0.033333333333333326
smoker_with_charges_legacy,dpsgd,dpsgd,1.9979365212033011,1e-05,1,tpr_group_female,1.0
smoker_with_charges_legacy,dpsgd,dpsgd,1.9979365212033011,1e-05,1,tpr_group_male,0.9666666666666667
smoker_with_charges_legacy,dpsgd,dpsgd,1.9979365212033011,1e-05,1,fpr_group_female,0.04310344827586207
smoker_with_charges_legacy,dpsgd,dpsgd,1.9979365212033011,1e-05,1,fpr_group_male,0.020618556701030927
smoker_with_charges_legacy,dpsgd,dpsgd,1.9979365212033011,1e-05,1,group_size_female,141.0
smoker_with_charges_legacy,dpsgd,dpsgd,1.9979365212033011,1e-05,1,group_size_male,127.0
smoker_with_charges_legacy,dpsgd,dpsgd,1.9979365212033011,1e-05,1,mia_loss_threshold_auc,0.513260217603571
smoker_with_charges_legacy,dpsgd,dpsgd,1.9979365212033011,1e-05,1,mia_tpr_at_fpr_0.01,0.012850467289719626
smoker_with_charges_legacy,dpsgd,dpsgd,1.9979365212033011,1e-05,1,achieved_epsilon,1.9979365212033011
smoker_with_charges_legacy,dpsgd,dpsgd,1.9979365212033011,1e-05,1,noise_multiplier,3.37890625
smoker_with_charges_legacy,dpsgd,dpsgd,5.996399562124039,1e-05,1,roc_auc,0.9839521980367051
smoker_with_charges_legacy,dpsgd,dpsgd,5.996399562124039,1e-05,1,pr_auc,0.9275570743475184
smoker_with_charges_legacy,dpsgd,dpsgd,5.996399562124039,1e-05,1,accuracy,0.9664179104477612
smoker_with_charges_legacy,dpsgd,dpsgd,5.996399562124039,1e-05,1,precision,0.8833333333333333
smoker_with_charges_legacy,dpsgd,dpsgd,5.996399562124039,1e-05,1,recall,0.9636363636363636
smoker_with_charges_legacy,dpsgd,dpsgd,5.996399562124039,1e-05,1,f1,0.9217391304347826
smoker_with_charges_legacy,dpsgd,dpsgd,5.996399562124039,1e-05,1,macro_f1,0.9501807291128783
smoker_with_charges_legacy,dpsgd,dpsgd,5.996399562124039,1e-05,1,brier,0.05197553709149361
smoker_with_charges_legacy,dpsgd,dpsgd,5.996399562124039,1e-05,1,ece,0.08153212396289529
smoker_with_charges_legacy,dpsgd,dpsgd,5.996399562124039,1e-05,1,threshold,0.31425801952879634
smoker_with_charges_legacy,dpsgd,dpsgd,5.996399562124039,1e-05,1,demographic_parity_difference,0.03842072932372817
smoker_with_charges_legacy,dpsgd,dpsgd,5.996399562124039,1e-05,1,equalized_odds_difference,0.022484891574831144
smoker_with_charges_legacy,dpsgd,dpsgd,5.996399562124039,1e-05,1,tpr_group_female,0.96
smoker_with_charges_legacy,dpsgd,dpsgd,5.996399562124039,1e-05,1,tpr_group_male,0.9666666666666667
smoker_with_charges_legacy,dpsgd,dpsgd,5.996399562124039,1e-05,1,fpr_group_female,0.04310344827586207
smoker_with_charges_legacy,dpsgd,dpsgd,5.996399562124039,1e-05,1,fpr_group_male,0.020618556701030927
smoker_with_charges_legacy,dpsgd,dpsgd,5.996399562124039,1e-05,1,group_size_female,141.0
smoker_with_charges_legacy,dpsgd,dpsgd,5.996399562124039,1e-05,1,group_size_male,127.0
smoker_with_charges_legacy,dpsgd,dpsgd,5.996399562124039,1e-05,1,mia_loss_threshold_auc,0.513262397126517
smoker_with_charges_legacy,dpsgd,dpsgd,5.996399562124039,1e-05,1,mia_tpr_at_fpr_0.01,0.008177570093457943
smoker_with_charges_legacy,dpsgd,dpsgd,5.996399562124039,1e-05,1,achieved_epsilon,5.996399562124039
smoker_with_charges_legacy,dpsgd,dpsgd,5.996399562124039,1e-05,1,noise_multiplier,1.483154296875
smoker_with_charges_legacy,dummy,none,inf,,2,roc_auc,0.5
smoker_with_charges_legacy,dummy,none,inf,,2,pr_auc,0.20522388059701493
smoker_with_charges_legacy,dummy,none,inf,,2,accuracy,0.20522388059701493
smoker_with_charges_legacy,dummy,none,inf,,2,precision,0.20522388059701493
smoker_with_charges_legacy,dummy,none,inf,,2,recall,1.0
smoker_with_charges_legacy,dummy,none,inf,,2,f1,0.34055727554179566
smoker_with_charges_legacy,dummy,none,inf,,2,macro_f1,0.17027863777089783
smoker_with_charges_legacy,dummy,none,inf,,2,brier,0.16310765507122435
smoker_with_charges_legacy,dummy,none,inf,,2,ece,0.000784628260566328
smoker_with_charges_legacy,dummy,none,inf,,2,threshold,0.204439
smoker_with_charges_legacy,dummy,none,inf,,2,demographic_parity_difference,0.0
smoker_with_charges_legacy,dummy,none,inf,,2,equalized_odds_difference,0.0
smoker_with_charges_legacy,dummy,none,inf,,2,tpr_group_female,1.0
smoker_with_charges_legacy,dummy,none,inf,,2,tpr_group_male,1.0
smoker_with_charges_legacy,dummy,none,inf,,2,fpr_group_female,1.0
smoker_with_charges_legacy,dummy,none,inf,,2,fpr_group_male,1.0
smoker_with_charges_legacy,dummy,none,inf,,2,group_size_female,126.0
smoker_with_charges_legacy,dummy,none,inf,,2,group_size_male,142.0
smoker_with_charges_legacy,logistic,none,inf,,2,roc_auc,0.987793427230047
smoker_with_charges_legacy,logistic,none,inf,,2,pr_auc,0.9452766453307755
smoker_with_charges_legacy,logistic,none,inf,,2,accuracy,0.9738805970149254
smoker_with_charges_legacy,logistic,none,inf,,2,precision,0.9
smoker_with_charges_legacy,logistic,none,inf,,2,recall,0.9818181818181818
smoker_with_charges_legacy,logistic,none,inf,,2,f1,0.9391304347826087
smoker_with_charges_legacy,logistic,none,inf,,2,macro_f1,0.9612516781989053
smoker_with_charges_legacy,logistic,none,inf,,2,brier,0.03350918620351984
smoker_with_charges_legacy,logistic,none,inf,,2,ece,0.054012343175061386
smoker_with_charges_legacy,logistic,none,inf,,2,threshold,0.3649227638190942
smoker_with_charges_legacy,logistic,none,inf,,2,demographic_parity_difference,0.01810865191146882
smoker_with_charges_legacy,logistic,none,inf,,2,equalized_odds_difference,0.040000000000000036
smoker_with_charges_legacy,logistic,none,inf,,2,tpr_group_female,0.96
smoker_with_charges_legacy,logistic,none,inf,,2,tpr_group_male,1.0
smoker_with_charges_legacy,logistic,none,inf,,2,fpr_group_female,0.0297029702970297
smoker_with_charges_legacy,logistic,none,inf,,2,fpr_group_male,0.026785714285714284
smoker_with_charges_legacy,logistic,none,inf,,2,group_size_female,126.0
smoker_with_charges_legacy,logistic,none,inf,,2,group_size_male,142.0
smoker_with_charges_legacy,svm,none,inf,,2,roc_auc,0.9881348698250108
smoker_with_charges_legacy,svm,none,inf,,2,pr_auc,0.929179606579453
smoker_with_charges_legacy,svm,none,inf,,2,accuracy,0.9626865671641791
smoker_with_charges_legacy,svm,none,inf,,2,precision,0.8688524590163934
smoker_with_charges_legacy,svm,none,inf,,2,recall,0.9636363636363636
smoker_with_charges_legacy,svm,none,inf,,2,f1,0.9137931034482759
smoker_with_charges_legacy,svm,none,inf,,2,macro_f1,0.944991789819376
smoker_with_charges_legacy,svm,none,inf,,2,brier,0.028911860287727593
smoker_with_charges_legacy,svm,none,inf,,2,ece,0.01927681211245682
smoker_with_charges_legacy,svm,none,inf,,2,threshold,0.23414047738693616
smoker_with_charges_legacy,svm,none,inf,,2,demographic_parity_difference,0.02515090543259557
smoker_with_charges_legacy,svm,none,inf,,2,equalized_odds_difference,0.014939886845827442
smoker_with_charges_legacy,svm,none,inf,,2,tpr_group_female,0.96
smoker_with_charges_legacy,svm,none,inf,,2,tpr_group_male,0.9666666666666667
smoker_with_charges_legacy,svm,none,inf,,2,fpr_group_female,0.0297029702970297
smoker_with_charges_legacy,svm,none,inf,,2,fpr_group_male,0.044642857142857144
smoker_with_charges_legacy,svm,none,inf,,2,group_size_female,126.0
smoker_with_charges_legacy,svm,none,inf,,2,group_size_male,142.0
smoker_with_charges_legacy,gradient_boosting,none,inf,,2,roc_auc,0.9912078531796842
smoker_with_charges_legacy,gradient_boosting,none,inf,,2,pr_auc,0.9690997107948076
smoker_with_charges_legacy,gradient_boosting,none,inf,,2,accuracy,0.9477611940298507
smoker_with_charges_legacy,gradient_boosting,none,inf,,2,precision,0.8867924528301887
smoker_with_charges_legacy,gradient_boosting,none,inf,,2,recall,0.8545454545454545
smoker_with_charges_legacy,gradient_boosting,none,inf,,2,f1,0.8703703703703703
smoker_with_charges_legacy,gradient_boosting,none,inf,,2,macro_f1,0.9188300449982694
smoker_with_charges_legacy,gradient_boosting,none,inf,,2,brier,0.03757815206895251
smoker_with_charges_legacy,gradient_boosting,none,inf,,2,ece,0.037834947015559575
smoker_with_charges_legacy,gradient_boosting,none,inf,,2,threshold,0.188516
smoker_with_charges_legacy,gradient_boosting,none,inf,,2,demographic_parity_difference,0.028727923094120283
smoker_with_charges_legacy,gradient_boosting,none,inf,,2,equalized_odds_difference,0.09999999999999998
smoker_with_charges_legacy,gradient_boosting,none,inf,,2,tpr_group_female,0.8
smoker_with_charges_legacy,gradient_boosting,none,inf,,2,tpr_group_male,0.9
smoker_with_charges_legacy,gradient_boosting,none,inf,,2,fpr_group_female,0.0297029702970297
smoker_with_charges_legacy,gradient_boosting,none,inf,,2,fpr_group_male,0.026785714285714284
smoker_with_charges_legacy,gradient_boosting,none,inf,,2,group_size_female,126.0
smoker_with_charges_legacy,gradient_boosting,none,inf,,2,group_size_male,142.0
smoker_with_charges_legacy,neural,none,inf,,2,roc_auc,0.9886470337174563
smoker_with_charges_legacy,neural,none,inf,,2,pr_auc,0.9482670592949463
smoker_with_charges_legacy,neural,none,inf,,2,accuracy,0.9776119402985075
smoker_with_charges_legacy,neural,none,inf,,2,precision,0.9016393442622951
smoker_with_charges_legacy,neural,none,inf,,2,recall,1.0
smoker_with_charges_legacy,neural,none,inf,,2,f1,0.9482758620689655
smoker_with_charges_legacy,neural,none,inf,,2,macro_f1,0.9669950738916256
smoker_with_charges_legacy,neural,none,inf,,2,brier,0.028714530169963837
smoker_with_charges_legacy,neural,none,inf,,2,ece,0.04314418854223663
smoker_with_charges_legacy,neural,none,inf,,2,threshold,0.36016719784568757
smoker_with_charges_legacy,neural,none,inf,,2,demographic_parity_difference,0.010172143974960884
smoker_with_charges_legacy,neural,none,inf,,2,equalized_odds_difference,0.0029172560113154174
smoker_with_charges_legacy,neural,none,inf,,2,tpr_group_female,1.0
smoker_with_charges_legacy,neural,none,inf,,2,tpr_group_male,1.0
smoker_with_charges_legacy,neural,none,inf,,2,fpr_group_female,0.0297029702970297
smoker_with_charges_legacy,neural,none,inf,,2,fpr_group_male,0.026785714285714284
smoker_with_charges_legacy,neural,none,inf,,2,group_size_female,126.0
smoker_with_charges_legacy,neural,none,inf,,2,group_size_male,142.0
smoker_with_charges_legacy,neural,none,inf,,2,mia_loss_threshold_auc,0.5092041254010322
smoker_with_charges_legacy,neural,none,inf,,2,mia_tpr_at_fpr_0.01,0.002336448598130841
smoker_with_charges_legacy,dpsgd,dpsgd,0.4926042171759174,1e-05,2,roc_auc,0.9681604780196329
smoker_with_charges_legacy,dpsgd,dpsgd,0.4926042171759174,1e-05,2,pr_auc,0.9074672605121705
smoker_with_charges_legacy,dpsgd,dpsgd,0.4926042171759174,1e-05,2,accuracy,0.9029850746268657
smoker_with_charges_legacy,dpsgd,dpsgd,0.4926042171759174,1e-05,2,precision,0.7543859649122807
smoker_with_charges_legacy,dpsgd,dpsgd,0.4926042171759174,1e-05,2,recall,0.7818181818181819
smoker_with_charges_legacy,dpsgd,dpsgd,0.4926042171759174,1e-05,2,f1,0.7678571428571429
smoker_with_charges_legacy,dpsgd,dpsgd,0.4926042171759174,1e-05,2,macro_f1,0.8532681940700808
smoker_with_charges_legacy,dpsgd,dpsgd,0.4926042171759174,1e-05,2,brier,0.06319071352481842
smoker_with_charges_legacy,dpsgd,dpsgd,0.4926042171759174,1e-05,2,ece,0.061426870158008635
smoker_with_charges_legacy,dpsgd,dpsgd,0.4926042171759174,1e-05,2,threshold,0.07948730848542411
smoker_with_charges_legacy,dpsgd,dpsgd,0.4926042171759174,1e-05,2,demographic_parity_difference,0.08685446009389672
smoker_with_charges_legacy,dpsgd,dpsgd,0.4926042171759174,1e-05,2,equalized_odds_difference,0.1133333333333334
smoker_with_charges_legacy,dpsgd,dpsgd,0.4926042171759174,1e-05,2,tpr_group_female,0.72
smoker_with_charges_legacy,dpsgd,dpsgd,0.4926042171759174,1e-05,2,tpr_group_male,0.8333333333333334
smoker_with_charges_legacy,dpsgd,dpsgd,0.4926042171759174,1e-05,2,fpr_group_female,0.0297029702970297
smoker_with_charges_legacy,dpsgd,dpsgd,0.4926042171759174,1e-05,2,fpr_group_male,0.09821428571428571
smoker_with_charges_legacy,dpsgd,dpsgd,0.4926042171759174,1e-05,2,group_size_female,126.0
smoker_with_charges_legacy,dpsgd,dpsgd,0.4926042171759174,1e-05,2,group_size_male,142.0
smoker_with_charges_legacy,dpsgd,dpsgd,0.4926042171759174,1e-05,2,mia_loss_threshold_auc,0.5119721195424746
smoker_with_charges_legacy,dpsgd,dpsgd,0.4926042171759174,1e-05,2,mia_tpr_at_fpr_0.01,0.009345794392523364
smoker_with_charges_legacy,dpsgd,dpsgd,0.4926042171759174,1e-05,2,achieved_epsilon,0.4926042171759174
smoker_with_charges_legacy,dpsgd,dpsgd,0.4926042171759174,1e-05,2,noise_multiplier,11.5625
smoker_with_charges_legacy,dpsgd,dpsgd,1.9979365212033011,1e-05,2,roc_auc,0.9872812633376015
smoker_with_charges_legacy,dpsgd,dpsgd,1.9979365212033011,1e-05,2,pr_auc,0.9454396274840215
smoker_with_charges_legacy,dpsgd,dpsgd,1.9979365212033011,1e-05,2,accuracy,0.9552238805970149
smoker_with_charges_legacy,dpsgd,dpsgd,1.9979365212033011,1e-05,2,precision,0.8208955223880597
smoker_with_charges_legacy,dpsgd,dpsgd,1.9979365212033011,1e-05,2,recall,1.0
smoker_with_charges_legacy,dpsgd,dpsgd,1.9979365212033011,1e-05,2,f1,0.9016393442622951
smoker_with_charges_legacy,dpsgd,dpsgd,1.9979365212033011,1e-05,2,macro_f1,0.9363269185079591
smoker_with_charges_legacy,dpsgd,dpsgd,1.9979365212033011,1e-05,2,brier,0.03897199407219887
smoker_with_charges_legacy,dpsgd,dpsgd,1.9979365212033011,1e-05,2,ece,0.050024032455439744
smoker_with_charges_legacy,dpsgd,dpsgd,1.9979365212033011,1e-05,2,threshold,0.11696941001181627
smoker_with_charges_legacy,dpsgd,dpsgd,1.9979365212033011,1e-05,2,demographic_parity_difference,0.022468142186452045
smoker_with_charges_legacy,dpsgd,dpsgd,1.9979365212033011,1e-05,2,equalized_odds_difference,0.012995049504950493
smoker_with_charges_legacy,dpsgd,dpsgd,1.9979365212033011,1e-05,2,tpr_group_female,1.0
smoker_with_charges_legacy,dpsgd,dpsgd,1.9979365212033011,1e-05,2,tpr_group_male,1.0
smoker_with_charges_legacy,dpsgd,dpsgd,1.9979365212033011,1e-05,2,fpr_group_female,0.04950495049504951
smoker_with_charges_legacy,dpsgd,dpsgd,1.9979365212033011,1e-05,2,fpr_group_male,0.0625
smoker_with_charges_legacy,dpsgd,dpsgd,1.9979365212033011,1e-05,2,group_size_female,126.0
smoker_with_charges_legacy,dpsgd,dpsgd,1.9979365212033011,1e-05,2,group_size_male,142.0
smoker_with_charges_legacy,dpsgd,dpsgd,1.9979365212033011,1e-05,2,mia_loss_threshold_auc,0.513896638303808
smoker_with_charges_legacy,dpsgd,dpsgd,1.9979365212033011,1e-05,2,mia_tpr_at_fpr_0.01,0.005841121495327103
smoker_with_charges_legacy,dpsgd,dpsgd,1.9979365212033011,1e-05,2,achieved_epsilon,1.9979365212033011
smoker_with_charges_legacy,dpsgd,dpsgd,1.9979365212033011,1e-05,2,noise_multiplier,3.37890625
smoker_with_charges_legacy,dpsgd,dpsgd,5.996399562124039,1e-05,2,roc_auc,0.9880495091762698
smoker_with_charges_legacy,dpsgd,dpsgd,5.996399562124039,1e-05,2,pr_auc,0.9467861588581146
smoker_with_charges_legacy,dpsgd,dpsgd,5.996399562124039,1e-05,2,accuracy,0.9664179104477612
smoker_with_charges_legacy,dpsgd,dpsgd,5.996399562124039,1e-05,2,precision,0.8709677419354839
smoker_with_charges_legacy,dpsgd,dpsgd,5.996399562124039,1e-05,2,recall,0.9818181818181818
smoker_with_charges_legacy,dpsgd,dpsgd,5.996399562124039,1e-05,2,f1,0.9230769230769231
smoker_with_charges_legacy,dpsgd,dpsgd,5.996399562124039,1e-05,2,macro_f1,0.9507986047365522
smoker_with_charges_legacy,dpsgd,dpsgd,5.996399562124039,1e-05,2,brier,0.032256171107292175
smoker_with_charges_legacy,dpsgd,dpsgd,5.996399562124039,1e-05,2,ece,0.0494996164241918
smoker_with_charges_legacy,dpsgd,dpsgd,5.996399562124039,1e-05,2,threshold,0.36434080942192254
smoker_with_charges_legacy,dpsgd,dpsgd,5.996399562124039,1e-05,2,demographic_parity_difference,0.03219315895372235
smoker_with_charges_legacy,dpsgd,dpsgd,5.996399562124039,1e-05,2,equalized_odds_difference,0.040000000000000036
smoker_with_charges_legacy,dpsgd,dpsgd,5.996399562124039,1e-05,2,tpr_group_female,0.96
smoker_with_charges_legacy,dpsgd,dpsgd,5.996399562124039,1e-05,2,tpr_group_male,1.0
smoker_with_charges_legacy,dpsgd,dpsgd,5.996399562124039,1e-05,2,fpr_group_female,0.0297029702970297
smoker_with_charges_legacy,dpsgd,dpsgd,5.996399562124039,1e-05,2,fpr_group_male,0.044642857142857144
smoker_with_charges_legacy,dpsgd,dpsgd,5.996399562124039,1e-05,2,group_size_female,126.0
smoker_with_charges_legacy,dpsgd,dpsgd,5.996399562124039,1e-05,2,group_size_male,142.0
smoker_with_charges_legacy,dpsgd,dpsgd,5.996399562124039,1e-05,2,mia_loss_threshold_auc,0.5157100013948948
smoker_with_charges_legacy,dpsgd,dpsgd,5.996399562124039,1e-05,2,mia_tpr_at_fpr_0.01,0.007009345794392523
smoker_with_charges_legacy,dpsgd,dpsgd,5.996399562124039,1e-05,2,achieved_epsilon,5.996399562124039
smoker_with_charges_legacy,dpsgd,dpsgd,5.996399562124039,1e-05,2,noise_multiplier,1.483154296875
smoker_with_charges_legacy,dummy,none,inf,,3,roc_auc,0.5
smoker_with_charges_legacy,dummy,none,inf,,3,pr_auc,0.20522388059701493
smoker_with_charges_legacy,dummy,none,inf,,3,accuracy,0.20522388059701493
smoker_with_charges_legacy,dummy,none,inf,,3,precision,0.20522388059701493
smoker_with_charges_legacy,dummy,none,inf,,3,recall,1.0
smoker_with_charges_legacy,dummy,none,inf,,3,f1,0.34055727554179566
smoker_with_charges_legacy,dummy,none,inf,,3,macro_f1,0.17027863777089783
smoker_with_charges_legacy,dummy,none,inf,,3,brier,0.16310765507122435
smoker_with_charges_legacy,dummy,none,inf,,3,ece,0.000784628260566328
smoker_with_charges_legacy,dummy,none,inf,,3,threshold,0.204439
smoker_with_charges_legacy,dummy,none,inf,,3,demographic_parity_difference,0.0
smoker_with_charges_legacy,dummy,none,inf,,3,equalized_odds_difference,0.0
smoker_with_charges_legacy,dummy,none,inf,,3,tpr_group_female,1.0
smoker_with_charges_legacy,dummy,none,inf,,3,tpr_group_male,1.0
smoker_with_charges_legacy,dummy,none,inf,,3,fpr_group_female,1.0
smoker_with_charges_legacy,dummy,none,inf,,3,fpr_group_male,1.0
smoker_with_charges_legacy,dummy,none,inf,,3,group_size_female,138.0
smoker_with_charges_legacy,dummy,none,inf,,3,group_size_male,130.0
smoker_with_charges_legacy,logistic,none,inf,,3,roc_auc,0.9769526248399487
smoker_with_charges_legacy,logistic,none,inf,,3,pr_auc,0.8899603675807515
smoker_with_charges_legacy,logistic,none,inf,,3,accuracy,0.9552238805970149
smoker_with_charges_legacy,logistic,none,inf,,3,precision,0.8208955223880597
smoker_with_charges_legacy,logistic,none,inf,,3,recall,1.0
smoker_with_charges_legacy,logistic,none,inf,,3,f1,0.9016393442622951
smoker_with_charges_legacy,logistic,none,inf,,3,macro_f1,0.9363269185079591
smoker_with_charges_legacy,logistic,none,inf,,3,brier,0.046324293663387237
smoker_with_charges_legacy,logistic,none,inf,,3,ece,0.06065674580708921
smoker_with_charges_legacy,logistic,none,inf,,3,threshold,0.3367552211055274
smoker_with_charges_legacy,logistic,none,inf,,3,demographic_parity_difference,0.06722408026755852
smoker_with_charges_legacy,logistic,none,inf,,3,equalized_odds_difference,0.025752212389380538
smoker_with_charges_legacy,logistic,none,inf,,3,tpr_group_female,1.0
smoker_with_charges_legacy,logistic,none,inf,,3,tpr_group_male,1.0
smoker_with_charges_legacy,logistic,none,inf,,3,fpr_group_female,0.04424778761061947
smoker_with_charges_legacy,logistic,none,inf,,3,fpr_group_male,0.07
smoker_with_charges_legacy,logistic,none,inf,,3,group_size_female,138.0
smoker_with_charges_legacy,logistic,none,inf,,3,group_size_male,130.0
smoker_with_charges_legacy,svm,none,inf,,3,roc_auc,0.9682458386683739
smoker_with_charges_legacy,svm,none,inf,,3,pr_auc,0.7580573758604469
smoker_with_charges_legacy,svm,none,inf,,3,accuracy,0.9440298507462687
smoker_with_charges_legacy,svm,none,inf,,3,precision,0.803030303030303
smoker_with_charges_legacy,svm,none,inf,,3,recall,0.9636363636363636
smoker_with_charges_legacy,svm,none,inf,,3,f1,0.8760330578512396
smoker_with_charges_legacy,svm,none,inf,,3,macro_f1,0.9199442397689933
smoker_with_charges_legacy,svm,none,inf,,3,brier,0.04427831221397141
smoker_with_charges_legacy,svm,none,inf,,3,ece,0.02484091142955763
smoker_with_charges_legacy,svm,none,inf,,3,threshold,0.33804152763819084
smoker_with_charges_legacy,svm,none,inf,,3,demographic_parity_difference,0.07447045707915273
smoker_with_charges_legacy,svm,none,inf,,3,equalized_odds_difference,0.03575221238938053
smoker_with_charges_legacy,svm,none,inf,,3,tpr_group_female,0.96
smoker_with_charges_legacy,svm,none,inf,,3,tpr_group_male,0.9666666666666667
smoker_with_charges_legacy,svm,none,inf,,3,fpr_group_female,0.04424778761061947
smoker_with_charges_legacy,svm,none,inf,,3,fpr_group_male,0.08
smoker_with_charges_legacy,svm,none,inf,,3,group_size_female,138.0
smoker_with_charges_legacy,svm,none,inf,,3,group_size_male,130.0
smoker_with_charges_legacy,gradient_boosting,none,inf,,3,roc_auc,0.9918053777208706
smoker_with_charges_legacy,gradient_boosting,none,inf,,3,pr_auc,0.9683654943395998
smoker_with_charges_legacy,gradient_boosting,none,inf,,3,accuracy,0.9477611940298507
smoker_with_charges_legacy,gradient_boosting,none,inf,,3,precision,0.8059701492537313
smoker_with_charges_legacy,gradient_boosting,none,inf,,3,recall,0.9818181818181818
smoker_with_charges_legacy,gradient_boosting,none,inf,,3,f1,0.8852459016393442
smoker_with_charges_legacy,gradient_boosting,none,inf,,3,macro_f1,0.9257147382592856
smoker_with_charges_legacy,gradient_boosting,none,inf,,3,brier,0.030340754856399168
smoker_with_charges_legacy,gradient_boosting,none,inf,,3,ece,0.029493938443126207
smoker_with_charges_legacy,gradient_boosting,none,inf,,3,threshold,0.017654
smoker_with_charges_legacy,gradient_boosting,none,inf,,3,demographic_parity_difference,0.06722408026755852
smoker_with_charges_legacy,gradient_boosting,none,inf,,3,equalized_odds_difference,0.040000000000000036
smoker_with_charges_legacy,gradient_boosting,none,inf,,3,tpr_group_female,0.96
smoker_with_charges_legacy,gradient_boosting,none,inf,,3,tpr_group_male,1.0
smoker_with_charges_legacy,gradient_boosting,none,inf,,3,fpr_group_female,0.05309734513274336
smoker_with_charges_legacy,gradient_boosting,none,inf,,3,fpr_group_male,0.07
smoker_with_charges_legacy,gradient_boosting,none,inf,,3,group_size_female,138.0
smoker_with_charges_legacy,gradient_boosting,none,inf,,3,group_size_male,130.0
smoker_with_charges_legacy,neural,none,inf,,3,roc_auc,0.9751600512163893
smoker_with_charges_legacy,neural,none,inf,,3,pr_auc,0.8790977263580305
smoker_with_charges_legacy,neural,none,inf,,3,accuracy,0.9440298507462687
smoker_with_charges_legacy,neural,none,inf,,3,precision,0.8125
smoker_with_charges_legacy,neural,none,inf,,3,recall,0.9454545454545454
smoker_with_charges_legacy,neural,none,inf,,3,f1,0.8739495798319328
smoker_with_charges_legacy,neural,none,inf,,3,macro_f1,0.918989178405175
smoker_with_charges_legacy,neural,none,inf,,3,brier,0.046378977596759796
smoker_with_charges_legacy,neural,none,inf,,3,ece,0.0450974451524776
smoker_with_charges_legacy,neural,none,inf,,3,threshold,0.4166330099105835
smoker_with_charges_legacy,neural,none,inf,,3,demographic_parity_difference,0.07402452619843924
smoker_with_charges_legacy,neural,none,inf,,3,equalized_odds_difference,0.046666666666666634
smoker_with_charges_legacy,neural,none,inf,,3,tpr_group_female,0.92
smoker_with_charges_legacy,neural,none,inf,,3,tpr_group_male,0.9666666666666667
smoker_with_charges_legacy,neural,none,inf,,3,fpr_group_female,0.04424778761061947
smoker_with_charges_legacy,neural,none,inf,,3,fpr_group_male,0.07
smoker_with_charges_legacy,neural,none,inf,,3,group_size_female,138.0
smoker_with_charges_legacy,neural,none,inf,,3,group_size_male,130.0
smoker_with_charges_legacy,neural,none,inf,,3,mia_loss_threshold_auc,0.522198441205189
smoker_with_charges_legacy,neural,none,inf,,3,mia_tpr_at_fpr_0.01,0.0
smoker_with_charges_legacy,dpsgd,dpsgd,0.4926042171759174,1e-05,3,roc_auc,0.9725992317541613
smoker_with_charges_legacy,dpsgd,dpsgd,0.4926042171759174,1e-05,3,pr_auc,0.9029011497644772
smoker_with_charges_legacy,dpsgd,dpsgd,0.4926042171759174,1e-05,3,accuracy,0.914179104477612
smoker_with_charges_legacy,dpsgd,dpsgd,0.4926042171759174,1e-05,3,precision,0.7758620689655172
smoker_with_charges_legacy,dpsgd,dpsgd,0.4926042171759174,1e-05,3,recall,0.8181818181818182
smoker_with_charges_legacy,dpsgd,dpsgd,0.4926042171759174,1e-05,3,f1,0.7964601769911505
smoker_with_charges_legacy,dpsgd,dpsgd,0.4926042171759174,1e-05,3,macro_f1,0.8710433272662608
smoker_with_charges_legacy,dpsgd,dpsgd,0.4926042171759174,1e-05,3,brier,0.0677606388926506
smoker_with_charges_legacy,dpsgd,dpsgd,0.4926042171759174,1e-05,3,ece,0.06569823266628232
smoker_with_charges_legacy,dpsgd,dpsgd,0.4926042171759174,1e-05,3,threshold,0.24794972160054185
smoker_with_charges_legacy,dpsgd,dpsgd,0.4926042171759174,1e-05,3,demographic_parity_difference,0.04280936454849499
smoker_with_charges_legacy,dpsgd,dpsgd,0.4926042171759174,1e-05,3,equalized_odds_difference,0.033333333333333326
smoker_with_charges_legacy,dpsgd,dpsgd,0.4926042171759174,1e-05,3,tpr_group_female,0.8
smoker_with_charges_legacy,dpsgd,dpsgd,0.4926042171759174,1e-05,3,tpr_group_male,0.8333333333333334
smoker_with_charges_legacy,dpsgd,dpsgd,0.4926042171759174,1e-05,3,fpr_group_female,0.061946902654867256
smoker_with_charges_legacy,dpsgd,dpsgd,0.4926042171759174,1e-05,3,fpr_group_male,0.06
smoker_with_charges_legacy,dpsgd,dpsgd,0.4926042171759174,1e-05,3,group_size_female,138.0
smoker_with_charges_legacy,dpsgd,dpsgd,0.4926042171759174,1e-05,3,group_size_male,130.0
smoker_with_charges_legacy,dpsgd,dpsgd,0.4926042171759174,1e-05,3,mia_loss_threshold_auc,0.513266756172409
smoker_with_charges_legacy,dpsgd,dpsgd,0.4926042171759174,1e-05,3,mia_tpr_at_fpr_0.01,0.015186915887850467
smoker_with_charges_legacy,dpsgd,dpsgd,0.4926042171759174,1e-05,3,achieved_epsilon,0.4926042171759174
smoker_with_charges_legacy,dpsgd,dpsgd,0.4926042171759174,1e-05,3,noise_multiplier,11.5625
smoker_with_charges_legacy,dpsgd,dpsgd,1.9979365212033011,1e-05,3,roc_auc,0.9783183952198037
smoker_with_charges_legacy,dpsgd,dpsgd,1.9979365212033011,1e-05,3,pr_auc,0.9134110758801632
smoker_with_charges_legacy,dpsgd,dpsgd,1.9979365212033011,1e-05,3,accuracy,0.9477611940298507
smoker_with_charges_legacy,dpsgd,dpsgd,1.9979365212033011,1e-05,3,precision,0.8059701492537313
smoker_with_charges_legacy,dpsgd,dpsgd,1.9979365212033011,1e-05,3,recall,0.9818181818181818
smoker_with_charges_legacy,dpsgd,dpsgd,1.9979365212033011,1e-05,3,f1,0.8852459016393442
smoker_with_charges_legacy,dpsgd,dpsgd,1.9979365212033011,1e-05,3,macro_f1,0.9257147382592856
smoker_with_charges_legacy,dpsgd,dpsgd,1.9979365212033011,1e-05,3,brier,0.04816420376300812
smoker_with_charges_legacy,dpsgd,dpsgd,1.9979365212033011,1e-05,3,ece,0.05460971067604174
smoker_with_charges_legacy,dpsgd,dpsgd,1.9979365212033011,1e-05,3,threshold,0.521415781884936
smoker_with_charges_legacy,dpsgd,dpsgd,1.9979365212033011,1e-05,3,demographic_parity_difference,0.06722408026755852
smoker_with_charges_legacy,dpsgd,dpsgd,1.9979365212033011,1e-05,3,equalized_odds_difference,0.040000000000000036
smoker_with_charges_legacy,dpsgd,dpsgd,1.9979365212033011,1e-05,3,tpr_group_female,0.96
smoker_with_charges_legacy,dpsgd,dpsgd,1.9979365212033011,1e-05,3,tpr_group_male,1.0
smoker_with_charges_legacy,dpsgd,dpsgd,1.9979365212033011,1e-05,3,fpr_group_female,0.05309734513274336
smoker_with_charges_legacy,dpsgd,dpsgd,1.9979365212033011,1e-05,3,fpr_group_male,0.07
smoker_with_charges_legacy,dpsgd,dpsgd,1.9979365212033011,1e-05,3,group_size_female,138.0
smoker_with_charges_legacy,dpsgd,dpsgd,1.9979365212033011,1e-05,3,group_size_male,130.0
smoker_with_charges_legacy,dpsgd,dpsgd,1.9979365212033011,1e-05,3,mia_loss_threshold_auc,0.5253718266145906
smoker_with_charges_legacy,dpsgd,dpsgd,1.9979365212033011,1e-05,3,mia_tpr_at_fpr_0.01,0.012850467289719626
smoker_with_charges_legacy,dpsgd,dpsgd,1.9979365212033011,1e-05,3,achieved_epsilon,1.9979365212033011
smoker_with_charges_legacy,dpsgd,dpsgd,1.9979365212033011,1e-05,3,noise_multiplier,3.37890625
smoker_with_charges_legacy,dpsgd,dpsgd,5.996399562124039,1e-05,3,roc_auc,0.9787451984635083
smoker_with_charges_legacy,dpsgd,dpsgd,5.996399562124039,1e-05,3,pr_auc,0.9149454489469373
smoker_with_charges_legacy,dpsgd,dpsgd,5.996399562124039,1e-05,3,accuracy,0.9440298507462687
smoker_with_charges_legacy,dpsgd,dpsgd,5.996399562124039,1e-05,3,precision,0.7857142857142857
smoker_with_charges_legacy,dpsgd,dpsgd,5.996399562124039,1e-05,3,recall,1.0
smoker_with_charges_legacy,dpsgd,dpsgd,5.996399562124039,1e-05,3,f1,0.88
smoker_with_charges_legacy,dpsgd,dpsgd,5.996399562124039,1e-05,3,macro_f1,0.9217518248175183
smoker_with_charges_legacy,dpsgd,dpsgd,5.996399562124039,1e-05,3,brier,0.04793354868888855
smoker_with_charges_legacy,dpsgd,dpsgd,5.996399562124039,1e-05,3,ece,0.04675946044103309
smoker_with_charges_legacy,dpsgd,dpsgd,5.996399562124039,1e-05,3,threshold,0.4198388887110686
smoker_with_charges_legacy,dpsgd,dpsgd,5.996399562124039,1e-05,3,demographic_parity_difference,0.06042363433667783
smoker_with_charges_legacy,dpsgd,dpsgd,5.996399562124039,1e-05,3,equalized_odds_difference,0.018053097345132746
smoker_with_charges_legacy,dpsgd,dpsgd,5.996399562124039,1e-05,3,tpr_group_female,1.0
smoker_with_charges_legacy,dpsgd,dpsgd,5.996399562124039,1e-05,3,tpr_group_male,1.0
smoker_with_charges_legacy,dpsgd,dpsgd,5.996399562124039,1e-05,3,fpr_group_female,0.061946902654867256
smoker_with_charges_legacy,dpsgd,dpsgd,5.996399562124039,1e-05,3,fpr_group_male,0.08
smoker_with_charges_legacy,dpsgd,dpsgd,5.996399562124039,1e-05,3,group_size_female,138.0
smoker_with_charges_legacy,dpsgd,dpsgd,5.996399562124039,1e-05,3,group_size_male,130.0
smoker_with_charges_legacy,dpsgd,dpsgd,5.996399562124039,1e-05,3,mia_loss_threshold_auc,0.527274550146464
smoker_with_charges_legacy,dpsgd,dpsgd,5.996399562124039,1e-05,3,mia_tpr_at_fpr_0.01,0.010514018691588784
smoker_with_charges_legacy,dpsgd,dpsgd,5.996399562124039,1e-05,3,achieved_epsilon,5.996399562124039
smoker_with_charges_legacy,dpsgd,dpsgd,5.996399562124039,1e-05,3,noise_multiplier,1.483154296875
smoker_with_charges_legacy,dummy,none,inf,,4,roc_auc,0.5
smoker_with_charges_legacy,dummy,none,inf,,4,pr_auc,0.20522388059701493
smoker_with_charges_legacy,dummy,none,inf,,4,accuracy,0.20522388059701493
smoker_with_charges_legacy,dummy,none,inf,,4,precision,0.20522388059701493
smoker_with_charges_legacy,dummy,none,inf,,4,recall,1.0
smoker_with_charges_legacy,dummy,none,inf,,4,f1,0.34055727554179566
smoker_with_charges_legacy,dummy,none,inf,,4,macro_f1,0.17027863777089783
smoker_with_charges_legacy,dummy,none,inf,,4,brier,0.16310765507122435
smoker_with_charges_legacy,dummy,none,inf,,4,ece,0.000784628260566328
smoker_with_charges_legacy,dummy,none,inf,,4,threshold,0.204439
smoker_with_charges_legacy,dummy,none,inf,,4,demographic_parity_difference,0.0
smoker_with_charges_legacy,dummy,none,inf,,4,equalized_odds_difference,0.0
smoker_with_charges_legacy,dummy,none,inf,,4,tpr_group_female,1.0
smoker_with_charges_legacy,dummy,none,inf,,4,tpr_group_male,1.0
smoker_with_charges_legacy,dummy,none,inf,,4,fpr_group_female,1.0
smoker_with_charges_legacy,dummy,none,inf,,4,fpr_group_male,1.0
smoker_with_charges_legacy,dummy,none,inf,,4,group_size_female,132.0
smoker_with_charges_legacy,dummy,none,inf,,4,group_size_male,136.0
smoker_with_charges_legacy,logistic,none,inf,,4,roc_auc,0.9879641485275289
smoker_with_charges_legacy,logistic,none,inf,,4,pr_auc,0.9443398851382845
smoker_with_charges_legacy,logistic,none,inf,,4,accuracy,0.9738805970149254
smoker_with_charges_legacy,logistic,none,inf,,4,precision,0.8870967741935484
smoker_with_charges_legacy,logistic,none,inf,,4,recall,1.0
smoker_with_charges_legacy,logistic,none,inf,,4,f1,0.9401709401709402
smoker_with_charges_legacy,logistic,none,inf,,4,macro_f1,0.9617322481284295
smoker_with_charges_legacy,logistic,none,inf,,4,brier,0.03218587596310311
smoker_with_charges_legacy,logistic,none,inf,,4,ece,0.04918006344617342
smoker_with_charges_legacy,logistic,none,inf,,4,threshold,0.3046800351758812
smoker_with_charges_legacy,logistic,none,inf,,4,demographic_parity_difference,0.03787878787878787
smoker_with_charges_legacy,logistic,none,inf,,4,equalized_odds_difference,0.008465608465608464
smoker_with_charges_legacy,logistic,none,inf,,4,tpr_group_female,1.0
smoker_with_charges_legacy,logistic,none,inf,,4,tpr_group_male,1.0
smoker_with_charges_legacy,logistic,none,inf,,4,fpr_group_female,0.037037037037037035
smoker_with_charges_legacy,logistic,none,inf,,4,fpr_group_male,0.02857142857142857
smoker_with_charges_legacy,logistic,none,inf,,4,group_size_female,132.0
smoker_with_charges_legacy,logistic,none,inf,,4,group_size_male,136.0
smoker_with_charges_legacy,svm,none,inf,,4,roc_auc,0.9837814767392232
smoker_with_charges_legacy,svm,none,inf,,4,pr_auc,0.8831159978884997
smoker_with_charges_legacy,svm,none,inf,,4,accuracy,0.9664179104477612
smoker_with_charges_legacy,svm,none,inf,,4,precision,0.8709677419354839
smoker_with_charges_legacy,svm,none,inf,,4,recall,0.9818181818181818
smoker_with_charges_legacy,svm,none,inf,,4,f1,0.9230769230769231
smoker_with_charges_legacy,svm,none,inf,,4,macro_f1,0.9507986047365522
smoker_with_charges_legacy,svm,none,inf,,4,brier,0.03043786748597845
smoker_with_charges_legacy,svm,none,inf,,4,ece,0.02610955829111149
smoker_with_charges_legacy,svm,none,inf,,4,threshold,0.19505346733668402
smoker_with_charges_legacy,svm,none,inf,,4,demographic_parity_difference,0.022950089126559714
smoker_with_charges_legacy,svm,none,inf,,4,equalized_odds_difference,0.032258064516129004
smoker_with_charges_legacy,svm,none,inf,,4,tpr_group_female,1.0
smoker_with_charges_legacy,svm,none,inf,,4,tpr_group_male,0.967741935483871
smoker_with_charges_legacy,svm,none,inf,,4,fpr_group_female,0.046296296296296294
smoker_with_charges_legacy,svm,none,inf,,4,fpr_group_male,0.02857142857142857
smoker_with_charges_legacy,svm,none,inf,,4,group_size_female,132.0
smoker_with_charges_legacy,svm,none,inf,,4,group_size_male,136.0
smoker_with_charges_legacy,gradient_boosting,none,inf,,4,roc_auc,0.99265898420828
smoker_with_charges_legacy,gradient_boosting,none,inf,,4,pr_auc,0.9687048834816646
smoker_with_charges_legacy,gradient_boosting,none,inf,,4,accuracy,0.9701492537313433
smoker_with_charges_legacy,gradient_boosting,none,inf,,4,precision,0.9122807017543859
smoker_with_charges_legacy,gradient_boosting,none,inf,,4,recall,0.9454545454545454
smoker_with_charges_legacy,gradient_boosting,none,inf,,4,f1,0.9285714285714286
smoker_with_charges_legacy,gradient_boosting,none,inf,,4,macro_f1,0.9548517520215634
smoker_with_charges_legacy,gradient_boosting,none,inf,,4,brier,0.028396019479678986
smoker_with_charges_legacy,gradient_boosting,none,inf,,4,ece,0.030020513041501058
smoker_with_charges_legacy,gradient_boosting,none,inf,,4,threshold,0.215969
smoker_with_charges_legacy,gradient_boosting,none,inf,,4,demographic_parity_difference,0.016042780748663082
smoker_with_charges_legacy,gradient_boosting,none,inf,,4,equalized_odds_difference,0.02751322751322751
smoker_with_charges_legacy,gradient_boosting,none,inf,,4,tpr_group_female,0.9583333333333334
smoker_with_charges_legacy,gradient_boosting,none,inf,,4,tpr_group_male,0.9354838709677419
smoker_with_charges_legacy,gradient_boosting,none,inf,,4,fpr_group_female,0.037037037037037035
smoker_with_charges_legacy,gradient_boosting,none,inf,,4,fpr_group_male,0.009523809523809525
smoker_with_charges_legacy,gradient_boosting,none,inf,,4,group_size_female,132.0
smoker_with_charges_legacy,gradient_boosting,none,inf,,4,group_size_male,136.0
smoker_with_charges_legacy,neural,none,inf,,4,roc_auc,0.9883909517712335
smoker_with_charges_legacy,neural,none,inf,,4,pr_auc,0.9467324572088139
smoker_with_charges_legacy,neural,none,inf,,4,accuracy,0.9701492537313433
smoker_with_charges_legacy,neural,none,inf,,4,precision,0.873015873015873
smoker_with_charges_legacy,neural,none,inf,,4,recall,1.0
smoker_with_charges_legacy,neural,none,inf,,4,f1,0.9322033898305084
smoker_with_charges_legacy,neural,none,inf,,4,macro_f1,0.9565323169248237
smoker_with_charges_legacy,neural,none,inf,,4,brier,0.032980144023895264
smoker_with_charges_legacy,neural,none,inf,,4,ece,0.06490642299131515
smoker_with_charges_legacy,neural,none,inf,,4,threshold,0.3874831500664435
smoker_with_charges_legacy,neural,none,inf,,4,demographic_parity_difference,0.030303030303030304
smoker_with_charges_legacy,neural,none,inf,,4,equalized_odds_difference,0.017724867724867723
smoker_with_charges_legacy,neural,none,inf,,4,tpr_group_female,1.0
smoker_with_charges_legacy,neural,none,inf,,4,tpr_group_male,1.0
smoker_with_charges_legacy,neural,none,inf,,4,fpr_group_female,0.046296296296296294
smoker_with_charges_legacy,neural,none,inf,,4,fpr_group_male,0.02857142857142857
smoker_with_charges_legacy,neural,none,inf,,4,group_size_female,132.0
smoker_with_charges_legacy,neural,none,inf,,4,group_size_male,136.0
smoker_with_charges_legacy,neural,none,inf,,4,mia_loss_threshold_auc,0.48498526642488493
smoker_with_charges_legacy,neural,none,inf,,4,mia_tpr_at_fpr_0.01,0.0011682242990654205
smoker_with_charges_legacy,dpsgd,dpsgd,0.4926042171759174,1e-05,4,roc_auc,0.9860862142552284
smoker_with_charges_legacy,dpsgd,dpsgd,0.4926042171759174,1e-05,4,pr_auc,0.9386233369014505
smoker_with_charges_legacy,dpsgd,dpsgd,0.4926042171759174,1e-05,4,accuracy,0.9477611940298507
smoker_with_charges_legacy,dpsgd,dpsgd,0.4926042171759174,1e-05,4,precision,0.8596491228070176
smoker_with_charges_legacy,dpsgd,dpsgd,0.4926042171759174,1e-05,4,recall,0.8909090909090909
smoker_with_charges_legacy,dpsgd,dpsgd,0.4926042171759174,1e-05,4,f1,0.875
smoker_with_charges_legacy,dpsgd,dpsgd,0.4926042171759174,1e-05,4,macro_f1,0.9209905660377358
smoker_with_charges_legacy,dpsgd,dpsgd,0.4926042171759174,1e-05,4,brier,0.05116014555096626
smoker_with_charges_legacy,dpsgd,dpsgd,0.4926042171759174,1e-05,4,ece,0.052896485288325745
smoker_with_charges_legacy,dpsgd,dpsgd,0.4926042171759174,1e-05,4,threshold,0.2018788861269931
smoker_with_charges_legacy,dpsgd,dpsgd,0.4926042171759174,1e-05,4,demographic_parity_difference,0.06082887700534759
smoker_with_charges_legacy,dpsgd,dpsgd,0.4926042171759174,1e-05,4,equalized_odds_difference,0.17607526881720437
smoker_with_charges_legacy,dpsgd,dpsgd,0.4926042171759174,1e-05,4,tpr_group_female,0.7916666666666666
smoker_with_charges_legacy,dpsgd,dpsgd,0.4926042171759174,1e-05,4,tpr_group_male,0.967741935483871
smoker_with_charges_legacy,dpsgd,dpsgd,0.4926042171759174,1e-05,4,fpr_group_female,0.046296296296296294
smoker_with_charges_legacy,dpsgd,dpsgd,0.4926042171759174,1e-05,4,fpr_group_male,0.02857142857142857
smoker_with_charges_legacy,dpsgd,dpsgd,0.4926042171759174,1e-05,4,group_size_female,132.0
smoker_with_charges_legacy,dpsgd,dpsgd,0.4926042171759174,1e-05,4,group_size_male,136.0
smoker_with_charges_legacy,dpsgd,dpsgd,0.4926042171759174,1e-05,4,mia_loss_threshold_auc,0.47917029920491006
smoker_with_charges_legacy,dpsgd,dpsgd,0.4926042171759174,1e-05,4,mia_tpr_at_fpr_0.01,0.005841121495327103
smoker_with_charges_legacy,dpsgd,dpsgd,0.4926042171759174,1e-05,4,achieved_epsilon,0.4926042171759174
smoker_with_charges_legacy,dpsgd,dpsgd,0.4926042171759174,1e-05,4,noise_multiplier,11.5625
smoker_with_charges_legacy,dpsgd,dpsgd,1.9979365212033011,1e-05,4,roc_auc,0.988903115663679
smoker_with_charges_legacy,dpsgd,dpsgd,1.9979365212033011,1e-05,4,pr_auc,0.9502001234367099
smoker_with_charges_legacy,dpsgd,dpsgd,1.9979365212033011,1e-05,4,accuracy,0.9701492537313433
smoker_with_charges_legacy,dpsgd,dpsgd,1.9979365212033011,1e-05,4,precision,0.873015873015873
smoker_with_charges_legacy,dpsgd,dpsgd,1.9979365212033011,1e-05,4,recall,1.0
smoker_with_charges_legacy,dpsgd,dpsgd,1.9979365212033011,1e-05,4,f1,0.9322033898305084
smoker_with_charges_legacy,dpsgd,dpsgd,1.9979365212033011,1e-05,4,macro_f1,0.9565323169248237
smoker_with_charges_legacy,dpsgd,dpsgd,1.9979365212033011,1e-05,4,brier,0.03188148885965347
smoker_with_charges_legacy,dpsgd,dpsgd,1.9979365212033011,1e-05,4,ece,0.04251072216217848
smoker_with_charges_legacy,dpsgd,dpsgd,1.9979365212033011,1e-05,4,threshold,0.32650849777250535
smoker_with_charges_legacy,dpsgd,dpsgd,1.9979365212033011,1e-05,4,demographic_parity_difference,0.045231729055258435
smoker_with_charges_legacy,dpsgd,dpsgd,1.9979365212033011,1e-05,4,equalized_odds_difference,0.0010582010582010637
smoker_with_charges_legacy,dpsgd,dpsgd,1.9979365212033011,1e-05,4,tpr_group_female,1.0
smoker_with_charges_legacy,dpsgd,dpsgd,1.9979365212033011,1e-05,4,tpr_group_male,1.0
smoker_with_charges_legacy,dpsgd,dpsgd,1.9979365212033011,1e-05,4,fpr_group_female,0.037037037037037035
smoker_with_charges_legacy,dpsgd,dpsgd,1.9979365212033011,1e-05,4,fpr_group_male,0.0380952380952381
smoker_with_charges_legacy,dpsgd,dpsgd,1.9979365212033011,1e-05,4,group_size_female,132.0
smoker_with_charges_legacy,dpsgd,dpsgd,1.9979365212033011,1e-05,4,group_size_male,136.0
smoker_with_charges_legacy,dpsgd,dpsgd,1.9979365212033011,1e-05,4,mia_loss_threshold_auc,0.47926183916864273
smoker_with_charges_legacy,dpsgd,dpsgd,1.9979365212033011,1e-05,4,mia_tpr_at_fpr_0.01,0.002336448598130841
smoker_with_charges_legacy,dpsgd,dpsgd,1.9979365212033011,1e-05,4,achieved_epsilon,1.9979365212033011
smoker_with_charges_legacy,dpsgd,dpsgd,1.9979365212033011,1e-05,4,noise_multiplier,3.37890625
smoker_with_charges_legacy,dpsgd,dpsgd,5.996399562124039,1e-05,4,roc_auc,0.9881348698250108
smoker_with_charges_legacy,dpsgd,dpsgd,5.996399562124039,1e-05,4,pr_auc,0.9462309481077817
smoker_with_charges_legacy,dpsgd,dpsgd,5.996399562124039,1e-05,4,accuracy,0.9626865671641791
smoker_with_charges_legacy,dpsgd,dpsgd,5.996399562124039,1e-05,4,precision,0.8461538461538461
smoker_with_charges_legacy,dpsgd,dpsgd,5.996399562124039,1e-05,4,recall,1.0
smoker_with_charges_legacy,dpsgd,dpsgd,5.996399562124039,1e-05,4,f1,0.9166666666666666
smoker_with_charges_legacy,dpsgd,dpsgd,5.996399562124039,1e-05,4,macro_f1,0.9463141025641025
smoker_with_charges_legacy,dpsgd,dpsgd,5.996399562124039,1e-05,4,brier,0.029936576262116432
smoker_with_charges_legacy,dpsgd,dpsgd,5.996399562124039,1e-05,4,ece,0.04727287044546241
smoker_with_charges_legacy,dpsgd,dpsgd,5.996399562124039,1e-05,4,threshold,0.27252269480096625
smoker_with_charges_legacy,dpsgd,dpsgd,5.996399562124039,1e-05,4,demographic_parity_difference,0.030080213903743297
smoker_with_charges_legacy,dpsgd,dpsgd,5.996399562124039,1e-05,4,equalized_odds_difference,0.017460317460317454
smoker_with_charges_legacy,dpsgd,dpsgd,5.996399562124039,1e-05,4,tpr_group_female,1.0
smoker_with_charges_legacy,dpsgd,dpsgd,5.996399562124039,1e-05,4,tpr_group_male,1.0
smoker_with_charges_legacy,dpsgd,dpsgd,5.996399562124039,1e-05,4,fpr_group_female,0.05555555555555555
smoker_with_charges_legacy,dpsgd,dpsgd,5.996399562124039,1e-05,4,fpr_group_male,0.0380952380952381
smoker_with_charges_legacy,dpsgd,dpsgd,5.996399562124039,1e-05,4,group_size_female,132.0
smoker_with_charges_legacy,dpsgd,dpsgd,5.996399562124039,1e-05,4,group_size_male,136.0
smoker_with_charges_legacy,dpsgd,dpsgd,5.996399562124039,1e-05,4,mia_loss_threshold_auc,0.48214752754917
smoker_with_charges_legacy,dpsgd,dpsgd,5.996399562124039,1e-05,4,mia_tpr_at_fpr_0.01,0.002336448598130841
smoker_with_charges_legacy,dpsgd,dpsgd,5.996399562124039,1e-05,4,achieved_epsilon,5.996399562124039
smoker_with_charges_legacy,dpsgd,dpsgd,5.996399562124039,1e-05,4,noise_multiplier,1.483154296875
smoker_without_charges,dummy,none,inf,,0,roc_auc,0.5
smoker_without_charges,dummy,none,inf,,0,pr_auc,0.20522388059701493
smoker_without_charges,dummy,none,inf,,0,accuracy,0.20522388059701493
smoker_without_charges,dummy,none,inf,,0,precision,0.20522388059701493
smoker_without_charges,dummy,none,inf,,0,recall,1.0
smoker_without_charges,dummy,none,inf,,0,f1,0.34055727554179566
smoker_without_charges,dummy,none,inf,,0,macro_f1,0.17027863777089783
smoker_without_charges,dummy,none,inf,,0,brier,0.16310765507122435
smoker_without_charges,dummy,none,inf,,0,ece,0.000784628260566328
smoker_without_charges,dummy,none,inf,,0,threshold,0.204439
smoker_without_charges,dummy,none,inf,,0,demographic_parity_difference,0.0
smoker_without_charges,dummy,none,inf,,0,equalized_odds_difference,0.0
smoker_without_charges,dummy,none,inf,,0,tpr_group_female,1.0
smoker_without_charges,dummy,none,inf,,0,tpr_group_male,1.0
smoker_without_charges,dummy,none,inf,,0,fpr_group_female,1.0
smoker_without_charges,dummy,none,inf,,0,fpr_group_male,1.0
smoker_without_charges,dummy,none,inf,,0,group_size_female,128.0
smoker_without_charges,dummy,none,inf,,0,group_size_male,140.0
smoker_without_charges,logistic,none,inf,,0,roc_auc,0.5616730687153222
smoker_without_charges,logistic,none,inf,,0,pr_auc,0.26035258088687396
smoker_without_charges,logistic,none,inf,,0,accuracy,0.48507462686567165
smoker_without_charges,logistic,none,inf,,0,precision,0.23225806451612904
smoker_without_charges,logistic,none,inf,,0,recall,0.6545454545454545
smoker_without_charges,logistic,none,inf,,0,f1,0.34285714285714286
smoker_without_charges,logistic,none,inf,,0,macro_f1,0.45977212971078
smoker_without_charges,logistic,none,inf,,0,brier,0.16224823817833414
smoker_without_charges,logistic,none,inf,,0,ece,0.01775391737310001
smoker_without_charges,logistic,none,inf,,0,threshold,0.18414880904522613
smoker_without_charges,logistic,none,inf,,0,demographic_parity_difference,0.5986607142857143
smoker_without_charges,logistic,none,inf,,0,equalized_odds_difference,0.6050961029800741
smoker_without_charges,logistic,none,inf,,0,tpr_group_female,0.3181818181818182
smoker_without_charges,logistic,none,inf,,0,tpr_group_male,0.8787878787878788
smoker_without_charges,logistic,none,inf,,0,fpr_group_female,0.25471698113207547
smoker_without_charges,logistic,none,inf,,0,fpr_group_male,0.8598130841121495
smoker_without_charges,logistic,none,inf,,0,group_size_female,128.0
smoker_without_charges,logistic,none,inf,,0,group_size_male,140.0
smoker_without_charges,svm,none,inf,,0,roc_auc,0.42859581732821167
smoker_without_charges,svm,none,inf,,0,pr_auc,0.17912691471573594
smoker_without_charges,svm,none,inf,,0,accuracy,0.2537313432835821
smoker_without_charges,svm,none,inf,,0,precision,0.20164609053497942
smoker_without_charges,svm,none,inf,,0,recall,0.8909090909090909
smoker_without_charges,svm,none,inf,,0,f1,0.3288590604026846
smoker_without_charges,svm,none,inf,,0,macro_f1,0.24426146297445153
smoker_without_charges,svm,none,inf,,0,brier,0.16346614557372488
smoker_without_charges,svm,none,inf,,0,ece,0.010250227847806583
smoker_without_charges,svm,none,inf,,0,threshold,0.1961958592964824
smoker_without_charges,svm,none,inf,,0,demographic_parity_difference,0.043973214285714324
smoker_without_charges,svm,none,inf,,0,equalized_odds_difference,0.18181818181818177
smoker_without_charges,svm,none,inf,,0,tpr_group_female,1.0
smoker_without_charges,svm,none,inf,,0,tpr_group_male,0.8181818181818182
smoker_without_charges,svm,none,inf,,0,fpr_group_female,0.9150943396226415
smoker_without_charges,svm,none,inf,,0,fpr_group_male,0.9065420560747663
smoker_without_charges,svm,none,inf,,0,group_size_female,128.0
smoker_without_charges,svm,none,inf,,0,group_size_male,140.0
smoker_without_charges,gradient_boosting,none,inf,,0,roc_auc,0.5411865130174989
smoker_without_charges,gradient_boosting,none,inf,,0,pr_auc,0.23803460408568397
smoker_without_charges,gradient_boosting,none,inf,,0,accuracy,0.35074626865671643
smoker_without_charges,gradient_boosting,none,inf,,0,precision,0.22580645161290322
smoker_without_charges,gradient_boosting,none,inf,,0,recall,0.8909090909090909
smoker_without_charges,gradient_boosting,none,inf,,0,f1,0.3602941176470588
smoker_without_charges,gradient_boosting,none,inf,,0,macro_f1,0.35060160427807485
smoker_without_charges,gradient_boosting,none,inf,,0,brier,0.1971447190858845
smoker_without_charges,gradient_boosting,none,inf,,0,ece,0.14869074767998783
smoker_without_charges,gradient_boosting,none,inf,,0,threshold,0.03514696984924623
smoker_without_charges,gradient_boosting,none,inf,,0,demographic_parity_difference,0.0993303571428571
smoker_without_charges,gradient_boosting,none,inf,,0,equalized_odds_difference,0.10527243872332925
smoker_without_charges,gradient_boosting,none,inf,,0,tpr_group_female,0.8636363636363636
smoker_without_charges,gradient_boosting,none,inf,,0,tpr_group_male,0.9090909090909091
smoker_without_charges,gradient_boosting,none,inf,,0,fpr_group_female,0.7358490566037735
smoker_without_charges,gradient_boosting,none,inf,,0,fpr_group_male,0.8411214953271028
smoker_without_charges,gradient_boosting,none,inf,,0,group_size_female,128.0
smoker_without_charges,gradient_boosting,none,inf,,0,group_size_male,140.0
smoker_without_charges,neural,none,inf,,0,roc_auc,0.5421254801536491
smoker_without_charges,neural,none,inf,,0,pr_auc,0.23649912394392514
smoker_without_charges,neural,none,inf,,0,accuracy,0.27238805970149255
smoker_without_charges,neural,none,inf,,0,precision,0.21544715447154472
smoker_without_charges,neural,none,inf,,0,recall,0.9636363636363636
smoker_without_charges,neural,none,inf,,0,f1,0.3521594684385382
smoker_without_charges,neural,none,inf,,0,macro_f1,0.2611861171979925
smoker_without_charges,neural,none,inf,,0,brier,0.16331972181797028
smoker_without_charges,neural,none,inf,,0,ece,0.04362835662800875
smoker_without_charges,neural,none,inf,,0,threshold,0.13017194534665974
smoker_without_charges,neural,none,inf,,0,demographic_parity_difference,0.12700892857142854
smoker_without_charges,neural,none,inf,,0,equalized_odds_difference,0.1323399753129959
smoker_without_charges,neural,none,inf,,0,tpr_group_female,0.9090909090909091
smoker_without_charges,neural,none,inf,,0,tpr_group_male,1.0
smoker_without_charges,neural,none,inf,,0,fpr_group_female,0.839622641509434
smoker_without_charges,neural,none,inf,,0,fpr_group_male,0.9719626168224299
smoker_without_charges,neural,none,inf,,0,group_size_female,128.0
smoker_without_charges,neural,none,inf,,0,group_size_male,140.0
smoker_without_charges,neural,none,inf,,0,mia_loss_threshold_auc,0.5144524166550426
smoker_without_charges,neural,none,inf,,0,mia_tpr_at_fpr_0.01,0.009345794392523364
smoker_without_charges,dpsgd,dpsgd,0.4926042171759174,1e-05,0,roc_auc,0.5007255655142978
smoker_without_charges,dpsgd,dpsgd,0.4926042171759174,1e-05,0,pr_auc,0.19928659484070282
smoker_without_charges,dpsgd,dpsgd,0.4926042171759174,1e-05,0,accuracy,0.27611940298507465
smoker_without_charges,dpsgd,dpsgd,0.4926042171759174,1e-05,0,precision,0.20425531914893616
smoker_without_charges,dpsgd,dpsgd,0.4926042171759174,1e-05,0,recall,0.8727272727272727
smoker_without_charges,dpsgd,dpsgd,0.4926042171759174,1e-05,0,f1,0.3310344827586207
smoker_without_charges,dpsgd,dpsgd,0.4926042171759174,1e-05,0,macro_f1,0.27120829828987947
smoker_without_charges,dpsgd,dpsgd,0.4926042171759174,1e-05,0,brier,0.18860375881195068
smoker_without_charges,dpsgd,dpsgd,0.4926042171759174,1e-05,0,ece,0.1545436152649275
smoker_without_charges,dpsgd,dpsgd,0.4926042171759174,1e-05,0,threshold,0.014229668000123308
smoker_without_charges,dpsgd,dpsgd,0.4926042171759174,1e-05,0,demographic_parity_difference,0.1830357142857143
smoker_without_charges,dpsgd,dpsgd,0.4926042171759174,1e-05,0,equalized_odds_difference,0.24242424242424243
smoker_without_charges,dpsgd,dpsgd,0.4926042171759174,1e-05,0,tpr_group_female,0.7272727272727273
smoker_without_charges,dpsgd,dpsgd,0.4926042171759174,1e-05,0,tpr_group_male,0.9696969696969697
smoker_without_charges,dpsgd,dpsgd,0.4926042171759174,1e-05,0,fpr_group_female,0.7924528301886793
smoker_without_charges,dpsgd,dpsgd,0.4926042171759174,1e-05,0,fpr_group_male,0.9626168224299065
smoker_without_charges,dpsgd,dpsgd,0.4926042171759174,1e-05,0,group_size_female,128.0
smoker_without_charges,dpsgd,dpsgd,0.4926042171759174,1e-05,0,group_size_male,140.0
smoker_without_charges,dpsgd,dpsgd,0.4926042171759174,1e-05,0,mia_loss_threshold_auc,0.48042570442181615
smoker_without_charges,dpsgd,dpsgd,0.4926042171759174,1e-05,0,mia_tpr_at_fpr_0.01,0.014018691588785047
smoker_without_charges,dpsgd,dpsgd,0.4926042171759174,1e-05,0,achieved_epsilon,0.4926042171759174
smoker_without_charges,dpsgd,dpsgd,0.4926042171759174,1e-05,0,noise_multiplier,11.5625
smoker_without_charges,dpsgd,dpsgd,1.9979365212033011,1e-05,0,roc_auc,0.5397353819889031
smoker_without_charges,dpsgd,dpsgd,1.9979365212033011,1e-05,0,pr_auc,0.2457817799760475
smoker_without_charges,dpsgd,dpsgd,1.9979365212033011,1e-05,0,accuracy,0.26119402985074625
smoker_without_charges,dpsgd,dpsgd,1.9979365212033011,1e-05,0,precision,0.21052631578947367
smoker_without_charges,dpsgd,dpsgd,1.9979365212033011,1e-05,0,recall,0.9454545454545454
smoker_without_charges,dpsgd,dpsgd,1.9979365212033011,1e-05,0,f1,0.3443708609271523
smoker_without_charges,dpsgd,dpsgd,1.9979365212033011,1e-05,0,macro_f1,0.24910850738665308
smoker_without_charges,dpsgd,dpsgd,1.9979365212033011,1e-05,0,brier,0.18030722439289093
smoker_without_charges,dpsgd,dpsgd,1.9979365212033011,1e-05,0,ece,0.13159718281770152
smoker_without_charges,dpsgd,dpsgd,1.9979365212033011,1e-05,0,threshold,0.029220532298312715
smoker_without_charges,dpsgd,dpsgd,1.9979365212033011,1e-05,0,demographic_parity_difference,0.1640625
smoker_without_charges,dpsgd,dpsgd,1.9979365212033011,1e-05,0,equalized_odds_difference,0.16981132075471694
smoker_without_charges,dpsgd,dpsgd,1.9979365212033011,1e-05,0,tpr_group_female,0.8636363636363636
smoker_without_charges,dpsgd,dpsgd,1.9979365212033011,1e-05,0,tpr_group_male,1.0
smoker_without_charges,dpsgd,dpsgd,1.9979365212033011,1e-05,0,fpr_group_female,0.8301886792452831
smoker_without_charges,dpsgd,dpsgd,1.9979365212033011,1e-05,0,fpr_group_male,1.0
smoker_without_charges,dpsgd,dpsgd,1.9979365212033011,1e-05,0,group_size_female,128.0
smoker_without_charges,dpsgd,dpsgd,1.9979365212033011,1e-05,0,group_size_male,140.0
smoker_without_charges,dpsgd,dpsgd,1.9979365212033011,1e-05,0,mia_loss_threshold_auc,0.5112223636490445
smoker_without_charges,dpsgd,dpsgd,1.9979365212033011,1e-05,0,mia_tpr_at_fpr_0.01,0.008177570093457943
smoker_without_charges,dpsgd,dpsgd,1.9979365212033011,1e-05,0,achieved_epsilon,1.9979365212033011
smoker_without_charges,dpsgd,dpsgd,1.9979365212033011,1e-05,0,noise_multiplier,3.37890625
smoker_without_charges,dpsgd,dpsgd,5.996399562124039,1e-05,0,roc_auc,0.544857020913359
smoker_without_charges,dpsgd,dpsgd,5.996399562124039,1e-05,0,pr_auc,0.27817701238998116
smoker_without_charges,dpsgd,dpsgd,5.996399562124039,1e-05,0,accuracy,0.25
smoker_without_charges,dpsgd,dpsgd,5.996399562124039,1e-05,0,precision,0.2056451612903226
smoker_without_charges,dpsgd,dpsgd,5.996399562124039,1e-05,0,recall,0.9272727272727272
smoker_without_charges,dpsgd,dpsgd,5.996399562124039,1e-05,0,f1,0.33663366336633666
smoker_without_charges,dpsgd,dpsgd,5.996399562124039,1e-05,0,macro_f1,0.23698635958016404
smoker_without_charges,dpsgd,dpsgd,5.996399562124039,1e-05,0,brier,0.17853060364723206
smoker_without_charges,dpsgd,dpsgd,5.996399562124039,1e-05,0,ece,0.1263523303570031
smoker_without_charges,dpsgd,dpsgd,5.996399562124039,1e-05,0,threshold,0.03586360166345409
smoker_without_charges,dpsgd,dpsgd,5.996399562124039,1e-05,0,demographic_parity_difference,0.15625
smoker_without_charges,dpsgd,dpsgd,5.996399562124039,1e-05,0,equalized_odds_difference,0.18181818181818177
smoker_without_charges,dpsgd,dpsgd,5.996399562124039,1e-05,0,tpr_group_female,0.8181818181818182
smoker_without_charges,dpsgd,dpsgd,5.996399562124039,1e-05,0,tpr_group_male,1.0
smoker_without_charges,dpsgd,dpsgd,5.996399562124039,1e-05,0,fpr_group_female,0.8490566037735849
smoker_without_charges,dpsgd,dpsgd,5.996399562124039,1e-05,0,fpr_group_male,1.0
smoker_without_charges,dpsgd,dpsgd,5.996399562124039,1e-05,0,group_size_female,128.0
smoker_without_charges,dpsgd,dpsgd,5.996399562124039,1e-05,0,group_size_male,140.0
smoker_without_charges,dpsgd,dpsgd,5.996399562124039,1e-05,0,mia_loss_threshold_auc,0.5109433847119542
smoker_without_charges,dpsgd,dpsgd,5.996399562124039,1e-05,0,mia_tpr_at_fpr_0.01,0.005841121495327103
smoker_without_charges,dpsgd,dpsgd,5.996399562124039,1e-05,0,achieved_epsilon,5.996399562124039
smoker_without_charges,dpsgd,dpsgd,5.996399562124039,1e-05,0,noise_multiplier,1.483154296875
smoker_without_charges,dummy,none,inf,,1,roc_auc,0.5
smoker_without_charges,dummy,none,inf,,1,pr_auc,0.20522388059701493
smoker_without_charges,dummy,none,inf,,1,accuracy,0.20522388059701493
smoker_without_charges,dummy,none,inf,,1,precision,0.20522388059701493
smoker_without_charges,dummy,none,inf,,1,recall,1.0
smoker_without_charges,dummy,none,inf,,1,f1,0.34055727554179566
smoker_without_charges,dummy,none,inf,,1,macro_f1,0.17027863777089783
smoker_without_charges,dummy,none,inf,,1,brier,0.16310765507122435
smoker_without_charges,dummy,none,inf,,1,ece,0.000784628260566328
smoker_without_charges,dummy,none,inf,,1,threshold,0.204439
smoker_without_charges,dummy,none,inf,,1,demographic_parity_difference,0.0
smoker_without_charges,dummy,none,inf,,1,equalized_odds_difference,0.0
smoker_without_charges,dummy,none,inf,,1,tpr_group_female,1.0
smoker_without_charges,dummy,none,inf,,1,tpr_group_male,1.0
smoker_without_charges,dummy,none,inf,,1,fpr_group_female,1.0
smoker_without_charges,dummy,none,inf,,1,fpr_group_male,1.0
smoker_without_charges,dummy,none,inf,,1,group_size_female,141.0
smoker_without_charges,dummy,none,inf,,1,group_size_male,127.0
smoker_without_charges,logistic,none,inf,,1,roc_auc,0.47878787878787876
smoker_without_charges,logistic,none,inf,,1,pr_auc,0.19848141873157038
smoker_without_charges,logistic,none,inf,,1,accuracy,0.4253731343283582
smoker_without_charges,logistic,none,inf,,1,precision,0.2
smoker_without_charges,logistic,none,inf,,1,recall,0.6
smoker_without_charges,logistic,none,inf,,1,f1,0.3
smoker_without_charges,logistic,none,inf,,1,macro_f1,0.4063291139240506
smoker_without_charges,logistic,none,inf,,1,brier,0.16833838482739757
smoker_without_charges,logistic,none,inf,,1,ece,0.064621400238253
smoker_without_charges,logistic,none,inf,,1,threshold,0.17843297487437187
smoker_without_charges,logistic,none,inf,,1,demographic_parity_difference,0.610766739263975
smoker_without_charges,logistic,none,inf,,1,equalized_odds_difference,0.7333333333333334
smoker_without_charges,logistic,none,inf,,1,tpr_group_female,0.2
smoker_without_charges,logistic,none,inf,,1,tpr_group_male,0.9333333333333333
smoker_without_charges,logistic,none,inf,,1,fpr_group_female,0.35344827586206895
smoker_without_charges,logistic,none,inf,,1,fpr_group_male,0.9381443298969072
smoker_without_charges,logistic,none,inf,,1,group_size_female,141.0
smoker_without_charges,logistic,none,inf,,1,group_size_male,127.0
smoker_without_charges,svm,none,inf,,1,roc_auc,0.485872812633376
smoker_without_charges,svm,none,inf,,1,pr_auc,0.20299663814679536
smoker_without_charges,svm,none,inf,,1,accuracy,0.23880597014925373
smoker_without_charges,svm,none,inf,,1,precision,0.20784313725490197
smoker_without_charges,svm,none,inf,,1,recall,0.9636363636363636
smoker_without_charges,svm,none,inf,,1,f1,0.3419354838709677
smoker_without_charges,svm,none,inf,,1,macro_f1,0.21964030830716527
smoker_without_charges,svm,none,inf,,1,brier,0.16299696569142447
smoker_without_charges,svm,none,inf,,1,ece,0.013448990290084128
smoker_without_charges,svm,none,inf,,1,threshold,0.19134883417085427
smoker_without_charges,svm,none,inf,,1,demographic_parity_difference,0.04729993857150838
smoker_without_charges,svm,none,inf,,1,equalized_odds_difference,0.07589761820120866
smoker_without_charges,svm,none,inf,,1,tpr_group_female,1.0
smoker_without_charges,svm,none,inf,,1,tpr_group_male,0.9333333333333333
smoker_without_charges,svm,none,inf,,1,fpr_group_female,0.9137931034482759
smoker_without_charges,svm,none,inf,,1,fpr_group_male,0.9896907216494846
smoker_without_charges,svm,none,inf,,1,group_size_female,141.0
smoker_without_charges,svm,none,inf,,1,group_size_male,127.0
smoker_without_charges,gradient_boosting,none,inf,,1,roc_auc,0.4944088775074691
smoker_without_charges,gradient_boosting,none,inf,,1,pr_auc,0.20154317771743765
smoker_without_charges,gradient_boosting,none,inf,,1,accuracy,0.30597014925373134
smoker_without_charges,gradient_boosting,none,inf,,1,precision,0.21145374449339208
smoker_without_charges,gradient_boosting,none,inf,,1,recall,0.8727272727272727
smoker_without_charges,gradient_boosting,none,inf,,1,f1,0.3404255319148936
smoker_without_charges,gradient_boosting,none,inf,,1,macro_f1,0.30407103367398225
smoker_without_charges,gradient_boosting,none,inf,,1,brier,0.1990402961028335
smoker_without_charges,gradient_boosting,none,inf,,1,ece,0.160783285690846
smoker_without_charges,gradient_boosting,none,inf,,1,threshold,0.01733535175879397
smoker_without_charges,gradient_boosting,none,inf,,1,demographic_parity_difference,0.11118556988887018
smoker_without_charges,gradient_boosting,none,inf,,1,equalized_odds_difference,0.12273373622467121
smoker_without_charges,gradient_boosting,none,inf,,1,tpr_group_female,0.84
smoker_without_charges,gradient_boosting,none,inf,,1,tpr_group_male,0.9
smoker_without_charges,gradient_boosting,none,inf,,1,fpr_group_female,0.7844827586206896
smoker_without_charges,gradient_boosting,none,inf,,1,fpr_group_male,0.9072164948453608
smoker_without_charges,gradient_boosting,none,inf,,1,group_size_female,141.0
smoker_without_charges,gradient_boosting,none,inf,,1,group_size_male,127.0
smoker_without_charges,neural,none,inf,,1,roc_auc,0.49876227059325656
smoker_without_charges,neural,none,inf,,1,pr_auc,0.204626645641975
smoker_without_charges,neural,none,inf,,1,accuracy,0.5223880597014925
smoker_without_charges,neural,none,inf,,1,precision,0.19327731092436976
smoker_without_charges,neural,none,inf,,1,recall,0.41818181818181815
smoker_without_charges,neural,none,inf,,1,f1,0.26436781609195403
smoker_without_charges,neural,none,inf,,1,macro_f1,0.4553883279354798
smoker_without_charges,neural,none,inf,,1,brier,0.16602575778961182
smoker_without_charges,neural,none,inf,,1,ece,0.04084864014120246
smoker_without_charges,neural,none,inf,,1,threshold,0.2172982531726061
smoker_without_charges,neural,none,inf,,1,demographic_parity_difference,0.4580890154688111
smoker_without_charges,neural,none,inf,,1,equalized_odds_difference,0.62
smoker_without_charges,neural,none,inf,,1,tpr_group_female,0.08
smoker_without_charges,neural,none,inf,,1,tpr_group_male,0.7
smoker_without_charges,neural,none,inf,,1,fpr_group_female,0.25862068965517243
smoker_without_charges,neural,none,inf,,1,fpr_group_male,0.6804123711340206
smoker_without_charges,neural,none,inf,,1,group_size_female,141.0
smoker_without_charges,neural,none,inf,,1,group_size_male,127.0
smoker_without_charges,neural,none,inf,,1,mia_loss_threshold_auc,0.5020749058446087
smoker_without_charges,neural,none,inf,,1,mia_tpr_at_fpr_0.01,0.007009345794392523
smoker_without_charges,dpsgd,dpsgd,0.4926042171759174,1e-05,1,roc_auc,0.462654716175843
smoker_without_charges,dpsgd,dpsgd,0.4926042171759174,1e-05,1,pr_auc,0.18204761037268893
smoker_without_charges,dpsgd,dpsgd,0.4926042171759174,1e-05,1,accuracy,0.2537313432835821
smoker_without_charges,dpsgd,dpsgd,0.4926042171759174,1e-05,1,precision,0.21115537848605578
smoker_without_charges,dpsgd,dpsgd,0.4926042171759174,1e-05,1,recall,0.9636363636363636
smoker_without_charges,dpsgd,dpsgd,0.4926042171759174,1e-05,1,f1,0.3464052287581699
smoker_without_charges,dpsgd,dpsgd,0.4926042171759174,1e-05,1,macro_f1,0.2384200056834328
smoker_without_charges,dpsgd,dpsgd,0.4926042171759174,1e-05,1,brier,0.19686880707740784
smoker_without_charges,dpsgd,dpsgd,0.4926042171759174,1e-05,1,ece,0.18410898412100746
smoker_without_charges,dpsgd,dpsgd,0.4926042171759174,1e-05,1,threshold,0.0022828492532535717
smoker_without_charges,dpsgd,dpsgd,0.4926042171759174,1e-05,1,demographic_parity_difference,0.05902719606857654
smoker_without_charges,dpsgd,dpsgd,0.4926042171759174,1e-05,1,equalized_odds_difference,0.06666666666666665
smoker_without_charges,dpsgd,dpsgd,0.4926042171759174,1e-05,1,tpr_group_female,1.0
smoker_without_charges,dpsgd,dpsgd,0.4926042171759174,1e-05,1,tpr_group_male,0.9333333333333333
smoker_without_charges,dpsgd,dpsgd,0.4926042171759174,1e-05,1,fpr_group_female,0.9568965517241379
smoker_without_charges,dpsgd,dpsgd,0.4926042171759174,1e-05,1,fpr_group_male,0.8969072164948454
smoker_without_charges,dpsgd,dpsgd,0.4926042171759174,1e-05,1,group_size_female,141.0
smoker_without_charges,dpsgd,dpsgd,0.4926042171759174,1e-05,1,group_size_male,127.0
smoker_without_charges,dpsgd,dpsgd,0.4926042171759174,1e-05,1,mia_loss_threshold_auc,0.5090755335472172
smoker_without_charges,dpsgd,dpsgd,0.4926042171759174,1e-05,1,mia_tpr_at_fpr_0.01,0.0
smoker_without_charges,dpsgd,dpsgd,0.4926042171759174,1e-05,1,achieved_epsilon,0.4926042171759174
smoker_without_charges,dpsgd,dpsgd,0.4926042171759174,1e-05,1,noise_multiplier,11.5625
smoker_without_charges,dpsgd,dpsgd,1.9979365212033011,1e-05,1,roc_auc,0.5234314980793854
smoker_without_charges,dpsgd,dpsgd,1.9979365212033011,1e-05,1,pr_auc,0.21143181396044747
smoker_without_charges,dpsgd,dpsgd,1.9979365212033011,1e-05,1,accuracy,0.3358208955223881
smoker_without_charges,dpsgd,dpsgd,1.9979365212033011,1e-05,1,precision,0.2191780821917808
smoker_without_charges,dpsgd,dpsgd,1.9979365212033011,1e-05,1,recall,0.8727272727272727
smoker_without_charges,dpsgd,dpsgd,1.9979365212033011,1e-05,1,f1,0.35036496350364965
smoker_without_charges,dpsgd,dpsgd,1.9979365212033011,1e-05,1,macro_f1,0.3354878252632752
smoker_without_charges,dpsgd,dpsgd,1.9979365212033011,1e-05,1,brier,0.1826419085264206
smoker_without_charges,dpsgd,dpsgd,1.9979365212033011,1e-05,1,ece,0.1375976943744541
smoker_without_charges,dpsgd,dpsgd,1.9979365212033011,1e-05,1,threshold,0.04058936580865826
smoker_without_charges,dpsgd,dpsgd,1.9979365212033011,1e-05,1,demographic_parity_difference,0.27268665884849497
smoker_without_charges,dpsgd,dpsgd,1.9979365212033011,1e-05,1,equalized_odds_difference,0.28
smoker_without_charges,dpsgd,dpsgd,1.9979365212033011,1e-05,1,tpr_group_female,0.72
smoker_without_charges,dpsgd,dpsgd,1.9979365212033011,1e-05,1,tpr_group_male,1.0
smoker_without_charges,dpsgd,dpsgd,1.9979365212033011,1e-05,1,fpr_group_female,0.6810344827586207
smoker_without_charges,dpsgd,dpsgd,1.9979365212033011,1e-05,1,fpr_group_male,0.9484536082474226
smoker_without_charges,dpsgd,dpsgd,1.9979365212033011,1e-05,1,group_size_female,141.0
smoker_without_charges,dpsgd,dpsgd,1.9979365212033011,1e-05,1,group_size_male,127.0
smoker_without_charges,dpsgd,dpsgd,1.9979365212033011,1e-05,1,mia_loss_threshold_auc,0.4966696889384852
smoker_without_charges,dpsgd,dpsgd,1.9979365212033011,1e-05,1,mia_tpr_at_fpr_0.01,0.002336448598130841
smoker_without_charges,dpsgd,dpsgd,1.9979365212033011,1e-05,1,achieved_epsilon,1.9979365212033011
smoker_without_charges,dpsgd,dpsgd,1.9979365212033011,1e-05,1,noise_multiplier,3.37890625
smoker_without_charges,dpsgd,dpsgd,5.996399562124039,1e-05,1,roc_auc,0.5307725138711055
smoker_without_charges,dpsgd,dpsgd,5.996399562124039,1e-05,1,pr_auc,0.214278793714272
smoker_without_charges,dpsgd,dpsgd,5.996399562124039,1e-05,1,accuracy,0.31716417910447764
smoker_without_charges,dpsgd,dpsgd,5.996399562124039,1e-05,1,precision,0.21171171171171171
smoker_without_charges,dpsgd,dpsgd,5.996399562124039,1e-05,1,recall,0.8545454545454545
smoker_without_charges,dpsgd,dpsgd,5.996399562124039,1e-05,1,f1,0.33935018050541516
smoker_without_charges,dpsgd,dpsgd,5.996399562124039,1e-05,1,macro_f1,0.3163932369708543
smoker_without_charges,dpsgd,dpsgd,5.996399562124039,1e-05,1,brier,0.1797558218240738
smoker_without_charges,dpsgd,dpsgd,5.996399562124039,1e-05,1,ece,0.12737296942843876
smoker_without_charges,dpsgd,dpsgd,5.996399562124039,1e-05,1,threshold,0.04828868239144584
smoker_without_charges,dpsgd,dpsgd,5.996399562124039,1e-05,1,demographic_parity_difference,0.3112749204221813
smoker_without_charges,dpsgd,dpsgd,5.996399562124039,1e-05,1,equalized_odds_difference,0.31999999999999995
smoker_without_charges,dpsgd,dpsgd,5.996399562124039,1e-05,1,tpr_group_female,0.68
smoker_without_charges,dpsgd,dpsgd,5.996399562124039,1e-05,1,tpr_group_male,1.0
smoker_without_charges,dpsgd,dpsgd,5.996399562124039,1e-05,1,fpr_group_female,0.6810344827586207
smoker_without_charges,dpsgd,dpsgd,5.996399562124039,1e-05,1,fpr_group_male,0.9896907216494846
smoker_without_charges,dpsgd,dpsgd,5.996399562124039,1e-05,1,group_size_female,141.0
smoker_without_charges,dpsgd,dpsgd,5.996399562124039,1e-05,1,group_size_male,127.0
smoker_without_charges,dpsgd,dpsgd,5.996399562124039,1e-05,1,mia_loss_threshold_auc,0.49525517854651974
smoker_without_charges,dpsgd,dpsgd,5.996399562124039,1e-05,1,mia_tpr_at_fpr_0.01,0.007009345794392523
smoker_without_charges,dpsgd,dpsgd,5.996399562124039,1e-05,1,achieved_epsilon,5.996399562124039
smoker_without_charges,dpsgd,dpsgd,5.996399562124039,1e-05,1,noise_multiplier,1.483154296875
smoker_without_charges,dummy,none,inf,,2,roc_auc,0.5
smoker_without_charges,dummy,none,inf,,2,pr_auc,0.20522388059701493
smoker_without_charges,dummy,none,inf,,2,accuracy,0.20522388059701493
smoker_without_charges,dummy,none,inf,,2,precision,0.20522388059701493
smoker_without_charges,dummy,none,inf,,2,recall,1.0
smoker_without_charges,dummy,none,inf,,2,f1,0.34055727554179566
smoker_without_charges,dummy,none,inf,,2,macro_f1,0.17027863777089783
smoker_without_charges,dummy,none,inf,,2,brier,0.16310765507122435
smoker_without_charges,dummy,none,inf,,2,ece,0.000784628260566328
smoker_without_charges,dummy,none,inf,,2,threshold,0.204439
smoker_without_charges,dummy,none,inf,,2,demographic_parity_difference,0.0
smoker_without_charges,dummy,none,inf,,2,equalized_odds_difference,0.0
smoker_without_charges,dummy,none,inf,,2,tpr_group_female,1.0
smoker_without_charges,dummy,none,inf,,2,tpr_group_male,1.0
smoker_without_charges,dummy,none,inf,,2,fpr_group_female,1.0
smoker_without_charges,dummy,none,inf,,2,fpr_group_male,1.0
smoker_without_charges,dummy,none,inf,,2,group_size_female,126.0
smoker_without_charges,dummy,none,inf,,2,group_size_male,142.0
smoker_without_charges,logistic,none,inf,,2,roc_auc,0.5224925309432352
smoker_without_charges,logistic,none,inf,,2,pr_auc,0.20687964069880777
smoker_without_charges,logistic,none,inf,,2,accuracy,0.39925373134328357
smoker_without_charges,logistic,none,inf,,2,precision,0.22959183673469388
smoker_without_charges,logistic,none,inf,,2,recall,0.8181818181818182
smoker_without_charges,logistic,none,inf,,2,f1,0.35856573705179284
smoker_without_charges,logistic,none,inf,,2,macro_f1,0.39682672817501924
smoker_without_charges,logistic,none,inf,,2,brier,0.16616565126175342
smoker_without_charges,logistic,none,inf,,2,ece,0.03966013832620631
smoker_without_charges,logistic,none,inf,,2,threshold,0.15690510050251258
smoker_without_charges,logistic,none,inf,,2,demographic_parity_difference,0.5714285714285714
smoker_without_charges,logistic,none,inf,,2,equalized_odds_difference,0.6138613861386139
smoker_without_charges,logistic,none,inf,,2,tpr_group_female,0.6
smoker_without_charges,logistic,none,inf,,2,tpr_group_male,1.0
smoker_without_charges,logistic,none,inf,,2,fpr_group_female,0.38613861386138615
smoker_without_charges,logistic,none,inf,,2,fpr_group_male,1.0
smoker_without_charges,logistic,none,inf,,2,group_size_female,126.0
smoker_without_charges,logistic,none,inf,,2,group_size_male,142.0
smoker_without_charges,svm,none,inf,,2,roc_auc,0.42364489970123775
smoker_without_charges,svm,none,inf,,2,pr_auc,0.20122043931642358
smoker_without_charges,svm,none,inf,,2,accuracy,0.332089552238806
smoker_without_charges,svm,none,inf,,2,precision,0.19
smoker_without_charges,svm,none,inf,,2,recall,0.6909090909090909
smoker_without_charges,svm,none,inf,,2,f1,0.2980392156862745
smoker_without_charges,svm,none,inf,,2,macro_f1,0.33051426976484544
smoker_without_charges,svm,none,inf,,2,brier,0.16329476056328554
smoker_without_charges,svm,none,inf,,2,ece,0.050885307437861266
smoker_without_charges,svm,none,inf,,2,threshold,0.19824647236180903
smoker_without_charges,svm,none,inf,,2,demographic_parity_difference,0.05946791862284817
smoker_without_charges,svm,none,inf,,2,equalized_odds_difference,0.1266666666666667
smoker_without_charges,svm,none,inf,,2,tpr_group_female,0.76
smoker_without_charges,svm,none,inf,,2,tpr_group_male,0.6333333333333333
smoker_without_charges,svm,none,inf,,2,fpr_group_female,0.7821782178217822
smoker_without_charges,svm,none,inf,,2,fpr_group_male,0.7410714285714286
smoker_without_charges,svm,none,inf,,2,group_size_female,126.0
smoker_without_charges,svm,none,inf,,2,group_size_male,142.0
smoker_without_charges,gradient_boosting,none,inf,,2,roc_auc,0.5527955612462654
smoker_without_charges,gradient_boosting,none,inf,,2,pr_auc,0.23237158792581092
smoker_without_charges,gradient_boosting,none,inf,,2,accuracy,0.20522388059701493
smoker_without_charges,gradient_boosting,none,inf,,2,precision,0.20300751879699247
smoker_without_charges,gradient_boosting,none,inf,,2,recall,0.9818181818181818
smoker_without_charges,gradient_boosting,none,inf,,2,f1,0.3364485981308411
smoker_without_charges,gradient_boosting,none,inf,,2,macro_f1,0.17287546185611824
smoker_without_charges,gradient_boosting,none,inf,,2,brier,0.19206980517237737
smoker_without_charges,gradient_boosting,none,inf,,2,ece,0.14382933735591272
smoker_without_charges,gradient_boosting,none,inf,,2,threshold,0.001055
smoker_without_charges,gradient_boosting,none,inf,,2,demographic_parity_difference,0.015873015873015928
smoker_without_charges,gradient_boosting,none,inf,,2,equalized_odds_difference,0.040000000000000036
smoker_without_charges,gradient_boosting,none,inf,,2,tpr_group_female,0.96
smoker_without_charges,gradient_boosting,none,inf,,2,tpr_group_male,1.0
smoker_without_charges,gradient_boosting,none,inf,,2,fpr_group_female,0.9900990099009901
smoker_without_charges,gradient_boosting,none,inf,,2,fpr_group_male,1.0
smoker_without_charges,gradient_boosting,none,inf,,2,group_size_female,126.0
smoker_without_charges,gradient_boosting,none,inf,,2,group_size_male,142.0
smoker_without_charges,neural,none,inf,,2,roc_auc,0.5137003841229193
smoker_without_charges,neural,none,inf,,2,pr_auc,0.209851549318885
smoker_without_charges,neural,none,inf,,2,accuracy,0.2947761194029851
smoker_without_charges,neural,none,inf,,2,precision,0.20869565217391303
smoker_without_charges,neural,none,inf,,2,recall,0.8727272727272727
smoker_without_charges,neural,none,inf,,2,f1,0.3368421052631579
smoker_without_charges,neural,none,inf,,2,macro_f1,0.29192702872719645
smoker_without_charges,neural,none,inf,,2,brier,0.16711857914924622
smoker_without_charges,neural,none,inf,,2,ece,0.05988520511717939
smoker_without_charges,neural,none,inf,,2,threshold,0.1349003905027955
smoker_without_charges,neural,none,inf,,2,demographic_parity_difference,0.2716297786720322
smoker_without_charges,neural,none,inf,,2,equalized_odds_difference,0.28
smoker_without_charges,neural,none,inf,,2,tpr_group_female,0.72
smoker_without_charges,neural,none,inf,,2,tpr_group_male,1.0
smoker_without_charges,neural,none,inf,,2,fpr_group_female,0.7128712871287128
smoker_without_charges,neural,none,inf,,2,fpr_group_male,0.9821428571428571
smoker_without_charges,neural,none,inf,,2,group_size_female,126.0
smoker_without_charges,neural,none,inf,,2,group_size_male,142.0
smoker_without_charges,neural,none,inf,,2,mia_loss_threshold_auc,0.5092302796763845
smoker_without_charges,neural,none,inf,,2,mia_tpr_at_fpr_0.01,0.017523364485981307
smoker_without_charges,dpsgd,dpsgd,0.4926042171759174,1e-05,2,roc_auc,0.4832266325224072
smoker_without_charges,dpsgd,dpsgd,0.4926042171759174,1e-05,2,pr_auc,0.20456805256070712
smoker_without_charges,dpsgd,dpsgd,0.4926042171759174,1e-05,2,accuracy,0.22014925373134328
smoker_without_charges,dpsgd,dpsgd,0.4926042171759174,1e-05,2,precision,0.20833333333333334
smoker_without_charges,dpsgd,dpsgd,0.4926042171759174,1e-05,2,recall,1.0
smoker_without_charges,dpsgd,dpsgd,0.4926042171759174,1e-05,2,f1,0.3448275862068966
smoker_without_charges,dpsgd,dpsgd,0.4926042171759174,1e-05,2,macro_f1,0.1908469728269506
smoker_without_charges,dpsgd,dpsgd,0.4926042171759174,1e-05,2,brier,0.19463208317756653
smoker_without_charges,dpsgd,dpsgd,0.4926042171759174,1e-05,2,ece,0.17152786273159584
smoker_without_charges,dpsgd,dpsgd,0.4926042171759174,1e-05,2,threshold,0.0006637537679939189
smoker_without_charges,dpsgd,dpsgd,0.4926042171759174,1e-05,2,demographic_parity_difference,0.016767270288397085
smoker_without_charges,dpsgd,dpsgd,0.4926042171759174,1e-05,2,equalized_odds_difference,0.020774398868458333
smoker_without_charges,dpsgd,dpsgd,0.4926042171759174,1e-05,2,tpr_group_female,1.0
smoker_without_charges,dpsgd,dpsgd,0.4926042171759174,1e-05,2,tpr_group_male,1.0
smoker_without_charges,dpsgd,dpsgd,0.4926042171759174,1e-05,2,fpr_group_female,0.9702970297029703
smoker_without_charges,dpsgd,dpsgd,0.4926042171759174,1e-05,2,fpr_group_male,0.9910714285714286
smoker_without_charges,dpsgd,dpsgd,0.4926042171759174,1e-05,2,group_size_female,126.0
smoker_without_charges,dpsgd,dpsgd,0.4926042171759174,1e-05,2,group_size_male,142.0
smoker_without_charges,dpsgd,dpsgd,0.4926042171759174,1e-05,2,mia_loss_threshold_auc,0.485732842795369
smoker_without_charges,dpsgd,dpsgd,0.4926042171759174,1e-05,2,mia_tpr_at_fpr_0.01,0.0
smoker_without_charges,dpsgd,dpsgd,0.4926042171759174,1e-05,2,achieved_epsilon,0.4926042171759174
smoker_without_charges,dpsgd,dpsgd,0.4926042171759174,1e-05,2,noise_multiplier,11.5625
smoker_without_charges,dpsgd,dpsgd,1.9979365212033011,1e-05,2,roc_auc,0.49739650021340165
smoker_without_charges,dpsgd,dpsgd,1.9979365212033011,1e-05,2,pr_auc,0.20248643671407096
smoker_without_charges,dpsgd,dpsgd,1.9979365212033011,1e-05,2,accuracy,0.23507462686567165
smoker_without_charges,dpsgd,dpsgd,1.9979365212033011,1e-05,2,precision,0.2
smoker_without_charges,dpsgd,dpsgd,1.9979365212033011,1e-05,2,recall,0.9090909090909091
smoker_without_charges,dpsgd,dpsgd,1.9979365212033011,1e-05,2,f1,0.32786885245901637
smoker_without_charges,dpsgd,dpsgd,1.9979365212033011,1e-05,2,macro_f1,0.22021148250656447
smoker_without_charges,dpsgd,dpsgd,1.9979365212033011,1e-05,2,brier,0.1842096596956253
smoker_without_charges,dpsgd,dpsgd,1.9979365212033011,1e-05,2,ece,0.139812406944806
smoker_without_charges,dpsgd,dpsgd,1.9979365212033011,1e-05,2,threshold,0.026035411873055463
smoker_without_charges,dpsgd,dpsgd,1.9979365212033011,1e-05,2,demographic_parity_difference,0.12787838139950813
smoker_without_charges,dpsgd,dpsgd,1.9979365212033011,1e-05,2,equalized_odds_difference,0.19999999999999996
smoker_without_charges,dpsgd,dpsgd,1.9979365212033011,1e-05,2,tpr_group_female,0.8
smoker_without_charges,dpsgd,dpsgd,1.9979365212033011,1e-05,2,tpr_group_male,1.0
smoker_without_charges,dpsgd,dpsgd,1.9979365212033011,1e-05,2,fpr_group_female,0.8811881188118812
smoker_without_charges,dpsgd,dpsgd,1.9979365212033011,1e-05,2,fpr_group_male,0.9910714285714286
smoker_without_charges,dpsgd,dpsgd,1.9979365212033011,1e-05,2,group_size_female,126.0
smoker_without_charges,dpsgd,dpsgd,1.9979365212033011,1e-05,2,group_size_male,142.0
smoker_without_charges,dpsgd,dpsgd,1.9979365212033011,1e-05,2,mia_loss_threshold_auc,0.5019419549449017
smoker_without_charges,dpsgd,dpsgd,1.9979365212033011,1e-05,2,mia_tpr_at_fpr_0.01,0.002336448598130841
smoker_without_charges,dpsgd,dpsgd,1.9979365212033011,1e-05,2,achieved_epsilon,1.9979365212033011
smoker_without_charges,dpsgd,dpsgd,1.9979365212033011,1e-05,2,noise_multiplier,3.37890625
smoker_without_charges,dpsgd,dpsgd,5.996399562124039,1e-05,2,roc_auc,0.5068715322236449
smoker_without_charges,dpsgd,dpsgd,5.996399562124039,1e-05,2,pr_auc,0.20879640299150515
smoker_without_charges,dpsgd,dpsgd,5.996399562124039,1e-05,2,accuracy,0.30223880597014924
smoker_without_charges,dpsgd,dpsgd,5.996399562124039,1e-05,2,precision,0.2079646017699115
smoker_without_charges,dpsgd,dpsgd,5.996399562124039,1e-05,2,recall,0.8545454545454545
smoker_without_charges,dpsgd,dpsgd,5.996399562124039,1e-05,2,f1,0.33451957295373663
smoker_without_charges,dpsgd,dpsgd,5.996399562124039,1e-05,2,macro_f1,0.30059311981020165
smoker_without_charges,dpsgd,dpsgd,5.996399562124039,1e-05,2,brier,0.18153232336044312
smoker_without_charges,dpsgd,dpsgd,5.996399562124039,1e-05,2,ece,0.129236729968506
smoker_without_charges,dpsgd,dpsgd,5.996399562124039,1e-05,2,threshold,0.04446071818770476
smoker_without_charges,dpsgd,dpsgd,5.996399562124039,1e-05,2,demographic_parity_difference,0.33333333333333337
smoker_without_charges,dpsgd,dpsgd,5.996399562124039,1e-05,2,equalized_odds_difference,0.3366336633663366
smoker_without_charges,dpsgd,dpsgd,5.996399562124039,1e-05,2,tpr_group_female,0.68
smoker_without_charges,dpsgd,dpsgd,5.996399562124039,1e-05,2,tpr_group_male,1.0
smoker_without_charges,dpsgd,dpsgd,5.996399562124039,1e-05,2,fpr_group_female,0.6633663366336634
smoker_without_charges,dpsgd,dpsgd,5.996399562124039,1e-05,2,fpr_group_male,1.0
smoker_without_charges,dpsgd,dpsgd,5.996399562124039,1e-05,2,group_size_female,126.0
smoker_without_charges,dpsgd,dpsgd,5.996399562124039,1e-05,2,group_size_male,142.0
smoker_without_charges,dpsgd,dpsgd,5.996399562124039,1e-05,2,mia_loss_threshold_auc,0.5066366473706235
smoker_without_charges,dpsgd,dpsgd,5.996399562124039,1e-05,2,mia_tpr_at_fpr_0.01,0.004672897196261682
smoker_without_charges,dpsgd,dpsgd,5.996399562124039,1e-05,2,achieved_epsilon,5.996399562124039
smoker_without_charges,dpsgd,dpsgd,5.996399562124039,1e-05,2,noise_multiplier,1.483154296875
smoker_without_charges,dummy,none,inf,,3,roc_auc,0.5
smoker_without_charges,dummy,none,inf,,3,pr_auc,0.20522388059701493
smoker_without_charges,dummy,none,inf,,3,accuracy,0.20522388059701493
smoker_without_charges,dummy,none,inf,,3,precision,0.20522388059701493
smoker_without_charges,dummy,none,inf,,3,recall,1.0
smoker_without_charges,dummy,none,inf,,3,f1,0.34055727554179566
smoker_without_charges,dummy,none,inf,,3,macro_f1,0.17027863777089783
smoker_without_charges,dummy,none,inf,,3,brier,0.16310765507122435
smoker_without_charges,dummy,none,inf,,3,ece,0.000784628260566328
smoker_without_charges,dummy,none,inf,,3,threshold,0.204439
smoker_without_charges,dummy,none,inf,,3,demographic_parity_difference,0.0
smoker_without_charges,dummy,none,inf,,3,equalized_odds_difference,0.0
smoker_without_charges,dummy,none,inf,,3,tpr_group_female,1.0
smoker_without_charges,dummy,none,inf,,3,tpr_group_male,1.0
smoker_without_charges,dummy,none,inf,,3,fpr_group_female,1.0
smoker_without_charges,dummy,none,inf,,3,fpr_group_male,1.0
smoker_without_charges,dummy,none,inf,,3,group_size_female,138.0
smoker_without_charges,dummy,none,inf,,3,group_size_male,130.0
smoker_without_charges,logistic,none,inf,,3,roc_auc,0.5760563380281689
smoker_without_charges,logistic,none,inf,,3,pr_auc,0.2490202961272224
smoker_without_charges,logistic,none,inf,,3,accuracy,0.2537313432835821
smoker_without_charges,logistic,none,inf,,3,precision,0.20647773279352227
smoker_without_charges,logistic,none,inf,,3,recall,0.9272727272727272
smoker_without_charges,logistic,none,inf,,3,f1,0.33774834437086093
smoker_without_charges,logistic,none,inf,,3,macro_f1,0.2415237448350031
smoker_without_charges,logistic,none,inf,,3,brier,0.1617030679736039
smoker_without_charges,logistic,none,inf,,3,ece,0.013892831387662936
smoker_without_charges,logistic,none,inf,,3,threshold,0.1292085527638191
smoker_without_charges,logistic,none,inf,,3,demographic_parity_difference,0.15217391304347827
smoker_without_charges,logistic,none,inf,,3,equalized_odds_difference,0.16000000000000003
smoker_without_charges,logistic,none,inf,,3,tpr_group_female,0.84
smoker_without_charges,logistic,none,inf,,3,tpr_group_male,1.0
smoker_without_charges,logistic,none,inf,,3,fpr_group_female,0.8495575221238938
smoker_without_charges,logistic,none,inf,,3,fpr_group_male,1.0
smoker_without_charges,logistic,none,inf,,3,group_size_female,138.0
smoker_without_charges,logistic,none,inf,,3,group_size_male,130.0
smoker_without_charges,svm,none,inf,,3,roc_auc,0.5437900128040972
smoker_without_charges,svm,none,inf,,3,pr_auc,0.2444578590015526
smoker_without_charges,svm,none,inf,,3,accuracy,0.2126865671641791
smoker_without_charges,svm,none,inf,,3,precision,0.20454545454545456
smoker_without_charges,svm,none,inf,,3,recall,0.9818181818181818
smoker_without_charges,svm,none,inf,,3,f1,0.3385579937304075
smoker_without_charges,svm,none,inf,,3,macro_f1,0.18310388165783048
smoker_without_charges,svm,none,inf,,3,brier,0.1628040950911544
smoker_without_charges,svm,none,inf,,3,ece,0.0030944969793751356
smoker_without_charges,svm,none,inf,,3,threshold,0.181062
smoker_without_charges,svm,none,inf,,3,demographic_parity_difference,0.0008918617614269708
smoker_without_charges,svm,none,inf,,3,equalized_odds_difference,0.033333333333333326
smoker_without_charges,svm,none,inf,,3,tpr_group_female,1.0
smoker_without_charges,svm,none,inf,,3,tpr_group_male,0.9666666666666667
smoker_without_charges,svm,none,inf,,3,fpr_group_female,0.9823008849557522
smoker_without_charges,svm,none,inf,,3,fpr_group_male,0.99
smoker_without_charges,svm,none,inf,,3,group_size_female,138.0
smoker_without_charges,svm,none,inf,,3,group_size_male,130.0
smoker_without_charges,gradient_boosting,none,inf,,3,roc_auc,0.5358087921468203
smoker_without_charges,gradient_boosting,none,inf,,3,pr_auc,0.2596623857883432
smoker_without_charges,gradient_boosting,none,inf,,3,accuracy,0.417910447761194
smoker_without_charges,gradient_boosting,none,inf,,3,precision,0.22099447513812154
smoker_without_charges,gradient_boosting,none,inf,,3,recall,0.7272727272727273
smoker_without_charges,gradient_boosting,none,inf,,3,f1,0.3389830508474576
smoker_without_charges,gradient_boosting,none,inf,,3,macro_f1,0.4094915254237288
smoker_without_charges,gradient_boosting,none,inf,,3,brier,0.1816603648975679
smoker_without_charges,gradient_boosting,none,inf,,3,ece,0.1272106808453485
smoker_without_charges,gradient_boosting,none,inf,,3,threshold,0.05038074371859296
smoker_without_charges,gradient_boosting,none,inf,,3,demographic_parity_difference,0.19721293199554069
smoker_without_charges,gradient_boosting,none,inf,,3,equalized_odds_difference,0.20362831858407082
smoker_without_charges,gradient_boosting,none,inf,,3,tpr_group_female,0.64
smoker_without_charges,gradient_boosting,none,inf,,3,tpr_group_male,0.8
smoker_without_charges,gradient_boosting,none,inf,,3,fpr_group_female,0.5663716814159292
smoker_without_charges,gradient_boosting,none,inf,,3,fpr_group_male,0.77
smoker_without_charges,gradient_boosting,none,inf,,3,group_size_female,138.0
smoker_without_charges,gradient_boosting,none,inf,,3,group_size_male,130.0
smoker_without_charges,neural,none,inf,,3,roc_auc,0.6033717456252667
smoker_without_charges,neural,none,inf,,3,pr_auc,0.2893229922386714
smoker_without_charges,neural,none,inf,,3,accuracy,0.208955223880597
smoker_without_charges,neural,none,inf,,3,precision,0.20599250936329588
smoker_without_charges,neural,none,inf,,3,recall,1.0
smoker_without_charges,neural,none,inf,,3,f1,0.3416149068322981
smoker_without_charges,neural,none,inf,,3,macro_f1,0.17548035061241074
smoker_without_charges,neural,none,inf,,3,brier,0.15984413027763367
smoker_without_charges,neural,none,inf,,3,ece,0.04312779612616816
smoker_without_charges,neural,none,inf,,3,threshold,0.11739300191402435
smoker_without_charges,neural,none,inf,,3,demographic_parity_difference,0.007246376811594235
smoker_without_charges,neural,none,inf,,3,equalized_odds_difference,0.008849557522123908
smoker_without_charges,neural,none,inf,,3,tpr_group_female,1.0
smoker_without_charges,neural,none,inf,,3,tpr_group_male,1.0
smoker_without_charges,neural,none,inf,,3,fpr_group_female,0.9911504424778761
smoker_without_charges,neural,none,inf,,3,fpr_group_male,1.0
smoker_without_charges,neural,none,inf,,3,group_size_female,138.0
smoker_without_charges,neural,none,inf,,3,group_size_male,130.0
smoker_without_charges,neural,none,inf,,3,mia_loss_threshold_auc,0.4892832856744316
smoker_without_charges,neural,none,inf,,3,mia_tpr_at_fpr_0.01,0.005841121495327103
smoker_without_charges,dpsgd,dpsgd,0.4926042171759174,1e-05,3,roc_auc,0.5274007682458387
smoker_without_charges,dpsgd,dpsgd,0.4926042171759174,1e-05,3,pr_auc,0.25149401760594936
smoker_without_charges,dpsgd,dpsgd,0.4926042171759174,1e-05,3,accuracy,0.22014925373134328
smoker_without_charges,dpsgd,dpsgd,0.4926042171759174,1e-05,3,precision,0.20384615384615384
smoker_without_charges,dpsgd,dpsgd,0.4926042171759174,1e-05,3,recall,0.9636363636363636
smoker_without_charges,dpsgd,dpsgd,0.4926042171759174,1e-05,3,f1,0.33650793650793653
smoker_without_charges,dpsgd,dpsgd,0.4926042171759174,1e-05,3,macro_f1,0.1954032895209366
smoker_without_charges,dpsgd,dpsgd,0.4926042171759174,1e-05,3,brier,0.1895204782485962
smoker_without_charges,dpsgd,dpsgd,0.4926042171759174,1e-05,3,ece,0.16468513331010262
smoker_without_charges,dpsgd,dpsgd,0.4926042171759174,1e-05,3,threshold,0.0001220954750648737
smoker_without_charges,dpsgd,dpsgd,0.4926042171759174,1e-05,3,demographic_parity_difference,0.013154960981047958
smoker_without_charges,dpsgd,dpsgd,0.4926042171759174,1e-05,3,equalized_odds_difference,0.07999999999999996
smoker_without_charges,dpsgd,dpsgd,0.4926042171759174,1e-05,3,tpr_group_female,0.92
smoker_without_charges,dpsgd,dpsgd,0.4926042171759174,1e-05,3,tpr_group_male,1.0
smoker_without_charges,dpsgd,dpsgd,0.4926042171759174,1e-05,3,fpr_group_female,0.9734513274336283
smoker_without_charges,dpsgd,dpsgd,0.4926042171759174,1e-05,3,fpr_group_male,0.97
smoker_without_charges,dpsgd,dpsgd,0.4926042171759174,1e-05,3,group_size_female,138.0
smoker_without_charges,dpsgd,dpsgd,0.4926042171759174,1e-05,3,group_size_male,130.0
smoker_without_charges,dpsgd,dpsgd,0.4926042171759174,1e-05,3,mia_loss_threshold_auc,0.4865981134049379
smoker_without_charges,dpsgd,dpsgd,0.4926042171759174,1e-05,3,mia_tpr_at_fpr_0.01,0.005841121495327103
smoker_without_charges,dpsgd,dpsgd,0.4926042171759174,1e-05,3,achieved_epsilon,0.4926042171759174
smoker_without_charges,dpsgd,dpsgd,0.4926042171759174,1e-05,3,noise_multiplier,11.5625
smoker_without_charges,dpsgd,dpsgd,1.9979365212033011,1e-05,3,roc_auc,0.5781049935979513
smoker_without_charges,dpsgd,dpsgd,1.9979365212033011,1e-05,3,pr_auc,0.2772363029729722
smoker_without_charges,dpsgd,dpsgd,1.9979365212033011,1e-05,3,accuracy,0.23880597014925373
smoker_without_charges,dpsgd,dpsgd,1.9979365212033011,1e-05,3,precision,0.20553359683794467
smoker_without_charges,dpsgd,dpsgd,1.9979365212033011,1e-05,3,recall,0.9454545454545454
smoker_without_charges,dpsgd,dpsgd,1.9979365212033011,1e-05,3,f1,0.33766233766233766
smoker_without_charges,dpsgd,dpsgd,1.9979365212033011,1e-05,3,macro_f1,0.22146274777853725
smoker_without_charges,dpsgd,dpsgd,1.9979365212033011,1e-05,3,brier,0.17893747985363007
smoker_without_charges,dpsgd,dpsgd,1.9979365212033011,1e-05,3,ece,0.1338929325453381
smoker_without_charges,dpsgd,dpsgd,1.9979365212033011,1e-05,3,threshold,0.025924130600301465
smoker_without_charges,dpsgd,dpsgd,1.9979365212033011,1e-05,3,demographic_parity_difference,0.06387959866220738
smoker_without_charges,dpsgd,dpsgd,1.9979365212033011,1e-05,3,equalized_odds_difference,0.12
smoker_without_charges,dpsgd,dpsgd,1.9979365212033011,1e-05,3,tpr_group_female,0.88
smoker_without_charges,dpsgd,dpsgd,1.9979365212033011,1e-05,3,tpr_group_male,1.0
smoker_without_charges,dpsgd,dpsgd,1.9979365212033011,1e-05,3,fpr_group_female,0.9203539823008849
smoker_without_charges,dpsgd,dpsgd,1.9979365212033011,1e-05,3,fpr_group_male,0.97
smoker_without_charges,dpsgd,dpsgd,1.9979365212033011,1e-05,3,group_size_female,138.0
smoker_without_charges,dpsgd,dpsgd,1.9979365212033011,1e-05,3,group_size_male,130.0
smoker_without_charges,dpsgd,dpsgd,1.9979365212033011,1e-05,3,mia_loss_threshold_auc,0.48937482563816437
smoker_without_charges,dpsgd,dpsgd,1.9979365212033011,1e-05,3,mia_tpr_at_fpr_0.01,0.004672897196261682
smoker_without_charges,dpsgd,dpsgd,1.9979365212033011,1e-05,3,achieved_epsilon,1.9979365212033011
smoker_without_charges,dpsgd,dpsgd,1.9979365212033011,1e-05,3,noise_multiplier,3.37890625
smoker_without_charges,dpsgd,dpsgd,5.996399562124039,1e-05,3,roc_auc,0.5878361075544174
smoker_without_charges,dpsgd,dpsgd,5.996399562124039,1e-05,3,pr_auc,0.2770897424229155
smoker_without_charges,dpsgd,dpsgd,5.996399562124039,1e-05,3,accuracy,0.26865671641791045
smoker_without_charges,dpsgd,dpsgd,5.996399562124039,1e-05,3,precision,0.20253164556962025
smoker_without_charges,dpsgd,dpsgd,5.996399562124039,1e-05,3,recall,0.8727272727272727
smoker_without_charges,dpsgd,dpsgd,5.996399562124039,1e-05,3,f1,0.3287671232876712
smoker_without_charges,dpsgd,dpsgd,5.996399562124039,1e-05,3,macro_f1,0.2627442173815405
smoker_without_charges,dpsgd,dpsgd,5.996399562124039,1e-05,3,brier,0.17635215818881989
smoker_without_charges,dpsgd,dpsgd,5.996399562124039,1e-05,3,ece,0.12543132290966919
smoker_without_charges,dpsgd,dpsgd,5.996399562124039,1e-05,3,threshold,0.04409465193748474
smoker_without_charges,dpsgd,dpsgd,5.996399562124039,1e-05,3,demographic_parity_difference,0.2096989966555184
smoker_without_charges,dpsgd,dpsgd,5.996399562124039,1e-05,3,equalized_odds_difference,0.28
smoker_without_charges,dpsgd,dpsgd,5.996399562124039,1e-05,3,tpr_group_female,0.72
smoker_without_charges,dpsgd,dpsgd,5.996399562124039,1e-05,3,tpr_group_male,1.0
smoker_without_charges,dpsgd,dpsgd,5.996399562124039,1e-05,3,fpr_group_female,0.7964601769911505
smoker_without_charges,dpsgd,dpsgd,5.996399562124039,1e-05,3,fpr_group_male,0.99
smoker_without_charges,dpsgd,dpsgd,5.996399562124039,1e-05,3,group_size_female,138.0
smoker_without_charges,dpsgd,dpsgd,5.996399562124039,1e-05,3,group_size_male,130.0
smoker_without_charges,dpsgd,dpsgd,5.996399562124039,1e-05,3,mia_loss_threshold_auc,0.4908786964709164
smoker_without_charges,dpsgd,dpsgd,5.996399562124039,1e-05,3,mia_tpr_at_fpr_0.01,0.005841121495327103
smoker_without_charges,dpsgd,dpsgd,5.996399562124039,1e-05,3,achieved_epsilon,5.996399562124039
smoker_without_charges,dpsgd,dpsgd,5.996399562124039,1e-05,3,noise_multiplier,1.483154296875
smoker_without_charges,dummy,none,inf,,4,roc_auc,0.5
smoker_without_charges,dummy,none,inf,,4,pr_auc,0.20522388059701493
smoker_without_charges,dummy,none,inf,,4,accuracy,0.20522388059701493
smoker_without_charges,dummy,none,inf,,4,precision,0.20522388059701493
smoker_without_charges,dummy,none,inf,,4,recall,1.0
smoker_without_charges,dummy,none,inf,,4,f1,0.34055727554179566
smoker_without_charges,dummy,none,inf,,4,macro_f1,0.17027863777089783
smoker_without_charges,dummy,none,inf,,4,brier,0.16310765507122435
smoker_without_charges,dummy,none,inf,,4,ece,0.000784628260566328
smoker_without_charges,dummy,none,inf,,4,threshold,0.204439
smoker_without_charges,dummy,none,inf,,4,demographic_parity_difference,0.0
smoker_without_charges,dummy,none,inf,,4,equalized_odds_difference,0.0
smoker_without_charges,dummy,none,inf,,4,tpr_group_female,1.0
smoker_without_charges,dummy,none,inf,,4,tpr_group_male,1.0
smoker_without_charges,dummy,none,inf,,4,fpr_group_female,1.0
smoker_without_charges,dummy,none,inf,,4,fpr_group_male,1.0
smoker_without_charges,dummy,none,inf,,4,group_size_female,132.0
smoker_without_charges,dummy,none,inf,,4,group_size_male,136.0
smoker_without_charges,logistic,none,inf,,4,roc_auc,0.5443448570209133
smoker_without_charges,logistic,none,inf,,4,pr_auc,0.23049189163686257
smoker_without_charges,logistic,none,inf,,4,accuracy,0.40671641791044777
smoker_without_charges,logistic,none,inf,,4,precision,0.22631578947368422
smoker_without_charges,logistic,none,inf,,4,recall,0.7818181818181819
smoker_without_charges,logistic,none,inf,,4,f1,0.3510204081632653
smoker_without_charges,logistic,none,inf,,4,macro_f1,0.4023143277929728
smoker_without_charges,logistic,none,inf,,4,brier,0.163059446577206
smoker_without_charges,logistic,none,inf,,4,ece,0.012841150741580926
smoker_without_charges,logistic,none,inf,,4,threshold,0.16322692462311558
smoker_without_charges,logistic,none,inf,,4,demographic_parity_difference,0.5909090909090908
smoker_without_charges,logistic,none,inf,,4,equalized_odds_difference,0.6111111111111112
smoker_without_charges,logistic,none,inf,,4,tpr_group_female,0.5
smoker_without_charges,logistic,none,inf,,4,tpr_group_male,1.0
smoker_without_charges,logistic,none,inf,,4,fpr_group_female,0.3888888888888889
smoker_without_charges,logistic,none,inf,,4,fpr_group_male,1.0
smoker_without_charges,logistic,none,inf,,4,group_size_female,132.0
smoker_without_charges,logistic,none,inf,,4,group_size_male,136.0
smoker_without_charges,svm,none,inf,,4,roc_auc,0.5068715322236449
smoker_without_charges,svm,none,inf,,4,pr_auc,0.22098033716884669
smoker_without_charges,svm,none,inf,,4,accuracy,0.24253731343283583
smoker_without_charges,svm,none,inf,,4,precision,0.20866141732283464
smoker_without_charges,svm,none,inf,,4,recall,0.9636363636363636
smoker_without_charges,svm,none,inf,,4,f1,0.343042071197411
smoker_without_charges,svm,none,inf,,4,macro_f1,0.2243844717220535
smoker_without_charges,svm,none,inf,,4,brier,0.16310294101164835
smoker_without_charges,svm,none,inf,,4,ece,0.0022853188005555825
smoker_without_charges,svm,none,inf,,4,threshold,0.20340026633165828
smoker_without_charges,svm,none,inf,,4,demographic_parity_difference,0.04634581105169344
smoker_without_charges,svm,none,inf,,4,equalized_odds_difference,0.05476190476190479
smoker_without_charges,svm,none,inf,,4,tpr_group_female,0.9583333333333334
smoker_without_charges,svm,none,inf,,4,tpr_group_male,0.967741935483871
smoker_without_charges,svm,none,inf,,4,fpr_group_female,0.9166666666666666
smoker_without_charges,svm,none,inf,,4,fpr_group_male,0.9714285714285714
smoker_without_charges,svm,none,inf,,4,group_size_female,132.0
smoker_without_charges,svm,none,inf,,4,group_size_male,136.0
smoker_without_charges,gradient_boosting,none,inf,,4,roc_auc,0.5172001707212975
smoker_without_charges,gradient_boosting,none,inf,,4,pr_auc,0.20918845858672291
smoker_without_charges,gradient_boosting,none,inf,,4,accuracy,0.332089552238806
smoker_without_charges,gradient_boosting,none,inf,,4,precision,0.20476190476190476
smoker_without_charges,gradient_boosting,none,inf,,4,recall,0.7818181818181819
smoker_without_charges,gradient_boosting,none,inf,,4,f1,0.32452830188679244
smoker_without_charges,gradient_boosting,none,inf,,4,macro_f1,0.3320058483603704
smoker_without_charges,gradient_boosting,none,inf,,4,brier,0.20552023643614342
smoker_without_charges,gradient_boosting,none,inf,,4,ece,0.1377686774267257
smoker_without_charges,gradient_boosting,none,inf,,4,threshold,0.035716301507537684
smoker_without_charges,gradient_boosting,none,inf,,4,demographic_parity_difference,0.21546345811051693
smoker_without_charges,gradient_boosting,none,inf,,4,equalized_odds_difference,0.21931216931216935
smoker_without_charges,gradient_boosting,none,inf,,4,tpr_group_female,0.6666666666666666
smoker_without_charges,gradient_boosting,none,inf,,4,tpr_group_male,0.8709677419354839
smoker_without_charges,gradient_boosting,none,inf,,4,fpr_group_female,0.6759259259259259
smoker_without_charges,gradient_boosting,none,inf,,4,fpr_group_male,0.8952380952380953
smoker_without_charges,gradient_boosting,none,inf,,4,group_size_female,132.0
smoker_without_charges,gradient_boosting,none,inf,,4,group_size_male,136.0
smoker_without_charges,neural,none,inf,,4,roc_auc,0.5208706786171574
smoker_without_charges,neural,none,inf,,4,pr_auc,0.22938746396229764
smoker_without_charges,neural,none,inf,,4,accuracy,0.48507462686567165
smoker_without_charges,neural,none,inf,,4,precision,0.23225806451612904
smoker_without_charges,neural,none,inf,,4,recall,0.6545454545454545
smoker_without_charges,neural,none,inf,,4,f1,0.34285714285714286
smoker_without_charges,neural,none,inf,,4,macro_f1,0.45977212971078
smoker_without_charges,neural,none,inf,,4,brier,0.16408558189868927
smoker_without_charges,neural,none,inf,,4,ece,0.02093322555631843
smoker_without_charges,neural,none,inf,,4,threshold,0.19370534716539048
smoker_without_charges,neural,none,inf,,4,demographic_parity_difference,0.6321301247771836
smoker_without_charges,neural,none,inf,,4,equalized_odds_difference,0.6438172043010753
smoker_without_charges,neural,none,inf,,4,tpr_group_female,0.2916666666666667
smoker_without_charges,neural,none,inf,,4,tpr_group_male,0.9354838709677419
smoker_without_charges,neural,none,inf,,4,fpr_group_female,0.25
smoker_without_charges,neural,none,inf,,4,fpr_group_male,0.8761904761904762
smoker_without_charges,neural,none,inf,,4,group_size_female,132.0
smoker_without_charges,neural,none,inf,,4,group_size_male,136.0
smoker_without_charges,neural,none,inf,,4,mia_loss_threshold_auc,0.5094634886316084
smoker_without_charges,neural,none,inf,,4,mia_tpr_at_fpr_0.01,0.007009345794392523
smoker_without_charges,dpsgd,dpsgd,0.4926042171759174,1e-05,4,roc_auc,0.45676483141271873
smoker_without_charges,dpsgd,dpsgd,0.4926042171759174,1e-05,4,pr_auc,0.19542119410040137
smoker_without_charges,dpsgd,dpsgd,0.4926042171759174,1e-05,4,accuracy,0.208955223880597
smoker_without_charges,dpsgd,dpsgd,0.4926042171759174,1e-05,4,precision,0.20152091254752852
smoker_without_charges,dpsgd,dpsgd,0.4926042171759174,1e-05,4,recall,0.9636363636363636
smoker_without_charges,dpsgd,dpsgd,0.4926042171759174,1e-05,4,f1,0.3333333333333333
smoker_without_charges,dpsgd,dpsgd,0.4926042171759174,1e-05,4,macro_f1,0.18042813455657492
smoker_without_charges,dpsgd,dpsgd,0.4926042171759174,1e-05,4,brier,0.19548729062080383
smoker_without_charges,dpsgd,dpsgd,0.4926042171759174,1e-05,4,ece,0.17471182543815655
smoker_without_charges,dpsgd,dpsgd,0.4926042171759174,1e-05,4,threshold,0.002195502597436159
smoker_without_charges,dpsgd,dpsgd,0.4926042171759174,1e-05,4,demographic_parity_difference,0.006907308377896659
smoker_without_charges,dpsgd,dpsgd,0.4926042171759174,1e-05,4,equalized_odds_difference,0.06451612903225812
smoker_without_charges,dpsgd,dpsgd,0.4926042171759174,1e-05,4,tpr_group_female,1.0
smoker_without_charges,dpsgd,dpsgd,0.4926042171759174,1e-05,4,tpr_group_male,0.9354838709677419
smoker_without_charges,dpsgd,dpsgd,0.4926042171759174,1e-05,4,fpr_group_female,0.9814814814814815
smoker_without_charges,dpsgd,dpsgd,0.4926042171759174,1e-05,4,fpr_group_male,0.9904761904761905
smoker_without_charges,dpsgd,dpsgd,0.4926042171759174,1e-05,4,group_size_female,132.0
smoker_without_charges,dpsgd,dpsgd,0.4926042171759174,1e-05,4,group_size_male,136.0
smoker_without_charges,dpsgd,dpsgd,0.4926042171759174,1e-05,4,mia_loss_threshold_auc,0.5289658599525736
smoker_without_charges,dpsgd,dpsgd,0.4926042171759174,1e-05,4,mia_tpr_at_fpr_0.01,0.015186915887850467
smoker_without_charges,dpsgd,dpsgd,0.4926042171759174,1e-05,4,achieved_epsilon,0.4926042171759174
smoker_without_charges,dpsgd,dpsgd,0.4926042171759174,1e-05,4,noise_multiplier,11.5625
smoker_without_charges,dpsgd,dpsgd,1.9979365212033011,1e-05,4,roc_auc,0.48826291079812206
smoker_without_charges,dpsgd,dpsgd,1.9979365212033011,1e-05,4,pr_auc,0.20323245505400223
smoker_without_charges,dpsgd,dpsgd,1.9979365212033011,1e-05,4,accuracy,0.21641791044776118
smoker_without_charges,dpsgd,dpsgd,1.9979365212033011,1e-05,4,precision,0.20754716981132076
smoker_without_charges,dpsgd,dpsgd,1.9979365212033011,1e-05,4,recall,1.0
smoker_without_charges,dpsgd,dpsgd,1.9979365212033011,1e-05,4,f1,0.34375
smoker_without_charges,dpsgd,dpsgd,1.9979365212033011,1e-05,4,macro_f1,0.1857638888888889
smoker_without_charges,dpsgd,dpsgd,1.9979365212033011,1e-05,4,brier,0.18370673060417175
smoker_without_charges,dpsgd,dpsgd,1.9979365212033011,1e-05,4,ece,0.14326513311200179
smoker_without_charges,dpsgd,dpsgd,1.9979365212033011,1e-05,4,threshold,0.02363306082710249
smoker_without_charges,dpsgd,dpsgd,1.9979365212033011,1e-05,4,demographic_parity_difference,0.022727272727272707
smoker_without_charges,dpsgd,dpsgd,1.9979365212033011,1e-05,4,equalized_odds_difference,0.02777777777777779
smoker_without_charges,dpsgd,dpsgd,1.9979365212033011,1e-05,4,tpr_group_female,1.0
smoker_without_charges,dpsgd,dpsgd,1.9979365212033011,1e-05,4,tpr_group_male,1.0
smoker_without_charges,dpsgd,dpsgd,1.9979365212033011,1e-05,4,fpr_group_female,0.9722222222222222
smoker_without_charges,dpsgd,dpsgd,1.9979365212033011,1e-05,4,fpr_group_male,1.0
smoker_without_charges,dpsgd,dpsgd,1.9979365212033011,1e-05,4,group_size_female,132.0
smoker_without_charges,dpsgd,dpsgd,1.9979365212033011,1e-05,4,group_size_male,136.0
smoker_without_charges,dpsgd,dpsgd,1.9979365212033011,1e-05,4,mia_loss_threshold_auc,0.5199949435067652
smoker_without_charges,dpsgd,dpsgd,1.9979365212033011,1e-05,4,mia_tpr_at_fpr_0.01,0.008177570093457943
smoker_without_charges,dpsgd,dpsgd,1.9979365212033011,1e-05,4,achieved_epsilon,1.9979365212033011
smoker_without_charges,dpsgd,dpsgd,1.9979365212033011,1e-05,4,noise_multiplier,3.37890625
smoker_without_charges,dpsgd,dpsgd,5.996399562124039,1e-05,4,roc_auc,0.5078104993597952
smoker_without_charges,dpsgd,dpsgd,5.996399562124039,1e-05,4,pr_auc,0.21200858736490852
smoker_without_charges,dpsgd,dpsgd,5.996399562124039,1e-05,4,accuracy,0.21641791044776118
smoker_without_charges,dpsgd,dpsgd,5.996399562124039,1e-05,4,precision,0.20754716981132076
smoker_without_charges,dpsgd,dpsgd,5.996399562124039,1e-05,4,recall,1.0
smoker_without_charges,dpsgd,dpsgd,5.996399562124039,1e-05,4,f1,0.34375
smoker_without_charges,dpsgd,dpsgd,5.996399562124039,1e-05,4,macro_f1,0.1857638888888889
smoker_without_charges,dpsgd,dpsgd,5.996399562124039,1e-05,4,brier,0.18062928318977356
smoker_without_charges,dpsgd,dpsgd,5.996399562124039,1e-05,4,ece,0.13139865426485664
smoker_without_charges,dpsgd,dpsgd,5.996399562124039,1e-05,4,threshold,0.03221987034357972
smoker_without_charges,dpsgd,dpsgd,5.996399562124039,1e-05,4,demographic_parity_difference,0.022727272727272707
smoker_without_charges,dpsgd,dpsgd,5.996399562124039,1e-05,4,equalized_odds_difference,0.02777777777777779
smoker_without_charges,dpsgd,dpsgd,5.996399562124039,1e-05,4,tpr_group_female,1.0
smoker_without_charges,dpsgd,dpsgd,5.996399562124039,1e-05,4,tpr_group_male,1.0
smoker_without_charges,dpsgd,dpsgd,5.996399562124039,1e-05,4,fpr_group_female,0.9722222222222222
smoker_without_charges,dpsgd,dpsgd,5.996399562124039,1e-05,4,fpr_group_male,1.0
smoker_without_charges,dpsgd,dpsgd,5.996399562124039,1e-05,4,group_size_female,132.0
smoker_without_charges,dpsgd,dpsgd,5.996399562124039,1e-05,4,group_size_male,136.0
smoker_without_charges,dpsgd,dpsgd,5.996399562124039,1e-05,4,mia_loss_threshold_auc,0.5153787139071
smoker_without_charges,dpsgd,dpsgd,5.996399562124039,1e-05,4,mia_tpr_at_fpr_0.01,0.005841121495327103
smoker_without_charges,dpsgd,dpsgd,5.996399562124039,1e-05,4,achieved_epsilon,5.996399562124039
smoker_without_charges,dpsgd,dpsgd,5.996399562124039,1e-05,4,noise_multiplier,1.483154296875
